Label,Left_Hip_q,Right_Hip_q,Left_Hip_qd,Right_Hip_qd,SampleTimeFine
fw,-66.9454956054687,-83.9437255859375,28.7717666625976,72.823486328125,1612208441
fw,-67.6289443969726,-82.6586456298828,38.44752161541909,76.00747694690416,1612225108
fw,-68.1392059326171,-81.4203643798828,31.96791809038123,74.52855485690013,1612241775
fw,-68.6697769165039,-80.2971267700195,26.548400499969663,72.50063633326805,1612258442
fw,-69.3144760131836,-79.2845458984375,23.012497096130243,69.29258943760092,1612275109
fw,-69.8169708251953,-78.3707504272461,21.905864417754323,64.07267774505169,1612291776
fw,-70.153450012207,-77.5868072509765,23.39231409103668,55.85157004047215,1612308443
fw,-70.422607421875,-76.8976364135742,27.18743037956474,43.65515028809501,1612325110
fw,-70.8333892822265,-76.2635040283203,32.566478530414024,26.79585390386992,1612341777
fw,-71.3972015380859,-75.7881927490234,38.48222965750045,5.16316736588479,1612358444
fw,-72.3760681152343,-75.7617950439453,43.79655874989093,-20.575798272322952,1612375111
fw,-73.6308364868164,-76.4746170043945,47.57578099306645,-48.964676116889365,1612391778
fw,-74.7269134521484,-77.9269714355468,49.35297621444507,-77.9759584880204,1612408445
fw,-75.6875762939453,-79.7997817993164,49.25311053713584,-105.41171178539689,1612425112
fw,-76.538589477539,-81.5710525512695,47.92125569410458,-129.36333312877366,1612441779
fw,-77.0158004760742,-82.5015792846679,46.27265101253211,-148.5814389729838,1612458446
fw,-77.4740295410156,-82.2891693115234,45.15807906166341,-162.64476778397173,1612475113
fw,-77.8935623168945,-81.573989868164,45.074179108878184,-171.8971854918092,1612491780
fw,-78.3090896606445,-80.7281188964843,46.02926970147388,-177.20550871670213,1612508447
fw,-78.9548263549804,-79.3729171752929,47.60827724853796,-179.64106432640827,1612525114
fw,-79.7423248291015,-77.4126510620117,49.19496012324596,-180.18769761630128,1612541781
fw,-80.3426818847656,-75.0117721557617,50.24539449795101,-179.5398385151013,1612558448
fw,-80.5234832763671,-72.3739547729492,50.49404364400527,-178.00645575821594,1612575115
fw,-80.3419342041015,-69.6831436157226,50.0167379174904,-175.50578027059862,1612591782
fw,-79.8875961303711,-67.0663375854492,49.14738676144714,-171.62762616673817,1612608449
fw,-79.2658386230468,-64.6604080200195,48.30732393445249,-165.74580511539338,1612625116
fw,-78.5543212890625,-62.379150390625,47.83036800285208,-157.16921907725555,1612641783
fw,-77.8355941772461,-60.1840209960937,47.851008359616344,-145.31742269861826,1612658450
fw,-77.149658203125,-58.1856117248535,48.284299203658776,-129.89507592656162,1612675117
fw,-76.4715042114257,-56.509220123291,48.88522804106162,-111.02994748419434,1612691784
fw,-75.8164978027343,-55.188060760498,49.34840680584069,-89.34158605303276,1612708451
fw,-75.1983642578125,-54.1754302978515,49.40291194106086,-65.9220693531468,1612725118
fw,-74.5685653686523,-53.4846572875976,48.870231205998394,-42.226149991133475,1612741785
fw,-73.8619689941406,-53.2596778869628,47.676969981015425,-19.87919834910998,1612758452
fw,-73.0729598999023,-53.4938583374023,45.83593475268408,-0.4230335152237018,1612775119
fw,-72.2295761108398,-54.0894775390625,43.41874889221567,14.960213169984993,1612791786
fw,-71.4054412841796,-54.715518951416,40.53745970052359,25.682826458401692,1612808453
fw,-70.6692504882812,-55.3360366821289,37.33844678724242,31.87321175779029,1612825120
fw,-70.0164947509765,-55.9280548095703,33.99949285613414,34.33427674308108,1612841787
fw,-69.3855743408203,-56.4513969421386,30.715592175265783,34.3358213381974,1612858454
fw,-68.8201446533203,-57.1042175292968,27.6605627768958,33.292851702213895,1612875121
fw,-68.367561340332,-57.745506286621,24.91875824814213,32.42064816161422,1612891788
fw,-68.0396118164062,-58.2738075256347,22.395284120019497,32.46743042269951,1612908455
fw,-67.8465805053711,-58.7777404785156,19.733138926238855,33.60638844058991,1612925122
fw,-67.7503280639648,-59.4810638427734,16.28266807457916,35.52591380000108,1612941789
fw,-67.6384582519531,-60.6391906738281,11.167481308366098,37.69388295705988,1612958456
fw,-67.4702835083007,-62.2977600097656,3.4615887197433763,39.699372846713125,1612975123
fw,-67.4165115356445,-63.823673248291,-7.557601793481312,41.52350300640545,1612991790
fw,-67.6098251342773,-64.7243118286132,-22.161182449639757,43.601497384895865,1613008457
fw,-68.3281326293945,-65.224853515625,-40.01812241033305,46.62783300624594,1613025124
fw,-69.7760696411132,-65.6560440063476,-60.20046620746619,51.188802174260175,1613041791
fw,-71.8789138793945,-66.4181747436523,-81.33721092123974,57.40466411495198,1613058458
fw,-74.2894439697265,-67.7965240478515,-101.84973744896466,64.76379059773288,1613075125
fw,-76.8091964721679,-69.5052719116211,-120.184205492086,72.23313129600493,1613091792
fw,-79.2935485839843,-71.3510208129882,-134.9902557760898,78.59297934409253,1613108459
fw,-81.637710571289,-73.208869934082,-145.2497880998545,82.84503001291266,1613125126
fw,-83.5252838134765,-74.8081817626953,-150.38779838175955,84.52473712281957,1613141793
fw,-84.4923477172851,-76.1623458862304,-150.37854735101848,83.8073757201328,1613158460
fw,-84.1422119140625,-77.439826965332,-145.8162216655125,81.39359281204744,1613175127
fw,-82.843879699707,-78.6853408813476,-137.88993276808108,78.24647362238254,1613191794
fw,-81.2654495239257,-79.9572525024414,-128.21409456454103,75.29262060489233,1613208461
fw,-79.6796112060546,-81.2207870483398,-118.51487207205297,73.18680792487424,1613225128
fw,-78.2722778320312,-82.4433212280273,-110.2379069179138,72.19344505565317,1613241795
fw,-76.9090576171875,-83.7037506103515,-104.19048533614676,72.18856602291817,1613258462
fw,-75.3620376586914,-85.0697784423828,-100.33755934970193,72.75401151885478,1613275129
fw,-73.5733566284179,-86.4643783569336,-97.82757749324493,73.32426582837877,1613291796
fw,-71.7131881713867,-87.8069763183593,-95.2460807179171,73.34792924521913,1613308463
fw,-69.9991226196289,-89.0639343261718,-91.01722537982991,72.43111138151637,1613325130
fw,-68.5269622802734,-89.3350067138671,-83.83171279256884,70.43552230289247,1613341797
fw,-67.3303833007812,-88.237190246582,-72.98733214992941,67.5110013029644,1613358464
fw,-66.3761444091796,-87.1670379638671,-58.56950667433892,64.05357708152306,1613375131
fw,-65.6307601928711,-86.2275772094726,-41.446068603256876,60.59702307665514,1613391798
fw,-65.1884689331054,-85.3470993041992,-23.086415492200956,57.66470801656945,1613408465
fw,-65.2416229248046,-84.4589309692382,-5.2427224193091275,55.62117401757069,1613425132
fw,-65.8739318847656,-83.539321899414,10.44006487226405,54.56158730370927,1613441799
fw,-66.6640167236328,-82.5770950317382,22.79008808344085,54.26148723206709,1613458466
fw,-67.1160812377929,-81.5614852905273,31.347248423340286,54.1873555087759,1613475133
fw,-67.6888351440429,-80.5709762573242,36.40492963852681,53.55215300356703,1613491800
fw,-68.5101165771484,-79.7698822021484,38.85046969792991,51.397413838270104,1613508467
fw,-69.2564010620117,-79.2110824584961,39.86251147038931,46.69498774953285,1613525134
fw,-69.7175979614257,-78.7375030517578,40.55712193825707,38.47705535479354,1613541801
fw,-70.0996704101562,-78.3039855957031,41.68272140020786,26.005603893142066,1613558468
fw,-70.7422332763671,-77.9702682495117,43.454607061155244,8.970628115101709,1613575135
fw,-71.6071472167968,-77.8318252563476,45.58518590377366,-12.332396947838047,1613591802
fw,-72.8497085571289,-78.0652618408203,47.49995261352978,-36.924300050866144,1613608469
fw,-74.0236358642578,-79.0204010009765,48.65352429470498,-63.23314599177707,1613625136
fw,-75.059814453125,-80.8135528564453,48.81531193588766,-89.36850578008388,1613641803
fw,-76.0461654663086,-82.9330902099609,48.207065283085704,-113.51103314617383,1613658470
fw,-76.9334487915039,-84.1384963989257,47.43739344342876,-134.28578020916004,1613675137
fw,-77.4742965698242,-83.6215744018554,47.260990306787946,-150.98602453263103,1613691804
fw,-77.8806228637695,-81.9812927246093,48.2609346700961,-163.58068911589817,1613708471
fw,-78.3155288696289,-80.3683471679687,50.58715195963155,-172.53264912129427,1613725138
fw,-78.8488693237304,-78.8535003662109,53.86617383511436,-178.52254542049798,1613741805
fw,-79.643928527832,-77.0293350219726,57.326018088934816,-182.18428060938027,1613758472
fw,-80.6911163330078,-74.8169021606445,60.08310490176625,-183.9239586226565,1613775139
fw,-81.5440902709961,-72.3337631225586,61.46404635061059,-183.84507177774054,1613791806
fw,-81.7996520996093,-69.6141281127929,61.22404451897588,-181.7662960456814,1613808473
fw,-81.5235137939453,-66.9196319580078,59.58057793601111,-177.30246373563992,1613825140
fw,-80.8936004638671,-64.3605422973632,57.07183699639026,-169.97845546522794,1613841807
fw,-80.0641174316406,-62.0632095336914,54.32315945130829,-159.35299819498422,1613858474
fw,-79.2419738769531,-60.0969772338867,51.82741979384484,-145.13974485686487,1613875141
fw,-78.5399093627929,-58.1824836730957,49.81704911334076,-127.31984140774057,1613891808
fw,-77.8821182250976,-56.4075088500976,48.251781020639314,-106.23703280051653,1613908475
fw,-77.2408447265625,-55.0544891357421,46.89762400015044,-82.65499155863311,1613925142
fw,-76.6547698974609,-54.1132736206054,45.447713222709325,-57.74887341231592,1613941809
fw,-76.0763931274414,-53.5531311035156,43.63686772441047,-33.01036609931829,1613958476
fw,-75.4528427124023,-53.4056587219238,41.31940197903788,-10.066427404992291,1613975143
fw,-74.7600402832031,-53.7116966247558,38.50159619298287,9.563695839504055,1613991810
fw,-74.0202713012695,-54.3591270446777,35.33693864004992,24.727585099831696,1614008477
fw,-73.3031234741211,-55.1373977661132,32.09903612331412,34.85437335598387,1614025144
fw,-72.6360778808593,-55.8267211914062,29.143411906811327,40.06245878490787,1614041811
fw,-72.0245895385742,-56.2896041870117,26.85910648373602,41.118424489118965,1614058478
fw,-71.414794921875,-56.7239532470703,25.601299015562336,39.24940545598173,1614075145
fw,-70.8066635131836,-57.3358726501464,25.59487461330726,35.86065249707332,1614091812
fw,-70.2861938476562,-57.9002876281738,26.810833836722786,32.23975870342923,1614108479
fw,-69.9279174804687,-58.4256706237793,28.84112127961563,29.327491217990072,1614125146
fw,-69.6473236083984,-58.9220886230468,30.822582048564886,27.611908951806672,1614141813
fw,-69.3019256591796,-59.4729843139648,31.470622261193444,27.170499969629418,1614158480
fw,-68.8953781127929,-60.4202651977539,29.26316707875689,27.84455776436679,1614175147
fw,-68.4682464599609,-61.8180198669433,22.764350345176595,29.478679499174433,1614191814
fw,-68.158576965332,-63.2388305664062,11.01284698032425,32.11453560457902,1614208481
fw,-68.1804656982421,-64.0670623779296,-6.1468111880499565,36.029896384857324,1614225148
fw,-68.6554183959961,-64.5162048339843,-27.911729384475024,41.58392794385581,1614241815
fw,-69.7970581054687,-65.0395584106445,-52.614487546347895,48.94012888258465,1614258482
fw,-71.6675491333007,-65.9051284790039,-78.04205758732145,57.819185077702066,1614275149
fw,-74.0428924560546,-67.3609008789062,-101.87499927191817,67.42766390496185,1614291816
fw,-76.6183929443359,-69.1953582763671,-122.10478814109864,76.61683350003182,1614308483
fw,-79.1498641967773,-71.1099166870117,-137.3153698662654,84.20657149032694,1614325150
fw,-81.6178894042968,-72.9662322998046,-146.79099340581354,89.33065288795967,1614341817
fw,-83.7043685913086,-74.572883605957,-150.48848993382632,91.65863223158202,1614358484
fw,-84.9872589111328,-75.9777603149414,-148.9445310879738,91.41766836816731,1614375151
fw,-84.8735580444336,-77.3444519042968,-143.1682882087885,89.2331827969596,1614391818
fw,-83.594612121582,-78.7446594238281,-134.52440911748147,85.88020509253967,1614408485
fw,-81.9415817260742,-80.1905364990234,-124.5781983734396,82.05566229273093,1614425152
fw,-80.2963180541992,-81.6414260864257,-114.87763625355306,78.24668502494453,1614441819
fw,-78.7615585327148,-83.0192260742187,-106.68306903764991,74.70993880813411,1614458486
fw,-77.4192886352539,-84.3200759887695,-100.70193196916706,71.52742641208408,1614475153
fw,-75.995979309082,-85.5762329101562,-96.91412443574886,68.68611874366016,1614491820
fw,-74.4021301269531,-86.7391967773437,-94.56443447575998,66.14080999241379,1614508487
fw,-72.6690673828125,-87.7736663818359,-92.35048877662129,63.84536572225973,1614525154
fw,-71.0130615234375,-88.6470870971679,-88.76744031500219,61.759671129984184,1614541821
fw,-69.5493850708007,-89.1184005737304,-82.51579543907503,59.8490552265878,1614558488
fw,-68.2865905761718,-88.6565170288086,-72.86056580507608,58.08959746542704,1614575155
fw,-67.2314224243164,-87.8194122314453,-59.84913858990164,56.48192336697889,1614591822
fw,-66.416763305664,-86.9412307739257,-44.33479182350496,55.06562282558196,1614608489
fw,-65.8866195678711,-86.043586730957,-27.79647755323248,53.92223096607945,1614625156
fw,-65.7891235351562,-85.1064758300781,-11.989111288886075,53.15712149489066,1614641823
fw,-66.3165512084961,-84.1117706298828,1.496237611572599,52.85564010655297,1614658490
fw,-67.0830307006836,-83.1405334472656,11.643406050264177,53.01388647165302,1614675157
fw,-67.4319763183593,-82.2717361450195,18.26385500434535,53.45204370571034,1614691824
fw,-67.6911849975586,-81.4805526733398,22.002605937918382,53.7308925127358,1614708491
fw,-68.1032943725586,-80.7374954223632,24.09522250864855,53.106599682891634,1614725158
fw,-68.5204696655273,-80.0422058105468,25.961830469024125,50.56445822787072,1614741825
fw,-68.9156265258789,-79.3621444702148,28.770645668266088,44.958895439496466,1614758492
fw,-69.2522506713867,-78.6994476318359,33.10015138521456,35.25348248539484,1614775159
fw,-69.6959152221679,-78.1302032470703,38.794305069789246,20.810641026337223,1614791826
fw,-70.4452209472656,-77.7967147827148,45.052688621894816,1.643760107535976,1614808493
fw,-71.7633056640625,-77.8189468383789,50.729866069737824,-21.466255619786093,1614825160
fw,-73.2456359863281,-78.4554367065429,54.74575973834118,-47.05923075255635,1614841827
fw,-74.3509521484375,-79.9380340576171,56.461364604330356,-73.29063456330746,1614858494
fw,-75.3721923828125,-82.046142578125,55.88352588635858,-98.34953862822205,1614875161
fw,-76.3939132690429,-83.6330871582031,53.63128101879515,-120.85158656895113,1614891828
fw,-76.9914474487304,-83.3641662597656,50.68995988649491,-140.05817996397863,1614908495
fw,-77.4402236938476,-81.6553192138671,48.05490666206803,-155.84998103233895,1614925162
fw,-77.9681091308593,-80.1025848388671,46.399727354303685,-168.49968047398988,1614941829
fw,-78.344367980957,-78.9209747314453,45.88777183310117,-178.3749550114909,1614958496
fw,-78.784797668457,-77.4879379272461,46.1861272294581,-185.70793538863202,1614975163
fw,-79.404914855957,-75.4991989135742,46.66079508688239,-190.50244680985753,1614991830
fw,-79.9387054443359,-73.0699768066406,46.66353899343173,-192.5692343998096,1615008497
fw,-80.0601577758789,-70.3245468139648,45.794003422607844,-191.63080533869862,1615025164
fw,-79.8906097412109,-67.4259033203125,44.04459570591443,-187.43189524586742,1615041831
fw,-79.5392379760742,-64.6719818115234,41.794219169542686,-179.81231096448593,1615058498
fw,-79.0833969116211,-62.2404556274414,39.677112770831215,-168.72910684432148,1615075165
fw,-78.5844955444336,-60.2479591369628,38.38704433186849,-154.24548874769985,1615091832
fw,-78.0911483764648,-58.4865760803222,38.47932898106071,-136.52441869835093,1615108499
fw,-77.5661163330078,-56.7627220153808,40.216495509101236,-115.86305044803831,1615125166
fw,-76.9701385498046,-55.2160949707031,43.484215474618026,-92.77606471620115,1615141833
fw,-76.3482360839843,-54.0154113769531,47.79045982747782,-68.09553709966487,1615158500
fw,-75.7104568481445,-53.2351570129394,52.350283993700394,-43.02684750296753,1615175167
fw,-75.046646118164,-52.9082450866699,56.24461654125697,-19.10200556695043,1615191834
fw,-74.3317489624023,-53.0711936950683,58.62272353624206,1.9967187712848626,1615208501
fw,-73.566535949707,-53.7115097045898,58.901617550069034,18.722456135461094,1615225168
fw,-72.7843551635742,-54.5494079589843,56.91078828403121,29.99208034246104,1615241835
fw,-72.014045715332,-55.2799339294433,52.941432339679984,35.46288953127961,1615258502
fw,-71.2634582519531,-55.8497505187988,47.68290379480444,35.66781815262017,1615275169
fw,-70.5280990600586,-56.3482818603515,42.057421527489794,31.957671341809068,1615291836
fw,-69.8448715209961,-56.9434127807617,36.9878829972268,26.254616770184015,1615308503
fw,-69.2854537963867,-57.4872169494628,33.14728164915465,20.67016115707235,1615325170
fw,-68.8584518432617,-57.8379936218261,30.74272658880553,17.069830086302787,1615341837
fw,-68.4928817749023,-58.0648307800293,29.386441614562678,16.679927649604778,1615358504
fw,-68.1311416625976,-58.253189086914,28.099508859954778,19.83580213061652,1615375171
fw,-67.7727432250976,-58.7129096984863,25.473910715922592,25.957353404926657,1615391838
fw,-67.4160766601562,-59.8440475463867,19.97895265103535,33.7866197980855,1615408505
fw,-67.1187362670898,-61.5138931274414,10.346799280213402,41.831413109722114,1615425172
fw,-67.0442657470703,-63.2452774047851,-4.0694262774508685,48.86386987516203,1615441839
fw,-67.3232116699218,-64.5772705078125,-23.077763453510457,54.28367917277362,1615458506
fw,-68.1947479248046,-65.4543075561523,-45.642084519072434,58.210364025813895,1615475173
fw,-69.9169311523437,-66.1593475341796,-70.08589718938069,61.29457489521216,1615491840
fw,-72.3652420043945,-66.956314086914,-94.42350200053744,64.36307526479293,1615508507
fw,-75.1751022338867,-68.1197891235351,-116.69692580632702,68.06749068069524,1615525174
fw,-77.9962997436523,-69.6650924682617,-135.22206734920076,72.67293090641826,1615541841
fw,-80.7095336914062,-71.34765625,-148.7236828896392,78.03186610678634,1615558508
fw,-83.1682739257812,-73.0554275512695,-156.41172784968563,83.6977412128928,1615575175
fw,-84.9857788085937,-74.6676177978515,-158.06482791594593,89.08738827596044,1615591842
fw,-85.2688217163086,-76.19091796875,-154.1315731265032,93.61380775446281,1615608509
fw,-83.8573303222656,-77.7156829833984,-145.7842862490886,96.75996917867715,1615625176
fw,-82.0386428833007,-79.2719497680664,-134.8257920179988,98.11304972033977,1615641843
fw,-80.3767395019531,-80.9100799560546,-123.3886781004804,97.39820879588844,1615658510
fw,-78.8824691772461,-82.608772277832,-113.46066871478577,94.53542954998322,1615675177
fw,-77.5785369873046,-84.2688598632812,-106.36729170689178,89.70795231101876,1615691844
fw,-76.1667175292968,-85.8294601440429,-102.3906920215652,83.40171733485704,1615708511
fw,-74.4866180419921,-87.2682723999023,-100.67441857618368,76.37144823384205,1615725178
fw,-72.5449905395507,-88.5027618408203,-99.46829529045374,69.51409667594224,1615741845
fw,-70.622200012207,-89.3896255493164,-96.64603983050546,63.67207398291419,1615758512
fw,-68.9071273803711,-89.4883346557617,-90.33454350791455,59.42697582957431,1615775179
fw,-67.464973449707,-88.792121887207,-79.46527090121512,56.96047662661389,1615791846
fw,-66.3212127685546,-87.8102798461914,-64.09603462295564,56.04147755947547,1615808513
fw,-65.4953994750976,-86.6501693725586,-45.42656121342146,56.1501140294504,1615825180
fw,-65.1353378295898,-85.4484786987304,-25.512359387355268,56.68997714525824,1615841847
fw,-65.3939590454101,-84.2909317016601,-6.753211012526062,57.199568449307755,1615858514
fw,-66.0074996948242,-83.2139816284179,8.709712464133771,57.473634726779906,1615875181
fw,-66.7874221801757,-82.2638092041015,19.521907631702454,57.5437587146402,1615891848
fw,-67.3246841430664,-81.4135437011718,25.416009409654034,57.52577342811813,1615908515
fw,-67.7251281738281,-80.5756072998046,27.20014075178952,57.39450429959698,1615925182
fw,-68.1894149780273,-79.7967147827148,26.451181760582834,56.77581425046899,1615941849
fw,-68.6546325683593,-79.0641021728515,25.020735439044138,54.84463352273555,1615958516
fw,-69.0299606323242,-78.3211975097656,24.50659897489482,50.38800769284657,1615975183
fw,-69.1609115600586,-77.6354293823242,25.8383540803385,42.04245839148323,1615991850
fw,-69.4295425415039,-76.993782043457,29.088618872544803,28.656603384048456,1616008517
fw,-70.0340728759765,-76.434211730957,33.56211565714553,9.677937400865067,1616025184
fw,-71.0971755981445,-76.2470932006836,38.134193461229465,-14.56467128659625,1616041851
fw,-72.6052703857421,-76.795669555664,41.721743359555454,-42.795998472832856,1616058518
fw,-73.6721801757812,-78.1772003173828,43.70967925655485,-72.99545076970534,1616075185
fw,-74.5126724243164,-80.0827407836914,44.16651442819663,-102.81518295629944,1616091852
fw,-75.1226196289062,-81.5671615600586,43.771018008099176,-130.07944106452456,1616108519
fw,-75.5153121948242,-81.8760757446289,43.49763993138733,-153.1987956945271,1616125186
fw,-76.0015335083007,-81.1648941040039,44.20738890664007,-171.37609496866182,1616141853
fw,-76.6064224243164,-80.5025177001953,46.318107216294464,-184.57161683840582,1616158520
fw,-77.3334808349609,-79.8692550659179,49.678421307111066,-193.2832023805911,1616175187
fw,-78.347785949707,-78.5425186157226,53.67203256617941,-198.24365024981952,1616191854
fw,-79.4146118164062,-76.4238052368164,57.47991455413579,-200.1348045051478,1616208521
fw,-80.169448852539,-73.8133697509765,60.37191516240675,-199.38575677288523,1616225188
fw,-80.4306945800781,-70.8517608642578,61.9091325723218,-196.0860934328207,1616241855
fw,-80.3086013793945,-67.8778381347656,62.00242043066014,-190.0147688905297,1616258522
fw,-79.9950408935546,-65.1171340942382,60.84899326494225,-180.76142706697024,1616275189
fw,-79.6350173950195,-62.6244010925293,58.81423506414971,-167.90236219967943,1616291856
fw,-79.2585296630859,-60.4200248718261,56.32254233074222,-151.19068140414603,1616308523
fw,-78.8149795532226,-58.4678955078125,53.78601986135754,-130.72512395285213,1616325190
fw,-78.2626647949218,-56.7043418884277,51.56416371161454,-107.06685481697176,1616341857
fw,-77.5990219116211,-55.2871475219726,49.93288854936072,-81.27705527033281,1616358524
fw,-76.8671493530273,-54.3084411621093,49.049107893081555,-54.855204491568884,1616375191
fw,-76.1115646362304,-53.7902793884277,48.91499385754726,-29.572943173189575,1616391858
fw,-75.2849655151367,-53.7065467834472,49.359565223946326,-7.220491959007863,1616408525
fw,-74.3628158569336,-54.0777320861816,50.056524649787214,10.693362519709158,1616425192
fw,-73.3688583374023,-54.7493667602539,50.586111371497,23.226465746123743,1616441859
fw,-72.3565063476562,-55.4870223999023,50.53033247639086,30.201934968429562,1616458526
fw,-71.3802032470703,-56.0951805114746,49.57348939901907,32.25611502715733,1616475193
fw,-70.4745254516601,-56.5783500671386,47.571416084241655,30.704610320206527,1616491860
fw,-69.6602783203125,-57.011131286621,44.55749303438246,27.248720414838196,1616508527
fw,-68.9156875610351,-57.5081596374511,40.67116884044066,23.598540482309193,1616525194
fw,-68.345458984375,-57.8669052124023,36.0227239938783,21.119127063037986,1616541861
fw,-67.9913177490234,-58.2247123718261,30.54034929051305,20.600973354942987,1616558528
fw,-67.7406005859375,-58.73823928833,23.869612035157754,22.21934289372657,1616575195
fw,-67.5027160644531,-59.5523300170898,15.393193179212606,25.687873722659084,1616591862
fw,-67.2695007324218,-60.9300079345703,4.398975962930587,30.541612188450934,1616608529
fw,-67.1120834350586,-62.4624366760253,-9.643100440824194,36.42560653142409,1616625196
fw,-67.2427825927734,-63.5318603515625,-26.797447554267674,43.25200828947017,1616641863
fw,-67.8890609741211,-64.1394348144531,-46.493300768834864,51.14609011132032,1616658530
fw,-69.306900024414,-64.7605590820312,-67.54815800849401,60.21307905336851,1616675197
fw,-71.5275421142578,-65.7166366577148,-88.37938405730537,70.26088601124252,1616691864
fw,-74.1048965454101,-67.2182388305664,-107.31964821409423,80.6417714269771,1616708531
fw,-76.6993789672851,-69.0688171386718,-122.92201264329812,90.31057319673882,1616725198
fw,-79.2222900390625,-71.1285934448242,-134.1739547526645,98.08186483742618,1616741865
fw,-81.4477157592773,-73.2186813354492,-140.6050583363202,102.9719072245104,1616758532
fw,-83.122314453125,-75.0757827758789,-142.3179004116215,104.48061186348245,1616775199
fw,-83.804702758789,-76.7163543701171,-139.96740159392482,102.70931142089577,1616791866
fw,-83.4206390380859,-78.2246170043945,-134.67920809480253,98.29225134022943,1616808533
fw,-82.4973449707031,-79.7126007080078,-127.87640547910534,92.19755500735508,1616825200
fw,-81.373291015625,-81.1799163818359,-121.00468119973023,85.48933690172608,1616841867
fw,-80.0438461303711,-82.555793762207,-115.20005455961272,79.12805369106455,1616858534
fw,-78.5668869018554,-83.7844848632812,-110.99372875190694,73.84308586123979,1616875201
fw,-76.9458236694336,-84.9470520019531,-108.16033255427855,70.07251208219462,1616891868
fw,-75.1177215576171,-86.1113357543945,-105.77836533240423,67.94972949536142,1616908535
fw,-73.1655197143554,-87.2021560668945,-102.5007640693802,67.3230366209774,1616925202
fw,-71.2755050659179,-88.1712646484375,-96.95908158575118,67.80738792776883,1616941869
fw,-69.6290206909179,-88.8048324584961,-88.17775750109689,68.87291610705134,1616958536
fw,-68.2549362182617,-88.4758224487304,-75.87413150723722,69.96693199753706,1616975203
fw,-67.1911239624023,-87.345832824707,-60.56157411903979,70.64823543109625,1616991870
fw,-66.42724609375,-86.0050277709961,-43.43505599082377,70.69420350560361,1617008537
fw,-66.0296325683593,-84.7482681274414,-26.076723765828966,70.13514833601172,1617025204
fw,-66.1072921752929,-83.6420211791992,-10.06206659057845,69.18704550390842,1617041871
fw,-66.6436920166015,-82.6282348632812,3.426315023307463,68.09119164192357,1617058538
fw,-67.2584381103515,-81.6096038818359,13.864681653935987,66.91085516912429,1617075205
fw,-67.4880065917968,-80.6072769165039,21.44875451664699,65.35891619793082,1617091872
fw,-67.7176361083984,-79.6587371826171,26.930114455998826,62.72584453290754,1617108539
fw,-68.296516418457,-78.7985534667968,31.29221098634787,57.948836812080714,1617125206
fw,-68.8924484252929,-77.9904556274414,35.385536470756655,49.82256709645839,1617141873
fw,-69.3947296142578,-77.2538909912109,39.644408888196004,37.30955705702197,1617158540
fw,-69.9517364501953,-76.6383743286132,43.97012884728544,19.870784353298152,1617175207
fw,-70.7575302124023,-76.3321151733398,47.812904580942416,-2.2850448398167833,1617191874
fw,-71.8214645385742,-76.5694885253906,50.42799169864345,-28.128163186558897,1617208541
fw,-73.3046798706054,-77.5323715209961,51.22206046327669,-55.959543566361305,1617225208
fw,-74.6170196533203,-79.1778564453125,50.060866433555006,-83.7605642203316,1617241875
fw,-75.4790954589843,-81.1769943237304,47.409006967231605,-109.63419039037635,1617258542
fw,-76.1323699951171,-82.6017761230468,44.233015766596516,-132.1885580012881,1617275209
fw,-76.5216674804687,-82.5454406738281,41.69919676419229,-150.7344461522291,1617291876
fw,-77.0071563720703,-81.3859634399414,40.78674185319006,-165.24711574837679,1617308543
fw,-77.4948425292968,-80.2829132080078,41.969493742593976,-176.1413658782801,1617325210
fw,-77.8956298828125,-79.2616500854492,45.08493023269176,-183.97505253114556,1617341877
fw,-78.6224288940429,-77.8154373168945,49.42822375398318,-189.20003566052105,1617358544
fw,-79.532844543457,-75.7441177368164,54.01848275512409,-192.0302079855429,1617375211
fw,-80.1844406127929,-73.1655807495117,57.91988950797956,-192.43210564088457,1617391878
fw,-80.4277572631836,-70.2655181884765,60.49076872233162,-190.19893059317516,1617408545
fw,-80.3394012451171,-67.3831939697265,61.48361227117474,-185.05437075332873,1617425212
fw,-80.0291442871093,-64.7126007080078,60.99872616403522,-176.74291732412365,1617441879
fw,-79.5879974365234,-62.4009284973144,59.35543697464776,-165.089428080617,1617458546
fw,-79.0466690063476,-60.3940696716308,56.95796525438048,-150.03964360223708,1617475213
fw,-78.4558181762695,-58.479881286621,54.20455543135171,-131.70771638681518,1617491880
fw,-77.7864685058593,-56.6902923583984,51.447055712940845,-110.44566903358161,1617508547
fw,-77.0178527832031,-55.2396965026855,48.98020279033514,-86.92052238059875,1617525214
fw,-76.2177505493164,-54.1777801513671,47.034695577786245,-62.158989615710276,1617541881
fw,-75.4380722045898,-53.4896354675293,45.75937211386413,-37.514785795702,1617558548
fw,-74.646499633789,-53.2158660888671,45.1937680599522,-14.531875032245193,1617575215
fw,-73.8386459350586,-53.518684387207,45.244388860954835,5.290138644983102,1617591882
fw,-73.0242309570312,-54.2487297058105,45.68172932564362,20.78383244234488,1617608549
fw,-72.1942596435546,-55.0413055419921,46.16883320451867,31.376716087759895,1617625216
fw,-71.3739242553711,-55.7945823669433,46.31853165261094,37.238458622785004,1617641883
fw,-70.558120727539,-56.4724960327148,45.7627902132419,39.246525429331506,1617658550
fw,-69.7030944824218,-57.0464439392089,44.21107273572549,38.76254859502328,1617675217
fw,-68.8385848999023,-57.7076339721679,41.47674347642272,37.2803470484249,1617691884
fw,-68.1905746459961,-58.4100914001464,37.4590873233291,36.05460991766801,1617708551
fw,-67.8709869384765,-58.9766082763671,32.0834762573051,35.82790175789591,1617725218
fw,-67.7252578735351,-59.522346496582,25.223390211680677,36.74337684641241,1617741885
fw,-67.5752716064453,-60.3850936889648,16.647136191577566,38.47285409581146,1617758552
fw,-67.3914566040039,-61.831298828125,6.03343278628377,40.51554291701329,1617775219
fw,-67.2576522827148,-63.5635910034179,-6.926434805255546,42.547525412648774,1617791886
fw,-67.3802261352539,-64.910659790039,-22.36753621823032,44.66059134493244,1617808553
fw,-67.9120941162109,-65.6188430786132,-40.09670606538797,47.36216593269937,1617825220
fw,-69.1314163208007,-66.0351181030273,-59.51325809835532,51.32140946404525,1617841887
fw,-71.1899871826171,-66.549072265625,-79.63717828542286,56.98482694259927,1617858554
fw,-73.6973190307617,-67.4991912841796,-99.22434409386607,64.26230920350227,1617875221
fw,-76.3133697509765,-69.0610580444336,-116.918913615977,72.44978468143502,1617891888
fw,-78.9357681274414,-70.8762969970703,-131.40832155469377,80.42865271797385,1617908555
fw,-81.4873352050781,-72.8243255615234,-141.58534516857344,87.0411414374187,1617925222
fw,-83.6330490112304,-74.6690521240234,-146.73678712233786,91.46292760601625,1617941889
fw,-84.8118591308593,-76.1962203979492,-146.74420756860502,93.41379885589785,1617958556
fw,-84.4874038696289,-77.5326614379882,-142.22504054057774,93.14178775286369,1617975223
fw,-83.3005447387695,-78.8506240844726,-134.51586650837473,91.22810962020105,1617991890
fw,-81.9606094360351,-80.2739334106445,-125.43665208838654,88.33006714364838,1618008557
fw,-80.5778198242187,-81.7454147338867,-116.86297031860333,84.97836051801093,1618025224
fw,-79.1097412109375,-83.1498031616211,-110.22542439072872,81.48938990640059,1618041891
fw,-77.6201705932617,-84.4810485839843,-106.1020534364841,77.98535624258047,1618058558
fw,-75.9809341430664,-85.820083618164,-104.04783215464509,74.47361085331407,1618075225
fw,-74.1382751464843,-87.1385803222656,-102.727108295454,70.93309888462163,1618091892
fw,-72.1626586914062,-88.2766036987304,-100.3126527254534,67.37636511241244,1618108559
fw,-70.2751922607421,-88.9359588623046,-95.02716312436954,63.87962941556501,1618125226
fw,-68.6642150878906,-88.6750030517578,-85.66152327530291,60.58773901735594,1618141893
fw,-67.429443359375,-87.8644866943359,-71.92191066356612,57.70303800535283,1618158560
fw,-66.5140304565429,-86.9076919555664,-54.52135356389473,55.4615231504379,1618175227
fw,-65.8783569335937,-86.0173950195312,-35.009058454401185,54.093069758117245,1618191894
fw,-65.682861328125,-85.2203750610351,-15.394983358851976,53.76249498862209,1618208561
fw,-66.0266876220703,-84.3821105957031,2.331247149937522,54.49746835132205,1618225228
fw,-66.7706222534179,-83.4544448852539,16.66518163003389,56.12108319726022,1618241895
fw,-67.4403762817382,-82.4174194335937,26.912418807214944,58.210326835246846,1618258562
fw,-67.9278717041015,-81.3086929321289,33.28177185346322,60.09331895459102,1618275229
fw,-68.5351181030273,-80.2882919311523,36.724094973389306,60.88623577849376,1618291896
fw,-69.2270355224609,-79.4343566894531,38.57618572511276,59.56635195697449,1618308563
fw,-69.8310394287109,-78.6549835205078,40.12664093531466,55.08252150354439,1618325230
fw,-70.3934097290039,-77.9422302246093,42.23471186955149,46.508235530798316,1618341897
fw,-70.9318618774414,-77.3392105102539,45.11151745527016,33.231819074528005,1618358564
fw,-71.7112121582031,-76.8615264892578,48.32794396260178,15.151304923812553,1618375231
fw,-72.7987899780273,-76.6286010742187,51.04940795771495,-7.187713343421399,1618391898
fw,-74.3900146484375,-76.9213027954101,52.421244100067845,-32.58206432372614,1618408565
fw,-75.8043670654296,-77.9418563842773,51.963825448083554,-59.33206258913571,1618425232
fw,-76.8180465698242,-79.6496505737304,49.81975607744504,-85.55447730197169,1618441899
fw,-77.6139297485351,-81.4020233154296,46.74848365435327,-109.55745484555712,1618458566
fw,-78.1439666748046,-82.2055282592773,43.869064367389676,-130.14981221576986,1618475233
fw,-78.4333114624023,-81.7881927490234,42.25842220826762,-146.78125212058916,1618491900
fw,-78.9494934082031,-80.8592681884765,42.56943175827817,-159.485813757567,1618508567
fw,-79.4497528076171,-80.1203231811523,44.81819284376371,-168.68315858074618,1618525234
fw,-80.0408706665039,-79.2976303100586,48.41370143793231,-174.9348752135061,1618541901
fw,-80.8384552001953,-77.9191665649414,52.40079528067766,-178.7414929773635,1618558568
fw,-81.5913925170898,-75.9627685546875,55.80336654468623,-180.42218304196078,1618575235
fw,-82.0008316040039,-73.5715637207031,57.924955271755564,-180.07748635878124,1618591902
fw,-81.8835754394531,-70.8759689331054,58.49891166664141,-177.6142510966556,1618608569
fw,-81.4036026000976,-68.1738662719726,57.659894185545134,-172.80759969494295,1618625236
fw,-80.725341796875,-65.7366943359375,55.78913773012498,-165.3779652434579,1618641903
fw,-79.9395675659179,-63.5304450988769,53.32692681946462,-155.0694475438617,1618658570
fw,-79.1600112915039,-61.5595321655273,50.63440783438541,-141.72660892484043,1618675237
fw,-78.4190826416015,-59.6834831237793,47.941645853115276,-125.37209206731417,1618691904
fw,-77.6406936645507,-57.9792213439941,45.37035195564939,-106.28113419524907,1618708571
fw,-76.8543014526367,-56.5749282836914,42.990739181504836,-85.03638037814761,1618725238
fw,-76.1633758544921,-55.5860481262207,40.86937767119768,-62.5390568549405,1618741905
fw,-75.5434112548828,-54.9477233886718,39.0825290068863,-39.95737737868625,1618758572
fw,-74.9048690795898,-54.6936454772949,37.694672789322304,-18.607498951862,1618775239
fw,-74.1993865966796,-54.9436683654785,36.72201406777121,0.22001415468870678,1618791906
fw,-73.4252243041992,-55.4214363098144,36.10731789879575,15.458469064030359,1618808573
fw,-72.6370849609375,-55.9981346130371,35.724300285724766,26.445611489117653,1618825240
fw,-71.896728515625,-56.580078125,35.412829732494735,33.04150495482746,1618841907
fw,-71.1707763671875,-57.1550254821777,35.029101592852356,35.6511221348363,1618858574
fw,-70.3901138305664,-57.8079414367675,34.48436329364858,35.14291337598944,1618875241
fw,-69.6517257690429,-58.5537109375,33.745002226224365,32.68031035357795,1618891908
fw,-69.0558776855468,-59.2002296447753,32.77802403591169,29.502792458249353,1618908575
fw,-68.6328048706054,-59.7302093505859,31.44963276045194,26.705140797902917,1618925242
fw,-68.3321151733398,-60.21142578125,29.414788686727604,25.068697238786026,1618941909
fw,-68.0753326416015,-60.7130661010742,26.057571018812066,24.992675928565106,1618958576
fw,-67.7929458618164,-61.5905609130859,20.53879312080348,26.547355042245314,1618975243
fw,-67.4900131225586,-62.9406929016113,11.971256490150655,29.62228993434049,1618991910
fw,-67.3287582397461,-64.2037200927734,-0.31415714603054024,34.09148583724507,1619008577
fw,-67.4459609985351,-65.0694732666015,-16.498758667554505,39.90109266621217,1619025244
fw,-68.0102920532226,-65.6439208984375,-36.104694254767274,47.0280546075633,1619041911
fw,-69.2368621826171,-66.2920989990234,-57.99203783671131,55.34097070048187,1619058578
fw,-71.1498870849609,-67.3336410522461,-80.53041254508662,64.46109922261665,1619075245
fw,-73.484992980957,-68.8371353149414,-101.88769238777044,73.72445755786974,1619091912
fw,-76.0273742675781,-70.6360244750976,-120.34705328510934,82.28511110873606,1619108579
fw,-78.5890655517578,-72.5784530639648,-134.57589161514204,89.31796693234021,1619125246
fw,-81.0448913574218,-74.4487075805664,-143.8085322304003,94.22712363825629,1619141913
fw,-83.0685424804687,-76.1445922851562,-147.9370620274652,96.76864955973426,1619158580
fw,-84.2502822875976,-77.7385330200195,-147.51192460551286,97.0460455652729,1619175247
fw,-84.2176895141601,-79.3372573852539,-143.6447477601864,95.40068400985645,1619191914
fw,-83.246109008789,-80.9008712768554,-137.80419921497676,92.26314085456846,1619208581
fw,-81.7923278808593,-82.4209671020507,-131.51686362221892,88.03598392999213,1619225248
fw,-80.153938293457,-83.8897094726562,-126.02352873173203,83.04949975381462,1619241915
fw,-78.4930267333984,-85.2903976440429,-121.97551474094978,77.58935758113282,1619258582
fw,-76.6700363159179,-86.6169052124023,-119.26378776799515,71.96055454185931,1619275249
fw,-74.6082000732421,-87.7978897094726,-117.04530535412867,66.53860491882762,1619291916
fw,-72.4618911743164,-88.6914978027343,-113.97262108041068,61.76975854170609,1619308583
fw,-70.4608917236328,-89.0228118896484,-108.56648177051224,58.110043087100536,1619325250
fw,-68.7042541503906,-88.6676406860351,-99.62653658468895,55.92452216576143,1619341917
fw,-67.2322540283203,-88.011116027832,-86.5707971886082,55.388702166158254,1619358584
fw,-66.0537796020507,-87.1642761230468,-69.62448108188855,56.4339982786663,1619375251
fw,-65.1329803466796,-86.1470565795898,-49.821636364886345,58.75870033329017,1619391918
fw,-64.5736846923828,-85.0015106201171,-28.821284904904886,61.89500762818304,1619408585
fw,-64.5095596313476,-83.7796859741211,-8.572142306997012,65.29679360076138,1619425252
fw,-64.9816207885742,-82.5435943603515,9.106837512532104,68.40488550536212,1619441919
fw,-65.8837203979492,-81.3746566772461,22.929758945716127,70.6609701833546,1619458586
fw,-66.6996154785156,-80.2825088500976,32.41538630834339,71.47120724634533,1619475253
fw,-67.21875,-79.2487487792968,37.93786944209636,70.15227426901932,1619491920
fw,-67.8574829101562,-78.3000259399414,40.53876455128492,65.91065102631833,1619508587
fw,-68.6522674560546,-77.4273910522461,41.56765500362949,57.90058268368925,1619525254
fw,-69.2808532714843,-76.6391677856445,42.273039975033576,45.377170834347375,1619541921
fw,-69.8618011474609,-75.9922790527343,43.46897252814858,27.918128230178564,1619558588
fw,-70.5235443115234,-75.6291580200195,45.36937650031909,5.647434159856795,1619575255
fw,-71.3042068481445,-75.7748870849609,47.63073233395876,-20.625082813589177,1619591922
fw,-72.3850631713867,-76.5707550048828,49.583369838888785,-49.41951741744622,1619608589
fw,-73.8308029174804,-77.7075271606445,50.569363920281376,-78.78119026035384,1619625256
fw,-75.1412963867187,-79.3614654541015,50.26027741736457,-106.61771347488975,1619641923
fw,-76.1215133666992,-81.0984954833984,48.82687070255263,-131.08743302327974,1619658590
fw,-76.7732696533203,-81.9482879638671,46.88872280680684,-150.92511789114644,1619675257
fw,-77.2718124389648,-81.6440353393554,45.266527538156616,-165.6076700053605,1619691924
fw,-77.7480163574218,-80.9300079345703,44.64782691164215,-175.3201917174798,1619708591
fw,-78.1236038208007,-80.1237106323242,45.31322996790744,-180.7589293428753,1619725258
fw,-78.5887908935546,-78.8079147338867,47.03898550123993,-182.86181959702895,1619741925
fw,-79.2936401367187,-76.8063659667968,49.21065224478321,-182.5598815506183,1619758592
fw,-80.1063461303711,-74.3853225708007,51.088797542906306,-180.60184179345896,1619775259
fw,-80.579719543457,-71.8357467651367,52.10321469559001,-177.45751049475476,1619791926
fw,-80.6170120239257,-69.3251876831054,52.04801678737302,-173.2830472399163,1619808593
fw,-80.3002471923828,-66.8749313354492,51.10735408339216,-167.9346603455765,1619825260
fw,-79.7829055786132,-64.560562133789,49.72662775893972,-161.02811472337896,1619841927
fw,-79.1917037963867,-62.3786277770996,48.40939876950408,-152.04346594934415,1619858594
fw,-78.6295852661132,-60.4223670959472,47.53589420828522,-140.46478189902473,1619875261
fw,-78.0920486450195,-58.5782852172851,47.26745084946446,-125.93156508216384,1619891928
fw,-77.4777603149414,-56.9710807800293,47.548554323651416,-108.37276008608225,1619908595
fw,-76.7432250976562,-55.6668739318847,48.175300730122274,-88.09929242701101,1619925262
fw,-75.979736328125,-54.6250953674316,48.88425011694459,-65.84130639686173,1619941929
fw,-75.2540588378906,-53.9310798645019,49.426329634135605,-42.72291243387667,1619958596
fw,-74.5306625366211,-53.6092872619628,49.61077116876722,-20.167840395644237,1619975263
fw,-73.7554244995117,-53.6877479553222,49.319868430371606,0.26881814698947903,1619991930
fw,-72.9635925292968,-54.1601066589355,48.50300725509119,17.13441100251557,1620008597
fw,-72.1924057006836,-54.8485984802246,47.161337238129256,29.34360820284521,1620025264
fw,-71.4121017456054,-55.6252784729003,45.33483810412535,36.412741437205746,1620041931
fw,-70.6029586791992,-56.3778953552246,43.09941274965508,38.591696934348725,1620058598
fw,-69.7849731445312,-57.0965232849121,40.57066431560066,36.83956923094862,1620075265
fw,-69.0135345458984,-57.7290802001953,37.89661069836866,32.633649528554635,1620091932
fw,-68.3732833862304,-58.3796691894531,35.21467045197797,27.65330303364225,1620108599
fw,-67.9580001831054,-58.884952545166,32.56048762523299,23.42034841743305,1620125266
fw,-67.7378234863281,-59.1775665283203,29.748480885842017,20.992977014213242,1620141933
fw,-67.5255432128906,-59.5420532226562,26.280255824500145,20.799386601438613,1620158600
fw,-67.192138671875,-60.0665893554687,21.350780105810827,22.66192906130288,1620175267
fw,-66.7934036254882,-61.1446456909179,13.995160879111674,26.004005842931658,1620191934
fw,-66.468521118164,-62.6003456115722,3.357569101470513,30.161524665106672,1620208601
fw,-66.4717559814453,-63.8651733398437,-11.000469889217184,34.66946298473186,1620225268
fw,-66.922607421875,-64.6553878784179,-28.86603216773996,39.399473339751175,1620241935
fw,-67.9034271240234,-65.1763153076171,-49.30750086199321,44.49774485161929,1620258602
fw,-69.5406265258789,-65.7772369384765,-70.80370278456276,50.17745306551005,1620275269
fw,-71.7024765014648,-66.682746887207,-91.52631659750537,56.49314389927518,1620291936
fw,-74.1555633544921,-67.9993591308593,-109.68468445008338,63.221577101066934,1620308603
fw,-76.7489547729492,-69.5812072753906,-123.8392645572239,69.90288432320075,1620325270
fw,-79.2751007080078,-71.2820663452148,-133.12440240024577,76.00544602878082,1620341937
fw,-81.5436019897461,-72.9367370605468,-137.363087474154,81.11883520435248,1620358604
fw,-83.3024520874023,-74.4486923217773,-137.0775712487584,85.07654538403843,1620375271
fw,-84.3120727539062,-75.8720169067382,-133.39703662285964,87.95643699677886,1620391938
fw,-84.4675674438476,-77.2769088745117,-127.85805367878301,89.97243681418767,1620408605
fw,-83.8804855346679,-78.7289428710937,-122.1069292259655,91.32182379121092,1620425272
fw,-82.7232513427734,-80.3071823120117,-117.54668479234334,92.06586689309123,1620441939
fw,-81.2467575073242,-81.9622421264648,-115.00663448169931,92.09619167589682,1620458606
fw,-79.5247650146484,-83.5933609008789,-114.52635992935521,91.19294252756727,1620475273
fw,-77.5904541015625,-85.1674652099609,-115.32618237231115,89.13924996308829,1620491940
fw,-75.490852355957,-86.6332015991211,-115.98698369431217,85.83855425072362,1620508607
fw,-73.3956604003906,-87.9248123168945,-114.80058565135492,81.39007619594565,1620525274
fw,-71.4466400146484,-88.8861846923828,-110.20128874616775,76.10236287343149,1620541941
fw,-69.7044982910156,-88.9189987182617,-101.16838596540342,70.4500265807729,1620558608
fw,-68.1940460205078,-88.1326065063476,-87.50212257469164,64.99363448706656,1620575275
fw,-66.9385147094726,-87.1534576416015,-69.91007929872923,60.28459585264472,1620591942
fw,-65.9703903198242,-86.1728515625,-49.882356386051384,56.77038734476946,1620608609
fw,-65.4702987670898,-85.2649688720703,-29.375718716555532,54.70825633077462,1620625276
fw,-65.6294326782226,-84.3935317993164,-10.370975324548489,54.09353745784263,1620641943
fw,-66.3405532836914,-83.4544677734375,5.5874720854533955,54.61200736350584,1620658610
fw,-66.9703826904296,-82.4707412719726,17.734004151777704,55.62900831390247,1620675277
fw,-67.2621002197265,-81.5217514038086,26.19021284752025,56.22655381143888,1620691944
fw,-67.6246795654296,-80.6464920043945,31.801450961638203,55.29375579339136,1620708611
fw,-68.2522659301757,-79.8678741455078,35.76705325294048,51.668906311828046,1620725278
fw,-68.8935775756836,-79.1703109741211,39.20215532940115,44.323459861938694,1620741945
fw,-69.4227066040039,-78.5484542846679,42.778766863061506,32.5656612278475,1620758612
fw,-69.9977493286132,-78.0901947021484,46.55391188622336,16.22420404563538,1620775279
fw,-70.8184509277343,-77.9253234863281,50.03102741392596,-4.242356654946879,1620791946
fw,-72.0373916625976,-78.1922454833984,52.4305010018298,-27.763410044262123,1620808613
fw,-73.5491561889648,-79.0731658935546,53.07322974139916,-52.82683279298726,1620825280
fw,-74.8414230346679,-80.6212692260742,51.729700677585214,-77.77634681910263,1620841947
fw,-75.8292083740234,-82.6355819702148,48.78907937028169,-101.15265570418069,1620858614
fw,-76.4774322509765,-84.1806182861328,45.171780520021265,-121.96224012983433,1620875281
fw,-76.8237991333007,-84.0257186889648,42.018832284525,-139.774966238798,1620891948
fw,-77.3058776855468,-82.4340286254882,40.288237635002595,-154.62178444888136,1620908615
fw,-77.7393035888671,-80.7894058227539,40.425238139622095,-166.7544531350145,1620925282
fw,-78.1797866821289,-79.319091796875,42.2359773360089,-176.38823941421876,1620941949
fw,-78.97509765625,-77.5532913208007,45.004208627391066,-183.54046495672554,1620958616
fw,-79.8582687377929,-75.3156051635742,47.789516628205796,-188.0120908530837,1620975283
fw,-80.4969253540039,-72.7060852050781,49.7757801956237,-189.48239784715918,1620991950
fw,-80.7565460205078,-69.8513717651367,50.530417970985475,-187.64277972828924,1621008617
fw,-80.6708145141601,-67.0245208740234,50.089967256590214,-182.29823026668123,1621025284
fw,-80.3860855102539,-64.452278137207,48.87256849433194,-173.40041391499096,1621041951
fw,-79.9825897216796,-62.1929855346679,47.485359647392386,-161.0224780411302,1621058618
fw,-79.5075759887695,-60.177879333496,46.51582958420692,-145.32188217494826,1621075285
fw,-79.0134124755859,-58.3127479553222,46.37478731148299,-126.54445909076816,1621091952
fw,-78.4871063232421,-56.5007820129394,47.21885619435484,-105.09344392659966,1621108619
fw,-77.9096755981445,-54.981689453125,48.94594720880892,-81.63681901666358,1621125286
fw,-77.3213577270507,-53.9147682189941,51.239559840932976,-57.18694244390771,1621141953
fw,-76.7317199707031,-53.3244285583496,53.636574746199855,-33.08365872180828,1621158620
fw,-76.0967636108398,-53.1737670898437,55.60192409002828,-10.847170212545668,1621175287
fw,-75.3760147094726,-53.5553741455078,56.604478107940054,8.08002453123068,1621191954
fw,-74.5743560791015,-54.2897605895996,56.194826390586165,22.63515960085878,1621208621
fw,-73.7457580566406,-55.0999717712402,54.08326260736308,32.387443996126265,1621225288
fw,-72.9519271850586,-55.8203392028808,50.20675499662754,37.65019897888734,1621241955
fw,-72.1695480346679,-56.4796180725097,44.76401680192754,39.400117748956525,1621258622
fw,-71.3960876464843,-57.0415458679199,38.19531536129599,39.01418005350371,1621275289
fw,-70.7345581054687,-57.6548233032226,31.091735012976116,37.90078548429325,1621291956
fw,-70.3458175659179,-58.3339958190918,24.037531232469853,37.14289622005256,1621308623
fw,-70.2433090209961,-58.9617538452148,17.417141609693463,37.2705451996537,1621325290
fw,-70.2859649658203,-59.641731262207,11.247414996827812,38.238995141118124,1621341957
fw,-70.2989273071289,-60.6888389587402,5.1088581287826935,39.620335701812245,1621358624
fw,-70.1936798095703,-62.2310104370117,-1.7709009189734701,40.9369769916937,1621375291
fw,-70.0798873901367,-64.0747680664062,-10.285575557051718,41.99770553543105,1621391958
fw,-70.1880722045898,-65.2698516845703,-21.145385679027903,43.07560641316568,1621408625
fw,-70.6673202514648,-65.7913513183593,-34.61645509413308,44.82473987846585,1621425292
fw,-71.7594604492187,-66.1065444946289,-50.40551066733878,47.96082633497287,1621441959
fw,-73.4895401000976,-66.6292190551757,-67.71961066861654,52.86350489349891,1621458626
fw,-75.651985168457,-67.733169555664,-85.44608075617525,59.30837732431513,1621475293
fw,-78.0432357788086,-69.3595199584961,-102.35326474163638,66.46991262515739,1621491960
fw,-80.4443893432617,-71.0970458984375,-117.23576009248872,73.19361716646003,1621508627
fw,-82.7964935302734,-72.8589096069336,-128.9976586233151,78.40378332336587,1621525294
fw,-84.9495697021484,-74.431655883789,-136.72751837283087,81.46125527643036,1621541961
fw,-86.3399200439453,-75.7528305053711,-139.82187939376928,82.32930329188628,1621558628
fw,-85.9147644042968,-77.0072479248046,-138.15933076109383,81.50819171601866,1621575295
fw,-84.0435256958007,-78.2923126220703,-132.25675592170202,79.80082253212282,1621591962
fw,-82.0274047851562,-79.629898071289,-123.30372128453199,78.02486113764655,1621608629
fw,-80.2969589233398,-80.9842834472656,-112.9967235404191,76.7777485750526,1621625296
fw,-78.8829727172851,-82.3046112060546,-103.17376665323722,76.3121451719158,1621641963
fw,-77.7388000488281,-83.6452331542968,-95.3436977500736,76.52636254697175,1621658630
fw,-76.5381774902343,-85.0790939331054,-90.26613689367944,77.0411421609119,1621675297
fw,-75.1060180664062,-86.5161437988281,-87.73417747292494,77.32411295067025,1621691964
fw,-73.4560089111328,-87.7512741088867,-86.64287984237284,76.82792634913267,1621708631
fw,-71.7972412109375,-88.5755004882812,-85.32380561195977,75.11834865363278,1621725298
fw,-70.2865524291992,-88.5480117797851,-82.03659996748094,71.97797973471107,1621741965
fw,-68.9336547851562,-87.6955642700195,-75.46810740299101,67.47462964759393,1621758632
fw,-67.7890243530273,-86.6191635131836,-65.10239268725084,61.97980399560414,1621775299
fw,-66.8873214721679,-85.6995315551757,-51.371469656417844,56.11999481157535,1621791966
fw,-66.2311096191406,-84.9715728759765,-35.5538303927147,50.6534527990047,1621808633
fw,-65.9433059692382,-84.3155899047851,-19.4452252420318,46.29025127103782,1621825300
fw,-66.2757415771484,-83.6272354125976,-4.882168738340416,43.50003558717539,1621841967
fw,-67.1108856201171,-82.9048309326171,6.751849373037471,42.3613886284171,1621858634
fw,-67.588150024414,-82.1762466430664,14.884588026378903,42.4933647586867,1621875301
fw,-67.7474822998046,-81.4083862304687,19.856210627502985,43.083757617169695,1621891968
fw,-68.0272064208984,-80.66015625,22.731689746545907,43.00475466387101,1621908635
fw,-68.5059432983398,-80.0228729248046,24.90052703880819,40.992383785599465,1621925302
fw,-68.9546661376953,-79.4671859741211,27.60798763759247,35.86051296859261,1621941969
fw,-69.2110748291015,-78.9715957641601,31.56741783466065,26.717647334671344,1621958636
fw,-69.5800552368164,-78.62646484375,36.76543634271683,13.150515853776051,1621975303
fw,-70.2817153930664,-78.527847290039,42.5146361231641,-4.666793203470392,1621991970
fw,-71.5817260742187,-78.7233810424804,47.736917122667805,-25.97755084550711,1622008637
fw,-73.0513381958007,-79.4733123779296,51.381176445187656,-49.58116884711249,1622025304
fw,-74.2012710571289,-80.9942474365234,52.821854557845406,-74.0858851447304,1622041971
fw,-75.2841186523437,-83.0463562011718,52.087330843764626,-98.20384550439333,1622058638
fw,-76.1733474731445,-84.5667877197265,49.83712516960052,-120.98138654414959,1622075305
fw,-76.5635910034179,-84.0982055664062,47.1106383303757,-141.86912852103202,1622091972
fw,-77.1207199096679,-82.2498245239257,44.9584231531312,-160.60593658091574,1622108639
fw,-77.6617965698242,-80.5489883422851,44.103820460539524,-176.9862283157023,1622125306
fw,-78.1705169677734,-78.9945755004882,44.75678210728117,-190.6423904177359,1622141973
fw,-78.9186325073242,-76.9514694213867,46.62792163913913,-200.96065667138166,1622158640
fw,-79.6717224121093,-74.2328567504882,49.10535418862759,-207.16831777943656,1622175307
fw,-80.1572570800781,-71.147476196289,51.49909290731697,-208.5354413926139,1622191974
fw,-80.3148727416992,-67.9770050048828,53.2509259778882,-204.58181970728324,1622208641
fw,-80.2292098999023,-64.9913253784179,54.04788068759599,-195.1929687001186,1622225308
fw,-79.9953002929687,-62.4710502624511,53.83553684160976,-180.61145613106288,1622241975
fw,-79.6650390625,-60.3258514404296,52.768573471351516,-161.3429679204797,1622258642
fw,-79.3105239868164,-58.4131164550781,51.14288327346433,-138.06031128084865,1622275309
fw,-78.9268188476562,-56.7201118469238,49.334095012869696,-111.57914321663463,1622291976
fw,-78.4437713623046,-55.1442031860351,47.74230986131785,-82.922034687663,1622308643
fw,-77.8507766723632,-53.9219245910644,46.73055103314133,-53.41691191487515,1622325310
fw,-77.207275390625,-53.281005859375,46.5506095021713,-24.735033987535832,1622341977
fw,-76.5331344604492,-53.2363319396972,47.26713848774076,1.2130233205475367,1622358644
fw,-75.8428192138671,-53.7255516052246,48.70590495032448,22.544732274919202,1622375311
fw,-75.1488647460937,-54.6963539123535,50.45529260445189,37.7812164645195,1622391978
fw,-74.4253387451171,-55.8074188232421,51.93800217538068,46.21707035151337,1622408645
fw,-73.6302337646484,-56.8094139099121,52.544645109358754,48.15215892954917,1622425312
fw,-72.7252197265625,-57.4804534912109,51.7914810653895,44.885025431227184,1622441979
fw,-71.7237243652343,-58.0422782897949,49.445276620033724,38.4427290164637,1622458646
fw,-70.7921752929687,-58.506736755371,45.56132863176198,31.113803143590275,1622475313
fw,-70.1437377929687,-58.8756866455078,40.40839274024505,24.92129934411719,1622491980
fw,-69.8627243041992,-59.1340827941894,34.29847553640865,21.19421334384311,1622508647
fw,-69.7809295654296,-59.3268814086914,27.384819959323064,20.365668356378958,1622525314
fw,-69.6511688232421,-59.9637832641601,19.517766006520613,22.057660325726193,1622541981
fw,-69.3957061767578,-61.2712249755859,10.23666237722047,25.417770396875138,1622558648
fw,-69.109748840332,-62.9373245239257,-1.0777847038160018,29.573555976359078,1622575315
fw,-69.0619659423828,-64.2209091186523,-14.941592595547911,34.009442118850465,1622591982
fw,-69.4169006347656,-64.9245834350586,-31.503464527559117,38.69939518207989,1622608649
fw,-70.4520187377929,-65.3772354125976,-50.38886612842929,43.95242868685582,1622625316
fw,-72.2927856445312,-65.8696746826171,-70.70696514417277,50.08177438315834,1622641983
fw,-74.6679382324218,-66.8017959594726,-91.19440716753934,57.09664680695136,1622658650
fw,-77.3011093139648,-68.3047332763671,-110.41544256014835,64.58522855356858,1622675317
fw,-79.9271926879882,-69.969856262207,-126.94443284004278,71.83553615313687,1622691984
fw,-82.4704818725586,-71.6950454711914,-139.51228261827333,78.10770764575003,1622708651
fw,-84.7103500366211,-73.3323822021484,-147.14994886620423,82.90311538034365,1622725318
fw,-86.0233001708984,-74.7790298461914,-149.3613636693683,86.09908374952728,1622741985
fw,-85.4495620727539,-76.1550369262695,-146.30465519759815,87.90462267420632,1622758652
fw,-83.5692825317382,-77.5535888671875,-138.90021897912612,88.6868969668235,1622775319
fw,-81.5689544677734,-79.022232055664,-128.7675918624496,88.77111918534713,1622791986
fw,-79.8106079101562,-80.5689544677734,-117.93956320119167,88.30878255689707,1622808653
fw,-78.3350601196289,-82.1066360473632,-108.39227538801833,87.25657092892897,1622825320
fw,-77.0998764038086,-83.6064987182617,-101.52071841669674,85.44805043472971,1622841987
fw,-75.7577896118164,-85.1096801757812,-97.73488290222394,82.70538058134365,1622858654
fw,-74.1500244140625,-86.5619659423828,-96.32706580858463,78.93896158568595,1622875321
fw,-72.263427734375,-87.7950439453125,-95.67107728936084,74.20651339541826,1622891988
fw,-70.3371353149414,-88.5958404541015,-93.69631352738377,68.72898615397558,1622908655
fw,-68.622200012207,-88.6235733032226,-88.48589305864553,62.87522382067689,1622925322
fw,-67.197395324707,-87.9993362426757,-78.81670250089856,57.127747712658866,1622941989
fw,-66.0768814086914,-87.1899337768554,-64.49326502874374,52.03331842964648,1622958656
fw,-65.2514190673828,-86.4291152954101,-46.39929805384029,48.13295934492958,1622975323
fw,-64.7998733520507,-85.7008972167968,-26.26838245845047,45.86586174986466,1622991990
fw,-65.0047302246093,-85.003547668457,-6.242042858870044,45.45303895412844,1623008657
fw,-65.9666519165039,-84.2877655029296,11.663107670751156,46.78341020356493,1623025324
fw,-66.7263031005859,-83.4814300537109,26.026205992586142,49.336223908006005,1623041991
fw,-67.2484283447265,-82.6220626831054,36.29095193589358,52.17247012428222,1623058658
fw,-67.9757308959961,-81.800064086914,42.7619666520387,54.01530131838902,1623075325
fw,-68.8084716796875,-80.9928359985351,46.35789701919669,53.42120742026828,1623091992
fw,-69.5307235717773,-80.1698532104492,48.22875342094897,49.023777223144,1623108659
fw,-70.0900268554687,-79.3952713012695,49.37258950286699,39.81059863045434,1623125326
fw,-70.7660293579101,-78.766357421875,50.37104757255357,25.37290640886435,1623141993
fw,-71.5945205688476,-78.3895721435546,51.31973323039521,6.055504826193966,1623158660
fw,-72.9766006469726,-78.4593353271484,51.96312812538633,-17.05602757966257,1623175327
fw,-74.3312911987304,-79.1961669921875,51.96627362028352,-42.335022491826116,1623191994
fw,-75.400634765625,-80.6457748413086,51.1979732401812,-67.96180154292595,1623208661
fw,-76.5121078491211,-82.571174621582,49.89607787695874,-92.31734152314576,1623225328
fw,-77.4616775512695,-84.1296463012695,48.63990402861744,-114.28730708485092,1623241995
fw,-77.9797134399414,-84.3012313842773,48.140574319405424,-133.36788224703372,1623258662
fw,-78.4307250976562,-83.0243072509765,48.93963458683048,-149.54823156584186,1623275329
fw,-78.9214706420898,-81.4349899291992,51.14933144030083,-163.04477321369117,1623291996
fw,-79.5334167480468,-79.8373641967773,54.35382163140783,-174.02355295791108,1623308663
fw,-80.4500274658203,-77.9479827880859,57.71875511394712,-182.4345342218818,1623325330
fw,-81.4515380859375,-75.65185546875,60.25945656094974,-188.00760181662426,1623341997
fw,-82.0430755615234,-73.0793533325195,61.14853688718634,-190.3727722093479,1623358664
fw,-82.0630874633789,-70.3109588623046,59.94090034434612,-189.21559497576317,1623375331
fw,-81.6668090820312,-67.5759506225586,56.65318920892441,-184.3826912219487,1623391998
fw,-81.0588455200195,-65.026123046875,51.71134720650282,-175.8980930938978,1623408665
fw,-80.3740844726562,-62.7177772521972,45.82557610945054,-163.90794438647197,1623425332
fw,-79.7371215820312,-60.6874351501464,39.84993803506329,-148.61016131375146,1623441999
fw,-79.2104110717773,-58.8677291870117,34.65368077191966,-130.23031123623497,1623458666
fw,-78.7131042480468,-57.087474822998,31.003718618137864,-109.0756098474505,1623475333
fw,-78.1766662597656,-55.5827522277832,29.45035446363345,-85.65144720639616,1623492000
fw,-77.6086273193359,-54.4980392456054,30.22011069044537,-60.783398209331196,1623508667
fw,-76.9989242553711,-53.8631477355957,33.137928973424536,-35.67305806867139,1623525334
fw,-76.322639465332,-53.684757232666,37.61213412582527,-11.834370839223595,1623542001
fw,-75.5501556396484,-53.9635734558105,42.71024570714831,9.101967003478991,1623558668
fw,-74.6865310668945,-54.6417808532714,47.329895989452474,25.681475409806573,1623575335
fw,-73.8075637817382,-55.5362930297851,50.43364612855067,36.941929288942205,1623592002
fw,-73.0031127929687,-56.4896392822265,51.285079360056145,42.65670142809527,1623608669
fw,-72.2561111450195,-57.2703399658203,49.613632330306,43.418057955831735,1623625336
fw,-71.5000381469726,-57.8509178161621,45.65414388261147,40.5169237212643,1623642003
fw,-70.7807922363281,-58.5382614135742,40.04507007749634,35.64332690019819,1623658670
fw,-70.2516021728515,-59.1353569030761,33.6104837170011,30.494326605175004,1623675337
fw,-69.9519805908203,-59.5165328979492,27.084347872898785,26.406281550947277,1623692004
fw,-69.8374862670898,-59.8335647583007,20.8567195069802,24.119366941998873,1623708671
fw,-69.762954711914,-60.3467712402343,14.82468844425508,23.743633003504158,1623725338
fw,-69.5987472534179,-61.3353309631347,8.406956285589093,24.93401786820305,1623742005
fw,-69.3803939819336,-62.7478828430175,0.7281036939423602,27.202969969264252,1623758672
fw,-69.3355560302734,-64.0447006225586,-9.086936759307402,30.231577355128685,1623775339
fw,-69.6366729736328,-64.849739074707,-21.614001981330468,34.03006060025874,1623792006
fw,-70.4576263427734,-65.3448715209961,-36.93065610502214,38.87116010406221,1623808673
fw,-71.955093383789,-65.7305068969726,-54.568815595487116,45.04300294615088,1623825340
fw,-73.9750213623046,-66.4174880981445,-73.5974314358261,52.56691738443253,1623842007
fw,-76.2872161865234,-67.6384506225586,-92.76521460649298,61.039341386763155,1623858674
fw,-78.6808319091796,-69.1672286987304,-110.64096890792219,69.68175470296593,1623875341
fw,-81.0869216918945,-70.907112121582,-125.74233269007401,77.569219072597,1623892008
fw,-83.449348449707,-72.7066574096679,-136.69369123679354,83.92230993626991,1623908675
fw,-85.4400939941406,-74.3527526855468,-142.4517998844503,88.32848904859243,1623925342
fw,-86.1695785522461,-75.8336791992187,-142.57825580337126,90.80583053424047,1623942009
fw,-85.0612869262695,-77.2632598876953,-137.46529230986357,91.70272510679102,1623958676
fw,-83.2928466796875,-78.7110595703125,-128.39118080386075,91.49927770481099,1623975343
fw,-81.6359481811523,-80.2101974487304,-117.32109976145226,90.60661211021667,1623992010
fw,-80.2206878662109,-81.7442245483398,-106.46412277703219,89.24193719249018,1624008677
fw,-79.0944900512695,-83.2657089233398,-97.70282008342278,87.40942291495888,1624025344
fw,-77.9727554321289,-84.7821044921875,-92.07901324870107,84.96930892475794,1624042011
fw,-76.5815200805664,-86.2750625610351,-89.51476005410026,81.75083114977237,1624058678
fw,-74.8334121704101,-87.6329650878906,-88.86959125519597,77.66232878700315,1624075345
fw,-72.9748229980468,-88.7015609741211,-88.31441809831173,72.76599740776086,1624092012
fw,-71.2638473510742,-89.0020141601562,-85.89231839914842,67.30376923902068,1624108679
fw,-69.7746505737304,-88.3655395507812,-80.08401969855173,61.6761253039207,1624125346
fw,-68.5127944946289,-87.4877548217773,-70.21480791098796,56.383262186209855,1624142013
fw,-67.5373764038086,-86.6189270019531,-56.606023396548,51.938844421649684,1624158680
fw,-66.8286743164062,-85.8214950561523,-40.45222320510704,48.765683292547955,1624175347
fw,-66.565559387207,-85.091323852539,-23.472539417137032,47.08570372454418,1624192014
fw,-66.985237121582,-84.3688735961914,-7.437731073028541,46.824048419216815,1624208681
fw,-67.6876831054687,-83.5692825317382,6.289453863776504,47.552988300340004,1624225348
fw,-68.0167922973632,-82.7100830078125,17.05932406666674,48.49812824301802,1624242015
fw,-68.2585372924804,-81.8772811889648,24.992512511726456,48.61621579965638,1624258682
fw,-68.8101654052734,-81.151138305664,30.78831427732656,46.73719906656005,1624275349
fw,-69.4004211425781,-80.4858474731445,35.37395232513917,41.75032872045956,1624292016
fw,-69.9858245849609,-79.9388427734375,39.52925489560442,32.80618859706085,1624308683
fw,-70.4356231689453,-79.5153427124023,43.61262514286851,19.499636723041753,1624325350
fw,-71.0613403320312,-79.2698898315429,47.47339189840272,1.9912743066918224,1624342017
fw,-72.1826934814453,-79.3108367919921,50.57674358408608,-18.976715760800044,1624358684
fw,-73.6833419799804,-79.8983917236328,52.29410074756985,-42.19962400804126,1624375351
fw,-74.9643173217773,-81.2553100585937,52.241909898647506,-66.2544361249638,1624392018
fw,-76.0145874023437,-83.2166137695312,50.52309012780678,-89.80392924338008,1624408685
fw,-76.9306106567382,-84.8138275146484,47.763943338562726,-111.85140887901014,1624425352
fw,-77.4684829711914,-84.6506729125976,44.93010435492708,-131.8410033667473,1624442019
fw,-77.9176483154296,-82.8448715209961,43.0011772726606,-149.56492069107233,1624458686
fw,-78.4239425659179,-80.9356384277343,42.640459376600504,-164.93741163799416,1624475353
fw,-78.8352127075195,-79.2805938720703,43.99226488673656,-177.76463509799075,1624492020
fw,-79.5178604125976,-77.4125213623046,46.679369762316846,-187.63429616340343,1624508687
fw,-80.4010162353515,-74.9904251098632,49.98402068750481,-193.97343290461993,1624525354
fw,-80.9821548461914,-72.2095794677734,53.11892427313405,-196.2269998727237,1624542021
fw,-81.1329116821289,-69.2655944824218,55.46799984892246,-194.05090772378927,1624558688
fw,-80.9652557373046,-66.3898162841796,56.71290747806577,-187.41821468818767,1624575355
fw,-80.5795440673828,-63.8407554626464,56.833601271189764,-176.59466267335782,1624592022
fw,-80.0742568969726,-61.6377525329589,56.03050616570492,-162.01446640542633,1624608689
fw,-79.543701171875,-59.6886138916015,54.629954985496774,-144.14069489740595,1624625356
fw,-79.0215682983398,-57.9759902954101,53.00854198998864,-123.40050493454584,1624642023
fw,-78.4711685180664,-56.3152122497558,51.5362920290479,-100.24112767013719,1624658690
fw,-77.8643493652343,-54.8775177001953,50.52108564829154,-75.28140238631612,1624675357
fw,-77.240493774414,-53.8836669921875,50.14528092252714,-49.473748519617686,1624692024
fw,-76.5981903076171,-53.3431587219238,50.40676599043479,-24.173582557352155,1624708691
fw,-75.8777923583984,-53.248550415039,51.09096497929858,-1.0444327533593065,1624725358
fw,-75.0713348388671,-53.7477760314941,51.796831685454585,18.209013846967917,1624742025
fw,-74.1767196655273,-54.7500610351562,52.02124772558791,32.216787884321164,1624758692
fw,-73.2397003173828,-55.6665077209472,51.28255975675934,40.31163052274199,1624775359
fw,-72.3488998413086,-56.4590110778808,49.24601181695941,42.7570995638442,1624792026
fw,-71.5360031127929,-57.0844955444335,45.809372219551264,40.73967404406803,1624808693
fw,-70.7659759521484,-57.6316604614257,41.11793260355425,36.10655150415291,1624825360
fw,-70.0668487548828,-58.0820579528808,35.499154541857614,30.91888514408723,1624842027
fw,-69.6067581176757,-58.4513664245605,29.331158163554043,26.95327860716818,1624858694
fw,-69.4201431274414,-58.7432899475097,22.881559877826632,25.302796005936663,1624875361
fw,-69.3880157470703,-59.0020637512207,16.17026195025303,26.201110511621835,1624892028
fw,-69.3542175292968,-59.7930259704589,8.913199414468888,29.12688286863841,1624908695
fw,-69.2318496704101,-61.2334785461425,0.5832859948540684,33.150729587324044,1624925362
fw,-69.1159591674804,-62.9267311096191,-9.420140725472233,37.388474260429795,1624942029
fw,-69.2472076416015,-64.1809844970703,-21.552499087464746,41.368593621879086,1624958696
fw,-69.816665649414,-64.9996795654296,-35.94114905339398,45.15510947919623,1624975363
fw,-71.0882720947265,-65.5141067504882,-52.305764407575744,49.18790761753578,1624992030
fw,-73.0291213989257,-66.0438919067382,-69.99329759906327,53.94523676504648,1625008697
fw,-75.3169403076171,-66.9467163085937,-88.08044017523984,59.61372741702069,1625025364
fw,-77.7260513305664,-68.3322830200195,-105.47713393324356,65.9282878604684,1625042031
fw,-80.0866241455078,-69.9676437377929,-121.00035813479359,72.24147265505621,1625058698
fw,-82.4583969116211,-71.7298202514648,-133.44825638429808,77.76376706885017,1625075365
fw,-84.6885833740234,-73.4273452758789,-141.7345396982005,81.84460798150864,1625092032
fw,-86.2166442871093,-74.9033966064453,-145.10901801590913,84.1661625334866,1625108699
fw,-85.8976898193359,-76.2447433471679,-143.41362875316102,84.7839326061351,1625125366
fw,-84.1842651367187,-77.5463180541992,-137.26133407973614,84.0295474684769,1625142033
fw,-82.3078308105468,-78.8748245239257,-128.02347280198785,82.34812977637016,1625158700
fw,-80.5867080688476,-80.2616729736328,-117.57503408910067,80.15177225564649,1625175367
fw,-79.086799621582,-81.6761016845703,-107.84531241087797,77.73875280623635,1625192034
fw,-77.8292465209961,-83.0773162841796,-100.30708389531704,75.28266899939136,1625208701
fw,-76.4627151489257,-84.4806137084961,-95.57299335345932,72.86381626849776,1625225368
fw,-74.8550643920898,-85.836799621582,-93.23786005509363,70.50844656918103,1625242035
fw,-73.0398025512695,-87.0574951171875,-92.02113031561781,68.21484685724661,1625258702
fw,-71.2585830688476,-88.0987548828125,-90.15963688796415,65.96495885890336,1625275369
fw,-69.6400909423828,-88.8957138061523,-85.9218579092757,63.73404514493784,1625292036
fw,-68.2361297607421,-89.0438690185546,-78.09020356393472,61.511923149666856,1625308703
fw,-67.0821838378906,-88.2710494995117,-66.28503331201469,59.33735002292119,1625325370
fw,-66.18408203125,-87.238410949707,-51.058601100349584,57.329033014360746,1625342037
fw,-65.5814895629882,-86.2479858398437,-33.74588859044363,55.684943998133136,1625358704
fw,-65.4800567626953,-85.3673553466796,-16.113934521229442,54.62745021575274,1625375371
fw,-66.1111221313476,-84.5335235595703,0.09795648243901792,54.29570025069958,1625392038
fw,-66.835464477539,-83.690185546875,13.615323783940891,54.6158068594786,1625408705
fw,-67.2249298095703,-82.7951354980468,23.90625416347563,55.19659445930153,1625425372
fw,-67.6563110351562,-81.8880920410156,31.213198087761885,55.29551376314194,1625442039
fw,-68.3310470581054,-81.0498123168945,36.34428274091062,53.87999563032505,1625458706
fw,-68.9968338012695,-80.2978973388671,40.31500037481436,49.78436318270765,1625475373
fw,-69.5822296142578,-79.6049041748046,43.9704065664342,41.938463273249134,1625492040
fw,-70.1484451293945,-78.9541854858398,47.709641370035676,29.622327595892813,1625508707
fw,-70.9052200317382,-78.4539337158203,51.397016337918146,12.682314033311672,1625525374
fw,-72.0484619140625,-78.3128356933593,54.48609387160047,-8.363466483214667,1625542041
fw,-73.6388549804687,-78.7481536865234,56.30951523149675,-32.385225865100495,1625558708
fw,-74.9592590332031,-79.8913116455078,56.419030002615294,-57.872389840352604,1625575375
fw,-76.0348663330078,-81.630012512207,54.83367216137799,-83.27163272240861,1625592042
fw,-77.0775070190429,-83.3707275390625,52.091296112711646,-107.31235770559192,1625608709
fw,-77.7844924926757,-83.8043899536132,49.08359305526283,-129.19324660738397,1625625376
fw,-78.2397918701171,-82.5590896606445,46.74484815314824,-148.56171834853205,1625642043
fw,-78.7612075805664,-81.0157852172851,45.72205652077705,-165.3178361421887,1625658710
fw,-79.1819458007812,-79.7483291625976,46.15918219139315,-179.35940274256174,1625675377
fw,-79.7507247924804,-78.2788619995117,47.67941627769036,-190.40315703802025,1625692044
fw,-80.556900024414,-76.218765258789,49.564098525536686,-197.9602295120748,1625708711
fw,-81.2818603515625,-73.6530456542968,51.042803951724906,-201.4550652129724,1625725378
fw,-81.5675354003906,-70.7339172363281,51.567436691762225,-200.41138649906475,1625742045
fw,-81.466682434082,-67.6647720336914,50.96493969945313,-194.61308269633142,1625758712
fw,-81.081787109375,-64.8188552856445,49.43236872668885,-184.17458586226604,1625775379
fw,-80.5469512939453,-62.4004249572753,47.41109650251894,-169.5042142652168,1625792046
fw,-79.9228210449218,-60.4302711486816,45.414996934037745,-151.1958838014821,1625808713
fw,-79.3097305297851,-58.7596206665039,43.88142635693234,-129.91864316791666,1625825380
fw,-78.7227020263671,-57.0778579711914,43.08123040611367,-106.37016786975354,1625842047
fw,-78.1176605224609,-55.5682716369628,43.08971643106685,-81.31713407616529,1625858714
fw,-77.4841537475586,-54.4717750549316,43.80089362573345,-55.68611728744892,1625875381
fw,-76.8412017822265,-53.8491325378418,44.965015165079855,-30.630056417290604,1625892048
fw,-76.1730041503906,-53.6491088867187,46.237185064701464,-7.499920656038347,1625908715
fw,-75.4642028808593,-53.9941177368164,47.233010646589804,12.306918568345708,1625925382
fw,-74.7388610839843,-54.7438507080078,47.590520362094125,27.594430293851786,1625942049
fw,-73.994514465332,-55.6133308410644,47.03502430211691,37.63798274174781,1625958716
fw,-73.2152557373046,-56.4698905944824,45.43705405349188,42.38209030531099,1625975383
fw,-72.389663696289,-57.1164627075195,42.8463788175805,42.487128600161626,1625992050
fw,-71.5415573120117,-57.6011848449707,39.4818575244682,39.19752258838419,1626008717
fw,-70.7905349731445,-58.2324638366699,35.66190606539117,34.06975054965801,1626025384
fw,-70.3152847290039,-58.8448677062988,31.676636455451806,28.64685387485745,1626042051
fw,-70.1377334594726,-59.2602043151855,27.62961965275107,24.176037967734455,1626058718
fw,-70.0761032104492,-59.6223602294921,23.306006455678943,21.442222149989757,1626075385
fw,-69.9697875976562,-60.1772575378418,18.136405790083757,20.750905346718977,1626092052
fw,-69.7578506469726,-61.1536140441894,11.304331094741315,22.047579488044146,1626108719
fw,-69.4778518676757,-62.4218292236328,1.9872728535231965,25.111833176544632,1626125386
fw,-69.3713607788086,-63.5806465148925,-10.348219205862987,29.730465999435463,1626142053
fw,-69.6944580078125,-64.3702392578125,-25.717049898456253,35.76440742265499,1626158720
fw,-70.7114868164062,-64.9902420043945,-43.549479844423395,43.08642843093586,1626175387
fw,-72.4180450439453,-65.6897659301757,-62.80738973635631,51.44671973334529,1626192054
fw,-74.5635604858398,-66.7617950439453,-82.2118250895085,60.36843587881088,1626208721
fw,-76.9049835205078,-68.2425765991211,-100.46795885277791,69.15592901196106,1626225388
fw,-79.1862869262695,-69.9062118530273,-116.40643302132759,77.03018186014167,1626242055
fw,-81.5568695068359,-71.6615295410156,-129.04162935882155,83.33364731348404,1626258722
fw,-83.8221893310546,-73.3835983276367,-137.61309143208584,87.7107919219779,1626275389
fw,-85.5080032348632,-74.9718933105468,-141.67499210943592,90.18461603786095,1626292056
fw,-85.6857986450195,-76.4771881103515,-141.23471655791022,91.09963477489065,1626308723
fw,-84.3602828979492,-77.9439163208007,-136.86836732211182,90.96075022871086,1626325390
fw,-82.62158203125,-79.3921966552734,-129.714024537461,90.23799842640463,1626342057
fw,-80.9424057006836,-80.8633346557617,-121.28228658857591,89.21374465196531,1626358724
fw,-79.4123306274414,-82.4004898071289,-113.1056411546825,87.92322396133554,1626375391
fw,-78.0324478149414,-83.9529266357421,-106.32944473224234,86.1972097729146,1626392058
fw,-76.572265625,-85.4945068359375,-101.3872810610405,83.77737033773315,1626408725
fw,-74.9039001464843,-86.9590835571289,-97.88299320835107,80.45521935970321,1626425392
fw,-73.0784530639648,-88.1768341064453,-94.72879905956175,76.18751348622315,1626442059
fw,-71.3238983154296,-88.7549514770507,-90.49552302584917,71.1572058094913,1626458726
fw,-69.7415313720703,-88.3869934082031,-83.85856169847813,65.76923928011132,1626475393
fw,-68.3602218627929,-87.6026535034179,-73.99982885996675,60.587201342684,1626492060
fw,-67.2727355957031,-86.7090148925781,-60.85156307199319,56.22694009084187,1626508727
fw,-66.4766845703125,-85.8258972167968,-45.12202499302124,53.22681056306781,1626525394
fw,-66.0611419677734,-84.9927368164062,-28.104605095181164,51.91453297374155,1626542061
fw,-66.1974487304687,-84.1565856933593,-11.32941825158398,52.29173150754346,1626558728
fw,-66.865364074707,-83.2815170288086,3.8368061781005447,53.959484488702266,1626575395
fw,-67.4661102294921,-82.3809585571289,16.514285746832275,56.10758329285985,1626592062
fw,-67.7178573608398,-81.430305480957,26.450360385024997,57.58262809156535,1626608729
fw,-68.185806274414,-80.4469985961914,33.9396065617651,57.035605112015595,1626625396
fw,-68.9466018676757,-79.5713195800781,39.57611912072534,53.13196264102746,1626642063
fw,-69.6238784790039,-78.8705825805664,43.949538667356485,44.791333332744784,1626658730
fw,-70.1421813964843,-78.2730102539062,47.402725085342,31.41302279392168,1626675397
fw,-70.7847595214843,-77.7760848999023,49.93589924904551,13.037308501856993,1626692064
fw,-71.8179473876953,-77.6788787841796,51.28923044244896,-9.607104540464562,1626708731
fw,-73.2307586669921,-78.2263793945312,51.16992670118275,-35.20432227743674,1626725398
fw,-74.5011367797851,-79.4098129272461,49.52410315119096,-62.097818144487015,1626742065
fw,-75.4502868652343,-81.1604461669921,46.7217545697221,-88.62345480460802,1626758732
fw,-76.2806625366211,-83.1067276000976,43.554037494150144,-113.42405623612139,1626775399
fw,-76.7731170654296,-84.1356201171875,41.02691903784812,-135.63513234377373,1626792066
fw,-77.1630096435546,-83.4029922485351,40.030236252219076,-154.8792170103439,1626808733
fw,-77.6277770996093,-81.8835754394531,41.019714634315854,-171.0900140081167,1626825400
fw,-77.9903564453125,-80.3337936401367,43.846774852367695,-184.26474266499707,1626842067
fw,-78.7603149414062,-78.5084991455078,47.80915071121856,-194.26932306634941,1626858734
fw,-79.7511901855468,-76.185073852539,51.90037959998024,-200.7807821460579,1626875401
fw,-80.5462646484375,-73.3821945190429,55.15088980612008,-203.37100221257904,1626892068
fw,-81.015022277832,-70.3365173339843,56.920624835092276,-201.66441178650985,1626908735
fw,-81.1228561401367,-67.3349533081054,57.03973700783453,-195.47644187833006,1626925402
fw,-80.9828872680664,-64.5380859375,55.77457458942972,-184.86652871457144,1626942069
fw,-80.6418914794921,-62.1829376220703,53.67090250224556,-170.09910808288066,1626958736
fw,-80.1406860351562,-60.061767578125,51.358330529287464,-151.56376167155912,1626975403
fw,-79.5740966796875,-58.2418785095214,49.38669358492897,-129.72848295997196,1626992070
fw,-79.0032577514648,-56.5394477844238,48.12824357140461,-105.1746103041782,1627008737
fw,-78.3957290649414,-54.9850578308105,47.7437838902831,-78.70351083850628,1627025404
fw,-77.7482604980468,-53.9065361022949,48.19137040002019,-51.44825091174712,1627042071
fw,-77.0953369140625,-53.3962478637695,49.25569645749863,-24.90151653319629,1627058738
fw,-76.4060974121093,-53.3933792114257,50.587885166323645,-0.7969361374379257,1627075405
fw,-75.6663360595703,-53.9555625915527,51.75747677189959,19.158587366692277,1627092072
fw,-74.8835296630859,-54.8668022155761,52.3211865279358,33.637958906585844,1627108739
fw,-74.1029968261718,-55.8457298278808,51.90453629055478,42.02457364020663,1627125406
fw,-73.3614501953125,-56.7470054626464,50.2793059991679,44.60619621206807,1627142073
fw,-72.6102752685546,-57.4621353149414,47.41163750860678,42.552363818207745,1627158740
fw,-71.7939453125,-58.1433029174804,43.45809429867974,37.66186138294245,1627175407
fw,-71.0005874633789,-58.7388954162597,38.699023276708935,31.941566973863008,1627192074
fw,-70.4327774047851,-59.0854873657226,33.41688261300159,27.134800944532323,1627208741
fw,-70.1944961547851,-59.3330688476562,27.749593554323216,24.339508515748424,1627225408
fw,-70.1775436401367,-59.6465415954589,21.570442605553772,23.83892846962494,1627242075
fw,-70.143928527832,-60.3771667480468,14.453923240870616,25.207973266502297,1627258742
fw,-69.9626083374023,-61.7608261108398,5.766374173541441,27.661393921021006,1627275409
fw,-69.7730636596679,-63.4832229614257,-5.1300822901462935,30.502562167535856,1627292076
fw,-69.8820724487304,-64.686279296875,-18.629694656436662,33.4706324991283,1627308743
fw,-70.4765090942382,-65.1859054565429,-34.68972092292267,36.82153979351153,1627325410
fw,-71.7643661499023,-65.3993148803711,-52.766276604974045,41.11272260458397,1627342077
fw,-73.6897201538086,-65.7689590454101,-71.88895091932675,46.81937810259646,1627358744
fw,-75.9534530639648,-66.6761169433593,-90.8194373508294,53.9939024763107,1627375411
fw,-78.3074111938476,-68.1414260864257,-108.21972629281571,62.14141163995346,1627392078
fw,-80.6849365234375,-69.7852020263671,-122.79070860091505,70.35615027684355,1627408745
fw,-83.0662765502929,-71.5550842285156,-133.39770954941406,77.62949869399174,1627425412
fw,-85.1566543579101,-73.2577667236328,-139.22310351462076,83.17229738134687,1627442079
fw,-86.2823257446289,-74.7519073486328,-139.95419614018118,86.61369303157025,1627458746
fw,-85.6219024658203,-76.1264572143554,-135.9528302974946,88.01854855984872,1627475413
fw,-83.9546737670898,-77.4791793823242,-128.31201181160245,87.75618198892626,1627492080
fw,-82.2708206176757,-78.8585891723632,-118.71879520965504,86.30983672886478,1627508747
fw,-80.7792510986328,-80.3010559082031,-109.11048434670685,84.11823252893578,1627525414
fw,-79.4756546020507,-81.7282104492187,-101.20097381787895,81.49901097847811,1627542081
fw,-78.1989974975586,-83.0984878540039,-96.02159483555097,78.65087892172774,1627558748
fw,-76.7529525756836,-84.4564514160156,-93.63184447730393,75.69716165254604,1627575415
fw,-75.0460357666015,-85.7823944091796,-93.10229901606746,72.73001138579338,1627592082
fw,-73.2636184692382,-86.9639739990234,-92.777920266521,69.8331555837202,1627608749
fw,-71.6200714111328,-87.9104385375976,-90.73749906348283,67.08421686233658,1627625416
fw,-70.1509780883789,-88.4555435180664,-85.3129365077674,64.55133129569231,1627642083
fw,-68.7936096191406,-88.3674621582031,-75.53239658505441,62.298103715479776,1627658750
fw,-67.68798828125,-87.6832885742187,-61.386835054976046,60.39874809048087,1627675417
fw,-66.8973922729492,-86.7779083251953,-43.86517327573906,58.9499747055492,1627692084
fw,-66.4387741088867,-85.8939208984375,-24.748483852840316,58.058848164444676,1627708751
fw,-66.4322280883789,-85.0345382690429,-6.201044768118473,57.79350993419924,1627725418
fw,-67.0947952270507,-84.1119079589843,9.75158825355639,58.1027141044128,1627742085
fw,-68.0986022949218,-83.1380767822265,21.720911478748807,58.72845070515241,1627758752
fw,-68.7497634887695,-82.1666946411132,29.278743953287254,59.143722173436494,1627775419
fw,-69.2660369873046,-81.2987060546875,32.996220756307444,58.544549486879376,1627792086
fw,-69.778091430664,-80.5132064819336,34.18529898235212,55.91645868017286,1627808753
fw,-70.2643127441406,-79.7105941772461,34.436376208973975,50.18217910585534,1627825420
fw,-70.6530380249023,-78.903335571289,35.11153422353468,40.41553653176461,1627842087
fw,-71.0633850097656,-78.2845993041992,36.95682839900075,26.0774453313327,1627858754
fw,-71.5450973510742,-77.9801559448242,39.9505067399604,7.205722947246352,1627875421
fw,-72.3514862060546,-78.0758743286132,43.426805117279685,-15.511681260974967,1627892088
fw,-73.829605102539,-78.6564788818359,46.423816003881576,-40.822407171384505,1627908755
fw,-75.1832504272461,-79.8866424560546,48.122139068921996,-67.14562003759029,1627925422
fw,-76.1094894409179,-81.6979217529296,48.203392539985195,-92.89284965273553,1627942089
fw,-77.0482025146484,-83.5199584960937,46.991030766196154,-116.76844993595994,1627958756
fw,-77.7066650390625,-84.0494232177734,45.32984086365336,-137.943268861233,1627975423
fw,-78.099380493164,-82.9027862548828,44.26780921135762,-156.0442421568237,1627992090
fw,-78.6520538330078,-81.4565200805664,44.675670602578684,-170.98642437540238,1628008757
fw,-79.1288223266601,-80.1634521484375,46.951315455406736,-182.74820749116665,1628025424
fw,-79.7725296020507,-78.5141220092773,50.909854200528535,-191.208736839378,1628042091
fw,-80.6608734130859,-76.1615447998046,55.87732173570771,-196.1171576629014,1628058758
fw,-81.3305053710937,-73.3820724487304,60.924117148989104,-197.18075700502158,1628075425
fw,-81.5721893310546,-70.4638366699218,65.13165957497753,-194.1968137120704,1628092092
fw,-81.4878845214843,-67.6132049560546,67.79951563164981,-187.14441416458726,1628108759
fw,-81.2051162719726,-65.0147476196289,68.55288104808693,-176.19329493835713,1628125426
fw,-80.747444152832,-62.7383079528808,67.36186251107964,-161.64561501922222,1628142093
fw,-80.1263046264648,-60.7196311950683,64.50470886365252,-143.86764253774916,1628158760
fw,-79.4473495483398,-58.8830490112304,60.498107459451084,-123.26998064358602,1628175427
fw,-78.7721099853515,-57.1173706054687,56.001012571807365,-100.35880960517012,1628192094
fw,-78.0462875366211,-55.67573928833,51.69344053522609,-75.82992782334982,1628208761
fw,-77.2674255371093,-54.7163314819335,48.14151016023557,-50.64340939434402,1628225428
fw,-76.4646835327148,-54.2117805480957,45.67525091521129,-26.018861410348272,1628242095
fw,-75.642707824707,-54.1143264770507,44.31419789477309,-3.3249531244327857,1628258762
fw,-74.8007202148437,-54.5162391662597,43.770148915974815,16.11927732702657,1628275429
fw,-73.8916397094726,-55.2422256469726,43.53602820594268,31.27926190898299,1628292096
fw,-72.9646759033203,-56.0558624267578,43.03973264121857,41.607025605537174,1628308763
fw,-72.099624633789,-56.8256378173828,41.81260567904803,47.14627140261198,1628325430
fw,-71.3361053466796,-57.473834991455,39.60834595564988,48.50419022617901,1628342097
fw,-70.6594924926757,-58.1379890441894,36.42146338664042,46.69921760925674,1628358764
fw,-70.085693359375,-58.9259948730468,32.39372342523897,42.9376901699251,1628375431
fw,-69.691177368164,-59.6594696044921,27.646107402625717,38.39263711298028,1628392098
fw,-69.453987121582,-60.2497634887695,22.110439710721035,34.04759687189776,1628408765
fw,-69.3216323852539,-60.7760009765625,15.442123992598354,30.638364525670138,1628425432
fw,-69.2171936035156,-61.6301231384277,7.0677464271466794,28.689557257836434,1628442099
fw,-69.0796432495117,-62.9557609558105,-3.6336176597666223,28.605267708386602,1628458766
fw,-69.0966339111328,-64.1892547607421,-17.07751120849975,30.74122406954611,1628475433
fw,-69.4628067016601,-64.8379287719726,-33.24988511003502,35.38463528566685,1628492100
fw,-70.3819961547851,-65.2446670532226,-51.604699771212196,42.62002732659268,1628508767
fw,-71.9715270996093,-65.8814086914062,-71.12352941956713,52.14594751103748,1628525434
fw,-74.1156768798828,-66.9512100219726,-90.50501171679288,63.16658974489426,1628542101
fw,-76.5280303955078,-68.5805130004882,-108.40065714753322,74.4622334753278,1628558768
fw,-78.916748046875,-70.48876953125,-123.61262691198166,84.64996956497778,1628575435
fw,-81.2943725585937,-72.4644775390625,-135.21502385614164,92.54076020888581,1628592102
fw,-83.4243087768554,-74.3498306274414,-142.61601327081092,97.44423654780213,1628608769
fw,-84.8765029907226,-76.0515518188476,-145.60142287624004,99.29647087305466,1628625436
fw,-84.9501495361328,-77.5822219848632,-144.37870974843125,98.57071513999267,1628642103
fw,-83.6893157958984,-79.0623321533203,-139.59768959102905,96.02983533785746,1628658770
fw,-81.956314086914,-80.6151351928711,-132.29851281652589,92.44131873395827,1628675437
fw,-80.2131881713867,-82.1896820068359,-123.75012683539386,88.37256978785595,1628692104
fw,-78.5616683959961,-83.6268005371093,-115.18908050587537,84.12463779095326,1628708771
fw,-77.1014556884765,-84.8689422607421,-107.52335036884806,79.78714473353766,1628725438
fw,-75.6370773315429,-85.9920578002929,-101.09880649205506,75.3499859713428,1628742105
fw,-74.0149459838867,-87.01220703125,-95.61806844136014,70.8060955339115,1628758772
fw,-72.2894973754882,-87.7890167236328,-90.25278227361328,66.20988815477315,1628775439
fw,-70.6761932373046,-88.0946426391601,-83.92056726771385,61.69024426964845,1628792106
fw,-69.2653350830078,-87.8084030151367,-75.63901982223992,57.43560819088427,1628808773
fw,-68.0605850219726,-87.1746444702148,-64.84674545704732,53.66860663588419,1628825440
fw,-67.0882873535156,-86.4539260864257,-51.59836755634106,50.61710922700529,1628842107
fw,-66.3930511474609,-85.7362594604492,-36.58109845658599,48.47941194696751,1628858774
fw,-66.0333938598632,-85.015640258789,-20.94831742405742,47.37984936209543,1628875441
fw,-66.1894760131836,-84.249641418457,-6.013771167762142,47.316250293054296,1628892108
fw,-66.9405364990234,-83.4182891845703,7.105403026998838,48.10642842519881,1628908775
fw,-67.4948196411132,-82.564468383789,17.78111510440354,49.34364085086939,1628925442
fw,-67.7780227661132,-81.7352066040039,25.998803697666727,50.37215337319106,1628942109
fw,-68.2862396240234,-81.0122451782226,32.271785529948744,50.29716258134279,1628958776
fw,-68.9861907958984,-80.3865356445312,37.38669609671935,48.047633160449536,1628975443
fw,-69.6373825073242,-79.7722244262695,42.08066748252469,42.50886038701588,1628992110
fw,-70.2090759277343,-79.1767044067382,46.763669252140694,32.72490200022044,1629008777
fw,-70.9042663574218,-78.6543960571289,51.377282672686185,18.138536696499077,1629025444
fw,-71.7984313964843,-78.338134765625,55.44011216768312,-1.19882970460971,1629042111
fw,-73.1611022949218,-78.4606628417968,58.27241683714981,-24.530400150435934,1629058778
fw,-74.8061370849609,-79.2710342407226,59.3240086350035,-50.471037655940535,1629075445
fw,-76.0540924072265,-80.7322769165039,58.47632915328206,-77.25863320345857,1629092112
fw,-77.2005996704101,-82.4990234375,56.18660486161625,-103.1064909194528,1629108779
fw,-78.1616287231445,-83.5305862426757,53.40124336492704,-126.53511486171908,1629125446
fw,-78.6739273071289,-83.0623397827148,51.261729267170985,-146.57008304688998,1629142113
fw,-79.2087249755859,-81.7881927490234,50.71381070341353,-162.7570063295594,1629158780
fw,-79.751594543457,-80.6260910034179,52.172039844552,-175.02853306104106,1629175447
fw,-80.2617721557617,-79.3740310668945,55.37004020740835,-183.5137014220738,1629192114
fw,-80.9920883178711,-77.5979690551757,59.45044139820167,-188.380763262698,1629208781
fw,-81.8386535644531,-75.2628784179687,63.250198879518535,-189.76242827579858,1629225448
fw,-82.2337036132812,-72.5474777221679,65.66255088604458,-187.76021876923238,1629242115
fw,-82.0632095336914,-69.6640625,65.94145724434388,-182.48939537312253,1629258782
fw,-81.5655517578125,-66.9060287475586,63.860986661779876,-174.11775690471939,1629275449
fw,-80.9521713256836,-64.4566955566406,59.71643905369574,-162.8687529755869,1629292116
fw,-80.2813339233398,-62.3429679870605,54.209299684627176,-148.99186298223205,1629308783
fw,-79.6203231811523,-60.5742492675781,48.272160988829256,-132.73253602929236,1629325450
fw,-79.0155792236328,-58.8779258728027,42.87542251232282,-114.34051667019025,1629342117
fw,-78.3870544433593,-57.2510147094726,38.84119525364817,-94.13295164086715,1629358784
fw,-77.674446105957,-55.9255332946777,36.6861211049845,-72.59097959257076,1629375451
fw,-76.9386978149414,-54.9814262390136,36.519945554125,-50.43992745939467,1629392118
fw,-76.1784362792968,-54.4239082336425,38.02690629143602,-28.66126956554249,1629408785
fw,-75.3982772827148,-54.2177543640136,40.542405352003755,-8.408272578664896,1629425452
fw,-74.6050491333007,-54.5157737731933,43.21050130995451,9.16737485947966,1629442119
fw,-73.792251586914,-55.1559410095214,45.180828843813735,23.136984157001965,1629458786
fw,-73.0199813842773,-55.89501953125,45.78963171661154,32.99944682981636,1629475453
fw,-72.295539855957,-56.6094627380371,44.67525872711403,38.79869142689405,1629492120
fw,-71.5563125610351,-57.2446708679199,41.80119056263063,41.105865113603336,1629508787
fw,-70.7640151977539,-57.8922119140625,37.388812893319916,40.86511041862109,1629525454
fw,-70.0285949707031,-58.6298446655273,31.78549031432692,39.15356945013688,1629542121
fw,-69.5469818115234,-59.3096542358398,25.306118652896973,36.93718886750945,1629558788
fw,-69.3751831054687,-59.8533859252929,18.091796559633174,34.90235261354944,1629575455
fw,-69.4307174682617,-60.3643455505371,10.030243531387365,33.41615631852222,1629592122
fw,-69.5197296142578,-61.1535873413085,0.7734397213846339,32.625883839704215,1629608789
fw,-69.5769424438476,-62.5666580200195,-10.139419714658414,32.654526897583196,1629625456
fw,-69.7410888671875,-64.2352676391601,-23.087677049187473,33.793231800255754,1629642123
fw,-70.3184661865234,-65.2741241455078,-38.173820636632904,36.56583547752567,1629658790
fw,-71.4424285888671,-65.6281585693359,-55.10178607920374,41.58537053946486,1629675457
fw,-73.2196044921875,-65.9477767944336,-73.16896835549876,49.237432715942035,1629692124
fw,-75.4975967407226,-66.5863647460937,-91.35816011027916,59.34520900163367,1629708791
fw,-77.9759368896484,-67.9099960327148,-108.4791334013358,71.00842828798781,1629725458
fw,-80.4246826171875,-69.723762512207,-123.31374004777564,82.73005730975738,1629742125
fw,-82.8723907470703,-71.7667007446289,-134.75264066025812,92.79902762191102,1629758792
fw,-84.9183197021484,-73.8853988647461,-141.9394262486447,99.77279800669905,1629775459
fw,-85.9596939086914,-75.794807434082,-144.429979382829,102.8643860408923,1629792126
fw,-85.3018112182617,-77.4102935791015,-142.3371624394878,102.09428710809145,1629808793
fw,-83.5729446411132,-78.8229675292968,-136.3962805946953,98.18051775376551,1629825460
fw,-81.6937408447265,-80.1945190429687,-127.88607536282998,92.24916994392795,1629842127
fw,-79.9567413330078,-81.605110168457,-118.38151395196444,85.50071846086098,1629858794
fw,-78.3630447387695,-82.966926574707,-109.38186325743182,78.94754731336982,1629875461
fw,-76.9740829467773,-84.1798400878906,-101.91891178953031,73.27310623663027,1629892128
fw,-75.5839614868164,-85.3131637573242,-96.27528071167264,68.80068645350399,1629908795
fw,-74.0322265625,-86.4387741088867,-91.91687193731141,65.53268936010676,1629925462
fw,-72.3525238037109,-87.4858093261718,-87.67370951037847,63.2288393726062,1629942129
fw,-70.7833099365234,-88.3855361938476,-82.11683313055373,61.51100334906291,1629958796
fw,-69.4342651367187,-88.9031829833984,-74.01251950380866,59.99072168146461,1629975463
fw,-68.3003997802734,-88.4853439331054,-62.715799098200215,58.405540451865136,1629992130
fw,-67.4306869506836,-87.4497909545898,-48.39323631185647,56.7293776607993,1630008797
fw,-66.8460922241211,-86.3657913208007,-32.01910705069452,55.20757663560446,1630025464
fw,-66.5888137817382,-85.4951553344726,-15.147995509285263,54.27677481995482,1630042131
fw,-66.8687362670898,-84.8188095092773,0.47835920410236277,54.369444970573646,1630058798
fw,-67.7253799438476,-84.1207656860351,13.3840148690259,55.658031289105615,1630075465
fw,-68.5145263671875,-83.3260879516601,22.73574846532489,57.833224065386396,1630092132
fw,-68.9149856567382,-82.3656997680664,28.519849447470577,60.00977993272394,1630108799
fw,-69.3356246948242,-81.3041687011718,31.46108176914313,60.810683240300165,1630125466
fw,-69.9128036499023,-80.2727432250976,32.72319471860857,58.61879889680419,1630142133
fw,-70.4333572387695,-79.330451965332,33.50700208349184,51.931917234419046,1630158800
fw,-70.8707962036132,-78.5030288696289,34.6844691066027,39.728295708344156,1630175467
fw,-71.2333297729492,-77.9527893066406,36.581676078895576,21.74728557546775,1630192134
fw,-71.8399658203125,-77.8077392578125,38.972031287350966,-1.3912466039130602,1630208801
fw,-72.9143371582031,-78.1753234863281,41.27466853516385,-28.26810462358903,1630225468
fw,-74.253059387207,-79.1768951416015,42.87934047489439,-56.935219823021484,1630242135
fw,-75.2818298339843,-80.7669067382812,43.46326745551803,-85.30867068387244,1630258802
fw,-76.1617355346679,-82.710693359375,43.16287666022374,-111.57402149341551,1630275469
fw,-76.8008728027343,-83.9130477905273,42.52727109785054,-134.4819524029361,1630292136
fw,-77.1448059082031,-83.3598480224609,42.281500954658405,-153.44626074582465,1630308803
fw,-77.6735382080078,-81.7812881469726,43.013447730754606,-168.43163030325576,1630325470
fw,-78.1317977905273,-80.2641906738281,44.92688441429974,-179.70399667590178,1630342137
fw,-78.7669372558593,-78.7167663574218,47.76497251278869,-187.5665091771405,1630358804
fw,-79.7337341308593,-76.6870880126953,50.92467746088548,-192.1901260018669,1630375471
fw,-80.5669326782226,-74.1411743164062,53.69502281896183,-193.58116314787816,1630392138
fw,-81.0574722290039,-71.3575592041015,55.50394397447192,-191.6523216311802,1630408805
fw,-81.1852111816406,-68.4996871948242,56.072368960632915,-186.32228603962182,1630425472
fw,-81.0047760009765,-65.7756881713867,55.43653145143871,-177.5781524428229,1630442139
fw,-80.6241378784179,-63.378131866455,53.868341605812105,-165.48003090891612,1630458806
fw,-80.127571105957,-61.2253723144531,51.759243268482614,-150.13640989338708,1630475473
fw,-79.6019134521484,-59.3784637451171,49.52440903220052,-131.70235779942405,1630492140
fw,-79.1014251708984,-57.7439079284668,47.548805808658926,-110.43815142683096,1630508807
fw,-78.5577316284179,-56.2064056396484,46.161863210039904,-86.82420222666231,1630525474
fw,-77.9121398925781,-54.9776153564453,45.61249645630283,-61.684027325648174,1630542141
fw,-77.2291030883789,-54.2386169433593,46.025074058688155,-36.24432912109975,1630558808
fw,-76.5477905273437,-54.0209236145019,47.34075908168841,-12.072288776840962,1630575475
fw,-75.8504180908203,-54.2509002685546,49.27253145872147,9.12848430699984,1630592142
fw,-75.1131515502929,-55.0118141174316,51.31149417177707,25.82716978630199,1630608809
fw,-74.2809906005859,-55.8725547790527,52.80853823435858,36.99749422290131,1630625476
fw,-73.353042602539,-56.7109184265136,53.122602784011534,42.36940702495768,1630642143
fw,-72.3833618164062,-57.3768768310546,51.790350883793984,42.51493202420683,1630658810
fw,-71.4028625488281,-58.0381317138671,48.651893958059865,38.73343869687596,1630675477
fw,-70.5278930664062,-58.7179412841796,43.875205746411524,32.766730822407666,1630692144
fw,-69.9667510986328,-59.2279586791992,37.856842816266365,26.425804737554994,1630708811
fw,-69.7377243041992,-59.591251373291,31.026991713832796,21.23207723123921,1630725478
fw,-69.6166000366211,-59.8424377441406,23.6340014767641,18.16786367519404,1630742145
fw,-69.4427261352539,-60.2597007751464,15.60406466800752,17.60085870732069,1630758812
fw,-69.206428527832,-61.1536293029785,6.547720051657132,19.395659960267615,1630775479
fw,-69.0130920410156,-62.4502563476562,-4.079734517512662,23.15591130018672,1630792146
fw,-69.1156921386718,-63.6535453796386,-16.730830364016985,28.480078101423945,1630808813
fw,-69.5932083129882,-64.4067916870117,-31.539654732470236,35.10526075528321,1630825480
fw,-70.5730819702148,-64.8422088623046,-48.20840729833796,42.87807536546881,1630842147
fw,-72.2102737426757,-65.4175949096679,-66.03504584196999,51.59767848267423,1630858814
fw,-74.3180160522461,-66.4078903198242,-84.0399192335514,60.85445809047445,1630875481
fw,-76.6605148315429,-67.9335708618164,-101.11555935742692,69.98585571629641,1630892148
fw,-79.0539474487304,-69.7129211425781,-116.14513392473891,78.19240131289413,1630908815
fw,-81.4772796630859,-71.5698089599609,-128.0901962618909,84.75707962680488,1630925482
fw,-83.6734619140625,-73.3183898925781,-136.08952301622784,89.2521863543291,1630942149
fw,-85.1495819091796,-74.8580551147461,-139.6017079640734,91.62985396169822,1630958816
fw,-85.1614685058593,-76.3413391113281,-138.5712597262075,92.16091406176328,1630975483
fw,-83.9307861328125,-77.8235473632812,-133.543818185245,91.2675096896936,1630992150
fw,-82.3382492065429,-79.3212280273437,-125.64366103117557,89.34182283166078,1631008817
fw,-80.7972564697265,-80.8147430419921,-116.36918732135155,86.63547343541693,1631025484
fw,-79.366584777832,-82.2646789550781,-107.23864832405539,83.255194877463,1631042151
fw,-78.075325012207,-83.6293869018554,-99.39010870892403,79.24385444964749,1631058818
fw,-76.770149230957,-84.9601287841796,-93.27178086133232,74.69120008495533,1631075485
fw,-75.2950897216796,-86.2242050170898,-88.53624288096006,69.81659157983489,1631092152
fw,-73.6485900878906,-87.3057174682617,-84.18259616776888,64.98851773737793,1631108819
fw,-72.0377197265625,-88.0725784301757,-78.90198664588573,60.67641415266695,1631125486
fw,-70.6166458129882,-88.4243087768554,-71.51141568583732,57.35533997064946,1631142153
fw,-69.4334564208984,-88.2810363769531,-61.33708212336425,55.39679646487345,1631158820
fw,-68.5181579589843,-87.7575531005859,-48.435182315884994,54.97818115626059,1631175487
fw,-67.9088821411132,-87.014175415039,-33.59526168670548,56.03175837556455,1631192154
fw,-67.6019058227539,-86.1351776123046,-18.134025157529805,58.23797761972346,1631208821
fw,-67.7934875488281,-85.1526947021484,-3.5417345946539958,61.054870671627924,1631225488
fw,-68.4877700805664,-84.0359268188476,8.915960513184029,63.76899117190992,1631242155
fw,-69.1074295043945,-82.8649063110351,18.518699341985933,65.55342286655241,1631258822
fw,-69.4259796142578,-81.7796096801757,25.23057980198976,65.5234510704143,1631275489
fw,-69.8804321289062,-80.835693359375,29.616008093071667,62.7903729498054,1631292156
fw,-70.4761810302734,-80.0367279052734,32.573977103400324,56.526039340830096,1631308823
fw,-70.9460906982421,-79.3714752197265,34.995425188501585,46.05670524126591,1631325490
fw,-71.3417053222656,-78.8429565429687,37.4656292877682,30.9948268873758,1631342157
fw,-71.8711318969726,-78.4365310668945,40.1106377497317,11.39010913238124,1631358824
fw,-72.6329727172851,-78.3081436157226,42.63731766170491,-12.151454910219849,1631375491
fw,-73.8060684204101,-78.7284851074218,44.54883598086481,-38.44809139906057,1631392158
fw,-75.1561813354492,-79.8299713134765,45.44642195828358,-65.87122558004012,1631408825
fw,-76.2102355957031,-81.5033645629882,45.28482655856758,-92.61731277413449,1631425492
fw,-77.0923080444336,-83.3367919921875,44.46248524506332,-117.04981379718475,1631442159
fw,-77.6985549926757,-84.056640625,43.69979595160699,-137.99646964983424,1631458826
fw,-78.0547637939453,-82.9670104980468,43.75669116668384,-154.89795557280598,1631475493
fw,-78.6537780761718,-81.1476364135742,45.1148774395804,-167.7664926589452,1631492160
fw,-79.1859893798828,-79.4745330810546,47.76526244941586,-176.9938378020739,1631508827
fw,-79.8140487670898,-77.820198059082,51.1922059927603,-183.10224906585907,1631525494
fw,-80.7237319946289,-75.845100402832,54.55810551030027,-186.5334109629497,1631542161
fw,-81.6179885864257,-73.5072021484375,57.00521353768323,-187.52893523756674,1631558828
fw,-82.1158676147461,-70.8730545043945,57.94559355495244,-186.10551449967153,1631575495
fw,-82.1127548217773,-68.022705078125,57.226109170805536,-182.0958783218944,1631592162
fw,-81.731201171875,-65.2577896118164,55.123236003070964,-175.21976980919234,1631608829
fw,-81.1237411499023,-62.7661743164062,52.202021007114844,-165.1599493407566,1631625496
fw,-80.437255859375,-60.5537605285644,49.12062981960374,-151.63707225638402,1631642163
fw,-79.7458724975586,-58.6607131958007,46.459574329035185,-134.49320399823952,1631658830
fw,-79.09326171875,-56.8802299499511,44.61866232427682,-113.79534232684135,1631675497
fw,-78.4609069824218,-55.3064994812011,43.784331681717816,-89.95383778940287,1631692164
fw,-77.8186416625976,-54.1041984558105,43.946077656059366,-63.82504408287364,1631708831
fw,-77.1852874755859,-53.3328895568847,44.936563417438265,-36.74915492272549,1631725498
fw,-76.4985122680664,-52.9671440124511,46.47755421474856,-10.47573245664567,1631742165
fw,-75.6863708496093,-53.2027778625488,48.22367243948586,13.046263636192664,1631758832
fw,-74.7597579956054,-54.0161399841308,49.80297369958238,31.99534852433959,1631775499
fw,-73.7984542846679,-55.1102752685546,50.855913462065075,45.05382968265848,1631792166
fw,-72.8860168457031,-56.296573638916,51.07253951795436,51.72789904986278,1631808833
fw,-72.0004196166992,-57.2488822937011,50.22319142131021,52.50116202561987,1631825500
fw,-71.1192626953125,-58.1503448486328,48.17344440509687,48.75272299654863,1631842167
fw,-70.3045806884765,-58.9472503662109,44.87304385073069,42.44583490681282,1631858834
fw,-69.656509399414,-59.5182571411132,40.314453694940426,35.669803521432115,1631875501
fw,-69.2338562011718,-59.9090919494628,34.47015663122104,30.16811880915416,1631892168
fw,-68.9758987426757,-60.2237854003906,27.233780414376607,26.99671780128003,1631908835
fw,-68.7969818115234,-60.7824401855468,18.397756426884673,26.42263362767995,1631925502
fw,-68.641242980957,-61.9781417846679,7.690577847803633,28.093030918775128,1631942169
fw,-68.5377731323242,-63.6467704772949,-5.128930013363211,31.39374511464837,1631958836
fw,-68.7083969116211,-65.0716018676757,-20.151451013094892,35.823489940250205,1631975503
fw,-69.3143692016601,-65.7480773925781,-37.21602696759486,41.19774308968061,1631992170
fw,-70.481819152832,-66.1087265014648,-55.86197222324099,47.590826215304226,1632008837
fw,-72.3566589355468,-66.6462707519531,-75.33938964308834,55.077570009913906,1632025504
fw,-74.7222290039062,-67.6574783325195,-94.65860659307704,63.450473198216564,1632042171
fw,-77.2186279296875,-69.179573059082,-112.65715650229657,72.09285911829042,1632058838
fw,-79.7420120239257,-71.0153884887695,-128.0865607104844,80.0884362737835,1632075505
fw,-82.2959213256836,-73.0096969604492,-139.74670144628215,86.5113182156429,1632092172
fw,-84.5337753295898,-74.8527526855468,-146.69000694811865,90.7461915748483,1632108839
fw,-85.6745071411132,-76.383071899414,-148.4703549844927,92.68032942441202,1632125506
fw,-85.0055847167968,-77.7256698608398,-145.35129730235485,92.68331698455329,1632142173
fw,-83.3872528076171,-79.0333251953125,-138.36238808504226,91.40100083768522,1632158840
fw,-81.6723480224609,-80.3919296264648,-129.12862655267892,89.47523889597986,1632175507
fw,-80.0785751342773,-81.8423614501953,-119.48417754991802,87.31867528669312,1632192174
fw,-78.6080169677734,-83.2953033447265,-110.97614267801197,85.02626568779279,1632208841
fw,-77.2346801757812,-84.6569137573242,-104.42210653680345,82.43081990184622,1632225508
fw,-75.7103195190429,-85.9943008422851,-99.67972229881819,79.25195956027338,1632242175
fw,-73.9355545043945,-87.2449417114257,-95.71790259526936,75.26834888459331,1632258842
fw,-72.0817108154296,-88.1636810302734,-90.97260888828706,70.45552593958129,1632275509
fw,-70.3970413208007,-88.281494140625,-83.86869379574092,65.05598955874858,1632292176
fw,-69.002456665039,-87.6852264404296,-73.33569716987539,59.56912196370344,1632308843
fw,-67.9182510375976,-86.8832855224609,-59.15871383565998,54.66292828046214,1632325510
fw,-67.1656036376953,-86.1189498901367,-42.06986309552247,51.02156723075835,1632342177
fw,-66.7712478637695,-85.4234161376953,-23.567844621633245,49.156072871157384,1632358844
fw,-66.8802719116211,-84.7780151367187,-5.526382450276722,49.219709488457845,1632375511
fw,-67.6798019409179,-84.0791473388671,10.292911558187189,50.877812741827604,1632392178
fw,-68.5576248168945,-83.2377777099609,22.677804954875054,53.276470628702846,1632408845
fw,-69.0354385375976,-82.2370452880859,31.217425636602666,55.13153619086052,1632425512
fw,-69.5239944458007,-81.2256469726562,36.295808861985904,54.92592305100142,1632442179
fw,-70.2520370483398,-80.3869323730468,38.85024188041137,51.17356748482312,1632458846
fw,-70.8500900268554,-79.7215423583984,40.00014891071518,42.695314660012095,1632475513
fw,-71.3158264160156,-79.1664733886718,40.68372530399071,28.855597108963646,1632492180
fw,-71.7761917114257,-78.845588684082,41.421069266625985,9.718786741863255,1632508847
fw,-72.447883605957,-78.9447784423828,42.27341198110673,-13.907202146844092,1632525514
fw,-73.5982894897461,-79.5468826293945,42.99933207157265,-40.561057063091916,1632542181
fw,-74.8865737915039,-80.6013793945312,43.331722715631834,-68.34997268580139,1632558848
fw,-75.9738693237304,-82.1495513916015,43.24282605394752,-95.26651696716614,1632575515
fw,-76.8559112548828,-83.7192153930664,43.064827563252535,-119.52868792265143,1632592182
fw,-77.3794708251953,-84.0887832641601,43.40075233784437,-139.85355119539122,1632608849
fw,-77.8270111083984,-82.9053268432617,44.8636348919617,-155.5890687372456,1632625516
fw,-78.3590011596679,-81.2565078735351,47.76712427703097,-166.67753832312238,1632642183
fw,-78.7212829589843,-79.7223968505859,51.91527134131137,-173.4883103167836,1632658850
fw,-79.3643112182617,-77.9810333251953,56.59386519226947,-176.6023872856972,1632675517
fw,-80.3459396362304,-75.7846755981445,60.77358943966943,-176.63123530117952,1632692184
fw,-81.1357421875,-73.2812347412109,63.43931081600643,-174.1107411809278,1632708851
fw,-81.4725341796875,-70.7136077880859,63.90662656327603,-169.45966369736684,1632725518
fw,-81.3650817871093,-68.2130279541015,62.004381985857904,-162.96407567389463,1632742185
fw,-80.9483947753906,-65.9066543579101,58.07697032695373,-154.75855444886082,1632758852
fw,-80.3565521240234,-63.8441085815429,52.84373461191048,-144.80750607949508,1632775519
fw,-79.6890487670898,-61.9902839660644,47.19773785659888,-132.9176854481907,1632792186
fw,-79.0565032958984,-60.3074836730957,42.01998100087093,-118.8139258735596,1632808853
fw,-78.5078582763671,-58.6837768554687,38.04774316849703,-102.2831382895207,1632825520
fw,-77.9529113769531,-57.2714881896972,35.796709194597426,-83.3541549599611,1632842187
fw,-77.3348159790039,-56.2188720703125,35.516475980812864,-62.455164905287276,1632858854
fw,-76.6842269897461,-55.4937744140625,37.162630244511334,-40.48908801604816,1632875521
fw,-76.0028991699218,-55.0894050598144,40.386350789139854,-18.78776947819455,1632892188
fw,-75.2902374267578,-55.0757789611816,44.55792913532916,1.063131210894594,1632908855
fw,-74.5223007202148,-55.6005134582519,48.841174432426044,17.503466163152208,1632925522
fw,-73.6657257080078,-56.3811836242675,52.320370116496704,29.323666719071053,1632942189
fw,-72.7663497924804,-57.162181854248,54.15949340661659,35.94992293901898,1632958856
fw,-71.8719787597656,-57.8418006896972,53.7567577265098,37.599489795489816,1632975523
fw,-70.9860382080078,-58.4697799682617,50.853728630263966,35.247943957906855,1632992190
fw,-70.1201934814453,-59.1564140319824,45.567438970493136,30.410111707807406,1633008857
fw,-69.4161300659179,-59.6862564086914,38.33161506787692,24.796830260624613,1633025524
fw,-69.0065002441406,-59.9493370056152,29.75564289014284,19.945865370329873,1633042191
fw,-68.8662948608398,-60.1595420837402,20.435091279101652,16.930806292815767,1633058858
fw,-68.86572265625,-60.4337615966796,10.769595781925625,16.230566367028544,1633075525
fw,-68.8872833251953,-61.1290321350097,0.8506741685144523,17.794221975147735,1633092192
fw,-68.8821105957031,-62.370807647705,-9.537239273023568,21.26347526189083,1633108859
fw,-68.9973068237304,-63.6661186218261,-20.80211883705215,26.242154119217144,1633125526
fw,-69.4293670654296,-64.5433578491211,-33.36195691961786,32.47464688154153,1633142193
fw,-70.340461730957,-65.0550537109375,-47.46374084013123,39.84573359104875,1633158860
fw,-71.9212951660156,-65.5247192382812,-63.059294200698524,48.22360170404588,1633175527
fw,-74.0629806518554,-66.3516311645507,-79.7546675552378,57.267174305241674,1633192194
fw,-76.4513854980468,-67.7615432739257,-96.81593215419194,66.3406956687849,1633208861
fw,-78.9353790283203,-69.4722213745117,-113.211779382134,74.60942634332558,1633225528
fw,-81.4925537109375,-71.3015823364257,-127.70011614442507,81.27877756500445,1633242195
fw,-83.923713684082,-73.0935440063476,-138.98800784478814,85.85596842834491,1633258862
fw,-85.6974334716796,-74.6608734130859,-145.97684580747799,88.30255580898508,1633275529
fw,-85.7570266723632,-76.0192565917968,-148.0485930139572,89.00544782200762,1633292196
fw,-84.1949844360351,-77.2984085083007,-145.2936903045514,88.58555288686654,1633308863
fw,-82.2070617675781,-78.6065139770507,-138.5702417169405,87.63815823698573,1633325530
fw,-80.3198852539062,-79.997085571289,-129.33249753150838,86.52146022044418,1633342197
fw,-78.6171188354492,-81.4553451538086,-119.25430127096583,85.27399824367971,1633358864
fw,-77.1359481811523,-82.9226608276367,-109.7596742846529,83.67417800142547,1633375531
fw,-75.7556915283203,-84.3708190917968,-101.61917825785733,81.39439175024103,1633392198
fw,-74.2582931518554,-85.7634506225586,-94.75625365195599,78.1756026072639,1633408865
fw,-72.6052093505859,-86.9799499511718,-88.33597186987639,73.95878301889898,1633425532
fw,-70.9507522583007,-87.8868713378906,-81.1065241465197,68.94126938484537,1633442199
fw,-69.4782257080078,-88.3146057128906,-71.87317272293268,63.55807868457379,1633458866
fw,-68.2992324829101,-88.1332397460937,-59.94293865331106,58.40686660516363,1633475533
fw,-67.4301681518554,-87.5169906616211,-45.39824656929787,54.1378873691955,1633492200
fw,-66.8818588256836,-86.7330169677734,-29.121794662827416,51.32348528275972,1633508867
fw,-66.6848831176757,-85.9976730346679,-12.573241242629745,50.31651481114857,1633525534
fw,-67.0456466674804,-85.3712005615234,2.611372163114136,51.11295303188396,1633542201
fw,-67.9195022583007,-84.7057266235351,15.074938136164564,53.24979085755455,1633558868
fw,-68.6091156005859,-83.86767578125,24.104637461248572,55.781094842506036,1633575535
fw,-69.0357284545898,-82.8626022338867,29.786081344389185,57.36660499024448,1633592202
fw,-69.5978012084961,-81.8878936767578,32.89836259785981,56.475947192055145,1633608869
fw,-70.1571884155273,-81.007942199707,34.59755546309063,51.67271571197903,1633625536
fw,-70.6438980102539,-80.2186203002929,36.007895555547606,41.91528451780654,1633642203
fw,-71.0232238769531,-79.6035842895507,37.86191013995462,26.802970234218655,1633658870
fw,-71.4562530517578,-79.3035278320312,40.30793651512961,6.7042173794391635,1633675537
fw,-72.265380859375,-79.473876953125,42.94848502890745,-17.274993841480786,1633692204
fw,-73.5881042480468,-80.1848678588867,45.09373676861302,-43.488576830064346,1633708871
fw,-74.9496002197265,-81.499526977539,46.12885598542105,-70.0727405130912,1633725538
fw,-75.9909439086914,-83.2114715576171,45.839420602620386,-95.30759480397285,1633742205
fw,-76.9717559814453,-84.3414077758789,44.552564616847285,-117.91013064099245,1633758872
fw,-77.514045715332,-83.7772674560546,43.03363769368078,-137.16949208903415,1633775539
fw,-77.8342208862304,-81.9757690429687,42.18911667761665,-152.8956255180458,1633792206
fw,-78.2945098876953,-80.1572799682617,42.71178797544412,-165.2283898817707,1633808873
fw,-78.7559356689453,-78.5744018554687,44.82512240446552,-174.4053096257167,1633825540
fw,-79.4874725341796,-76.8429107666015,48.23182448794976,-180.58534551540825,1633842207
fw,-80.5014190673828,-74.6786422729492,52.272022830293906,-183.78032913513283,1633858874
fw,-81.4079971313476,-72.1530303955078,56.19920847038765,-183.8871268329809,1633875541
fw,-81.7709503173828,-69.3515319824218,59.437123192377015,-180.7729873939756,1633892208
fw,-81.6234283447265,-66.5874099731445,61.71045558101214,-174.35679938576368,1633908875
fw,-81.1828079223632,-64.1955871582031,63.02395633119126,-164.6476397124523,1633925542
fw,-80.6113815307617,-62.1198539733886,63.54473329028623,-151.73849289834544,1633942209
fw,-80.0079193115234,-60.3010559082031,63.47477247890738,-135.78897760687204,1633958876
fw,-79.3888931274414,-58.6450424194335,62.97687882512932,-117.04295128017347,1633975543
fw,-78.7181091308593,-57.0135993957519,62.16456094946921,-95.90284513069831,1633992210
fw,-77.9154663085937,-55.6992149353027,61.12289386724568,-73.03633461990773,1634008877
fw,-77.038345336914,-54.8415641784668,59.91741696814342,-49.45431752794075,1634025544
fw,-76.1833267211914,-54.346263885498,58.57095151274987,-26.496670568135112,1634042211
fw,-75.3462371826171,-54.1846923828125,57.02276867694702,-5.693402254250352,1634058878
fw,-74.4903182983398,-54.5702972412109,55.10591404548855,11.485489078961546,1634075545
fw,-73.5864181518554,-55.2908020019531,52.57399065465434,23.935801972915996,1634092212
fw,-72.6633605957031,-56.0641899108886,49.182572202012466,31.19526261852258,1634108879
fw,-71.7482604980468,-56.7805137634277,44.798230005263605,33.597342948278886,1634125546
fw,-70.87451171875,-57.2533569335937,39.48729741866566,32.236304947807874,1634142213
fw,-70.0762481689453,-57.7082214355468,33.53735379956939,28.735197232293025,1634158880
fw,-69.4794082641601,-58.2012977600097,27.386420235672116,24.875640502523343,1634175547
fw,-69.1511001586914,-58.5479850769043,21.46958175963282,22.193746472250922,1634192214
fw,-69.0189971923828,-58.8217468261718,16.028757353280074,21.655835691001627,1634208881
fw,-68.9225845336914,-59.1544609069824,10.955578004835322,23.506660262839947,1634225548
fw,-68.8002319335937,-59.7700080871582,5.737127681526443,27.339734263432547,1634242215
fw,-68.7116775512695,-60.9097900390625,-0.45576517195270305,32.37382260131239,1634258882
fw,-68.6991500854492,-62.5049743652343,-8.55000576537776,37.83910157826599,1634275549
fw,-68.8703384399414,-64.0705947875976,-19.287567183203794,43.31471348411266,1634292216
fw,-69.3528060913086,-65.0845718383789,-32.975267223237815,48.863399856690535,1634308883
fw,-70.3829116821289,-65.6570358276367,-49.352594472091816,54.89805288932419,1634325550
fw,-72.1224594116211,-66.2412490844726,-67.61236297971443,61.851637181664174,1634342217
fw,-74.3808670043945,-67.2059097290039,-86.5448616951078,69.8269974121463,1634358884
fw,-76.8480453491211,-68.7638702392578,-104.73732029864985,78.41084367109913,1634375551
fw,-79.30029296875,-70.6446762084961,-120.76946808881117,86.74271764924148,1634392218
fw,-81.7862319946289,-72.6530456542968,-133.38745386605981,93.79426231438003,1634408885
fw,-83.9746856689453,-74.5891647338867,-141.6695399037394,98.71490868573855,1634425552
fw,-85.3050994873046,-76.3070068359375,-145.18735790492488,101.08420908019835,1634442219
fw,-85.1413040161132,-77.849365234375,-144.12758462610037,100.97442265139296,1634458886
fw,-83.794937133789,-79.2941360473632,-139.31006862075162,98.8269109206573,1634475553
fw,-82.1077575683593,-80.7257461547851,-132.04962427666544,95.22827387663258,1634492220
fw,-80.4478302001953,-82.1839218139648,-123.86010656398298,90.6992508212892,1634508887
fw,-78.8705444335937,-83.5759963989257,-116.06689574345175,85.57783606427122,1634525554
fw,-77.3535537719726,-84.8291473388671,-109.44453711352982,80.01635873504706,1634542221
fw,-75.8051834106445,-85.9817581176757,-104.00399412222316,74.05932824455222,1634558888
fw,-74.0860366821289,-87.03515625,-99.01169414515589,67.74852846551634,1634575555
fw,-72.2974014282226,-87.7800979614257,-93.24494558487501,61.212040531218435,1634592222
fw,-70.6175460815429,-88.0096359252929,-85.40587269536859,54.71560966484418,1634608889
fw,-69.1927947998046,-87.7449340820312,-74.56248364424384,48.67051361669853,1634625556
fw,-68.0742645263671,-87.2632598876953,-60.480998187020916,43.5971805629092,1634642223
fw,-67.2480087280273,-86.7099075317382,-43.75386708664053,40.04453259202214,1634658890
fw,-66.7373428344726,-86.168098449707,-25.69093441441553,38.46938965534613,1634675557
fw,-66.6982421875,-85.6606369018554,-8.00538630489248,39.09123435741102,1634692224
fw,-67.3816452026367,-85.1455459594726,7.6187584169004765,41.75234096408716,1634708891
fw,-68.221076965332,-84.5408096313476,19.951620131560553,45.82469046517018,1634725558
fw,-68.7248992919921,-83.7614669799804,28.50193698133324,50.204756548058015,1634742225
fw,-69.1645965576171,-82.8572692871093,33.57134927399523,53.42050277384655,1634758892
fw,-69.844985961914,-81.9640808105468,36.07322512377764,53.84589805903379,1634775559
fw,-70.4798812866211,-81.1382293701171,37.19390853383204,49.98801568309842,1634792226
fw,-70.9396743774414,-80.3785934448242,38.01679620675598,40.79002893732125,1634808893
fw,-71.3114929199218,-79.7289657592773,39.227611032573996,25.88291782236532,1634825560
fw,-71.8600463867187,-79.3778839111328,40.98883085460539,5.719313593574407,1634842227
fw,-72.7629241943359,-79.5604858398437,43.019174658485596,-18.46128275563846,1634858894
fw,-74.0754318237304,-80.3503189086914,44.84190414919065,-44.84951236040991,1634875561
fw,-75.276252746582,-81.6570587158203,46.093669749480334,-71.42385309813604,1634892228
fw,-76.3864669799804,-83.2936401367187,46.75246050912217,-96.35370638177335,1634908895
fw,-77.1934356689453,-84.3803329467773,47.176459351526546,-118.32725439004072,1634925562
fw,-77.716064453125,-84.044448852539,47.935190396952876,-136.70453031180406,1634942229
fw,-78.1513977050781,-82.5398406982421,49.51617811438924,-151.46012871986676,1634958896
fw,-78.518081665039,-80.8241806030273,52.053031565602886,-162.96013468816437,1634975563
fw,-79.0841674804687,-79.1423034667968,55.2124387282742,-171.67584455916642,1634992230
fw,-80.0118026733398,-77.2131881713867,58.30001595850826,-177.94508546661294,1635008897
fw,-81.030647277832,-74.9598007202148,60.535375535144084,-181.8513189718128,1635025564
fw,-81.7205200195312,-72.476203918457,61.36261924987795,-183.22848128018072,1635042231
fw,-81.8327331542968,-69.8220443725586,60.65097348951594,-181.74969389248523,1635058898
fw,-81.4315643310546,-67.1815795898437,58.7062628574627,-177.04136616107144,1635075565
fw,-80.785888671875,-64.7051620483398,56.11389060311912,-168.78043697154473,1635092232
fw,-80.026741027832,-62.4359703063964,53.5077687940757,-156.76444689976572,1635108899
fw,-79.2961196899414,-60.4456253051757,51.37260403880894,-140.969309735431,1635125566
fw,-78.679458618164,-58.7085838317871,49.94639809730932,-121.61333810051329,1635142233
fw,-78.1236038208007,-57.1164932250976,49.229402429718064,-99.229257519171,1635158900
fw,-77.5237045288086,-55.8491477966308,49.05893659339143,-74.72211305988147,1635175567
fw,-76.883674621582,-54.9763488769531,49.1947116354834,-49.37558421684971,1635192234
fw,-76.1918792724609,-54.5082092285156,49.3755465504453,-24.77140151598693,1635208901
fw,-75.4229736328125,-54.4482460021972,49.33982161431551,-2.606712439649742,1635225568
fw,-74.576416015625,-54.8924713134765,48.82833317234679,15.57356959889248,1635242235
fw,-73.6490173339843,-55.7699851989746,47.595821796643854,28.676485205032208,1635258902
fw,-72.7342376708984,-56.5652847290039,45.445491077923194,36.31131504441239,1635275569
fw,-71.9111251831054,-57.1948852539062,42.27945010543558,38.90395647995526,1635292236
fw,-71.1538925170898,-57.7347984313964,38.14099182107779,37.620424916075244,1635308903
fw,-70.4691162109375,-58.2844696044921,33.22088722706318,34.105674796384484,1635325570
fw,-69.9278717041015,-58.8530006408691,27.809830983422785,30.106907449365114,1635342237
fw,-69.6029586791992,-59.300796508789,22.198173820702028,27.087312468037656,1635358904
fw,-69.4838409423828,-59.7120285034179,16.546898251979485,25.937840919135525,1635375571
fw,-69.470458984375,-60.0935478210449,10.774025395051504,26.868184466215176,1635392238
fw,-69.4913253784179,-60.6843681335449,4.508340772082489,29.510709211196232,1635408905
fw,-69.4772415161132,-61.8655052185058,-2.852726875580009,33.20487709165396,1635425572
fw,-69.4928817749023,-63.4811515808105,-11.98303946584127,37.35577788877445,1635442239
fw,-69.7700576782226,-64.8359985351562,-23.41440072179244,41.71246807536972,1635458906
fw,-70.4416351318359,-65.5745391845703,-37.346834935600924,46.43294872707795,1635475573
fw,-71.7173614501953,-66.0236434936523,-53.54819205357815,51.904037088770934,1635492240
fw,-73.6819534301757,-66.6113204956054,-71.36261899216521,58.41684673927495,1635508907
fw,-76.1118927001953,-67.6749267578125,-89.79633929558341,65.87875570980526,1635525574
fw,-78.6643829345703,-69.2337112426757,-107.62950197121863,73.71819374539267,1635542241
fw,-81.2525939941406,-71.0245666503906,-123.52797256771291,81.0282682214894,1635558908
fw,-83.8197174072265,-72.8963317871093,-136.17291378851542,86.87007135037301,1635575575
fw,-85.9312973022461,-74.6704940795898,-144.4425011736462,90.5858824430894,1635592242
fw,-86.5477066040039,-76.2255630493164,-147.6459503996834,91.98448881942457,1635608909
fw,-85.034065246582,-77.6280899047851,-145.74815477884727,91.33685937380446,1635625576
fw,-82.8362045288086,-78.9871215820312,-139.48147670720857,89.21356329202509,1635642243
fw,-80.801025390625,-80.3473052978515,-130.25441201137588,86.25735713623497,1635658910
fw,-79.0491256713867,-81.6827316284179,-119.83628616712366,82.99059860290907,1635675577
fw,-77.5427551269531,-82.9546890258789,-109.89234299029638,79.71734722683617,1635692244
fw,-76.2069396972656,-84.1823043823242,-101.51849340148354,76.52646305866057,1635708911
fw,-74.7936706542968,-85.4496002197265,-94.94172911148466,73.36457815299657,1635725578
fw,-73.2138366699218,-86.7263793945312,-89.4997188333045,70.13663382336918,1635742245
fw,-71.5517501831054,-87.9014663696289,-83.91174143103241,66.79854037976799,1635758912
fw,-69.9969253540039,-88.669692993164,-76.74597109285916,63.41839657512494,1635775579
fw,-68.6757888793945,-88.5597915649414,-66.9212108216073,60.19281887157915,1635792246
fw,-67.6610946655273,-87.8461456298828,-54.079069199150645,57.41346422249056,1635808913
fw,-66.9667434692382,-86.9837112426757,-38.71706426571935,55.38769965721912,1635825580
fw,-66.5757522583007,-86.149185180664,-22.05477448380384,54.327130151044656,1635842247
fw,-66.768928527832,-85.392578125,-5.685495908499833,54.22787482024311,1635858914
fw,-67.636848449707,-84.6032638549804,8.871607059336519,54.77497897378019,1635875581
fw,-68.3047790527343,-83.6917419433593,20.57178416580406,55.304856644194594,1635892248
fw,-68.6509857177734,-82.7073364257812,29.066041043034414,54.8487560680544,1635908915
fw,-69.1798706054687,-81.8154678344726,34.68208832337916,52.25866347720629,1635925582
fw,-69.9242324829101,-81.10791015625,38.198715735322956,46.39496205517668,1635942249
fw,-70.5441665649414,-80.5499038696289,40.51736979694288,36.34180302822251,1635958916
fw,-70.9842071533203,-80.0813751220703,42.35291636013761,21.610923395431957,1635975583
fw,-71.5377197265625,-79.8322143554687,44.043995632322236,2.291004004912741,1635992250
fw,-72.276123046875,-79.9346771240234,45.54014039220156,-20.90237859560665,1636008917
fw,-73.5199203491211,-80.5870361328125,46.56176603476247,-46.71057933095079,1636025584
fw,-74.8316116333007,-81.9604110717773,46.858598522182554,-73.54978044449953,1636042251
fw,-75.896240234375,-83.8932418823242,46.442440011193405,-99.81062721447194,1636058918
fw,-76.7962875366211,-85.2880249023437,45.67645326774154,-124.14176123541738,1636075585
fw,-77.3100662231445,-84.4885025024414,45.17166542999438,-145.61436012508443,1636092252
fw,-77.6841964721679,-82.1751174926757,45.53830737368816,-163.715540920465,1636108919
fw,-78.2457504272461,-79.908950805664,47.112741492838566,-178.2025617468364,1636125586
fw,-78.6816177368164,-77.9680557250976,49.79230413849195,-188.91625516923685,1636142253
fw,-79.3600234985351,-75.9170684814453,53.056455687252836,-195.65937215695212,1636158920
fw,-80.3091049194336,-73.4096069335937,56.16197315248726,-198.1933590757389,1636175587
fw,-81.0408172607421,-70.5649108886718,58.41800943959613,-196.33329599792677,1636192254
fw,-81.264663696289,-67.5764770507812,59.41510641990491,-190.0694016606261,1636208921
fw,-81.0586242675781,-64.6812286376953,59.11704646913312,-179.63769292719812,1636225588
fw,-80.6732177734375,-62.1892204284668,57.802649328761746,-165.49831393589747,1636242255
fw,-80.1770095825195,-60.2056579589843,55.915653102514916,-148.23589058426924,1636258922
fw,-79.6100921630859,-58.4795608520507,53.905052069228034,-128.44290090711976,1636275589
fw,-79.0122680664062,-57.0177726745605,52.11480993950626,-106.65895378706617,1636292256
fw,-78.3752746582031,-55.605182647705,50.73918057964012,-83.40741059449061,1636308923
fw,-77.6684188842773,-54.3831024169921,49.827386054555596,-59.31246193201479,1636325590
fw,-76.9095458984375,-53.5555572509765,49.311583920609706,-35.227831378099715,1636342257
fw,-76.1669921875,-53.2060585021972,49.040019086212915,-12.291693528451846,1636358924
fw,-75.431037902832,-53.3268737792968,48.80994298050559,8.150990496198258,1636375591
fw,-74.7050094604492,-53.8890113830566,48.40162386889989,24.76241738066968,1636392258
fw,-73.9798049926757,-54.7908706665039,47.613333260994985,36.50735727446703,1636408925
fw,-73.2120132446289,-55.7424964904785,46.292364772720234,42.93531720822222,1636425592
fw,-72.4139709472656,-56.5417938232421,44.35451014175836,44.34790000339471,1636442259
fw,-71.6053466796875,-57.1781120300293,41.785427659072624,41.78193515445471,1636458926
fw,-70.8030014038086,-57.8474464416503,38.61971415644947,36.80082208277644,1636475593
fw,-70.0742492675781,-58.5410270690918,34.89587147521736,31.15171170768442,1636492260
fw,-69.5642471313476,-59.0812187194824,30.590613734465457,26.386663927376127,1636508927
fw,-69.3421325683593,-59.4488525390625,25.548030521539843,23.552733868725905,1636525594
fw,-69.2615280151367,-59.7403106689453,19.43509821695422,23.03770006526265,1636542261
fw,-69.1526641845703,-60.3776626586914,11.761907630407165,24.620206997499373,1636558928
fw,-69.0043563842773,-61.6289939880371,1.988543998244917,27.71084381477365,1636575595
fw,-68.9551391601562,-63.2368965148925,-10.298963822879001,31.69162331407648,1636592262
fw,-69.2743072509765,-64.5199661254882,-25.202953619505408,36.20394037519709,1636608929
fw,-70.0673141479492,-65.2063598632812,-42.39324917446717,41.24840701623383,1636625596
fw,-71.532485961914,-65.6011352539062,-61.10008439864186,47.055616049286364,1636642263
fw,-73.6602325439453,-66.165412902832,-80.21694546567291,53.814433592283976,1636658930
fw,-76.1016845703125,-67.2099990844726,-98.46369071614969,61.42226113050018,1636675597
fw,-78.5456008911132,-68.7344436645507,-114.55313525333217,69.39966909465942,1636692264
fw,-81.0303421020507,-70.4766311645507,-127.33698201381297,77.00878700176423,1636708931
fw,-83.3131713867187,-72.2542648315429,-135.94502583789358,83.50008419319396,1636725598
fw,-84.9795989990234,-73.945442199707,-139.93475094984672,88.35250961476424,1636742265
fw,-85.3565368652343,-75.4492263793945,-139.43094822307754,91.39163863659178,1636758932
fw,-84.3500747680664,-76.8335266113281,-135.1910234724175,92.74696981665163,1636775599
fw,-82.8468933105468,-78.1874084472656,-128.52297615533965,92.69499846292351,1636792266
fw,-81.2748107910156,-79.5973205566406,-121.02543760776722,91.48417968078326,1636808933
fw,-79.7152786254882,-81.0626678466796,-114.19425813114789,89.23134884598743,1636825600
fw,-78.1528549194336,-82.5373382568359,-109.00899263227898,85.92877211393709,1636842267
fw,-76.5843429565429,-83.9791412353515,-105.63924553631259,81.54014276135723,1636858934
fw,-74.8368301391601,-85.37158203125,-103.38090228009041,76.12537549758022,1636875601
fw,-72.9487380981445,-86.6599426269531,-100.8571636008599,69.9320927928889,1636892268
fw,-71.0764617919921,-87.7529296875,-96.42866207653734,63.417679221024166,1636908935
fw,-69.3958740234375,-88.5174789428711,-88.68703877712693,57.19916978657014,1636925602
fw,-67.997085571289,-88.7424392700195,-76.8842138591576,51.95197053723293,1636942269
fw,-66.9043884277343,-88.4259185791015,-61.17844877800318,48.28700660095777,1636958936
fw,-66.1272659301757,-87.8296661376953,-42.63830550678064,46.633018574649924,1636975603
fw,-65.758560180664,-87.1439895629882,-23.01106625557796,47.14281642413886,1636992270
fw,-65.8955307006836,-86.4214401245117,-4.31808112225472,49.63460207165388,1637008937
fw,-66.5336380004882,-85.5701293945312,11.61812975457583,53.57433168022529,1637025604
fw,-67.3965682983398,-84.5518112182617,23.58688814941246,58.101299594639684,1637042271
fw,-67.9164657592773,-83.4209976196289,31.224409761236583,62.09439073147618,1637058938
fw,-68.4186401367187,-82.3324127197265,35.00687632491488,64.27191702662184,1637075605
fw,-69.0644454956054,-81.4202041625976,36.020684867750205,63.31815747272764,1637092272
fw,-69.6471939086914,-80.6435012817382,35.60153765027239,58.03542327474771,1637108939
fw,-70.1336898803711,-79.8665466308593,34.96311912273417,47.52296752725736,1637125606
fw,-70.5894088745117,-79.1909790039062,34.92117429846457,31.37130140747218,1637142273
fw,-71.2238998413086,-78.7366638183593,35.77891872712502,9.832090836389696,1637158940
fw,-71.9276580810546,-78.7212829589843,37.38901668937194,-16.101766539734186,1637175607
fw,-72.952880859375,-79.3787689208984,39.353208219799164,-44.76866671443648,1637192274
fw,-74.117317199707,-80.6903839111328,41.27526275757781,-74.08425686318569,1637208941
fw,-75.0690994262695,-82.4911499023437,42.96464943530331,-101.91473571240314,1637225608
fw,-75.8681716918945,-84.138671875,44.51073434470923,-126.47240144773461,1637242275
fw,-76.4299011230468,-84.3439712524414,46.206280090626144,-146.60960328557468,1637258942
fw,-77.1176147460937,-82.9130172729492,48.36825098048001,-161.9219152692159,1637275609
fw,-77.883544921875,-81.0378341674804,51.147938092113804,-172.64507659222613,1637292276
fw,-78.6064147949218,-79.2673263549804,54.41986033313983,-179.4073508272406,1637308943
fw,-79.50146484375,-77.3190841674804,57.795245220176426,-182.94167210256813,1637325610
fw,-80.4582443237304,-75.0275421142578,60.74588645988084,-183.85324005739784,1637342277
fw,-81.2151336669921,-72.5233993530273,62.77632968913675,-182.49194907388983,1637358944
fw,-81.5648574829101,-69.8586883544921,63.568083450345334,-178.9278454322575,1637375611
fw,-81.5092544555664,-67.1789855957031,63.04438145332697,-172.99868637753292,1637392278
fw,-81.2161102294921,-64.6888046264648,61.35110100233286,-164.39732126915996,1637408945
fw,-80.7761917114257,-62.4028358459472,58.78825554712287,-152.7805595013754,1637425612
fw,-80.2081298828125,-60.2725944519043,55.73556799302157,-137.8929174094897,1637442279
fw,-79.5606307983398,-58.5198059082031,52.597428070327005,-119.69764351540225,1637458946
fw,-78.8733596801757,-56.9538536071777,49.766568026573204,-98.4962876256168,1637475613
fw,-78.1454086303711,-55.6398735046386,47.59068536586531,-75.00797731804373,1637492280
fw,-77.4055099487304,-54.6944122314453,46.32812340406585,-50.37863463906353,1637508947
fw,-76.7134399414062,-54.1290817260742,46.09197588131558,-26.099076887734263,1637525614
fw,-76.046401977539,-53.9726524353027,46.796835610342136,-3.8272760596751807,1637542281
fw,-75.3702850341796,-54.3279800415039,48.1313284019768,14.867065529510317,1637558948
fw,-74.6351470947265,-55.0675506591796,49.57866945313225,28.790410326815316,1637575615
fw,-73.7808837890625,-55.9540252685546,50.49541809876143,37.376577344791386,1637592282
fw,-72.8220825195312,-56.7362937927246,50.237568314979214,40.82457275651032,1637608949
fw,-71.810188293457,-57.3862037658691,48.30070921111322,40.06813972379614,1637625616
fw,-70.8293075561523,-58.0702743530273,44.42820541659349,36.57128806821335,1637642283
fw,-70.0535659790039,-58.7526512145996,38.646556307413285,31.999833152099075,1637658950
fw,-69.6157302856445,-59.2239685058593,31.211166826388386,27.857049958963277,1637675617
fw,-69.4496994018554,-59.5812644958496,22.480593475056143,25.182807988192373,1637692284
fw,-69.41796875,-59.8677978515625,12.767861466917935,24.403499926506186,1637708951
fw,-69.4608535766601,-60.4831008911132,2.228325448378172,25.384336889490985,1637725618
fw,-69.5535430908203,-61.7098922729492,-9.172050603867083,27.67090757561196,1637742285
fw,-69.7587203979492,-63.3307723999023,-21.599728397875978,30.82419478455862,1637758952
fw,-70.2903289794921,-64.6044006347656,-35.2376362480217,34.69385871629943,1637775619
fw,-71.3041229248046,-65.2306289672851,-50.15928673139309,39.48917697293469,1637792286
fw,-73.0275955200195,-65.5863037109375,-66.23162459497198,45.60799249660494,1637808953
fw,-75.2742691040039,-66.0943908691406,-83.05543488996359,53.31880805566186,1637825620
fw,-77.7632064819336,-67.1266250610351,-99.93202586495977,62.47366779112156,1637842287
fw,-80.2827072143554,-68.6100234985351,-115.85773864965417,72.40714546031099,1637858954
fw,-82.7874603271484,-70.3696060180664,-129.58261127010732,82.0697530884487,1637875621
fw,-85.1075973510742,-72.3574752807617,-139.78315127510055,90.32284093003436,1637892288
fw,-86.4311370849609,-74.3242034912109,-145.3579433571873,96.25316643315207,1637908955
fw,-85.6033325195312,-76.0425720214843,-145.7738390043972,99.37526886219867,1637925622
fw,-83.6114425659179,-77.5249557495117,-141.325465041573,99.66208255544974,1637942289
fw,-81.5794219970703,-78.9371719360351,-133.17190902864064,97.43424267394083,1637958956
fw,-79.7455291748046,-80.4133987426757,-123.08974933619163,93.19641302834957,1637975623
fw,-78.1568832397461,-81.9111404418945,-112.99602899674426,87.50739092160588,1637992290
fw,-76.8417129516601,-83.3483123779296,-104.39459177410077,80.92170417531824,1638008957
fw,-75.5147705078125,-84.6887588500976,-97.94015534179773,73.98372687912922,1638025624
fw,-73.9502334594726,-85.9307098388671,-93.27844207454736,67.22760340569464,1638042291
fw,-72.1340255737304,-86.9972991943359,-89.21994633140106,61.147580889063725,1638058958
fw,-70.3829803466796,-87.8406982421875,-84.18012572101749,56.13756462401896,1638075625
fw,-68.8858871459961,-88.5022354125976,-76.72526877724646,52.42972076276344,1638092292
fw,-67.7105941772461,-88.9211654663086,-66.04114668520944,50.070121581589,1638108959
fw,-66.8402252197265,-88.7200775146484,-52.189794896073515,48.95030312988811,1638125626
fw,-66.2171401977539,-87.9247283935546,-36.1017644670789,48.87887075357103,1638142293
fw,-65.8950958251953,-87.022705078125,-19.327260430429714,49.64875145166125,1638158960
fw,-66.0807189941406,-86.2378768920898,-3.6234202463434872,51.05315902267125,1638175627
fw,-66.8946762084961,-85.5045547485351,9.509190503990625,52.83137912705012,1638192294
fw,-67.5978240966796,-84.722297668457,19.208857712461402,54.568439261546956,1638208961
fw,-67.9979705810546,-83.8746566772461,25.435782525348177,55.60468323648447,1638225628
fw,-68.4526748657226,-83.0234375,28.89959238482198,55.01477961225992,1638242295
fw,-68.9585952758789,-82.235855102539,30.76664014945928,51.692235553927645,1638258962
fw,-69.4095001220703,-81.5022964477539,32.258321869172306,44.5388453049004,1638275629
fw,-69.8134460449218,-80.8587112426757,34.278098779508795,32.721665978733526,1638292296
fw,-70.3009643554687,-80.3787002563476,37.1829638487355,15.930641951759002,1638308963
fw,-70.9646377563476,-80.1540985107421,40.76258466824346,-5.445326323165949,1638325630
fw,-72.0800247192382,-80.4228591918945,44.42041476635102,-30.297810058850803,1638342297
fw,-73.3821182250976,-81.4096145629882,47.480111305619786,-56.96844371328481,1638358964
fw,-74.3912658691406,-82.9393081665039,49.492380317067315,-83.57779328354182,1638375631
fw,-75.4708709716796,-84.4580078125,50.41828648937702,-108.41439881868786,1638392298
fw,-76.3459548950195,-84.5105590820312,50.62038573204112,-130.2499521706115,1638408965
fw,-76.8571548461914,-82.7206420898437,50.677796588341685,-148.4715987299232,1638425632
fw,-77.4427108764648,-80.5712280273437,51.11651721390259,-163.0019724354027,1638442299
fw,-77.9687423706054,-78.772476196289,52.17967673988832,-174.0707877573661,1638458966
fw,-78.6456680297851,-77.0888214111328,53.738991015950965,-181.95625029021897,1638475633
fw,-79.5120468139648,-75.0508728027343,55.37790847287299,-186.80335876797838,1638492300
fw,-80.3367233276367,-72.6010971069336,56.593661681429985,-188.56612242474264,1638508967
fw,-80.8279571533203,-69.9366149902343,57.013562987597936,-187.05486816004336,1638525634
fw,-80.8480377197265,-67.1923217773437,56.5267512748453,-182.03378693538966,1638542301
fw,-80.5388488769531,-64.5006027221679,55.288128965556346,-173.31641070869057,1638558968
fw,-80.0230712890625,-62.0447349548339,53.619653010105075,-160.83333041986873,1638575635
fw,-79.4102783203125,-60.05517578125,51.875736332468875,-144.67521053425097,1638592302
fw,-78.7943878173828,-58.4681701660156,50.337487776083435,-125.12970808601668,1638608969
fw,-78.2265930175781,-56.8917655944824,49.16694486041927,-102.72825275292375,1638625636
fw,-77.67578125,-55.4812850952148,48.413886797841904,-78.29971129461565,1638642303
fw,-77.1030883789062,-54.4590606689453,48.04596479734954,-53.00192043982692,1638658970
fw,-76.5174789428711,-53.8660240173339,47.97399719148644,-28.286463228732835,1638675637
fw,-75.8928451538086,-53.7220840454101,48.06062098663041,-5.762338370841558,1638692304
fw,-75.1961593627929,-54.1060218811035,48.11889443877958,13.040595028669236,1638708971
fw,-74.4460296630859,-54.8270301818847,47.91723279158845,26.963411322658835,1638725638
fw,-73.6588897705078,-55.7380599975585,47.20399594182726,35.485758784660604,1638742305
fw,-72.8233413696289,-56.5594139099121,45.752115528524975,38.87970081520199,1638758972
fw,-71.9374618530273,-57.2030525207519,43.4092934823298,38.18298512507752,1638775639
fw,-71.0427474975586,-57.8497161865234,40.1304435251734,34.97822983718131,1638792306
fw,-70.2715682983398,-58.544620513916,35.97038987028264,31.02839849198147,1638808973
fw,-69.7754516601562,-59.0540161132812,31.027369174047564,27.866475635510582,1638825640
fw,-69.5980682373046,-59.420555114746,25.35009390450208,26.453959182919977,1638842307
fw,-69.5590362548828,-59.6982650756835,18.845866422479872,27.011081777981122,1638858974
fw,-69.4730072021484,-60.2132759094238,11.239762194717517,29.084436884608433,1638875641
fw,-69.3362655639648,-61.3244934082031,2.120905670244887,31.849626131295224,1638892308
fw,-69.3086776733398,-63.1066856384277,-8.927872996676205,34.55248307724355,1638908975
fw,-69.6019134521484,-64.8416290283203,-22.16461768547398,36.909343833922556,1638925642
fw,-70.3340682983398,-65.7674789428711,-37.55373263062137,39.27396977855176,1638942309
fw,-71.6442413330078,-66.086067199707,-54.709385144783404,42.47163632402227,1638958976
fw,-73.5720748901367,-66.2440338134765,-72.91903945930005,47.367084612885535,1638975643
fw,-75.9381103515625,-66.7649154663086,-91.2123671326255,54.3780360525369,1638992310
fw,-78.4403762817382,-68.0227890014648,-108.44025582151575,63.17756871477926,1639008977
fw,-80.9169769287109,-69.7089385986328,-123.363699216896,72.7267801253294,1639025644
fw,-83.3155212402343,-71.6001892089843,-134.78741289183068,81.6092383210777,1639042311
fw,-85.1800460815429,-73.5417556762695,-141.7661119024966,88.50022630640682,1639058978
fw,-85.6590118408203,-75.280044555664,-143.85574674286926,92.56352453333692,1639075645
fw,-84.5218124389648,-76.7399749755859,-141.31709548300734,93.63017076654924,1639092312
fw,-82.815200805664,-78.03564453125,-135.15747479980922,92.13075126303357,1639108979
fw,-81.0785980224609,-79.336555480957,-126.94136345007136,88.86052045324456,1639125646
fw,-79.4356002807617,-80.7159805297851,-118.39282924223059,84.70497783073081,1639142313
fw,-77.9154281616211,-82.1065826416015,-110.90599262421671,80.43115861518325,1639158980
fw,-76.4721450805664,-83.4342193603515,-105.13018997938264,76.5859440007136,1639175647
fw,-74.8917922973632,-84.7461471557617,-100.78167520099132,73.48255950494745,1639192314
fw,-73.0800704956054,-86.0479965209961,-96.75825477568638,71.23047375396466,1639208981
fw,-71.2254409790039,-87.2667770385742,-91.5250312079188,69.77327505618385,1639225648
fw,-69.5523986816406,-88.2886810302734,-83.64155190129111,68.92440023259277,1639242315
fw,-68.1796035766601,-88.8505630493164,-72.2542217622651,68.40987424024588,1639258982
fw,-67.1378402709961,-88.4184799194336,-57.39876622281294,67.92847115419951,1639275649
fw,-66.4136886596679,-87.3220443725586,-40.02834970331084,67.22403943625217,1639292316
fw,-66.1068038940429,-86.098159790039,-21.76983983319607,66.14384077877399,1639308983
fw,-66.3764724731445,-85.0266571044921,-4.487487758510617,64.64717899802906,1639325650
fw,-67.2006301879882,-84.0426712036132,10.212271707306869,62.74224308994471,1639342317
fw,-67.9323654174804,-83.1284790039062,21.379847897051842,60.362950592587474,1639358984
fw,-68.2584228515625,-82.2958450317382,28.89818169393245,57.23329520661517,1639375651
fw,-68.7238464355468,-81.5689239501953,33.38858944414835,52.783977811826816,1639392318
fw,-69.416519165039,-80.9328842163086,35.902166806898904,46.176318298738884,1639408985
fw,-69.951171875,-80.3411102294921,37.52354941966891,36.45541103075622,1639425652
fw,-70.3341064453125,-79.8099365234375,39.02744657804805,22.808009182196894,1639442319
fw,-70.8182830810546,-79.4123992919921,40.696339446755374,4.854166877146536,1639458986
fw,-71.579963684082,-79.4263839721679,42.35107241969456,-17.127099390466725,1639475653
fw,-72.8050460815429,-79.9594497680664,43.573375389294995,-42.13171687688068,1639492320
fw,-74.1055297851562,-81.0697708129882,44.02338805712245,-68.57059854535136,1639508987
fw,-75.1130981445312,-82.7820816040039,43.70847289940055,-94.58796470674095,1639525654
fw,-76.0042953491211,-84.5550460815429,43.07525225744784,-118.45801675221495,1639542321
fw,-76.5343933105468,-84.8996887207031,42.8762319253273,-138.9238483449311,1639558988
fw,-76.9189682006836,-83.2592468261718,43.86771127945653,-155.36402202656862,1639575655
fw,-77.4886779785156,-81.0313949584961,46.47444730631844,-167.74683752138804,1639592322
fw,-77.9486846923828,-78.9570541381836,50.57206676577508,-176.4235278395767,1639608989
fw,-78.6757507324218,-76.9385833740234,55.48519406659638,-181.86928017819412,1639625656
fw,-79.7510528564453,-74.6968917846679,60.20294637281446,-184.4765130196888,1639642323
fw,-80.7613906860351,-72.1637878417968,63.717886901920075,-184.4520824920574,1639658990
fw,-81.3373489379882,-69.4965438842773,65.34504796468248,-181.81014725652938,1639675657
fw,-81.4272994995117,-66.8145904541015,64.89912062636621,-176.4197352944454,1639692324
fw,-81.1548461914062,-64.2455444335937,62.685773764240906,-168.06862057130832,1639708991
fw,-80.6634216308593,-61.9169616699218,59.34873307743235,-156.52861103667712,1639725658
fw,-80.0380401611328,-59.90864944458,55.66042065203342,-141.62991453482667,1639742325
fw,-79.404556274414,-58.1706848144531,52.33696513902042,-123.35784753572015,1639758992
fw,-78.8119735717773,-56.6238937377929,49.918281736046985,-101.97092942118636,1639775659
fw,-78.1683883666992,-55.2517547607421,48.7115725170746,-78.11485330983018,1639792326
fw,-77.4310226440429,-54.283145904541,48.77362163980241,-52.886869441086404,1639808993
fw,-76.6589126586914,-53.7602500915527,49.90915445799556,-27.80257725094345,1639825660
fw,-75.8356170654296,-53.6399116516113,51.680848246714795,-4.636926105924965,1639842327
fw,-74.9574661254882,-54.0661888122558,53.4454092037659,14.851915110976812,1639858994
fw,-74.0629119873046,-54.8953323364257,54.435124611886124,29.264871265296666,1639875661
fw,-73.1500473022461,-55.9208450317382,53.890709125619985,37.88430088966202,1639892328
fw,-72.2531814575195,-56.9083099365234,51.22599618500928,40.87548004804206,1639908995
fw,-71.3674850463867,-57.6484832763671,46.18165737217078,39.28578703957352,1639925662
fw,-70.5217895507812,-58.2064476013183,38.91582489937954,34.817251805456806,1639942329
fw,-69.8261413574218,-58.735107421875,29.989615977168512,29.42485491377642,1639958996
fw,-69.4015960693359,-59.1399307250976,20.23358455700399,24.855681805120984,1639975663
fw,-69.3214111328125,-59.4121017456054,10.52030954897485,22.26639678399859,1639992330
fw,-69.4783554077148,-59.6429252624511,1.5066064343454368,22.0345756770476,1640008997
fw,-69.6436614990234,-60.1393127441406,-6.570184238431382,23.82315476879356,1640025664
fw,-69.7248153686523,-61.214370727539,-13.968065026240042,26.87640116977526,1640042331
fw,-69.7816009521484,-62.7593727111816,-21.358900655077367,30.43580305566381,1640058998
fw,-70.035041809082,-64.1483917236328,-29.6204434582139,34.10103876384496,1640075665
fw,-70.6943969726562,-64.9000930786132,-39.57784870974208,37.971364464612144,1640092332
fw,-71.9141311645507,-65.2544860839843,-51.77515017049234,42.50345381413901,1640108999
fw,-73.7744064331054,-65.6287765502929,-66.3220948008481,48.168675799122354,1640125666
fw,-76.101936340332,-66.4414749145507,-82.81701718560284,55.09921967203541,1640142333
fw,-78.6295852661132,-67.8314819335937,-100.32925245019605,62.911246409835556,1640159000
fw,-81.2079315185546,-69.4872894287109,-117.44723561266896,70.78809762123404,1640175667
fw,-83.7825927734375,-71.2685241699218,-132.43175140211852,77.76669426304355,1640192334
fw,-85.8622741699218,-73.0226516723632,-143.50918692712844,83.07664285683965,1640209001
fw,-86.2036743164062,-74.5897598266601,-149.27777274648682,86.37519318181786,1640225668
fw,-84.4613342285156,-76.0011901855468,-149.11543694882798,87.79001897347618,1640242335
fw,-82.1175842285156,-77.3272857666015,-143.4314312599168,87.7806356579317,1640259002
fw,-79.991584777832,-78.6603393554687,-133.63287140350633,86.90733175751201,1640275669
fw,-78.2584381103515,-80.0733032226562,-121.7747291482757,85.62033745617745,1640292336
fw,-76.8269577026367,-81.561294555664,-109.98559692136875,84.14926955997565,1640309003
fw,-75.5602798461914,-83.0768356323242,-99.85692789920064,82.5102383712415,1640325670
fw,-74.2812423706054,-84.5898895263671,-92.00742365827303,80.59272624334926,1640342337
fw,-72.7911987304687,-86.0443801879882,-85.974753026998,78.26626206040258,1640359004
fw,-71.1367568969726,-87.3456878662109,-80.46739949745553,75.46000560548345,1640375671
fw,-69.5176849365234,-88.4903945922851,-73.8788033633698,72.1990072535976,1640392338
fw,-68.1579895019531,-89.3291473388671,-64.87739063329258,68.60678084497792,1640409005
fw,-67.1656875610351,-88.8563613891601,-52.87286398815156,64.89137659648496,1640425672
fw,-66.518814086914,-87.7370452880859,-38.21813975882654,61.32203424352805,1640442339
fw,-66.1832427978515,-86.696662902832,-22.10381660479084,58.18834189599179,1640459006
fw,-66.3052978515625,-85.8334121704101,-6.198353249407631,55.729664983727446,1640475673
fw,-67.0108032226562,-85.028076171875,7.842547455033934,54.0366039875362,1640492340
fw,-67.8127822875976,-84.1899948120117,18.839952014979417,52.9494040575455,1640509007
fw,-68.2557144165039,-83.353645324707,26.38306197830916,51.992685195709676,1640525674
fw,-68.7533493041992,-82.5420684814453,30.863255018982468,50.38097650781969,1640542341
fw,-69.4276885986328,-81.7626495361328,33.25895239261438,47.10932326380047,1640559008
fw,-69.9313583374023,-81.063735961914,34.76209156235309,41.11877434461886,1640575675
fw,-70.3312530517578,-80.4963455200195,36.37738080564529,31.506027939850302,1640592342
fw,-70.7086868286132,-80.1368637084961,38.62259398937544,17.733139338026703,1640609009
fw,-71.2834777832031,-80.0463562011718,41.423905169145314,-0.21187085734754701,1640625676
fw,-72.2918319702148,-80.2197494506836,44.239160214391354,-21.74841975762355,1640642343
fw,-73.7001037597656,-80.8048706054687,46.360755890528885,-45.76067744658287,1640659010
fw,-74.8146896362304,-81.9734649658203,47.27531874099478,-70.7810398356397,1640675677
fw,-75.8741760253906,-83.718276977539,46.92909663105099,-95.26262022171193,1640692344
fw,-76.7985305786132,-85.1675491333007,45.78727903047294,-117.86352737325194,1640709011
fw,-77.278450012207,-84.8299789428711,44.66539855534575,-137.64830477228853,1640725678
fw,-77.6798248291015,-82.8546371459961,44.40844307586147,-154.1387491237322,1640742345
fw,-78.1610107421875,-80.6383819580078,45.55576307410189,-167.21324548658183,1640759012
fw,-78.6145553588867,-78.5995483398437,48.13155938695055,-176.9240521574857,1640775679
fw,-79.3420181274414,-76.5254592895507,51.64101658435015,-183.33125820682844,1640792346
fw,-80.266860961914,-74.1596984863281,55.25888357052977,-186.42418560764398,1640809013
fw,-80.9386367797851,-71.4879455566406,58.11608359804233,-186.1391909677985,1640825680
fw,-81.1902923583984,-68.7015991210937,59.56059451104876,-182.42848462509605,1640842347
fw,-81.0602188110351,-66.0250778198242,59.30244126810605,-175.31727651783766,1640859014
fw,-80.716552734375,-63.6201820373535,57.42302281980639,-164.91032190333829,1640875681
fw,-80.2473907470703,-61.4988327026367,54.29046819376838,-151.35511984510265,1640892348
fw,-79.7113037109375,-59.6587715148925,50.4436855074501,-134.80758633395158,1640909015
fw,-79.1607360839843,-58.1144676208496,46.4893870487373,-115.45248019933517,1640925682
fw,-78.5726776123046,-56.6651306152343,43.02284133595818,-93.60105767988055,1640942349
fw,-77.9093170166015,-55.3843650817871,40.55987750549824,-69.83944273927344,1640959016
fw,-77.2291946411132,-54.5217819213867,39.46641720206248,-45.15919642688185,1640975683
fw,-76.5643463134765,-54.0851860046386,39.887328646248,-20.988376673414212,1640992350
fw,-75.9114227294921,-54.0363082885742,41.693669157193426,0.9346750298031933,1641009017
fw,-75.2503356933593,-54.5587997436523,44.473444201188336,18.849458680402613,1641025684
fw,-74.5270767211914,-55.5579872131347,47.582550297173384,31.36389439232936,1641042351
fw,-73.7349853515625,-56.619457244873,50.254572474541405,37.83405730051063,1641059018
fw,-72.9163589477539,-57.4720802307128,51.74831884490583,38.59920660773546,1641075685
fw,-72.0186462402343,-58.0431251525878,51.497007659923455,34.969675915710916,1641092352
fw,-71.0159149169921,-58.4643783569335,49.21694463838419,28.94564755354057,1641109019
fw,-70.0781173706054,-58.9209823608398,44.93856834799132,22.741230599929324,1641125686
fw,-69.5083618164062,-59.2206764221191,38.941003617867985,18.256477549484124,1641142353
fw,-69.3592758178711,-59.426902770996,31.603028632222273,16.655494496579724,1641159020
fw,-69.3705062866211,-59.6360778808593,23.220716715141922,18.175812200661376,1641175687
fw,-69.3194503784179,-60.1827659606933,13.86629439442486,22.22717422855386,1641192354
fw,-69.1727523803711,-61.466136932373,3.354475093208298,27.746669801772253,1641209021
fw,-69.0433197021484,-63.1356391906738,-8.661797714673469,33.67879256264418,1641225688
fw,-69.2015991210937,-64.4693069458007,-22.504343718089597,39.38535640152635,1641242355
fw,-69.8614730834961,-65.2699127197265,-38.2715654021656,44.81136164360872,1641259022
fw,-71.2069015502929,-65.7700881958007,-55.70766269586451,50.348804305167825,1641275689
fw,-73.1399536132812,-66.3628158569336,-74.17531104824627,56.49316340111431,1641292356
fw,-75.4496231079101,-67.3697967529296,-92.71578376645769,63.48550743533351,1641309023
fw,-77.9300079345703,-68.8829879760742,-110.15663090636454,71.1204727665635,1641325690
fw,-80.4508743286132,-70.6103591918945,-125.24349386406615,78.79384687211265,1641342357
fw,-82.9740142822265,-72.4302978515625,-136.80286940972238,85.73402994582666,1641359024
fw,-85.0689849853515,-74.1808624267578,-143.94569825590986,91.28162613306668,1641375691
fw,-85.9163970947265,-75.8005752563476,-146.28461012323626,95.08242682554749,1641392358
fw,-85.0286254882812,-77.3276901245117,-144.09084392612212,97.12425671719413,1641409025
fw,-83.3053436279296,-78.7925949096679,-138.3043228698264,97.63320731713296,1641425692
fw,-81.480598449707,-80.2583541870117,-130.35010598420618,96.90584297865175,1641442359
fw,-79.7311096191406,-81.8342742919921,-121.78823352357576,95.1673948876818,1641459026
fw,-78.0813903808593,-83.4440841674804,-113.89542301468657,92.5147811682479,1641475693
fw,-76.5684432983398,-84.9932403564453,-107.31372838661864,88.95128672273297,1641492360
fw,-74.9746704101562,-86.5120468139648,-101.88753893712712,84.47670250309281,1641509027
fw,-73.2474365234375,-87.9470977783203,-96.75030324268995,79.18132933222086,1641525694
fw,-71.4896087646484,-89.0126571655273,-90.63723663195972,73.30333294116727,1641542361
fw,-69.8991241455078,-88.9144821166992,-82.3223152896105,67.2320636613641,1641559028
fw,-68.5939178466796,-88.1115570068359,-71.03838569448857,61.46099812345674,1641575695
fw,-67.5702972412109,-87.1895141601562,-56.75150659415872,56.505907848224226,1641592362
fw,-66.837287902832,-86.2226028442382,-40.21279723209669,52.80570209233992,1641609029
fw,-66.4389419555664,-85.3274765014648,-22.778327380362814,50.61890536682132,1641625696
fw,-66.6209640502929,-84.5301208496093,-6.051351448865326,49.925806795346055,1641642363
fw,-67.5220870971679,-83.8017272949218,8.546360797474412,50.35140936170996,1641659030
fw,-68.2791137695312,-83.0715713500976,20.136675852017074,51.13463171680798,1641675697
fw,-68.634895324707,-82.2386856079101,28.55632247072749,51.17304194039015,1641692364
fw,-69.1106491088867,-81.3615264892578,34.28258212549475,49.15962381702062,1641709031
fw,-69.7659072875976,-80.6080322265625,38.15910762095533,43.800565356491816,1641725698
fw,-70.3899993896484,-80.0366821289062,41.04263557556626,34.07385098270261,1641742365
fw,-70.8972091674804,-79.6068496704101,43.50640732039443,19.47044686566163,1641759032
fw,-71.4654006958007,-79.3957901000976,45.70064171238481,0.15678815835681953,1641775699
fw,-72.3853302001953,-79.551025390625,47.409761941292125,-22.992988898885628,1641792366
fw,-73.7931365966796,-80.2675857543945,48.274494688120804,-48.522964401638774,1641809033
fw,-74.9953994750976,-81.6484222412109,48.07881307050089,-74.66640930075525,1641825700
fw,-75.9919891357421,-83.4646301269531,46.966900211290174,-99.69648038127748,1641842367
fw,-76.9500122070312,-84.634033203125,45.48129915954437,-122.25026036081407,1641859034
fw,-77.4572677612304,-83.8126831054687,44.39437618755967,-141.51864643399975,1641875701
fw,-77.9497985839843,-81.6739273071289,44.401537765594945,-157.24558545751657,1641892368
fw,-78.4170761108398,-79.6388168334961,45.81086622192793,-169.56221488568087,1641909035
fw,-78.7076263427734,-77.9480209350586,48.371407440033586,-178.74850764553986,1641925702
fw,-79.4240646362304,-76.158218383789,51.326433989209214,-185.02848344810752,1641942369
fw,-80.4616012573242,-73.947021484375,53.67897590800783,-188.46397840136407,1641959036
fw,-81.3512115478515,-71.3904724121093,54.55809217743837,-188.95101026314904,1641975703
fw,-81.6725845336914,-68.5870971679687,53.52787774854036,-186.2803635822292,1641992370
fw,-81.5331573486328,-65.7566528320312,50.71641833622989,-180.21467977308342,1642009037
fw,-81.0798263549804,-63.1631126403808,46.73690729759778,-170.54988828543867,1642025704
fw,-80.4382629394531,-60.9231643676757,42.46699556612938,-157.15526881827168,1642042371
fw,-79.7565231323242,-59.0284614562988,38.7940494921235,-140.01121197333683,1642059038
fw,-79.1682739257812,-57.3347206115722,36.415813045716234,-119.27330335756388,1642075705
fw,-78.6800994873046,-55.7044868469238,35.73520250733621,-95.37546245056211,1642092372
fw,-78.1842880249023,-54.2874641418457,36.83863589049909,-69.14764511347236,1642109039
fw,-77.6519546508789,-53.370002746582,39.52174794419195,-41.88683921330143,1642125706
fw,-77.1059494018554,-53.0245704650878,43.32984816016473,-15.311277116604936,1642142373
fw,-76.5014343261718,-53.2780036926269,47.603122141186596,8.639907506115659,1642159040
fw,-75.7880020141601,-54.0407829284668,51.540002670160796,28.13850165468384,1642175707
fw,-74.9423217773437,-55.1450576782226,54.299521817970636,41.84709223292802,1642192374
fw,-74.0023651123046,-56.4085807800293,55.14839310077587,49.23039134262153,1642209041
fw,-73.0289764404296,-57.3597717285156,53.62844814977972,50.68990024361736,1642225708
fw,-72.082649230957,-58.100730895996,49.69179411682424,47.46519135842032,1642242375
fw,-71.2565612792968,-58.7815017700195,43.74176363715153,41.3236661607497,1642259042
fw,-70.7070922851562,-59.4189300537109,36.53659840292086,34.13435448946755,1642275709
fw,-70.4678649902343,-59.8792648315429,28.957901704125803,27.458697572690166,1642292376
fw,-70.4358978271484,-60.2119712829589,21.70341837581406,22.281790284013127,1642309043
fw,-70.4762115478515,-60.7274169921875,15.009415030133887,18.960291441616622,1642325710
fw,-70.4161529541015,-61.6655082702636,8.515323853576854,17.390102190412165,1642342377
fw,-70.2173080444336,-63.0188179016113,1.3389734174755863,17.311485916715412,1642359044
fw,-70.0898208618164,-64.2360076904296,-7.652054570324367,18.60234096077015,1642375711
fw,-70.2776184082031,-64.827392578125,-19.469475608478373,21.407567080600998,1642392378
fw,-70.970832824707,-65.0704345703125,-34.66736527081614,26.03673818212511,1642409045
fw,-72.3730850219726,-65.3365631103515,-53.14502477372719,32.6961830601158,1642425712
fw,-74.4077835083007,-65.8460235595703,-74.12251972120028,41.22133543316878,1642442379
fw,-76.8304595947265,-67.0626602172851,-96.25092102628518,50.97400622437859,1642459046
fw,-79.4475631713867,-68.5821075439453,-117.79303310988783,60.96990101240938,1642475713
fw,-82.1122817993164,-70.2420501708984,-136.83532342811264,70.1711781430769,1642492380
fw,-84.6921615600586,-72.004150390625,-151.53245149890074,77.79606345753065,1642509047
fw,-86.5514450073242,-73.5051345825195,-160.39560155772622,83.50214718765272,1642525714
fw,-86.192138671875,-74.8388595581054,-162.59986057500183,87.37684127667418,1642542381
fw,-83.995735168457,-76.230712890625,-158.23271894872784,89.76759866544342,1642559048
fw,-81.4907455444336,-77.6913986206054,-148.3792951020736,91.05315567369158,1642575715
fw,-79.2561645507812,-79.2282257080078,-134.96556188194225,91.46620056318251,1642592382
fw,-77.4054794311523,-80.852798461914,-120.35402212528845,91.03386774034793,1642609049
fw,-75.9200363159179,-82.5184326171875,-106.77889638370957,89.6373316537685,1642625716
fw,-74.7604064941406,-84.1752014160156,-95.78171915613265,87.13993693697493,1642642383
fw,-73.5892562866211,-85.7822570800781,-87.82970068384567,83.51417613209912,1642659050
fw,-72.1894989013671,-87.2051620483398,-82.25247419364511,78.9120311706476,1642675717
fw,-70.5680389404296,-88.2327575683593,-77.52859471708935,73.65756198024854,1642692384
fw,-69.0100860595703,-88.6862716674804,-71.82978166682982,68.17710996922474,1642709051
fw,-67.6645050048828,-88.4524993896484,-63.64056878213666,62.90603740859191,1642725718
fw,-66.6180191040039,-87.7700729370117,-52.25125395535134,58.21315082331434,1642742385
fw,-65.928970336914,-86.9038314819336,-37.97426345377345,54.36522221826138,1642759052
fw,-65.6274032592773,-86.0123825073242,-22.029623101874055,51.52512820895797,1642775719
fw,-65.940689086914,-85.1242065429687,-6.1495143463185755,49.75530611861356,1642792386
fw,-66.9115600585937,-84.2642440795898,7.961237881517861,48.99650966260185,1642809053
fw,-67.5691986083984,-83.4715347290039,19.124982050717453,49.01078755541854,1642825720
fw,-67.9893112182617,-82.7306671142578,26.983254542743044,49.30655363207713,1642842387
fw,-68.639289855957,-82.0961227416992,31.994894441072976,49.08812212220341,1642859054
fw,-69.1806411743164,-81.4987869262695,35.167342270269984,47.280143086987124,1642875721
fw,-69.695930480957,-80.8551864624023,37.638212659908696,42.66221295435218,1642892388
fw,-70.0588150024414,-80.1654891967773,40.261058971865445,34.11097475080136,1642909055
fw,-70.4901428222656,-79.5113677978515,43.33659123994757,20.89684086701977,1642925722
fw,-71.3280563354492,-79.1563415527343,46.579344714510675,2.941261708179764,1642942389
fw,-72.7617568969726,-79.2583465576171,49.32619465669253,-19.06769673274349,1642959056
fw,-74.324348449707,-79.9380950927734,50.896154944312464,-43.76629062871775,1642975723
fw,-75.4140472412109,-81.3015518188476,50.94318623096034,-69.40387108718824,1642992390
fw,-76.3374252319336,-83.164192199707,49.647721373447865,-94.24056648036868,1643009057
fw,-77.2379455566406,-84.5939788818359,47.67095487484708,-116.91482782682102,1643025724
fw,-77.6953964233398,-84.3450775146484,45.904413180871806,-136.6499612269422,1643042391
fw,-78.0970840454101,-82.5264587402343,45.13139013881038,-153.23790019031205,1643059058
fw,-78.8111495971679,-80.5498657226562,45.745346289556544,-166.83692594773336,1643075725
fw,-79.5257110595703,-78.8172760009765,47.63745882023608,-177.69541685887756,1643092392
fw,-80.3848342895507,-76.9590454101562,50.28571027148477,-185.92640225207435,1643109059
fw,-81.3259048461914,-74.675064086914,52.98737861461906,-191.40814095777387,1643125726
fw,-81.9500427246093,-72.0416030883789,55.12027992897553,-193.81156056954305,1643142393
fw,-82.0939865112304,-69.1899642944336,56.32240133241601,-192.70114987693043,1643159060
fw,-81.8594665527343,-66.3201904296875,56.53706063751687,-187.64473140071982,1643175727
fw,-81.4271697998046,-63.6608047485351,55.94409736814991,-178.29295983805716,1643192394
fw,-80.9306411743164,-61.2376403808593,54.8432954351246,-164.42843129559247,1643209061
fw,-80.3995819091796,-59.1793670654296,53.55385365033022,-146.01334746107798,1643225728
fw,-79.8418350219726,-57.392292022705,52.35721452553822,-123.26849927268368,1643242395
fw,-79.1778030395507,-55.7138137817382,51.47234806135774,-96.79189842869745,1643259062
fw,-78.3980560302734,-54.2749519348144,51.03753759610221,-67.6831241085814,1643275729
fw,-77.6127014160156,-53.3747253417968,51.08356489205832,-37.60181754029317,1643292396
fw,-76.8556365966796,-53.0981903076171,51.50480285700851,-8.682384242538461,1643309063
fw,-76.0848693847656,-53.364444732666,52.04934505081107,16.734584353303568,1643325730
fw,-75.2520904541015,-54.1995773315429,52.348310436410166,36.523231738597616,1643342397
fw,-74.3304290771484,-55.5038452148437,51.9894141836415,49.243389765767745,1643359064
fw,-73.3678894042968,-56.8287734985351,50.618236820036145,54.51657235710512,1643375731
fw,-72.389404296875,-57.882453918457,48.0326393902769,53.167837065309676,1643392398
fw,-71.4206085205078,-58.6129341125488,44.23116685621087,47.05649030906013,1643409065
fw,-70.5549087524414,-59.1383056640625,39.38867560400752,38.6226692981281,1643425732
fw,-69.9160995483398,-59.3768157958984,33.757335635438515,30.282107359222373,1643442399
fw,-69.6098175048828,-59.5250244140625,27.52024119439491,23.861810683689892,1643459066
fw,-69.5512390136718,-59.6721534729003,20.649499142908965,20.261080147411576,1643475733
fw,-69.5375595092773,-60.2574043273925,12.831021504502027,19.44806000370948,1643492400
fw,-69.4408950805664,-61.5264549255371,3.504144931909927,20.77977840838835,1643509067
fw,-69.3172760009765,-63.2165832519531,-7.977108971173854,23.498066726917397,1643525734
fw,-69.435546875,-64.5083618164062,-22.10914096307616,27.165124800898358,1643542401
fw,-69.9837951660156,-64.9773559570312,-39.01773618319884,31.825635218321768,1643559068
fw,-71.2406234741211,-65.1340637207031,-58.335247547152925,37.82890992010543,1643575735
fw,-73.2774505615234,-65.3858261108398,-79.21147100559527,45.4377364220665,1643592402
fw,-75.8101959228515,-66.1967239379882,-100.42862902427834,54.46843445539057,1643609069
fw,-78.5103988647461,-67.7394180297851,-120.55491017585241,64.17536553881003,1643625736
fw,-81.1681594848632,-69.5446166992187,-138.0892875562162,73.44135561917608,1643642403
fw,-83.7914886474609,-71.48291015625,-151.6018626724223,81.16430131578349,1643659070
fw,-85.9008865356445,-73.2889862060546,-159.90635998686156,86.63741864083477,1643675737
fw,-86.3839340209961,-74.7631149291992,-162.2801489287677,89.74400260603308,1643692404
fw,-84.7077178955078,-76.0841217041015,-158.6880954734076,90.89773365420099,1643709071
fw,-82.3217163085937,-77.4234771728515,-149.91715487023205,90.78822371030812,1643725738
fw,-80.029182434082,-78.841438293457,-137.5267506150626,90.07121656542213,1643742405
fw,-78.0709762573242,-80.3518905639648,-123.5723823735372,89.14154417290474,1643759072
fw,-76.4736938476562,-81.8908309936523,-110.14540900239473,88.06113792456223,1643775739
fw,-75.258918762207,-83.3731231689453,-98.85412017421098,86.63163042891573,1643792406
fw,-74.0895767211914,-84.8465728759765,-90.41327693101267,84.54570618059257,1643809073
fw,-72.7427062988281,-86.2833786010742,-84.48834700107625,81.54091535177847,1643825740
fw,-71.1379776000976,-87.4785003662109,-79.85824392203817,77.50426460961934,1643842407
fw,-69.5734405517578,-88.1898727416992,-74.8470256001936,72.51293470199087,1643859074
fw,-68.2139053344726,-88.1937637329101,-67.88009895741537,66.82559018239556,1643875741
fw,-67.1003494262695,-87.5877609252929,-57.984756599433645,60.84853928360386,1643892408
fw,-66.2797470092773,-86.6738662719726,-45.085564968340606,55.09050858195157,1643909075
fw,-65.7768630981445,-85.7823944091796,-30.018136402968388,50.09968539636464,1643925742
fw,-65.6332321166992,-85.071533203125,-14.269221373221832,46.36604547471432,1643942409
fw,-66.147216796875,-84.5229949951171,0.4724663363530597,44.18506458906841,1643959076
fw,-67.1070251464843,-84.0033798217773,12.81301822397468,43.510451112019176,1643975743
fw,-67.6633834838867,-83.380142211914,22.034768930794005,43.85032828700853,1643992410
fw,-68.1592712402343,-82.6417617797851,28.234482927236172,44.26160406795062,1644009077
fw,-68.6783294677734,-81.908950805664,32.18036696786803,43.46860639449927,1644025744
fw,-69.0916213989257,-81.2353210449218,34.95669228864633,40.09050461377687,1644042411
fw,-69.4835357666015,-80.6252899169921,37.53804416576865,32.92687314177791,1644059078
fw,-69.7889022827148,-80.0884323120117,40.450592014803206,21.23146740399602,1644075745
fw,-70.3390274047851,-79.7714614868164,43.64006624560413,4.901223622060692,1644092412
fw,-71.5343322753906,-79.8191299438476,46.58889016550314,-15.478935264127474,1644109079
fw,-73.0463485717773,-80.4600219726562,48.626705697369225,-38.760900463774725,1644125746
fw,-74.1651992797851,-81.7764358520507,49.29494321809518,-63.499592633983156,1644142413
fw,-75.1975708007812,-83.5134201049804,48.601926108755855,-88.27484124187643,1644159080
fw,-76.147964477539,-84.600112915039,47.058584737854936,-111.95141988663576,1644175747
fw,-76.6714401245117,-83.8977661132812,45.487025593752904,-133.78088253095032,1644192414
fw,-77.0771942138671,-81.9331588745117,44.692555633729356,-153.32309211976028,1644209081
fw,-77.5474166870117,-79.9767379760742,45.14433533945013,-170.25550275525657,1644225748
fw,-78.0668487548828,-78.1844711303711,46.802418148175484,-184.18997119659238,1644242415
fw,-78.924575805664,-76.0987091064453,49.161411099560354,-194.59812112065023,1644259082
fw,-79.9463653564453,-73.6013107299804,51.480789655034776,-200.87268791904927,1644275749
fw,-80.6890106201171,-70.8890686035156,53.0879342711089,-202.4746848689579,1644292416
fw,-81.0071792602539,-67.9435348510742,53.61707340034194,-199.08092442100002,1644309083
fw,-80.9862899780273,-65.0437316894531,53.09530446410781,-190.66348509412097,1644325750
fw,-80.7373657226562,-62.4372100830078,51.871333017615875,-177.47936839107706,1644342417
fw,-80.374755859375,-60.2189254760742,50.450710527222384,-159.99591745933074,1644359084
fw,-79.9632873535156,-58.406192779541,49.32096573726221,-138.8072760708147,1644375751
fw,-79.517219543457,-56.7665824890136,48.825611446788095,-114.59923299278928,1644392418
fw,-78.9724884033203,-55.1667289733886,49.10467335024441,-88.19028508579596,1644409085
fw,-78.2867126464843,-53.9525642395019,50.08799006492196,-60.62555432221635,1644425752
fw,-77.5175094604492,-53.2348518371582,51.51833588429755,-33.25442600572379,1644442419
fw,-76.7332458496093,-53.0055122375488,52.98999376614606,-7.711669416767842,1644459086
fw,-75.9776458740234,-53.3020896911621,54.00173324048922,14.24609880610187,1644475753
fw,-75.2412567138671,-54.1191253662109,54.03040519557106,31.03792914614335,1644492420
fw,-74.48388671875,-55.324161529541,52.62851129304707,41.61840657948169,1644509087
fw,-73.6901397705078,-56.5548477172851,49.537179205628206,45.7854964450161,1644525754
fw,-72.8765029907226,-57.5018272399902,44.7895066181639,44.315600226419086,1644542421
fw,-72.0758285522461,-58.114330291748,38.765963629667745,38.847954659136704,1644559088
fw,-71.3221130371093,-58.6347007751464,32.16215462748292,31.52466329128508,1644575755
fw,-70.7641830444336,-58.9851455688476,25.845677003691694,24.48364037117813,1644592422
fw,-70.5291442871093,-59.1702575683593,20.613394362476285,19.35952516137897,1644609089
fw,-70.551399230957,-59.2968063354492,16.90520527132297,16.9519171577795,1644625756
fw,-70.5916137695312,-59.6741600036621,14.567692545032097,17.172368609202454,1644642423
fw,-70.4809799194336,-60.5450248718261,12.76847404176904,19.291214837798687,1644659090
fw,-70.2171325683593,-61.937255859375,10.125123250692802,22.391470754051497,1644675757
fw,-69.9436874389648,-63.490550994873,5.037682058243073,25.84045407124921,1644692424
fw,-69.8176879882812,-64.4475326538086,-3.868759444339798,29.566669612542665,1644709091
fw,-70.0420227050781,-64.8208541870117,-17.334745714575263,34.0134174714668,1644725758
fw,-70.8882904052734,-65.0491409301757,-35.2234365618764,39.80274383838161,1644742425
fw,-72.487319946289,-65.4582824707031,-56.50995592401698,47.29505597870934,1644759092
fw,-74.6469268798828,-66.5276107788086,-79.4798769333796,56.27896930826178,1644775759
fw,-77.1202545166015,-68.1257400512695,-102.04898604459466,65.94484457582435,1644792426
fw,-79.7135391235351,-69.8392486572265,-122.10702006461379,75.13951214935634,1644809093
fw,-82.3431930541992,-71.6458129882812,-137.82502802545412,82.76412488129195,1644825760
fw,-84.7262268066406,-73.3261489868164,-147.90835585140857,88.13035074681925,1644842427
fw,-86.1920394897461,-74.7860946655273,-151.78901922686887,91.13769628130183,1644859094
fw,-85.7433853149414,-76.2133636474609,-149.73266616673237,92.23263985312491,1644875761
fw,-83.9421691894531,-77.6657485961914,-142.81606338204824,92.20249095459064,1644892428
fw,-82.0177612304687,-79.148452758789,-132.73931484960275,91.90504012909443,1644909095
fw,-80.2696456909179,-80.6929550170898,-121.47908100752674,92.03037394909612,1644925762
fw,-78.6578369140625,-82.2548370361328,-110.84829269862172,92.95129949058354,1644942429
fw,-77.1417541503906,-83.8380508422851,-102.07525787328979,94.67228399548483,1644959096
fw,-75.7844085693359,-85.4760208129882,-95.52578722501516,96.85622657648085,1644975763
fw,-74.3515548706054,-87.0613555908203,-90.65888502393989,98.90123938049753,1644992430
fw,-72.7875366210937,-88.2463226318359,-86.24024250155186,100.04912440604384,1645009097
fw,-71.131118774414,-88.2578582763671,-80.7582420553814,99.5192994296609,1645025764
fw,-69.5840530395507,-87.0631484985351,-72.91929158074522,96.66368112258242,1645042431
fw,-68.3148956298828,-85.4563598632812,-62.06871028324715,91.12460161925874,1645059098
fw,-67.43896484375,-83.8839721679687,-48.40522042453543,82.9565250186392,1645075765
fw,-66.9071197509765,-82.6398773193359,-32.92505575851683,72.6609761736635,1645092432
fw,-66.7921066284179,-81.63623046875,-17.12050446784844,61.09907026888095,1645109099
fw,-67.3265380859375,-80.8930969238281,-2.5373290061942515,49.28654405448752,1645125766
fw,-68.0899810791015,-80.3536148071289,9.658105196874672,38.12219846036634,1645142433
fw,-68.3490371704101,-79.9957504272461,18.955744010177654,28.128881484190337,1645159100
fw,-68.5373764038086,-79.7616500854492,25.538672027597016,19.286133395418954,1645175767
fw,-69.1226196289062,-79.647346496582,30.093256145194907,11.008989824816837,1645192434
fw,-69.6409530639648,-79.6368255615234,33.48877234520025,2.287924732466334,1645209101
fw,-70.1209640502929,-79.7090072631836,36.45216736360981,-8.039329242451302,1645225768
fw,-70.5147476196289,-79.8435592651367,39.34483359001943,-20.952962768732213,1645242435
fw,-71.0985031127929,-80.168228149414,42.10758163970091,-36.947613205299064,1645259102
fw,-72.2652740478515,-80.8272018432617,44.38749989935251,-55.85541622018349,1645275769
fw,-73.7414169311523,-82.0725936889648,45.79472827871432,-76.85868210341397,1645292436
fw,-74.8274841308593,-83.9948196411132,46.17626948393801,-98.69227063375956,1645309103
fw,-75.7749557495117,-86.0727005004882,45.77675881521817,-119.96189356632405,1645325770
fw,-76.5548095703125,-86.3792877197265,45.20520904569401,-139.4552701766206,1645342437
fw,-77.0967330932617,-84.0541687011718,45.2195298775862,-156.32994528963195,1645359104
fw,-77.7568588256836,-81.2024154663086,46.426383015692885,-170.12708371381498,1645375771
fw,-78.3050918579101,-78.605598449707,49.03193141987676,-180.64875447957576,1645392438
fw,-79.0621719360351,-76.2092895507812,52.755689776719024,-187.79431740553028,1645409105
fw,-80.2453460693359,-73.650764465332,56.945543768571895,-191.44778111578893,1645425772
fw,-81.3976669311523,-70.8428878784179,60.83835804364127,-191.4537960983028,1645442439
fw,-82.1923446655273,-67.8756332397461,63.843466875911716,-187.65759772700005,1645459106
fw,-82.5253067016601,-65.1207504272461,65.72401773811755,-179.95395792231136,1645475773
fw,-82.4324493408203,-62.6387214660644,66.6137551623501,-168.30501412884115,1645492440
fw,-82.0456161499023,-60.4249839782714,66.8921067975727,-152.72954474257006,1645509107
fw,-81.4859466552734,-58.5076179504394,66.9973044561887,-133.3041008713088,1645525774
fw,-80.8269500732421,-56.8453063964843,67.26285022264537,-110.22237985229484,1645542441
fw,-80.0857543945312,-55.3119430541992,67.8288000791205,-83.92763499245648,1645559108
fw,-79.2076721191406,-54.0252113342285,68.6344008162547,-55.280164590422785,1645575775
fw,-78.1785507202148,-53.2612838745117,69.46668701559089,-25.67685694121463,1645592442
fw,-77.1162719726562,-53.0936431884765,70.03006059370928,2.969102733266194,1645609109
fw,-76.0644226074218,-53.6205329895019,70.00969855206675,28.44019535193865,1645625776
fw,-74.992431640625,-54.8075370788574,69.11508289137856,48.59486695701911,1645642443
fw,-73.9126434326171,-56.3537979125976,67.09938997626374,61.816531532615954,1645659110
fw,-72.8564834594726,-57.8892707824707,63.754176147378836,67.38994494240221,1645675777
fw,-71.8439178466796,-58.846881866455,58.881861773688904,65.67916834656913,1645692444
fw,-70.8938064575195,-59.6646881103515,52.25602206653405,58.05291894963286,1645709111
fw,-70.0953674316406,-60.2877235412597,43.59034494205733,46.598130251153464,1645725778
fw,-69.5393447875976,-60.6926918029785,32.54413995504465,33.73081682934676,1645742445
fw,-69.2743072509765,-61.0664749145507,18.78729483109523,21.823138574357046,1645759112
fw,-69.2913818359375,-61.8622817993164,2.1271180497093356,12.92311082014389,1645775779
fw,-69.4529190063476,-62.9950485229492,-17.331755913318528,8.577337926992051,1645792446
fw,-69.8027954101562,-63.6368522644043,-39.05282048519693,9.712021624083755,1645809113
fw,-70.5814590454101,-63.5766258239746,-62.028155275120355,16.520079335303148,1645825780
fw,-72.105728149414,-63.6371459960937,-84.88182122860445,28.358085297794133,1645842447
fw,-74.5017776489257,-64.2583923339843,-106.10782374795248,43.73545947859468,1645859114
fw,-77.4048690795898,-65.6559982299804,-124.36570076918862,60.50132682773191,1645875781
fw,-80.1906356811523,-67.5657653808593,-138.7184081573641,76.26123980155212,1645892448
fw,-82.7715377807617,-69.6233215332031,-148.72272549383476,88.92968079933178,1645909115
fw,-84.966079711914,-71.6440277099609,-154.36258421126794,97.23153034959745,1645925782
fw,-86.1873092651367,-73.4465942382812,-155.89775040155732,100.96451126541298,1645942449
fw,-85.5128402709961,-74.9523391723632,-153.72974098981678,100.92417897453473,1645959116
fw,-83.4709396362304,-76.2985305786132,-148.34993767527064,98.52841663391021,1645975783
fw,-81.0978164672851,-77.6769943237304,-140.36286877667948,95.29680323013491,1645992450
fw,-78.8080520629882,-79.225959777832,-130.51967577846983,92.38676328042207,1646009117
fw,-76.7821350097656,-80.9217300415039,-119.68756541459928,90.34278909787429,1646025784
fw,-75.0886917114257,-82.6216888427734,-108.72250582151763,89.10542967630522,1646042451
fw,-73.7537002563476,-84.224365234375,-98.27742268473614,88.21411451741938,1646059118
fw,-72.5170059204101,-85.6910247802734,-88.62912675362863,87.07780646031365,1646075785
fw,-71.2162857055664,-86.9119415283203,-79.61490150373027,85.19821361243908,1646092452
fw,-69.8490905761718,-87.7162933349609,-70.72657779069358,82.28914128143299,1646109119
fw,-68.6163558959961,-87.8845596313476,-61.33677006120456,78.30021834952527,1646125786
fw,-67.5619583129882,-87.3290710449218,-50.96854133411757,73.38845477642101,1646142453
fw,-66.7923736572265,-86.3132629394531,-39.499633794847846,67.87541125739804,1646159120
fw,-66.3306350708007,-85.1498260498046,-27.222115561108453,62.19577450365356,1646175787
fw,-66.2590942382812,-84.1253128051757,-14.739582842541555,56.8146555094765,1646192454
fw,-66.7856903076171,-83.3775939941406,-2.750413566700456,52.09192464792285,1646209121
fw,-67.4265975952148,-82.8704986572265,8.187358259683212,48.10666489932906,1646225788
fw,-67.625129699707,-82.3989944458007,17.80715152454889,44.50124768105131,1646242455
fw,-67.9747009277343,-81.8612289428711,26.141020865634783,40.4282320972316,1646259122
fw,-68.6351013183593,-81.3409271240234,33.39530077195932,34.662227971603514,1646275789
fw,-69.189582824707,-80.8108139038086,39.766735952427375,25.87880565215463,1646292456
fw,-69.7143173217773,-80.2930374145507,45.28894780352912,13.031044894647543,1646309123
fw,-70.3904190063476,-79.9448471069336,49.779503399016356,-4.297361930254026,1646325790
fw,-71.3983612060546,-80.0572662353515,52.91708005715786,-25.69295548142308,1646342457
fw,-72.8409423828125,-80.7934417724609,54.42424351943007,-49.95539662721271,1646359124
fw,-74.0824127197265,-82.2954330444336,54.27691894121169,-75.38421224212114,1646375791
fw,-75.1117095947265,-84.307014465332,52.83585606171882,-100.21117998535026,1646392458
fw,-76.0109329223632,-85.5308609008789,50.82263622636403,-123.01229412008924,1646409125
fw,-76.6418304443359,-84.5505065917968,49.13409940112976,-142.93805289471103,1646425792
fw,-77.3436050415039,-82.1614151000976,48.56532171489394,-159.68584216213503,1646442459
fw,-77.9013137817382,-79.6961822509765,49.55322047030624,-173.2641257838619,1646459126
fw,-78.3747177124023,-77.4758224487304,52.04391794752327,-183.6955698007098,1646475793
fw,-79.2164306640625,-75.2136077880859,55.533867653998996,-190.81901953359707,1646492460
fw,-80.1867065429687,-72.6819534301757,59.25958221191996,-194.27474892817074,1646509127
fw,-80.7823486328125,-69.9796524047851,62.44690611096041,-193.6453594110415,1646525794
fw,-80.8970794677734,-67.2185745239257,64.51350391352318,-188.6460203194039,1646542461
fw,-80.6686630249023,-64.5805892944336,65.16013653176323,-179.25216187019686,1646559128
fw,-80.2713088989257,-62.2313156127929,64.35777642907301,-165.70933055906647,1646575795
fw,-79.7791519165039,-60.3170127868652,62.28672277892911,-148.44593633337809,1646592462
fw,-79.2260665893554,-58.7181739807128,59.281705516006475,-127.96331726093621,1646609129
fw,-78.6772308349609,-57.3277397155761,55.79846265056507,-104.78622142916657,1646625796
fw,-78.090835571289,-55.9676208496093,52.380013058901774,-79.51836242427656,1646642463
fw,-77.4243240356445,-54.7778854370117,49.59149076727453,-52.97934914141792,1646659130
fw,-76.7231750488281,-54.0751609802246,47.91216620597871,-26.33552188802648,1646675797
fw,-76.0064926147461,-54.0160369873046,47.60530598425748,-1.116948191174888,1646692464
fw,-75.2308807373046,-54.584617614746,48.61061680031411,20.945412052602766,1646709131
fw,-74.3779373168945,-55.6555290222168,50.50704589024075,38.24303311957977,1646725798
fw,-73.4094085693359,-56.8918304443359,52.57327625504495,49.67019919254084,1646742465
fw,-72.3448181152343,-58.1628456115722,53.9370198839682,54.917983638982626,1646759132
fw,-71.3080978393554,-59.0816497802734,53.76716090681155,54.56257809392169,1646775799
fw,-70.4203186035156,-59.7420997619628,51.44225669799629,49.90834824566055,1646792466
fw,-69.7895965576171,-60.3718376159668,46.63674057839988,42.645882940926505,1646809133
fw,-69.422134399414,-60.8294944763183,39.30147915304106,34.45764662745489,1646825800
fw,-69.2157363891601,-61.2219772338867,29.56285908106974,26.715204512380048,1646842467
fw,-69.0757217407226,-61.7145767211914,17.601055527566313,20.362225057572296,1646859134
fw,-68.9881515502929,-62.6806449890136,3.5742105417630743,15.99093522811585,1646875801
fw,-68.9805145263671,-63.920654296875,-12.373383538458121,14.027850620820322,1646892468
fw,-69.2430343627929,-64.8349227905273,-30.02997741621563,14.88569391087967,1646909135
fw,-69.9369735717773,-65.0293807983398,-49.01521709322712,18.95481163227407,1646925802
fw,-71.3120040893554,-65.1222763061523,-68.72260622592691,26.410802774079958,1646942469
fw,-73.4781341552734,-65.4290008544921,-88.33934130853163,36.95071083174097,1646959136
fw,-76.0982131958007,-66.4105606079101,-106.92777519326019,49.64192549634451,1646975803
fw,-78.8160400390625,-67.990493774414,-123.52130127801018,63.01842588059196,1646992470
fw,-81.453987121582,-69.8128585815429,-137.19967749292124,75.42086673978756,1647009137
fw,-83.9804077148437,-71.8452224731445,-147.1512301767421,85.4423371312841,1647025804
fw,-85.9309539794921,-73.7287826538086,-152.75820727489304,92.28828519998864,1647042471
fw,-86.2677612304687,-75.275390625,-153.7253971745039,95.90632773843255,1647059138
fw,-84.6161346435546,-76.6605834960937,-150.22215699900312,96.8547749724698,1647075805
fw,-82.3566360473632,-78.0718688964843,-142.96421107801496,95.99591501719917,1647092472
fw,-80.1802597045898,-79.6241912841796,-133.1582721118656,94.16280940683178,1647109139
fw,-78.2905654907226,-81.299201965332,-122.27759251158838,91.93130275436395,1647125806
fw,-76.6500473022461,-82.9797668457031,-111.71030809986222,89.55384311759286,1647142473
fw,-75.1827011108398,-84.5797500610351,-102.38886721994831,87.02893104510956,1647159140
fw,-73.8458099365234,-86.0918426513671,-94.53440026872981,84.23296796283645,1647175807
fw,-72.3946151733398,-87.4465637207031,-87.62006351075519,81.04255618011084,1647192474
fw,-70.8044281005859,-88.4678802490234,-80.58163722180063,77.40831014249144,1647209141
fw,-69.261848449707,-88.7519607543945,-72.21085426001684,73.37862362303163,1647225808
fw,-67.985725402832,-88.1420669555664,-61.59560468760954,69.0932218226291,1647242475
fw,-67.0262985229492,-87.1175155639648,-48.45292998888271,64.76527165650714,1647259142
fw,-66.4509887695312,-85.9821472167968,-33.242680513678394,60.653876443979925,1647275809
fw,-66.3414916992187,-84.9401550292968,-17.03156601516515,57.01170436789952,1647292476
fw,-66.8489608764648,-84.0723648071289,-1.1664639294602963,53.99238037737166,1647309143
fw,-67.7400741577148,-83.385269165039,13.117632339581789,51.52523873222288,1647325810
fw,-68.2790603637695,-82.7507858276367,25.009551756525845,49.198768128467925,1647342477
fw,-68.7399444580078,-82.057746887207,34.24755245282405,46.21476930445429,1647359144
fw,-69.5572357177734,-81.4131393432617,41.037064022803854,41.46506862966374,1647375811
fw,-70.2072525024414,-80.8641281127929,45.82570245358006,33.74268403432834,1647392478
fw,-70.783462524414,-80.374038696289,49.047704947472056,22.047060222066328,1647409145
fw,-71.3677215576171,-79.9372177124023,50.947901631217455,5.8989947437630095,1647425812
fw,-72.2347869873046,-79.815673828125,51.5566616328482,-14.439552080194476,1647442479
fw,-73.6430892944336,-80.2894897460937,50.82240182971904,-37.931400811291375,1647459146
fw,-75.0310134887695,-81.4813385009765,48.83182443034511,-62.95255436535531,1647475813
fw,-76.0072784423828,-83.298110961914,45.99452861740106,-87.65770386323746,1647492480
fw,-76.8332977294921,-85.2203750610351,43.07611939388363,-110.40131280113962,1647509147
fw,-77.3822250366211,-85.8844833374023,41.036729395790246,-130.06383838421078,1647525814
fw,-77.8370056152343,-84.4085083007812,40.73017629548409,-146.172145639561,1647542481
fw,-78.3323898315429,-82.0994720458984,42.58967331806571,-158.79455212660216,1647559148
fw,-78.7391967773437,-79.8412475585937,46.43761671247093,-168.28698788188856,1647575815
fw,-79.367073059082,-77.608154296875,51.50841487349905,-175.0172928791873,1647592482
fw,-80.4273681640625,-75.2109298706054,56.685292695507876,-179.17759378040031,1647609149
fw,-81.480484008789,-72.6403427124023,60.85952760516635,-180.72898447675493,1647625816
fw,-82.0527038574218,-69.9608154296875,63.26666816136952,-179.45282040163056,1647642483
fw,-82.1659927368164,-67.2733764648437,63.6710722134975,-175.04671876252434,1647659150
fw,-81.9639129638671,-64.7894210815429,62.3505414573833,-167.21068827683666,1647675817
fw,-81.5779037475586,-62.4867324829101,59.92672954968388,-155.7037198684739,1647692484
fw,-81.052490234375,-60.4267654418945,57.138856330203524,-140.38715272527898,1647709151
fw,-80.4619140625,-58.6092720031738,54.65007310664469,-121.28598555453966,1647725818
fw,-79.8403015136718,-56.9927368164062,52.9309495571477,-98.68532942709221,1647742485
fw,-79.1253662109375,-55.5990982055664,52.21874331434875,-73.2457775255218,1647759152
fw,-78.3239288330078,-54.6447944641113,52.52650659926686,-46.08865095341209,1647775819
fw,-77.5037765502929,-54.1989707946777,53.67515233341566,-18.790047081906028,1647792486
fw,-76.6558456420898,-54.2418823242187,55.33405329679008,6.758467362001437,1647809153
fw,-75.7679672241211,-54.8359794616699,57.06838610322367,28.620400112102203,1647825820
fw,-74.8302993774414,-56.0164604187011,58.3957044183426,45.161718155003236,1647842487
fw,-73.8465881347656,-57.3370552062988,58.8487763046707,55.380536416739744,1647859154
fw,-72.8903198242187,-58.3975715637207,58.03119701474673,59.11553798304737,1647875821
fw,-72.0009231567382,-59.291389465332,55.64532225194973,57.06413018783237,1647892488
fw,-71.1843795776367,-60.035587310791,51.47744143678714,50.61070472118394,1647909155
fw,-70.5119705200195,-60.693260192871,45.34504581392609,41.534691293632314,1647925822
fw,-70.0607070922851,-61.2354316711425,37.03676029170701,31.700542104000196,1647942489
fw,-69.7950897216796,-61.7852554321289,26.290874158829837,22.816309956253477,1647959156
fw,-69.6738815307617,-62.6172409057617,12.849848603711518,16.2980109907633,1647975823
fw,-69.6363983154296,-63.7139053344726,-3.4061583826208874,13.215978255161183,1647992490
fw,-69.7801895141601,-64.4981155395507,-22.290572066417276,14.255036331180236,1648009157
fw,-70.2812423706054,-64.5623779296875,-43.18528116779983,19.626073038916978,1648025824
fw,-71.3866653442382,-64.7027511596679,-65.03649955005679,28.934622866690216,1648042491
fw,-73.2962875366211,-65.1650695800781,-86.50205805446511,41.10011473309074,1648059158
fw,-75.7503433227539,-66.2567749023437,-106.20637419549047,54.449784843025675,1648075825
fw,-78.4206161499023,-67.9525833129882,-123.00038459887331,67.0426007985047,1648092492
fw,-80.9668045043945,-69.8180923461914,-136.1215156563697,77.15034928840788,1648109159
fw,-83.4280700683593,-71.7107543945312,-145.20921703342117,83.72100999526263,1648125826
fw,-85.4563598632812,-73.3669815063476,-150.2140976920715,86.63661647950256,1648142493
fw,-86.3067932128906,-74.6413497924804,-151.28718767800805,86.65874367667223,1648159160
fw,-85.1993103027343,-75.7447814941406,-148.7232288164437,85.08603097982727,1648175827
fw,-83.0832977294921,-76.9009628295898,-142.97507915539703,83.26594449123098,1648192494
fw,-80.8122863769531,-78.216926574707,-134.69635430028535,82.15261457091214,1648209161
fw,-78.6759033203125,-79.7039031982421,-124.74260999592386,82.06488677352564,1648225828
fw,-76.7566604614257,-81.2908554077148,-114.08037515999432,82.70010654464885,1648242495
fw,-75.1411743164062,-82.8771514892578,-103.6046662687813,83.35369911831266,1648259162
fw,-73.8214950561523,-84.4185409545898,-93.92134835132406,83.23033974786539,1648275829
fw,-72.5443115234375,-85.8620910644531,-85.18335933266128,81.72735859923718,1648292496
fw,-71.205078125,-87.0530395507812,-77.06162631734986,78.6115133109304,1648309163
fw,-69.8478851318359,-87.87109375,-68.8817379383536,74.06688681652535,1648325830
fw,-68.6390686035156,-88.1025619506836,-59.88727991562437,68.63652490223163,1648342497
fw,-67.6076507568359,-87.6165771484375,-49.534955755727836,63.09812601767036,1648359164
fw,-66.8727264404296,-86.7262496948242,-37.712090687288814,58.305898331499364,1648375831
fw,-66.4063415527343,-85.8310623168945,-24.797536000303133,55.01273058595327,1648392498
fw,-66.3970108032226,-85.100227355957,-11.546714372360494,53.68006074153516,1648409165
fw,-67.057876586914,-84.4616241455078,1.1514381587785074,54.2972671085239,1648425832
fw,-67.6897964477539,-83.7935714721679,12.546581933234291,56.25741973834379,1648442499
fw,-67.959243774414,-82.9379196166992,22.217356816131982,58.348043396837454,1648459166
fw,-68.5997467041015,-81.9395904541015,30.109228529858598,58.897014390321296,1648475833
fw,-69.2714157104492,-80.9547119140625,36.42178454645588,56.068409519757964,1648492500
fw,-69.8205184936523,-80.0736618041992,41.41201814885515,48.25159868892299,1648509167
fw,-70.2924194335937,-79.3081130981445,45.20900944459178,34.45065561928496,1648525834
fw,-70.9219360351562,-78.7543029785156,47.727617614136726,14.570671504513504,1648542501
fw,-72.0093078613281,-78.6379699707031,48.729448592433286,-10.486245206143328,1648559168
fw,-73.4244689941406,-79.2233276367187,48.01312519330658,-38.960151879740806,1648575835
fw,-74.4680557250976,-80.5150680541992,45.64552460258813,-68.58683615173152,1648592502
fw,-75.3604278564453,-82.2152557373046,42.112576158095436,-97.0714398207575,1648609169
fw,-76.1128540039062,-83.3396835327148,38.29886898802563,-122.53791317502609,1648625836
fw,-76.5652770996093,-82.9103088378906,35.28415275707709,-143.81546892240476,1648642503
fw,-76.9409408569336,-81.3738403320312,34.028371013774475,-160.4902232020853,1648659170
fw,-77.3078842163086,-79.7148818969726,35.06691648046989,-172.74732444862278,1648675837
fw,-77.6775207519531,-78.1414718627929,38.33656779825019,-181.10316672094606,1648692504
fw,-78.3286361694336,-76.3425827026367,43.20141508437096,-186.14143673975246,1648709171
fw,-79.2705917358398,-74.1770477294921,48.666359263880736,-188.3259721990602,1648725838
fw,-80.1220397949218,-71.733169555664,53.68855728807931,-187.9069637428021,1648742505
fw,-80.5918273925781,-69.0353622436523,57.46290964324513,-184.90206293247442,1648759172
fw,-80.8108520507812,-66.281005859375,59.584929034064686,-179.12800289684648,1648775839
fw,-80.8122253417968,-63.7318077087402,60.063950278020116,-170.2661055412527,1648792506
fw,-80.6289596557617,-61.3970489501953,59.22616118996072,-157.9532379164189,1648809173
fw,-80.263671875,-59.4669799804687,57.574546505435926,-141.89575088619245,1648825840
fw,-79.7500305175781,-57.7998008728027,55.659327942928755,-122.00586352834792,1648842507
fw,-79.1177978515625,-56.1917648315429,53.98079691265342,-98.55211573053381,1648859174
fw,-78.3524169921875,-54.8452033996582,52.92120431891663,-72.29564590158111,1648875841
fw,-77.5477905273437,-53.9182395935058,52.69481271622439,-44.56103659848323,1648892508
fw,-76.8197174072265,-53.4931449890136,53.312126880216276,-17.182466741221397,1648909175
fw,-76.1312942504882,-53.6145095825195,54.565351906088274,7.712134280545572,1648925842
fw,-75.4057235717773,-54.4134521484375,56.047850863180386,28.065078898462165,1648942509
fw,-74.6107177734375,-55.6180725097656,57.216256260248045,42.32400173088542,1648959176
fw,-73.729019165039,-56.8734130859375,57.49066558667433,49.82199169845671,1648975843
fw,-72.8286972045898,-57.9402961730957,56.37158361522133,50.969034292351836,1648992510
fw,-71.9584884643554,-58.8378181457519,53.540498341174334,47.16905067288822,1649009177
fw,-71.0954360961914,-59.5757102966308,48.91085951279499,40.46803917997197,1649025844
fw,-70.3460083007812,-60.0004196166992,42.608688001641404,33.03585660061543,1649042511
fw,-69.9033737182617,-60.2983093261718,34.88375985593999,26.646846189571345,1649059178
fw,-69.732551574707,-60.5214385986328,25.978381243293555,22.3301429261772,1649075845
fw,-69.6643142700195,-61.0891647338867,16.00289690482326,20.30565134864132,1649092512
fw,-69.5552062988281,-62.2495040893554,4.8724440916618725,20.216582067313162,1649109179
fw,-69.4321670532226,-63.7867813110351,-7.661460180881271,21.543206350675778,1649125846
fw,-69.5547103881836,-65.0100936889648,-21.892414787328477,23.9912426094204,1649142513
fw,-70.0762863159179,-65.4500885009765,-38.00092198397044,27.65500650090221,1649159180
fw,-71.2338027954101,-65.5442733764648,-55.91565879347507,32.877704088373775,1649175847
fw,-73.1662292480468,-65.7878189086914,-75.23137735605339,39.906095637940034,1649192514
fw,-75.5762863159179,-66.4370422363281,-95.1843111604886,48.55462130506872,1649209181
fw,-78.1628952026367,-67.8134078979492,-114.66811397476047,58.08118455168436,1649225848
fw,-80.7308578491211,-69.4962997436523,-132.29076645415708,67.34868378656856,1649242515
fw,-83.3299713134765,-71.3834152221679,-146.505391896974,75.18811890448362,1649259182
fw,-85.5803146362304,-73.1358413696289,-155.85131710475633,80.78130063730494,1649275849
fw,-86.4035949707031,-74.5098190307617,-159.29212648707096,83.88746336765769,1649292516
fw,-84.9923477172851,-75.6954116821289,-156.560949949252,84.83122677789957,1649309183
fw,-82.7138519287109,-76.9279022216796,-148.37475650749997,84.29022045918416,1649325850
fw,-80.5091400146484,-78.2498321533203,-136.39668461306735,83.0035828716801,1649342517
fw,-78.626968383789,-79.6903457641601,-122.90565586466172,81.53164889761908,1649359184
fw,-77.0874481201171,-81.1453704833984,-110.24148383128379,80.14336274915381,1649375851
fw,-75.8527069091796,-82.536865234375,-100.18628799126475,78.83376472774252,1649392518
fw,-74.660888671875,-83.9134979248046,-93.4813867031877,77.42103419866649,1649409185
fw,-73.2257385253906,-85.2669982910156,-89.64488489505639,75.65950630803326,1649425852
fw,-71.4950866699218,-86.4386596679687,-87.15719444408086,73.32534930130845,1649442519
fw,-69.7345733642578,-87.3590698242187,-83.95517065622487,70.2654987767815,1649459186
fw,-68.1974868774414,-88.0616455078125,-78.072342000831,66.42742237968669,1649475853
fw,-66.9960327148437,-88.3563461303711,-68.22524168085573,61.89281948306273,1649492520
fw,-66.0942764282226,-87.9076309204101,-54.18120605463698,56.91902721800782,1649509187
fw,-65.451057434082,-87.0630874633789,-36.82263420734208,51.96038198859957,1649525854
fw,-65.1627044677734,-86.3273620605468,-17.908981466934772,47.62364909526641,1649542521
fw,-65.4206390380859,-85.7652511596679,0.3899304781627819,44.52787421258858,1649559188
fw,-66.4039001464843,-85.250259399414,16.06018800240246,43.08624408760811,1649575855
fw,-67.3398818969726,-84.686294555664,27.747375938722953,43.27746862699476,1649592522
fw,-67.8897857666015,-84.0833206176757,35.04515246672053,44.495928946388325,1649609189
fw,-68.4579238891601,-83.4368438720703,38.48574818338903,45.55256292765305,1649625856
fw,-69.1165313720703,-82.7089004516601,39.25708906388645,44.853041498200255,1649642523
fw,-69.6410751342773,-81.9056091308593,38.76422967376625,40.72465863462964,1649659190
fw,-70.0071945190429,-81.1623306274414,38.19071224619332,31.814352358679564,1649675857
fw,-70.5164489746093,-80.6598205566406,38.19761056774097,17.450483400976008,1649692524
fw,-71.185546875,-80.4839324951171,38.84300481640147,-2.1388886495554513,1649709191
fw,-72.2816085815429,-80.7408676147461,39.72750398628406,-25.82488219008638,1649725858
fw,-73.5109786987304,-81.6092529296875,40.290003735304424,-51.80750573065354,1649742525
fw,-74.4499816894531,-83.1387634277343,40.1226361695275,-78.01921816809899,1649759192
fw,-75.2693176269531,-85.0443344116211,39.17388385206561,-102.58471824260324,1649775859
fw,-75.9700241088867,-86.0585708618164,37.766565957236956,-124.19262530518104,1649792526
fw,-76.3507461547851,-84.7994155883789,36.44320677326424,-142.26121925792845,1649809193
fw,-76.7406158447265,-82.248306274414,35.7241801904018,-156.8585157882124,1649825860
fw,-77.2294540405273,-79.5806121826171,35.89447371977601,-168.43415265626314,1649842527
fw,-77.8370895385742,-77.1678924560546,36.912623879509404,-177.48792168226305,1649859194
fw,-78.6238861083984,-74.9066543579101,38.47104263638184,-184.30485562856788,1649875861
fw,-79.4333877563476,-72.501350402832,40.16196757049935,-188.83578694839693,1649892528
fw,-80.0682144165039,-69.8852615356445,41.656680070127166,-190.73103435070712,1649909195
fw,-80.3707733154296,-67.0501098632812,42.81119777579989,-189.47981420407413,1649925862
fw,-80.4237365722656,-64.200927734375,43.66248291308294,-184.58580328162165,1649942529
fw,-80.3468170166015,-61.4544830322265,44.34218052599839,-175.71731882493452,1649959196
fw,-80.2032928466796,-58.9733505249023,44.972671335828004,-162.79711578973448,1649975863
fw,-80.0377502441406,-56.9411354064941,45.60546259455195,-146.02823371648273,1649992530
fw,-79.8304748535156,-55.1598243713378,46.22526732811893,-125.8763826460972,1650009197
fw,-79.5238876342773,-53.6448211669921,46.80116591601174,-103.03810535942752,1650025864
fw,-79.0918884277343,-52.4484558105468,47.342688617490914,-78.41633601559649,1650042531
fw,-78.5756759643554,-51.564884185791,47.92212342738037,-53.10649079428061,1650059198
fw,-78.0158081054687,-50.9790534973144,48.64773910188658,-28.37537646222807,1650075865
fw,-77.4402847290039,-50.7578010559082,49.600807593034105,-5.600591682960218,1650092532
fw,-76.8372421264648,-51.0566940307617,50.768471348437586,13.860817970915916,1650109199
fw,-76.1852416992187,-51.8116226196289,52.00727161108422,28.880651957629155,1650125866
fw,-75.4922485351562,-52.7728233337402,53.058590914782265,38.805716822724364,1650142533
fw,-74.7587661743164,-53.5713005065918,53.61397259016593,43.66043486329414,1650159200
fw,-73.9684066772461,-54.2780570983886,53.40577708962712,44.2152495024858,1650175867
fw,-73.1466751098632,-54.8790969848632,52.28635689145585,41.866433490755135,1650192534
fw,-72.3067626953125,-55.4856796264648,50.260889064608016,38.33849647933698,1650209201
fw,-71.5133895874023,-56.0488357543945,47.45351203033798,35.28456318930431,1650225868
fw,-70.8737411499023,-56.6676063537597,44.00887762360731,33.89835495543647,1650242535
fw,-70.4157257080078,-57.2764892578125,39.95632025950095,34.65414285823538,1650259202
fw,-70.0533752441406,-57.9231872558593,35.08519747377819,37.259882703010774,1650275869
fw,-69.7396469116211,-58.7962417602539,28.888839964589025,40.85016514461441,1650292536
fw,-69.4771881103515,-60.278953552246,20.621447011397134,44.368585810034105,1650309203
fw,-69.253677368164,-62.1260643005371,9.474073193909339,47.010774649713085,1650325870
fw,-69.2353134155273,-63.7346763610839,-5.175584694311689,48.553236419181445,1650342537
fw,-69.6174163818359,-64.6587295532226,-23.523317594135538,49.42023222023125,1650359204
fw,-70.6387329101562,-65.1238632202148,-45.19201956104979,50.45284445270002,1650375871
fw,-72.5051193237304,-65.5336837768554,-69.21958671518594,52.49254979863396,1650392538
fw,-74.9793548583984,-66.2283782958984,-94.16231420769584,55.987907542329324,1650409205
fw,-77.7553253173828,-67.5758590698242,-118.25924161323046,60.81451763088195,1650425872
fw,-80.5879211425781,-69.2522506713867,-139.6150334054687,66.37641629220283,1650442539
fw,-83.3921127319336,-70.9655532836914,-156.40216725399424,71.90730130356805,1650459206
fw,-85.6607666015625,-72.6127014160156,-167.109107099297,76.79904791333053,1650475873
fw,-85.9450759887695,-73.9775466918945,-170.8340895755708,80.79579899862652,1650492540
fw,-83.9360885620117,-75.1588973999023,-167.55846848755547,83.98410460390782,1650509207
fw,-81.4099349975586,-76.385025024414,-158.2825562919679,86.6216234766414,1650525874
fw,-79.0858154296875,-77.7654113769531,-144.916702401272,88.91737116445076,1650542541
fw,-77.1098709106445,-79.2974624633789,-129.89628725808538,90.8770518937929,1650559208
fw,-75.4832077026367,-80.8747634887695,-115.59741823669185,92.27194692970676,1650575875
fw,-74.1304397583007,-82.4569396972656,-103.72082134561751,92.72018813901292,1650592542
fw,-72.9071273803711,-84.0486297607421,-94.84476989813169,91.82382993620259,1650609209
fw,-71.526985168457,-85.6007843017578,-88.3076088936286,89.29936800284675,1650625876
fw,-69.9093246459961,-86.983642578125,-82.47661002924308,85.06348301130109,1650642543
fw,-68.2215957641601,-87.9881210327148,-75.32681116024023,79.26766622821657,1650659210
fw,-66.7246780395507,-88.3961181640625,-65.14168698444705,72.29542282764511,1650675877
fw,-65.5916900634765,-87.9334182739257,-51.10353480901407,64.73547352936869,1650692544
fw,-64.9102172851562,-87.0111541748046,-33.5830126419893,57.3285114309139,1650709211
fw,-64.7192764282226,-86.1463928222656,-14.044419784633952,50.86951647462868,1650725878
fw,-65.3487396240234,-85.5007247924804,5.386391273952259,46.05107335725645,1650742545
fw,-66.429214477539,-85.0229568481445,22.535013765793185,43.26220156150384,1650759212
fw,-67.2649230957031,-84.5372543334961,35.7629272291937,42.39694996252986,1650775879
fw,-67.9063720703125,-83.9566192626953,44.33890632508,42.74974733793075,1650792546
fw,-68.8644866943359,-83.2981719970703,48.506103105086346,43.06118761532933,1650809213
fw,-69.7350616455078,-82.5689315795898,49.26776047338092,41.73181448537155,1650825880
fw,-70.3854370117187,-81.7725677490234,47.9975856691164,37.163147583866355,1650842547
fw,-70.8546752929687,-81.068977355957,46.0142101930714,28.13808820270648,1650859214
fw,-71.3095474243164,-80.6791152954101,44.25285518939591,14.133390136455466,1650875881
fw,-72.1323318481445,-80.629150390625,43.12833464879197,-4.528336821433383,1650892548
fw,-73.3233032226562,-80.9792785644531,42.61245763193765,-26.735077827303694,1650909215
fw,-74.4223937988281,-81.8492431640625,42.46317487521386,-50.83817294561064,1650925882
fw,-75.4339447021484,-83.3569564819336,42.48228364507165,-75.03081374276579,1650942549
fw,-76.3572158813476,-85.2328491210937,42.67757340339634,-97.74012527762444,1650959216
fw,-77.101089477539,-86.3944625854492,43.26353385252588,-117.91029583074078,1650975883
fw,-77.5346221923828,-85.3037719726562,44.519169548231275,-135.08731649875295,1650992550
fw,-77.956787109375,-82.7876205444336,46.59137954579812,-149.29059545275945,1651009217
fw,-78.5112380981445,-80.1863861083984,49.35695750867302,-160.74592639076178,1651025884
fw,-79.3028869628906,-77.8162612915039,52.42245318521726,-169.61361667243165,1651042551
fw,-80.3148498535156,-75.4249725341796,55.26340034320699,-175.8389545388035,1651059218
fw,-81.1504974365234,-72.8899459838867,57.42586017673441,-179.17789746258526,1651075885
fw,-81.5681610107421,-70.2768096923828,58.68202519363466,-179.34964337973977,1651092552
fw,-81.4795150756836,-67.7675170898437,59.06625078378351,-176.20144670278876,1651109219
fw,-81.0409469604492,-65.3818588256836,58.79233010779255,-169.77995093859317,1651125886
fw,-80.4071197509765,-63.2456550598144,58.116627626976914,-160.27634746729146,1651142553
fw,-79.6952896118164,-61.34810256958,57.227724567644884,-147.89849604786548,1651159220
fw,-79.0182342529296,-59.5845985412597,56.21096484745955,-132.7694035062672,1651175887
fw,-78.3868255615234,-57.9644203186035,55.084396675657565,-114.93593453996557,1651192554
fw,-77.7305831909179,-56.4199066162109,53.86404877316644,-94.50760760280896,1651209221
fw,-77.0413818359375,-55.081256866455,52.60866530515661,-71.86869010681887,1651225888
fw,-76.304458618164,-54.2207145690918,51.41432046262735,-47.85689723125278,1651242555
fw,-75.5268096923828,-53.8196601867675,50.362231422346895,-23.803425945019786,1651259222
fw,-74.7321166992187,-53.9799079895019,49.45065056330606,-1.3808108027994297,1651275889
fw,-73.9062194824218,-54.7325057983398,48.55129776419134,17.71657921079708,1651292556
fw,-73.0612411499023,-55.8607139587402,47.41871910431444,32.16200766319053,1651309223
fw,-72.2372131347656,-56.8819961547851,45.75361252664113,41.320064711150906,1651325890
fw,-71.4586410522461,-57.7057151794433,43.29275037159732,45.38337280908915,1651342557
fw,-70.6979522705078,-58.290672302246,39.8833346840588,45.269052892630626,1651359224
fw,-69.9869003295898,-58.7822837829589,35.50504510460969,42.317325805335216,1651375891
fw,-69.4604873657226,-59.3667564392089,30.225088680364927,37.91341275900854,1651392558
fw,-69.2062911987304,-59.927001953125,24.1011439139073,33.178103333877836,1651409225
fw,-69.1250686645507,-60.4262008666992,17.073763201609864,28.833884033943097,1651425892
fw,-69.0531234741211,-61.1322479248046,8.902416185387835,25.27401749172989,1651442559
fw,-68.9385910034179,-62.254409790039,-0.8115741505677574,22.773427887970303,1651459226
fw,-68.8970260620117,-63.5955696105957,-12.5071285818238,21.711833959201048,1651475893
fw,-69.1665649414062,-64.2648391723632,-26.48786357989241,22.662072550667066,1651492560
fw,-69.8722610473632,-64.3153839111328,-42.75722942924573,26.25730471136165,1651509227
fw,-71.2306365966796,-64.388931274414,-60.92903269843446,32.87918051749537,1651525894
fw,-73.2979583740234,-64.8119506835937,-80.23964833491286,42.3338981503506,1651542561
fw,-75.7547454833984,-65.9517517089843,-99.63911824539079,53.71487863511687,1651559228
fw,-78.3851776123046,-67.5606842041015,-117.91248994547401,65.55975716703983,1651575895
fw,-80.9640350341796,-69.3732452392578,-133.79739974101602,76.25371794212,1651592562
fw,-83.4482727050781,-71.2925491333007,-146.10159896387606,84.50683329335169,1651609229
fw,-85.3697662353515,-72.9264068603515,-153.84595206518316,89.70414913672171,1651625896
fw,-85.8583984375,-74.237678527832,-156.44061074403675,91.99699765717841,1651642563
fw,-84.4565277099609,-75.4756164550781,-153.85749446397793,92.12759297579596,1651659230
fw,-82.2889709472656,-76.8102111816406,-146.72615184414587,91.09159601763503,1651675897
fw,-80.1485900878906,-78.2750244140625,-136.28125553709376,89.79191722909233,1651692564
fw,-78.2544250488281,-79.8432693481445,-124.13417661405512,88.80779605529038,1651709231
fw,-76.6219024658203,-81.4501266479492,-111.91037531597188,88.32588265744661,1651725898
fw,-75.1527023315429,-83.0453186035156,-100.85642991571001,88.20312019466672,1651742565
fw,-73.8170928955078,-84.6148986816406,-91.5453760294529,88.09081850667167,1651759232
fw,-72.4660720825195,-86.0663757324218,-83.78413587487003,87.5542427380791,1651775899
fw,-71.0593643188476,-87.3060150146484,-76.76086051951508,86.15743573216044,1651792566
fw,-69.612434387207,-88.2632598876953,-69.3864338976161,83.52324745619455,1651809233
fw,-68.25830078125,-88.6137924194336,-60.71292141368799,79.40001539206138,1651825900
fw,-67.1415939331054,-87.8888168334961,-50.28006897122584,73.75568974728063,1651842567
fw,-66.4357833862304,-86.5290908813476,-38.26489326268456,66.88056907991238,1651859234
fw,-66.2494354248046,-85.1303100585937,-25.384478942205604,59.43454281666984,1651875901
fw,-66.7181243896484,-84.1187057495117,-12.60186469087168,52.360066520915424,1651892568
fw,-67.1719436645507,-83.6136474609375,-0.7674623303274823,46.62378000753566,1651909235
fw,-67.2848892211914,-83.3444213867187,9.648074950214452,42.837508841826605,1651925902
fw,-67.5137481689453,-83.056411743164,18.62553617500634,40.895446570674515,1651942569
fw,-68.0461807250976,-82.6893844604492,26.46762270183624,39.7936526587121,1651959236
fw,-68.5116653442382,-82.1561813354492,33.549508024990374,37.74732641737609,1651975903
fw,-68.9273071289062,-81.3894271850586,40.06797524544362,32.61176531010244,1651992570
fw,-69.4551315307617,-80.5046691894531,45.896583058134155,22.491908486106148,1652009237
fw,-70.3287811279296,-79.8670196533203,50.611816380763415,6.341583866432056,1652025904
fw,-71.7212600708007,-79.7382583618164,53.68962801395447,-15.65838993327068,1652042571
fw,-73.2443008422851,-80.3548431396484,54.79527668639182,-42.08409476127472,1652059238
fw,-74.4966278076171,-81.7711334228515,54.034193690658135,-70.62548543581966,1652075905
fw,-75.5125045776367,-83.5336151123046,52.03492606863904,-98.68870236749042,1652092572
fw,-76.344741821289,-84.4916305541992,49.80513794795437,-124.02740049007733,1652109239
fw,-76.8976364135742,-83.7273330688476,48.4050804973428,-145.18851000504173,1652125906
fw,-77.5049438476562,-81.6926803588867,48.56835327596275,-161.64797469406668,1652142573
fw,-77.9757537841796,-79.4257888793945,50.4283871297873,-173.64444550177564,1652159240
fw,-78.639289855957,-77.2935028076171,53.46885905868611,-181.82884071045834,1652175907
fw,-79.7499008178711,-75.1692504882812,56.72225347548098,-186.8889115419531,1652192574
fw,-80.822151184082,-72.8818969726562,59.13201742116538,-189.27586582794495,1652209241
fw,-81.4891586303711,-70.4064865112304,59.92287536800132,-189.08759312088407,1652225908
fw,-81.6483078002929,-67.7914657592773,58.830735194031085,-186.09471513897947,1652242575
fw,-81.4014358520507,-65.1531753540039,56.123657396339176,-179.8593014166687,1652259242
fw,-80.9559555053711,-62.5935287475585,52.44704570402943,-169.89261263222474,1652275909
fw,-80.3451080322265,-60.3437995910644,48.590233040204424,-155.8136569842515,1652292576
fw,-79.6930770874023,-58.4344139099121,45.27396778572835,-137.49058495973594,1652309243
fw,-79.06982421875,-56.7498359680175,43.01662930903947,-115.16150093008655,1652325910
fw,-78.4142913818359,-55.2116317749023,42.085762636568695,-89.53146667167861,1652342577
fw,-77.7042770385742,-53.9716606140136,42.507061076874315,-61.825834316654245,1652359244
fw,-77.0138397216796,-53.2083854675293,44.09486191281797,-33.75834563449972,1652375911
fw,-76.360122680664,-53.0501403808593,46.48214351807349,-7.369036758175403,1652392578
fw,-75.6803665161132,-53.5391006469726,49.150929624176484,15.28102557576258,1652409245
fw,-74.9148941040039,-54.5999641418457,51.480259363828495,32.50980573939428,1652425912
fw,-74.0477752685546,-55.828987121582,52.82742480815732,43.39859828763411,1652442579
fw,-73.1554794311523,-57.0032730102539,52.63924945804257,48.02307990487265,1652459246
fw,-72.287727355957,-57.6998672485351,50.565604310701104,47.42707460075859,1652475913
fw,-71.4468841552734,-58.31294631958,46.53236235117786,43.32517245881032,1652492580
fw,-70.7110748291015,-58.8219871520996,40.73491710301184,37.62846060629847,1652509247
fw,-70.2514266967773,-59.1270294189453,33.5371740969817,31.960004828990527,1652525914
fw,-70.0472564697265,-59.4073143005371,25.29864506779057,27.330792713217033,1652542581
fw,-69.9796295166015,-59.9160919189453,16.1905512773557,24.08550376856028,1652559248
fw,-69.9176177978515,-60.9482307434082,6.080502448396559,22.12284103069907,1652575915
fw,-69.8235855102539,-62.546085357666,-5.452958572906722,21.276600057943387,1652592582
fw,-69.8923034667968,-64.1430892944336,-18.968679223228186,21.65628750408524,1652609249
fw,-70.3733901977539,-64.6669921875,-34.929853606997206,23.74798280318216,1652625916
fw,-71.5062789916992,-64.5765991210937,-53.478912140296174,28.19691779319939,1652642583
fw,-73.4811401367187,-64.5674896240234,-74.29255058846992,35.383671816825284,1652659250
fw,-76.0491714477539,-65.078254699707,-96.538054134559,45.04524523654306,1652675917
fw,-78.8034591674804,-66.6107025146484,-118.91090332820887,56.1769751697948,1652692584
fw,-81.5964584350586,-68.3011169433593,-139.7345959312877,67.287853071946,1652709251
fw,-84.2774505615234,-70.075698852539,-157.13375863513713,76.88387364893535,1652725918
fw,-86.0992660522461,-71.9216918945312,-169.30355658188054,83.94549224834304,1652742585
fw,-85.6270446777343,-73.4711074829101,-174.86141679576218,88.19191767381402,1652759252
fw,-83.2681579589843,-74.7820892333984,-173.20164532968852,90.04734442718396,1652775919
fw,-80.5477447509765,-76.0619201660156,-164.72989419376873,90.36576104558273,1652792586
fw,-78.0234222412109,-77.452522277832,-150.86723188099276,90.06299658979155,1652809253
fw,-75.9101486206054,-78.9559478759765,-133.78150272344214,89.81250235044614,1652825920
fw,-74.1753997802734,-80.5027999877929,-115.89827003885964,89.8970280451816,1652842587
fw,-72.8012924194336,-82.0803451538086,-99.32655062447762,90.22008828924174,1652859254
fw,-71.6831741333007,-83.7005767822265,-85.37341153873629,90.4194945648446,1652875921
fw,-70.5720138549804,-85.3221588134765,-74.30076192001147,90.01245724827764,1652892588
fw,-69.3035736083984,-86.7631225585937,-65.40167617858692,88.52683567005309,1652909255
fw,-67.9987258911132,-87.8480529785156,-57.36558251296756,85.60829268388738,1652925922
fw,-66.7716064453125,-88.3476791381836,-48.80002102672102,81.113162525895,1652942589
fw,-65.7161331176757,-87.7720870971679,-38.72246470007589,75.1899516927026,1652959256
fw,-65.1697998046875,-86.4861526489257,-26.853164110793692,68.32425318739755,1652975923
fw,-65.3102188110351,-85.2336730957031,-13.624036991270673,61.29561019322156,1652992590
fw,-66.0670623779296,-84.4545440673828,0.06386604352541686,55.00120873402437,1653009257
fw,-66.7213821411132,-84.0579605102539,13.201877259694706,50.15492796306193,1653025924
fw,-67.1197814941406,-83.695816040039,24.98844719515845,46.948993393992154,1653042591
fw,-67.733901977539,-83.2218170166015,34.98031795536487,44.81832964316415,1653059258
fw,-68.5143203735351,-82.6440048217773,43.059481739340086,42.43344413764733,1653075925
fw,-69.2365493774414,-81.9243545532226,49.27921124191924,37.96737447279002,1653092592
fw,-69.9002380371093,-81.109634399414,53.68947435924557,29.575141648683896,1653109259
fw,-70.6140213012695,-80.4460983276367,56.23527117155306,15.93811936016643,1653125926
fw,-71.7569885253906,-80.1694869995117,56.784044138393426,-3.306085288201389,1653142593
fw,-73.2630004882812,-80.4276351928711,55.27700830757036,-27.39413504257632,1653159260
fw,-74.5352172851562,-81.3316574096679,51.93010412486651,-54.58654081686977,1653175927
fw,-75.5466384887695,-82.8732986450195,47.369305756754045,-82.58517477418478,1653192594
fw,-76.3900299072265,-84.3190078735351,42.60397184502708,-109.07576561279978,1653209261
fw,-76.9649963378906,-84.5574188232421,38.81597417941054,-132.21503838739275,1653225928
fw,-77.3951110839843,-83.1570205688476,37.031580378942344,-150.91613265384282,1653242595
fw,-77.8082504272461,-80.9677429199218,37.80291663120806,-164.87602801653398,1653259262
fw,-78.1314697265625,-78.6809539794921,41.03029077003764,-174.39057997518952,1653275929
fw,-78.8868179321289,-76.469253540039,46.00311272868637,-180.06790984438547,1653292596
fw,-79.9790115356445,-74.234748840332,51.64555152469444,-182.55576624913033,1653309263
fw,-80.8946151733398,-71.8457336425781,56.8636643744237,-182.35486998850843,1653325930
fw,-81.4046783447265,-69.3589935302734,60.85081555166074,-179.73245042052835,1653342597
fw,-81.5633850097656,-66.8557739257812,63.24222951283297,-174.71121127981226,1653359264
fw,-81.4787826538086,-64.5157775878906,64.09433890479777,-167.10243150754633,1653375931
fw,-81.18994140625,-62.2952995300293,63.74407391420696,-156.56913690519966,1653392598
fw,-80.6770858764648,-60.2348861694335,62.63457357125281,-142.72526561654743,1653409265
fw,-80.0451736450195,-58.4254608154296,61.1757308118313,-125.28064989902511,1653425932
fw,-79.3270187377929,-56.7761878967285,59.66781394661958,-104.22401894364623,1653442599
fw,-78.4947509765625,-55.3168983459472,58.28160089796742,-80.00641138888274,1653459266
fw,-77.6430511474609,-54.2600326538085,57.071953280606074,-53.66199793521872,1653475933
fw,-76.8874816894531,-53.6831703186035,56.00298575616543,-26.79853358695851,1653492600
fw,-76.1994476318359,-53.672077178955,54.9740009742667,-1.4152584947508808,1653509267
fw,-75.4911270141601,-54.2782363891601,53.84624101583253,20.44064912896167,1653525934
fw,-74.6867141723632,-55.4028205871582,52.473755018493634,37.10361444142422,1653542601
fw,-73.7996063232421,-56.6014137268066,50.7359818867084,47.67960044295355,1653559268
fw,-72.9333572387695,-57.6815681457519,48.56095123811608,52.261223410108705,1653575935
fw,-72.110969543457,-58.4473037719726,45.92475291186327,51.8796273998174,1653592602
fw,-71.3525314331054,-59.1605720520019,42.81851736023893,48.1975010717285,1653609269
fw,-70.7558822631836,-59.7490730285644,39.18561319143269,43.04665590197621,1653625936
fw,-70.3894882202148,-60.1551856994628,34.84523318746568,37.97255290312247,1653642603
fw,-70.1977157592773,-60.5609855651855,29.431637942378927,33.94375032897561,1653659270
fw,-70.0727462768554,-61.287971496582,22.38608257744431,31.321321311353515,1653675937
fw,-69.9035491943359,-62.5916023254394,13.0315845034332,30.08026839910608,1653692604
fw,-69.7105026245117,-64.2561721801757,0.7328756969665485,30.160904324944674,1653709271
fw,-69.7574157714843,-65.5371704101562,-14.897479385575865,31.75323430660924,1653725938
fw,-70.254280090332,-65.9869689941406,-33.81747072370906,35.33902013478647,1653742605
fw,-71.4556655883789,-66.1821060180664,-55.46614307075356,41.448147464051075,1653759272
fw,-73.4261856079101,-66.5680618286132,-78.79190830107878,50.26078147014824,1653775939
fw,-75.8718490600586,-67.5482788085937,-102.37030529448126,61.290866681554675,1653792606
fw,-78.5476989746093,-69.296890258789,-124.55703450490311,73.34787883165495,1653809273
fw,-81.2529067993164,-71.3299407958984,-143.64374555908148,84.8191216293928,1653825940
fw,-83.9545440673828,-73.4435806274414,-158.02896895546803,94.14426315221483,1653842607
fw,-86.073501586914,-75.401626586914,-166.43553959138828,100.26529810167901,1653859274
fw,-86.3302993774414,-77.0053329467773,-168.17232875431588,102.86606396060934,1653875941
fw,-84.3489303588867,-78.4314270019531,-163.37488067805793,102.333390115843,1653892608
fw,-81.8126602172851,-79.9239730834961,-153.1163000868006,99.50420276018153,1653909275
fw,-79.5225143432617,-81.5566177368164,-139.29210182167594,95.33961708021799,1653925942
fw,-77.6344833374023,-83.2048873901367,-124.25259445913848,90.65918357574073,1653942609
fw,-76.1194915771484,-84.6410903930664,-110.25550561114596,86.00085753723637,1653959276
fw,-74.9334335327148,-85.8826751708984,-98.89609838251137,81.59943308464483,1653975943
fw,-73.7619476318359,-87.0214538574218,-90.70228105991096,77.43919566573405,1653992610
fw,-72.3738937377929,-87.8803100585937,-85.04014347614226,73.33917009656673,1654009277
fw,-70.7510147094726,-88.0180130004882,-80.37249066915939,69.0491341889626,1654025944
fw,-69.1777801513671,-87.4654159545898,-74.78847892343151,64.34874218411903,1654042611
fw,-67.8321533203125,-86.6007995605468,-66.62878436246933,59.1419334781132,1654059278
fw,-66.75146484375,-85.6792221069336,-55.00605561581193,53.528278597147725,1654075945
fw,-66.0072555541992,-84.865119934082,-40.066970814457875,47.82275224873374,1654092612
fw,-65.6223602294921,-84.2472457885742,-22.931697101603877,42.49791193116602,1654109279
fw,-65.805793762207,-83.785171508789,-5.345218030103931,38.044198363024705,1654125946
fw,-66.759536743164,-83.3567733764648,10.840182562097391,34.77854893415727,1654142613
fw,-67.6438827514648,-82.9233779907226,24.17941043017294,32.660746293252835,1654159280
fw,-68.2284545898437,-82.5189514160156,33.97613538968567,31.184257521679065,1654175947
fw,-68.9146041870117,-82.1271514892578,40.3496657407645,29.390212322146528,1654192614
fw,-69.5098114013671,-81.7125015258789,44.03491523927404,26.018171206380742,1654209281
fw,-70.1322708129882,-81.2804794311523,46.02044999621653,19.76682127437133,1654225948
fw,-70.7113647460937,-80.9204330444336,47.17310295165386,9.601328340611916,1654242615
fw,-71.2546615600586,-80.7891693115234,47.9832018523668,-4.978195187696936,1654259282
fw,-72.1430892944336,-80.9838027954101,48.509033692165225,-23.790269592650592,1654275949
fw,-73.5486068725586,-81.6613006591796,48.520269048427615,-45.998641877635045,1654292616
fw,-74.7828979492187,-82.9690475463867,47.75877502351436,-70.30675175534083,1654309283
fw,-75.7953414916992,-84.7653884887695,46.18498993892735,-95.25254796080068,1654325950
fw,-76.6870040893554,-85.9777679443359,44.08942040365309,-119.49334936715911,1654342617
fw,-77.2926483154296,-84.9285888671875,42.019953701680876,-141.97287906451888,1654359284
fw,-77.673843383789,-82.3268356323242,40.56815411689138,-161.9195621530863,1654375951
fw,-78.0477066040039,-79.5858001708984,40.12487109701768,-178.71444624110032,1654392618
fw,-78.4057388305664,-77.1265640258789,40.72798918403485,-191.73942369857107,1654409285
fw,-79.0962753295898,-74.6690521240234,42.077988446995455,-200.32490507621642,1654425952
fw,-80.0135803222656,-71.8160552978515,43.71072416960419,-203.85002856243995,1654442619
fw,-80.6341018676757,-68.6830062866211,45.23465591813584,-201.9453849259994,1654459286
fw,-80.7961120605468,-65.6872863769531,46.50889091739769,-194.67342661087503,1654475953
fw,-80.622444152832,-63.0962448120117,47.678440740618775,-182.56601681767256,1654492620
fw,-80.2474822998046,-60.9021530151367,49.06679550036836,-166.48141654935915,1654509287
fw,-79.8190841674804,-59.0606727600097,50.997747261445404,-147.351213785695,1654525954
fw,-79.4000244140625,-57.4437294006347,53.63783773499029,-125.95324673761571,1654542621
fw,-79.0149688720703,-55.9648933410644,56.91844279553702,-102.83234037235496,1654559288
fw,-78.5628280639648,-54.6040077209472,60.54357801245038,-78.40899968790852,1654575955
fw,-77.903076171875,-53.4270324707031,64.050519439025,-53.214007307090235,1654592622
fw,-77.0468673706054,-52.7001266479492,66.88300467454452,-28.11655090665865,1654609289
fw,-76.1292037963867,-52.5346183776855,68.45664281032002,-4.408404332011231,1654625956
fw,-75.2304916381836,-53.018928527832,68.22308157821375,16.331975558392536,1654642623
fw,-74.3381042480468,-54.0344619750976,65.75142682655985,32.57343615007544,1654659290
fw,-73.4341888427734,-55.3251686096191,60.83256087664386,43.25155733989072,1654675957
fw,-72.5287551879882,-56.5620994567871,53.58304712856765,48.11541210165773,1654692624
fw,-71.6660232543945,-57.5482635498046,44.5014013272911,47.861311142400346,1654709291
fw,-70.8966674804687,-58.1578941345214,34.42935627197319,43.988757979318216,1654725958
fw,-70.3106994628906,-58.7403450012207,24.397939187241022,38.41826363743008,1654742625
fw,-70.0557861328125,-59.2354164123535,15.380788324347774,32.99980670605214,1654759292
fw,-70.1380081176757,-59.6105232238769,8.017309120625871,29.077819423806933,1654775959
fw,-70.3411712646484,-59.8942909240722,2.3910099020848903,27.254826451500506,1654792626
fw,-70.4123306274414,-60.6058959960937,-2.0558427677571696,27.425744796678693,1654809293
fw,-70.3331222534179,-61.9322280883789,-6.4245930498866235,29.057152388284983,1654825960
fw,-70.2246170043945,-63.6678123474121,-12.091686583311295,31.58400385080544,1654842627
fw,-70.3478927612304,-64.8820495605468,-20.345089813259186,34.73413873188659,1654859294
fw,-70.8751602172851,-65.3487472534179,-32.04025247895673,38.619660301590734,1654875961
fw,-72.0684204101562,-65.6559600830078,-47.37920820152039,43.56101832018489,1654892628
fw,-74.0424880981445,-66.1570281982421,-65.85689348506014,49.76560075889751,1654909295
fw,-76.4843597412109,-67.2020263671875,-86.345863727673,57.06437828182322,1654925962
fw,-79.1194992065429,-68.7667846679687,-107.25300457633197,64.86380597649023,1654942629
fw,-81.8527603149414,-70.4332122802734,-126.70287483044741,72.3337806193281,1654959296
fw,-84.5637588500976,-72.2389144897461,-142.75428885093905,78.71879122837544,1654975963
fw,-86.768814086914,-73.899917602539,-153.68136989336423,83.60448250672353,1654992630
fw,-86.7503204345703,-75.256103515625,-158.3142278120709,87.01254440743685,1655009297
fw,-84.4543304443359,-76.5475463867187,-156.36213980944885,89.29665909608978,1655025964
fw,-81.79443359375,-77.9379959106445,-148.5915845974472,90.91167000210987,1655042631
fw,-79.4415817260742,-79.4560165405273,-136.7453245559787,92.1767059262177,1655059298
fw,-77.5701141357421,-81.103775024414,-123.16907758630438,93.13424735675757,1655075965
fw,-76.1448516845703,-82.7633209228515,-110.22562965927237,93.54440066427652,1655092632
fw,-74.8829956054687,-84.4182662963867,-99.67151396365449,92.98939009152419,1655109299
fw,-73.6786041259765,-86.0906448364257,-92.20321087770722,91.02905080021523,1655125966
fw,-72.250244140625,-87.7285003662109,-87.329822339489,87.34970173273905,1655142633
fw,-70.6150665283203,-89.2025451660156,-83.61502169855505,81.8719867704327,1655159300
fw,-68.9012298583984,-90.0,-79.1985711765738,74.8085648394356,1655175967
fw,-67.3573684692382,-88.5808715820312,-72.41087382207009,66.67568657582697,1655192634
fw,-66.1459808349609,-87.3218231201171,-62.27141484879774,58.25879342337513,1655209301
fw,-65.3784408569336,-86.1621780395507,-48.7191727455653,50.51819996266117,1655225968
fw,-65.196044921875,-85.3256759643554,-32.5323111219386,44.41540788048192,1655242635
fw,-65.5917739868164,-84.8444366455078,-15.010102211598884,40.6627597902402,1655259302
fw,-66.1403045654296,-84.4978637695312,2.4323963121214547,39.447824912223716,1655275969
fw,-66.5378112792968,-84.0513305664062,18.59652656503721,40.22966279170668,1655292636
fw,-66.8736114501953,-83.3739242553711,32.65892947488121,41.70897962132833,1655309303
fw,-67.6084518432617,-82.563362121582,44.15405652753527,42.023715237413334,1655325970
fw,-68.6246871948242,-81.7406005859375,52.856224120642295,39.13801388781699,1655342637
fw,-69.4145126342773,-80.9851608276367,58.66074833662426,31.31772370747131,1655359304
fw,-70.2876205444336,-80.4347457885742,61.53717091986168,17.552076923382174,1655375971
fw,-71.4245529174804,-80.2228012084961,61.57926663951196,-2.202796095700615,1655392638
fw,-72.9324569702148,-80.5701828002929,59.124615194595584,-27.027730225317733,1655409305
fw,-74.3172760009765,-81.7440719604492,54.87033747397244,-55.28357900644235,1655425972
fw,-75.2196044921875,-83.7450866699218,49.89205331369347,-85.00577645492226,1655442639
fw,-75.9629364013671,-85.9029922485351,45.504117153624634,-114.30836561674705,1655459306
fw,-76.4760589599609,-86.7352981567382,42.975050797935694,-141.6560474540887,1655475973
fw,-77.0288314819336,-84.9295883178711,43.19091175823005,-165.92965951653494,1655492640
fw,-77.5762023925781,-82.1510696411132,46.39526873793081,-186.31564133456018,1655509307
fw,-78.1077728271484,-79.3106536865234,52.11001598842287,-202.1345767653584,1655525974
fw,-79.0835037231445,-76.3572235107421,59.27054878900519,-212.73704415664588,1655542641
fw,-80.1412506103515,-73.089241027832,66.52354912468823,-217.53130147961164,1655559308
fw,-80.9150924682617,-69.6936950683593,72.57351171704583,-216.11137722077308,1655575975
fw,-81.2731018066406,-66.5111312866211,76.45656872589439,-208.3902377685338,1655592642
fw,-81.2527999877929,-63.68017578125,77.67138630880613,-194.65042187988337,1655609309
fw,-80.9669570922851,-61.157413482666,76.17317760876999,-175.49105033379553,1655625976
fw,-80.5120162963867,-58.8702354431152,72.28901994795113,-151.7220208137885,1655642643
fw,-79.8868942260742,-56.9220352172851,66.6151955806361,-124.28277421119928,1655659310
fw,-79.1460189819336,-55.4240455627441,59.924197624460234,-94.23359874006987,1655675977
fw,-78.3220062255859,-54.4138793945312,53.0747577750065,-62.811067076039,1655692644
fw,-77.4528350830078,-53.6607246398925,46.907303530585914,-31.493233851974093,1655709311
fw,-76.6354904174804,-53.2636337280273,42.120219374468356,-2.0035072801790874,1655725978
fw,-75.901611328125,-53.5879707336425,39.143938212956115,23.803903353289126,1655742645
fw,-75.1986312866211,-54.5010452270507,38.04473028969912,44.19153334044022,1655759312
fw,-74.4965286254882,-55.8739166259765,38.49019414513427,57.87040222950802,1655775979
fw,-73.7483825683593,-57.2012939453125,39.79335618442294,64.30950055981255,1655792646
fw,-72.9745101928711,-58.2874336242675,41.02740668274336,63.90339037279176,1655809313
fw,-72.288345336914,-59.2748947143554,41.179307788615716,57.92763906974447,1655825980
fw,-71.7643508911132,-60.1294975280761,39.300433454909104,48.29774290599613,1655842647
fw,-71.3565902709961,-60.6473388671875,34.6222304366142,37.21858899119664,1655859314
fw,-71.0294494628906,-61.0401916503906,26.628070384880935,26.83502520722263,1655875981
fw,-70.8693008422851,-61.6222953796386,15.093309778464649,18.970624405421752,1655892648
fw,-70.8441085815429,-62.726505279541,0.11068735051436317,14.986873178068105,1655909315
fw,-70.9662017822265,-63.8793869018554,-17.894621045900276,15.728470835824766,1655925982
fw,-71.4417724609375,-64.2529220581054,-38.1762768751713,21.478388872593815,1655942649
fw,-72.4551620483398,-64.3212051391601,-59.72967158837353,31.87080153839231,1655959316
fw,-74.2234115600586,-64.654800415039,-81.41477682394178,45.79851415352821,1655975983
fw,-76.6778106689453,-65.6478424072265,-102.1080821549992,61.433775379563464,1655992650
fw,-79.4631118774414,-67.4838714599609,-120.82022283629462,76.47532905411376,1656009317
fw,-82.2532196044921,-69.7845993041992,-136.72499834694608,88.62727720769132,1656025984
fw,-84.9035339355468,-72.0386505126953,-149.10291833787045,96.176259843008,1656042651
fw,-86.9201278686523,-74.0499877929687,-157.27070756801848,98.45402570458413,1656059318
fw,-86.8119277954101,-75.6095275878906,-160.59245785815602,96.0004094308868,1656075985
fw,-84.5618133544921,-76.8284149169921,-158.62361268375318,90.3599768209194,1656092652
fw,-81.7166290283203,-78.0287246704101,-151.3508135393336,83.59184033897375,1656109319
fw,-79.0088653564453,-79.3597412109375,-139.41208150119098,77.67502408699023,1656125986
fw,-76.7751693725586,-80.7785720825195,-124.16008451433169,74.00735238780632,1656142653
fw,-75.0600128173828,-82.1755142211914,-107.48340394459669,73.13006104365472,1656159320
fw,-73.8260421752929,-83.5324935913086,-91.40452251363288,74.7104696314657,1656175987
fw,-73.0041885375976,-84.9201354980468,-77.57840663244684,77.73363845506229,1656192654
fw,-72.2316589355468,-86.3090133666992,-66.87116130342712,80.81634438750373,1656209321
fw,-71.3243713378906,-87.5407562255859,-59.1775465787792,82.55756278437003,1656225988
fw,-70.1962966918945,-88.1968078613281,-53.546783182167616,81.85948766224328,1656242655
fw,-69.1231307983398,-87.7887496948242,-48.5669479147148,78.17357634517795,1656259322
fw,-68.1859130859375,-86.7347564697265,-42.862693022842784,71.63697065168785,1656275989
fw,-67.4590911865234,-85.5584259033203,-35.528977403226015,63.067774459114716,1656292656
fw,-67.0063171386718,-84.6080932617187,-26.361166268135126,53.7964684126474,1656309323
fw,-66.966567993164,-84.0162124633789,-15.825612327030933,45.34031643004895,1656325990
fw,-67.5023880004882,-83.7025070190429,-4.810865067428887,38.97903641232155,1656342657
fw,-68.2178955078125,-83.4246673583984,5.7236985255756885,35.34227045773233,1656359324
fw,-68.4827270507812,-83.0138549804687,15.05604364494243,34.1401596532681,1656375991
fw,-68.8503952026367,-82.4971389770507,22.855077254054557,34.13781796952426,1656392658
fw,-69.4083709716796,-81.9175262451171,29.149839549270375,33.40138291867024,1656409325
fw,-69.8630981445312,-81.2243041992187,34.1671604977124,29.757770957117295,1656425992
fw,-70.2500228881836,-80.5434188842773,38.13516277617887,21.343461473551503,1656442659
fw,-70.6814041137695,-80.1310729980468,41.14940741141355,7.088799771181467,1656459326
fw,-71.5623397827148,-80.1701354980468,43.16351478375296,-12.999298826165171,1656475993
fw,-72.8109817504882,-80.7110290527343,44.105997056240014,-37.835114537522976,1656492660
fw,-73.8845443725586,-81.9020385742187,44.057308172294384,-65.52695202157943,1656509327
fw,-74.7488937377929,-83.8532409667968,43.38104417581044,-93.83485675329909,1656525994
fw,-75.5710830688476,-86.0723037719726,42.72073417658876,-120.66489516361447,1656542661
fw,-76.1893844604492,-86.8598861694336,42.84217847526772,-144.44255067037903,1656559328
fw,-76.6724700927734,-84.7799682617187,44.38101990412144,-164.25852444366248,1656575995
fw,-77.2151260375976,-81.7843170166015,47.60447795702618,-179.77735428182947,1656592662
fw,-77.7388153076171,-78.8214950561523,52.29333626987584,-190.99925655240412,1656609329
fw,-78.6961669921875,-75.9764633178711,57.79725212068597,-198.01439578409665,1656625996
fw,-79.7879867553711,-72.9116973876953,63.23722250520802,-200.8589264383505,1656642663
fw,-80.6372909545898,-69.807632446289,67.7635521753183,-199.49678774039563,1656659330
fw,-81.0821228027343,-66.9514541625976,70.76255144004942,-193.87164908878077,1656675997
fw,-81.119873046875,-64.3137130737304,71.94770779865435,-183.953954635017,1656692664
fw,-80.8381958007812,-61.8091773986816,71.34013509351396,-169.75215004333563,1656709331
fw,-80.3654251098632,-59.4269638061523,69.19227273354727,-151.31678277310414,1656725998
fw,-79.7540817260742,-57.4332389831543,65.91212106288508,-128.78856088932636,1656742665
fw,-79.0226440429687,-55.8249206542968,62.012401090729846,-102.51477241094794,1656759332
fw,-78.1781005859375,-54.6406936645507,58.07114577635776,-73.21001847453344,1656775999
fw,-77.2876739501953,-53.7597923278808,54.6746642687481,-42.098580677178106,1656792666
fw,-76.4649658203125,-53.2438735961914,52.32703591806245,-10.960839002249596,1656809333
fw,-75.7339553833007,-53.4117584228515,51.338508586962384,17.9818029376821,1656826000
fw,-75.0280532836914,-54.4209556579589,51.72767732188124,42.36639912421594,1656842667
fw,-74.290901184082,-55.9199142456054,53.17527974366628,60.125496186928636,1656859334
fw,-73.4819107055664,-57.6171264648437,55.05012920561123,69.94339148261707,1656876001
fw,-72.576904296875,-59.1355934143066,56.50062647143129,71.58167797149657,1656892668
fw,-71.5625,-60.2722549438476,56.58304173924856,65.95984724193924,1656909335
fw,-70.5462951660156,-61.2138710021972,54.3906218348803,54.966897375983294,1656926002
fw,-69.782844543457,-61.7923202514648,49.15708084648372,41.07727037280545,1656942669
fw,-69.4012908935546,-62.1611099243164,40.32789536352451,26.901320292727636,1656959336
fw,-69.2679672241211,-62.5421867370605,27.6118677954191,14.797814091580163,1656976003
fw,-69.2210159301757,-63.2921333312988,11.03129749031708,6.623088537226387,1656992670
fw,-69.1853103637695,-64.3148956298828,-9.024896681555573,3.6134161373001645,1657009337
fw,-69.4077529907226,-64.7790145874023,-31.767854339605236,6.333429411314532,1657026004
fw,-70.133674621582,-64.6824722290039,-56.03729579563404,14.620589743546015,1657042671
fw,-71.6734619140625,-64.7063293457031,-80.42300134310396,27.526693231360984,1657059338
fw,-74.0629348754882,-65.2541122436523,-103.46553493896981,43.34696513515408,1657076005
fw,-76.9183349609375,-66.7361907958984,-123.86971713256312,59.84680054074921,1657092672
fw,-79.8261413574218,-68.6935119628906,-140.64573509674332,74.70944940576544,1657109339
fw,-82.6391830444336,-70.8538970947265,-153.132323875133,86.09068378857097,1657126006
fw,-85.2174224853515,-72.9700393676757,-160.9323339292677,93.07588800712134,1657142673
fw,-86.8430938720703,-74.6989212036132,-163.8470446411566,95.85086407661653,1657159340
fw,-86.1008758544921,-75.9792251586914,-161.88815726468877,95.51078379972483,1657176007
fw,-83.6466522216796,-77.1614761352539,-155.3800595190453,93.58352390216334,1657192674
fw,-80.9787902832031,-78.515869140625,-145.0846982723539,91.46013852619518,1657209341
fw,-78.5778884887695,-80.1103820800781,-132.23892499641653,89.95100306130341,1657226008
fw,-76.6376190185546,-81.8331222534179,-118.41792978112032,89.11388746007486,1657242675
fw,-75.1132278442382,-83.5588073730468,-105.21902279193289,88.37513804367202,1657259342
fw,-73.8881378173828,-85.2470016479492,-93.85605585806232,86.85346939895626,1657276009
fw,-72.8535614013671,-86.8458938598632,-84.81642404334629,83.74292023365541,1657292676
fw,-71.6920166015625,-88.1596374511718,-77.72774721789995,78.6233500728957,1657309343
fw,-70.3219833374023,-88.8937683105468,-71.50859151197494,71.62025479715713,1657326010
fw,-68.8986053466796,-88.6534652709961,-64.76592423890031,63.398372571268425,1657342677
fw,-67.609878540039,-87.8923416137695,-56.300089036463596,55.01950791777137,1657359344
fw,-66.654296875,-87.0638885498046,-45.532496352817176,47.713291013506165,1657376011
fw,-66.0754165649414,-86.3241119384765,-32.701716322043744,42.60701130358303,1657392678
fw,-65.9887619018554,-85.72314453125,-18.764349591049896,40.45455276961987,1657409345
fw,-66.4976730346679,-85.1955184936523,-5.049193669695835,41.40755947522762,1657426012
fw,-67.2795639038086,-84.6280136108398,7.195867858633966,44.88121975642872,1657442679
fw,-67.6778259277343,-83.8915100097656,17.189979013403345,49.56646667803252,1657459346
fw,-68.1566467285156,-82.9135437011718,24.80110199855183,53.61538791067887,1657476013
fw,-68.829605102539,-81.8463058471679,30.477204800025163,54.978123840550275,1657492680
fw,-69.3350677490234,-80.8055725097656,34.979243850276625,51.816467319026245,1657509347
fw,-69.7200546264648,-79.922492980957,39.033194065742414,42.88727343121683,1657526014
fw,-70.0372314453125,-79.2926254272461,43.03753966880675,27.792895622967634,1657542681
fw,-70.7187271118164,-79.0925216674804,46.939879927799204,7.033406911524038,1657559348
fw,-72.0523376464843,-79.3837356567382,50.332363846744336,-18.14836544579246,1657576015
fw,-73.5986938476562,-80.2716674804687,52.721149046736606,-46.07939652604571,1657592682
fw,-74.7108917236328,-81.8646774291992,53.840093304131685,-75.03009105787119,1657609349
fw,-75.7527770996093,-83.9679870605468,53.85551049839623,-103.53004988813652,1657626016
fw,-76.756965637207,-85.3949584960937,53.3648771659819,-130.52205113985238,1657642683
fw,-77.3868331909179,-84.6613845825195,53.1927325490424,-155.3099172280014,1657659350
fw,-78.0471420288086,-82.6551666259765,54.07619738963638,-177.3472053394056,1657676017
fw,-78.6438827514648,-80.5592041015625,56.37401312805596,-195.99503055869883,1657692684
fw,-79.2369613647461,-78.3416137695312,59.916681976018445,-210.39710459566672,1657709351
fw,-80.1292495727539,-75.506851196289,64.05082657704493,-219.55627439418728,1657726018
fw,-80.9372024536132,-72.1331253051757,67.84668981561029,-222.58157068637547,1657742685
fw,-81.3020706176757,-68.7109375,70.37458181099278,-218.97698043582653,1657759352
fw,-81.2194290161132,-65.4962539672851,70.94616761589192,-208.8222719448161,1657776019
fw,-80.8574600219726,-62.6279869079589,69.25899834350068,-192.76164466986452,1657792686
fw,-80.3335037231445,-60.2105903625488,65.44115682440257,-171.82271244355155,1657809353
fw,-79.7208480834961,-58.1645126342773,60.02490593828334,-147.17136734560583,1657826020
fw,-79.0833740234375,-56.3640937805175,53.871361602927685,-119.92573051840316,1657842687
fw,-78.4408645629882,-54.8862533569335,48.0450872559543,-91.10491833685158,1657859354
fw,-77.7516479492187,-53.6201438903808,43.62942365281117,-61.707511748792626,1657876021
fw,-77.0382843017578,-52.6620025634765,41.49292685864785,-32.841769601825426,1657892688
fw,-76.3129425048828,-52.3261680603027,42.0521896559707,-5.797942983188544,1657909355
fw,-75.5404891967773,-52.736343383789,45.10219361588088,18.021905066986214,1657926022
fw,-74.6740341186523,-53.7670593261718,49.78303589516739,37.327232442045805,1657942689
fw,-73.6579971313476,-55.1878852844238,54.717399195188285,51.236884855118305,1657959356
fw,-72.5181808471679,-56.5086402893066,58.29737762715054,59.51670286661271,1657976023
fw,-71.3666763305664,-57.4547882080078,59.04266960486013,62.63638324303782,1657992690
fw,-70.3954544067382,-58.1347122192382,55.91907230552857,61.609630451396114,1658009357
fw,-69.7215194702148,-58.985610961914,48.516419260003175,57.69114587152322,1658026024
fw,-69.3472671508789,-59.7853622436523,37.03996857613939,52.073496552221364,1658042691
fw,-69.1792602539062,-60.5838737487793,22.14400393162848,45.71708723856772,1658059358
fw,-69.1945571899414,-61.5459938049316,4.692759570345295,39.36840120578873,1658076025
fw,-69.370849609375,-62.9750061035156,-14.454334152630043,33.71839972494839,1658092692
fw,-69.6821746826171,-64.6096420288086,-34.56774432544581,29.570005923517563,1658109359
fw,-70.3525238037109,-65.4237289428711,-55.07068149350895,27.86188162517397,1658126026
fw,-71.6075134277343,-65.4649429321289,-75.49111600656502,29.464955954061637,1658142693
fw,-73.7228622436523,-65.4818420410156,-95.38732439655007,34.812714825713186,1658159360
fw,-76.448486328125,-65.8785934448242,-114.27355500132475,43.56255649934839,1658176027
fw,-79.3249893188476,-67.1689224243164,-131.55058561292228,54.51049548703356,1658192694
fw,-82.1291732788086,-68.9385833740234,-146.45024670602191,65.8628537903725,1658209361
fw,-84.7369842529296,-70.9024276733398,-158.03185754676855,75.77860422146519,1658226028
fw,-86.3958663940429,-72.8972473144531,-165.2836856708409,82.95241150198473,1658242695
fw,-85.7695083618164,-74.5312957763671,-167.3494897211015,86.98860490737447,1658259362
fw,-83.367446899414,-75.770881652832,-163.82866656705997,88.41982522297148,1658276029
fw,-80.7045364379882,-76.9087448120117,-155.03493284701287,88.38863495533387,1658292696
fw,-78.2413787841796,-78.2041702270507,-142.08588239606541,88.15050782057585,1658309363
fw,-76.1319961547851,-79.6761245727539,-126.74604445821952,88.60739323939873,1658326030
fw,-74.472671508789,-81.244873046875,-111.038432006377,90.03254285578697,1658342697
fw,-73.2040405273437,-82.8399276733398,-96.73454380734049,92.04403610442688,1658359364
fw,-72.2019958496093,-84.5006866455078,-84.89086476967674,93.78736155213636,1658376031
fw,-71.139533996582,-86.2074966430664,-75.5961608728792,94.2337190064527,1658392698
fw,-69.8653793334961,-87.7112503051757,-68.02538629440491,92.49356790064391,1658409365
fw,-68.5151138305664,-88.512466430664,-60.785324728633626,88.0678075268297,1658426032
fw,-67.3170013427734,-88.0735931396484,-52.42829644082189,80.99181145977303,1658442699
fw,-66.3591766357421,-86.9796905517578,-41.950623836154044,71.85482389311538,1658459366
fw,-65.7612228393554,-85.78662109375,-29.106492364502916,61.69252071999988,1658476033
fw,-65.6685943603515,-84.8361282348632,-14.44529865976462,51.76033130160391,1658492700
fw,-66.3312149047851,-84.3214950561523,0.9122852478224153,43.2145023048854,1658509367
fw,-67.2341690063476,-84.1304779052734,15.648607442230203,36.76416167074056,1658526034
fw,-67.7334594726562,-83.9562606811523,28.617281288231545,32.39529864537727,1658542701
fw,-68.3325958251953,-83.565933227539,39.075549689947465,29.274544345187007,1658559368
fw,-69.2066192626953,-83.0284194946289,46.732769774920634,25.895713290629054,1658576035
fw,-70.0081634521484,-82.5002746582031,51.65263623419843,20.447683849719617,1658592702
fw,-70.7938003540039,-82.0453262329101,54.09271662297265,11.298375428981716,1658609369
fw,-71.4575119018554,-81.8078689575195,54.36687705637306,-2.554773033423595,1658626036
fw,-72.2892990112304,-81.9206161499023,52.79089109483848,-21.207075969273383,1658642703
fw,-73.593147277832,-82.5326080322265,49.72751670349719,-43.82416647133825,1658659370
fw,-74.8615646362304,-83.8461074829101,45.69040140632885,-68.87411629664231,1658676037
fw,-75.7533721923828,-85.7420959472656,41.42011277274396,-94.5278003848818,1658692704
fw,-76.5194549560546,-86.9583663940429,37.844999639276665,-119.08189391771998,1658709371
fw,-77.0080032348632,-85.3890075683593,35.89573660933845,-141.25425929120806,1658726038
fw,-77.3671340942382,-82.4106750488281,36.22602555465028,-160.2632329645096,1658742705
fw,-77.7536315917968,-79.378921508789,38.955371544772824,-175.70702616012187,1658759372
fw,-78.1442413330078,-76.6847991943359,43.55931305729258,-187.3519018662988,1658776039
fw,-78.9617385864257,-74.099006652832,48.980756627959444,-194.96451038712846,1658792706
fw,-80.1493301391601,-71.3622512817382,53.94193001965127,-198.27180644308345,1658809373
fw,-81.1376266479492,-68.4470520019531,57.34201459352572,-197.0389944881545,1658826040
fw,-81.6589889526367,-65.6108474731445,58.58256890715871,-191.1833343764628,1658842707
fw,-81.7624588012695,-63.0744705200195,57.70046722455237,-180.83239100339958,1658859374
fw,-81.6066589355468,-60.738655090332,55.283901078542996,-166.28760608479237,1658876041
fw,-81.291259765625,-58.7421951293945,52.23985664540446,-147.92749258351554,1658892708
fw,-80.8766098022461,-57.0608863830566,49.52059257213573,-126.13129041623566,1658909375
fw,-80.4558944702148,-55.5531730651855,47.896571131920695,-101.29794879923635,1658926042
fw,-80.0021209716796,-54.1721153259277,47.81454095641268,-73.98203155550992,1658942709
fw,-79.4312591552734,-52.9910316467285,49.33706785282587,-45.094034471528296,1658959376
fw,-78.742202758789,-52.2832565307617,52.14273458497995,-16.05368165395716,1658976043
fw,-78.0239486694336,-52.2303581237793,55.57378802910887,11.224590883913846,1658992710
fw,-77.2969894409179,-52.9867439270019,58.734812619604924,34.57906350628659,1659009377
fw,-76.5316848754882,-54.306541442871,60.651880065124615,52.04383532246709,1659026044
fw,-75.6785278320312,-55.8524436950683,60.48461675286655,62.34910936286727,1659042711
fw,-74.70849609375,-57.2897644042968,57.74919785816677,65.29240878275624,1659059378
fw,-73.6909484863281,-58.1902885437011,52.47938955982707,61.82951168657019,1659076045
fw,-72.8233566284179,-58.9174156188964,45.24924999030596,53.84082378039149,1659092712
fw,-72.2796630859375,-59.4540672302246,37.01670459738062,43.657667482139345,1659109379
fw,-72.078872680664,-59.7123680114746,28.813290507215203,33.520764340268,1659126046
fw,-71.9898529052734,-59.9438781738281,21.37482796602272,25.154114292747277,1659142713
fw,-71.8788681030273,-60.3574142456054,14.846813311198215,19.577915044067172,1659159380
fw,-71.7023696899414,-61.2870979309082,8.683882485428407,17.18270216835724,1659176047
fw,-71.4528045654296,-62.6371917724609,1.7959716455134134,17.976316879789717,1659192714
fw,-71.3585357666015,-63.7451248168945,-7.099237623270805,21.838407622802972,1659209381
fw,-71.5176544189453,-64.1098709106445,-19.03836958612846,28.623238330631235,1659226048
fw,-72.1006469726562,-64.2027511596679,-34.44223815961918,38.05680562093485,1659242715
fw,-73.3279190063476,-64.571792602539,-52.936259568895,49.52363102855682,1659259382
fw,-75.2206726074218,-65.6132431030273,-73.4036549796286,61.92987853517967,1659276049
fw,-77.5811920166015,-67.4000091552734,-94.22220146310858,73.79407789610939,1659292716
fw,-80.1232299804687,-69.435562133789,-113.57898328648227,83.57846035918368,1659309383
fw,-82.6866760253906,-71.4250183105468,-129.76265967566894,90.12707743952663,1659326050
fw,-85.1176147460937,-73.2011566162109,-141.38509024106244,93.01178410495373,1659342717
fw,-86.7634811401367,-74.6087112426757,-147.53908342606252,92.63250326190077,1659359384
fw,-86.339485168457,-75.8032684326171,-147.91767614827015,90.03679607102737,1659376051
fw,-84.2611999511718,-77.0465545654296,-142.8977872763049,86.54673305767149,1659392718
fw,-81.8523712158203,-78.4064025878906,-133.5530333777943,83.34852650084335,1659409385
fw,-79.6893005371093,-79.8324661254882,-121.54123739190096,81.18964342646905,1659426052
fw,-77.9390792846679,-81.2766799926757,-108.83391260971268,80.25955751320446,1659442719
fw,-76.5562057495117,-82.7137451171875,-97.31501741315128,80.24867337839825,1659459386
fw,-75.4441909790039,-84.1611175537109,-88.34603387820027,80.52437636392929,1659476053
fw,-74.3784866333007,-85.5852355957031,-82.43484186640015,80.34800037134228,1659492720
fw,-73.1124572753906,-86.9005432128906,-79.12988584703815,79.07277424786447,1659509387
fw,-71.6440505981445,-87.9883117675781,-77.18925159816308,76.29126018747115,1659526054
fw,-70.1766510009765,-88.5616989135742,-74.97597015308293,71.92399060630834,1659542721
fw,-68.8567276000976,-88.1300964355468,-70.95070244632984,66.24959297269068,1659559388
fw,-67.7131271362304,-87.1985092163086,-64.10543072991982,59.87224063648711,1659576055
fw,-66.7638320922851,-86.3243331909179,-54.21176278109531,53.616914656878144,1659592722
fw,-66.0262298583984,-85.6774597167968,-41.82362251604838,48.3516113478585,1659609389
fw,-65.7495803833007,-85.1292648315429,-28.050108868602077,44.7621693517622,1659626056
fw,-66.2283706665039,-84.5505828857421,-14.183187469847738,43.13569830856418,1659642723
fw,-66.6675338745117,-83.9069366455078,-1.3127550661958387,43.22053472991948,1659659390
fw,-66.8075103759765,-83.1302490234375,9.933088814275639,44.21267144897754,1659676057
fw,-66.9907836914062,-82.2445831298828,19.43817856333272,44.878446234470985,1659692724
fw,-67.4482192993164,-81.4179382324218,27.448025341935825,43.7807444445885,1659709391
fw,-67.9420471191406,-80.7559738159179,34.310654443709296,39.5495202196285,1659726058
fw,-68.3881607055664,-80.2447052001953,40.230799809615924,31.134318228638218,1659742725
fw,-68.966323852539,-79.8561172485351,45.13907388605353,17.990305920928247,1659759392
fw,-69.8645706176757,-79.7051696777343,48.72660608265004,0.16734718766127787,1659776059
fw,-71.1659088134765,-79.9368286132812,50.62948334968243,-21.712628080152367,1659792726
fw,-72.5262756347656,-80.7085952758789,50.68128240676273,-46.58659732698475,1659809393
fw,-73.4944381713867,-82.1090469360351,49.11395935716511,-73.15934821434257,1659826060
fw,-74.3165740966796,-83.9466018676757,46.604288878682546,-100.12861658504687,1659842727
fw,-75.0335922241211,-85.2000045776367,44.132314173608314,-126.34800270223656,1659859394
fw,-75.4545288085937,-84.5101623535156,42.70325896362507,-150.86802857308595,1659876061
fw,-76.0050735473632,-82.5282440185546,43.04207618923987,-172.85394924606356,1659892728
fw,-76.5394973754882,-80.4126205444336,45.37769059920467,-191.4505231550613,1659909395
fw,-77.2079086303711,-78.2441787719726,49.393629060818654,-205.70288210328923,1659926062
fw,-78.1135787963867,-75.5356674194336,54.35207340940072,-214.61544397273408,1659942729
fw,-78.9726257324218,-72.2464828491211,59.32975579421071,-217.34664335498695,1659959396
fw,-79.5631408691406,-68.8558883666992,63.467902318425224,-213.44769217300825,1659976063
fw,-79.8328170776367,-65.7790222167968,66.15080740304198,-203.0185688911919,1659992730
fw,-79.8614501953125,-63.0585594177246,67.0777308719454,-186.69890932267916,1660009397
fw,-79.7728424072265,-60.7446365356445,66.24783483665944,-165.50600825568878,1660026064
fw,-79.5957260131836,-58.7580947875976,63.905690254152525,-140.61442388143186,1660042731
fw,-79.3099365234375,-57.0654869079589,60.485926029891715,-113.1920434098034,1660059398
fw,-78.8612594604492,-55.6809692382812,56.565432947065,-84.360440638863,1660076065
fw,-78.198486328125,-54.5694923400878,52.80554727166572,-55.26712418878715,1660092732
fw,-77.3968734741211,-53.8376388549804,49.862153402826856,-27.189692662312414,1660109399
fw,-76.6017379760742,-53.632640838623,48.25955127578422,-1.5693174011394746,1660126066
fw,-75.8651962280273,-54.0322532653808,48.251647639756065,20.09799064462887,1660142733
fw,-75.1668167114257,-54.9326171875,49.714787965800376,36.51357920799209,1660159400
fw,-74.4724197387695,-56.137767791748,52.118351136930045,46.89452017481594,1660176067
fw,-73.6878128051757,-57.4197120666503,54.59918209945068,51.23032080015388,1660192734
fw,-72.7824478149414,-58.3176383972168,56.130229979062854,50.35516341019198,1660209401
fw,-71.8182067871093,-58.9963798522949,55.735914188589604,45.77855663731553,1660226068
fw,-70.9787063598632,-59.557876586914,52.684246662171084,39.31774707923454,1660242735
fw,-70.4551544189453,-59.9573211669921,46.59275555105129,32.66164370636496,1660259402
fw,-70.1886749267578,-60.2857971191406,37.42260396384135,27.026023576997016,1660276069
fw,-69.9704666137695,-60.6912307739257,25.385632483884045,23.022612375700792,1660292736
fw,-69.7634963989257,-61.6185455322265,10.824738119772874,20.776891676538103,1660309403
fw,-69.6399536132812,-63.0580139160156,-5.871459534272332,20.219801964340444,1660326070
fw,-69.7865753173828,-64.4532928466796,-24.292083580202327,21.388174893003853,1660342737
fw,-70.4198760986328,-64.966926574707,-43.98143088050364,24.55199701377865,1660359404
fw,-71.6744232177734,-64.9625549316406,-64.40859633555225,30.077377852728205,1660376071
fw,-73.6941299438476,-65.0326080322265,-84.95437622085824,38.09733573932839,1660392738
fw,-76.2576293945312,-65.6581192016601,-104.90807781356354,48.19562266332891,1660409405
fw,-79.0098648071289,-67.0893249511718,-123.45094668267106,59.31624481820874,1660426072
fw,-81.7208251953125,-68.8491668701171,-139.6265154007248,69.98545680312965,1660442739
fw,-84.3412322998046,-70.8240661621093,-152.34417622827635,78.75833248105778,1660459406
fw,-86.3148574829101,-72.7157897949218,-160.48291334571977,84.68469717299432,1660476073
fw,-86.2322540283203,-74.238166809082,-163.12401960159798,87.58613652911787,1660492740
fw,-84.040298461914,-75.4828948974609,-159.86097597272538,88.0350773279183,1660509407
fw,-81.4137802124023,-76.6961441040039,-151.06413013163933,87.0684845347939,1660526074
fw,-79.0101165771484,-78.0139770507812,-137.96402810311173,85.77852683155662,1660542741
fw,-77.0502243041992,-79.4614715576171,-122.472591581063,84.95085112217771,1660559408
fw,-75.5469512939453,-80.9665145874023,-106.7623463709194,84.86854371249903,1660576075
fw,-74.3350448608398,-82.4863204956054,-92.7256890600763,85.31008613943241,1660592742
fw,-73.3606491088867,-84.0355987548828,-81.49388705184663,85.694314120276,1660609409
fw,-72.327522277832,-85.5783615112304,-73.18417724700328,85.29316925923825,1660626076
fw,-71.0766143798828,-86.9362487792968,-66.96628251076444,83.44233220468834,1660642743
fw,-69.7195281982421,-87.9621200561523,-61.42535540064746,79.71058365555731,1660659410
fw,-68.4812774658203,-88.4131698608398,-55.09080389340592,74.01744736299844,1660676077
fw,-67.4450149536132,-87.9488143920898,-46.94306891147828,66.69873107365612,1660692744
fw,-66.7228546142578,-86.9272537231445,-36.725490254645024,58.508489819473425,1660709411
fw,-66.379165649414,-85.9444046020507,-24.966372711935186,50.52901915494915,1660726078
fw,-66.6065521240234,-85.3237075805664,-12.72467123721489,43.96360503993531,1660742745
fw,-67.2467498779296,-85.0141830444336,-1.1724170812577828,39.82533082637008,1660759412
fw,-67.6506271362304,-84.7262725830078,8.817525610222745,38.595082177022846,1660776079
fw,-67.9173049926757,-84.2061080932617,16.92257729774769,39.96412086526589,1660792746
fw,-68.4029464721679,-83.5026702880859,23.381596974102866,42.76778638706145,1660809413
fw,-68.8186874389648,-82.7307815551757,28.78937920504682,45.15688604975531,1660826080
fw,-69.1827697753906,-81.8856201171875,33.77659215994395,44.97335162438952,1660842747
fw,-69.5436096191406,-80.9815368652343,38.70840414525429,40.232348403927766,1660859414
fw,-70.1103363037109,-80.2325363159179,43.52022489445017,29.58259481418496,1660876081
fw,-71.1113510131836,-79.8195724487304,47.75598453615778,12.622433567550893,1660892748
fw,-72.5301971435546,-79.8526000976562,50.793950816559715,-10.01246545615769,1660909415
fw,-73.7816467285156,-80.4782104492187,52.163556445170656,-36.81060137132646,1660926082
fw,-74.8609771728515,-81.8125915527343,51.8133006962573,-65.74294166457771,1660942749
fw,-75.931770324707,-83.6423873901367,50.21023428556093,-94.70411751660572,1660959416
fw,-76.7299270629882,-85.1119232177734,48.225671369326186,-121.89614241924788,1660976083
fw,-77.2238693237304,-84.9822616577148,46.85231878485993,-146.03975118409286,1660992750
fw,-77.7610931396484,-83.2855987548828,46.866938943486964,-166.37335210859314,1661009417
fw,-78.2195968627929,-81.1359176635742,48.57458519876393,-182.49314395554833,1661026084
fw,-78.9213256835937,-78.8761291503906,51.73497061852149,-194.15210958833308,1661042751
fw,-79.9507751464843,-76.3327255249023,55.69036245777849,-201.13440991104574,1661059418
fw,-80.9313049316406,-73.3398284912109,59.624507290282416,-203.25681863375664,1661076085
fw,-81.5476684570312,-70.1251220703125,62.830327682910955,-200.4607281929942,1661092752
fw,-81.6977615356445,-67.1681671142578,64.87851582615669,-192.90207435741038,1661109419
fw,-81.5046081542968,-64.5522079467773,65.64720506472062,-180.95738928736213,1661126086
fw,-81.1222839355468,-62.2735328674316,65.24840147902034,-165.13270821373914,1661142753
fw,-80.5978851318359,-60.287670135498,63.92429009386167,-145.93892499900534,1661159420
fw,-79.9746551513671,-58.4293403625488,61.97272250806696,-123.82823433915266,1661176087
fw,-79.3210678100586,-56.7981605529785,59.71750600394072,-99.25142327583563,1661192754
fw,-78.5934371948242,-55.437255859375,57.499251700850365,-72.81967224637977,1661209421
fw,-77.7825012207031,-54.427017211914,55.649110542410476,-45.48457616774089,1661226088
fw,-76.9531860351562,-53.9562187194824,54.42334643644167,-18.62467066685762,1661242755
fw,-76.1242599487304,-54.0963554382324,53.90884164821365,6.04283829287877,1661259422
fw,-75.2865905761718,-54.8273735046386,53.939450920467,26.735126262382213,1661276089
fw,-74.3890686035156,-56.03071975708,54.07275148860401,41.98957472167073,1661292756
fw,-73.3893432617187,-57.2961502075195,53.65705827788532,51.031495197205786,1661309423
fw,-72.3905868530273,-58.4226112365722,51.97685046345731,53.984749857199226,1661326090
fw,-71.4871749877929,-59.1285095214843,48.423928184941985,51.83930464668297,1661342757
fw,-70.7312469482421,-59.818748474121,42.626496740279634,46.185659174210045,1661359424
fw,-70.2452163696289,-60.3627281188964,34.488471439729786,38.81948604006971,1661376091
fw,-70.0580596923828,-60.7413177490234,24.13531164254281,31.364260059713025,1661392758
fw,-70.038101196289,-61.1545219421386,11.807005107086631,25.038300468887748,1661409425
fw,-70.0862197875976,-61.9769783020019,-2.2394744596437657,20.62068075163325,1661426092
fw,-70.1664810180664,-63.3120918273925,-17.76836857310022,18.57624872822582,1661442759
fw,-70.4362335205078,-64.5319519042968,-34.53434634877991,19.21965389228089,1661459426
fw,-71.1684799194336,-64.8847503662109,-52.217125090825284,22.779056602187012,1661476093
fw,-72.6071014404296,-64.9157562255859,-70.37389917387047,29.293430167940855,1661492760
fw,-74.8154525756836,-65.1179275512695,-88.43953928933652,38.41070470137891,1661509427
fw,-77.4412078857421,-65.9074249267578,-105.75959610919656,49.25266424243292,1661526094
fw,-80.1778945922851,-67.4173278808593,-121.61540522841372,60.495238985863345,1661542761
fw,-82.8595809936523,-69.1681671142578,-135.22237572237708,70.68712446376514,1661559428
fw,-85.3524475097656,-71.0423583984375,-145.73398816554783,78.68355709843745,1661576095
fw,-86.9232406616211,-72.8194503784179,-152.31324182239334,83.99854998677614,1661592762
fw,-86.1499938964843,-74.2427368164062,-154.305029887743,86.9136717707418,1661609429
fw,-83.7426681518554,-75.4640731811523,-151.47231901688272,88.29655315942345,1661626096
fw,-81.1460800170898,-76.7149429321289,-144.19519340965184,89.21408859256795,1661642763
fw,-78.8010025024414,-78.1410369873046,-133.51816807185833,90.50817488939295,1661659430
fw,-76.8569183349609,-79.7512435913086,-120.98015646491382,92.49980218568211,1661676097
fw,-75.2745590209961,-81.4790573120117,-108.25159172086728,94.91237627178137,1661692764
fw,-73.9352188110351,-83.257095336914,-96.69158805817428,97.00580458284051,1661709431
fw,-72.8101348876953,-85.0456008911132,-86.98291305215669,97.83980358716596,1661726098
fw,-71.6141204833984,-86.7503204345703,-78.98310159623786,96.56258123948363,1661742765
fw,-70.2400360107421,-88.1824264526367,-71.8528419172515,92.64316804660105,1661759432
fw,-68.8394317626953,-88.9414978027343,-64.41733176249306,86.00805559659952,1661776099
fw,-67.6256332397461,-88.3800964355468,-55.62555592327482,77.07953365508664,1661792766
fw,-66.7015686035156,-87.2349472045898,-44.93608511499612,66.72809120756402,1661809433
fw,-66.176887512207,-86.0487899780273,-32.491974387694015,56.145185906751564,1661826100
fw,-66.1457977294921,-85.1552429199218,-19.035024260266837,46.6334407791421,1661842767
fw,-66.6334075927734,-84.6683959960937,-5.612993763700752,39.321884059871515,1661859434
fw,-67.3216400146484,-84.4288787841796,6.788890532846762,34.85125985328195,1661876101
fw,-67.7095642089843,-84.177017211914,17.539988378331135,33.117853455301834,1661892768
fw,-68.0670776367187,-83.7486267089843,26.473603087657875,33.17809350283926,1661909435
fw,-68.7384796142578,-83.1616134643554,33.7966598328462,33.37956111657597,1661926102
fw,-69.3382034301757,-82.4897384643554,39.867661980802914,31.708811284366544,1661942769
fw,-69.8765106201171,-81.7914505004882,44.953450647109136,26.26770389707731,1661959436
fw,-70.4882507324218,-81.2597885131836,49.070557864548235,15.741767067872198,1661976103
fw,-71.4116058349609,-81.0359954833984,51.9785659457697,-0.2770772006021256,1661992770
fw,-72.7588729858398,-81.2160873413086,53.33153977551549,-21.207399548736227,1662009437
fw,-74.0931243896484,-82.0433731079101,52.92296316169231,-45.654480756523355,1662026104
fw,-75.1252670288086,-83.5585632324218,50.909206911227116,-71.78210883446542,1662042771
fw,-76.1782989501953,-85.2790145874023,47.897510074501476,-97.74963509512209,1662059438
fw,-76.9836502075195,-85.7817459106445,44.84086918269419,-122.0620797295153,1662076105
fw,-77.4622039794921,-84.2068176269531,42.76621043299134,-143.72182060565893,1662092772
fw,-77.9074630737304,-81.79443359375,42.43605070076376,-162.16356642608412,1662109439
fw,-78.2030334472656,-79.4273910522461,44.078622840053164,-177.05560648694248,1662126106
fw,-78.6606826782226,-77.1563720703125,47.301267855442596,-188.10364574436923,1662142773
fw,-79.5845947265625,-74.6556930541992,51.22906137188354,-194.96873886064446,1662159440
fw,-80.5731887817382,-71.7704467773437,54.81308501297667,-197.32578612359194,1662176107
fw,-81.1782684326171,-68.8004837036132,57.1786795396008,-194.99796078519114,1662192774
fw,-81.3478240966796,-66.000862121582,57.87581099299325,-188.06048243908484,1662209441
fw,-81.2306365966796,-63.482177734375,56.95468250071496,-176.83643574374406,1662226108
fw,-80.9169082641601,-61.2831916809082,54.87721323660941,-161.78494472412743,1662242775
fw,-80.4971923828125,-59.4035911560058,52.33478491301136,-143.35679700387675,1662259442
fw,-80.0472717285156,-57.7168273925781,50.051215977816135,-121.91906434813107,1662276109
fw,-79.5859603881836,-56.235481262207,48.6223411284236,-97.81499456823359,1662292776
fw,-79.0467910766601,-54.8399810791015,48.4098049944762,-71.54960468021261,1662309443
fw,-78.3637008666992,-53.8017463684082,49.48691097426032,-44.01440936499877,1662326110
fw,-77.5725555419921,-53.2948379516601,51.631005473878865,-16.62466493259684,1662342777
fw,-76.7324142456054,-53.3620300292968,54.360661440931814,8.739156694449479,1662359444
fw,-75.8532257080078,-54.0422210693359,57.01644249320006,30.021674851667306,1662376111
fw,-74.9593276977539,-55.3779602050781,58.87665358880594,45.45297252398193,1662392778
fw,-74.0856857299804,-56.8294410705566,59.28663518901574,54.03361121153419,1662409445
fw,-73.2438659667968,-58.1115646362304,57.76950241991554,55.86567469733506,1662426112
fw,-72.4446640014648,-59.0041961669921,54.08691225917236,52.19035083847529,1662442779
fw,-71.6815185546875,-59.6152992248535,48.23432565934088,45.096591230893196,1662459446
fw,-70.9915237426757,-60.0491371154785,40.379566330265575,36.99156623514738,1662476113
fw,-70.5211334228515,-60.3584899902343,30.773039077884867,30.01396741202956,1662492780
fw,-70.3362197875976,-60.6387901306152,19.664083707632216,25.587587104991016,1662509447
fw,-70.3306350708007,-61.1421203613281,7.251193698605905,24.25355971536009,1662526114
fw,-70.3344192504882,-62.310935974121,-6.321360757080174,25.809347352050864,1662542781
fw,-70.4018173217773,-63.9894866943359,-20.927895790273844,29.65776471909593,1662559448
fw,-70.8134002685546,-65.1884307861328,-36.4124011914038,35.18051032768394,1662576115
fw,-71.7600021362304,-65.7078018188476,-52.55693751019206,41.95196089296869,1662592782
fw,-73.3990859985351,-66.0329055786132,-69.07980760410221,49.71551566238784,1662609449
fw,-75.6273651123046,-66.6018676757812,-85.64282152466394,58.197099932898524,1662626116
fw,-78.1302413940429,-67.7750244140625,-101.82759946476615,66.92635883080733,1662642783
fw,-80.7138519287109,-69.4533004760742,-117.06351323010836,75.21320471724161,1662659450
fw,-83.2772827148437,-71.336067199707,-130.5489468650307,82.31150649423073,1662676117
fw,-85.6712493896484,-73.2455139160156,-141.2552268238634,87.67706237129512,1662692784
fw,-87.0390548706054,-74.9331436157226,-148.08686803335766,91.16962858647005,1662709451
fw,-85.8662567138671,-76.3292846679687,-150.1883300642515,93.08337382732138,1662726118
fw,-83.330322265625,-77.6427001953125,-147.28781317013645,93.98761177501346,1662742785
fw,-80.7925491333007,-79.0601348876953,-139.91791385141056,94.46022712765478,1662759452
fw,-78.6412658691406,-80.6294403076171,-129.38441582317452,94.84378669672785,1662776119
fw,-76.976203918457,-82.2972717285156,-117.45497543007716,95.12898065397695,1662792786
fw,-75.5834045410156,-83.941909790039,-105.86128499010623,94.99683300695098,1662809453
fw,-74.3153839111328,-85.5047378540039,-95.79374674326716,93.9774989059957,1662826120
fw,-73.0624237060546,-86.9779357910156,-87.57735389430539,91.64586949887982,1662842787
fw,-71.6454696655273,-88.1401672363281,-80.64854571224562,87.78045157733196,1662859454
fw,-70.1034469604492,-88.4322738647461,-73.83678830799963,82.44587415190858,1662876121
fw,-68.6343688964843,-87.7188720703125,-65.84005119920685,75.99619203841463,1662892788
fw,-67.4442901611328,-86.609390258789,-55.71559797330058,69.01686539568377,1662909455
fw,-66.6434783935546,-85.401008605957,-43.211547272994615,62.22289377292153,1662926122
fw,-66.237548828125,-84.3858108520507,-28.834768492879164,56.31993085193601,1662942789
fw,-66.3474807739257,-83.6008911132812,-13.654673648079617,51.83331457698879,1662959456
fw,-66.9693984985351,-82.9848556518554,1.061065354150723,48.92752505119238,1662976123
fw,-67.6664657592773,-82.4066619873046,14.228438620013858,47.26573187039616,1662992790
fw,-68.0320663452148,-81.7021331787109,25.203749081691807,45.971649922924435,1663009457
fw,-68.5470657348632,-80.8935089111328,33.838689686410284,43.736387310304146,1663026124
fw,-69.330940246582,-80.1542816162109,40.350438491284905,39.065977503705426,1663042791
fw,-69.9481964111328,-79.5899276733398,45.09490679655349,30.61393848179624,1663059458
fw,-70.4786911010742,-79.1429901123046,48.35412313398043,17.51103488033021,1663076125
fw,-71.1469039916992,-78.8839263916015,50.22848181767248,-0.3994345622307277,1663092792
fw,-72.2527313232421,-79.0483322143554,50.67641083455353,-22.491584218446324,1663109459
fw,-73.6399459838867,-79.8320999145507,49.67775955803796,-47.48194750032857,1663126126
fw,-74.7195892333984,-81.2699508666992,47.432739717142724,-73.72212441392794,1663142793
fw,-75.5914840698242,-83.2703170776367,44.48159798010802,-99.57070786855282,1663159460
fw,-76.3184814453125,-85.0356063842773,41.664728388828955,-123.7175577613552,1663176127
fw,-76.8230438232421,-85.0608901977539,39.921728802316956,-145.34433296416097,1663192794
fw,-77.2955017089843,-83.1802215576171,40.0060156691977,-164.07226958014704,1663209461
fw,-77.7032775878906,-80.964126586914,42.23096185728126,-179.74559267131298,1663226128
fw,-78.1099014282226,-78.8489074707031,46.35131045532412,-192.1762406460909,1663242795
fw,-78.8502502441406,-76.4432983398437,51.62863414273901,-200.98662167955993,1663259462
fw,-79.7157211303711,-73.5195236206054,57.05461762203491,-205.62273977607305,1663276129
fw,-80.3895721435546,-70.3746566772461,61.64290424976108,-205.50919244959832,1663292796
fw,-80.7025909423828,-67.3245620727539,64.68014231635998,-200.24363255626938,1663309463
fw,-80.7111587524414,-64.5428237915039,65.86002544354793,-189.72489779735363,1663326130
fw,-80.5358963012695,-62.0620079040527,65.28751728395667,-174.16965991644483,1663342797
fw,-80.2349166870117,-59.9134483337402,63.39252592363534,-154.0491333528999,1663359464
fw,-79.8114013671875,-58.0187683105468,60.80593039607836,-130.01906882330547,1663376131
fw,-79.2779541015625,-56.5185661315918,58.23163367311376,-102.90335934632687,1663392798
fw,-78.5880355834961,-55.2916679382324,56.32283529112614,-73.74128585725848,1663409465
fw,-77.710693359375,-54.3052864074707,55.56132562378463,-43.85451147674145,1663426132
fw,-76.7384567260742,-53.8336677551269,56.14824167148684,-14.860440438468009,1663442799
fw,-75.7778549194336,-54.0763282775878,57.93004037349735,11.432392671804577,1663459466
fw,-74.8255004882812,-54.9062881469726,60.38814985297871,33.26392634568356,1663476133
fw,-73.8796157836914,-56.0689125061035,62.70755883969557,49.24659584712222,1663492800
fw,-72.9176483154296,-57.423095703125,63.913862777908754,58.66885394879949,1663509467
fw,-71.9543914794921,-58.5758247375488,63.043397439767304,61.664325641442765,1663526134
fw,-71.0734481811523,-59.3919448852539,59.30035208302414,59.17942321861462,1663542801
fw,-70.3393478393554,-60.1709976196289,52.164057250063806,52.75380825445165,1663559468
fw,-69.8431625366211,-60.8870391845703,41.43356124056541,44.20132425533038,1663576135
fw,-69.5706024169921,-61.5037384033203,27.221081137032517,35.30481714025027,1663592802
fw,-69.4857101440429,-62.1377983093261,9.917787726823882,27.608619300719795,1663609469
fw,-69.5504684448242,-63.1176681518554,-9.84880710426468,22.330025451896446,1663626136
fw,-69.7685317993164,-64.3372955322265,-31.260665026708093,20.347170347474805,1663642803
fw,-70.383544921875,-64.9992218017578,-53.367042034492904,22.185425180859934,1663659470
fw,-71.5574111938476,-65.1607131958007,-75.16682981444903,27.944749780698327,1663676137
fw,-73.5198974609375,-65.4938735961914,-95.71375128798664,37.186213527619174,1663692804
fw,-76.1275787353515,-66.1990203857421,-114.21468990903573,48.875812853941056,1663709471
fw,-78.9877777099609,-67.5504379272461,-130.07246508572493,61.49615039331757,1663726138
fw,-81.8111801147461,-69.3155441284179,-142.84301156829557,73.35824765601629,1663742805
fw,-84.4071807861328,-71.2575302124023,-152.1347252373655,83.02712105439518,1663759472
fw,-86.1730041503906,-73.205093383789,-157.53388649431795,89.69477471091294,1663776139
fw,-85.9648284912109,-74.8625411987304,-158.6426106779181,93.34140807609596,1663792806
fw,-83.8166732788086,-76.2047500610351,-155.25143310244545,94.61537805765565,1663809473
fw,-81.1310043334961,-77.4647521972656,-147.57599517760676,94.48838847196333,1663826140
fw,-78.6006546020507,-78.8702926635742,-136.42512964518917,93.84049685375125,1663842807
fw,-76.4804153442382,-80.4788665771484,-123.1756733024301,93.14979724028672,1663859474
fw,-74.8110885620117,-82.1602554321289,-109.5078051534731,92.39755406645293,1663876141
fw,-73.558853149414,-83.7764816284179,-96.96636580795453,91.19239542692297,1663892808
fw,-72.5616226196289,-85.2953872680664,-86.504398222055,89.02658066115524,1663909475
fw,-71.5133209228515,-86.6428756713867,-78.19116277366102,85.54267340498053,1663926142
fw,-70.2136535644531,-87.5697326660156,-71.21306400851547,80.71181117958166,1663942809
fw,-68.8078918457031,-87.8270568847656,-64.18261755256144,74.87921812412651,1663959476
fw,-67.5387954711914,-87.4118499755859,-55.647321114070714,68.68665539382891,1663976143
fw,-66.5294570922851,-86.6616439819336,-44.61309029368582,62.913733847335784,1663992810
fw,-65.8941268920898,-85.8292770385742,-30.897457277881596,58.28619766278778,1664009477
fw,-65.6432952880859,-85.0441360473632,-15.198403770036577,55.28973879094359,1664026144
fw,-66.0143661499023,-84.2845764160156,1.1289099900054387,54.01757937716964,1664042811
fw,-67.0420913696289,-83.5470962524414,16.492285735099916,54.07700142195638,1664059478
fw,-67.8841857910156,-82.7902374267578,29.518887816306684,54.580587841674266,1664076145
fw,-68.4652252197265,-81.9400558471679,39.38595109692585,54.24218517999852,1664092812
fw,-69.3083114624023,-81.0510177612304,45.92992829417618,51.57874329821205,1664109479
fw,-70.1591873168945,-80.2264022827148,49.53705895128017,45.189696917886984,1664126146
fw,-70.8806610107421,-79.5352935791015,50.897555799770394,34.05617950115451,1664142813
fw,-71.4648666381836,-79.0438232421875,50.73704706250601,17.78568863543228,1664159480
fw,-72.1263580322265,-78.8853073120117,49.6274733194217,-3.2682224794352086,1664176147
fw,-73.2926254272461,-79.2312240600586,47.93686304496475,-28.05528634808003,1664192814
fw,-74.5743179321289,-80.2153167724609,45.91192413997619,-55.04521252158284,1664209481
fw,-75.4571838378906,-81.8456344604492,43.82204632048999,-82.55443207980056,1664226148
fw,-76.3142929077148,-83.7959747314453,42.06505779763414,-109.07919166857499,1664242815
fw,-77.1401062011718,-84.9723587036132,41.16279441668076,-133.5191764200677,1664259482
fw,-77.7319030761718,-84.2130126953125,41.63843192661936,-155.21503607527748,1664276149
fw,-78.2926177978515,-82.3034362792968,43.82964323350302,-173.80539797189036,1664292816
fw,-78.7847442626953,-80.2738494873046,47.72525815166194,-188.99564265635334,1664309483
fw,-79.3893203735351,-78.1622238159179,52.90749966692984,-200.37179472851295,1664326150
fw,-80.3078689575195,-75.5746765136718,58.63752139756755,-207.360569879149,1664342817
fw,-81.2606582641601,-72.456184387207,64.05541891042714,-209.3483443588728,1664359484
fw,-81.887466430664,-69.2358703613281,68.41128242867794,-205.88146158236844,1664376151
fw,-82.093017578125,-66.146369934082,71.23474695599252,-196.83261411750956,1664392818
fw,-81.9614944458007,-63.346393585205,72.39192643769145,-182.45192002951146,1664409485
fw,-81.5542678833007,-60.9124603271484,72.03935616291102,-163.2987717424239,1664426152
fw,-80.9478988647461,-58.819725036621,70.52326760331998,-140.11945570966677,1664442819
fw,-80.1611709594726,-57.1501998901367,68.27217706318731,-113.75687085136462,1664459486
fw,-79.2562561035156,-55.8201103210449,65.70641945893613,-85.14767664191947,1664476153
fw,-78.2901611328125,-54.5756378173828,63.16638284654332,-55.401597512464086,1664492820
fw,-77.2825698852539,-53.7765426635742,60.856458876171196,-25.898475661761726,1664509487
fw,-76.2797088623046,-53.5577583312988,58.8100230048826,1.690912894877536,1664526154
fw,-75.2848968505859,-53.9730377197265,56.88811630334196,25.535289386447133,1664542821
fw,-74.305061340332,-54.9561500549316,54.82044592148029,43.93380226877506,1664559488
fw,-73.3429794311523,-56.2674560546875,52.282018621811815,55.6933233757961,1664576155
fw,-72.4447555541992,-57.6196136474609,48.9808849614775,60.45986067766268,1664592822
fw,-71.6095123291015,-58.6773147583007,44.72293186706423,58.87128758140891,1664609489
fw,-70.8396301269531,-59.5367584228515,39.42566641936561,52.45976914508252,1664626156
fw,-70.2027969360351,-60.3225860595703,33.07424179112701,43.32701182587006,1664642823
fw,-69.8215103149414,-60.8277130126953,25.64089837245349,33.69784118718424,1664659490
fw,-69.6709213256836,-61.188606262207,17.01031402003161,25.492873078050728,1664676157
fw,-69.684326171875,-61.6069412231445,6.9568724954082235,20.042372010560744,1664692824
fw,-69.7097396850586,-62.5582427978515,-4.799030102831498,18.002447345434085,1664709491
fw,-69.7412948608398,-63.8327980041503,-18.46548167303697,19.45103133811956,1664726158
fw,-70.0214385986328,-64.790657043457,-34.03420870639482,24.068368100219214,1664742825
fw,-70.7569885253906,-65.2415237426757,-51.186022582257756,31.289239756834114,1664759492
fw,-72.1993942260742,-65.6059265136718,-69.29677048807808,40.370183744736174,1664776159
fw,-74.3214263916015,-66.2245788574218,-87.5391903494657,50.40556516862357,1664792826
fw,-76.8326568603515,-67.3648986816406,-105.0192031156214,60.37970074170558,1664809493
fw,-79.4537048339843,-68.9121017456054,-120.87008874759961,69.31650937622607,1664826160
fw,-82.0311737060546,-70.6047134399414,-134.2721303478405,76.50615706315232,1664842827
fw,-84.4763641357421,-72.3541412353515,-144.43704609011817,81.71240864100925,1664859494
fw,-86.212661743164,-73.9087677001953,-150.63651305526204,85.24640623662472,1664876161
fw,-86.0313873291015,-75.2199630737304,-152.32734752163705,87.84263969912574,1664892828
fw,-84.0347824096679,-76.507568359375,-149.35157891431732,90.36259442487103,1664909495
fw,-81.6366577148437,-77.8953399658203,-142.12010638358714,93.43361652838274,1664926162
fw,-79.3711624145507,-79.4249496459961,-131.66783287654826,97.16321744857702,1664942829
fw,-77.4342346191406,-81.0547790527343,-119.50838509302243,101.03868408288388,1664959496
fw,-75.8397827148437,-82.7710571289062,-107.29843459562812,104.04841026254202,1664976163
fw,-74.4950408935546,-84.5617752075195,-96.40716663853135,104.98154734434763,1664992830
fw,-73.3097152709961,-86.3346252441406,-87.5372311985249,102.80724978937491,1665009497
fw,-72.0419235229492,-87.7015228271484,-80.53704324608312,97.01747471358661,1665026164
fw,-70.6066665649414,-87.8281326293945,-74.4812563536267,87.83487330590039,1665042831
fw,-69.1372451782226,-86.9508514404296,-67.99974081379933,76.22758162338138,1665059498
fw,-67.7426605224609,-86.0648803710937,-59.74343379286764,63.72308834625622,1665076165
fw,-66.5233764648437,-85.3564071655273,-48.82558469515603,52.06406669826935,1665092832
fw,-65.8151168823242,-84.8477096557617,-35.089631353030484,42.79025996101705,1665109499
fw,-65.8895111083984,-84.4314422607421,-19.12580114594371,36.851410484631344,1665126166
fw,-66.5346221923828,-84.0598373413086,-2.059760931668393,34.350198992180395,1665142833
fw,-67.0203475952148,-83.6258544921875,14.777109972406443,34.48297307538175,1665159500
fw,-67.3409881591796,-83.0115814208984,30.159663122948288,35.69783235297133,1665176167
fw,-68.0252456665039,-82.2783889770507,43.170394474850546,36.035146590127624,1665192834
fw,-69.2003860473632,-81.5405578613281,53.271293318488794,33.567487815634685,1665209501
fw,-70.3987503051757,-80.8921737670898,60.27733362833614,26.828239086588546,1665226168
fw,-71.2737655639648,-80.5343551635742,64.27489105435457,15.120921127175981,1665242835
fw,-72.1318893432617,-80.4832458496093,65.52700229764245,-1.3656995843638036,1665259502
fw,-73.2800140380859,-80.7131423950195,64.40764872291629,-21.659659236409375,1665276169
fw,-74.8076171875,-81.3748168945312,61.39291583864197,-44.292350670587396,1665292836
fw,-76.1086502075195,-82.7073898315429,57.09603684767407,-67.68876887195589,1665309503
fw,-77.1021575927734,-84.6321716308593,52.29094363592272,-90.54599348626304,1665326170
fw,-77.9912567138671,-85.9593505859375,47.86418981805018,-112.07414964539619,1665342837
fw,-78.6648330688476,-84.9883499145507,44.675986396949355,-132.00757085557998,1665359504
fw,-79.2750701904296,-82.5791091918945,43.36769087007371,-150.38004865678525,1665376171
fw,-79.8228759765625,-80.3883666992187,44.18990783763397,-167.16810530893974,1665392838
fw,-80.1092300415039,-78.6229476928711,46.92612748878759,-181.97807243816217,1665409505
fw,-80.6783142089843,-76.6204757690429,50.953034750373284,-193.93565475493867,1665426172
fw,-81.4657669067382,-73.8792495727539,55.422186996831236,-201.83429165281848,1665442839
fw,-81.9441146850586,-70.6832885742187,59.49252188303579,-204.46852797651724,1665459506
fw,-81.9135208129882,-67.4812850952148,62.52205983409922,-200.99277836201014,1665476173
fw,-81.5741958618164,-64.4863891601562,64.15859025115462,-191.14759143798193,1665492840
fw,-81.1183166503906,-61.9363594055175,64.33155746023276,-175.27763380414694,1665509507
fw,-80.5595626831054,-59.8168029785156,63.19271583020147,-154.17780327545816,1665526174
fw,-79.9664993286132,-57.9950294494628,61.05274316570545,-128.88344472038597,1665542841
fw,-79.3722152709961,-56.4295082092285,58.329357538040405,-100.52794527913123,1665559508
fw,-78.6980361938476,-55.0328140258789,55.49458479382228,-70.32845569686155,1665576175
fw,-77.8870010375976,-53.9021682739257,53.00538016463382,-39.66742180066046,1665592842
fw,-76.9733734130859,-53.3990058898925,51.21810753579726,-10.167312044618006,1665609509
fw,-76.0118942260742,-53.6476135253906,50.3058410078581,16.352275111857256,1665626176
fw,-75.0448913574218,-54.5251808166503,50.204379494609526,38.087269674360485,1665642843
fw,-74.125129699707,-55.8550071716308,50.60563822399183,53.590523378907015,1665659510
fw,-73.2924118041992,-57.2905654907226,51.001368182889244,62.123446033272536,1665676177
fw,-72.499397277832,-58.5425338745117,50.76419924383594,63.87711982587601,1665692844
fw,-71.6865310668945,-59.4031753540039,49.243464821183444,59.96560657570511,1665709511
fw,-70.868896484375,-60.1308822631835,45.85279312245711,52.18269520246857,1665726178
fw,-70.1297149658203,-60.7934226989746,40.13355067323741,42.60449350876248,1665742845
fw,-69.6248321533203,-61.2197036743164,31.789378357867992,33.172030685148194,1665759512
fw,-69.4336624145507,-61.5205039978027,20.69838979336386,25.38342904644153,1665776179
fw,-69.5135040283203,-62.0244827270507,6.91688053802626,20.174786458324583,1665792846
fw,-69.6564254760742,-63.1398887634277,-9.312695649041228,17.99160045221363,1665809513
fw,-69.8875045776367,-64.4463577270507,-27.548182009693537,18.969363555008957,1665826180
fw,-70.4322662353515,-65.1420059204101,-47.14410513192141,23.090197796544317,1665842847
fw,-71.5233001708984,-65.3614349365234,-67.28166269540073,30.206802882371587,1665859514
fw,-73.4254379272461,-65.5823440551757,-87.04188075058609,39.928567396592975,1665876181
fw,-75.9197769165039,-66.2093429565429,-105.49946165174951,51.48045531999971,1665892848
fw,-78.6834487915039,-67.5614624023437,-121.79258506718541,63.68395732243691,1665909515
fw,-81.4401702880859,-69.28515625,-135.14033074969612,75.13959409269934,1665926182
fw,-84.0072402954101,-71.2045211791992,-144.83057506104757,84.56364529787939,1665942849
fw,-86.0470581054687,-73.1161499023437,-150.24413067966978,91.13381059798662,1665959516
fw,-86.5961380004882,-74.7522583007812,-150.97052751798532,94.68568920225172,1665976183
fw,-85.0235824584961,-76.1523513793945,-147.00462738417477,95.67419493607561,1665992850
fw,-82.6772689819336,-77.4873123168945,-138.93516843727963,94.9265361012887,1666009517
fw,-80.442024230957,-78.9067306518554,-128.0009183875058,93.30498004203373,1666026184
fw,-78.6046981811523,-80.4360809326171,-115.92528647016204,91.42288816632907,1666042851
fw,-77.1674652099609,-81.9871292114257,-104.53320070670159,89.51157718088282,1666059518
fw,-76.0154724121093,-83.4895248413086,-95.26008885708204,87.45364212392089,1666076185
fw,-74.9462051391601,-84.9281997680664,-88.72897780955361,84.92869495453476,1666092852
fw,-73.6394119262695,-86.2949295043945,-84.56347436342107,81.59043467909777,1666109519
fw,-72.0478363037109,-87.4635620117187,-81.52163741304321,77.20989510053101,1666126186
fw,-70.3828125,-88.2764892578125,-77.91328152888588,71.75736193582038,1666142853
fw,-68.8691711425781,-88.4422912597656,-72.15557069803687,65.42888049132047,1666159520
fw,-67.6167068481445,-87.8701705932617,-63.27549966561269,58.63555981410902,1666176187
fw,-66.6508407592773,-86.9354171752929,-51.196589673680975,51.963680633898605,1666192854
fw,-66.0121154785156,-86.0306930541992,-36.72927174280099,46.09491920078492,1666209521
fw,-65.9333114624023,-85.355484008789,-21.28443422434786,41.6701327925032,1666226188
fw,-66.4671096801757,-84.8931655883789,-6.418011057388342,39.100565006214794,1666242855
fw,-67.077278137207,-84.5099487304687,6.631054520682609,38.3693059348941,1666259522
fw,-67.3905181884765,-84.0288696289062,17.247905459306825,38.8969749658437,1666276189
fw,-67.6601791381836,-83.3930740356445,25.49762625536727,39.54338349557093,1666292856
fw,-68.2031860351562,-82.699966430664,31.93858903009762,38.77671167576772,1666309523
fw,-68.8267211914062,-82.0046310424804,37.29334148617551,34.98231939161978,1666326190
fw,-69.3606185913086,-81.4018859863281,42.11390289415031,26.832221806233072,1666342857
fw,-69.8702163696289,-80.9906997680664,46.56129395288973,13.612491001203638,1666359524
fw,-70.6520614624023,-80.8477249145507,50.371421014200635,-4.5861120885382896,1666376191
fw,-71.901985168457,-81.0820922851562,53.015313758174436,-26.873937455737344,1666392858
fw,-73.4218215942382,-81.9766998291015,53.988770858148975,-51.769790824003316,1666409525
fw,-74.5942764282226,-83.5899963378906,53.10782367246044,-77.55073024892043,1666426192
fw,-75.5597686767578,-85.2579803466796,50.67751606579925,-102.62949972159159,1666442859
fw,-76.4269485473632,-85.3346939086914,47.45666150822307,-125.82581241542854,1666459526
fw,-76.8731307983398,-83.2290267944336,44.43343653338415,-146.43860372097654,1666476193
fw,-77.37646484375,-80.5416107177734,42.50769304587516,-164.11887795424542,1666492860
fw,-77.8475799560546,-78.224853515625,42.210128144723804,-178.63939428761046,1666509527
fw,-78.2959518432617,-76.2156524658203,43.56623963136507,-189.6999541048205,1666526194
fw,-79.0011138916015,-73.9533233642578,46.147089428784305,-196.86969632896142,1666542861
fw,-79.7722778320312,-71.2627182006836,49.268653209052786,-199.6770858371491,1666559528
fw,-80.2470397949218,-68.3896102905273,52.2434346196043,-197.77331887481006,1666576195
fw,-80.3806076049804,-65.5989761352539,54.57976899383923,-191.06529294441088,1666592862
fw,-80.279312133789,-62.8900680541992,56.067199399510805,-179.74888110065552,1666609529
fw,-80.0454864501953,-60.5780906677246,56.75058829434781,-164.24142818829154,1666626196
fw,-79.7567901611328,-58.6585655212402,56.840582933079745,-145.07139866594653,1666642863
fw,-79.3994369506836,-57.0699882507324,56.6135389337159,-122.80422019736427,1666659530
fw,-78.9491424560546,-55.6538200378418,56.331002779255094,-98.05989597168521,1666676197
fw,-78.3289413452148,-54.2995719909668,56.182759774551464,-71.62161028968266,1666692864
fw,-77.552131652832,-53.2973327636718,56.24605681179824,-44.57165342542002,1666709531
fw,-76.7233276367187,-52.856388092041,56.458377356143245,-18.355630942271397,1666726198
fw,-75.8966674804687,-52.9842185974121,56.61200912953586,5.307413754155471,1666742865
fw,-75.0645141601562,-53.5924072265625,56.383686345564946,24.686647422621412,1666759532
fw,-74.2354049682617,-54.6771659851074,55.4055435693527,38.41006842579114,1666776199
fw,-73.4088745117187,-55.8295936584472,53.36634069718028,45.823603565197494,1666792866
fw,-72.6220779418945,-56.8241424560546,50.11291013060257,47.207525426100204,1666809533
fw,-71.8893432617187,-57.4694023132324,45.71231054472965,43.76028462529971,1666826200
fw,-71.1663513183593,-57.9727134704589,40.44290229751376,37.33914860081143,1666842867
fw,-70.4898452758789,-58.4222221374511,34.70566458272428,30.033035076417402,1666859534
fw,-69.989028930664,-58.8267478942871,28.875482439408707,23.69912361272581,1666876201
fw,-69.725357055664,-59.1536178588867,23.135430910801258,19.601233857415362,1666892868
fw,-69.5858688354492,-59.5202980041503,17.349426442184733,18.24974317017226,1666909535
fw,-69.4488449096679,-60.1788024902343,11.026036422655636,19.476868257859824,1666926202
fw,-69.2611007690429,-61.3885383605957,3.4042712509314397,22.702610754839775,1666942869
fw,-69.1303558349609,-62.7612495422363,-6.348640494628212,27.274968895664536,1666959536
fw,-69.272964477539,-63.8121757507324,-18.883761892134636,32.73601042422949,1666976203
fw,-69.8573989868164,-64.4844207763671,-34.445120385984296,38.903258793376004,1666992870
fw,-71.0873947143554,-65.0565795898437,-52.74600495986703,45.75641432172562,1667009537
fw,-73.0281219482421,-65.7623901367187,-72.97419665446681,53.227434165196215,1667026204
fw,-75.4198532104492,-66.9185638427734,-93.8987060127644,61.03968414149602,1667042871
fw,-78.0124359130859,-68.5191040039062,-114.0232928233826,68.70044493895665,1667059538
fw,-80.6132202148437,-70.2487716674804,-131.74932705021087,75.65055832291577,1667076205
fw,-83.1870422363281,-72.0057678222656,-145.55174758274254,81.47997445289596,1667092872
fw,-85.2641830444336,-73.6077728271484,-154.19217466060965,86.0828797620545,1667109539
fw,-85.8216781616211,-75.0126113891601,-156.96567378839623,89.66409093716047,1667126206
fw,-84.3756942749023,-76.3778305053711,-153.92103350710093,92.5910046076418,1667142873
fw,-82.2156066894531,-77.8182983398437,-145.95590205110042,95.16508391230134,1667159540
fw,-80.1784973144531,-79.3407821655273,-134.70286080164553,97.42384706093004,1667176207
fw,-78.4088439941406,-80.9490051269531,-122.19041011135079,99.06503709185688,1667192874
fw,-76.8534317016601,-82.6077423095703,-110.35287254906684,99.52508946639648,1667209541
fw,-75.4134521484375,-84.2708053588867,-100.5327054988943,98.17689643758548,1667226208
fw,-74.1163330078125,-85.9033279418945,-93.13589710993101,94.5675415866757,1667242875
fw,-72.7161636352539,-87.2970199584961,-87.55911606677111,88.60979918972718,1667259542
fw,-71.1698684692382,-88.1109390258789,-82.42211217153735,80.66764025079978,1667276209
fw,-69.5610961914062,-88.0870513916015,-76.03922355312872,71.51855051191768,1667292876
fw,-68.1102676391601,-87.5307388305664,-66.9831426646074,62.214172367678636,1667309543
fw,-66.9893646240234,-86.8373947143554,-54.561951494004205,53.88240722607391,1667326210
fw,-66.2551956176757,-86.1402435302734,-39.059766874088936,47.51661960096873,1667342877
fw,-65.9021453857421,-85.470962524414,-21.67047531175905,43.788099541871496,1667359544
fw,-66.1400375366211,-84.8113708496093,-4.153903346513733,42.9062412665916,1667376211
fw,-67.0244598388671,-84.1282501220703,11.667321550131906,44.542964241625555,1667392878
fw,-67.7923126220703,-83.3918228149414,24.401222752347024,47.833621390376976,1667409545
fw,-68.2780075073242,-82.5657882690429,33.41002304495916,51.46203972646329,1667426212
fw,-68.8717498779296,-81.694091796875,38.874606286295815,53.82860563504726,1667442879
fw,-69.7001266479492,-80.8185577392578,41.61189562017742,53.28650388146816,1667459546
fw,-70.424690246582,-79.9479751586914,42.73710098791015,48.414598879181675,1667476213
fw,-70.9741287231445,-79.225357055664,43.2935731059964,38.28021070558155,1667492880
fw,-71.4038543701171,-78.7071838378906,43.96451610713053,22.6361758186205,1667509547
fw,-72.1003952026367,-78.4853439331054,44.94995874108422,1.9991342135447692,1667526214
fw,-73.3920745849609,-78.6938171386718,46.03941828592896,-22.42610753984805,1667542881
fw,-74.7369689941406,-79.5040893554687,46.83725686585637,-48.97687746763076,1667559548
fw,-75.6835098266601,-80.9668655395507,47.032431200813754,-75.87161865958588,1667576215
fw,-76.5757522583007,-82.8788909912109,46.58908677816577,-101.56566793810083,1667592882
fw,-77.4985885620117,-84.3339309692382,45.781999853084,-125.00934510244528,1667609549
fw,-78.0400924682617,-83.9802780151367,45.07974494645942,-145.71653722900587,1667626216
fw,-78.5533676147461,-82.13720703125,44.94443910249404,-163.6231177329216,1667642883
fw,-79.1412658691406,-80.2354354858398,45.64483982323145,-178.80638463938087,1667659550
fw,-79.6706771850586,-78.4957885742187,47.16411794154235,-191.20036710474162,1667676217
fw,-80.3472824096679,-76.4658660888671,49.23297978184305,-200.43860533142382,1667692884
fw,-81.0229187011718,-73.8587112426757,51.45674610916553,-205.88634245901306,1667709551
fw,-81.4125137329101,-70.8493881225586,53.46395883569644,-206.82836363046124,1667726218
fw,-81.3948287963867,-67.701431274414,55.00575704561731,-202.70924918936774,1667742885
fw,-81.088623046875,-64.6982803344726,55.97557193759798,-193.3122604144593,1667759552
fw,-80.6453170776367,-62.0756492614746,56.369340039121404,-178.81048459900015,1667776219
fw,-80.1042938232421,-59.8587265014648,56.23409434061275,-159.69920892003174,1667792886
fw,-79.4948196411132,-57.9510078430175,55.643463233595014,-136.6794772989353,1667809553
fw,-78.8302230834961,-56.4252662658691,54.70579362246638,-110.57753163245404,1667826220
fw,-78.0759658813476,-55.0555763244628,53.58091974339767,-82.34903670398539,1667842887
fw,-77.2450103759765,-53.9533538818359,52.47383124825468,-53.15355665829968,1667859554
fw,-76.4009704589843,-53.3224754333496,51.58893582369738,-24.428502402921925,1667876221
fw,-75.5679702758789,-53.2365531921386,51.055025790627546,2.127491851729923,1667892888
fw,-74.7295532226562,-53.8605232238769,50.85242549610789,24.721370672731105,1667909555
fw,-73.8710479736328,-54.9688148498535,50.77857020537038,41.77316348644025,1667926222
fw,-73.0175018310546,-56.2895278930664,50.47396198658078,52.278595674370514,1667942889
fw,-72.1915740966796,-57.5157737731933,49.50432552304481,56.09592196167568,1667959556
fw,-71.3405685424804,-58.4371681213378,47.469740132665535,54.03736748950726,1667976223
fw,-70.4253387451171,-59.1281013488769,44.0986785136714,47.71270083813406,1667992890
fw,-69.6081924438476,-59.8628540039062,39.28877034350219,39.16575715891233,1668009557
fw,-69.0984191894531,-60.4256248474121,33.075624373504645,30.42029210099017,1668026224
fw,-68.9103775024414,-60.7363319396972,25.541298675263743,23.078198698671585,1668042891
fw,-68.8902740478515,-60.9916152954101,16.704670883274865,18.088119954087993,1668059558
fw,-68.8440933227539,-61.5738410949707,6.4512136031340415,15.740633850150585,1668076225
fw,-68.7032318115234,-62.6234970092773,-5.453511151595542,15.863435813637842,1668092892
fw,-68.6953201293945,-63.8160820007324,-19.26200789259441,18.108945593788338,1668109559
fw,-69.0890960693359,-64.5477905273437,-35.09517190281772,22.18713748210955,1668126226
fw,-70.122802734375,-64.8775024414062,-52.80712783023512,27.933541229811013,1668142893
fw,-71.9391632080078,-65.1766128540039,-71.9105460664011,35.20619128083,1668159560
fw,-74.3394393920898,-65.7803878784179,-91.56824778246373,43.711978300004695,1668176227
fw,-76.9790573120117,-66.9215393066406,-110.6291740566283,52.90081645312343,1668192894
fw,-79.5992279052734,-68.3766860961914,-127.69830752965079,62.013393310812845,1668209561
fw,-82.1915893554687,-70.0182418823242,-141.26760204841716,70.26654608409187,1668226228
fw,-84.6130828857421,-71.6492538452148,-149.9496083058605,77.07761025377127,1668242895
fw,-86.0972595214843,-73.0875701904296,-152.81040966745223,82.21145469279685,1668259562
fw,-85.522720336914,-74.3939437866211,-149.71311622570568,85.78251228168745,1668276229
fw,-83.6782684326171,-75.7232055664062,-141.5217621862144,88.12365792783149,1668292896
fw,-81.8264694213867,-77.1501846313476,-130.03136184906649,89.59730133507044,1668309563
fw,-80.2693786621093,-78.6845016479492,-117.58498570692196,90.43992595095385,1668326230
fw,-78.9230117797851,-80.2880325317382,-106.4677280051676,90.6994186974183,1668342897
fw,-77.7143020629882,-81.8935852050781,-98.26878759650177,90.27104456871017,1668359564
fw,-76.4182891845703,-83.4805297851562,-93.43035409614177,88.99431065714893,1668376231
fw,-74.8628997802734,-85.0098266601562,-91.14341417208846,86.75742094042826,1668392898
fw,-73.0319671630859,-86.3899002075195,-89.62968575153104,83.56792372119494,1668409565
fw,-71.2007217407226,-87.5240936279296,-86.7141679433666,79.57415695027841,1668426232
fw,-69.5941696166992,-88.3196029663086,-80.49811173232239,75.04644114448786,1668442899
fw,-68.2976760864257,-88.4949417114257,-69.92205578718877,70.33878712784895,1668459566
fw,-67.2863845825195,-87.8591766357421,-55.060774196810335,65.84761717547921,1668476233
fw,-66.6347732543945,-86.8276977539062,-37.08436186296035,61.96816148421846,1668492900
fw,-66.4556655883789,-85.804931640625,-17.91624550192935,59.03427565724381,1668509567
fw,-67.1267700195312,-84.9465026855468,0.300815176723934,57.22812686271838,1668526234
fw,-68.0640258789062,-84.1544723510742,15.766254167061744,56.46733206063403,1668542901
fw,-68.5941467285156,-83.3389129638671,27.436867815498463,56.30621107298326,1668559568
fw,-68.9620132446289,-82.4921417236328,35.17473415085727,55.903280370762886,1668576235
fw,-69.6599960327148,-81.6456756591796,39.61081609777809,54.09586994635585,1668592902
fw,-70.4424896240234,-80.7716293334961,41.80990879007181,49.58900544938152,1668609569
fw,-71.0518417358398,-79.9534149169921,42.87361406507575,41.22472101575565,1668626236
fw,-71.4709777832031,-79.3425140380859,43.611996873173915,28.26554709222477,1668642903
fw,-72.0312805175781,-79.0091857910156,44.377417831840305,10.613151245005382,1668659570
fw,-72.9794845581054,-79.0729217529296,45.100674812060284,-11.105275592098135,1668676237
fw,-74.3222274780273,-79.6152801513671,45.500011721406146,-35.61708050135671,1668692904
fw,-75.4495620727539,-80.6285171508789,45.362856953144394,-61.239244132353335,1668709571
fw,-76.3193969726562,-82.1626892089843,44.76613123377542,-86.21135720509258,1668726238
fw,-77.1306533813476,-83.9136276245117,44.13138385348734,-109.0361314014201,1668742905
fw,-77.7328567504882,-84.8621063232421,44.09229961489492,-128.72857531140681,1668759572
fw,-78.1630935668945,-83.9608764648437,45.23911176279513,-144.90010870630667,1668776239
fw,-78.7069396972656,-81.9029922485351,47.855823574937205,-157.66113293706394,1668792906
fw,-79.2291946411132,-79.8373260498046,51.76458074042897,-167.39509519986268,1668809573
fw,-79.8500061035156,-77.9103088378906,56.34217327915595,-174.50481435314097,1668826240
fw,-80.6936721801757,-75.8176345825195,60.69868643659288,-179.22990347918892,1668842907
fw,-81.4420471191406,-73.4555206298828,63.94087883093903,-181.58385261198993,1668859574
fw,-81.8000411987304,-70.983154296875,65.4141962670119,-181.39401548196287,1668876241
fw,-81.6809616088867,-68.4139556884765,64.84053748159822,-178.38796341997303,1668892908
fw,-81.1929702758789,-65.7915420532226,62.32828916277955,-172.2725636435505,1668909575
fw,-80.5627822875976,-63.3747444152832,58.28925435334909,-162.78368120754857,1668926242
fw,-79.8879470825195,-61.2024993896484,53.320969817029216,-149.7179860756202,1668942909
fw,-79.2459106445312,-59.3516731262207,48.09810823791948,-132.9757207124328,1668959576
fw,-78.6249237060546,-57.8157005310058,43.285419335849525,-112.63943939561543,1668976243
fw,-77.9752883911132,-56.3716354370117,39.463115298503475,-89.09159740234611,1668992910
fw,-77.3270797729492,-55.2185134887695,37.054579601723596,-63.14148924946986,1669009577
fw,-76.7031173706054,-54.5224494934082,36.25949125910243,-36.103315377091306,1669026244
fw,-76.0506744384765,-54.2801361083984,37.009340265333094,-9.759222855696404,1669042911
fw,-75.322036743164,-54.5204734802246,38.96614017519253,13.835102876565037,1669059578
fw,-74.5022506713867,-55.3538665771484,41.57585743783595,32.69322664611638,1669076245
fw,-73.6600570678711,-56.6253623962402,44.16989378235223,45.318053051074294,1669092912
fw,-72.8686828613281,-57.8044929504394,46.08946425364455,51.07967495979911,1669109579
fw,-72.1269912719726,-58.7650489807128,46.79806356549449,50.421477115107905,1669126246
fw,-71.3870162963867,-59.6204147338867,45.951232928092885,44.80733068670817,1669142913
fw,-70.6021499633789,-60.3042449951171,43.40756631017578,36.405473058485114,1669159580
fw,-69.8650512695312,-60.6698188781738,39.18260478968433,27.593318763127947,1669176247
fw,-69.3869018554687,-60.9109497070312,33.36297276103324,20.427103438927116,1669192914
fw,-69.1819076538086,-61.0832633972168,26.01147549177186,16.232780707428105,1669209581
fw,-69.1040802001953,-61.3653907775878,17.10250723104372,15.437561227420325,1669226248
fw,-68.9900131225586,-62.0919189453125,6.5224011084452345,17.682153846130646,1669242915
fw,-68.8460845947265,-63.3863830566406,-5.855557759266492,22.15152466858516,1669259582
fw,-68.9119491577148,-64.6211929321289,-20.049571150495396,27.97465415933542,1669276249
fw,-69.3091430664062,-65.4293670654296,-35.85821951220733,34.51934451615078,1669292916
fw,-70.2525177001953,-65.8601913452148,-52.81544260828265,41.47203361502451,1669309583
fw,-71.8084640502929,-66.371597290039,-70.23248987352147,48.715122643980486,1669326250
fw,-73.8641510009765,-67.2353057861328,-87.29940024634567,56.120991893008934,1669342917
fw,-76.2173995971679,-68.5465240478515,-103.18837584285012,63.40790462529135,1669359584
fw,-78.6867294311523,-70.1662521362304,-117.11232827608409,70.14126111326664,1669376251
fw,-81.1266860961914,-71.8528366088867,-128.3388104150856,75.8633086966132,1669392918
fw,-83.5034561157226,-73.4513397216796,-136.20712109666408,80.2598812957131,1669409585
fw,-85.4953308105468,-74.8554306030273,-140.20380997426187,83.26190119028938,1669426252
fw,-86.3265609741211,-76.1530303955078,-140.10820688328639,85.02759307725914,1669442919
fw,-85.3533782958984,-77.4772033691406,-136.1549128736736,85.82291937906554,1669459586
fw,-83.5374374389648,-78.8629531860351,-129.1203210650632,85.8707955166238,1669476253
fw,-81.7361145019531,-80.3548202514648,-120.25283071757298,85.2490223774618,1669492920
fw,-80.108772277832,-81.9260559082031,-111.02671008225549,83.88399429126305,1669509587
fw,-78.7194900512695,-83.4740295410156,-102.77816656819002,81.63465945080974,1669526254
fw,-77.4333572387695,-84.9299011230468,-96.34196751286068,78.41803037056954,1669542921
fw,-76.0083236694336,-86.3120956420898,-91.81972351316739,74.3140149993017,1669559588
fw,-74.4068832397461,-87.5261535644531,-88.56892508874338,69.60522789069064,1669576255
fw,-72.7275848388671,-88.4750442504882,-85.4216243407431,64.74162190623603,1669592922
fw,-71.1587524414062,-88.9146575927734,-81.05847889660562,60.25036209073524,1669609589
fw,-69.7969970703125,-88.6173248291015,-74.41398675617651,56.62601773913437,1669626256
fw,-68.6739883422851,-87.9050140380859,-64.9886977603511,54.2335560724737,1669642923
fw,-67.7908554077148,-87.0589599609375,-52.98426792880684,53.24289997631319,1669659590
fw,-67.1391983032226,-86.1840209960937,-39.23419485380598,53.598060961038826,1669676257
fw,-66.8304138183593,-85.2815017700195,-24.958154680871868,55.01403585407052,1669692924
fw,-67.0584182739257,-84.3255615234375,-11.413619412262545,56.99340530372533,1669709591
fw,-67.6300964355468,-83.2921524047851,0.4490663074601068,58.858304768028496,1669726258
fw,-67.9519729614257,-82.2516174316406,10.214924948964502,59.79687929431962,1669742925
fw,-68.0572204589843,-81.2738189697265,18.037904696970195,58.92477502342953,1669759592
fw,-68.43408203125,-80.4109344482421,24.476710734666007,55.36330375823198,1669776259
fw,-69.0208282470703,-79.7078018188476,30.20862948670179,48.336998936779345,1669792926
fw,-69.5640869140625,-79.1493911743164,35.736637999888515,37.29077168846446,1669809593
fw,-69.9852447509765,-78.6873626708984,41.19446769754885,22.016033015250883,1669826260
fw,-70.6840896606445,-78.3930435180664,46.313315606496204,2.7562882577708736,1669842927
fw,-71.7755737304687,-78.4453811645507,50.56009239423151,-19.754174402891216,1669859594
fw,-73.2104949951171,-79.051773071289,53.395789239895045,-44.362774950444006,1669876261
fw,-74.4986877441406,-80.3687133789062,54.54863222142283,-69.69345847075526,1669892928
fw,-75.4513397216796,-82.2228240966796,54.18165896299904,-94.41800646245117,1669909595
fw,-76.3427352905273,-83.8646087646484,52.87814115987513,-117.50674164087204,1669926262
fw,-76.9243850708007,-84.162124633789,51.452341470627516,-138.35253468008125,1669942929
fw,-77.6013259887695,-82.9001922607421,50.671097728203854,-156.71228337112805,1669959596
fw,-78.1934661865234,-81.2835998535156,51.00474000793187,-172.49904844997732,1669976263
fw,-78.6659240722656,-79.7128677368164,52.50424904739131,-185.5358832823682,1669992930
fw,-79.4308013916015,-77.7892837524414,54.841437735137,-195.40128777985439,1670009597
fw,-80.1675262451171,-75.2620162963867,57.47839812897388,-201.4433367826597,1670026264
fw,-80.6382827758789,-72.2949981689453,59.88159779480166,-202.9467421785152,1670042931
fw,-80.7494506835937,-69.207405090332,61.68809253561495,-199.35975325982537,1670059598
fw,-80.5164794921875,-66.2733840942382,62.76929821377161,-190.46860886925597,1670076265
fw,-80.0862121582031,-63.6644592285156,63.19705823453298,-176.45134329397766,1670092932
fw,-79.5825576782226,-61.4880752563476,63.16025766608985,-157.81824082009766,1670109599
fw,-79.0207061767578,-59.5310897827148,62.88560000286544,-135.3062574829133,1670126266
fw,-78.3972244262695,-57.8785057067871,62.589286117298876,-109.80573571797726,1670142933
fw,-77.6624755859375,-56.4076271057128,62.45229823693033,-82.35794657424695,1670159600
fw,-76.8157730102539,-55.2108726501464,62.59490972949154,-54.19970784605942,1670176267
fw,-75.8954315185546,-54.5359649658203,63.03393307798102,-26.785589888930993,1670192934
fw,-74.9315032958984,-54.4851493835449,63.62954619870468,-1.7160000466651988,1670209601
fw,-73.9121551513671,-55.0369873046875,64.04967411179801,19.457471137870584,1670226268
fw,-72.8435592651367,-55.9735794067382,63.78436101227311,35.512190994619324,1670242935
fw,-71.7727432250976,-57.1325035095214,62.225786402441955,45.828216404746485,1670259602
fw,-70.749282836914,-58.1366462707519,58.799052817162675,50.548309314027335,1670276269
fw,-69.8370285034179,-58.9670600891113,53.10146929086769,50.550572038956545,1670292936
fw,-69.0755996704101,-59.6583023071289,45.00045596815052,47.23008274123015,1670309603
fw,-68.5168075561523,-60.4359855651855,34.656830545976646,42.16052199212514,1670326270
fw,-68.2558212280273,-61.1873970031738,22.47019307734873,36.750143573092494,1670342937
fw,-68.2417831420898,-61.7376174926757,8.96985588029889,32.00145650879568,1670359604
fw,-68.3666458129882,-62.2880058288574,-5.31191257038296,28.440561219727474,1670376271
fw,-68.5810165405273,-63.1176681518554,-19.948374942453224,26.2205749638015,1670392938
fw,-68.9263076782226,-64.4225387573242,-34.68331075883356,25.338233135591732,1670409605
fw,-69.6127014160156,-65.6936416625976,-49.44197524316913,25.850091332812813,1670426272
fw,-70.8509674072265,-66.2108764648437,-64.28845213430313,27.96626209797241,1670442939
fw,-72.744400024414,-66.4646759033203,-79.33124023876898,31.96105268200792,1670459606
fw,-75.1653518676757,-66.8258361816406,-94.57673692329416,37.95006019507678,1670476273
fw,-77.7996520996093,-67.649658203125,-109.74345121254126,45.671253695345946,1670492940
fw,-80.3761825561523,-68.8859481811523,-124.08982676365966,54.40923192743201,1670509607
fw,-82.9429473876953,-70.3222732543945,-136.35361640855717,63.11822501010859,1670526274
fw,-85.2297210693359,-71.8887557983398,-144.90179137690362,70.69170558892537,1670542941
fw,-86.3735046386718,-73.4264678955078,-148.11716214930092,76.26060876607649,1670559608
fw,-85.3462982177734,-74.8372650146484,-144.92939402966434,79.40509560973703,1670576275
fw,-83.3589630126953,-76.0967254638671,-135.30368073219427,80.22109420659267,1670592942
fw,-81.4512100219726,-77.3771820068359,-120.48734041742647,79.25359563646961,1670609609
fw,-79.8076705932617,-78.7936859130859,-102.89120519123958,77.3539012848416,1670626276
