Label,Left_Hip_q,Right_Hip_q,Left_Hip_qd,Right_Hip_qd,SampleTimeFine
run,-64.8083190917968,-85.7598876953125,-95.2965698242187,99.9265441894531,1700926882
run,-63.691780090332,-84.1094055175781,-69.16538623796166,100.07163351158694,1700943549
run,-63.3425140380859,-82.3199081420898,-39.10319607493004,94.24501254982353,1700960216
run,-63.8849449157714,-80.6572952270507,-11.233210932570504,88.45658997915913,1700976883
run,-64.5331344604492,-79.4256439208984,12.671991534419327,82.6704476334807,1700993550
run,-64.943000793457,-78.4831161499023,31.644245773093527,76.46479806153634,1701010217
run,-65.4153289794921,-77.6673965454101,45.56053684509203,68.95349724363697,1701026884
run,-66.3700714111328,-76.891731262207,54.94462568894588,58.87399792073726,1701043551
run,-67.4432907104492,-76.0424270629882,60.64593407845307,44.86658517157282,1701060218
run,-68.363166809082,-75.1985702514648,63.528858583606436,25.891976231950146,1701076885
run,-69.2901535034179,-74.5869674682617,64.27019175410858,1.6536713179916105,1701093552
run,-70.2846298217773,-74.5863418579101,63.310633539277624,-27.14478107315227,1701110219
run,-71.6978225708007,-75.4615631103515,60.95362858881602,-58.83812555495065,1701126886
run,-73.2918624877929,-77.2485275268554,57.55046692158229,-91.15411904900539,1701143553
run,-74.5456008911132,-79.6328964233398,53.667973811992816,-121.77035905421538,1701160220
run,-75.2985687255859,-81.6193695068359,50.13373366909629,-148.8652124399354,1701176887
run,-76.169204711914,-81.8798751831054,47.908288991597836,-171.4547643611758,1701193554
run,-76.8646392822265,-80.9699783325195,47.81994388651547,-189.40585511424237,1701210221
run,-77.2209930419921,-80.1284713745117,50.26937145421366,-203.1600384125085,1701226888
run,-77.5873260498046,-79.0756607055664,55.03493823863795,-213.31661994473194,1701243555
run,-78.2050552368164,-77.3241729736328,61.27670842560021,-220.25261433627924,1701260222
run,-79.0479049682617,-74.8738479614257,67.75705820781809,-223.9089348826567,1701276889
run,-79.5901641845703,-71.8041000366211,73.20032642772858,-223.79016330889536,1701293556
run,-79.6987075805664,-68.2989273071289,76.65257909741672,-219.1494187368279,1701310223
run,-79.4038314819336,-64.8076019287109,77.71002156233597,-209.27532345113508,1701326890
run,-78.8071517944336,-61.8179588317871,76.55119255334654,-193.7724908448423,1701343557
run,-77.9613342285156,-59.4224128723144,73.79137960739631,-172.74268433335521,1701360224
run,-76.9550399780273,-57.680606842041,70.23763103908036,-146.83039462565003,1701376891
run,-75.9471893310546,-56.1956062316894,66.64178646933647,-117.16346006072943,1701393558
run,-75.0048065185546,-54.7081336975097,63.52947747258721,-85.25215235914473,1701410225
run,-74.0885543823242,-53.5430145263671,61.13867835088939,-52.88863487542447,1701426892
run,-73.148941040039,-53.0606689453125,59.452320196220704,-22.037462007128074,1701443559
run,-72.1676025390625,-53.2797088623046,58.27726858421602,5.323637383740929,1701460226
run,-71.1729125976562,-53.9944229125976,57.31940539263236,27.435559498803546,1701476893
run,-70.1868743896484,-55.1016578674316,56.227107803245254,43.03272368028609,1701493560
run,-69.2231903076171,-56.3398056030273,54.60397121306701,51.58463248544383,1701510227
run,-68.3206787109375,-57.302677154541,52.00706744687474,53.41742858678848,1701526894
run,-67.658950805664,-58.013313293457,47.94510693646535,49.663136943113905,1701543561
run,-67.2998580932617,-58.7522506713867,41.883551064346115,42.04725334831847,1701560228
run,-67.0105209350586,-59.348403930664,33.264599178319216,32.58358368075688,1701576895
run,-66.659194946289,-59.7430038452148,21.558140313540562,23.268306987855556,1701593562
run,-66.3589935302734,-60.163215637207,6.360424045982966,15.847035387539751,1701610229
run,-66.277717590332,-60.9857025146484,-12.461281386204794,11.684297695731884,1701626896
run,-66.6224975585937,-62.0696258544921,-34.61200886972439,11.713946656810192,1701643563
run,-67.5797500610351,-62.6767883300781,-59.26031146787774,16.414046607234457,1701660230
run,-69.3822860717773,-62.8147773742675,-85.03670570864838,25.757438228713465,1701676897
run,-71.9277267456054,-63.1927680969238,-110.16670287677894,39.14479722252037,1701693564
run,-74.7908859252929,-64.2529907226562,-132.71940524976867,55.38979981075013,1701710231
run,-77.6640090942382,-65.9294052124023,-150.91845994570167,72.83641026815279,1701726898
run,-80.3619995117187,-67.8364868164062,-163.4527818532417,89.62950937585424,1701743565
run,-82.3742980957031,-69.959228515625,-169.72896199716857,104.0759198745367,1701760232
run,-83.3043823242187,-72.2313766479492,-170.0100488164875,114.98100440483661,1701776899
run,-82.8421783447265,-74.3919219970703,-165.38909108141112,121.85049679704801,1701793566
run,-81.4850082397461,-76.4500350952148,-157.5679247601722,124.89762319209187,1701810233
run,-79.8092575073242,-78.3939132690429,-148.4616036025206,124.86725552598763,1701826900
run,-78.0404510498046,-80.2754669189453,-139.71407314142053,122.75270308705079,1701843567
run,-76.3816909790039,-82.1580276489257,-132.26217107170294,119.50992004972196,1701860234
run,-74.580093383789,-84.059341430664,-126.09362268606418,115.8575850866171,1701876901
run,-72.4841232299804,-85.9272994995117,-120.29609096105084,112.2026741087868,1701893568
run,-70.2307815551757,-87.6693878173828,-113.39796673281522,108.67760626585957,1701910235
run,-68.1242141723632,-88.6961441040039,-103.89289845502051,105.24143627544505,1701926902
run,-66.331184387207,-87.8085784912109,-90.76877425681903,101.79222359946647,1701943569
run,-64.9197845458984,-86.3562698364257,-73.86280309339142,98.25235499514399,1701960236
run,-63.916748046875,-84.7991180419921,-53.93367070341696,94.60806431541967,1701976903
run,-63.5099258422851,-83.0985107421875,-32.44437038444125,90.89706597530157,1701993570
run,-63.9936141967773,-81.3905258178711,-11.146303938617725,87.1424410980101,1702010237
run,-64.6286010742187,-80.0004272460937,8.381697959200249,83.23660045461983,1702026904
run,-65.0274276733398,-78.9766998291015,25.07841909817397,78.79966808015908,1702043571
run,-65.416519165039,-78.1507415771484,38.52645250643597,73.07104696976035,1702060238
run,-66.2400665283203,-77.3802261352539,48.85636506050752,64.91661161161596,1702076905
run,-67.3405075073242,-76.5526809692382,56.51156126447741,53.01505341563665,1702093572
run,-68.328384399414,-75.6129989624023,61.986579837204445,36.21643218063131,1702110239
run,-69.2107238769531,-74.7857818603515,65.63214671745378,13.971851647468345,1702126906
run,-70.1916046142578,-74.471435546875,67.58389245817911,-13.333596672134707,1702143573
run,-71.5380935668945,-74.9750595092773,67.83239005989194,-44.30675545409393,1702160240
run,-73.3816680908203,-76.4324340820312,66.40282425606414,-76.80351234139326,1702176907
run,-74.9322128295898,-78.7437515258789,63.55800349229483,-108.44954287028487,1702193574
run,-76.0358352661132,-81.3788528442382,59.911123425610185,-137.23368657681857,1702210241
run,-76.9721145629882,-82.8163528442382,56.36646570897694,-161.9413958139334,1702226908
run,-77.7403717041015,-82.2849731445312,53.889434900956694,-182.2639272080354,1702243575
run,-78.270034790039,-81.2553787231445,53.19564923008131,-198.56642208818704,1702260242
run,-78.6539764404296,-80.3194198608398,54.49477907525398,-211.44674157584114,1702276909
run,-79.1618423461914,-78.766845703125,57.40755569944295,-221.28847814837343,1702293576
run,-79.9590301513671,-76.3646697998046,61.10048683522836,-227.9805767827646,1702310243
run,-80.4344406127929,-73.3329391479492,64.5840156906078,-230.88110827200373,1702326910
run,-80.4258880615234,-69.7404251098632,67.04707151079687,-229.00439091503188,1702343577
run,-80.0224990844726,-65.9045181274414,68.09519297019348,-221.34401977708646,1702360244
run,-79.3781127929687,-62.4297332763671,67.81792070483874,-207.2155264403032,1702376911
run,-78.5877075195312,-59.6363067626953,66.69100979483136,-186.5124139798776,1702393578
run,-77.6500091552734,-57.6094627380371,65.37564854448635,-159.81761054741966,1702410245
run,-76.695686340332,-55.8490447998046,64.4938800514589,-128.37762774446975,1702426912
run,-75.802864074707,-54.1474876403808,64.44610687865814,-93.98820974881598,1702443579
run,-74.9035415649414,-52.8298797607421,65.30926890940404,-58.83304879547895,1702460246
run,-73.8608703613281,-52.1419296264648,66.82458189441583,-25.28031592865698,1702476913
run,-72.6679000854492,-52.3011856079101,68.45870728766936,4.37865653047805,1702493580
run,-71.4494552612304,-52.8694992065429,69.50805292009576,28.24192977763363,1702510247
run,-70.314826965332,-54.0896682739257,69.21595555058963,45.10585575011108,1702526914
run,-69.2226409912109,-55.527530670166,66.88195970475773,54.679466387674886,1702543581
run,-68.1769104003906,-56.6025695800781,61.9499155346948,57.618436192813185,1702560248
run,-67.3581771850586,-57.2932205200195,54.06197265463645,55.345453628228526,1702576915
run,-66.891372680664,-57.9531173706054,43.06794221055191,49.70636033537847,1702593582
run,-66.6068496704101,-58.5746307373046,28.995017892000913,42.58136595883595,1702610249
run,-66.4031066894531,-59.1674652099609,12.005237916079993,35.58553818910936,1702626916
run,-66.3514404296875,-59.9067230224609,-7.623676310733028,29.943753870985212,1702643583
run,-66.4838943481445,-61.1506690979003,-29.47679930345319,26.53916200194215,1702660250
run,-67.0862121582031,-62.7653617858886,-52.955904073623906,26.049216118652716,1702676917
run,-68.4657669067382,-63.8787994384765,-77.24674290715602,29.03778136767318,1702693584
run,-70.7768936157226,-64.1724700927734,-101.32957617469961,35.899753349756786,1702710251
run,-73.7369537353515,-64.4352645874023,-124.03317812754922,46.6575133961963,1702726918
run,-76.7039566040039,-65.2214889526367,-144.11222177648602,60.72778759267118,1702743585
run,-79.6322326660156,-66.7827529907226,-160.33967020518227,76.82639259493416,1702760252
run,-82.2261276245117,-68.7918243408203,-171.6343072827047,93.11889697890516,1702776919
run,-83.9810256958007,-71.1592864990234,-177.2464859325538,107.60066596028064,1702793586
run,-84.2469406127929,-73.7771377563476,-176.98140152545696,118.57815165912923,1702810253
run,-82.9299774169921,-76.2053909301757,-171.3771785770612,125.07700462567117,1702826920
run,-80.816162109375,-78.3294525146484,-161.72692526878765,127.03278057997387,1702843587
run,-78.6648635864257,-80.2220306396484,-149.86974828285074,125.20813437706059,1702860254
run,-76.797378540039,-81.9963150024414,-137.76485992786905,120.88597022993663,1702876921
run,-75.3289947509765,-83.7320251464843,-126.9653751357831,115.46289391382182,1702893588
run,-73.888427734375,-85.4528350830078,-118.17539830614749,110.08268818313934,1702910255
run,-72.1627349853515,-87.0751113891601,-111.06689078661152,105.41115011825104,1702926922
run,-70.0867309570312,-88.3953857421875,-104.44232777344618,101.59001411536829,1702943589
run,-67.9929504394531,-88.1942062377929,-96.68977073401706,98.34746230178558,1702960256
run,-66.1508483886718,-86.7146759033203,-86.35690401657257,95.20198652934978,1702976923
run,-64.7463073730468,-85.1362762451171,-72.63111482936694,91.6801292938967,1702993590
run,-63.7912063598632,-83.6365356445312,-55.56764826868764,87.47609203060638,1703010257
run,-63.4777450561523,-82.0845565795898,-36.02062248953412,82.50650786311876,1703026924
run,-63.9035530090332,-80.6269302368164,-15.346859208834394,76.84705033896829,1703043591
run,-64.4499359130859,-79.5051803588867,4.9744243938913595,70.57217558421756,1703060258
run,-64.7639465332031,-78.7830810546875,23.656666648712005,63.55435938209805,1703076925
run,-65.1914978027343,-78.2920303344726,39.766379898785054,55.30945590171584,1703093592
run,-66.093276977539,-77.7522888183593,52.73116423173381,44.98055202935923,1703110259
run,-67.2737426757812,-77.0508499145507,62.26507945301246,31.51165106778667,1703126926
run,-68.3189163208007,-76.3007049560546,68.29193934908767,13.977584606087317,1703143593
run,-69.3576278686523,-75.892951965332,70.91598508039432,-8.052120991502763,1703160260
run,-70.5545043945312,-76.2204132080078,70.44985017798302,-34.27433421248479,1703176927
run,-72.2104721069336,-77.4184188842773,67.47555915383856,-63.65038972844479,1703193594
run,-73.557388305664,-79.3840713500976,62.88502613994864,-94.64160201997626,1703210261
run,-74.5133056640625,-81.6189270019531,57.83481513789988,-125.5674197966112,1703226928
run,-75.4347152709961,-82.7673568725586,53.57668395882832,-154.91878549047624,1703243595
run,-76.1611938476562,-82.1005706787109,51.18726075677399,-181.4999999655538,1703260262
run,-76.6751327514648,-81.099739074707,51.28257131999787,-204.3811417773446,1703276929
run,-77.0225830078125,-80.1110382080078,53.82973416788549,-222.75164930620673,1703293596
run,-77.6115570068359,-78.3333511352539,58.143728171999484,-235.8073342442424,1703310263
run,-78.4082870483398,-75.4712753295898,63.08807555653093,-242.7599909220482,1703326930
run,-78.9314651489257,-71.8494491577148,67.41232898162538,-242.97060714669848,1703343597
run,-79.1561660766601,-68.0861511230468,70.10145830329832,-236.1332832687661,1703360264
run,-79.0414352416992,-64.5263366699218,70.6173179914837,-222.41357358694756,1703376931
run,-78.6757202148437,-61.4676818847656,68.97374766670299,-202.4743702267661,1703393598
run,-78.1559371948242,-59.0468292236328,65.66153035313475,-177.3834577294671,1703410265
run,-77.5007095336914,-57.1691131591796,61.48476001605373,-148.45600388879282,1703426932
run,-76.7719421386718,-55.6837577819824,57.37261065751696,-117.1106749079714,1703443599
run,-76.0048446655273,-54.3800354003906,54.20507685610669,-84.79655890129655,1703460266
run,-75.1236572265625,-53.24165725708,52.662994338567835,-52.99247512157943,1703476933
run,-74.1431808471679,-52.5035705566406,53.09948135835802,-23.222701073861458,1703493600
run,-73.1961517333984,-52.5793838500976,55.43611278736486,2.990175012782817,1703510267
run,-72.3403549194336,-53.1633987426757,59.10466892688292,24.283867293121798,1703526934
run,-71.5550079345703,-54.2818031311035,63.06883360234325,39.703354921454185,1703543601
run,-70.7106781005859,-55.5053596496582,65.95441639388646,48.942357215428494,1703560268
run,-69.71533203125,-56.5371322631835,66.28564089498838,52.46076974352549,1703576935
run,-68.7546234130859,-57.2109260559082,62.779315749405335,51.400773123660414,1703593602
run,-68.0365982055664,-57.8763580322265,54.61308920440599,47.31362221762807,1703610269
run,-67.5306243896484,-58.4303436279296,41.583303343060614,41.79860314059236,1703626936
run,-67.170539855957,-58.9342193603515,24.10827618328285,36.19620590534502,1703643603
run,-67.0702972412109,-59.4548645019531,3.0936073350019027,31.4495877645899,1703660270
run,-67.2154312133789,-60.477611541748,-20.277020534868964,28.167153443906805,1703676937
run,-67.7610931396484,-62.0541076660156,-44.75201378009937,26.818784843188954,1703693604
run,-68.9768142700195,-63.4944381713867,-69.17140177915542,27.922380421099074,1703710271
run,-71.0860900878906,-64.0032806396484,-92.55326594762738,32.07306713640453,1703726938
run,-73.9031143188476,-64.0658798217773,-114.10257739572798,39.75698499915954,1703743605
run,-76.8326110839843,-64.4206619262695,-133.15114557956085,51.03334520847413,1703760272
run,-79.67041015625,-65.5355606079101,-149.06309702477162,65.2679267706312,1703776939
run,-82.331184387207,-67.2664718627929,-161.17298337193506,81.0868313287347,1703793606
run,-84.38818359375,-69.3690872192382,-168.827937825817,96.6060547088228,1703810273
run,-84.9383316040039,-71.8174819946289,-171.55544584437519,109.85930768725177,1703826940
run,-83.7388153076171,-74.2056655883789,-169.29598677713244,119.26532976120563,1703843607
run,-81.6268005371093,-76.3565521240234,-162.5803350860728,123.9729732287015,1703860274
run,-79.2882690429687,-78.3276290893554,-152.53582693119256,123.98556387459075,1703876941
run,-77.1623382568359,-80.2307205200195,-140.6735560341189,120.05913139689365,1703893608
run,-75.4541397094726,-82.0730056762695,-128.50571242066673,113.445309298757,1703910275
run,-74.0025634765625,-83.809326171875,-117.12574503119957,105.57780227205834,1703926942
run,-72.4880218505859,-85.4055633544921,-106.91592257325668,97.78470910298982,1703943609
run,-70.7811660766601,-86.9135818481445,-97.50640188270478,91.07472497846231,1703960276
run,-68.9700469970703,-88.2968215942382,-88.00795093331341,86.01674441612444,1703976943
run,-67.2847137451171,-88.9682693481445,-77.42348625266047,82.71545152090059,1703993610
run,-65.8887405395507,-88.1436462402343,-65.07019526889651,80.87472701806811,1704010277
run,-64.8657073974609,-86.9394454956054,-50.84798365349199,79.93062267711656,1704026944
run,-64.3378143310546,-85.5714492797851,-35.262968249771646,79.22366879195997,1704043611
run,-64.6062774658203,-83.9758148193359,-19.219792729538288,78.16580653059295,1704060278
run,-65.217300415039,-82.3014984130859,-3.690476022379404,76.345423642842,1704076945
run,-65.4380416870117,-80.9629287719726,10.587938100684468,73.5197617830189,1704093612
run,-65.657600402832,-80.1439590454101,23.2622201828751,69.4832790925391,1704110279
run,-66.2871475219726,-79.5565414428711,34.31973983858816,63.8684759914833,1704126946
run,-67.0296173095703,-79.0203323364257,43.907596037639436,55.99513795745821,1704143613
run,-67.7086410522461,-78.4401245117187,52.118430460821216,44.88722711591066,1704160280
run,-68.4773864746093,-77.6525955200195,58.84538987194949,29.505709815471814,1704176947
run,-69.4328079223632,-76.8317565917968,63.774308800799524,9.131289817028197,1704193614
run,-70.881965637207,-76.4857177734375,66.52733070043361,-16.26429436308324,1704210281
run,-72.6981811523437,-77.0788497924804,66.90514912370313,-45.83772599761319,1704226948
run,-74.1265411376953,-78.6809539794921,65.11683893078124,-77.98398033800996,1704243615
run,-75.3172760009765,-80.8046340942382,61.873621392912455,-110.6955166484025,1704260282
run,-76.3182907104492,-82.3784713745117,58.275157131602064,-142.00730354862245,1704276949
run,-77.0967941284179,-82.2798309326171,55.51161167371483,-170.33378286596408,1704293616
run,-77.6082153320312,-81.45849609375,54.49270180374737,-194.5817120901427,1704310283
run,-78.0402908325195,-80.5229034423828,55.554715264830065,-214.05477553323573,1704326950
run,-78.6452713012695,-78.9610290527343,58.37028009055661,-228.26641549131702,1704343617
run,-79.5523071289062,-76.4297866821289,62.10049373915175,-236.79233848074853,1704360284
run,-80.1073150634765,-73.0624618530273,65.72109548374988,-239.2348458271515,1704376951
run,-80.3368606567382,-69.3620147705078,68.38063886410744,-235.29155062895808,1704393618
run,-80.2047729492187,-65.9003601074218,69.64988269810347,-224.8694120071196,1704410285
run,-79.7805557250976,-62.6846237182617,69.5887584593104,-208.17879402867223,1704426952
run,-79.1035537719726,-60.0220642089843,68.64200942464761,-185.77232924969064,1704443619
run,-78.217056274414,-57.9470252990722,67.4319438408987,-158.5349271962256,1704460286
run,-77.2260284423828,-56.2902183532714,66.53208717471728,-127.65643055421158,1704476953
run,-76.1858596801757,-54.7922286987304,66.28922642644717,-94.61160934713368,1704493620
run,-75.0945739746093,-53.482494354248,66.73106712692194,-61.138634120119015,1704510287
run,-73.9191818237304,-52.6831855773925,67.56625530178057,-29.171194349529785,1704526954
run,-72.7316207885742,-52.8186264038085,68.26019933044098,-0.6731916116812173,1704543621
run,-71.6427917480468,-53.491584777832,68.15660246211374,22.634303095856176,1704560288
run,-70.5891418457031,-54.7196311950683,66.61063447669052,39.59383692521522,1704576955
run,-69.5155487060546,-56.0150260925293,63.102256375801424,49.86479198181206,1704593622
run,-68.5205841064453,-56.9818572998046,57.3037877882122,53.99375463390406,1704610289
run,-67.8106460571289,-57.5050582885742,49.085444627701776,53.25196579734895,1704626956
run,-67.496353149414,-58.1089134216308,38.46148901926436,49.29147088972567,1704643623
run,-67.2905731201171,-58.7157096862793,25.506272152511468,43.75451825513402,1704660290
run,-67.0537643432617,-59.1908988952636,10.28833258711655,37.987238485887744,1704676957
run,-66.9130249023437,-59.8155059814453,-7.136184158374563,32.952290229632354,1704693624
run,-67.039794921875,-61.2064170837402,-26.662895683124383,29.3374404827548,1704710291
run,-67.7625122070312,-62.9534225463867,-48.04208311450795,27.75890375117197,1704726958
run,-69.2249755859375,-64.1543197631836,-70.79311942059941,28.90110495282673,1704743625
run,-71.4687881469726,-64.3850936889648,-94.16400903275084,33.46053613661845,1704760292
run,-74.237190246582,-64.5199279785156,-117.1391701772445,41.87992126664698,1704776959
run,-76.9348831176757,-65.0822143554687,-138.4825066597472,54.00700842326417,1704793626
run,-79.7121429443359,-66.456184387207,-156.81724852002066,68.88542554215178,1704810293
run,-82.2703094482421,-68.4064407348632,-170.76838940077295,84.82800071631985,1704826960
run,-84.0014190673828,-70.6567306518554,-179.18707732022276,99.7777100699851,1704843627
run,-84.0274887084961,-73.1461944580078,-181.42531896449583,111.82164580543741,1704860294
run,-82.4938201904296,-75.4867324829101,-177.56859768780933,119.66035833173203,1704876961
run,-80.3600769042968,-77.4861602783203,-168.51430755389725,122.86679821131301,1704893628
run,-78.1046600341796,-79.3284530639648,-155.82647799012497,121.86965933736292,1704910295
run,-76.0399475097656,-81.0989227294921,-141.3817781654061,117.7113463598933,1704926962
run,-74.346435546875,-82.8644180297851,-126.90740255878755,111.70397681562774,1704943629
run,-72.8665084838867,-84.5617065429687,-113.56187168786056,105.11048240046797,1704960296
run,-71.2902679443359,-86.1074600219726,-101.70406542258822,98.92894129918544,1704976963
run,-69.5654296875,-87.5343933105468,-90.9309095006982,93.7975053231404,1704993630
run,-67.85009765625,-88.497932434082,-80.36108212980788,89.99619479019438,1705010297
run,-66.3044815063476,-87.9708862304687,-69.04575956428023,87.50733542892058,1705026964
run,-65.1084289550781,-86.6804122924804,-56.34445480581302,86.09872737777762,1705043631
run,-64.3304214477539,-85.2727966308593,-42.13274115393285,85.40146488741662,1705060298
run,-64.1542510986328,-83.7354049682617,-26.79019557563626,84.96197083174057,1705076965
run,-64.5665817260742,-82.1075286865234,-11.011464165379236,84.25469073008254,1705093632
run,-64.8934097290039,-80.7107925415039,4.449760033122116,82.65220207099453,1705110299
run,-65.1171951293945,-79.6704406738281,18.98337110200542,79.37014774994047,1705126966
run,-65.6411819458007,-78.8801651000976,32.19935330221046,73.43449485345303,1705143633
run,-66.5116195678711,-78.1204452514648,43.879628004130005,63.738853111838075,1705160300
run,-67.3585586547851,-77.2386093139648,53.86277748907212,49.2411214156489,1705176967
run,-68.2125167846679,-76.2788925170898,61.93681310035319,29.28142039973089,1705193634
run,-69.1935501098632,-75.557014465332,67.8040739376889,3.9156575685941215,1705210301
run,-70.5062942504882,-75.5108871459961,71.15382987697535,-25.893177726123604,1705226968
run,-72.2974014282226,-76.5104827880859,71.83193455425103,-58.354752144808685,1705243635
run,-73.9059295654296,-78.4293594360351,70.04050468270964,-91.21953901531855,1705260302
run,-75.2587814331054,-80.6692962646484,66.46354101847572,-122.31250651170163,1705276969
run,-76.3632202148437,-82.1092681884765,62.22799258074653,-150.0202158937361,1705293636
run,-77.3080825805664,-81.6864624023437,58.67529728755993,-173.53672108348204,1705310303
run,-78.0869827270507,-80.644416809082,57.00310644346562,-192.79040349381637,1705326970
run,-78.6094894409179,-79.8439865112304,57.90007180228426,-208.12163363471484,1705343637
run,-78.8949813842773,-78.5652389526367,61.3123764223469,-219.87703953402678,1705360304
run,-79.4898071289062,-76.3858413696289,66.44076213903077,-228.0895024636348,1705376971
run,-80.0903930664062,-73.6091766357421,71.98097286657537,-232.34659581327372,1705393638
run,-80.3658142089843,-70.2542572021484,76.52315099504945,-231.86741312971967,1705410305
run,-80.2998428344726,-66.5660018920898,78.96559858934646,-225.74297118287132,1705426972
run,-79.9114837646484,-63.0067901611328,78.80480785424147,-213.25301760554768,1705443639
run,-79.2113571166992,-60.0492057800293,76.2240447426124,-194.1539424682277,1705460306
run,-78.2145462036132,-57.6335411071777,71.97882178675012,-168.85032617090172,1705476973
run,-77.0601806640625,-55.8340454101562,67.13795292443069,-138.41589272821244,1705493640
run,-75.9395904541015,-54.5534973144531,62.770751724309655,-104.49026409325226,1705510307
run,-74.8852233886718,-53.3676300048828,59.672257688127644,-69.10970518882311,1705526974
run,-73.8571090698242,-52.4173774719238,58.19241686681866,-34.517692988789086,1705543641
run,-72.8486251831054,-52.1988182067871,58.192716143002265,-2.9621169589698106,1705560308
run,-71.8781509399414,-52.7631645202636,59.11241293729841,23.540196175868005,1705576975
run,-70.9285202026367,-53.9917526245117,60.10205878633126,43.47354131497004,1705593642
run,-69.9455871582031,-55.443748474121,60.179445038821136,56.07793587438582,1705610309
run,-68.9163131713867,-56.8125534057617,58.37490914297213,61.49687095718434,1705626976
run,-68.0077896118164,-57.6182823181152,53.84737966457326,60.73921267306246,1705643643
run,-67.4120025634765,-58.4569549560546,45.963962779868965,55.44609603035068,1705660310
run,-67.0661468505859,-59.1907119750976,34.34567613034492,47.539869077647936,1705676977
run,-66.7771301269531,-59.7228965759277,18.890046902033504,38.88056835138714,1705693644
run,-66.5954971313476,-60.1560249328613,-0.21754598272947573,31.040431504245035,1705710311
run,-66.7376480102539,-61.2365951538085,-22.49999631537354,25.241819588171396,1705726978
run,-67.5194931030273,-62.8141288757324,-47.19784214618108,22.4191578639288,1705743645
run,-69.1157073974609,-63.9823112487793,-73.29772997043631,23.297313393969294,1705760312
run,-71.51806640625,-64.1821670532226,-99.57588486393628,28.371196350421286,1705776979
run,-74.4751815795898,-64.1985549926757,-124.64639747873818,37.748874982239705,1705793646
run,-77.4274215698242,-64.6732025146484,-147.0172174995901,50.94273656101858,1705810313
run,-80.4226684570312,-65.9670867919921,-165.18469190577804,66.76757123031376,1705826980
run,-83.1041793823242,-67.8013610839843,-177.80900780262817,83.46870779654986,1705843647
run,-84.6540451049804,-69.9554901123046,-183.97643079005556,99.08324542851784,1705860314
run,-84.189956665039,-72.4866027832031,-183.47953398254435,111.91416399249998,1705876981
run,-82.283576965332,-74.9645919799804,-176.9882897918003,120.9374456423279,1705893648
run,-80.0290298461914,-77.1163330078125,-165.9948359470475,125.98767838201105,1705910315
run,-77.8336563110351,-79.0282974243164,-152.49674594240196,127.66115877808772,1705926982
run,-75.8873596191406,-80.8427276611328,-138.49519294236646,126.99299690181749,1705943649
run,-74.2465896606445,-82.6918869018554,-125.47053599059525,125.04967641472292,1705960316
run,-72.6081085205078,-84.6285552978515,-114.02012315246502,122.59303061083193,1705976983
run,-70.833984375,-86.5649337768554,-103.7902849479919,119.91966943208733,1705993650
run,-68.9447860717773,-88.3545608520507,-93.7247361385729,116.89833346415983,1706010317
run,-67.189826965332,-88.5101013183593,-82.53008662856521,113.15616136231314,1706026984
run,-65.7077026367187,-86.7028350830078,-69.18101075293183,108.32433902165222,1706043651
run,-64.6973495483398,-84.7742309570312,-53.28711853877692,102.24558044019481,1706060318
run,-64.2324829101562,-83.038833618164,-35.21426666744866,95.06443676855952,1706076985
run,-64.4532318115234,-81.4987411499023,-15.956483361705354,87.16127535461516,1706093652
run,-65.0290985107421,-80.262580871582,3.1552423739858932,78.94535139146905,1706110319
run,-65.4563903808593,-79.3797378540039,20.779516787766397,70.57920670044183,1706126986
run,-65.8248291015625,-78.7840042114257,35.818682898644674,61.74735448594514,1706143653
run,-66.6781234741211,-78.25830078125,47.55557083877795,51.58708552064137,1706160320
run,-67.8192825317382,-77.6386184692382,55.688894157971994,38.85472102207589,1706176987
run,-68.8481674194336,-76.9052734375,60.307054865852834,22.310925215515308,1706193654
run,-69.8860931396484,-76.2357177734375,61.83065350891581,1.2041575772352955,1706210321
run,-70.8474731445312,-76.0223693847656,60.9395000598186,-24.338162404067138,1706226988
run,-72.1876525878906,-76.6524276733398,58.49330742162162,-53.19075500695753,1706243655
run,-73.5823440551757,-78.3474578857421,55.44758998447973,-83.46255860526561,1706260322
run,-74.5602035522461,-80.7285690307617,52.75411805212155,-113.00483319536539,1706276989
run,-75.3773193359375,-82.7598266601562,51.23334629538524,-139.9897297461019,1706293656
run,-76.3368301391601,-82.93359375,51.42621227358678,-163.31918672105226,1706310323
run,-77.2718887329101,-81.5793228149414,53.46284879532556,-182.70893737508575,1706326990
run,-77.9591293334961,-80.3420486450195,57.00291701269569,-198.45031711287882,1706343657
run,-78.6576461791992,-79.1334762573242,61.29426579355084,-210.9944911907743,1706360324
run,-79.572509765625,-77.2557525634765,65.36319481952302,-220.55756821285522,1706376991
run,-80.5692062377929,-74.5935363769531,68.29684881857015,-226.90012698907452,1706393658
run,-81.1466751098632,-71.3627471923828,69.5269388224361,-229.33623307161227,1706410325
run,-81.268196105957,-67.7696151733398,69.00792377960991,-226.93254516627385,1706426992
run,-80.9476318359375,-64.1073226928711,67.22029978952504,-218.8011860645874,1706443659
run,-80.2679443359375,-60.888801574707,65.00167220214146,-204.3784542748803,1706460326
run,-79.3348617553711,-58.2405166625976,63.274324953675546,-183.61062434278722,1706476993
run,-78.2950363159179,-56.1500396728515,62.76817633508784,-157.02305254497873,1706493660
run,-77.2933349609375,-54.3796920776367,63.826558752309744,-125.70064096323246,1706510327
run,-76.3478469848632,-52.7010459899902,66.3411777640666,-91.22545468047477,1706526994
run,-75.388916015625,-51.3704376220703,69.81187494873255,-55.592062533669036,1706543661
run,-74.3397903442382,-50.6492881774902,73.48680487019689,-21.078032373513928,1706560328
run,-73.1792907714843,-50.9075202941894,76.52296010706603,9.971400097141562,1706576995
run,-71.9900970458984,-51.8283729553222,78.1175799658455,35.453995808976124,1706593662
run,-70.8101577758789,-53.1469612121582,77.58790487655776,53.86087052195076,1706610329
run,-69.5780639648437,-54.5530700683593,74.40334775918504,64.55860103169573,1706626996
run,-68.4081802368164,-55.6564331054687,68.18734649976743,67.89654076636002,1706643663
run,-67.4973907470703,-56.3993339538574,58.705689114968855,65.09447422450977,1706660330
run,-66.930679321289,-57.1223526000976,45.854173625499335,57.95613728744856,1706676997
run,-66.5907287597656,-57.9153594970703,29.65789606741866,48.52213920329564,1706693664
run,-66.3802871704101,-58.6208305358886,10.292483104444175,38.7827543387453,1706710331
run,-66.4180679321289,-59.5588417053222,-11.873543421369707,30.516247884333414,1706726998
run,-66.7969512939453,-61.0207176208496,-36.2337972416692,25.235712353658656,1706743665
run,-67.833869934082,-62.3603248596191,-61.92579836861388,24.161722742829323,1706760332
run,-69.6995162963867,-62.877815246582,-87.86055568097314,28.128450832420928,1706776999
run,-72.3200607299804,-63.06099319458,-112.79604481096501,37.39404934808298,1706793666
run,-75.2806396484375,-63.6187400817871,-135.42908005867605,51.43057984470586,1706810333
run,-78.1201171875,-64.924575805664,-154.4848081502227,68.8373437288434,1706827000
run,-80.9567337036132,-66.8586349487304,-168.81297453983063,87.49286711267007,1706843667
run,-83.2262191772461,-69.0741424560546,-177.52174876429623,104.94989661224486,1706860334
run,-84.3028488159179,-71.5085067749023,-180.15936310327444,118.95961979296466,1706877001
run,-83.6745452880859,-73.9415664672851,-176.8979461214222,127.95305979512786,1706893668
run,-81.9243392944336,-76.1547241210937,-168.62801387765296,131.32863725641522,1706910335
run,-79.8133163452148,-78.2199935913086,-156.87682983131916,129.47521944626683,1706927002
run,-77.7801208496093,-80.1424865722656,-143.5230864701937,123.55951894074265,1706943669
run,-76.1015930175781,-81.9556808471679,-130.36568802729946,115.18045077193806,1706960336
run,-74.6611785888671,-83.6465301513671,-118.67705455622466,106.01156398228127,1706977003
run,-73.0621109008789,-85.1313934326171,-108.89750697275383,97.51894425458408,1706993670
run,-71.2555618286132,-86.4086608886718,-100.58770346917913,90.78607231291964,1707010337
run,-69.3674163818359,-87.396011352539,-92.65970900316134,86.43275450285941,1707027004
run,-67.6229171752929,-87.7408599853515,-83.79727116913047,84.59930469970581,1707043671
run,-66.1258392333984,-87.2584075927734,-72.90782333325188,84.97502216242826,1707060338
run,-64.9973602294921,-86.2389144897461,-59.45267517157935,86.86490471750676,1707077005
run,-64.2958374023437,-84.8471374511718,-43.56585243924543,89.29440530772423,1707093672
run,-64.1807174682617,-83.1508331298828,-25.959484592278343,91.14240082498539,1707110339
run,-64.6159210205078,-81.3990631103515,-7.688569800656752,91.27472113275732,1707127006
run,-64.9241485595703,-79.9447708129882,10.114947927695873,88.64330061257363,1707143673
run,-65.125,-78.9379730224609,26.44285145358817,82.33557685478026,1707160340
run,-65.7691574096679,-78.1803207397461,40.50668409289051,71.59961926923945,1707177007
run,-66.7827606201171,-77.3919830322265,51.752502844587525,55.900483393041235,1707193674
run,-67.7645874023437,-76.5459747314453,59.8470918121448,35.047454145584595,1707210341
run,-68.7620162963867,-75.8223571777343,64.6777699129518,9.367957280261102,1707227008
run,-69.8368301391601,-75.6928405761718,66.38091373674133,-20.165779099216966,1707243675
run,-71.2563247680664,-76.4579620361328,65.38893099976158,-51.96892648780915,1707260342
run,-72.7918548583984,-77.9842529296875,62.46201925401095,-84.08592059884013,1707277009
run,-73.9412307739257,-79.9448471069336,58.65435290509117,-114.5832125379273,1707293676
run,-74.7829666137695,-81.2288284301757,55.17319265666892,-141.9436213312668,1707310343
run,-75.7084350585937,-80.7561798095703,53.13345945527356,-165.30067568071047,1707327010
run,-76.4555435180664,-79.7411117553711,53.269615540191445,-184.42738571445193,1707343677
run,-76.9641189575195,-79.2472839355468,55.706261311138796,-199.51276497605934,1707360344
run,-77.4796829223632,-78.6065521240234,59.886458257789684,-210.8505656970573,1707377011
run,-78.2821731567382,-76.9870147705078,64.70985371836399,-218.58122309232758,1707393678
run,-79.1848602294921,-74.4920272827148,68.85396929944703,-222.57608099958006,1707410345
run,-79.7496337890625,-71.3802795410156,71.17289196832894,-222.47671042268195,1707427012
run,-79.9330978393554,-68.0358276367187,71.03078121200295,-217.84285595754196,1707443679
run,-79.6611938476562,-64.7212219238281,68.45686212303652,-208.33571814287802,1707460346
run,-79.0987854003906,-61.9088554382324,64.08702231732329,-193.867209484654,1707477013
run,-78.3683242797851,-59.5683212280273,58.940952623836324,-174.67480368369263,1707493680
run,-77.5483322143554,-57.6801071166992,54.133716786062614,-151.32336561686876,1707510347
run,-76.7251892089843,-56.0600700378418,50.62146422081147,-124.66800029736669,1707527014
run,-75.9088592529296,-54.5537528991699,49.04232804821811,-95.81590016323791,1707543681
run,-75.0988845825195,-53.2790985107421,49.66038421928404,-66.09887194332187,1707560348
run,-74.2949142456054,-52.4289360046386,52.38005799156915,-37.03140626623783,1707577015
run,-73.4799346923828,-52.3108139038085,56.78706135337263,-10.211156847581421,1707593682
run,-72.6428146362304,-52.8223762512207,62.188568080670336,12.861476448101389,1707610349
run,-71.7915496826171,-53.7141647338867,67.65360877203524,31.01791472738423,1707627016
run,-70.8989791870117,-54.7587966918945,72.07412739472818,43.63527971241822,1707643683
run,-69.8596649169921,-55.662353515625,74.26517013839724,50.743512020093746,1707660350
run,-68.7709350585937,-56.2687911987304,73.1016002511153,52.978324682842825,1707677017
run,-67.872688293457,-56.9813575744628,67.66452480673787,51.40243507226742,1707693684
run,-67.1737289428711,-57.8556022644043,57.362259926020634,47.277468063510184,1707710351
run,-66.5859832763671,-58.656639099121,42.00483396350384,41.881949846103815,1707727018
run,-66.2010345458984,-59.3419532775878,21.834857077805513,36.43145589255464,1707743685
run,-66.0715179443359,-60.4348793029785,-2.4705959953339547,32.09187894929092,1707760352
run,-66.3947219848632,-61.9626770019531,-29.82214501706682,30.018575714950853,1707777019
run,-67.4332809448242,-63.2426605224609,-58.77773420199413,31.32665193050392,1707793686
run,-69.3091659545898,-63.6598854064941,-87.65703573091282,36.922212373800534,1707810353
run,-71.9399871826171,-63.9767036437988,-114.70772795525406,47.20880117667868,1707827020
run,-74.7902069091796,-64.7815475463867,-138.29287433150688,61.78925111771428,1707843687
run,-77.6235656738281,-66.347785949707,-157.06054599390563,79.3337681692126,1707860354
run,-80.3911895751953,-68.4649505615234,-170.07630134343364,97.73168339193532,1707877021
run,-82.6519088745117,-70.8905715942382,-176.92271308170882,114.516641480259,1707893688
run,-84.0149612426757,-73.4784774780273,-177.76947562396492,127.43160117936547,1707910355
run,-83.8924789428711,-76.0490264892578,-173.3930397510096,134.94323686765165,1707927022
run,-82.4582214355468,-78.3502807617187,-165.103998726935,136.54208342088575,1707943689
run,-80.5071563720703,-80.4739990234375,-154.54919961919686,132.75473753737708,1707960356
run,-78.5045928955078,-82.4542083740234,-143.39664223331846,124.90351479585765,1707977023
run,-76.7646026611328,-84.3191452026367,-132.9671307293885,114.72650594455872,1707993690
run,-75.1090621948242,-86.0000228881836,-123.92084638300138,103.98720315986338,1708010357
run,-73.2851181030273,-87.2723693847656,-116.11347716054117,94.16618295860351,1708027024
run,-71.2686538696289,-87.9643325805664,-108.69065657107556,86.27241080272975,1708043691
run,-69.2532882690429,-87.8934555053711,-100.40267593165915,80.77088689602971,1708060358
run,-67.4439239501953,-87.1879119873046,-90.03407155553056,77.60716849387804,1708077025
run,-65.9334716796875,-86.1946105957031,-76.80030609903403,76.30807490520606,1708093692
run,-64.7704772949218,-85.0261001586914,-60.58470601844421,76.13618915649354,1708110359
run,-64.1400527954101,-83.5841217041015,-41.9563506547002,76.26546655463908,1708127026
run,-64.2635498046875,-81.9456787109375,-21.991470580452205,75.93019817682051,1708143693
run,-64.7818756103515,-80.4589080810546,-1.987638090526602,74.49462608294323,1708160360
run,-65.0536499023437,-79.4549026489257,16.812997455213814,71.4140513562098,1708177027
run,-65.3322067260742,-78.8874053955078,33.403103635468895,66.11462654424555,1708193694
run,-66.1256942749023,-78.4171752929687,47.072782484901886,57.88190531162894,1708210361
run,-67.2553100585937,-77.7733764648437,57.39936753870988,45.86947317424583,1708227028
run,-68.3315353393554,-76.9309539794921,64.22537758954967,29.286640605004703,1708243695
run,-69.4510269165039,-76.184326171875,67.65990241961956,7.717270680953737,1708260362
run,-70.6617126464843,-75.9766311645507,68.10320705921289,-18.574889344729936,1708277029
run,-72.2362518310546,-76.6327438354492,66.26910867704915,-48.519394441650306,1708293696
run,-73.6111526489257,-78.1643905639648,63.164917631861236,-80.37981102139183,1708310363
run,-74.5755233764648,-80.2810897827148,59.98873517352085,-112.1191743834422,1708327030
run,-75.4902267456054,-81.9917755126953,57.930453175222596,-141.83559078544855,1708343697
run,-76.5467758178711,-82.2025833129882,57.911738928642784,-168.0857596420522,1708360364
run,-77.4113540649414,-81.5927734375,60.34438731300833,-189.9847881557756,1708377031
run,-78.0291671752929,-80.7777481079101,64.99908889218153,-207.09386112552286,1708393698
run,-78.8451843261718,-79.3439559936523,71.05004243828752,-219.20681474107005,1708410365
run,-79.9706039428711,-77.0526504516601,77.3009110131967,-226.1685110316349,1708427032
run,-80.7508468627929,-73.9968109130859,82.52277662734967,-227.8058297597543,1708443699
run,-81.0292892456054,-70.4943771362304,85.78188022003498,-223.97301927205208,1708460366
run,-80.7623519897461,-67.130630493164,86.64114310126682,-214.65466551489345,1708477033
run,-80.0627670288086,-63.9580078125,85.18505417709092,-200.05479239735084,1708493700
run,-79.1088104248046,-61.3900146484375,81.8993884277484,-180.62811984582302,1708510367
run,-77.9545288085937,-59.402099609375,77.48552771543346,-157.0580614185197,1708527034
run,-76.7298126220703,-57.7035408020019,72.68527778479954,-130.2231585808769,1708543701
run,-75.4951095581054,-56.1648864746093,68.15382344070349,-101.19358856812873,1708560368
run,-74.290771484375,-54.7269859313964,64.37832453699507,-71.26050322881123,1708577035
run,-73.1678237915039,-53.7221527099609,61.621017083112065,-41.94974321466745,1708593702
run,-72.1523208618164,-53.5527915954589,59.87289052131992,-14.94838497715332,1708610369
run,-71.1699905395507,-53.9067077636718,58.82527873128923,8.096749421769994,1708627036
run,-70.1592407226562,-54.8541641235351,57.88299807014054,25.877395557026045,1708643703
run,-69.1272277832031,-55.956932067871,56.2390849916469,37.71809383516433,1708660370
run,-68.0858612060546,-57.0059280395507,53.00690993937583,43.74262986915343,1708677037
run,-67.271240234375,-57.4937057495117,47.37570152670247,44.83090786952473,1708693704
run,-66.7982711791992,-58.0475807189941,38.74187755731133,42.374456682996325,1708710371
run,-66.535888671875,-58.6424751281738,26.78215771284861,37.93008877284071,1708727038
run,-66.2985153198242,-59.1407508850097,11.46550335740738,32.91230087741317,1708743705
run,-66.2205734252929,-59.5493392944335,-6.972969209143611,28.435348349229724,1708760372
run,-66.4308166503906,-60.7001495361328,-28.067166326840244,25.335827951276208,1708777039
run,-67.162124633789,-62.4155654907226,-51.14723284494831,24.312544248776774,1708793706
run,-68.5819015502929,-63.7660102844238,-75.35723116561297,26.050531734170033,1708810373
run,-70.8413467407226,-63.9734458923339,-99.66913308840736,31.194820826674125,1708827040
run,-73.7172546386718,-63.9553794860839,-122.89921325783756,40.13261567631667,1708843707
run,-76.5630798339843,-64.4040603637695,-143.73830751543665,52.68644349399998,1708860374
run,-79.4283370971679,-65.700439453125,-160.8245977721946,67.91171767846154,1708877041
run,-82.1084747314453,-67.6634826660156,-172.89852823485873,84.15658684734,1708893708
run,-84.0180740356445,-69.8749313354492,-179.05211193586715,99.40593673401882,1708910375
run,-84.1519241333007,-72.3915328979492,-179.01509036305285,111.78775722760771,1708927042
run,-82.637825012207,-74.8155670166015,-173.35305391419834,120.0472383271086,1708943709
run,-80.6515808105468,-76.8710556030273,-163.44693270667906,123.81596485282124,1708960376
run,-78.6405181884765,-78.7811813354492,-151.19893704425334,123.59819890110069,1708977043
run,-76.7774353027343,-80.613784790039,-138.5308010351973,120.51295737285054,1708993710
run,-75.150390625,-82.3885421752929,-126.84255797891859,115.91280635384352,1709010377
run,-73.5466156005859,-84.1103134155273,-116.63345027488374,111.0169066308399,1709027044
run,-71.7409286499023,-85.6894760131836,-107.43444793011652,106.65739848425744,1709043711
run,-69.7349777221679,-87.0918884277343,-98.08302717498925,103.1792663942866,1709060378
run,-67.7827377319336,-88.0650787353515,-87.23337553564984,100.4835419228073,1709077045
run,-66.0688171386718,-87.7211074829101,-73.9007803965257,98.17254567895304,1709093712
run,-64.8704452514648,-86.3756103515625,-57.83269002926045,95.74068111405096,1709110379
run,-64.3505020141601,-84.8107681274414,-39.582187979525955,92.74959770799092,1709127046
run,-64.5356979370117,-83.1249389648437,-20.290336751109805,88.93148291374594,1709143713
run,-65.0120010375976,-81.5431137084961,-1.3008448266383277,84.18229025247541,1709160380
run,-65.4483642578125,-80.3885726928711,16.21787310640452,78.44175254988336,1709177047
run,-65.8310775756836,-79.6581039428711,31.501065111473633,71.50705680358551,1709193714
run,-66.4977493286132,-79.0912399291992,44.21652039035502,62.875186140542944,1709210381
run,-67.5109329223632,-78.4308547973632,54.33952745032536,51.72289919844987,1709227048
run,-68.4964294433593,-77.5970993041992,61.97020726604709,37.08657413066074,1709243715
run,-69.4661102294921,-76.7670593261718,67.18741025244198,18.20561131473285,1709260382
run,-70.5731201171875,-76.2951965332031,70.0009459526449,-5.106959548318699,1709277049
run,-72.0185165405273,-76.4867095947265,70.42026333115123,-32.24257870823628,1709293716
run,-73.8563613891601,-77.5935363769531,68.60704365866957,-61.84708950601551,1709310383
run,-75.3532943725586,-79.5681762695312,65.03110080727629,-92.14124575252403,1709327050
run,-76.4489593505859,-81.8163375854492,60.53078103276233,-121.37783801686709,1709343717
run,-77.3815231323242,-83.0719680786132,56.21354809728476,-148.23246892007182,1709360384
run,-78.259407043457,-82.4058380126953,53.20809403275414,-171.96049419893663,1709377051
run,-78.9517593383789,-81.2164459228515,52.35456774856448,-192.27569032654395,1709393718
run,-79.4495468139648,-80.1076965332031,53.956009437328255,-209.04718837077533,1709410385
run,-80.0750885009765,-78.4091186523437,57.696591966468844,-221.98986101753718,1709427052
run,-81.0327072143554,-75.9106521606445,62.76568702096634,-230.5029310699937,1709443719
run,-81.6011581420898,-72.6981201171875,68.13619245042466,-233.7200770710172,1709460386
run,-81.6705322265625,-69.0703811645507,72.87729381102955,-230.7329791051273,1709477053
run,-81.2855987548828,-65.3518905639648,76.37782788474381,-220.88534958801745,1709493720
run,-80.6147308349609,-62.044864654541,78.41633910595027,-204.0211173782045,1709510387
run,-79.7282180786132,-59.4578094482421,79.09354602746875,-180.6050450997726,1709527054
run,-78.6410369873046,-57.5214004516601,78.69396162818066,-151.7000021433292,1709543721
run,-77.4570770263671,-55.9855995178222,77.54835700564769,-118.84867029350197,1709560388
run,-76.2686080932617,-54.5332565307617,75.94094869743127,-83.93039073918328,1709577055
run,-75.0847625732421,-53.3684616088867,74.06832420725506,-49.03295550633214,1709593722
run,-73.8876266479492,-52.6780662536621,72.0298051031115,-16.322507968193356,1709610389
run,-72.7072296142578,-52.9982604980468,69.82090183741317,12.137013313865411,1709627056
run,-71.6124877929687,-53.8835868835449,67.31337613693783,34.63863520260023,1709643723
run,-70.5624771118164,-55.2492141723632,64.22776199138173,50.11868335781237,1709660390
run,-69.4878387451171,-56.6532402038574,60.12086179849693,58.37419840422755,1709677057
run,-68.4900741577148,-57.529727935791,54.40989294198321,60.10834530306041,1709693724
run,-67.8265304565429,-58.2319107055664,46.439395591510376,56.763702732607975,1709710391
run,-67.4881973266601,-58.9118843078613,35.58091758785623,50.1975357632047,1709727058
run,-67.2278976440429,-59.4462509155273,21.348913491474267,42.32129377487396,1709743725
run,-66.9988021850586,-59.9571685791015,3.515765620128174,34.82973620781561,1709760392
run,-67.010498046875,-60.9134635925293,-17.793895950061657,29.08724433861048,1709777059
run,-67.4743270874023,-62.42866897583,-42.05322737539061,26.152296332333915,1709793726
run,-68.7021560668945,-63.9153404235839,-68.34550756449396,26.84477301516145,1709810393
run,-70.7969665527343,-64.4743576049804,-95.43545384709066,31.737321877401133,1709827060
run,-73.5932006835937,-64.5826187133789,-121.87055541584758,41.01176756248862,1709843727
run,-76.5841217041015,-65.0324783325195,-146.07818530379757,54.2409171121753,1709860394
run,-79.583137512207,-66.2729263305664,-166.45387469909767,70.2502156619844,1709877061
run,-82.4496078491211,-68.2272186279296,-181.4798703966982,87.20393399401759,1709893728
run,-84.6258239746093,-70.5332794189453,-189.92351021522987,102.94927159950794,1709910395
run,-84.94189453125,-73.0286865234375,-191.11501491216063,115.51566485172928,1709927062
run,-83.1274490356445,-75.4956970214843,-185.22182744538836,123.58649634390899,1709943729
run,-80.5527420043945,-77.6528015136718,-173.38322534079379,126.77078897887488,1709960396
run,-78.10498046875,-79.5286178588867,-157.58890428207744,125.58954437100606,1709977063
run,-76.067138671875,-81.2789077758789,-140.27645388779126,121.2095998655687,1709993730
run,-74.5718307495117,-83.0197525024414,-123.74356014471348,115.04975417290947,1710010397
run,-73.3661041259765,-84.7043914794921,-109.56494722777951,108.40865512708663,1710027064
run,-71.9680938720703,-86.1760787963867,-98.22443574202572,102.22127914920985,1710043731
run,-70.2642669677734,-87.2315521240234,-89.1009658948245,96.97639293945842,1710060398
run,-68.4826507568359,-87.5195083618164,-80.80929306658881,92.76354935777849,1710077065
run,-66.8349151611328,-86.9005432128906,-71.7556778864385,89.38830783524432,1710093732
run,-65.4767150878906,-85.8222351074218,-60.694960609707664,86.49777132856319,1710110399
run,-64.5632400512695,-84.574478149414,-47.097558116395064,83.68003981879538,1710127066
run,-64.3168182373046,-83.1955947875976,-31.231285564907406,80.52337332537033,1710143733
run,-64.818618774414,-81.7652740478515,-13.983400932874419,76.63361353970153,1710160400
run,-65.3075332641601,-80.5227127075195,3.458351289286113,71.61393524577626,1710177067
run,-65.5079269409179,-79.675666809082,19.918491924219783,65.01999240935196,1710193734
run,-65.9521942138671,-79.0656051635742,34.438009654273806,56.32144534370143,1710210401
run,-66.8390808105468,-78.4770965576171,46.35076051592715,44.915707040397194,1710227068
run,-67.8094177246093,-77.8785934448242,55.276599186769666,30.228847172553188,1710243735
run,-68.7448577880859,-77.3585433959961,61.09015864105372,11.893407203012112,1710260402
run,-69.7136764526367,-77.1095962524414,63.904601606870266,-10.064437305297062,1710277069
run,-70.9518585205078,-77.4057006835937,64.08263339962261,-35.12507646696564,1710293736
run,-72.5091934204101,-78.5130920410156,62.260065744517036,-62.332568555113355,1710310403
run,-73.709976196289,-80.4027023315429,59.34160181225548,-90.50072798829852,1710327070
run,-74.6758651733398,-82.410774230957,56.41993083775992,-118.47349575377663,1710343737
run,-75.6228332519531,-82.9680404663086,54.59492069737238,-145.30452222934477,1710360404
run,-76.4874649047851,-81.6972122192382,54.7222528067395,-170.26229733025085,1710377071
run,-77.1133728027343,-80.2447433471679,57.170264131211454,-192.67348661756836,1710393738
run,-77.5294647216796,-79.0262451171875,61.682728936295256,-211.72103824943784,1710410405
run,-78.2657394409179,-77.3855361938476,67.42160148644997,-226.3441955482383,1710427072
run,-79.2014389038086,-74.8554306030273,73.19910051613189,-235.3267674866652,1710443739
run,-79.8044509887695,-71.5917587280273,77.82581566984216,-237.55342333352885,1710460406
run,-80.050552368164,-67.8899765014648,80.44589779910078,-232.32692671254281,1710477073
run,-79.8676452636718,-64.4117202758789,80.7391379964291,-219.61105815403323,1710493740
run,-79.3249740600586,-61.6452865600585,78.936697166102,-200.09861527519894,1710510407
run,-78.5173950195312,-59.3990287780761,75.67782695512919,-175.08332097757017,1710527074
run,-77.4929962158203,-57.667682647705,71.78515222922444,-146.20276312448775,1710543741
run,-76.3910903930664,-56.2952728271484,68.04124180552466,-115.17058734751942,1710560408
run,-75.3080520629882,-55.1264457702636,65.02222422112708,-83.60176572732153,1710577075
run,-74.2460327148437,-54.0465393066406,63.008218954030106,-52.96634881178711,1710593742
run,-73.2039718627929,-53.2301025390625,61.96345474901701,-24.626221087627496,1710610409
run,-72.2016983032226,-53.1013069152832,61.568032368981086,0.1386569353487197,1710627076
run,-71.2696990966796,-53.6646308898925,61.284856856446915,20.195805712397675,1710643743
run,-70.3810119628906,-54.7641448974609,60.450031836397855,34.731737042047726,1710660410
run,-69.4659423828125,-55.9972419738769,58.3747428782916,43.461300350143766,1710677077
run,-68.5705337524414,-57.0538444519043,54.44072262197033,46.76191053851979,1710693744
run,-67.8021697998046,-57.5279655456543,48.16793449273554,45.643899748780456,1710710411
run,-67.2961196899414,-58.0944137573242,39.24147409051195,41.549563911266276,1710727078
run,-66.9953308105468,-58.6855583190918,27.504371643394077,36.06111464032924,1710743745
run,-66.7906265258789,-59.1497611999511,12.940997920113254,30.636820651041266,1710760412
run,-66.7555847167968,-59.6233520507812,-4.322803090390048,26.467074511243123,1710777079
run,-66.9395370483398,-60.7105598449707,-23.99454284494007,24.471495081814425,1710793746
run,-67.6148452758789,-62.2498741149902,-45.58019752359149,25.380434736696074,1710810413
run,-69.0098114013671,-63.3626136779785,-68.3655017533284,29.792882583751208,1710827080
run,-71.2731323242187,-63.6886596679687,-91.42857619919992,38.11262589541521,1710843747
run,-74.1216659545898,-64.0300140380859,-113.67842416681363,50.349401451404404,1710860414
run,-76.9632949829101,-64.9013137817382,-133.9075044518835,65.88654445136976,1710877081
run,-79.8203430175781,-66.4917526245117,-150.8667295269021,83.37586831231154,1710893748
run,-82.5636520385742,-68.5397644042968,-163.39623950563924,100.8752166756148,1710910415
run,-84.7751998901367,-70.9203491210937,-170.6341740326962,116.22592774217148,1710927082
run,-85.3091964721679,-73.5892715454101,-172.2655787293894,127.55141732151964,1710943749
run,-83.7783660888671,-76.1556701660156,-168.70512391365162,133.70194679173645,1710960416
run,-81.6969833374023,-78.4250717163086,-161.09179833365056,134.49246139744508,1710977083
run,-79.6524047851562,-80.4493103027343,-151.038057191738,130.66510225230687,1710993750
run,-77.7404403686523,-82.3659362792968,-140.18964819805674,123.61484368599965,1711010417
run,-75.9392471313476,-84.2383651733398,-129.751005664813,114.99446645106477,1711027084
run,-74.1354064941406,-86.0262069702148,-120.16017254559632,106.33188361877865,1711043751
run,-72.2905731201171,-87.6173934936523,-111.04243787067938,98.75569877229233,1711060418
run,-70.3522567749023,-88.9864425659179,-101.46016814294784,92.86750692544959,1711077085
run,-68.4634628295898,-88.9056854248046,-90.35765337299271,88.75256833450864,1711093752
run,-66.8211975097656,-87.5424194335937,-77.02477070511641,86.09410914838732,1711110419
run,-65.6203842163086,-86.0988159179687,-61.40234767155045,84.34484496809007,1711127086
run,-64.9685974121093,-84.6137390136718,-44.12306517895622,82.90475028932983,1711143753
run,-64.9660034179687,-83.015396118164,-26.292450946255727,81.25441745064082,1711160420
run,-65.5045776367187,-81.4372329711914,-9.118465889685034,79.00180825415457,1711177087
run,-65.8617782592773,-80.1553573608398,6.447960011700305,75.82359981723633,1711193754
run,-65.9971923828125,-79.3217849731445,19.919833777423555,71.32491055781205,1711210421
run,-66.4572448730468,-78.7524108886718,31.271464494424112,64.89250349946762,1711227088
run,-67.3106079101562,-78.1164016723632,40.76884987689351,55.64607704914203,1711243755
run,-68.0983734130859,-77.3011703491211,48.73509846699427,42.56674567922096,1711260422
run,-68.8096237182617,-76.4313507080078,55.35550837951752,24.7974192981232,1711277089
run,-69.7107849121093,-75.8194808959961,60.595244325461415,2.006906509381826,1711293756
run,-70.9436416625976,-75.7977142333984,64.25852323479809,-25.349207676160606,1711310423
run,-72.6500473022461,-76.7259750366211,66.16482391479686,-56.01001291223398,1711327090
run,-74.1547470092773,-78.5352325439453,66.36202586185884,-88.1643051042048,1711343757
run,-75.4838638305664,-80.8203964233398,65.26642937613435,-119.87673636676793,1711360424
run,-76.6574935913086,-82.3388595581054,63.64244413551625,-149.49665113585516,1711377091
run,-77.6460800170898,-81.8818969726562,62.406144998393245,-175.87518689098377,1711393758
run,-78.4210586547851,-80.8250427246093,62.32132104623753,-198.326226157457,1711410425
run,-78.9648513793945,-79.9347991943359,63.71311748125638,-216.40731312484206,1711427092
run,-79.5232543945312,-78.5074996948242,66.32654841627792,-229.68033526684198,1711443759
run,-80.3425216674804,-76.1177520751953,69.39990048664096,-237.59359654512863,1711460426
run,-80.8329544067382,-72.9708099365234,71.92850557965845,-239.53580921185585,1711477093
run,-80.8852310180664,-69.3766937255859,73.01036742550184,-235.01676427744735,1711493760
run,-80.5332565307617,-65.6725006103515,72.13815264196609,-223.87725594330269,1711510427
run,-79.8682022094726,-62.4103698730468,69.34126833300941,-206.43074586522954,1711527094
run,-78.9867782592773,-59.9455871582031,65.15425170714512,-183.47988920813978,1711543761
run,-77.9514846801757,-57.9209594726562,60.4501624340755,-156.21396748655349,1711560428
run,-76.9091491699218,-56.3683204650878,56.20734130844791,-126.04871819526461,1711577095
run,-75.9500961303711,-55.0264320373535,53.276751015546076,-94.48563501360282,1711593762
run,-75.027603149414,-53.8219566345214,52.1982101576719,-63.03403730390621,1711610429
run,-74.0685424804687,-52.9345664978027,53.08959451422347,-33.18051402570279,1711627096
run,-73.0758056640625,-52.7796249389648,55.61246368182764,-6.348091592973444,1711643763
run,-72.0861663818359,-53.2085189819335,59.00635494368693,16.207957502317683,1711660430
run,-71.1148910522461,-54.2238044738769,62.182520639669264,33.57012192813008,1711677097
run,-70.1382980346679,-55.5104522705078,63.86954181845854,45.33363917821041,1711693764
run,-69.1592025756836,-56.4696197509765,62.79912124828325,51.695186213799424,1711710431
run,-68.2842941284179,-57.072021484375,57.907716381731646,53.39343345641089,1711727098
run,-67.6012191772461,-57.8880043029785,48.51575371933681,51.51557522680294,1711743765
run,-67.0923309326171,-58.6575279235839,34.442780783991424,47.256977060236586,1711760432
run,-66.7318649291992,-59.257827758789,16.030396533080335,41.7427439795346,1711777099
run,-66.6314544677734,-59.9396018981933,-5.929337956290693,35.980972811624554,1711793766
run,-66.9427108764648,-61.2620239257812,-30.33541936669949,30.943088260473022,1711810433
run,-67.8849945068359,-63.0022392272949,-55.94657431929135,27.68806036487189,1711827100
run,-69.6274719238281,-64.2677536010742,-81.52841819700753,27.39770945890612,1711843767
run,-72.1433715820312,-64.4161682128906,-105.93751331181379,31.212127437377475,1711860434
run,-75.0887680053711,-64.3551406860351,-128.12417501470046,39.8656391761273,1711877101
run,-77.8849792480468,-64.7692489624023,-147.07832694201656,53.270676133627084,1711893768
run,-80.6834640502929,-66.1221466064453,-161.79033809009906,70.27395450174848,1711910435
run,-83.1840209960937,-68.0793685913086,-171.31451339311698,88.75170073448294,1711927102
run,-84.6776351928711,-70.323860168457,-174.9741754060832,106.05439414904676,1711943769
run,-84.2320480346679,-72.9671173095703,-172.6487076351699,119.65398967733024,1711960436
run,-82.4221649169921,-75.5705642700195,-164.99861791812364,127.76616435584883,1711977103
run,-80.3868713378906,-77.7826309204101,-153.47754935685325,129.7406350074463,1711993770
run,-78.5026321411132,-79.6886291503906,-140.0618073277826,126.11391390035037,1712010437
run,-76.7716674804687,-81.398811340332,-126.75483434122785,118.35146797427704,1712027104
run,-75.3337631225586,-83.047378540039,-115.03157179234995,108.40800012958469,1712043771
run,-73.9480819702148,-84.6063842773437,-105.4272251819378,98.26368074232732,1712060438
run,-72.4181900024414,-85.9568328857421,-97.43102562698397,89.55501080107138,1712077105
run,-70.6065063476562,-87.1217956542968,-89.73459678325838,83.35188298236413,1712093772
run,-68.8018493652343,-88.0618515014648,-80.74880116163969,80.07838198543995,1712110439
run,-67.1668548583984,-88.2351989746093,-69.19895964231613,79.54998192442719,1712127106
run,-65.9379959106445,-87.4099578857421,-54.58223109407205,81.09562099976064,1712143773
run,-65.2844848632812,-86.1144104003906,-37.33271483503797,83.7334386113926,1712160440
run,-65.3330383300781,-84.5244674682617,-18.65936841756125,86.36409209100835,1712177107
run,-66.0420608520507,-82.7467727661132,-0.14754725996414966,87.93733686936052,1712193774
run,-66.6639022827148,-81.1358337402343,16.704230296125743,87.54784140216972,1712210441
run,-67.0253982543945,-79.996109008789,30.83847269979876,84.43942979827584,1712227108
run,-67.5964126586914,-79.1505126953125,41.784301924939385,77.94436703919153,1712243775
run,-68.5065078735351,-78.3249740600586,49.59983071715296,67.4313706846922,1712260442
run,-69.5098419189453,-77.454345703125,54.69144995923185,52.34366667725391,1712277109
run,-70.3020935058593,-76.6223449707031,57.607610919708996,32.357542826267434,1712293776
run,-71.1260833740234,-76.0311660766601,58.88332578155808,7.607184463229813,1712310443
run,-72.2466964721679,-75.9392471313476,58.977604940200045,-21.143002904348602,1712327110
run,-73.8288803100586,-76.6864700317382,58.30476105057853,-52.4971080050514,1712343777
run,-75.205207824707,-78.3444366455078,57.31343170412986,-84.6438265481555,1712360444
run,-76.319953918457,-80.5403442382812,56.536100716919876,-115.72714024250811,1712377111
run,-77.3184127807617,-82.2702865600586,56.54477265615494,-144.22247200775922,1712393778
run,-78.2626876831054,-82.1749877929687,57.80491903100135,-169.1591491866133,1712410445
run,-79.0656433105468,-81.0531921386718,60.4861352367171,-190.10779707365728,1712427112
run,-79.7167892456054,-79.9897918701171,64.32567809122196,-206.97279679966678,1712443779
run,-80.4786071777343,-78.6435165405273,68.63035603793067,-219.72064148021954,1712460446
run,-81.4872894287109,-76.5061340332031,72.44483218177729,-228.18352151281303,1712477113
run,-82.0914535522461,-73.5933532714843,74.83422305598019,-232.01217087778463,1712493780
run,-82.0904846191406,-70.1446151733398,75.16966233947599,-230.76559643814238,1712510447
run,-81.5644607543945,-66.6208419799804,73.30547953921119,-224.06730835143205,1712527114
run,-80.6871948242187,-63.2995567321777,69.59465223773708,-211.7466935874448,1712543781
run,-79.6102066040039,-60.5092048645019,64.76397334730083,-193.91398865746334,1712560448
run,-78.4719314575195,-58.195945739746,59.71723555862891,-170.96817814843524,1712577115
run,-77.3995742797851,-56.3977928161621,55.33784144544375,-143.58004919315374,1712593782
run,-76.4157333374023,-54.6872596740722,52.335136141536125,-112.70018273539189,1712610449
run,-75.4593124389648,-53.0582084655761,51.14551857529213,-79.60613308886899,1712627116
run,-74.4944686889648,-51.9422035217285,51.87840086804401,-45.94574070738153,1712643783
run,-73.5658569335937,-51.5237731933593,54.29450630623728,-13.696074893397114,1712660450
run,-72.6459503173828,-52.011474609375,57.814165501113884,15.025077834205627,1712677117
run,-71.6554641723632,-53.0529327392578,61.56361418688551,38.28732949245757,1712693784
run,-70.5765075683593,-54.5220298767089,64.46663387501829,54.72420881552278,1712710451
run,-69.4297943115234,-55.9533920288085,65.37556823076733,63.82290673243151,1712727118
run,-68.3473434448242,-56.7574882507324,63.21924110643443,66.01648850645756,1712743785
run,-67.4983673095703,-57.6292762756347,57.13824373677082,62.5507468050482,1712760452
run,-66.9379959106445,-58.5435600280761,46.585583879499936,55.19355749173102,1712777119
run,-66.5475463867187,-59.2591171264648,31.38682809464337,45.907772636744184,1712793786
run,-66.3111495971679,-59.846622467041,11.76698617486916,36.5949745230521,1712810453
run,-66.2905807495117,-60.8002548217773,-11.647147134716558,28.956282957591927,1712827120
run,-66.7142715454101,-62.2416076660156,-37.84993808451282,24.44363766941814,1712843787
run,-67.8705444335937,-63.373550415039,-65.5155814437403,24.22147211741919,1712860454
run,-69.919319152832,-63.6198196411132,-93.09995568299921,29.05561137303995,1712877121
run,-72.6957244873046,-63.6688919067382,-118.97601883883364,39.112320779232796,1712893788
run,-75.5692367553711,-64.2279968261718,-141.57813601267344,53.75345129649802,1712910455
run,-78.4089813232421,-65.6006393432617,-159.53723834619151,71.47344763343015,1712927122
run,-81.1420211791992,-67.5342712402343,-171.81241209341266,90.08385149588293,1712943789
run,-83.2543029785156,-69.7264175415039,-177.83432964748027,107.1352741097917,1712960456
run,-84.1136398315429,-72.232421875,-177.64889295401213,120.45321222457753,1712977123
run,-83.3403549194336,-74.7097625732421,-172.00307876988484,128.6131182037875,1712993790
run,-81.6421966552734,-76.9242095947265,-162.29336696206065,131.20522892150657,1713010457
run,-79.7572555541992,-78.9225540161132,-150.32862185262977,128.82140855423225,1713027124
run,-77.9428787231445,-80.7399139404296,-137.9337533477348,122.79775282079159,1713043791
run,-76.3511352539062,-82.4714202880859,-126.50042856849343,114.82324809326227,1713060458
run,-74.8113327026367,-84.1033554077148,-116.63605143788098,106.5450420406612,1713077125
run,-73.0883255004882,-85.5222396850586,-108.0466103171776,99.26708783750487,1713093792
run,-71.1314392089843,-86.6909790039062,-99.71141261858229,93.78197488187261,1713110459
run,-69.2146987915039,-87.5062866210937,-90.29605207661156,90.32956316026785,1713127126
run,-67.55224609375,-87.5135192871093,-78.6550172667712,88.65548366801919,1713143793
run,-66.2357025146484,-86.6947708129882,-64.24397055845084,88.14073295739611,1713160460
run,-65.3175277709961,-85.4390716552734,-47.30582926952677,87.97466855781033,1713177127
run,-64.9409408569336,-83.8790435791015,-28.78733385637228,87.33748813169125,1713193794
run,-65.309814453125,-82.1623306274414,-10.042052079367458,85.54680261586185,1713210461
run,-66.015396118164,-80.5634994506836,7.552786174278492,82.11962751100022,1713227128
run,-66.3705902099609,-79.4260330200195,22.919046630885788,76.7229628776272,1713243795
run,-66.6878204345703,-78.7983093261718,35.437549843294356,69.03784022230451,1713260462
run,-67.431167602539,-78.3294143676757,44.93001685700614,58.62120404652295,1713277129
run,-68.3616943359375,-77.6991729736328,51.527196158077714,44.8738989192396,1713293796
run,-69.2931594848632,-76.9053649902343,55.51450575092231,27.178939281273752,1713310463
run,-70.1295852661132,-76.2843017578125,57.22463763713818,5.175518250640753,1713327130
run,-71.0302734375,-76.1722640991211,57.00812486577282,-20.959608393253955,1713343797
run,-72.4116668701171,-76.8125228881836,55.277439344427975,-50.37639058236796,1713360464
run,-73.7809829711914,-78.2538757324218,52.586996937419734,-81.64887089877624,1713377131
run,-74.7856903076171,-80.2181320190429,49.685599025629315,-113.07379166274713,1713393798
run,-75.6307144165039,-81.5677642822265,47.47916562960667,-143.03443361330724,1713410465
run,-76.5023422241211,-81.2967681884765,46.880320534394265,-170.26522118787273,1713427132
run,-77.2516326904296,-80.4631652832031,48.579516249370414,-193.9158485633262,1713443799
run,-77.9242095947265,-79.7129287719726,52.81867416227924,-213.4278822136132,1713460466
run,-78.543342590332,-78.4614334106445,59.26120789670329,-228.3298077997447,1713477133
run,-79.4226455688476,-76.2813949584961,67.02445593544795,-238.07774623674672,1713493800
run,-80.1974105834961,-73.3009719848632,74.8786694348608,-242.02362799861177,1713510467
run,-80.6836013793945,-69.7287979125976,81.54738193243307,-239.5221444538061,1713527134
run,-80.8311080932617,-66.0037536621093,86.00510986449065,-230.12776740917803,1713543801
run,-80.5480728149414,-62.5676002502441,87.68049567233581,-213.798995693258,1713560468
run,-79.838134765625,-59.7498817443847,86.52266419071852,-191.02774568142365,1713577135
run,-78.7580184936523,-57.5810623168945,82.94286853524729,-162.85031257138024,1713593802
run,-77.4889144897461,-56.0173530578613,77.67660531978142,-130.75423204143067,1713610469
run,-76.2494583129882,-54.5945739746093,71.61659459467693,-96.53640127082818,1713627136
run,-75.1433715820312,-53.3426933288574,65.6529701034528,-62.16497982248311,1713643803
run,-74.1524810791015,-52.5152969360351,60.53783403918064,-29.65672784427272,1713660470
run,-73.1568145751953,-52.4409446716308,56.777937738199874,-0.9392673720591085,1713677137
run,-72.1668472290039,-52.904987335205,54.55551043537496,22.337117183330655,1713693804
run,-71.2471466064453,-53.9005699157714,53.6810801074423,39.033789305926625,1713710471
run,-70.316162109375,-55.1645812988281,53.58799570569829,48.74424502066652,1713727138
run,-69.3395690917968,-56.3574867248535,53.379434851089876,51.90915082338045,1713743805
run,-68.450813293457,-56.9761734008789,51.93115898065818,49.752094105168744,1713760472
run,-67.7926406860351,-57.5805358886718,48.04101458741554,44.02837265752874,1713777139
run,-67.2848205566406,-58.2010345458984,40.60726175810537,36.66166083344104,1713793806
run,-66.7856674194336,-58.5931282043457,28.81432311643853,29.39430056016709,1713810473
run,-66.4524002075195,-58.9597778320312,12.300491715410795,23.567348553565708,1713827140
run,-66.3962860107421,-60.0361900329589,-8.725245183084569,20.08361599970917,1713843807
run,-66.7906723022461,-61.5520553588867,-33.452069079704735,19.51864358870826,1713860474
run,-67.9321823120117,-62.7390441894531,-60.541120633061496,22.26797086335669,1713877141
run,-69.9541244506836,-63.0625305175781,-88.29015323076557,28.601011710930607,1713893808
run,-72.7124328613281,-63.1760940551757,-114.8416771763203,38.560767067444836,1713910475
run,-75.7026290893554,-63.657054901123,-138.38018972855193,51.76928350579282,1713927142
run,-78.6388168334961,-64.8134307861328,-157.2951363023428,67.28343050737602,1713943809
run,-81.505256652832,-66.5453720092773,-170.3319405670123,83.63082843774505,1713960476
run,-83.7012557983398,-68.5364608764648,-176.76623272854883,99.0577967760813,1713977143
run,-84.3395385742187,-70.8883056640625,-176.5916085591219,111.9100408040675,1713993810
run,-83.1309280395507,-73.2171325683593,-170.64088651510377,121.00419121927247,1714010477
run,-81.2719268798828,-75.3418807983398,-160.5292874415997,125.85662614429181,1714027144
run,-79.4087371826171,-77.3683166503906,-148.35421798380867,126.70254352772992,1714043811
run,-77.6282806396484,-79.3271865844726,-136.19248959742492,124.32659065112011,1714060478
run,-76.0261154174804,-81.2044448852539,-125.54341146350471,119.79215725213044,1714077145
run,-74.4176864624023,-83.0747680664062,-116.91640641389131,114.17252214460459,1714093812
run,-72.5920333862304,-84.8829345703125,-109.72647146707907,108.35824231154913,1714110479
run,-70.5746841430664,-86.6429290771484,-102.55156066159758,102.96773457613736,1714127146
run,-68.5862045288086,-88.2687835693359,-93.6680061810585,98.34775176646599,1714143813
run,-66.8347244262695,-88.8094177246093,-81.67440088261175,94.62942046095057,1714160480
run,-65.4341049194336,-87.6077194213867,-65.98737470962527,91.80179075102146,1714177147
run,-64.5251235961914,-86.1129989624023,-47.0504544691901,89.77061773447372,1714193814
run,-64.3136749267578,-84.5382614135742,-26.207525804017095,88.37930103086089,1714210481
run,-64.7483444213867,-82.9031982421875,-5.309535271059202,87.37999495331557,1714227148
run,-65.4659805297851,-81.4342727661132,13.792735032268734,86.35833751894405,1714243815
run,-66.0481262207031,-80.2891082763671,29.693420080515132,84.63856777547024,1714260482
run,-66.6342544555664,-79.3307418823242,41.68256620408949,81.22367750116422,1714277149
run,-67.5603637695312,-78.340103149414,49.76236000810737,74.84033330586058,1714293816
run,-68.5351409912109,-77.2313003540039,54.47541904002998,64.13702821066805,1714310483
run,-69.377571105957,-76.1057891845703,56.639967356492384,48.01960820525695,1714327150
run,-70.1380081176757,-75.173469543457,57.092134590804704,26.02688362979309,1714343817
run,-70.9898376464843,-74.7219848632812,56.51495943960688,-1.4026051783399365,1714360484
run,-72.2892150878906,-75.1133956909179,55.395043179910616,-32.905701093472544,1714377151
run,-73.8317260742187,-76.482192993164,54.092663291545065,-66.45723640763723,1714393818
run,-75.0450210571289,-78.5738906860351,52.95642023224861,-99.8419528299826,1714410485
run,-75.9668273925781,-80.7911987304687,52.39239594815552,-131.157552950732,1714427152
run,-76.9473800659179,-81.8011093139648,52.82978750824883,-159.15037269985058,1714443819
run,-77.8400573730468,-81.4340209960937,54.59159787514604,-183.26264150457098,1714460486
run,-78.6026077270507,-80.9814071655273,57.738490889136905,-203.40836138405916,1714477153
run,-79.3288269042968,-80.4202499389648,61.97460506831321,-219.6174358519636,1714493820
run,-80.3196411132812,-78.8808822631836,66.6778887151058,-231.72843510200252,1714510487
run,-81.3018646240234,-76.2665557861328,71.05655636447355,-239.25867729288373,1714527154
run,-81.7771301269531,-72.8116073608398,74.36866995002984,-241.48137104457436,1714543821
run,-81.7651214599609,-68.9331970214843,76.11287749793782,-237.65027684007538,1714560488
run,-81.3019866943359,-65.1680068969726,76.12288695718915,-227.2648526340446,1714577155
run,-80.5549774169921,-61.9765243530273,74.5549000355871,-210.2715009098975,1714593822
run,-79.6300659179687,-59.3520889282226,71.80495403701148,-187.14335773602787,1714610489
run,-78.5977325439453,-57.2484245300293,68.40625455574664,-158.84713096499323,1714627156
run,-77.5678939819336,-55.4127807617187,64.93875319363826,-126.75127199666971,1714643823
run,-76.5626068115234,-53.7584342956543,61.955424324525175,-92.5284947331578,1714660490
run,-75.5369491577148,-52.5498504638671,59.91172541313831,-58.065958861417116,1714677157
run,-74.4747924804687,-51.9610710144043,59.08507673629276,-25.35483050789093,1714693824
run,-73.3788146972656,-52.1453018188476,59.48663472541892,3.677471919302774,1714710491
run,-72.2861022949218,-52.8507423400878,60.78737532324525,27.396602699586687,1714727158
run,-71.182632446289,-53.9742393493652,62.291868772196196,44.70621597436044,1714743825
run,-70.0437622070312,-55.1501731872558,62.98755511365386,55.229107661876725,1714760492
run,-68.9520492553711,-56.0707092285156,61.675120508867316,59.35237820458437,1714777159
run,-68.0994415283203,-56.7516784667968,57.157087215887955,58.113620108690924,1714793826
run,-67.5407409667968,-57.4854393005371,48.44236207248699,52.97287404866155,1714810493
run,-67.1092147827148,-58.2426834106445,34.923999949810586,45.56214290180564,1714827160
run,-66.7752914428711,-58.8938865661621,16.501889447467686,37.500890441632855,1714843827
run,-66.6342544555664,-59.7358856201171,-6.362192583980046,30.31468039250587,1714860494
run,-66.8883514404296,-61.1722068786621,-32.66231901186428,25.424547756232283,1714877161
run,-67.8967590332031,-62.5420417785644,-60.94122138264381,24.122698576120776,1714893828
run,-69.8091964721679,-62.9828491210937,-89.45041364394754,27.447863416941455,1714910495
run,-72.5181884765625,-63.0280723571777,-116.34976044024975,35.93851645488729,1714927162
run,-75.5001144409179,-63.4207801818847,-139.90383354418276,49.34843563868723,1714943829
run,-78.4030075073242,-64.5103149414062,-158.64309327143275,66.48312502123107,1714960496
run,-81.2585296630859,-66.2571640014648,-171.49101942292558,85.29343087825109,1714977163
run,-83.6032180786132,-68.3954696655273,-177.88088036543525,103.25275604029069,1714993830
run,-84.7626571655273,-70.8199615478515,-177.86853773204544,117.91658025267667,1715010497
run,-84.1808166503906,-73.3854217529296,-172.20164784953477,127.48514967715104,1715027164
run,-82.4348831176757,-75.7162399291992,-162.27446444030167,131.1894848709698,1715043831
run,-80.44140625,-77.7831649780273,-149.9149472912764,129.38932809781244,1715060498
run,-78.5206069946289,-79.5929107666015,-137.0140870035378,123.37803624054959,1715077165
run,-76.8577880859375,-81.2935409545898,-125.08448076201145,114.9871828303538,1715093832
run,-75.3801040649414,-82.9365921020507,-114.88796283059659,106.13091130377354,1715110499
run,-73.7907104492187,-84.4424667358398,-106.27227184467108,98.41513496166819,1715127166
run,-71.9807434082031,-85.7808151245117,-98.29542112476477,92.8830311088681,1715143833
run,-70.1200637817382,-86.934585571289,-89.61153386794155,89.91322602259142,1715160500
run,-68.4523391723632,-87.668212890625,-78.98776310433576,89.25416932902132,1715177167
run,-67.0475769042968,-87.5074691772461,-65.76871097894218,90.16681778450457,1715193834
run,-66.0222854614257,-86.5373992919921,-50.12676943767959,91.64329042979254,1715210501
run,-65.568603515625,-85.0790481567382,-33.019696498766436,92.65922246018825,1715227168
run,-65.7160415649414,-83.21337890625,-15.883983004035699,92.40076295298023,1715243835
run,-66.44287109375,-81.2577133178711,-0.18661104724338573,90.39477634380903,1715260502
run,-66.9546585083007,-79.7767028808593,12.993691294959435,86.48357202434346,1715277169
run,-67.199104309082,-78.9173278808593,23.204915691081094,80.63981988553675,1715293836
run,-67.6609649658203,-78.2958297729492,30.61457431022548,72.70144658127481,1715310503
run,-68.231460571289,-77.6470947265625,35.79890577102074,62.171779866634395,1715327170
run,-68.8428878784179,-76.8837280273437,39.44350984630452,48.22254517241633,1715343837
run,-69.3123016357421,-76.0415802001953,42.0832956666213,29.944444601144472,1715360504
run,-69.8938598632812,-75.2887420654296,43.975986829125276,6.758352862162825,1715377171
run,-70.9162902832031,-75.0261764526367,45.14494931001497,-21.19653734699491,1715393838
run,-72.443130493164,-75.720947265625,45.55599450676536,-52.887403798487014,1715410505
run,-73.6429367065429,-77.4435577392578,45.32804926825274,-86.522328718312,1715427172
run,-74.3201446533203,-79.5505294799804,44.85498877905443,-119.94484875723882,1715443839
run,-75.1506729125976,-80.8520431518554,44.7601471861971,-151.11657945159791,1715460506
run,-75.7733383178711,-80.3923416137695,45.69537294492411,-178.48739491833402,1715477173
run,-76.3477783203125,-79.5793075561523,48.07868963852678,-201.1300421949519,1715493840
run,-76.9603042602539,-79.1044616699218,51.89602910412975,-218.64496142556223,1715510507
run,-77.7292327880859,-78.026741027832,56.66398973623538,-230.9401551901528,1715527174
run,-78.7539138793945,-75.8060150146484,61.577363290042825,-238.01225859811322,1715543841
run,-79.4835586547851,-72.8262939453125,65.7797987585365,-239.81189650345405,1715560508
run,-79.8342056274414,-69.4711608886718,68.64169582125,-236.21651785831398,1715577175
run,-79.825210571289,-65.9487228393554,69.93550267566361,-227.0913995143942,1715593842
run,-79.4994812011718,-62.6776695251464,69.85646644774334,-212.3995896239645,1715610509
run,-78.9541473388671,-59.9377708435058,68.90774627849655,-192.31865929100482,1715627176
run,-78.2273330688476,-57.7199974060058,67.71469173654499,-167.33316650175897,1715643843
run,-77.2879791259765,-55.9423294067382,66.83960407386218,-138.2900665467561,1715660510
run,-76.1908187866211,-54.3625297546386,66.64516608854927,-106.41643687673557,1715677177
run,-74.9845581054687,-53.0580749511718,67.22277595175771,-73.29533396740537,1715693844
run,-73.8026428222656,-52.1687278747558,68.37858068768205,-40.78209030445686,1715710511
run,-72.7475509643554,-52.028148651123,69.66134410271876,-10.83851454697625,1715727178
run,-71.7773666381836,-52.6102638244628,70.41922737020289,14.717263785404102,1715743845
run,-70.8129196166992,-53.7202529907226,69.87975953521827,34.5038038891815,1715760512
run,-69.7934265136718,-55.1600036621093,67.25102087446967,47.82674510793591,1715777179
run,-68.7157974243164,-56.3234786987304,61.83743917040095,54.78953062320069,1715793846
run,-67.7464447021484,-56.9980812072753,53.15231750768909,56.20904804984739,1715810513
run,-67.1495819091796,-57.7592086791992,41.00038069879425,53.36448296914143,1715827180
run,-66.8442687988281,-58.555793762207,25.507103576269785,47.687317621603725,1715843847
run,-66.641616821289,-59.2101593017578,7.088276036932298,40.52435369758274,1715860514
run,-66.6004104614257,-59.9252052307128,-13.626617168586282,33.05852118750948,1715877181
run,-66.8156661987304,-61.1778335571289,-35.891273574706936,26.38196066586392,1715893848
run,-67.649169921875,-62.8830108642578,-58.93173806862643,21.625676935909468,1715910515
run,-69.414924621582,-63.9836158752441,-82.00224975562924,20.00193146175087,1715927182
run,-72.0806732177734,-63.9426116943359,-104.38554381686212,22.648145232028106,1715943849
run,-75.2625503540039,-63.7601051330566,-125.32895520212516,30.281299738414862,1715960516
run,-78.3452453613281,-64.0710830688476,-143.94489057673576,42.81673700966805,1715977183
run,-81.3766174316406,-65.3049774169921,-159.15520509376418,59.169493557916596,1715993850
run,-84.073745727539,-67.0820007324218,-169.77832403947963,77.38461240315837,1716010517
run,-85.8223342895507,-69.1485443115234,-174.80196806001732,95.08271817287205,1716027184
run,-85.0042495727539,-71.7294006347656,-173.76730857446339,110.05979005321939,1716043851
run,-82.637825012207,-74.2449569702148,-167.08803591576236,120.81849192091003,1716060518
run,-80.2797164916992,-76.3680191040039,-156.11715163089679,126.84748722689197,1716077185
run,-78.2537536621093,-78.2606124877929,-142.87260847618975,128.57728107469305,1716093852
run,-76.4795379638671,-80.0766296386718,-129.488586474987,127.07244578628632,1716110519
run,-74.9778518676757,-81.9228439331054,-117.58977912627644,123.60877427710751,1716127186
run,-73.510269165039,-83.8133468627929,-107.82827915080202,119.29426386387567,1716143853
run,-71.8690338134765,-85.6809844970703,-99.76081290298487,114.83774354070484,1716160520
run,-70.0148696899414,-87.5069198608398,-92.10865228989641,110.49306985351467,1716177187
run,-68.1876373291015,-89.0274353027343,-83.29254841057028,106.14938388592297,1716193854
run,-66.577522277832,-88.2728576660156,-72.03414766595898,101.51106930764027,1716210521
run,-65.3673019409179,-86.6265258789062,-57.80400724334151,96.30475158852934,1716227188
run,-64.7822799682617,-84.935073852539,-40.9726410706065,90.45117410054547,1716243855
run,-64.8581390380859,-83.1723480224609,-22.645775965100153,84.14332164515692,1716260522
run,-65.4782409667968,-81.6127624511718,-4.284502820535028,77.78658182921514,1716277189
run,-65.9600753784179,-80.5516510009765,12.721475995334027,71.79387402579674,1716293856
run,-66.2722015380859,-79.9527511596679,27.368789369989962,66.29044204788661,1716310523
run,-66.940200805664,-79.4800415039062,39.16083225995852,60.84741621985783,1716327190
run,-67.8697433471679,-78.8475646972656,48.04680613069064,54.3878019200886,1716343857
run,-68.8055953979492,-77.9924926757812,54.25604984537662,45.35995119237991,1716360524
run,-69.6095352172851,-76.9999847412109,58.11843139548016,32.160822898393036,1716377191
run,-70.4716644287109,-76.1591491699218,59.9439976606679,13.668084349263168,1716393858
run,-71.6090621948242,-75.8128433227539,60.003089017382656,-10.327490660813964,1716410525
run,-73.2437667846679,-76.3345184326171,58.60246183244704,-38.970216959068544,1716427192
run,-74.5751571655273,-77.8327941894531,56.19982002348074,-70.5340266689029,1716443859
run,-75.6065521240234,-79.9707489013671,53.46709572490263,-102.87844895310883,1716460526
run,-76.5336761474609,-81.8619766235351,51.23122138349953,-133.96859321746095,1716477193
run,-77.3320922851562,-82.0610046386718,50.28593542796131,-162.24637508937744,1716493860
run,-78.0537796020507,-81.0854873657226,51.141715568655,-186.73173258775998,1716510527
run,-78.5724716186523,-80.181037902832,53.82388761472594,-206.87843365174353,1716527194
run,-79.2338256835937,-79.0559997558593,57.821392132844345,-222.32298820050494,1716543861
run,-80.2886428833007,-77.1150131225586,62.229714833098,-232.68567079025277,1716560528
run,-81.1680526733398,-74.3542022705078,66.04208700717363,-237.5159082294729,1716577195
run,-81.529800415039,-70.9328918457031,68.46954823019348,-236.37903595681087,1716593862
run,-81.4602661132812,-67.2300415039062,69.15979856052604,-229.01396037854173,1716610529
run,-81.0348358154296,-63.8397827148437,68.24298086706781,-215.47229292771974,1716627196
run,-80.3122329711914,-61.1293334960937,66.21733564496022,-196.17478089135946,1716643863
run,-79.3837051391601,-58.8163719177246,63.74744352203024,-171.87568896301835,1716660530
run,-78.3783950805664,-56.9872512817382,61.46013909384903,-143.58132929218,1716677197
run,-77.3871841430664,-55.4247703552246,59.79830972800991,-112.48893083734404,1716693864
run,-76.4113998413086,-53.9019393920898,58.954423018365986,-79.98120366286,1716710531
run,-75.4196853637695,-52.7878494262695,58.87385121613524,-47.65167511236746,1716727198
run,-74.4058685302734,-52.2417640686035,59.30193541480498,-17.28860729954724,1716743865
run,-73.3756256103515,-52.5080223083496,59.84744040783294,9.253989890108233,1716760532
run,-72.3417510986328,-53.3796424865722,60.04309422928439,30.315831255578683,1716777199
run,-71.2976379394531,-54.6856651306152,59.394831737388664,44.75977737007699,1716793866
run,-70.2826614379882,-55.954418182373,57.419412410020776,52.25344410519008,1716810533
run,-69.3037414550781,-56.9444274902343,53.67260759700546,53.382931831046484,1716827200
run,-68.5123748779296,-57.7075500488281,47.76944702450348,49.536337040020726,1716843867
run,-68.0226211547851,-58.2812805175781,39.39882805316207,42.58588122642572,1716860534
run,-67.7319183349609,-58.6434707641601,28.338971925346183,34.47745311812551,1716877201
run,-67.4706344604492,-58.8840179443359,14.483876872951083,26.86879556286726,1716893868
run,-67.2767562866211,-59.1981773376464,-2.1127244062929393,20.93242501275651,1716910535
run,-67.2861785888671,-60.1719856262207,-21.182867598729597,17.367610656827903,1716927202
run,-67.7485275268554,-61.6495552062988,-42.20217267400292,16.5696006275142,1716943869
run,-68.948257446289,-62.8198738098144,-64.38684624959622,18.822860515516226,1716960536
run,-71.0365524291992,-63.0757675170898,-86.7402791382489,24.372504246026242,1716977203
run,-73.773941040039,-63.0925636291503,-108.1322963691905,33.31252815636235,1716993870
run,-76.6116790771484,-63.5228652954101,-127.38151231768562,45.365312454493576,1717010537
run,-79.3352432250976,-64.6896514892578,-143.3313698540168,59.714777928470745,1717027204
run,-81.9512405395507,-66.3341674804687,-154.94702385575536,75.03071013464734,1717043871
run,-84.105354309082,-68.2524795532226,-161.46967425333403,89.71105846920378,1717060538
run,-85.070571899414,-70.4621200561523,-162.62207998095803,102.25369493600687,1717077205
run,-84.3859176635742,-72.7999038696289,-158.79082457416152,111.61064062934757,1717093872
run,-82.7137451171875,-74.9340438842773,-151.0744891610742,117.39091788933193,1717110539
run,-80.8130798339843,-76.8304748535156,-141.11733128267602,119.84769484887607,1717127206
run,-79.0047225952148,-78.6061019897461,-130.7335728302072,119.67880809702602,1717143873
run,-77.4205703735351,-80.4132308959961,-121.42467842205554,117.74278177728543,1717160540
run,-75.8791427612304,-82.3303604125976,-113.95437689802083,114.80911732904352,1717177207
run,-74.1438217163086,-84.2478637695312,-108.14262570362641,111.41980472886421,1717193874
run,-72.2005081176757,-86.0845336914062,-102.9658227473602,107.87190525304058,1717210541
run,-70.2388458251953,-87.8059921264648,-96.93461259030074,104.28033847463777,1717227208
run,-68.4289855957031,-88.8798828125,-88.6149400694484,100.66632124261679,1717243875
run,-66.8885955810546,-88.0228652954101,-77.11029184336005,97.03220395008921,1717260542
run,-65.6941299438476,-86.5351409912109,-62.348065752285876,93.40562172420934,1717277209
run,-64.8799438476562,-84.8990783691406,-45.09034719658705,89.8480036327625,1717293876
run,-64.7899856567382,-83.2150268554687,-26.685165556864128,86.4225102774396,1717310543
run,-65.3977813720703,-81.7712097167968,-8.659614073358627,83.115910310741,1717327210
run,-65.8047866821289,-80.6505279541015,7.693420254778884,79.72266471650236,1717343877
run,-65.9530639648437,-79.707763671875,21.59078205345042,75.72995352143803,1717360544
run,-66.4424057006836,-78.7608413696289,32.82189553488009,70.27037114920913,1717377211
run,-67.2909393310546,-77.76611328125,41.618697655129345,62.205908939247436,1717393878
run,-68.1465454101562,-76.7561569213867,48.41876505788274,50.36080675476748,1717410545
run,-68.8687591552734,-75.9110107421875,53.623690421470066,33.8507388637584,1717427212
run,-69.614501953125,-75.4156494140625,57.4386537097975,12.398825618081112,1717443879
run,-70.6568756103515,-75.3621749877929,59.84936138312497,-13.484090200001237,1717460546
run,-72.2273483276367,-75.9181442260742,60.74532985694913,-42.538234157956936,1717477213
run,-73.9002685546875,-77.3181915283203,60.13307614373739,-73.0183866433243,1717493880
run,-75.1951217651367,-79.4008636474609,58.327574224502406,-103.09914113994414,1717510547
run,-76.1986083984375,-81.5903396606445,56.00714740435613,-131.27433041667422,1717527214
run,-77.0384826660156,-82.4615173339843,54.079359373508716,-156.59619178050224,1717543881
run,-77.7367630004882,-81.5846405029296,53.400989511459365,-178.66624569380903,1717560548
run,-78.2880706787109,-80.5082702636718,54.47101007294294,-197.40558696006,1717577215
run,-78.7651977539062,-79.4882431030273,57.234716336621354,-212.73614158268353,1717593882
run,-79.5690841674804,-77.8300399780273,61.091777914101655,-224.33564754248164,1717610549
run,-80.424575805664,-75.2382354736328,65.10942230591075,-231.57393661837384,1717627216
run,-80.8520431518554,-72.0262908935546,68.34695149510077,-233.6387775126423,1717643883
run,-80.789321899414,-68.4906845092773,70.15125989166846,-229.77594457153654,1717660550
run,-80.3183898925781,-64.951187133789,70.31093497736893,-219.53513146707655,1717677217
run,-79.6113204956054,-61.9303169250488,69.03618298906123,-202.93221402173756,1717693884
run,-78.7554931640625,-59.6050796508789,66.81123594579682,-180.49175655991937,1717710551
run,-77.817268371582,-57.6701965332031,64.20457665742964,-153.19449438095614,1717727218
run,-76.9147262573242,-56.020450592041,61.71299921352563,-122.39019651370752,1717743885
run,-76.0167694091796,-54.5302619934082,59.6768018548855,-89.72461629319825,1717760552
run,-75.0403671264648,-53.3756523132324,58.26118098965507,-57.07948168916697,1717777219
run,-74.0064010620117,-52.7032165527343,57.472867194622495,-26.476160254299575,1717793886
run,-72.9786148071289,-52.859519958496,57.17928834081648,0.11299117139277476,1717810553
run,-71.987060546875,-53.56298828125,57.11547083282885,21.05581162110575,1717827220
run,-71.0409622192382,-54.7162818908691,56.88683607167605,35.39129453595323,1717843887
run,-70.0971298217773,-55.9414520263671,55.987302999362626,43.08122950082598,1717860554
run,-69.1597290039062,-56.8105926513671,53.84403682455494,45.06105782595824,1717877221
run,-68.3396072387695,-57.2915306091308,49.880623728604576,43.03108188333916,1717893888
run,-67.7602996826171,-57.8310432434082,43.577287930621196,39.032669518502615,1717910555
run,-67.4034042358398,-58.2837448120117,34.512716269835494,34.94750318107964,1717927222
run,-67.1347122192382,-58.6114044189453,22.39231303840391,32.09374574082105,1717943889
run,-66.8989791870117,-59.0187149047851,7.0830636211604165,31.057443789585164,1717960556
run,-66.743896484375,-60.0907287597656,-11.330789754244568,31.80816043986256,1717977223
run,-66.9524688720703,-61.8157196044921,-32.481906251419225,34.03289145262472,1717993890
run,-67.8913040161132,-63.5423583984375,-55.67675347540736,37.52007023999161,1718010557
run,-69.7635421752929,-64.4044036865234,-79.90557297172563,42.391198261361964,1718027224
run,-72.4517364501953,-64.7302093505859,-103.9078987449436,49.052522617482886,1718043891
run,-75.4297103881836,-65.1619110107421,-126.26977538961525,57.896582361860354,1718060558
run,-78.1963195800781,-66.1376876831054,-145.5333791010943,68.92690735652721,1718077225
run,-80.9301223754882,-67.7065277099609,-160.33203414211866,81.51634249180017,1718093892
run,-83.2912445068359,-69.5822448730468,-169.5818870254259,94.42753684051918,1718110559
run,-84.6135559082031,-71.7609405517578,-172.7275884075366,106.0875756183004,1718127226
run,-84.0431976318359,-74.1883544921875,-169.96750598161216,114.99667938432799,1718143893
run,-82.2683792114257,-76.4782180786132,-162.33519884947737,120.10845506401854,1718160560
run,-80.3433074951171,-78.4530563354492,-151.53907617978808,121.05163390877163,1718177227
run,-78.4878921508789,-80.2408294677734,-139.55833761092944,118.14573429320713,1718193894
run,-76.8808364868164,-81.9466094970703,-128.10956022600644,112.25024534590904,1718210561
run,-75.3131942749023,-83.6155548095703,-118.17263821583047,104.5344665134023,1718227228
run,-73.5439147949218,-85.1916046142578,-109.7578009317749,96.24859466857045,1718243895
run,-71.5964126586914,-86.5822448730468,-102.00656528857033,88.53826850836953,1718260562
run,-69.6275634765625,-87.8223724365234,-93.5870490516303,82.30996831305835,1718277229
run,-67.8415603637695,-88.7953720092773,-83.22916112868766,78.14261532744374,1718293896
run,-66.3841171264648,-88.529670715332,-70.1998280923936,76.24511488972571,1718310563
run,-65.3813934326171,-87.3337631225586,-54.5566557422951,76.46238029426516,1718327230
run,-64.8914718627929,-85.9385223388671,-37.114020605121894,78.3236073394069,1718343897
run,-64.9600067138671,-84.4266967773437,-19.1642387479171,81.11189718952106,1718360564
run,-65.4199447631836,-82.9171447753906,-2.078517186454856,83.92721325532723,1718377231
run,-65.8086853027343,-81.5374755859375,13.058154847533912,85.72465823308768,1718393898
run,-66.0593338012695,-80.3206176757812,25.65628560213961,85.3360688938691,1718410565
run,-66.6164016723632,-79.2255554199218,35.63196056874252,81.51185731276493,1718427232
run,-67.3901672363281,-78.1953353881836,43.25861036030483,73.03143737915852,1718443899
run,-68.2084274291992,-77.1592864990234,48.950185654404706,58.90862801551666,1718460566
run,-68.9541854858398,-76.1850967407226,53.06806449264807,38.66521756319062,1718477233
run,-69.779312133789,-75.5245208740234,55.8184955456779,12.585569836050073,1718493900
run,-70.9139022827148,-75.4852523803711,57.27072500135786,-18.166137414390786,1718510567
run,-72.485595703125,-76.2423095703125,57.48026790668357,-51.65903059809965,1718527234
run,-74.0695877075195,-77.8800354003906,56.65198556634004,-85.54992935445708,1718543901
run,-75.2045059204101,-80.1567001342773,55.24764165690281,-117.584084699677,1718560568
run,-76.0566864013671,-82.1955642700195,53.96039332571013,-146.06946678765513,1718577235
run,-76.8920745849609,-82.3543548583984,53.54417951599335,-170.146691318671,1718593902
run,-77.811279296875,-81.0272140502929,54.56289269632376,-189.7563785452292,1718610569
run,-78.5265426635742,-79.8489608764648,57.16907020357449,-205.33588607184836,1718627236
run,-79.2435913085937,-78.6767120361328,61.01502219479932,-217.3903864296787,1718643903
run,-80.2626571655273,-76.8056640625,65.34653446601169,-226.12064540552265,1718660570
run,-81.2097625732421,-74.2240142822265,69.25039531681004,-231.2427741252679,1718677237
run,-81.6592025756836,-70.9535980224609,71.95552104238881,-232.0430793680068,1718693904
run,-81.6429443359375,-67.1798248291015,73.06310321143044,-227.62154201299956,1718710571
run,-81.1804733276367,-63.6147575378418,72.62063582213027,-217.21760803632242,1718727238
run,-80.3904342651367,-60.5534934997558,71.03283557449689,-200.4955311440514,1718743905
run,-79.3916778564453,-58.0342864990234,68.87240501231179,-177.7008724503725,1718760572
run,-78.2556610107421,-56.2318878173828,66.68169748282595,-149.6704273949905,1718777239
run,-77.0989303588867,-54.6154556274414,64.83859503592802,-117.74309803272507,1718793906
run,-75.9953308105468,-53.04780960083,63.515166072342915,-83.63866287222052,1718810573
run,-74.9835815429687,-51.8923110961914,62.711815596383616,-49.339021682396556,1718827240
run,-74.035400390625,-51.4045867919921,62.32233457417155,-16.95566688177971,1718843907
run,-73.0611343383789,-51.6665534973144,62.18402719347039,11.455887505821972,1718860574
run,-72.0279541015625,-52.4703216552734,62.08709372475101,34.1481203904102,1718877241
run,-70.9501190185546,-53.723461151123,61.74485814669043,49.95841380244984,1718893908
run,-69.8284149169921,-55.0587196350097,60.74634424110271,58.525656200926484,1718910575
run,-68.7495574951171,-55.9912338256835,58.51873335465625,60.36013067426876,1718927242
run,-67.9168701171875,-56.710350036621,54.324310171076796,56.72827766103811,1718943909
run,-67.3658981323242,-57.394962310791,47.31230014435123,49.38911109439532,1718960576
run,-66.9029464721679,-58.0791206359863,36.63980145430928,40.27852948571921,1718977243
run,-66.4452209472656,-58.6250114440918,21.65904550068154,31.245990752148543,1718993910
run,-66.15576171875,-59.4821586608886,2.137022205882303,23.903460195107417,1719010577
run,-66.1809310913086,-60.8684463500976,-21.558915658649052,19.576817055536676,1719027244
run,-66.8579635620117,-62.0748443603515,-48.385719622224585,19.29080049588056,1719043911
run,-68.3823623657226,-62.6127471923828,-76.70751658119346,23.704490593237786,1719060578
run,-70.8184280395507,-62.8164978027343,-104.52601780668154,32.965400056005514,1719077245
run,-73.8110122680664,-63.348762512207,-129.78994712192443,46.5429596849745,1719093912
run,-76.7612838745117,-64.5520935058593,-150.6938894509686,63.166708880694685,1719110579
run,-79.7492065429687,-66.3896713256836,-165.90526556874764,80.97128473430186,1719127246
run,-82.3040542602539,-68.4909210205078,-174.7088129935647,97.84965979189914,1719143913
run,-84.0565719604492,-70.7825622558593,-177.08533102450903,111.90780331833287,1719160580
run,-84.2923049926757,-73.1377944946289,-173.72631466847443,121.86347680239489,1719177247
run,-83.0285873413086,-75.264533996582,-165.95417861271076,127.25761283599743,1719193914
run,-81.1792068481445,-77.255630493164,-155.51083387387135,128.42621184321342,1719210581
run,-79.2579574584961,-79.1825103759765,-144.21398062328183,126.2737811875268,1719227248
run,-77.4670028686523,-81.0668640136718,-133.54431333869948,121.95485383385933,1719243915
run,-75.8654098510742,-82.8954391479492,-124.28196532624416,116.58208685390072,1719260582
run,-74.1187133789062,-84.6414566040039,-116.32323395234621,111.0407915227297,1719277249
run,-72.1696090698242,-86.2400588989257,-108.7629457803774,105.92828301889934,1719293916
run,-70.1660842895507,-87.4784240722656,-100.2348635416798,101.58475698146994,1719310583
run,-68.3839111328125,-87.668716430664,-89.40177519158341,98.15967129163798,1719327250
run,-66.8522262573242,-86.6858367919921,-75.4280011562445,95.66416030680699,1719343917
run,-65.6784591674804,-85.3535003662109,-58.27746246146576,93.98355020444306,1719360584
run,-65.008316040039,-83.9003067016601,-38.74947184355547,92.85009999037273,1719377251
run,-65.0249252319336,-82.3570938110351,-18.25860827731995,91.79488016797511,1719393918
run,-65.6815719604492,-80.8661270141601,1.5490421891533037,90.10621802049543,1719410585
run,-66.2807540893554,-79.5738906860351,19.20099303099319,86.82378976281714,1719427252
run,-66.6365661621093,-78.5410766601562,33.68993753730444,80.79728757971607,1719443919
run,-67.3061141967773,-77.6068649291992,44.581534062836965,70.83438415474345,1719460586
run,-68.3007202148437,-76.5904464721679,51.9535945604072,55.94262396541254,1719477253
run,-69.2642288208007,-75.5918502807617,56.23824361340049,35.62592162608676,1719493920
run,-70.0955734252929,-74.9650802612304,58.04675772797419,10.142765603783898,1719510587
run,-70.9470520019531,-74.9444122314453,58.035942885972716,-19.393686981051868,1719527254
run,-72.1046295166015,-75.6784210205078,56.846228609639134,-51.16100188602379,1719543921
run,-73.5519943237304,-77.3536148071289,55.107123792090746,-83.01396372519524,1719560588
run,-74.7846908569336,-79.7474670410156,53.46800413121677,-112.99515998799954,1719577255
run,-75.680435180664,-81.884651184082,52.59261691211436,-139.77702234451993,1719593922
run,-76.6084823608398,-82.1949081420898,53.07544816374323,-162.85276400136277,1719610589
run,-77.5889434814453,-81.0210571289062,55.290063124171034,-182.3991087402276,1719627256
run,-78.3100967407226,-80.0249633789062,59.231236399774964,-198.8868580242643,1719643923
run,-78.936164855957,-79.0682373046875,64.43427406840455,-212.62983409026307,1719660590
run,-79.8430099487304,-77.4059829711914,70.03454979229642,-223.47292729611206,1719677257
run,-80.7160873413086,-74.8817825317382,74.97273995895738,-230.73173669111262,1719693924
run,-81.1490249633789,-71.6664657592773,78.28091893237398,-233.37480671306815,1719710591
run,-81.1416473388671,-67.9338760375976,79.34231521186408,-230.34911132424432,1719727258
run,-80.692512512207,-64.3004531860351,78.03160030652487,-220.9150989431719,1719743925
run,-79.9524002075195,-61.2702407836914,74.70205266874223,-204.87609000327808,1719760592
run,-79.0105056762695,-58.8634033203125,70.05080893287536,-182.64674383479561,1719777259
run,-77.9715270996093,-57.0363845825195,64.92894222911335,-155.1825345435264,1719793926
run,-76.95361328125,-55.3302879333496,60.16044493570119,-123.84611365554328,1719810593
run,-75.9840850830078,-53.7670288085937,56.40686148063328,-90.2846290567138,1719827260
run,-75.0395431518554,-52.5932312011718,54.083472785718236,-56.3405101627047,1719843927
run,-74.0928573608398,-52.0208168029785,53.314492415681244,-23.960276313175992,1719860594
run,-73.1246566772461,-52.215576171875,53.913472644907074,4.952267996737685,1719877261
run,-72.1418838500976,-53.035358428955,55.385425021503764,28.757472568680697,1719893928
run,-71.1640319824218,-54.2476272583007,56.95825012469248,46.333793012660095,1719910595
run,-70.1605377197265,-55.4918174743652,57.65368053555274,57.27680680609072,1719927262
run,-69.1407089233398,-56.5120048522949,56.39938714805115,61.95679932867765,1719943929
run,-68.3113327026367,-57.3373832702636,52.169437478343085,61.39919257902528,1719960596
run,-67.7884445190429,-58.1403617858886,44.129525331946724,57.0278030509824,1719977263
run,-67.4496383666992,-58.9141998291015,31.762891894569318,50.37024907871717,1719993930
run,-67.1838302612304,-59.5643577575683,14.960690820477929,42.834976456023696,1720010597
run,-67.0976028442382,-60.2929306030273,-5.931574570440817,35.62676355583591,1720027264
run,-67.3226242065429,-61.6898651123046,-30.117908511850775,29.793975825301267,1720043931
run,-68.219009399414,-63.3013000488281,-56.41251983567774,26.326489544573835,1720060598
run,-69.9795455932617,-64.2143478393554,-83.3558914060426,26.183259473838,1720077265
run,-72.5359115600586,-64.2815170288086,-109.36534540700983,30.159745010221723,1720093932
run,-75.5025634765625,-64.3860244750976,-132.8834557495673,38.61193779658554,1720110599
run,-78.4009933471679,-65.0152359008789,-152.49774544038985,51.17372119403863,1720127266
run,-81.2783737182617,-66.4376144409179,-167.04079841756916,66.64583939957002,1720143933
run,-83.7228088378906,-68.3109741210937,-175.70646335047422,83.16117440751746,1720160600
run,-84.8812103271484,-70.4728240966796,-178.19834568111048,98.59391727406016,1720177267
run,-84.1196365356445,-72.8945083618164,-174.86802128762912,111.06575979615366,1720193934
run,-82.2606658935546,-75.2366256713867,-166.75337001794514,119.3650860550843,1720210601
run,-80.1838836669921,-77.3087768554687,-155.43855863776142,123.14161193331566,1720227268
run,-78.1233673095703,-79.1862869262695,-142.72708669237386,122.84033150033342,1720243935
run,-76.2758636474609,-80.9914321899414,-130.20830017351574,119.44413272249086,1720260602
run,-74.6912384033203,-82.8380966186523,-118.85940719518322,114.15150896292164,1720277269
run,-73.0617218017578,-84.6144943237304,-108.83016458495462,108.10237795969485,1720293936
run,-71.2862930297851,-86.1779251098632,-99.49990139142685,102.20472547221605,1720310603
run,-69.415412902832,-87.4802093505859,-89.79435217405242,97.05529912697804,1720327270
run,-67.7057571411132,-88.2410888671875,-78.64469583049625,92.92264768300826,1720343937
run,-66.2550582885742,-87.8568954467773,-65.413404601902,89.77008431618775,1720360604
run,-65.2852249145507,-86.6977310180664,-50.12984634716388,87.3147920569948,1720377271
run,-64.9300918579101,-85.2119369506836,-33.462768096418685,85.1224317123817,1720393938
run,-65.2210311889648,-83.5321044921875,-16.466846043161986,82.71811610944619,1720410605
run,-65.7303695678711,-81.8924255371093,-0.22865055753163485,79.67043291016158,1720427272
run,-65.9864501953125,-80.6094589233398,14.434371470868932,75.60205059586899,1720443939
run,-66.2243118286132,-79.758560180664,27.11237805234835,70.11492668093113,1720460606
run,-66.9331588745117,-79.1945114135742,37.75939605272848,62.67811979161217,1720477273
run,-67.7856292724609,-78.6186904907226,46.52918626609581,52.571709331049284,1720493940
run,-68.5576171875,-77.8851776123046,53.58613764997031,38.970451162910386,1720510607
run,-69.3327407836914,-77.1159057617187,58.975443366706806,21.17841327322445,1720527274
run,-70.3879928588867,-76.6045303344726,62.60483945175933,-1.0704524313326418,1720543941
run,-71.8943099975586,-76.6741027832031,64.347295418867,-27.390069363998784,1720560608
run,-73.6277084350586,-77.6198654174804,64.22027364664679,-56.72238659299904,1720577275
run,-74.9300918579101,-79.4929962158203,62.55017835076264,-87.5489041953508,1720593942
run,-76.041877746582,-81.7386093139648,60.02406857194707,-118.242979873065,1720610609
run,-77.0123062133789,-83.0715408325195,57.57942391970331,-147.39724375339517,1720627276
run,-77.8727340698242,-82.2537460327148,56.16177792052282,-173.97786514811781,1720643943
run,-78.579963684082,-80.8059310913086,56.44524568528871,-197.26096878632316,1720660610
run,-79.1968078613281,-79.5035247802734,58.631653168824016,-216.63232841239233,1720677277
run,-80.052490234375,-77.7118911743164,62.41230949699351,-231.39866228515677,1720693944
run,-81.0404891967773,-75.0160140991211,67.10386651140922,-240.72992589106192,1720710611
run,-81.54638671875,-71.625617980957,71.88904969665887,-243.75961804554206,1720727278
run,-81.5715179443359,-67.9922332763671,76.0505894587119,-239.78292095218387,1720743945
run,-81.1580047607421,-64.3457870483398,79.10891845101267,-228.4575668930911,1720760612
run,-80.4319534301757,-61.035717010498,80.84105394760259,-209.93169288741007,1720777279
run,-79.4252624511718,-58.501895904541,81.22002424569739,-184.87172370276645,1720793946
run,-78.2138595581054,-56.5130729675293,80.3357035093809,-154.41330465055498,1720810613
run,-76.9181823730468,-54.8962211608886,78.33952397932231,-120.08531090478104,1720827280
run,-75.655776977539,-53.3437805175781,75.4212854417108,-83.74475785809248,1720843947
run,-74.4898223876953,-52.2130165100097,71.80055415856741,-47.51439608013863,1720860614
run,-73.3709106445312,-51.7995529174804,67.70920564561744,-13.669690328149741,1720877281
run,-72.2731246948242,-52.2729606628418,63.352700680875934,15.579194264528489,1720893948
run,-71.2076721191406,-53.3325691223144,58.85518525668395,38.40911613470324,1720910615
run,-70.1349411010742,-54.9013748168945,54.20615414484779,53.728557843809156,1720927282
run,-69.0586395263671,-56.398696899414,49.22641746947693,61.41475771624389,1720943949
run,-68.1741943359375,-57.2329406738281,43.55930058677419,62.33134773925881,1720960616
run,-67.6920013427734,-57.9281463623046,36.68200659202727,58.09971451523149,1720977283
run,-67.5417098999023,-58.6305770874023,27.936285540034987,50.70643429069378,1720993950
run,-67.3693771362304,-59.2505340576171,16.594341298383164,42.09887854711263,1721010617
run,-67.1035766601562,-59.8986358642578,1.9826958970946162,33.91191504112436,1721027284
run,-66.9518127441406,-60.929931640625,-16.3357323103986,27.39085002918201,1721043951
run,-67.2574920654296,-62.4557304382324,-38.36405312533977,23.47205803278181,1721060618
run,-68.3650283813476,-63.8577537536621,-63.530953573211576,22.9012197657698,1721077285
run,-70.4230880737304,-64.2767105102539,-90.66792694488431,26.25419138465749,1721093952
run,-73.2657241821289,-64.3350677490234,-118.11472495313548,33.79990933766302,1721110619
run,-76.3596038818359,-64.6707077026367,-143.91332152003355,45.2734097228174,1721127286
run,-79.4327697753906,-65.7261734008789,-166.03931085198178,59.720293445833974,1721143953
run,-82.4039535522461,-67.4803314208984,-182.64768170951749,75.55840240033217,1721160620
run,-84.6255645751953,-69.5692443847656,-192.3354331928247,90.88839372004306,1721177287
run,-84.9314422607421,-71.9068145751953,-194.40754265106938,103.95123706235135,1721193954
run,-83.0509338378906,-74.2324600219726,-189.08393081641717,113.5551186578932,1721210621
run,-80.4499435424804,-76.2860260009765,-177.55075700504486,119.30829299956422,1721227288
run,-77.9081115722656,-78.1665725708007,-161.77952105645716,121.5829866158159,1721243955
run,-75.7006301879882,-79.9714202880859,-144.11304613624006,121.25174975158066,1721260622
run,-74.0489959716796,-81.7501449584961,-126.71474850857992,119.32380768634248,1721277289
run,-72.7462463378906,-83.5498962402343,-111.05074837775342,116.62678738678234,1721293956
run,-71.3591384887695,-85.2852020263671,-97.58550160077618,113.63198378353327,1721310623
run,-69.7466506958007,-86.8392486572265,-85.80517960882675,110.44541560922279,1721327290
run,-68.1025161743164,-87.8227386474609,-74.55849635470436,106.92313759465137,1721343957
run,-66.5845718383789,-87.3817749023437,-62.57746030204672,102.83984791774155,1721360624
run,-65.3696365356445,-86.0483932495117,-48.97424583385163,98.04320185709588,1721377291
run,-64.7869796752929,-84.5265426635742,-33.53614365267394,92.5468115309314,1721393958
run,-64.9291458129882,-82.9395599365234,-16.740332675140433,86.53728774886233,1721410625
run,-65.5994567871093,-81.40234375,0.4670410784856496,80.28913044458538,1721427292
run,-66.1282272338867,-80.1738739013671,16.994882139692255,74.00084388875909,1721443959
run,-66.5005798339843,-79.3904724121093,31.887641399175806,67.5942921879899,1721460626
run,-67.2639389038086,-78.8790206909179,44.47410282874074,60.553626333467804,1721477293
run,-68.2725601196289,-78.2997589111328,54.38146297177646,51.89732246152719,1721493960
run,-69.259765625,-77.542236328125,61.46975346037128,40.34802923970809,1721510627
run,-70.2244186401367,-76.688117980957,65.75414133964809,24.68436617637175,1721527294
run,-71.3229675292968,-76.0351943969726,67.36584265192312,4.1611539180974235,1721543961
run,-72.7843322753906,-75.9409866333007,66.57229982118851,-21.1722558360176,1721560628
run,-74.4912490844726,-76.7233734130859,63.83771825377454,-50.39957883010391,1721577295
run,-75.6122131347656,-78.5058898925781,59.86808094335812,-81.94921836172652,1721593962
run,-76.5834655761718,-80.7298965454101,55.576979335174784,-113.99366825344477,1721610629
run,-77.5835571289062,-82.1853103637695,51.94399308348134,-144.8514752181721,1721627296
run,-78.3699645996093,-81.9244995117187,49.79621117326303,-173.21748063489187,1721643963
run,-79.0470809936523,-81.1499404907226,49.59072837360133,-198.1546775797615,1721660630
run,-79.5745544433593,-80.3294372558593,51.28980517662265,-218.91818342360008,1721677297
run,-80.2731628417968,-78.7115097045898,54.39418353567746,-234.76128855897795,1721693964
run,-81.2396926879882,-76.0240936279296,58.13633657009195,-244.8536005301497,1721710631
run,-81.7367553710937,-72.618049621582,61.75776131217152,-248.3534746332433,1721727298
run,-81.8829879760742,-68.8199386596679,64.74945043572264,-244.58869717652897,1721743965
run,-81.6681747436523,-65.0417022705078,66.95701308830512,-233.25615738530539,1721760632
run,-81.1762161254882,-61.6769104003906,68.52706807008161,-214.55773375367926,1721777299
run,-80.4451065063476,-58.9673271179199,69.7474209047331,-189.23009804958696,1721793966
run,-79.4642105102539,-56.9036407470703,70.86756733268935,-158.47984926418977,1721810633
run,-78.2944717407226,-55.3106079101562,71.97290764354968,-123.87609304956966,1721827300
run,-77.0146942138671,-53.819221496582,72.9471056394284,-87.25546130640973,1721843967
run,-75.6736373901367,-52.639362335205,73.51684554634419,-50.65531805081208,1721860634
run,-74.3497619628906,-51.9455680847168,73.34618336239048,-16.236516753042306,1721877301
run,-73.1104507446289,-52.1833038330078,72.13736869144205,13.868081915003396,1721893968
run,-71.9718551635742,-53.1667098999023,69.69929591694371,37.810923139298225,1721910635
run,-70.87353515625,-54.6560897827148,65.95938455993583,54.3491897050674,1721927302
run,-69.7649993896484,-56.1791687011718,60.91447230008514,63.113911978590366,1721943969
run,-68.7319793701171,-57.3338584899902,54.5365702322569,64.70453185931575,1721960636
run,-68.0026550292968,-58.0786094665527,46.66756325484941,60.5465286602965,1721977303
run,-67.6404037475586,-58.6216278076171,36.95035893943614,52.555272517242095,1721993970
run,-67.3705291748046,-59.1279563903808,24.844766619145606,42.73819669053679,1722010637
run,-67.1217727661132,-59.6126480102539,9.754098510967117,32.887582414354696,1722027304
run,-66.9832534790039,-60.4366149902343,-8.757322953593727,24.457280402958904,1722043971
run,-67.1084594726562,-61.9106254577636,-30.72596205608873,18.610628248436,1722060638
run,-67.8698043823242,-63.3927536010742,-55.62475147153974,16.32717753546059,1722077305
run,-69.4834747314453,-63.9224166870117,-82.34437379361907,18.41967210573488,1722093972
run,-72.0198364257812,-63.8729095458984,-109.32852349132514,25.376616934634207,1722110639
run,-75.0825805664062,-64.0057373046875,-134.80448548513772,37.08518419522887,1722127306
run,-78.129524230957,-64.798828125,-157.024479282377,52.60977550618968,1722143973
run,-81.2465362548828,-66.4677352905273,-174.46418400203154,70.20818374524893,1722160640
run,-83.9278182983398,-68.5307159423828,-185.97966083186535,87.65078999920188,1722177307
run,-85.4174728393554,-70.9014587402343,-190.94880719882295,102.74942262419991,1722193974
run,-84.5324478149414,-73.3185501098632,-189.39711546237544,113.89733480824664,1722210641
run,-82.1148223876953,-75.4525299072265,-182.0594242143502,120.41757023429138,1722227308
run,-79.4182052612304,-77.3604965209961,-170.30754450738354,122.6045771907667,1722243975
run,-76.9570159912109,-79.170295715332,-155.9035846318976,121.47579827632615,1722260642
run,-74.8793716430664,-80.9951019287109,-140.60983869805446,118.36121481987016,1722277309
run,-73.2411727905273,-82.8364562988281,-125.762663744147,114.49808553473387,1722293976
run,-71.7695770263671,-84.5649795532226,-111.95915822430231,110.75829147601834,1722310643
run,-70.1760025024414,-86.1497421264648,-98.98403616618828,107.5543612171859,1722327310
run,-68.4424667358398,-87.583137512207,-86.01922299769375,104.89712129503809,1722343977
run,-66.8608016967773,-88.072883605957,-72.06360437949533,102.54099875084074,1722360644
run,-65.563362121582,-87.0379943847656,-56.400771255552115,100.1503276814718,1722377311
run,-64.6953048706054,-85.4834747314453,-38.93436403333792,97.43466455490857,1722393978
run,-64.3870849609375,-83.8086929321289,-20.270632533980123,94.21890055991142,1722410645
run,-64.8535232543945,-82.1503448486328,-1.5349427692517725,90.43041826150777,1722427312
run,-65.9023895263671,-80.6639862060546,15.983575482536821,86.00425206012444,1722443979
run,-66.6054916381836,-79.5272521972656,31.20181672090774,80.73369962089025,1722460646
run,-67.2000198364257,-78.6979446411132,43.48033676303014,74.12629331148264,1722477313
run,-68.1469955444336,-77.9338607788086,52.66167135626271,65.34757123323031,1722493980
run,-69.1073379516601,-77.1144943237304,58.94169142160599,53.32364904783207,1722510647
run,-70.0798873901367,-76.2710418701171,62.66941101662177,37.01610389780711,1722527314
run,-70.985107421875,-75.5437774658203,64.17804147301493,15.796902532432636,1722543981
run,-71.9405822753906,-75.1627731323242,63.718665063251926,-10.219375342848682,1722560648
run,-73.4751510620117,-75.4767913818359,61.51658173652873,-40.039810491437876,1722577315
run,-75.0294952392578,-76.814094543457,57.909953090308626,-71.94143257500252,1722593982
run,-76.0055541992187,-79.0958251953125,53.48131042610214,-103.86894878767242,1722610649
run,-76.9442977905273,-81.4565200805664,49.085902255125106,-133.9263671554436,1722627316
run,-77.8742446899414,-82.4967727661132,45.72840660756425,-160.75574176412147,1722643983
run,-78.4128952026367,-81.6647338867187,44.31537413029636,-183.6533613329112,1722660650
run,-78.8708572387695,-80.5238418579101,45.374693504782,-202.41242496108757,1722677317
run,-79.229263305664,-79.4406127929687,48.859160524600966,-217.01775885409108,1722693984
run,-79.7446212768554,-77.7638626098632,54.12758487423598,-227.3694419534264,1722710651
run,-80.4930419921875,-75.1645278930664,60.12621797625473,-233.15897764281897,1722727318
run,-80.9037933349609,-71.9171829223632,65.70431890409104,-233.91696446269728,1722743985
run,-80.9548645019531,-68.3881454467773,69.94025627213945,-229.1680405735331,1722760652
run,-80.6937026977539,-65.0044326782226,72.36281628138234,-218.603531903763,1722777319
run,-80.17138671875,-61.9676361083984,73.01354050356527,-202.2062522367333,1722793986
run,-79.3788070678711,-59.40966796875,72.36333187468148,-180.30784516336766,1722810653
run,-78.3340606689453,-57.4073104858398,71.13335074341406,-153.59940997532513,1722827320
run,-77.1144332885742,-55.6971893310546,70.0745750612037,-123.13008214830244,1722843987
run,-75.8406982421875,-54.1159324645996,69.75262315575135,-90.30941697103178,1722860654
run,-74.5781173706054,-52.9826774597168,70.37981550979592,-56.89169388843067,1722877321
run,-73.3789138793945,-52.3694992065429,71.73262193886433,-24.892251133137925,1722893988
run,-72.225227355957,-52.5280838012695,73.17774442750931,3.606135529575819,1722910655
run,-71.0823822021484,-53.3027725219726,73.79999400455421,26.751433963520235,1722927322
run,-69.9473648071289,-54.6517219543457,72.59170879713768,43.257211008863166,1722943989
run,-68.7971801757812,-56.0461196899414,68.64530903215149,52.665195739657,1722960656
run,-67.6772232055664,-57.0542755126953,61.297208701256444,55.43476521101786,1722977323
run,-66.8242874145507,-57.653205871582,50.197517050438265,52.82104882943158,1722993990
run,-66.4011459350586,-58.324405670166,35.31177046564135,46.59318055619318,1723010657
run,-66.1997680664062,-58.9513893127441,16.883314247030793,38.70952388705795,1723027324
run,-66.1015548706054,-59.5297660827636,-4.612163193788758,31.06591310517384,1723043991
run,-66.2966537475586,-60.4314727783203,-28.503937799267664,25.368935787058035,1723060658
run,-67.0484237670898,-62.0308151245117,-53.95898998865623,23.09944432448209,1723077325
run,-68.593032836914,-63.3058395385742,-80.01996880165743,25.469607135456346,1723093992
run,-70.9109649658203,-63.4869232177734,-105.646795825408,33.279472700515946,1723110659
run,-73.8954010009765,-63.5215797424316,-129.74695416430575,46.66180287429923,1723127326
run,-76.9892272949218,-64.1851959228515,-151.1866839971305,64.8259947897363,1723143993
run,-80.1423263549804,-65.7930908203125,-168.80781452856675,85.98089796906808,1723160660
run,-83.0261611938476,-68.1354522705078,-181.5049908490325,107.56516096070769,1723177327
run,-84.9117279052734,-70.9058456420898,-188.40402708620962,126.76866456339509,1723193994
run,-84.4528503417968,-73.9490737915039,-189.11323854435494,141.18300567892115,1723210661
run,-82.0920257568359,-76.7274932861328,-183.93807266396615,149.35395024993377,1723227328
run,-79.5545654296875,-79.0875930786132,-173.9203460030368,151.0492324625284,1723243995
run,-77.3095703125,-81.3021163940429,-160.621939064396,147.1733962703091,1723260662
run,-75.4200820922851,-83.4267272949218,-145.69496207656454,139.3963657973648,1723277329
run,-73.7573547363281,-85.3795013427734,-130.39768424557425,129.65041463486514,1723293996
run,-72.0596694946289,-87.050048828125,-115.25934639733995,119.66236565675794,1723310663
run,-70.3630752563476,-88.1632537841796,-100.04071470946934,110.64021164881163,1723327330
run,-68.611213684082,-87.8252563476562,-84.00870764372937,103.16096030156899,1723343997
run,-67.0466613769531,-86.3794479370117,-66.40628461423883,97.23740755306717,1723360664
run,-65.8287887573242,-84.7542495727539,-46.91807060394624,92.4932450734818,1723377331
run,-65.3092575073242,-83.2634735107421,-25.94282236281588,88.35959543950138,1723393998
run,-65.6087265014648,-81.8480606079101,-4.576598727409027,84.22283583442362,1723410665
run,-66.4365844726562,-80.376594543457,15.661241268754784,79.49053688779512,1723427332
run,-67.3511047363281,-79.1595916748046,33.225673245078546,73.58097837847924,1723443999
run,-68.0080337524414,-78.3003921508789,46.906770743850245,65.87152067626586,1723460666
run,-68.8477249145507,-77.6568832397461,56.04480883494803,55.66030713608418,1723477333
run,-70.1484451293945,-77.1167602539062,60.57776598609663,42.198836439268156,1723494000
run,-71.1906433105468,-76.6198806762695,60.96446321290224,24.828143265723586,1723510667
run,-72.0162887573242,-76.2373580932617,58.046360688432,3.197435392436864,1723527334
run,-72.8351287841796,-76.1537399291992,52.90093406501384,-22.515918617120967,1723544001
run,-73.8868179321289,-76.6444778442382,46.71873665650904,-51.49455349176842,1723560668
run,-75.1577529907226,-78.1074829101562,40.708213229489836,-82.35666667414436,1723577335
run,-75.6056213378906,-80.5070343017578,36.00484545016399,-113.41399657667137,1723594002
run,-75.9389419555664,-82.679328918457,33.5567387566484,-143.01117390521827,1723610669
run,-76.8721694946289,-83.1450576782226,33.98638247699941,-169.79879353825706,1723627336
run,-77.5351104736328,-82.2796554565429,37.46401945544235,-192.83346202087802,1723644003
run,-78.0566787719726,-81.1952285766601,43.64271975563009,-211.50302751113114,1723660670
run,-78.6003112792968,-79.5175170898437,51.69547780185159,-225.36999002425662,1723677337
run,-79.5313644409179,-76.9817657470703,60.469006391900884,-234.04770883498696,1723694004
run,-80.4905242919921,-73.7291717529296,68.7289520677519,-237.17250596829712,1723710671
run,-81.1550674438476,-70.047607421875,75.42771026304244,-234.46124539496623,1723727338
run,-81.5262756347656,-66.4659957885742,79.90859193526019,-225.79818503095711,1723744005
run,-81.474609375,-63.2767639160156,81.98823934540519,-211.29398938409727,1723760672
run,-81.0848922729492,-60.463020324707,81.91576159827278,-191.2932892475135,1723777339
run,-80.4566802978515,-57.9964408874511,80.25354543865019,-166.34976366239493,1723794006
run,-79.6149215698242,-56.0747261047363,77.73541257599655,-137.211033736226,1723810673
run,-78.5578460693359,-54.4957008361816,75.1356924408498,-104.84566263430472,1723827340
run,-77.2088317871093,-53.1391525268554,73.1509208441388,-70.5095218058773,1723844007
run,-75.6971359252929,-52.1662254333496,72.27900108042581,-35.80836022260074,1723860674
run,-74.3020095825195,-51.8946800231933,72.68977484287237,-2.6880045478099257,1723877341
run,-73.1091918945312,-52.3815460205078,74.10825725866536,26.708110896459225,1723894008
run,-72.0425262451171,-53.6473197937011,75.75712469402283,50.325037895325416,1723910675
run,-70.9392776489257,-55.2937622070312,76.40801933087721,66.5646622289412,1723927342
run,-69.6782608032226,-56.7627143859863,74.56271028227178,74.62074656643743,1723944009
run,-68.4077682495117,-57.8563079833984,68.73483623161623,74.66765676957148,1723960676
run,-67.4789810180664,-58.7895545959472,57.75807202029126,67.85277686765906,1723977343
run,-67.0326080322265,-59.789939880371,41.03556695830078,56.12441427841831,1723994010
run,-66.864387512207,-60.5960464477539,18.67476781997429,41.9716697011616,1724010677
run,-66.8609924316406,-61.3602409362793,-8.501700480788063,28.13875602060448,1724027344
run,-67.211067199707,-62.5945129394531,-39.04647246483228,17.32938352662159,1724044011
run,-68.310806274414,-63.7084274291992,-71.05117218272059,11.880407588106142,1724060678
run,-70.3996810913086,-63.6196060180664,-102.3618007700186,13.391031980939351,1724077345
run,-73.2714462280273,-63.3369598388671,-130.82315200156498,22.354656490690356,1724094012
run,-76.4260330200195,-63.653018951416,-154.52205978603035,37.92215290409634,1724110679
run,-79.5333709716796,-64.9033966064453,-172.00107415477748,57.952596551947835,1724127346
run,-82.4952774047851,-66.8788604736328,-182.4280060145878,79.42606643160012,1724144013
run,-84.4757843017578,-69.1579055786132,-185.71275372696067,99.13700043640159,1724160680
run,-84.6229858398437,-71.7226333618164,-182.5468937951745,114.4535015705156,1724177347
run,-83.0482788085937,-74.1749877929687,-174.32131740185088,123.8933350891247,1724194014
run,-80.9847412109375,-76.2692642211914,-162.88556410308968,127.33955916155519,1724210681
run,-79.0038986206054,-78.1035690307617,-150.1619036860567,125.85705908665516,1724227348
run,-77.120620727539,-79.8617401123046,-137.69759578722517,121.21478004668906,1724244015
run,-75.394172668457,-81.6256713867187,-126.29204847075037,115.30704678569683,1724260682
run,-73.7050247192382,-83.4152755737304,-115.83799651484311,109.66800578093138,1724277349
run,-71.8650588989257,-85.1786651611328,-105.45569671147874,105.19967970351881,1724294016
run,-69.8900909423828,-86.9223480224609,-93.89408696551956,102.13509659274072,1724310683
run,-68.098403930664,-88.449348449707,-80.06483976457245,100.18155146210208,1724327350
run,-66.7256927490234,-88.4599838256836,-63.51479129333073,98.75588033539081,1724344017
run,-65.8544769287109,-87.0369415283203,-44.662315741261736,97.22643138611885,1724360684
run,-65.5993576049804,-85.3733978271484,-24.71692890606838,95.09675406949361,1724377351
run,-66.0433578491211,-83.6088027954101,-5.325369124531993,92.08964609506181,1724394018
run,-66.8592529296875,-81.9505081176757,11.911765135157482,88.11361427037643,1724410685
run,-67.4276962280273,-80.69287109375,25.870287637327007,83.12274398588245,1724427352
run,-68.0230178833007,-79.7838516235351,36.13392344575035,76.92008232775845,1724444019
run,-68.9096527099609,-79.0053634643554,42.97291138026716,68.99310782793346,1724460686
run,-69.5995101928711,-78.2144775390625,47.115013430396445,58.480065331080965,1724477353
run,-70.2632980346679,-77.3506393432617,49.41946624610924,44.3250757483825,1724494020
run,-70.7663345336914,-76.5451431274414,50.582970663932734,25.59589179926029,1724510687
run,-71.4314193725586,-75.9895248413086,50.985081226370205,1.8516644194098792,1724527354
run,-72.7797546386718,-76.1347045898437,50.723002860972784,-26.59188436064685,1724544021
run,-74.3022537231445,-77.1560668945312,49.802088386505105,-58.618713153370436,1724560688
run,-75.3143844604492,-78.9655990600586,48.37111089347729,-92.51314054617411,1724577355
run,-76.2078857421875,-81.246711730957,46.86766420140562,-126.31724823120322,1724594022
run,-77.1026306152343,-82.8259735107421,45.98863747106639,-158.19065955237593,1724610689
run,-77.6969985961914,-82.3702774047851,46.49296846171476,-186.63335439179207,1724627356
run,-78.2705764770507,-81.1139373779296,48.92568713771156,-210.52107905281784,1724644023
run,-78.8113098144531,-79.8256378173828,53.38780643720468,-229.0122765590791,1724660690
run,-79.6024093627929,-77.9571151733398,59.45510417244824,-241.4461677074424,1724677357
run,-80.6325454711914,-75.0938568115234,66.27909512077349,-247.3274319794554,1724694024
run,-81.2220458984375,-71.4768905639648,72.81856089069196,-246.4088701917254,1724710691
run,-81.3268127441406,-67.6675491333007,78.0989827875314,-238.8028555099686,1724727358
run,-81.0724945068359,-64.0431594848632,81.4092254956213,-225.0263544091847,1724744025
run,-80.5492401123046,-60.9513397216796,82.4004742547679,-205.92254828520427,1724760692
run,-79.8107833862304,-58.5394744873046,81.10244974623511,-182.4781938962771,1724777359
run,-78.9358749389648,-56.605182647705,77.88507065045447,-155.62560431084705,1724794026
run,-77.9688262939453,-55.0023231506347,73.37941366260797,-126.13963213263285,1724810693
run,-76.8905868530273,-53.2741737365722,68.35886548970929,-94.69540368731288,1724827360
run,-75.7318878173828,-51.8233413696289,63.586196123254126,-62.061813540330824,1724844027
run,-74.5545578002929,-51.0186500549316,59.64943660445929,-29.320340059233807,1724860694
run,-73.4120178222656,-50.9845886230468,56.82332856133441,2.0280665641022892,1724877361
run,-72.3473358154296,-51.6506538391113,54.99229126879933,30.15499960876995,1724894028
run,-71.3404998779296,-52.9180679321289,53.654224505019236,53.18561560944498,1724910695
run,-70.4043045043945,-54.3747444152832,52.00016418958525,69.5712751326924,1724927362
run,-69.5187149047851,-55.670539855957,49.04477292734018,78.42286056253529,1724944029
run,-68.7202758789062,-56.619155883789,43.77574954367347,79.70591561343466,1724960696
run,-68.1233825683593,-57.7392234802246,35.29759924809271,74.27156327700389,1724977363
run,-67.7805480957031,-58.9840660095214,22.959632985872588,63.761079713430924,1724994030
run,-67.6235809326171,-60.0297622680664,6.4677669178291035,50.436700925891465,1725010697
run,-67.762336730957,-60.9012031555175,-14.023984984737224,36.95989023963674,1725027364
run,-68.2249679565429,-62.0158081054687,-37.86080107869943,26.10099681113835,1725044031
run,-69.2114486694336,-63.0497550964355,-63.902047243338906,20.358228497114084,1725060698
run,-70.9287185668945,-63.1051559448242,-90.62389076631212,21.50166185004206,1725077365
run,-73.4489288330078,-62.932518005371,-116.29963494386345,30.130392258824124,1725094032
run,-76.4546661376953,-63.297248840332,-139.21572928558203,45.40069900935,1725110699
run,-79.4563598632812,-64.6090698242187,-157.8723376862755,65.08705161205695,1725127366
run,-82.3238906860351,-66.6950912475586,-171.1388238740155,86.03755960226354,1725144033
run,-84.3640670776367,-69.0813827514648,-178.36496114035037,104.92157153981029,1725160700
run,-84.8360137939453,-71.6540832519531,-179.45843316907366,119.03531068941905,1725177367
run,-83.4205474853515,-74.1166076660156,-174.92144373289298,126.90388425541371,1725194034
run,-81.1429290771484,-76.2238235473632,-165.81435276581354,128.49987412850925,1725210701
run,-78.8179626464843,-78.119155883789,-153.60893308841804,125.04419427484568,1725227368
run,-76.6887054443359,-79.8495254516601,-139.9216678292427,118.49945875935477,1725244035
run,-74.8721160888671,-81.4777679443359,-126.17075201609364,110.95224933901532,1725260702
run,-73.3008270263671,-82.9844665527343,-113.25261363521635,104.08234347627464,1725277369
run,-71.8111343383789,-84.3958053588867,-101.35352065181233,98.85089904457803,1725294036
run,-70.3067550659179,-85.8326568603515,-89.98104475407345,95.44797264373439,1725310703
run,-68.7357711791992,-87.1226119995117,-78.22480239119737,93.45966774753269,1725327370
run,-67.3083038330078,-87.5756225585937,-65.16590147778754,92.16400421436987,1725344037
run,-66.1708831787109,-86.833251953125,-50.29091437622451,90.84590454170522,1725360704
run,-65.4200592041015,-85.5437698364257,-33.75927816401363,89.03384891422323,1725377371
run,-65.1015014648437,-84.0993423461914,-16.425888870316033,86.59653930445728,1725394038
run,-65.4189453125,-82.6582107543945,0.3890023042231391,83.68405394704348,1725410705
run,-66.3444137573242,-81.3881225585937,15.29618878062613,80.54192624831204,1725427372
run,-67.1686782836914,-80.3273010253906,27.25008240840254,77.26220959838734,1725444039
run,-67.74169921875,-79.3876876831054,35.82328922458543,73.55898493651648,1725460706
run,-68.4919967651367,-78.4666748046875,41.25176538327115,68.65852577173476,1725477373
run,-69.1862487792968,-77.4776611328125,44.25824890277449,61.366689510172925,1725494040
run,-69.8249206542968,-76.473518371582,45.74585572240138,50.3186952020016,1725510707
run,-70.3041381835937,-75.6375579833984,46.49017893006746,34.34741841989353,1725527374
run,-70.8653488159179,-75.1706619262695,46.945969161198775,12.854782651708703,1725544041
run,-71.8521118164062,-75.1484222412109,47.23415206784957,-13.939276838152363,1725560708
run,-73.4499359130859,-75.6906967163086,47.29727993773482,-44.95871364377049,1725577375
run,-74.652099609375,-77.0781707763671,47.13105349381144,-78.46137053218585,1725594042
run,-75.4345092773437,-79.266357421875,46.95978587378312,-112.39285363311457,1725610709
run,-76.3038864135742,-81.2508850097656,47.2561406338173,-144.77785240937413,1725627376
run,-77.0471649169921,-81.8794326782226,48.59308637758084,-174.01059370684263,1725644043
run,-77.688850402832,-81.3853683471679,51.40373176548573,-198.95981369944232,1725660710
run,-78.3328094482421,-80.8782501220703,55.766923042670626,-218.8993304839164,1725677377
run,-79.0585174560546,-79.8461532592773,61.32092880586114,-233.3557239754761,1725694044
run,-80.1338272094726,-77.5939483642578,67.34551748472735,-241.9814398074432,1725710711
run,-80.9353408813476,-74.3215637207031,72.97258041014928,-244.51451767363847,1725727378
run,-81.2488021850586,-70.5521469116211,77.42960834648059,-240.81708537072356,1725744045
run,-81.1008911132812,-66.9297103881836,80.22101947836778,-230.93966890445168,1725760712
run,-80.6199645996093,-63.6262855529785,81.20175955107428,-215.158387674324,1725777379
run,-79.9340744018554,-60.808349609375,80.55365512076392,-193.96877017237222,1725794046
run,-79.1478195190429,-58.3089294433593,78.70141962779076,-168.0624367812178,1725810713
run,-78.2496795654296,-56.2733459472656,76.20013081744153,-138.3268086831016,1725827380
run,-77.2113494873046,-54.5332107543945,73.61176373802512,-105.8822405689991,1725844047
run,-75.9848937988281,-53.2004661560058,71.38316653670357,-72.12736874025411,1725860714
run,-74.6197738647461,-52.4484558105468,69.74185937536222,-38.736341529458144,1725877381
run,-73.2494049072265,-52.346996307373,68.62921199865235,-7.560400202737468,1725894048
run,-71.9256591796875,-52.6940841674804,67.68633793927494,19.57448771166312,1725910715
run,-70.6557693481445,-53.7163963317871,66.29726184311954,41.13418875504889,1725927382
run,-69.4422760009765,-55.0000419616699,63.68034261402232,56.13266554306217,1725944049
run,-68.2954177856445,-56.2002525329589,59.00645479706962,64.296673597471,1725960716
run,-67.3240966796875,-57.0414886474609,51.516251593121716,66.08642017041659,1725977383
run,-66.7497787475586,-57.9740867614746,40.61445348335175,62.57793659692025,1725994050
run,-66.5109634399414,-58.9294242858886,25.93603813182705,55.27061795971706,1726010717
run,-66.3268432617187,-59.6814842224121,7.396186581832422,45.902158833957635,1726027384
run,-66.298957824707,-60.3956680297851,-14.76262720423223,36.321250722804535,1726044051
run,-66.6515274047851,-61.6656455993652,-39.930532093217735,28.40919141558477,1726060718
run,-67.6695098876953,-63.2311820983886,-67.12145736161055,23.988242522670575,1726077385
run,-69.6229400634765,-64.0172958374023,-95.02001952547398,24.63656884313931,1726094052
run,-72.4088287353515,-63.9193687438964,-122.08374606799579,31.373907983732433,1726110719
run,-75.6253662109375,-63.9705619812011,-146.67368465427072,44.287835247193094,1726127386
run,-78.779914855957,-64.7906112670898,-167.1880373142163,62.27487823143269,1726144053
run,-81.8423156738281,-66.5588302612304,-182.204470780654,83.08224234949108,1726160720
run,-84.2368698120117,-68.8585205078125,-190.65930271865733,103.72345326442564,1726177387
run,-84.8822784423828,-71.5227813720703,-192.06701646763895,121.17007402844807,1726194054
run,-83.2283630371093,-74.3830184936523,-186.7197308691944,133.0928064379853,1726210721
run,-80.7924346923828,-76.9424514770507,-175.7572950337711,138.40010484667582,1726227388
run,-78.5171585083007,-79.0862045288086,-161.01482506767437,137.40287625338274,1726244055
run,-76.4637222290039,-80.975357055664,-144.63914624600142,131.57830925298558,1726260722
run,-74.713623046875,-82.7758255004882,-128.57430113701417,123.0485071238819,1726277389
run,-73.198989868164,-84.5096664428711,-114.08935791942416,113.96899546460435,1726294056
run,-71.6635971069336,-86.1408615112304,-101.52051458923862,106.01525334716116,1726310723
run,-69.9637680053711,-87.4967346191406,-90.32247515165665,100.08594807763946,1726327390
run,-68.1930465698242,-88.2351989746093,-79.40338634122683,96.25480380128076,1726344057
run,-66.5693740844726,-87.5555191040039,-67.60599044977899,93.93359152899102,1726360724
run,-65.3154067993164,-86.1332015991211,-54.14674348641175,92.16759216419189,1726377391
run,-64.7546234130859,-84.5100936889648,-38.85801006501695,89.96745551755176,1726394058
run,-64.7849426269531,-82.7679595947265,-22.176935190832424,86.58153334894897,1726410725
run,-65.160400390625,-81.0937805175781,-4.936847527662784,81.63038745071883,1726427392
run,-65.6509780883789,-79.908950805664,11.912223884624478,75.06497426597106,1726444059
run,-66.0308074951171,-79.1750183105468,27.527599694804316,66.9726381286649,1726460726
run,-66.6804046630859,-78.7043685913086,41.27574040880689,57.323936468714834,1726477393
run,-67.734016418457,-78.2381286621093,52.72057066859649,45.79238836159455,1726494060
run,-68.7417373657226,-77.6455459594726,61.55615325847594,31.755025382409887,1726510727
run,-69.7032775878906,-77.0041351318359,67.5504986410828,14.494784276702452,1726527394
run,-70.8247909545898,-76.5931091308593,70.54939577061116,-6.48058962313097,1726544061
run,-72.2398681640625,-76.7599258422851,70.55709941128141,-31.15402220738693,1726560728
run,-74.065673828125,-77.7392044067382,67.86675813423858,-58.88525365598134,1726577395
run,-75.3785934448242,-79.5134811401367,63.168937171101334,-88.51534556552234,1726594062
run,-76.3699645996093,-81.6166305541992,57.551566958952094,-118.62401159263348,1726610729
run,-77.3703231811523,-82.6741561889648,52.3414722848077,-147.80149179846438,1726627396
run,-78.0441436767578,-81.7640304565429,48.811514971369135,-174.80749788515593,1726644063
run,-78.5870285034179,-80.44140625,47.846782259109155,-198.57615086575933,1726660730
run,-79.0172271728515,-79.3269119262695,49.6938050401397,-218.1294200215111,1726677397
run,-79.5484619140625,-77.7442321777343,53.895166719564365,-232.51199097400794,1726694064
run,-80.4096221923828,-75.1545257568359,59.44246670530196,-240.82861085271918,1726710731
run,-80.8860702514648,-71.7121887207031,65.09007468885466,-242.3831876041497,1726727398
run,-80.9892578125,-67.9537048339843,69.7077466217019,-236.84796664771653,1726744065
run,-80.7165985107421,-64.3257904052734,72.54962061561353,-224.37105631643988,1726760732
run,-80.1698684692382,-61.2727928161621,73.37407609896093,-205.56419913456904,1726777399
run,-79.4114379882812,-58.932689666748,72.41870372610437,-181.3782823565355,1726794066
run,-78.4832153320312,-57.0143394470214,70.27568026235556,-152.93753707107575,1726810733
run,-77.5060806274414,-55.4182586669921,67.7170523271765,-121.42722302173568,1726827400
run,-76.4971466064453,-53.908203125,65.50513763270622,-88.09325418181913,1726844067
run,-75.3982238769531,-52.7105178833007,64.2110451361118,-54.332548962951364,1726860734
run,-74.2455139160156,-51.9922103881835,64.06260987316968,-21.77934631103849,1726877401
run,-73.1048507690429,-52.1574401855468,64.84827103054894,7.7249908011587785,1726894068
run,-72.0305480957031,-52.9561347961425,65.9061149419269,32.33737760887275,1726910735
run,-70.9854507446289,-54.3911552429199,66.21778877916695,50.55547633388049,1726927402
run,-69.8783264160156,-56.0442962646484,64.6006454633393,61.57325823042082,1726944069
run,-68.7557373046875,-57.2860488891601,59.95441492853639,65.49986778688337,1726960736
run,-67.8598327636718,-58.0562553405761,51.48996741686852,63.344991456947426,1726977403
run,-67.3782653808593,-58.8702697753906,38.86981734711202,56.78040442751958,1726994070
run,-67.1502456665039,-59.5668182373046,22.228675532504674,47.78599050458231,1727010737
run,-67.028823852539,-60.1411018371582,2.095627237946976,38.32216118244073,1727027404
run,-67.1059646606445,-60.9772300720214,-20.727027534777665,30.127713447145982,1727044071
run,-67.5210647583007,-62.3603515625,-45.27720843227756,24.65490910936406,1727060738
run,-68.6186294555664,-63.851764678955,-70.5163873334698,23.068223392879347,1727077405
run,-70.5624847412109,-64.3734130859375,-95.38516714137604,26.19635013559816,1727094072
run,-73.3183059692382,-64.3435363769531,-118.83727774937957,34.37316999219932,1727110739
run,-76.410530090332,-64.6246032714843,-139.85174997407083,47.21710585886885,1727127406
run,-79.4481430053711,-65.6524658203125,-157.4310809685703,63.498235756370335,1727144073
run,-82.384651184082,-67.4713973999023,-170.62032044731254,81.2420468763345,1727160740
run,-84.7168807983398,-69.6549530029296,-178.5975869602096,98.10917118968126,1727177407
run,-85.4868087768554,-72.2560729980468,-180.8558323054514,111.94610365158074,1727194074
run,-83.8945236206054,-74.7828369140625,-177.42469954852595,121.30954981322422,1727210741
run,-81.3973083496093,-76.9191970825195,-169.0195780455802,125.76970821343889,1727227408
run,-79.015396118164,-78.7306137084961,-157.00356587981517,125.88877314630807,1727244075
run,-76.9034118652343,-80.4515914916992,-143.11888479745988,122.90530735330842,1727260742
run,-75.1148986816406,-82.1822433471679,-129.05231925159413,118.26675196808213,1727277409
run,-73.5948486328125,-83.8944015502929,-115.98661282045828,113.18945757146118,1727294076
run,-72.0904922485351,-85.4755401611328,-104.31088515797946,108.38359628112765,1727310743
run,-70.4883956909179,-86.8783264160156,-93.60672830043212,103.99656119554649,1727327410
run,-68.7625350952148,-87.8295822143554,-82.91693361437545,99.74787532778741,1727344077
run,-67.147834777832,-87.4921188354492,-71.1889490021844,95.17682872098696,1727360744
run,-65.7879562377929,-86.2574386596679,-57.716898433479805,89.90547797361532,1727377411
run,-64.9154434204101,-84.8290405273437,-42.414548293094214,83.82854034023617,1727394078
run,-64.7017440795898,-83.4323043823242,-25.830702369797727,77.17014937666836,1727410745
run,-65.1505966186523,-82.1813735961914,-8.930809278373603,70.387748801449,1727427412
run,-65.7987365722656,-81.233283996582,7.236243848881459,63.949236276620866,1727444079
run,-66.1723022460937,-80.5829467773437,21.832638721476417,58.05434165538948,1727460746
run,-66.5552291870117,-80.0668106079101,34.375656684575524,52.403501737744975,1727477413
run,-67.4247360229492,-79.4966506958007,44.70968568771126,46.119277898355875,1727494080
run,-68.3497848510742,-78.8550720214843,52.86663228541988,37.88308778654004,1727510747
run,-69.1596298217773,-78.1348571777343,58.908384248566804,26.270239785887696,1727527414
run,-70.0612182617187,-77.4953689575195,62.832243300830555,10.179793540892943,1727544081
run,-71.2223663330078,-77.2472686767578,64.58427142219402,-10.79626519012003,1727560748
run,-72.8735809326171,-77.6681137084961,64.17711451072573,-36.207841594628846,1727577415
run,-74.3268127441406,-78.9218978881836,61.85473309759777,-64.85012916925336,1727594082
run,-75.3512725830078,-81.0072021484375,58.21048902679921,-95.08518087827555,1727610749
run,-76.4430847167968,-82.9272079467773,54.17579028026294,-125.23380601252462,1727627416
run,-77.3640213012695,-83.1009902954101,50.853953139877454,-153.8640016384522,1727644083
run,-78.0098037719726,-81.5611038208007,49.24597977310711,-179.86929491736686,1727660750
run,-78.5988082885742,-80.1552734375,49.96670594687948,-202.35644804279053,1727677417
run,-79.1247100830078,-78.8829727172851,53.06171480746593,-220.4691045271693,1727694084
run,-80.016372680664,-76.9000167846679,58.00001188482925,-233.29387778575182,1727710751
run,-80.7574996948242,-73.8499221801757,63.844057094433765,-239.92269673846226,1727727418
run,-81.0791015625,-70.2251052856445,69.52347387463021,-239.6379886061829,1727744085
run,-81.0793685913086,-66.500129699707,74.10636890357753,-232.1157796089079,1727760752
run,-80.7955093383789,-63.0854187011718,76.98698919180457,-217.53992761578203,1727777419
run,-80.258544921875,-60.3802452087402,77.96188148097299,-196.5781972728428,1727794086
run,-79.4534454345703,-58.2505302429199,77.20856297807697,-170.25128521196257,1727810753
run,-78.4287719726562,-56.4082450866699,75.19475958106477,-139.78396282762947,1727827420
run,-77.2988891601562,-54.8417282104492,72.5437299396493,-106.52742176374596,1727844087
run,-76.1322784423828,-53.4022827148437,69.87934438589454,-71.98067491866956,1727860754
run,-74.9462890625,-52.3448371887207,67.67848436998344,-37.854787090048696,1727877421
run,-73.775405883789,-52.0377349853515,66.16013070399583,-6.0731993579270895,1727894088
run,-72.6550521850586,-52.535057067871,65.23199533018536,21.37941673718066,1727910755
run,-71.5211486816406,-53.7012863159179,64.49829709496942,42.7660651680553,1727927422
run,-70.3480529785156,-55.1893005371093,63.315249542731586,56.9726679501814,1727944089
run,-69.2101364135742,-56.7038536071777,60.87215197902531,63.80008440953408,1727960756
run,-68.2954788208007,-57.6357536315918,56.27957587595359,64.04032194454977,1727977423
run,-67.7268142700195,-58.3499641418457,48.660843498997316,59.2927020492682,1727994090
run,-67.3637084960937,-58.9350471496582,37.25907333503293,51.59103373416822,1728010757
run,-66.9563903808593,-59.4725532531738,21.572901703488103,42.99178328151618,1728027424
run,-66.6001815795898,-60.0027694702148,1.5104951973747547,35.27336857654978,1728044091
run,-66.5539245605468,-61.3301124572753,-22.483463444644396,29.821620518530416,1728060758
run,-67.2279510498046,-63.0573921203613,-49.390308871463304,27.666720597551166,1728077425
run,-68.7510681152343,-64.3120574951171,-77.70973751495247,29.550159872141457,1728094092
run,-71.1315002441406,-64.578010559082,-105.66662764313924,35.893306028426366,1728110759
run,-74.0756301879882,-64.8421554565429,-131.46179048119086,46.631010525624745,1728127426
run,-77.0681762695312,-65.5524749755859,-153.4822891111832,61.0078442595909,1728144093
run,-80.0348663330078,-67.0326080322265,-170.4293002216981,77.50760019861868,1728160760
run,-82.5845565795898,-69.1290817260742,-181.3876717279852,94.03879892367887,1728177427
run,-84.1951217651367,-71.5721664428711,-185.89366859311653,108.36540853400842,1728194094
run,-83.9622039794921,-74.1763000488281,-184.02658362273723,118.6419680063019,1728210761
run,-82.1115112304687,-76.5010070800781,-176.48398626229874,123.85667412461872,1728227428
run,-79.8476867675781,-78.4398727416992,-164.5576210531623,124.02527318219508,1728244095
run,-77.6715240478515,-80.2064819335937,-149.94554270437342,120.086595451573,1728260762
run,-75.7217254638671,-81.9162445068359,-134.40840056351885,113.56926935931241,1728277429
run,-74.1496658325195,-83.534797668457,-119.36197149667231,106.16859472627894,1728294096
run,-72.7556991577148,-85.0150527954101,-105.54814099058557,99.36872819456588,1728310763
run,-71.2639389038086,-86.2408905029296,-92.9155175974583,94.19116883707119,1728327430
run,-69.6447296142578,-87.2189178466796,-80.76806123131007,91.08884778490908,1728344097
run,-68.0830917358398,-87.5800628662109,-68.13255730165075,89.96489076921587,1728360764
run,-66.6590576171875,-86.9606246948242,-54.2023810959697,90.28019704679343,1728377431
run,-65.7367172241211,-85.7710800170898,-38.683506510938884,91.2130144368271,1728394098
run,-65.5972213745117,-84.2683486938476,-21.916703792477485,91.83434529272124,1728410765
run,-66.0536346435546,-82.4899520874023,-4.7536682169720645,91.2600568606035,1728427432
run,-66.693862915039,-80.7469177246093,11.728288177507011,88.73911814430642,1728444099
run,-67.1621856689453,-79.4723358154296,26.533271542040794,83.65191509407217,1728460766
run,-67.6136398315429,-78.7863998413086,38.95716167175855,75.43435891309208,1728477433
run,-68.6527252197265,-78.2833633422851,48.656198318979605,63.49910043809487,1728494100
run,-69.671142578125,-77.6058273315429,55.600493972082816,47.25200215902923,1728510767
run,-70.4735031127929,-76.7803726196289,59.973535178115874,26.260596464133098,1728527434
run,-71.4068832397461,-76.1024475097656,62.0789775553643,0.5301177489194098,1728544101
run,-72.6014556884765,-75.9665985107421,62.29837104607322,-29.254228158829342,1728560768
run,-74.0985641479492,-76.8608245849609,61.11089629074759,-61.67874530967387,1728577435
run,-75.4162826538086,-78.7635040283203,59.142246726676774,-94.82099969650294,1728594102
run,-76.5929183959961,-80.9459838867187,57.17754204309229,-126.6682066920823,1728610769
run,-77.6343078613281,-82.0307540893554,56.07949151027492,-155.55116806084234,1728627436
run,-78.6384658813476,-81.2450561523437,56.600254123857304,-180.401939256318,1728644103
run,-79.4491882324218,-80.0872192382812,59.139129308100166,-200.7451254105421,1728660770
run,-79.9776382446289,-79.0230255126953,63.54619066018666,-216.47636636541873,1728677437
run,-80.603889465332,-77.4076080322265,69.07779744599212,-227.57556259784855,1728694104
run,-81.5836639404296,-75.02294921875,74.5597469636409,-233.90069023582623,1728710771
run,-82.2426300048828,-72.0275039672851,78.72125421191697,-235.13591813067802,1728727438
run,-82.3197021484375,-68.4777297973632,80.57713507050684,-230.88444362496497,1728744105
run,-81.8532485961914,-64.8824462890625,79.71229316747407,-220.8420172672172,1728760772
run,-81.0512619018554,-61.62984085083,76.37516268255246,-204.96953197613394,1728777439
run,-80.0521697998046,-58.8925552368164,71.37451767905345,-183.59877544118885,1728794106
run,-78.9456634521484,-56.8627128601074,65.84246431410625,-157.4474056254803,1728810773
run,-77.8401184082031,-55.4302444458007,60.949362561163696,-127.56751646685912,1728827440
run,-76.7244567871093,-53.9596481323242,57.642057927864585,-95.27739310488793,1728844107
run,-75.5603713989257,-52.7019615173339,56.44776837113231,-62.11001849688838,1728860774
run,-74.4276428222656,-51.9202041625976,57.36128186276814,-29.76617639188925,1728877441
run,-73.3971710205078,-52.0015144348144,59.821470672995424,-0.023806796548918208,1728894108
run,-72.4342422485351,-52.6212882995605,62.78179285305721,25.435107301536604,1728910775
run,-71.4061203002929,-53.8873977661132,64.87631286139117,45.26515867155948,1728927442
run,-70.2563552856445,-55.3576316833496,64.66530399157111,58.69249827434498,1728944109
run,-69.0414505004882,-56.4952049255371,60.9132109238217,65.65196932732903,1728960776
run,-68.0067062377929,-57.3448944091796,52.82551416907146,66.77121496787018,1728977443
run,-67.3622055053711,-58.3487892150878,40.17444907774164,63.21932354416218,1728994110
run,-67.0727844238281,-59.2700958251953,23.28404588850762,56.49845833792591,1729010777
run,-67.0200881958007,-60.0623626708984,2.901812789549843,48.26524517837933,1729027444
run,-67.1477355957031,-61.0569381713867,-19.97680229598347,40.223140513488076,1729044111
run,-67.626838684082,-62.6171073913574,-44.26438323268971,34.06013896107088,1729060778
run,-68.6975860595703,-63.9697761535644,-68.88035381700034,31.356830724836648,1729077445
run,-70.5488586425781,-64.303108215332,-92.78904956467372,33.391308482189025,1729094112
run,-73.1185684204101,-64.2802810668945,-114.99456950791546,40.83706723837942,1729110779
run,-76.0168533325195,-64.7231750488281,-134.52014854842506,53.45820583376028,1729127446
run,-78.984634399414,-65.9954528808593,-150.40993138933777,69.97271531157402,1729144113
run,-81.853530883789,-67.878173828125,-161.79745520400763,88.2141158931625,1729160780
run,-84.2697143554687,-70.1006927490234,-168.06581764410822,105.59163053748655,1729177447
run,-85.3879013061523,-72.7546844482421,-169.06775532319472,119.71170437558936,1729194114
run,-84.3015441894531,-75.3829956054687,-165.30661470832328,128.9517382027801,1729210781
run,-82.2788467407226,-77.6693801879882,-157.95375228435714,132.79454641698845,1729227448
run,-80.3032684326171,-79.6452941894531,-148.62747099098664,131.82503572844465,1729244115
run,-78.5036239624023,-81.4767532348632,-138.96699866254414,127.41911168071569,1729260782
run,-76.8511199951171,-83.2876510620117,-130.1450861941572,121.26206421622268,1729277449
run,-75.098518371582,-85.1055908203125,-122.5125206033891,114.87287798436455,1729294116
run,-73.0876159667968,-86.8907089233398,-115.52661086049835,109.27521312843686,1729310783
run,-70.8834152221679,-88.4666061401367,-108.00005009041467,104.87722414397547,1729327450
run,-68.8029708862304,-88.4758224487304,-98.5717400655358,101.5431303348474,1729344117
run,-67.0511245727539,-86.8675003051757,-86.21341263835333,98.78691165865234,1729360784
run,-65.7515182495117,-85.195556640625,-70.58545804707973,96.00045448281813,1729377451
run,-64.911392211914,-83.6672973632812,-52.13385185780163,92.64011762055084,1729394118
run,-64.7478637695312,-82.1286239624023,-31.93170936617588,88.32546976171,1729410785
run,-65.2668075561523,-80.5732498168945,-11.363236049494656,82.83743395293182,1729427452
run,-65.6175308227539,-79.2204818725586,8.209217079336776,76.03063716710487,1729444119
run,-65.7560501098632,-78.3255615234375,25.676422223808107,67.69771769575786,1729460786
run,-66.2924880981445,-77.8123474121093,40.267742721490855,57.446059620997254,1729477453
run,-67.4086303710937,-77.3173065185546,51.52800647603035,44.660728486054715,1729494120
run,-68.506965637207,-76.7290420532226,59.26017700517409,28.608455593836187,1729510787
run,-69.4724502563476,-76.1778945922851,63.4913546466776,8.675818318412727,1729527454
run,-70.5630111694336,-75.9708938598632,64.48167817832739,-15.344052764033169,1729544121
run,-71.9748458862304,-76.384765625,62.76450317773584,-43.04699806281204,1729560788
run,-73.6149749755859,-77.6216583251953,59.181330031228484,-73.40089767165797,1729577455
run,-74.6174697875976,-79.7058181762695,54.85606507994117,-104.93263372999928,1729594122
run,-75.480712890625,-82.0399703979492,51.06020967068974,-136.03094231454924,1729610789
run,-76.2610549926757,-82.7859954833984,48.96707703115494,-165.21905829394115,1729627456
run,-76.8862533569336,-81.5558471679687,49.358216326061,-191.278569826035,1729644123
run,-77.5356674194336,-80.1685714721679,52.388894374505824,-213.2065087690869,1729660790
run,-78.1059265136718,-78.8481674194336,57.51611285313004,-230.0958924377985,1729677457
run,-79.0143966674804,-76.7906188964843,63.64061489182823,-241.07041315494524,1729694124
run,-79.9569778442382,-73.7343444824218,69.43082825072696,-245.35168603055732,1729710791
run,-80.5376815795898,-70.1348724365234,73.7172595350597,-242.43626419272115,1729727458
run,-80.6660690307617,-66.4827499389648,75.81401717355352,-232.28188686484134,1729744125
run,-80.3613052368164,-63.1703987121582,75.66070912843061,-215.39430840464854,1729760792
run,-79.7529373168945,-60.5429344177246,73.76004078856339,-192.76461521578804,1729777459
run,-78.921630859375,-58.403938293457,70.9649339733236,-165.6914261898876,1729794126
run,-77.9125747680664,-56.559284210205,68.20687614531562,-135.5809784153472,1729810793
run,-76.8783950805664,-55.1670951843261,66.24991326389866,-103.81753342116674,1729827460
run,-75.8134765625,-53.9174461364746,65.52141116307916,-71.74138346282884,1729844127
run,-74.7064208984375,-52.8760681152343,66.03443367568593,-40.698537600560435,1729860794
run,-73.6192855834961,-52.4804344177246,67.39172890102395,-12.077774009205722,1729877461
run,-72.6130142211914,-52.81734085083,68.85253649158506,12.745829047022344,1729894128
run,-71.6659774780273,-53.7390594482421,69.44762872109297,32.58569304514525,1729910795
run,-70.6452865600586,-55.1911239624023,68.13446705750307,46.68155945901699,1729927462
run,-69.5079803466796,-56.4826393127441,63.979273367902465,54.889080561807475,1729944129
run,-68.4934692382812,-57.1991004943847,56.33290611533093,57.71883184326846,1729960796
run,-67.8373718261718,-57.9114723205566,44.94972090798512,56.19842296575763,1729977463
run,-67.5295028686523,-58.7302436828613,30.00724639439913,51.62790336944257,1729994130
run,-67.3536376953125,-59.4317665100097,12.023212837838836,45.34997741070098,1730010797
run,-67.317138671875,-60.1705665588378,-8.289581035367545,38.63108200107083,1730027464
run,-67.5078048706054,-61.3270797729492,-30.170389506093503,32.66974592545658,1730044131
run,-68.1756896972656,-62.942138671875,-52.911009649530115,28.662034529773003,1730060798
run,-69.5932922363281,-64.250862121582,-75.88696084380565,27.803384948615903,1730077465
run,-71.7837829589843,-64.4763107299804,-98.51777964926981,31.12696462112422,1730094132
run,-74.5873947143554,-64.4208984375,-120.16961052916464,39.18119519583706,1730110799
run,-77.5843200683593,-64.8086471557617,-140.03532371720448,51.68401773078604,1730127466
run,-80.5236282348632,-66.1050720214843,-157.05997321496397,67.36159887365882,1730144133
run,-83.2553482055664,-68.0589141845703,-169.99601765427232,84.11940888629684,1730160800
run,-85.2113647460937,-70.3697433471679,-177.63637123683785,99.53504752883241,1730177467
run,-84.9730529785156,-72.9385223388671,-179.1815412537945,111.5031971002921,1730194134
run,-82.7909469604492,-75.3362884521484,-174.59954370335862,118.78920492639084,1730210801
run,-80.3140182495117,-77.3334045410156,-164.80113749527635,121.28705991247296,1730227468
run,-78.0706024169921,-79.0381851196289,-151.5106357314148,119.90404272769254,1730244135
run,-76.1335067749023,-80.6594009399414,-136.83936190818739,116.14621685326526,1730260802
run,-74.5706710815429,-82.3014221191406,-122.70129613357828,111.58450993418923,1730277469
run,-73.177505493164,-83.9950485229492,-110.28518219903437,107.39719090917306,1730294136
run,-71.6677856445312,-85.6742782592773,-99.78131686585142,104.12024797369564,1730310803
run,-69.9157333374023,-87.2400436401367,-90.46137859738438,101.6396709355601,1730327470
run,-68.1044311523437,-88.2768325805664,-81.06808064348951,99.37747316873616,1730344137
run,-66.4613418579101,-87.8064422607421,-70.35038530225896,96.58055964405071,1730360804
run,-65.2286911010742,-86.4769744873046,-57.53393411686863,92.61598133668268,1730377471
run,-64.5281372070312,-84.9261169433593,-42.56234150707637,87.19201509371167,1730394138
run,-64.4078063964843,-83.3151092529296,-26.054952268557457,80.44756379316306,1730410805
run,-64.9854583740234,-81.8696746826171,-9.046498300476577,72.87906909457134,1730427472
run,-65.4820327758789,-80.8684310913086,7.3488557206572285,65.11147293216845,1730444139
run,-65.6606369018554,-80.3819503784179,22.203857469171773,57.572860217899745,1730460806
run,-66.0619583129882,-80.0522079467773,34.89705342177839,50.18766910969555,1730477473
run,-66.871955871582,-79.6189346313476,45.09871417291983,42.22659949921929,1730494140
run,-67.8463973999023,-79.0595779418945,52.69621455110652,32.411573222686805,1730510807
run,-68.7669601440429,-78.4317626953125,57.72976299783258,19.27452385048981,1730527474
run,-69.7625885009765,-77.8126831054687,60.3724227303777,1.6530994842784903,1730544141
run,-70.9699249267578,-77.5580902099609,60.95131538083274,-20.866958329126923,1730560808
run,-72.3910751342773,-78.1459197998046,59.982207234215416,-47.74339320267698,1730577475
run,-73.5353012084961,-79.7713394165039,58.17614025472954,-77.58768827494882,1730594142
run,-74.5021057128906,-82.0375823974609,56.38019978730383,-108.53577479430318,1730610809
run,-75.4285125732421,-83.7115402221679,55.441499348180294,-138.70251153290158,1730627476
run,-76.5249328613281,-83.5116729736328,56.0236762289324,-166.5175426722058,1730644143
run,-77.3154983520507,-82.081802368164,58.435847447548255,-190.8248968541832,1730660810
run,-78.0500335693359,-80.4777603149414,62.53978025129368,-210.77137737784253,1730677477
run,-79.0438613891601,-78.5114135742187,67.77948743038056,-225.61966948994873,1730694144
run,-80.2032318115234,-75.8950653076171,73.33238662527245,-234.63767037833492,1730710811
run,-81.0120086669921,-72.4587860107421,78.32790568826032,-237.14019092270837,1730727478
run,-81.2932662963867,-68.6571273803711,82.0495361486964,-232.6523533236445,1730744145
run,-81.091194152832,-65.0959014892578,84.05436707964982,-221.09251300772027,1730760812
run,-80.5318222045898,-62.0049781799316,84.19767052519605,-202.87149405919843,1730777479
run,-79.7313919067382,-59.5640106201171,82.59753644678705,-178.86563767074827,1730794146
run,-78.7537612915039,-57.5913848876953,79.58398654191718,-150.29977348900655,1730810813
run,-77.6652679443359,-55.8927421569824,75.65133743282324,-118.62030303960644,1730827480
run,-76.5541763305664,-54.5085563659668,71.40057660031714,-85.42148059236891,1730844147
run,-75.4607849121093,-53.3347473144531,67.44813768878798,-52.4258522149027,1730860814
run,-74.3807373046875,-52.5696716308593,64.29551874156135,-21.45811655799569,1730877481
run,-73.2633590698242,-52.7468566894531,62.185332996728256,5.665601048235709,1730894148
run,-72.1180877685546,-53.4500541687011,60.991334239428824,27.367903988498647,1730910815
run,-70.9843673706054,-54.6518630981445,60.189074979160914,42.61309196463079,1730927482
run,-69.8278350830078,-56.0956573486328,58.9296066069991,51.16564510535386,1730944149
run,-68.7531127929687,-57.1044883728027,56.200606661500586,53.67451427722989,1730960816
run,-68.0132293701171,-57.54638671875,51.024780259431274,51.51661151704627,1730977483
run,-67.6533432006836,-58.1245498657226,42.634229181959604,46.444130816758104,1730994150
run,-67.3815765380859,-58.6591415405273,30.58012930986884,40.17662577104791,1731010817
run,-67.0741882324218,-59.1386680603027,14.77452707744646,34.10157594650787,1731027484
run,-66.9120712280273,-59.8406753540039,-4.512877415433121,29.186231866520934,1731044151
run,-67.0875701904296,-61.2614707946777,-26.680691950785487,26.095255036900166,1731060818
run,-67.8519821166992,-63.0563468933105,-50.839031922887095,25.402024294544624,1731077485
run,-69.3784255981445,-64.1568145751953,-75.87471917900936,27.724578119453305,1731094152
run,-71.7586059570312,-64.2225646972656,-100.53542987802331,33.653830062047625,1731110819
run,-74.654052734375,-64.2906417846679,-123.51516815211052,43.47411765837645,1731127486
run,-77.4484634399414,-64.8843154907226,-143.52629726931534,56.829155149365874,1731144153
run,-80.3240509033203,-66.3436126708984,-159.372030020192,72.54957259424506,1731160820
run,-82.9541397094726,-68.3262176513671,-170.0601988996854,88.78297695387452,1731177487
run,-84.7779846191406,-70.5432434082031,-174.98320462228727,103.40901656284476,1731194154
run,-84.7808685302734,-73.0216217041015,-174.12580094683258,114.5820619589562,1731210821
run,-83.0972366333007,-75.3302841186523,-168.1988543783428,121.19210508024405,1731227488
run,-81.0087661743164,-77.3372497558593,-158.58951160028596,123.08057601678391,1731244155
run,-78.9647979736328,-79.1511917114257,-147.08248092027517,120.95887274240646,1731260822
run,-77.0538864135742,-80.8815002441406,-135.41082535536037,116.09747554299678,1731277489
run,-75.4087142944336,-82.587776184082,-124.78278832353212,109.9269266192792,1731294156
run,-73.7797393798828,-84.2764587402343,-115.55948328709161,103.6925876490134,1731310823
run,-71.9561309814453,-85.9067153930664,-107.21201944195688,98.2490129096525,1731327490
run,-69.9720001220703,-87.3967666625976,-98.58243253692342,94.00757550427916,1731344157
run,-68.0931243896484,-88.3775558471679,-88.35315273138873,90.99835189719258,1731360824
run,-66.4950180053711,-87.9493865966796,-75.54875563355796,88.98803146874019,1731377491
run,-65.3230743408203,-86.7445449829101,-59.8890110100755,87.60307161525863,1731394158
run,-64.5850982666015,-85.3661651611328,-41.88134519497521,86.42566038765545,1731410825
run,-64.4853210449218,-83.7805709838867,-22.646709148082145,85.04565000908649,1731427492
run,-65.0988311767578,-82.1505508422851,-3.5705654408600216,83.06005283715237,1731444159
run,-65.7374877929687,-80.8291549682617,14.073837773410682,80.02026077195545,1731460826
run,-66.0636444091796,-79.9478378295898,29.389731621307238,75.34822314676983,1731477493
run,-66.6075973510742,-79.2859573364257,41.936516463374474,68.27587269470307,1731494160
run,-67.5563812255859,-78.5507049560546,51.646261319759475,57.88199838558149,1731510827
run,-68.5286026000976,-77.6148071289062,58.66307459915319,43.27466292155552,1731527494
run,-69.4711532592773,-76.6918106079101,63.19925756792658,23.890627488139124,1731544161
run,-70.5069046020507,-76.1748886108398,65.46937043371219,-0.20349999333956312,1731560828
run,-71.8127975463867,-76.3554000854492,65.71850333284398,-28.160084123660848,1731577495
run,-73.4471664428711,-77.4229660034179,64.3163631814024,-58.45230216392531,1731594162
run,-74.8156661987304,-79.2847824096679,61.85117947231068,-89.21668030548649,1731610829
run,-75.8834686279296,-81.5265960693359,59.14545586788361,-118.70280347544951,1731627496
run,-76.8392639160156,-82.8322677612304,57.145909100333334,-145.6373247077863,1731644163
run,-77.8180389404296,-82.2736129760742,56.702759419918976,-169.34875975818625,1731660830
run,-78.5614624023437,-81.2135162353515,58.31526694475714,-189.62090549847397,1731677497
run,-79.1530990600586,-80.2289505004882,61.94958021529925,-206.3792851502527,1731694164
run,-79.977066040039,-78.7379455566406,67.01720188562862,-219.38768339334956,1731710831
run,-81.0910873413086,-76.3921661376953,72.53951349873307,-228.10398624832376,1731727498
run,-81.7936477661132,-73.2920227050781,77.43909096429098,-231.7467658265807,1731744165
run,-81.9059982299804,-69.7521667480468,80.83861972713655,-229.52157955751582,1731760832
run,-81.5346450805664,-66.0470733642578,82.25354721483916,-220.89616894074442,1731777499
run,-80.8441009521484,-62.7722549438476,81.62976677312881,-205.80896489136222,1731794166
run,-79.8867645263671,-60.2736053466796,79.2542254497072,-184.7385434352327,1731810833
run,-78.7539138793945,-58.1860389709472,75.60806817566647,-158.63414745650817,1731827500
run,-77.6367645263671,-56.5442085266113,71.2281120311653,-128.77340001400444,1731844167
run,-76.6241607666015,-55.1070404052734,66.6119266855585,-96.63321358427795,1731860834
run,-75.6904602050781,-53.7464370727539,62.16881404599263,-63.821331710086554,1731877501
run,-74.7496719360351,-52.7673187255859,58.19867287311596,-32.04770503717386,1731894168
run,-73.7552185058593,-52.6580009460449,54.87744076602592,-3.066943401674258,1731910835
run,-72.7421798706054,-53.2290573120117,52.23748864504113,21.46838691260289,1731927502
run,-71.769058227539,-54.2673416137695,50.1450271559698,40.24235694244175,1731944169
run,-70.789566040039,-55.4459953308105,48.28510563360488,52.524851720051146,1731960836
run,-69.8310394287109,-56.5123863220214,46.163544254640065,58.32983838931887,1731977503
run,-69.1111221313476,-57.1630020141601,43.12760495815855,58.4076406626277,1731994170
run,-68.7485733032226,-57.8113174438476,38.403735049790654,54.0714888043978,1732010837
run,-68.5113525390625,-58.5647468566894,31.158388171448067,46.933299584388934,1732027504
run,-68.1983642578125,-59.2207870483398,20.598642179776014,38.65308492274591,1732044171
run,-67.9559555053711,-59.8104362487793,6.123905771553333,30.777924970761845,1732060838
run,-67.9546813964843,-60.8118324279785,-12.489910089605088,24.683747436907293,1732077505
run,-68.4026184082031,-62.1981887817382,-34.92921700409764,21.57074501430491,1732094172
run,-69.5516281127929,-63.2389602661132,-60.272599250152,22.428908825251504,1732110839
run,-71.5486526489257,-63.4669189453125,-87.05156378093675,27.90786312653012,1732127506
run,-74.2186584472656,-63.6464614868164,-113.42849385019912,38.10182712851742,1732144173
run,-77.0794067382812,-64.3223114013671,-137.43665628968165,52.35520727149241,1732160840
run,-79.9752655029296,-65.7083892822265,-157.226363529624,69.23159972134657,1732177507
run,-82.7917098999023,-67.6048126220703,-171.29274343761253,86.72830035157067,1732194174
run,-84.9697799682617,-69.7672500610351,-178.6847715792268,102.69752454088591,1732210841
run,-85.5311660766601,-72.1201019287109,-179.18365422177405,115.33294458378396,1732227508
run,-84.0228958129882,-74.4302825927734,-173.40355545075016,123.54974224299652,1732244175
run,-81.6886596679687,-76.5405349731445,-162.74728409422875,127.13396683993551,1732260842
run,-79.4094085693359,-78.4477844238281,-149.1715391123437,126.63444985564821,1732277509
run,-77.3683547973632,-80.2291412353515,-134.77860647408139,123.07224567831844,1732294176
run,-75.7074432373046,-82.0277481079101,-121.32737426529071,117.6013879728881,1732310843
run,-74.3466567993164,-83.8238830566406,-109.81049878946779,111.24568894284519,1732327510
run,-72.8885345458984,-85.4881134033203,-100.24696803425086,104.77305270957719,1732344177
run,-71.2105407714843,-86.9202499389648,-91.77835499791213,98.69372862732342,1732360844
run,-69.4496536254882,-87.8376235961914,-83.04835697848918,93.32301952884367,1732377511
run,-67.8580703735351,-87.6801605224609,-72.73372098173142,88.8466544741068,1732394178
run,-66.5654754638671,-86.7585906982421,-60.03473320909419,85.35452213026014,1732410845
run,-65.6947174072265,-85.5530090332031,-44.95416430195577,82.84018459238595,1732427512
run,-65.3101959228515,-84.1425170898437,-28.28129505729649,81.17997386027358,1732444179
run,-65.68212890625,-82.5945053100586,-11.31118536117788,80.10214814557516,1732460846
run,-66.495491027832,-81.1293182373046,4.575182928241894,79.14537994050421,1732477513
run,-66.9076156616211,-80.0134506225586,18.30207567933059,77.60660111008579,1732494180
run,-67.2129516601562,-79.1611251831054,29.324199289830226,74.5011649133648,1732510847
run,-67.8518753051757,-78.3389587402343,37.63777515203319,68.58892128987296,1732527514
run,-68.572883605957,-77.5005722045898,43.62547852805774,58.52514987280653,1732544181
run,-69.3391876220703,-76.5771026611328,47.834481678565155,43.152222126539684,1732560848
run,-70.0248641967773,-75.6672821044921,50.78340840294182,21.868118238435084,1732577515
run,-70.8633499145507,-75.122817993164,52.860107550907266,-5.064318268260697,1732594182
run,-72.1989822387695,-75.4997329711914,54.32806630552708,-36.41813562360894,1732610849
run,-73.5016860961914,-76.8919143676757,55.41186170937127,-70.19635783670257,1732627516
run,-74.6228332519531,-79.0232315063476,56.39419734334366,-104.07551729262612,1732644183
run,-75.7584609985351,-81.3535079956054,57.6511498811773,-135.93265760908633,1732660850
run,-76.7935791015625,-82.3351211547851,59.587073540376004,-164.24458582751845,1732677517
run,-77.7106246948242,-81.612548828125,62.48812070060346,-188.2114330316517,1732694184
run,-78.4049682617187,-80.6109161376953,66.3631712334725,-207.59571348941813,1732710851
run,-79.1373519897461,-79.4941635131836,70.85861548043906,-222.40274900018966,1732727518
run,-80.1470489501953,-77.6235809326171,75.3065122028059,-232.58191350476673,1732744185
run,-81.0029373168945,-74.8572921752929,78.90160669253446,-237.88074526461705,1732760852
run,-81.3589630126953,-71.5397491455078,80.93601892865217,-237.8814912919431,1732777519
run,-81.2141876220703,-68.0000305175781,80.99475272838879,-232.1601416361108,1732794186
run,-80.6098937988281,-64.4963836669921,79.04568611482604,-220.47192870638844,1732810853
run,-79.7586975097656,-61.4570236206054,75.4165693764658,-202.88500162082744,1732827520
run,-78.7722473144531,-59.0553665161132,70.6959418175996,-179.83242020891467,1732844187
run,-77.7417984008789,-57.0787353515625,65.60383873212987,-152.10192119230754,1732860854
run,-76.7044525146484,-55.4886932373046,60.86172714396794,-120.80688640580998,1732877521
run,-75.6656265258789,-54.016860961914,57.07247863024555,-87.36863952142569,1732894188
run,-74.6124496459961,-52.8346633911132,54.615293343742934,-53.50003269570715,1732910855
run,-73.5371170043945,-52.2506942749023,53.566117830897014,-21.142612620307876,1732927522
run,-72.4546203613281,-52.4976615905761,53.660638181310546,7.694065925426207,1732944189
run,-71.3433990478515,-53.3142318725585,54.31520769072373,31.200867300102868,1732960856
run,-70.2266693115234,-54.4994659423828,54.70871087307112,48.08913476129065,1732977523
run,-69.1439895629882,-55.789264678955,53.9096666595026,57.85703844731434,1732994190
run,-68.2315292358398,-56.7836990356445,51.0170848800389,60.89790056261605,1733010857
run,-67.6296463012695,-57.6402740478515,45.28089664297389,58.40173712518158,1733027524
run,-67.2721557617187,-58.4847335815429,36.181668391710986,52.08363825402834,1733044191
run,-66.9964294433593,-59.1120109558105,23.47121550200258,43.83830426636439,1733060858
run,-66.7737350463867,-59.5044593811035,7.189906159169566,35.43780576269114,1733077525
run,-66.7470550537109,-60.0829811096191,-12.326793025412899,28.357314852880343,1733094192
run,-67.0764923095703,-61.3722915649414,-34.45502744014806,23.74766762025363,1733110859
run,-68.0674362182617,-62.8957786560058,-58.315346655333926,22.496603285985255,1733127526
run,-69.8328399658203,-63.7456359863281,-82.83711706059542,25.268587710074033,1733144193
run,-72.3615798950195,-63.9248466491699,-106.8392448421205,32.43126173527505,1733160860
run,-75.2960510253906,-64.1668014526367,-129.09920056245062,43.872208085097384,1733177527
run,-78.0962524414062,-65.0315704345703,-148.39917825023494,58.81931228755235,1733194194
run,-80.9193954467773,-66.6231994628906,-163.57857944362712,75.81264217331103,1733210861
run,-83.3937835693359,-68.6047668457031,-173.64606773187657,92.90632696061623,1733227528
run,-84.6909790039062,-70.8559265136718,-177.97392419627445,108.05870546537278,1733244195
run,-84.0808334350586,-73.3052139282226,-176.52246885762142,119.57657307674141,1733260862
run,-82.2173233032226,-75.6475524902343,-169.98070045685924,126.45843365411731,1733277529
run,-80.0091857910156,-77.7923049926757,-159.71348123102658,128.5307641780639,1733294196
run,-77.8760681152343,-79.7106323242187,-147.47867580491962,126.36047412495718,1733310863
run,-76.0158920288086,-81.5149002075195,-134.97969673613372,121.01212218320356,1733327530
run,-74.3900985717773,-83.3153457641601,-123.40017058197003,113.7596046005665,1733344197
run,-72.7403793334961,-85.0246047973632,-113.0917139559774,105.84497665453416,1733360864
run,-70.9440155029296,-86.5226211547851,-103.53909590187229,98.32333742336671,1733377531
run,-69.060920715332,-87.7440567016601,-93.6236908269203,91.98185176392772,1733394198
run,-67.3170623779296,-88.2227096557617,-82.08922883164311,87.300734093006,1733410865
run,-65.7992095947265,-87.5668411254882,-68.0369004154294,84.43381942460424,1733427532
run,-64.707778930664,-86.4015274047851,-51.27291843504314,83.20592167809617,1733444199
run,-64.152473449707,-85.0324096679687,-32.39677504186638,83.13419945921898,1733460866
run,-64.4425354003906,-83.4814910888671,-12.62120654485476,83.4755513175946,1733477533
run,-65.1005172729492,-81.8995208740234,6.585424954934874,83.28952265668097,1733494200
run,-65.637451171875,-80.5641632080078,23.88619956571778,81.50116205971452,1733510867
run,-66.070327758789,-79.5912857055664,38.354478307059686,76.96193841517162,1733527534
run,-66.9650955200195,-78.8496627807617,49.57639369972729,68.53400952051483,1733544201
run,-68.1193466186523,-78.1380615234375,57.59139926563925,55.23866308452483,1733560868
run,-69.1419982910156,-77.2471618652343,62.7347083921029,36.48578436438095,1733577535
run,-70.0930099487304,-76.3893585205078,65.45513031707478,12.33612199481147,1733594202
run,-71.0931167602539,-76.0784530639648,66.17316488212468,-16.319922369996018,1733610869
run,-72.3362960815429,-76.6847763061523,65.22675727323086,-47.796941674153594,1733627536
run,-73.9981918334961,-78.3180084228515,62.91681336677004,-79.91997909013185,1733644203
run,-75.5280303955078,-80.5633544921875,59.61317573029102,-110.52618717150834,1733660870
run,-76.5997772216796,-82.2492141723632,55.84218424666763,-137.9730905313501,1733677537
run,-77.5524139404296,-81.9191284179687,52.281141198613994,-161.44180365271765,1733694204
run,-78.4135360717773,-80.3181457519531,49.63599914847107,-180.91537211944143,1733710871
run,-79.0590362548828,-79.1787872314453,48.44588966995407,-196.8658710727291,1733727538
run,-79.6543197631836,-78.3142471313476,48.90379260387253,-209.8091843874073,1733744205
run,-80.2680053710937,-76.7718963623046,50.78413502291486,-219.91999257027175,1733760872
run,-80.9509811401367,-74.3796920776367,53.52277743614061,-226.84325603218306,1733777539
run,-81.3329696655273,-71.3239517211914,56.42237937197216,-229.7425718349046,1733794206
run,-81.3626251220703,-67.6108322143554,58.89590091855593,-227.54003722034741,1733810873
run,-81.104133605957,-63.8933753967285,60.64792863572896,-219.24814526629498,1733827540
run,-80.6177062988281,-60.7176437377929,61.73055027401112,-204.27722939638417,1733844207
run,-79.9710845947265,-58.2278137207031,62.46974959165547,-182.62834363551244,1733860874
run,-79.1603012084961,-56.3521270751953,63.30657240842602,-154.94500759612825,1733877541
run,-78.212158203125,-54.6633987426757,64.6172867281442,-122.46223188593673,1733894208
run,-77.2307891845703,-53.08003616333,66.56983551619889,-86.91369772116077,1733910875
run,-76.2745285034179,-51.8833198547363,69.05119722649707,-50.427106781630044,1733927542
run,-75.2860107421875,-51.2486419677734,71.67336829737437,-15.386996582123414,1733944209
run,-74.1924667358398,-51.5116386413574,73.84310831638646,15.778671249042224,1733960876
run,-73.0271530151367,-52.4715881347656,74.86776208872026,40.90416384688532,1733977543
run,-71.8333358764648,-53.9068145751953,74.06753059513514,58.43813596549518,1733994210
run,-70.619384765625,-55.4379959106445,70.86965754706856,67.7419080919433,1734010877
run,-69.435920715332,-56.6563072204589,64.86692461564134,69.22392218033036,1734027544
run,-68.4897766113281,-57.5677452087402,55.83124662255576,64.24880877140293,1734044211
run,-67.9863967895507,-58.277530670166,43.68764173777428,54.84499408987742,1734060878
run,-67.7785568237304,-58.9070205688476,28.474078456634874,43.312318052924326,1734077545
run,-67.5990829467773,-59.3818778991699,10.325335259876983,31.859008748991933,1734094212
run,-67.5153503417968,-60.0137596130371,-10.492987823982485,22.364103110033092,1734110879
run,-67.7176895141601,-61.3225402832031,-33.510682170610956,16.287478989287496,1734127546
run,-68.6094665527343,-62.7185134887695,-57.98595533971185,14.671093817983046,1734144213
run,-70.3971710205078,-63.3557777404785,-82.8971280843162,18.133417369962498,1734160880
run,-72.9855499267578,-63.4846153259277,-107.01211267670251,26.788699918056544,1734177547
run,-75.9861373901367,-63.8480491638183,-129.0112302709417,40.11554442812504,1734194214
run,-78.8762741088867,-64.8286895751953,-147.6234555879608,56.8868474255439,1734210881
run,-81.805908203125,-66.5242156982421,-161.75937617755733,75.27795795370513,1734227548
run,-84.2423477172851,-68.5644073486328,-170.65281642844926,93.18181971442088,1734244215
run,-85.4126052856445,-70.8114700317382,-174.01500474096105,108.64445195837563,1734260882
run,-84.5075302124023,-73.1737442016601,-172.1597248632078,120.26763279596703,1734277549
run,-82.5342864990234,-75.3675537109375,-166.02022793375045,127.43893526867012,1734294216
run,-80.3517074584961,-77.4445037841796,-156.99295402801278,130.32532400159275,1734310883
run,-78.2064590454101,-79.4329528808593,-146.6115075889869,129.66384288881807,1734327550
run,-76.3076705932617,-81.3900451660156,-136.13950364408112,126.45535148450448,1734344217
run,-74.5674667358398,-83.3610305786132,-126.22600369127548,121.68309836932895,1734360884
run,-72.7088470458984,-85.2510452270507,-116.76161646059568,116.13748065050349,1734377551
run,-70.6945571899414,-86.9427108764648,-107.00311126944297,110.36282686531212,1734394218
run,-68.7461700439453,-88.1995162963867,-95.92590226315578,104.6901902830471,1734410885
run,-67.046875,-87.9683761596679,-82.66758584497771,99.3024902293171,1734427552
run,-65.6464614868164,-86.653091430664,-66.8908869354442,94.28966518149863,1734444219
run,-64.8082122802734,-85.2198410034179,-48.93625463577598,89.67329391175926,1734460886
run,-64.5938644409179,-83.7421722412109,-29.727554401474755,85.39736557807261,1734477553
run,-64.9527816772461,-82.1932983398437,-10.493945325016876,81.2899908141023,1734494220
run,-65.4673080444336,-80.8008346557617,7.564217208012877,77.00443466881069,1734510887
run,-65.7797393798828,-79.765998840332,23.533506090154056,71.95631959853306,1734527554
run,-66.2475280761718,-79.0428466796875,36.89366902894771,65.2920438290722,1734544221
run,-67.1837463378906,-78.4242858886718,47.47847250419825,55.94022679755809,1734560888
run,-68.1931762695312,-77.7339935302734,55.35716984674402,42.78853601466884,1734577555
run,-69.1488800048828,-76.9494705200195,60.713883870213685,24.977071119498007,1734594222
run,-70.1223526000976,-76.3237380981445,63.7789214567148,2.2235213480198466,1734610889
run,-71.3274917602539,-76.2322235107421,64.83300156053218,-24.958765065645167,1734627556
run,-72.9786911010742,-77.072036743164,64.27037959109515,-55.27459190447406,1734644223
run,-74.4239654541015,-78.989387512207,62.671308277611196,-86.9245289700151,1734660890
run,-75.477783203125,-81.4737319946289,60.814983265128106,-118.04704316904171,1734677557
run,-76.5358276367187,-82.9404525756836,59.583230218652425,-147.13133966879425,1734694224
run,-77.5278625488281,-81.8602828979492,59.76018923321424,-173.21465992840595,1734710891
run,-78.4584350585937,-80.1717681884765,61.79290158045079,-195.79438149557745,1734727558
run,-79.1959381103515,-79.0680618286132,65.60945789135506,-214.54337326340976,1734744225
run,-79.9767761230468,-77.8276748657226,70.58081341413663,-229.01624272486947,1734760892
run,-80.9970626831054,-75.5762252807617,75.66111426438911,-238.51610014853472,1734777559
run,-81.4624099731445,-72.3636093139648,79.66744906116476,-242.1819102955667,1734794226
run,-81.4625015258789,-68.5958175659179,81.60053003949231,-239.2340159232293,1734810893
run,-81.107551574707,-64.9269714355468,80.89841140360554,-229.24675704139204,1734827560
run,-80.4626159667968,-61.7328491210937,77.55698206310481,-212.32389447055593,1734844227
run,-79.631965637207,-59.0188179016113,72.10900429667734,-189.1181778521553,1734860894
run,-78.65283203125,-56.872989654541,65.49225409242169,-160.7210761501635,1734877561
run,-77.6242523193359,-55.3511238098144,58.84822888222688,-128.50621673182772,1734894228
run,-76.5818176269531,-53.9795951843261,53.290114505732134,-94.01250908358614,1734910895
run,-75.5848922729492,-52.694766998291,49.67747790016565,-58.90437888585798,1734927562
run,-74.6260910034179,-51.7440490722656,48.43726220127897,-24.97643162761754,1734944229
run,-73.6886596679687,-51.75341796875,49.46712504282112,5.87961581921517,1734960896
run,-72.7884521484375,-52.3374938964843,52.140924720284985,31.820492622882206,1734977563
run,-71.8494796752929,-53.5783462524414,55.41067565249007,51.31765859151102,1734994230
run,-70.8194351196289,-55.0965614318847,57.97561343715346,63.46758778535767,1735010897
run,-69.7993698120117,-56.4631538391113,58.47706285423047,68.22092082501383,1735027564
run,-68.9654312133789,-57.4425392150878,55.6814291181037,66.42526660542885,1735044231
run,-68.3548812866211,-58.3247146606445,48.62990693341174,59.655414152516755,1735060898
run,-67.8526535034179,-59.0311737060546,36.75237663012744,49.897779124392564,1735077565
run,-67.4788131713867,-59.5935363769531,19.95069352286314,39.20996978287387,1735094232
run,-67.3426513671875,-60.1657791137695,-1.3530137119270411,29.46572712110936,1735110899
run,-67.5711517333984,-61.2993850708007,-26.223715597751145,22.232599848822865,1735127566
run,-68.5093917846679,-62.7322692871093,-53.29938285396897,18.748580502654175,1735144233
run,-70.2842178344726,-63.6059341430664,-80.95434022385182,19.9068295426551,1735160900
run,-72.8678436279296,-63.7197837829589,-107.49997486086168,26.165404618906926,1735177567
run,-75.8241882324218,-63.853172302246,-131.35942590008156,37.379767981954366,1735194234
run,-78.6848220825195,-64.5624084472656,-151.17305545426984,52.65638888762339,1735210901
run,-81.5447235107421,-66.0651550292968,-165.8490017254481,70.3627931653685,1735227568
run,-83.9813919067382,-68.02099609375,-174.62102163864137,88.36718420817844,1735244235
run,-85.1534576416015,-70.2692718505859,-177.1647739182183,104.46363011003619,1735260902
run,-84.2848815917968,-72.6899490356445,-173.75370811451674,116.84425424259265,1735277569
run,-82.2431869506836,-74.9909057617187,-165.36156746592383,124.45663252165052,1735294236
run,-80.0498352050781,-77.0507659912109,-153.60077360042652,127.13546023083589,1735310903
run,-78.0268096923828,-78.9284210205078,-140.442636093224,125.49301780203653,1735327570
run,-76.2695617675781,-80.7589035034179,-127.7658514800505,120.6461622635831,1735344237
run,-74.7833099365234,-82.6731414794921,-116.87156310058721,113.90306665486165,1735360904
run,-73.2832794189453,-84.5222473144531,-108.14098309675093,106.51303839394184,1735377571
run,-71.5627670288086,-86.1532516479492,-100.97414074740402,99.5200494582515,1735394238
run,-69.658218383789,-87.5044860839843,-94.04659264298915,93.70007640312461,1735410905
run,-67.8187789916992,-88.2019119262695,-85.79736500991534,89.53750249117238,1735427572
run,-66.1990203857421,-87.7869796752929,-74.9730043025785,87.20892205554227,1735444239
run,-64.9990844726562,-86.7525482177734,-61.0390019622337,86.57189517805921,1735460906
run,-64.2124481201171,-85.4189300537109,-44.330769524343005,87.17629821945086,1735477573
run,-64.007209777832,-83.8169631958007,-25.918448784195004,88.31358469697228,1735494240
run,-64.4935531616211,-82.1205444335937,-7.261319914684053,89.09853903291135,1735510907
run,-65.1131515502929,-80.5947494506836,10.205715199040629,88.55770590564379,1735527574
run,-65.4431533813476,-79.3289947509765,25.402618977819554,85.69938490748287,1735544241
run,-65.9197158813476,-78.2848434448242,37.75529636999977,79.56595403961092,1735560908
run,-66.779067993164,-77.3388442993164,47.160411395549794,69.29970726054073,1735577575
run,-67.7035751342773,-76.406135559082,53.830795664793825,54.25818454351516,1735594242
run,-68.5263442993164,-75.5647277832031,58.11370482016177,34.18122780850737,1735610909
run,-69.398941040039,-75.0289154052734,60.359059819165054,9.357835162786817,1735627576
run,-70.4297561645507,-75.0374526977539,60.88168522739077,-19.295718392340234,1735644243
run,-71.9738388061523,-75.8103942871093,60.01866717251169,-50.32248219783133,1735660910
run,-73.553970336914,-77.399673461914,58.23359601672878,-81.98718176779647,1735677577
run,-74.6334381103515,-79.5978469848632,56.184389956754345,-112.63741684844858,1735694244
run,-75.4775009155273,-81.603889465332,54.68040954131399,-141.02385342620735,1735710911
run,-76.3915863037109,-81.9643478393554,54.512475931671865,-166.44269053391898,1735727578
run,-77.2033615112304,-81.0822982788086,56.21284310492732,-188.64117321801297,1735744245
run,-77.8904571533203,-80.3879623413086,59.84776431801854,-207.5419278522457,1735760912
run,-78.6205291748046,-79.6046371459961,64.94165701207542,-222.92932846795887,1735777579
run,-79.6649398803711,-77.8391342163086,70.58170469012529,-234.25144826079585,1735794246
run,-80.5978469848632,-75.0126495361328,75.67380203745714,-240.62615525176014,1735810913
run,-81.0704040527343,-71.4048995971679,79.25118312595025,-241.04379325202447,1735827580
run,-81.0597610473632,-67.4794921875,80.71701070659138,-234.67856710227258,1735844247
run,-80.6787338256836,-63.7763519287109,79.94423116356842,-221.1828480928564,1735860914
run,-79.9606399536132,-60.8814582824707,77.22937683165755,-200.85446859236646,1735877581
run,-78.9829864501953,-58.6008377075195,73.15476415063104,-174.6326954882381,1735894248
run,-77.9382247924804,-56.806655883789,68.42942421603439,-143.96176650069327,1735910915
run,-76.9705657958984,-55.1866607666015,63.75810108684709,-110.61011364068135,1735927582
run,-76.0451736450195,-53.7075691223144,59.752328406552934,-76.51768879198161,1735944249
run,-75.075210571289,-52.6129188537597,56.87038133522826,-43.68163287103481,1735960916
run,-74.0699996948242,-52.1931724548339,55.365617931528455,-14.034692763353105,1735977583
run,-73.070571899414,-52.5208282470703,55.23438307265327,10.734377691308184,1735994250
run,-72.0908203125,-53.3934593200683,56.17463507127235,29.41985246638527,1736010917
run,-71.115249633789,-54.5130615234375,57.58023100850463,41.53116003891842,1736027584
run,-70.0848007202148,-55.5736694335937,58.59233228981144,47.41405403855696,1736044251
run,-69.0217514038086,-56.2469635009765,58.20858554832049,48.17860506309438,1736060918
run,-68.1061325073242,-56.6857070922851,55.42549028978164,45.42740324676724,1736077585
run,-67.4331893920898,-57.2446708679199,49.37747716500439,40.868411197275,1736094252
run,-66.9483642578125,-57.8133430480957,39.44602117562778,35.9528601903663,1736110919
run,-66.6012573242187,-58.2542076110839,25.334246068552314,31.669063586282547,1736127586
run,-66.4146957397461,-58.7540855407714,7.1174973369114305,28.556383829966915,1736144253
run,-66.4108200073242,-60.0949211120605,-14.723587627112737,26.91097170255764,1736160920
run,-66.8968505859375,-61.9473114013671,-39.29757414146268,27.065945166137904,1736177587
run,-68.1681747436523,-63.29878616333,-65.34512454208968,29.57594381568764,1736194254
run,-70.4236221313476,-63.5438613891601,-91.34222656406955,35.16318704923773,1736210921
run,-73.2739868164062,-63.5952987670898,-115.6521216788457,44.40689156352571,1736227588
run,-76.0504074096679,-64.0602111816406,-136.69830386368088,57.32132899363397,1736244255
run,-78.8505172729492,-65.2637786865234,-153.13898386696894,73.0586662540335,1736260922
run,-81.4846572875976,-67.1470413208007,-164.04174476225,89.92332592058635,1736277589
run,-83.5167465209961,-69.3721618652343,-169.05279890405953,105.72976182682154,1736294256
run,-84.4600296020507,-71.9017791748046,-168.51959549391802,118.37284920557516,1736310923
run,-83.9787216186523,-74.4176559448242,-163.49305826751043,126.3918657226992,1736327590
run,-82.5699081420898,-76.6681518554687,-155.54882699550265,129.32416551625403,1736344257
run,-80.8640823364257,-78.6759414672851,-146.43159245266776,127.74321380191103,1736360924
run,-79.0503311157226,-80.5080184936523,-137.60924999644706,123.00548775180286,1736377591
run,-77.232192993164,-82.2477493286132,-129.87925621444157,116.83048268470932,1736394258
run,-75.308349609375,-83.9348602294921,-123.16899654109456,110.86860605098744,1736410925
run,-73.2467956542968,-85.5464096069336,-116.61210388681805,106.37620903349175,1736427592
run,-71.0991744995117,-87.1169738769531,-108.88527448857445,104.05063114324477,1736444259
run,-69.0944900512695,-88.3600387573242,-98.69406347337062,104.0188800692367,1736460926
run,-67.4070510864257,-87.8355407714843,-85.24225166704188,105.93933958822944,1736477593
run,-66.1148681640625,-86.028076171875,-68.52976192770289,109.16308836049602,1736494260
run,-65.1890029907226,-83.9978942871093,-49.38994569971572,112.89935914409574,1736510927
run,-64.8539733886718,-81.8288879394531,-29.267691607782464,116.33420054102085,1736527594
run,-65.3272628784179,-79.6630172729492,-9.82373854145455,118.66672159201636,1736544261
run,-65.9920654296875,-77.810791015625,7.494855246302002,119.05896524984621,1736560928
run,-66.3399887084961,-76.2978897094726,21.772052924186706,116.54109156925685,1736577595
run,-66.6327667236328,-74.8664627075195,32.735061611843996,109.9553676941282,1736594262
run,-67.3607330322265,-73.350959777832,40.660489313645094,98.03032516656747,1736610929
run,-68.3082199096679,-71.8132553100586,46.15229386658596,79.62915686711618,1736627596
run,-69.0196533203125,-70.5702819824218,49.894833098078074,54.126745710303595,1736644263
run,-69.6575241088867,-69.8303451538086,52.463740356145166,21.783840495434678,1736660930
run,-70.5502166748046,-69.6690673828125,54.24193711447496,-16.0463961466583,1736677597
run,-72.0008850097656,-70.3352355957031,55.44963588906984,-57.004644798654766,1736694264
run,-73.5855865478515,-72.1365966796875,56.25118810088016,-98.13043159451468,1736710931
run,-74.700942993164,-74.9716415405273,56.86172138765374,-136.4871144116719,1736727598
run,-75.6284866333007,-78.3408126831054,57.575407553616266,-169.8041839678574,1736744265
run,-76.6542129516601,-80.8487396240234,58.68713471620493,-196.90219945316943,1736760932
run,-77.5337677001953,-81.7739105224609,60.35016233433672,-217.73807707856335,1736777599
run,-78.2369766235351,-81.6858444213867,62.458192895462034,-233.06616779021192,1736794266
run,-79.042007446289,-81.0872955322265,64.63600508127722,-243.87678625728628,1736810933
run,-80.1585311889648,-79.3784790039062,66.37057293902828,-250.8576588338649,1736827600
run,-81.1324844360351,-76.4820480346679,67.23709054820974,-254.0847479454958,1736844267
run,-81.6581420898437,-72.7087783813476,67.11225399275513,-253.023315890066,1736860934
run,-81.614143371582,-68.6609268188476,66.26240401255953,-246.78481106552462,1736877601
run,-81.0407791137695,-64.8864212036132,65.25554815315147,-234.50241659605283,1736894268
run,-80.2338256835937,-61.5536994934082,64.73712839885917,-215.6801165652732,1736910935
run,-79.2805709838867,-58.768756866455,65.17521429607804,-190.42177462661502,1736927602
run,-78.236099243164,-56.5626907348632,66.68765106307076,-159.5176349673594,1736944269
run,-77.1417541503906,-54.7935066223144,69.01470695613028,-124.41418091102067,1736960936
run,-75.9524307250976,-53.3467712402343,71.62743699735638,-87.10251294825484,1736977603
run,-74.6574783325195,-52.2827758789062,73.90296989657247,-49.94235228195631,1736994270
run,-73.3545150756836,-52.0056343078613,75.27934664909313,-15.41937290514204,1737010937
run,-72.1351852416992,-52.3954010009765,75.3282361184155,14.16364846069017,1737027604
run,-71.0529251098632,-53.4462509155273,73.73656361341286,37.02955068670194,1737044271
run,-70.0477218627929,-54.8599586486816,70.23841843885542,52.22789087135263,1737060938
run,-68.9261474609375,-56.1654739379882,64.55873639440028,59.797450249220006,1737077605
run,-67.7686538696289,-57.0356369018554,56.409890530169044,60.71941693394564,1737094272
run,-67.0022201538086,-57.8483695983886,45.53900777253283,56.66287779000029,1737110939
run,-66.65380859375,-58.5890083312988,31.792729508964186,49.607653737884114,1737127606
run,-66.4606704711914,-59.0970916748046,15.169120117181778,41.476549327481884,1737144273
run,-66.3650894165039,-59.5765647888183,-4.149006760964403,33.89505241449362,1737160940
run,-66.4697647094726,-60.6805686950683,-25.76970785595928,28.1306204494481,1737177607
run,-67.0513839721679,-62.4733848571777,-49.074665685838795,25.17213798920538,1737194274
run,-68.3873519897461,-63.9548950195312,-73.22295713091536,25.829652508291062,1737210941
run,-70.5467681884765,-64.2420043945312,-97.18971263790175,30.71724382908667,1737227608
run,-73.3180160522461,-64.2787246704101,-119.83484748770925,40.06412914415862,1737244275
run,-76.1181869506836,-64.7374114990234,-139.9827411552264,53.44338238366517,1737260942
run,-78.9553985595703,-65.9934005737304,-156.50618691788193,69.60718790134997,1737277609
run,-81.6306457519531,-67.9067077636718,-168.4356102966978,86.58970443722305,1737294276
run,-83.6716995239257,-70.0940933227539,-175.11729182903147,102.10274566658425,1737310943
run,-84.3728790283203,-72.6441497802734,-176.40108217475554,114.0990489206009,1737327610
run,-83.3399505615234,-75.1587295532226,-172.77888085761052,121.29615581481235,1737344277
run,-81.4405822753906,-77.3458709716796,-165.37401466174683,123.47006487359356,1737360944
run,-79.3083190917968,-79.2103881835937,-155.72533840756284,121.42483586909708,1737377611
run,-77.2566833496093,-80.9143524169921,-145.3985990927286,116.67459961381273,1737394278
run,-75.4615249633789,-82.609390258789,-135.54492083328654,110.9756884182058,1737410945
run,-73.6828460693359,-84.3151473999023,-126.56856167039743,105.87411880169684,1737427612
run,-71.7143478393554,-85.8952560424804,-118.04022385370382,102.38930140616353,1737444279
run,-69.5865020751953,-87.2814254760742,-108.90287143085772,100.8801697540154,1737460946
run,-67.5387344360351,-88.2006072998046,-97.89955755094269,101.07926462168567,1737477613
run,-65.7525634765625,-87.7329864501953,-84.06218830582458,102.25082039938687,1737494280
run,-64.4138870239257,-86.2623596191406,-67.08069577706539,103.42058607353532,1737510947
run,-63.5923881530761,-84.5050277709961,-47.42949364832289,103.62159323010934,1737527614
run,-63.4663429260253,-82.5423278808593,-26.230474531142494,102.09556989692705,1737544281
run,-64.0498123168945,-80.4884719848632,-4.93314002936855,98.39131343588592,1737560948
run,-64.6476058959961,-78.9129409790039,15.047369849213423,92.32288755929687,1737577615
run,-64.997200012207,-78.0115356445312,32.599170439039796,83.80174945948539,1737594282
run,-65.5645523071289,-77.4682388305664,47.022274118589195,72.62680888184408,1737610949
run,-66.6635131835937,-76.8840560913086,57.99889909587824,58.36392429772194,1737627616
run,-67.9235610961914,-76.0226669311523,65.50096534229779,40.42296395598336,1737644283
run,-69.0481719970703,-75.076171875,69.70556615818427,18.337317380425393,1737660950
run,-70.1331481933593,-74.4817123413086,70.95245597869923,-7.878443244246132,1737677617
run,-71.5279541015625,-74.7657623291015,69.74371181282906,-37.487229253051616,1737694284
run,-73.3037490844726,-76.089241027832,66.76162069005657,-69.05641660461146,1737710951
run,-74.6721649169921,-78.2068557739257,62.86113623492145,-100.76826025944452,1737727618
run,-75.5019073486328,-80.8486328125,58.990335084697136,-130.87676148676888,1737744285
run,-76.3939666748046,-82.7734909057617,56.024814644243484,-158.09533553936862,1737760952
run,-77.3083953857421,-82.8036956787109,54.55934715037735,-181.73917407719046,1737777619
run,-78.000244140625,-81.9630737304687,54.74326464574163,-201.58082067303542,1737794286
run,-78.6203002929687,-80.8646469116211,56.24502863674559,-217.52910422147144,1737810953
run,-79.5359725952148,-79.1006164550781,58.3851968591477,-229.32266108959817,1737827620
run,-80.6299896240234,-76.4689483642578,60.40322751098576,-236.39986296097246,1737844287
run,-81.3119201660156,-73.0517196655273,61.75321297156175,-237.99831614636767,1737860954
run,-81.4089965820312,-69.2022171020507,62.298407349770216,-233.41859407859488,1737877621
run,-81.0398559570312,-65.4649658203125,62.31955083754405,-222.31555889454165,1737894288
run,-80.4580993652343,-62.2793235778808,62.345613656543506,-204.881305685423,1737910955
run,-79.7360382080078,-59.8702201843261,62.89990171635893,-181.85136799036226,1737927622
run,-78.8994598388671,-57.9831848144531,64.28162554057168,-154.36465726724524,1737944289
run,-78.0241012573242,-56.3668174743652,66.46681333954442,-123.78012858953763,1737960956
run,-77.1145858764648,-54.8763923645019,69.14277919836273,-91.55441232618043,1737977623
run,-76.0965347290039,-53.5651397705078,71.82793927042563,-59.216658227237964,1737994290
run,-74.9860000610351,-52.6383438110351,74.00278731557204,-28.388371727800973,1738010957
run,-73.8324813842773,-52.5977058410644,75.1946593625753,-0.7484610000934243,1738027624
run,-72.67431640625,-53.2533493041992,75.00191805997228,22.1295389187265,1738044291
run,-71.5497283935546,-54.4052047729492,73.08347218048407,39.05571309380406,1738060958
run,-70.3811492919921,-55.7929763793945,69.15291076106047,49.515253609992236,1738077625
run,-69.1372985839843,-56.8848228454589,62.99760201293232,53.83430794309058,1738094292
run,-68.0843353271484,-57.4588165283203,54.50919728818251,53.12410843823204,1738110959
run,-67.5124282836914,-58.0718269348144,43.69256105059363,49.00846655006844,1738127626
run,-67.3191223144531,-58.6910972595214,30.634102728098004,43.241139562112735,1738144293
run,-67.2064056396484,-59.1740951538085,15.447490043751412,37.36308234141125,1738160960
run,-67.1125030517578,-59.7102127075195,-1.7582349966151862,32.51744424876671,1738177627
run,-67.1171951293945,-60.7536582946777,-20.85221439733027,29.457995065822946,1738194294
run,-67.4581146240234,-62.3346443176269,-41.60159005866388,28.692801981663052,1738210961
run,-68.458755493164,-63.6860046386718,-63.582142602280165,30.635666243751164,1738227628
run,-70.3852081298828,-64.1025924682617,-86.13127622231595,35.63311708853786,1738244295
run,-73.0839233398437,-64.2645416259765,-108.3639023199158,43.81754474290557,1738260962
run,-76.0220565795898,-64.7557373046875,-129.23270819867759,54.86895999631237,1738277629
run,-78.8661193847656,-65.9360809326171,-147.60582061568707,67.85582175062736,1738294296
run,-81.6792602539062,-67.7016448974609,-162.36277808715118,81.30000625399998,1738310963
run,-83.9673309326171,-69.8011016845703,-172.53524784948755,93.49042999186906,1738327630
run,-85.0377731323242,-72.0842056274414,-177.50037977669479,102.93608278031562,1738344297
run,-84.0235824584961,-74.2912139892578,-177.17745531384955,108.77754887078886,1738360964
run,-81.8264694213867,-76.2412567138671,-172.1319856346746,110.99463159454717,1738377631
run,-79.4224014282226,-77.9482498168945,-163.50055688885396,110.33891529286369,1738394298
run,-77.1195678710937,-79.5541305541992,-152.71803049337433,108.03575593210793,1738410965
run,-75.1431350708007,-81.1874465942382,-141.12091935768981,105.3832291970048,1738427632
run,-73.3613586425781,-82.8499984741211,-129.5689103847903,103.39094543003831,1738444299
run,-71.5010910034179,-84.4751510620117,-118.2350183975329,102.5564154772078,1738460966
run,-69.5662155151367,-86.0693588256836,-106.65470055332256,102.80914303818045,1738477633
run,-67.6580200195312,-87.6096038818359,-94.01840772447989,103.60056758755364,1738494300
run,-65.9661712646484,-88.4178619384765,-79.5892531737642,104.09467403118593,1738510967
run,-64.6141815185546,-87.4562454223632,-63.07763054991015,103.40937219887735,1738527634
run,-63.7441062927246,-85.7921524047851,-44.829074211577556,100.85669244808648,1738544301
run,-63.4880294799804,-83.9069366455078,-25.764458059062605,96.12400309091223,1738560968
run,-64.0847015380859,-81.9991912841796,-7.114597681251394,89.33595995628765,1738577635
run,-64.7454147338867,-80.5233001708984,9.927969728387968,80.95395942921483,1738594302
run,-65.0806579589843,-79.7187423706054,24.4946719623953,71.51997022348178,1738610969
run,-65.4604949951171,-79.3021545410156,36.16728656034481,61.32717071799596,1738627636
run,-66.2773284912109,-78.920913696289,44.93875323902476,50.16222913336251,1738644303
run,-67.2358169555664,-78.406379699707,51.0753831785199,37.26340723915452,1738660970
run,-68.0945663452148,-77.8033447265625,54.96510390186046,21.555407738766927,1738677637
run,-68.9733810424804,-77.216079711914,57.01110524834397,2.090407231279147,1738694304
run,-69.9361343383789,-76.8422622680664,57.59589984055047,-21.48630251689613,1738710971
run,-71.3456497192382,-77.2082748413086,57.11087814383641,-48.657342018423755,1738727638
run,-72.7772064208984,-78.6848831176757,56.01682428066093,-78.0785926598989,1738744305
run,-73.8288192749023,-80.9742050170898,54.87839875600347,-107.93742381176584,1738760972
run,-74.6448669433593,-83.0586395263671,54.32116333013053,-136.459239192253,1738777639
run,-75.6515502929687,-83.2503509521484,54.90054816539648,-162.32510053933143,1738794306
run,-76.5803298950195,-81.6085510253906,56.92568330676376,-184.81690711812456,1738810973
run,-77.3657302856445,-79.848030090332,60.31504023446958,-203.65748675685117,1738827640
run,-78.2016677856445,-78.1875076293945,64.55954396291288,-218.67166364790097,1738844307
run,-79.2967453002929,-76.1528549194336,68.8327359492351,-229.47183664818508,1738860974
run,-80.3753890991211,-73.5160064697265,72.22638827164194,-235.33662233944898,1738877641
run,-81.0593490600586,-70.1133804321289,74.02894709134172,-235.33978702167644,1738894308
run,-81.2861633300781,-66.2629165649414,73.93945920789696,-228.66395682829935,1738910975
run,-81.0833282470703,-62.7252197265625,72.13877507283448,-214.95263909335404,1738927642
run,-80.5252456665039,-59.8308677673339,69.20362949561819,-194.54459602989166,1738944309
run,-79.6576538085937,-57.4795875549316,65.91013614889938,-168.49937609984488,1738960976
run,-78.6184463500976,-55.8374328613281,63.00499598825363,-138.4276061889067,1738977643
run,-77.5901870727539,-54.5609169006347,61.02028554642064,-106.22443035161238,1738994310
run,-76.6848373413086,-53.2781600952148,60.179853623078884,-73.82339614255751,1739010977
run,-75.8686904907226,-52.2089118957519,60.40610861821218,-43.03916844657638,1739027644
run,-75.0351638793945,-51.6067543029785,61.4003765419864,-15.489242484796419,1739044311
run,-74.1331710815429,-51.7546768188476,62.75072614985866,7.4690708333783435,1739060978
run,-73.1744842529296,-52.3263816833496,64.02360004355822,24.845527328197672,1739077645
run,-72.1540908813476,-53.3442611694335,64.81463395102317,36.17226076535033,1739094312
run,-71.0639266967773,-54.4852409362793,64.75668991661342,41.648538027114995,1739110979
run,-69.9482803344726,-55.429214477539,63.497331082984346,42.18510246615656,1739127646
run,-68.934455871582,-55.9843139648437,60.66141924940181,39.28003681202889,1739144313
run,-68.1544113159179,-56.4958801269531,55.814763829011305,34.7248622867206,1739160980
run,-67.5475387573242,-56.8785438537597,48.4493017796383,30.21876038148144,1739177647
run,-67.0572280883789,-57.1125755310058,38.01622335485719,27.019300003693346,1739194314
run,-66.6560821533203,-57.4173507690429,24.028009911283156,25.755361422619863,1739210981
run,-66.3657073974609,-58.0962524414062,6.2239406975671345,26.47244880791802,1739227648
run,-66.3156433105468,-59.5452156066894,-15.246213518652779,28.888164659984117,1739244315
run,-66.8401718139648,-61.2348136901855,-39.6940955165524,32.736586931515625,1739260982
run,-68.2453689575195,-62.430866241455,-65.8862169686855,38.02456152061531,1739277649
run,-70.5641250610351,-62.9891662597656,-92.17761250231257,45.05837406345051,1739294316
run,-73.4802780151367,-63.4759521484375,-116.7450529449819,54.223722018724416,1739310983
run,-76.4127349853515,-64.251968383789,-137.84914497496172,65.6440180529493,1739327650
run,-79.3458404541015,-65.6139450073242,-154.0728482263657,78.90976201453486,1739344317
run,-82.1710052490234,-67.5197372436523,-164.52365867266593,93.02641100654155,1739360984
run,-84.3380126953125,-69.693733215332,-168.9985530694284,106.60884687042761,1739377651
run,-85.0045700073242,-72.128173828125,-168.07797828008145,118.23293344604855,1739394318
run,-83.9599609375,-74.5123825073242,-163.07700299545104,126.79650165088623,1739410985
run,-82.2702102661132,-76.7072296142578,-155.79340493073136,131.75860794109505,1739427652
run,-80.4027786254882,-78.7732162475586,-148.06823848904085,133.19523231846185,1739444319
run,-78.5063400268554,-80.8010025024414,-141.2742888725149,131.69021201234474,1739460986
run,-76.5492553710937,-82.8533172607421,-135.91032762200265,128.13254535202373,1739477653
run,-74.3223876953125,-84.9107666015625,-131.4632711082676,123.4981336795076,1739494320
run,-71.9268569946289,-86.8618774414062,-126.60722243582072,118.66751698847621,1739510987
run,-69.5715560913086,-88.5825271606445,-119.6784880133279,114.29839732288576,1739527654
run,-67.4594268798828,-88.6620635986328,-109.25929918380047,110.75311067598415,1739544321
run,-65.6846008300781,-86.9734725952148,-94.66829370894756,108.07839391214411,1739560988
run,-64.2747344970703,-85.2289886474609,-76.20116633530479,106.03625480909776,1739577655
run,-63.2568206787109,-83.4667663574218,-55.05963786557141,104.17963748372486,1739594322
run,-62.9881401062011,-81.5545883178711,-33.0098040600569,101.9529931688688,1739610989
run,-63.6190071105957,-79.601692199707,-11.89433182189269,98.78259353307489,1739627656
run,-64.2796096801757,-77.8897018432617,6.8307984466149305,94.11746498482533,1739644323
run,-64.5090560913086,-76.5967330932617,22.376212797548348,87.40266737882646,1739660990
run,-64.7352600097656,-75.6978225708007,34.637753313982856,78.01224743539514,1739677657
run,-65.5107879638671,-74.99853515625,43.993513865801575,65.21489030814459,1739694324
run,-66.4773178100586,-74.2845993041992,51.00530722230333,48.252810243618725,1739710991
run,-67.3530578613281,-73.5194931030273,56.160498341623686,26.562523623141654,1739727658
run,-68.2395095825195,-72.8990402221679,59.74086641151845,0.0740894929390424,1739744325
run,-69.3381958007812,-72.7619171142578,61.841889972184994,-30.552762458580865,1739760992
run,-71.0178298950195,-73.642837524414,62.511150961766496,-63.90483194410611,1739777659
run,-72.5675506591796,-75.7197341918945,61.929768974317994,-98.06881490239974,1739794326
run,-73.7342071533203,-78.6846771240234,60.53757648380309,-131.0846259780874,1739810993
run,-74.7388916015625,-81.5198516845703,59.02335310814231,-161.40109484716044,1739827660
run,-75.6660232543945,-82.17431640625,58.166416131277884,-188.1184737370497,1739844327
run,-76.4694442749023,-81.1242446899414,58.59162588425312,-210.9115599249708,1739860994
run,-77.2926177978515,-80.1026611328125,60.5451993360886,-229.703263293671,1739877661
run,-78.0704040527343,-79.021369934082,63.793080267716945,-244.2886668600674,1739894328
run,-79.1604995727539,-76.8265686035156,67.69074413382809,-254.11407356837927,1739910995
run,-80.0868682861328,-73.6002883911132,71.39607895214145,-258.3079069692675,1739927662
run,-80.5271606445312,-69.7809982299804,74.13341782900346,-255.92479531759778,1739944329
run,-80.5146102905273,-65.801513671875,75.40293255495934,-246.27800183791257,1739960996
run,-80.1603698730468,-62.0999221801757,75.07125265679689,-229.2221094989729,1739977663
run,-79.5801162719726,-59.1716423034668,73.3442274947977,-205.29068523811293,1739994330
run,-78.8173599243164,-56.8133354187011,70.66818988382859,-175.6641604345585,1740010997
run,-77.8532257080078,-55.0629272460937,67.61180852820291,-142.010560523016,1740027664
run,-76.7885284423828,-53.6685142517089,64.75781800664221,-106.27688578749125,1740044331
run,-75.6959991455078,-52.4702262878418,62.60806558221328,-70.49858209101829,1740060998
run,-74.5936050415039,-51.568618774414,61.49463317702711,-36.65097314078541,1740077665
run,-73.525405883789,-51.3408622741699,61.49608202134982,-6.521031769901542,1740094332
run,-72.5051116943359,-51.7270431518554,62.37191909474449,18.43731197878355,1740110999
run,-71.4945449829101,-52.6916847229003,63.53938898201853,37.273408095273,1740127666
run,-70.3945922851562,-53.9874076843261,64.11645958685924,49.692783047926284,1740144333
run,-69.162971496582,-55.175235748291,63.03913699354618,56.11387133484026,1740161000
run,-68.0609817504882,-55.9411506652832,59.23374375959236,57.564824375731405,1740177667
run,-67.4017333984375,-56.6352005004882,51.800391864454696,55.425376282133946,1740194334
run,-67.0514755249023,-57.3970985412597,40.1605842248788,51.1028562987855,1740211001
run,-66.7035522460937,-58.0284271240234,24.143222481778512,45.77529909401624,1740227668
run,-66.3793258666992,-58.7202033996582,4.01139410665243,40.30767275147982,1740244335
run,-66.3036041259765,-60.0972290039062,-19.55523912418252,35.362286370888974,1740261002
run,-66.7213516235351,-62.0368690490722,-45.51466608233086,31.61955917800304,1740277669
run,-67.990852355957,-63.6503562927246,-72.55506694960413,29.948067829575475,1740294336
run,-70.2246398925781,-64.0317077636718,-99.22126895553467,31.366471255892677,1740311003
run,-73.2377471923828,-63.9751434326171,-124.05122118706787,36.75192708093242,1740327670
run,-76.2955703735351,-64.251235961914,-145.68997798514886,46.41953941012922,1740344337
run,-79.2887268066406,-65.2364044189453,-162.97193414771115,59.80772800176082,1740361004
run,-82.0942840576171,-67.0193176269531,-175.00225285969356,75.46792685504545,1740377671
run,-84.0529403686523,-69.1074295043945,-181.27861349041802,91.39779149149169,1740394338
run,-84.1355285644531,-71.4722442626953,-181.8469316318448,105.58319470989606,1740411005
run,-82.4618606567382,-73.8654327392578,-177.41181193135287,116.52485343347243,1740427672
run,-80.2777557373046,-75.9725265502929,-169.2909333667474,123.55220646847887,1740444339
run,-78.0523681640625,-77.8709945678711,-159.150680109,126.83883199705106,1740461006
run,-76.0022735595703,-79.7207336425781,-148.56632550264857,127.16633867141027,1740477673
run,-74.2265625,-81.6182022094726,-138.55304181648137,125.57255219217419,1740494340
run,-72.3499755859375,-83.5060272216796,-129.25597501000564,123.03035411474994,1740511007
run,-70.2679290771484,-85.2554626464843,-119.94228140122796,120.24828294132071,1740527674
run,-68.0800857543945,-86.8415451049804,-109.32022114903727,117.60846040682124,1740544341
run,-66.02783203125,-87.7587738037109,-96.07245147825229,115.20428214104625,1740561008
run,-64.287841796875,-86.9728927612304,-79.39980151629152,112.92380654706669,1740577675
run,-63.0902137756347,-85.2855758666992,-59.37166016494597,110.53315699745467,1740594342
run,-62.518325805664,-83.4539260864257,-36.96466474219734,107.7302197525712,1740611009
run,-62.7701911926269,-81.6190872192382,-13.798606559597983,104.15453929353457,1740627676
run,-63.533950805664,-79.9461517333984,8.307764944048905,99.35587771420262,1740644343
run,-64.2157287597656,-78.6136093139648,27.783126816283428,92.74414669803029,1740661010
run,-64.7620468139648,-77.5539855957031,43.59901264992129,83.56436491320261,1740677677
run,-65.5636825561523,-76.6198654174804,55.34988229479308,70.94989532198576,1740694344
run,-66.7117919921875,-75.7051620483398,63.15346331329126,54.089246305870596,1740711011
run,-67.8579559326171,-74.8955764770507,67.46377836241477,32.49061612069248,1740727678
run,-68.8702850341796,-74.3342895507812,68.88867139553297,6.262344218893277,1740744345
run,-69.8828125,-74.2511672973632,68.07136316368312,-23.716158251803176,1740761012
run,-71.2236785888671,-75.0009307861328,65.65740008446082,-55.84514565072171,1740777679
run,-73.0203094482421,-76.7494125366211,62.32855358321054,-88.11040817945462,1740794346
run,-74.4220962524414,-79.2786712646484,58.84681365235412,-118.56145991194715,1740811013
run,-75.2429428100586,-81.9224853515625,56.0371203909685,-145.7821218359251,1740827680
run,-76.1329193115234,-83.0173110961914,54.66946755690166,-169.15480415496032,1740844347
run,-77.0609893798828,-82.0304565429687,55.2669045156777,-188.8031169874371,1740861014
run,-77.8634262084961,-80.7129135131836,57.92202868536393,-205.24645541444565,1740877681
run,-78.619140625,-79.5192489624023,62.216423559155416,-218.9329825337712,1740894348
run,-79.6154327392578,-77.7365036010742,67.30116159226692,-229.86024633549255,1740911015
run,-80.8426284790039,-75.1094360351562,72.12751325461882,-237.43215648797712,1740927682
run,-81.5487823486328,-71.7386932373046,75.74457328655049,-240.5860972615941,1740944349
run,-81.6274108886718,-67.8148498535156,77.54581746952782,-238.11807478125763,1740961016
run,-81.2566604614257,-63.8497428894043,77.3761845725759,-229.07307007381897,1740977683
run,-80.6139984130859,-60.6183395385742,75.48635608894617,-213.0615865393023,1740994350
run,-79.7792663574218,-57.8942146301269,72.38973179396996,-190.40982380499062,1741011017
run,-78.8048324584961,-55.7454719543457,68.70117716069177,-162.13079824898068,1741027684
run,-77.8076553344726,-54.0009117126464,65.01490358779546,-129.77482095992377,1741044351
run,-76.8110275268554,-52.399787902832,61.83788005288487,-95.24050127967226,1741061018
run,-75.7669067382812,-51.1105995178222,59.561229216901936,-60.59777169028551,1741077685
run,-74.6807708740234,-50.4446754455566,58.438361569254575,-27.924253255181544,1741094352
run,-73.5889282226562,-50.407730102539,58.54617139107056,0.8737841007971948,1741111019
run,-72.51953125,-50.9766082763671,59.72781060241821,24.27360682908186,1741127686
run,-71.4935989379882,-52.0533485412597,61.540364238759565,41.35692954547715,1741144353
run,-70.4001846313476,-53.3057441711425,63.243175347353564,51.97232410503081,1741161020
run,-69.1628799438476,-54.3994522094726,63.85191779535978,56.759884014843514,1741177687
run,-67.9961624145507,-55.1299324035644,62.254264889000574,56.99454929376795,1741194354
run,-67.1609573364257,-55.7334785461425,57.356868261163775,54.27837236203072,1741211021
run,-66.5646438598632,-56.4877433776855,48.2318376439167,50.185676720647905,1741227688
run,-66.036262512207,-57.2172584533691,34.251434168276134,45.99243693649762,1741244355
run,-65.6214218139648,-57.997760772705,15.215728922240176,42.58326715669354,1741261022
run,-65.4495620727539,-59.3719329833984,-8.531858997483123,40.545270054838774,1741277689
run,-65.6694183349609,-61.4336814880371,-36.033968602119046,40.36507493971908,1741294356
run,-66.6562728881836,-63.1327362060546,-65.74298831988862,42.58374299410775,1741311023
run,-68.6566848754882,-63.72945022583,-95.67128057434533,47.77516831025755,1741327690
run,-71.6255569458007,-64.0348358154296,-123.65350592097178,56.31594874497281,1741344357
run,-74.8864974975586,-64.8008575439453,-147.66000514194246,68.06143499045544,1741361024
run,-78.002944946289,-66.2755508422851,-166.08726257623132,82.13112154752979,1741377691
run,-81.0085067749023,-68.4163284301757,-177.9777987422316,96.96463585591897,1741394358
run,-83.328498840332,-70.8034286499023,-183.1548774334015,110.6649062998636,1741411025
run,-84.3240509033203,-73.361328125,-182.26092639072985,121.49587161477689,1741427692
run,-83.4585494995117,-75.8458633422851,-176.66709942044193,128.33345148065192,1741444359
run,-81.7107543945312,-78.0531158447265,-168.21707709600585,130.9033049541666,1741461026
run,-79.7058944702148,-80.1077728271484,-158.81273147644478,129.7442109838993,1741477693
run,-77.6747817993164,-82.0612564086914,-149.9287184185867,125.95190291147169,1741494360
run,-75.7475967407226,-83.9196853637695,-142.20858276599196,120.82906740444155,1741511027
run,-73.6164169311523,-85.6334991455078,-135.30017489460354,115.5689652323144,1741527694
run,-71.2362060546875,-87.0875854492187,-128.01780258645937,111.05018900249038,1741544361
run,-68.8062438964843,-87.9489135742187,-118.79603973381374,107.758301895665,1741561028
run,-66.6396255493164,-87.3563232421875,-106.27974092361148,105.80791455161601,1741577695
run,-64.8623275756836,-85.8372192382812,-89.83683301200718,105.02324478667471,1741594362
run,-63.6080513000488,-84.0348815917968,-69.81428219672601,105.03595968007794,1741611029
run,-62.8924102783203,-82.0915298461914,-47.462806357220735,105.36457738382026,1741627696
run,-62.9286994934082,-80.1261825561523,-24.58083143014962,105.44755189588115,1741644363
run,-63.560245513916,-78.4047317504882,-3.0236306808109816,104.6185053850546,1741661030
run,-64.1038742065429,-76.9979019165039,15.74158767328006,102.04222207701744,1741677697
run,-64.3946914672851,-75.7007980346679,30.89156202233078,96.66632698334902,1741694364
run,-64.9215087890625,-74.4253540039062,42.265442648265136,87.26248096684029,1741711031
run,-65.9311218261718,-73.1798324584961,50.20014850175745,72.60885118162865,1741727698
run,-66.9040374755859,-72.0791015625,55.29219201195566,51.802363469873676,1741744365
run,-67.7798156738281,-71.3401412963867,58.18748459208368,24.61388740029231,1741761032
run,-68.688003540039,-71.1077804565429,59.45870687915002,-8.248116092206027,1741777699
run,-69.8645553588867,-71.5169219970703,59.58620667216136,-45.09327394032324,1741794366
run,-71.5558547973632,-72.8731842041015,59.0192625414154,-83.48854998481437,1741811033
run,-72.9492645263671,-75.231704711914,58.259133666521755,-120.74370234864793,1741827700
run,-73.8996658325195,-78.3769989013671,57.89050472479211,-154.50065993881304,1741844367
run,-74.7817611694336,-81.3390731811523,58.51445327376986,-183.22129203100548,1741861034
run,-75.8355178833007,-82.4864501953125,60.595811525638815,-206.38674875820266,1741877701
run,-76.8916244506836,-81.873420715332,64.29297078761117,-224.33076882187282,1741894368
run,-77.9056320190429,-80.9642791748046,69.35563575899216,-237.78635576233185,1741911035
run,-79.0403060913086,-79.5281143188476,75.14990022154349,-247.3500227822488,1741927702
run,-80.4254684448242,-76.9796905517578,80.81393799157675,-253.0927562337295,1741944369
run,-81.3391571044921,-73.4533157348632,85.48570851326676,-254.46404961087904,1741961036
run,-81.6255264282226,-69.2188873291015,88.5095864011587,-250.49694641872023,1741977703
run,-81.2826919555664,-65.0558929443359,89.54681070906993,-240.19867496788686,1741994370
run,-80.5370407104492,-61.5224838256835,88.57497852992921,-222.95540362422932,1742011037
run,-79.5220260620117,-58.6362953186035,85.8207771516348,-198.80854720587192,1742027704
run,-78.3836669921875,-56.3870086669921,81.68692467664899,-168.5476646362798,1742044371
run,-77.2378005981445,-54.5114135742187,76.70392491440785,-133.65120751409583,1742061038
run,-76.0727233886718,-52.8987503051757,71.49043844114662,-96.13989916896206,1742077705
run,-74.886978149414,-51.6275367736816,66.68174171779187,-58.38446225069604,1742094372
run,-73.7120208740234,-51.0766105651855,62.80161447738761,-22.868618344644453,1742111039
run,-72.5136489868164,-51.3494300842285,60.096089947348354,8.10540894832437,1742127706
run,-71.3278121948242,-52.0898323059082,58.38816336893456,32.751667020798145,1742144373
run,-70.2056274414062,-53.3877067565918,57.025534187250415,50.1056281991184,1742161040
run,-69.0933074951171,-54.919921875,54.96881596252889,60.19478991650196,1742177707
run,-68.0512313842773,-55.95894241333,51.01246047054565,63.98517574264052,1742194374
run,-67.3221969604492,-56.620849609375,44.06976111267129,63.08783874493555,1742211041
run,-66.9492416381836,-57.4095573425293,33.42214744836394,59.314112951255986,1742227708
run,-66.707160949707,-58.1409606933593,18.853364288435923,54.24619762780909,1742244375
run,-66.5358352661132,-58.8667373657226,0.6471718506802832,48.98919083032141,1742261042
run,-66.5680084228515,-59.9351005554199,-20.517001166523,44.187965564898995,1742277709
run,-66.9336624145507,-61.7299194335937,-43.7131452538702,40.267594984085406,1742294376
run,-67.9695281982421,-63.7917137145996,-67.91354020528381,37.74238554520438,1742311043
run,-69.8928146362304,-65.0378952026367,-92.0966759557943,37.38913583055879,1742327710
run,-72.6765441894531,-65.2322769165039,-115.2944696482378,40.13904860218122,1742344377
run,-75.788101196289,-65.2836456298828,-136.56729496238682,46.70334497778171,1742361044
run,-78.7074356079101,-65.7894515991211,-154.9311242852987,57.12226388615002,1742377711
run,-81.6330795288086,-67.1756362915039,-169.31297928612764,70.49648005304469,1742394378
run,-84.1185073852539,-69.1241455078125,-178.63143506057824,85.07377850152456,1742411045
run,-85.1168136596679,-71.4009094238281,-182.04381209205084,98.68196975082172,1742427712
run,-83.7557830810546,-73.9575805664062,-179.28786001572632,109.33378867438556,1742444379
run,-81.4075088500976,-76.2963180541992,-170.95064346459696,115.76311339457212,1742461046
run,-79.0810623168945,-78.2538757324218,-158.49398414930297,117.70179543261621,1742477713
run,-76.9886093139648,-80.0003280639648,-143.9639005835991,115.83395988737252,1742494380
run,-75.2976455688476,-81.758544921875,-129.45679889516344,111.49834872460642,1742511047
run,-73.8290557861328,-83.5297622680664,-116.53208227857517,106.28225380983834,1742527714
run,-72.2833786010742,-85.2085037231445,-105.79444623319748,101.64181503701727,1742544381
run,-70.5515899658203,-86.7666244506836,-96.80505777227381,98.62605705819324,1742561048
run,-68.6974792480468,-88.2579650878906,-88.34795133504367,97.72657027160669,1742577715
run,-66.9136352539062,-88.8694458007812,-78.93719569644689,98.84684783208952,1742594382
run,-65.3808441162109,-87.5499191284179,-67.36546781040202,101.3772194708466,1742611049
run,-64.3115921020507,-85.7600784301757,-53.09811503157913,104.35363562041404,1742627716
run,-63.7776832580566,-83.8160400390625,-36.39675212724328,106.6626568877852,1742644383
run,-63.9754257202148,-81.7854614257812,-18.171256179512792,107.23856585005058,1742661050
run,-64.5965042114257,-79.8922882080078,0.3395586253685652,105.19680017640299,1742677717
run,-65.0228805541992,-78.3134231567382,17.90967841805391,99.87145683341619,1742694384
run,-65.3192138671875,-77.0635223388671,33.56396059534005,90.76987700757034,1742711051
run,-66.1142578125,-76.0993041992187,46.66392499024955,77.50385056395095,1742727718
run,-67.2253189086914,-75.3112869262695,56.874238148235094,59.77574311915268,1742744385
run,-68.2442169189453,-74.5454635620117,64.08182967683955,37.4695687577068,1742761052
run,-69.2544479370117,-73.9087371826171,68.33158244929197,10.828895051462823,1742777719
run,-70.4412612915039,-73.752571105957,69.81396584454804,-19.369136537655738,1742794386
run,-72.0455856323242,-74.3322830200195,68.90702879667478,-51.765137828604885,1742811053
run,-73.8296432495117,-75.8029861450195,66.2375914055525,-84.57589545245428,1742827720
run,-75.0674438476562,-78.2244186401367,62.69584760672354,-115.94274406684224,1742844387
run,-75.9718399047851,-81.2311935424804,59.34257773282906,-144.34440330870711,1742861054
run,-76.8233489990234,-83.4200439453125,57.20060615101068,-168.89397793412954,1742877721
run,-77.7333221435546,-83.3443069458007,56.99304387371419,-189.37972286917048,1742894388
run,-78.5197296142578,-82.1428298950195,58.93348657573885,-206.03295127170847,1742911055
run,-79.2526702880859,-80.8393402099609,62.66294886343488,-219.1462201004861,1742927722
run,-80.3727951049804,-78.9903869628906,67.3714079977341,-228.73497411247334,1742944389
run,-81.4970550537109,-76.2398071289062,72.06227803134978,-234.39647129827586,1742961056
run,-82.0035552978515,-72.7915496826171,75.85164614500006,-235.40608957774324,1742977723
run,-81.8906631469726,-69.0022430419921,78.18077308502885,-230.97710582662503,1742994390
run,-81.2659454345703,-65.2563552856445,78.87448919898817,-220.5518965082722,1743011057
run,-80.337532043457,-62.0895080566406,78.06518628362483,-204.00531782128718,1743027724
run,-79.2845458984375,-59.6497421264648,76.0625931192166,-181.70753308878804,1743044391
run,-78.2439270019531,-57.5260887145996,73.24855679939297,-154.47477455487777,1743061058
run,-77.2592620849609,-55.7678108215332,70.02674888652355,-123.48454481543331,1743077725
run,-76.2491455078125,-54.16890335083,66.80273677811894,-90.21779356572145,1743094392
run,-75.1954727172851,-52.8899421691894,63.94838259397384,-56.42937358550986,1743111059
run,-74.1159515380859,-52.2149353027343,61.72499363353364,-24.088691307923803,1743127726
run,-73.0396881103515,-52.333885192871,60.181328371436,4.778581042265478,1743144393
run,-71.9516525268554,-53.0783195495605,59.07391360773485,28.367958647339957,1743161060
run,-70.8177947998046,-54.3269958496093,57.857423312560464,45.43325212417966,1743177727
run,-69.6432113647461,-55.6624794006347,55.762536272498174,55.56295970662561,1743194394
run,-68.545295715332,-56.6831398010253,51.93669695023021,59.27374702785318,1743211061
run,-67.7862548828125,-57.3388862609863,45.59613116473654,57.864622508203304,1743227728
run,-67.4377975463867,-58.0515327453613,36.14284521223829,53.07882537000025,1743244395
run,-67.2236328125,-58.6644897460937,23.231845666914737,46.70542548071361,1743261062
run,-66.9887771606445,-59.1635704040527,6.804131379081232,40.27212315646309,1743277729
run,-66.9352722167968,-59.9006919860839,-12.89416335478327,34.92799326304479,1743294396
run,-67.2194747924804,-61.3839073181152,-35.30526616246952,31.518354324348046,1743311063
run,-68.1068344116211,-63.2190284729003,-59.58344424709866,30.75318734089497,1743327730
run,-69.8291320800781,-64.3839492797851,-84.66163137801684,33.311775808666205,1743344397
run,-72.4149398803711,-64.6076583862304,-109.34564830518637,39.75746066045027,1743361064
run,-75.4892044067382,-64.7766342163086,-132.3957663156829,50.26430617913785,1743377731
run,-78.4106826782226,-65.4658660888671,-152.56662795944789,64.30813608860188,1743394398
run,-81.3364868164062,-67.0414352416992,-168.6280012555426,80.53553883339255,1743411065
run,-83.8333129882812,-69.2247009277343,-179.4376283683034,96.94522025126213,1743427732
run,-85.275032043457,-71.6920700073242,-184.12648792997302,111.35135642230378,1743444399
run,-84.3346176147461,-74.3026504516601,-182.37544056085557,121.95388498741202,1743461066
run,-81.9103622436523,-76.6861877441406,-174.66536472751434,127.7915524088546,1743477733
run,-79.4093704223632,-78.7063369750976,-162.34525667981882,128.91276515937636,1743494400
run,-77.2036972045898,-80.5151290893554,-147.4189242821825,126.22740497740304,1743511067
run,-75.383430480957,-82.3076705932617,-132.07400225968206,121.13242413478898,1743527734
run,-73.9756240844726,-84.0751113891601,-118.10208340725274,115.07312244561092,1743544401
run,-72.6155624389648,-85.6710205078125,-106.42305888762972,109.1886123144133,1743561068
run,-71.0498580932617,-86.8515396118164,-96.89846563164608,104.12166395434231,1743577735
run,-69.2378158569336,-87.4451065063476,-88.50687794292946,99.99917758946053,1743594402
run,-67.420539855957,-87.1716690063476,-79.80700843394953,96.54327557210624,1743611069
run,-65.7425079345703,-86.1214218139648,-69.49962843497973,93.25713409575228,1743627736
run,-64.5172119140625,-84.6757583618164,-56.871326031003775,89.62885400137915,1743644403
run,-63.9356384277343,-83.046646118164,-41.970502252419706,85.29802877033418,1743661070
run,-64.1552963256836,-81.4455871582031,-25.49214959914504,80.13357315827446,1743677737
run,-64.7027282714843,-80.1754760742187,-8.472032534239492,74.18882723741235,1743694404
run,-64.8661117553711,-79.2858657836914,8.045717847437047,67.54027261755412,1743711071
run,-64.9774703979492,-78.6945190429687,23.229610494180374,60.072200430514236,1743727738
run,-65.577278137207,-78.1994094848632,36.523810151490714,51.31331521532405,1743744405
run,-66.5401992797851,-77.6434555053711,47.597451064960474,40.429315470727325,1743761072
run,-67.3853988647461,-77.0089645385742,56.26126237251645,26.41560385947765,1743777739
run,-68.2979507446289,-76.42041015625,62.41607160140079,8.439005276693162,1743794406
run,-69.4241943359375,-76.1129989624023,66.06229282042327,-13.805716887043472,1743811073
run,-70.9833297729492,-76.457763671875,67.36465999945821,-39.88303062042137,1743827740
run,-72.5159301757812,-77.7526550292968,66.7324615151755,-68.65142892443774,1743844407
run,-73.7288436889648,-79.8805389404296,64.8519085907146,-98.53647117801745,1743861074
run,-74.7979965209961,-82.2990036010742,62.61621584018117,-127.91607805202862,1743877741
run,-75.7620468139648,-83.615737915039,60.94622856302567,-155.4377487206063,1743894408
run,-76.7148666381836,-82.8380966186523,60.55477740126387,-180.13199250366438,1743911075
run,-77.4566192626953,-81.3045806884765,61.746122573340706,-201.30791304233526,1743927742
run,-78.2009124755859,-79.734619140625,64.33806228387085,-218.34173422374647,1743944409
run,-79.2894668579101,-77.7183837890625,67.74830417134316,-230.51913940226024,1743961076
run,-80.3537216186523,-74.8869552612304,71.21450544522608,-237.04144422022287,1743977743
run,-80.9085845947265,-71.4036712646484,74.05317076600441,-237.1957266824325,1743994410
run,-80.9645843505859,-67.7997055053711,75.84712540253112,-230.59299825804587,1744011077
run,-80.6296768188476,-64.3621826171875,76.49808898502052,-217.34798000275458,1744027744
run,-80.0208663940429,-61.433364868164,76.15732825930198,-198.11514827422036,1744044411
run,-79.2282104492187,-59.2049484252929,75.10119779334312,-173.9770649455278,1744061078
run,-78.2736358642578,-57.3159980773925,73.62161724565978,-146.25551311170003,1744077745
run,-77.2310485839843,-55.7569389343261,71.96578622808725,-116.34402706599651,1744094412
run,-76.1306838989257,-54.3594970703125,70.31717071937223,-85.62918721931634,1744111079
run,-74.9993133544921,-53.1682167053222,68.78781925272037,-55.4986003192761,1744127746
run,-73.8794326782226,-52.3869438171386,67.39778698386391,-27.368886600499952,1744144413
run,-72.7841186523437,-52.3305397033691,66.04070516783943,-2.6469175487062566,1744161080
run,-71.7036361694336,-52.8495140075683,64.45732458802155,17.424585632453223,1744177747
run,-70.6272659301757,-53.9209327697753,62.24534391358155,32.01044389598667,1744194414
run,-69.5299301147461,-55.0597381591796,58.91828302503512,40.91826061835702,1744211081
run,-68.4602279663086,-56.0953063964843,53.99737882692403,44.70476192462867,1744227748
run,-67.6169052124023,-56.5730018615722,47.09831585601835,44.57485667834111,1744244415
run,-67.1674575805664,-56.9910774230957,37.976774491177146,42.08765200069393,1744261082
run,-66.9612045288086,-57.4655036926269,26.523908022568378,38.77861519793684,1744277749
run,-66.8179168701171,-57.9314994812011,12.735419556184976,35.849845656707686,1744294416
run,-66.7991180419921,-58.5133628845214,-3.308983138657851,34.04709295560571,1744311083
run,-66.928466796875,-59.6906967163085,-21.434171211609325,33.75190058055358,1744327750
run,-67.3958358764648,-61.5014572143554,-41.333493018705255,35.21152418380917,1744344417
run,-68.5075073242187,-63.1021461486816,-62.53348350733478,38.753498849184666,1744361084
run,-70.4628601074218,-63.796588897705,-84.37919004897759,44.830911925701606,1744377751
run,-73.1117553710937,-64.15478515625,-106.03876352466484,53.83912971407006,1744394418
run,-75.9306945800781,-64.7864685058593,-126.51428244979728,65.79182755695926,1744411085
run,-78.6782760620117,-66.0934448242187,-144.66320324742105,80.04721633859599,1744427752
run,-81.4544525146484,-68.034194946289,-159.2690622059693,95.26145386855578,1744444419
run,-83.8149948120117,-70.294448852539,-169.20820229604993,109.62868248466712,1744461086
run,-85.0458755493164,-72.847412109375,-173.71137089528924,121.324947305618,1744477753
run,-84.2097930908203,-75.4205627441406,-172.6384316598034,128.9832352257727,1744494420
run,-82.1432266235351,-77.7408752441406,-166.63256397478432,132.0225198456065,1744511087
run,-79.9705429077148,-79.7815399169921,-157.04264266722438,130.72546379391233,1744527754
run,-77.9563674926757,-81.6752014160156,-145.59444633673812,126.0673684642842,1744544421
run,-76.2271423339843,-83.4992599487304,-133.90620543128503,119.38929553569366,1744561088
run,-74.5848846435546,-85.2022094726562,-123.02347296004694,112.04166506432729,1744577755
run,-72.8330459594726,-86.6532135009765,-113.15256440056828,105.10003570683205,1744594422
run,-70.9624710083007,-87.68505859375,-103.69658107032242,99.20351284048334,1744611089
run,-69.0261154174804,-87.9470977783203,-93.57595770654729,94.52163302095018,1744627756
run,-67.2264099121093,-87.1335830688476,-81.701978851391,90.82953722001508,1744644423
run,-65.7748947143554,-85.7392425537109,-67.41777055169048,87.65650165289907,1744661090
run,-64.8411483764648,-84.2143630981445,-50.74745743868683,84.4607173319278,1744677757
run,-64.5295104980468,-82.7040328979492,-32.383449189265214,80.77521095634202,1744694424
run,-64.9740371704101,-81.2366180419921,-13.45222226719366,76.27513068938023,1744711091
run,-65.4453582763671,-80.0480728149414,4.817528402781014,70.74217327233512,1744727758
run,-65.6719818115234,-79.2602310180664,21.38078371820489,63.945312635899604,1744744425
run,-66.1014862060546,-78.7386779785156,35.52349644540181,55.50385093446231,1744761092
run,-67.0228881835937,-78.2779846191406,46.86503076246637,44.824246315364604,1744777759
run,-67.9729766845703,-77.7409896850586,55.27527042020984,31.181760463607958,1744794426
run,-68.8603515625,-77.0611572265625,60.78141461868181,13.948293160181207,1744811093
run,-69.846435546875,-76.5957336425781,63.51868280313747,-7.120543902610747,1744827760
run,-71.0155029296875,-76.7638092041015,63.74703372740543,-31.680165990668513,1744844427
run,-72.6047058105468,-77.7834091186523,61.91980858751186,-58.792635092665066,1744861094
run,-74.0558624267578,-79.6429977416992,58.752606308873524,-87.14529366955907,1744877761
run,-75.0477981567382,-82.0558929443359,55.220720942056985,-115.39299545958607,1744894428
run,-75.8793792724609,-83.646614074707,52.434473435144625,-142.45056002452876,1744911095
run,-76.7427520751953,-82.8674697875976,51.40121069140142,-167.58579053539597,1744927762
run,-77.4678268432617,-81.2450561523437,52.747378760915666,-190.2781669261078,1744944429
run,-78.0107879638671,-79.9181594848632,56.50812860642671,-209.94712512462482,1744961096
run,-78.6400680541992,-78.3679885864257,62.0798446563865,-225.72876884428914,1744977763
run,-79.6461639404296,-75.953140258789,68.37485035784034,-236.44647350829027,1744994430
run,-80.4234085083007,-72.6853790283203,74.13439889538404,-240.80999258934776,1745011097
run,-80.8270416259765,-68.8680877685546,78.28419683060156,-237.76138235887356,1745027764
run,-80.7124099731445,-65.0217132568359,80.20024503826451,-226.82003717556185,1745044431
run,-80.2103652954101,-61.7261772155761,79.80347881768498,-208.282632911387,1745061098
run,-79.4617538452148,-59.3499031066894,77.48478854929512,-183.201477415419,1745077765
run,-78.5330352783203,-57.6219215393066,73.92631724301901,-153.16941925522872,1745094432
run,-77.5145874023437,-56.2015037536621,69.9017379811137,-120.02839470705797,1745111099
run,-76.5166702270507,-54.8586196899414,66.1134911859162,-85.63744196000728,1745127766
run,-75.5683364868164,-53.7174758911132,63.08560213877681,-51.771944078412886,1745144433
run,-74.5962753295898,-52.998779296875,61.10263458930738,-20.124376676194235,1745161100
run,-73.5609054565429,-53.0104827880859,60.17865205759053,7.69211786491082,1745177767
run,-72.5101776123046,-53.6279144287109,60.04859952966258,30.23008235761289,1745194434
run,-71.4537506103515,-54.7494010925293,60.185831814951676,46.40634073081484,1745211101
run,-70.355728149414,-56.150333404541,59.853603628147795,55.74792580260287,1745227768
run,-69.2303466796875,-57.4099807739257,58.19114146368126,58.56807061425885,1745244435
run,-68.2752151489257,-58.2043533325195,54.320755081335996,55.96761354435238,1745261102
run,-67.7027969360351,-58.9743194580078,47.45363993059086,49.63055283496861,1745277769
run,-67.4032440185546,-59.468578338623,36.978987409566834,41.477454507771405,1745294436
run,-67.1515808105468,-59.7716751098632,22.53864906959962,33.30415069588877,1745311103
run,-66.8964614868164,-60.1326293945312,4.0984226979398795,26.53399019648106,1745327770
run,-66.8070755004882,-61.0711135864257,-17.986139459486886,22.15280822057345,1745344437
run,-67.2487182617187,-62.5368309020996,-42.93576145067788,20.802143025823284,1745361104
run,-68.5280303955078,-63.8277282714843,-69.5797401360321,22.919510109502077,1745377771
run,-70.8004608154296,-64.1937484741211,-96.46446356042303,28.78949090384907,1745394438
run,-73.7968597412109,-64.2941131591796,-122.00648362361531,38.4392957016263,1745411105
run,-76.8748703002929,-64.817024230957,-144.63871056163075,51.440782511856334,1745427772
run,-79.8927688598632,-66.0933074951171,-162.925702216836,66.77222301357119,1745444439
run,-82.6461715698242,-67.9376831054687,-175.67609984912966,82.87578444577078,1745461106
run,-84.6443099975586,-70.041633605957,-182.1000645465481,97.93745161367714,1745477773
run,-84.827896118164,-72.3893356323242,-182.01391510496742,110.29467839472667,1745494440
run,-82.9754943847656,-74.7410278320312,-176.01332238290757,118.81396361313205,1745511107
run,-80.6410903930664,-76.8482208251953,-165.4894204107656,123.09848906541144,1745527774
run,-78.4591979980468,-78.7214736938476,-152.39738295037637,123.46615567249248,1745544441
run,-76.5528564453125,-80.5179214477539,-138.7948176112659,120.73760022174574,1745561108
run,-74.9785385131836,-82.3263473510742,-126.28891927101284,115.9423650237507,1745577775
run,-73.4277572631836,-84.1389389038086,-115.59843952409112,110.05885095657058,1745594442
run,-71.6943664550781,-85.8397598266601,-106.41043500674823,103.85765285594297,1745611109
run,-69.7604598999023,-87.3292236328125,-97.59989438617495,97.8552452509857,1745627776
run,-67.8390350341796,-88.356704711914,-87.7317966533913,92.3424643511654,1745644443
run,-66.0986633300781,-88.1338653564453,-75.64902823341119,87.44334570530295,1745661110
run,-64.7629699707031,-87.0688858032226,-60.91978585880397,83.17390625667544,1745677777
run,-64.0333557128906,-85.7855072021484,-43.98476980172702,79.48722130862286,1745694444
run,-64.0987472534179,-84.3114624023437,-25.973706283691694,76.29678700465068,1745711111
run,-64.8260955810546,-82.7733306884765,-8.295840038643465,73.46526330795206,1745727778
run,-65.2308044433593,-81.52001953125,7.807581724794959,70.74463485736054,1745744445
run,-65.3965377807617,-80.6763763427734,21.5676137688253,67.67379594110868,1745761112
run,-65.832649230957,-80.0727233886718,32.75894508214175,63.480915427266915,1745777779
run,-66.6201553344726,-79.4628829956054,41.567446264660596,57.07295930638596,1745794446
run,-67.3784408569336,-78.6648559570312,48.36024139019624,47.1845667328522,1745811113
run,-68.0549240112304,-77.6950912475586,53.474459748542095,32.689053220352264,1745827780
run,-68.8878402709961,-76.8299255371093,57.10659605553911,12.976749813677472,1745844447
run,-70.1478881835937,-76.5505065917968,59.33392739986941,-11.759740474299544,1745861114
run,-71.731575012207,-77.2319030761718,60.24212012022631,-40.47799852752737,1745877781
run,-73.0380706787109,-78.8694458007812,60.08053443612502,-71.51934024877315,1745894448
run,-74.1686325073242,-81.1360321044921,59.34649361114363,-103.02961317825287,1745911115
run,-75.1471405029296,-83.2873840332031,58.732286708744496,-133.3773596146331,1745927782
run,-76.1176834106445,-83.6718215942382,58.93977279932762,-161.38336176431727,1745944449
run,-76.9078216552734,-82.471206665039,60.43733275960063,-186.28179675235063,1745961116
run,-77.5745086669921,-81.0000305175781,63.26798578444968,-207.48232242573943,1745977783
run,-78.4348449707031,-79.2690505981445,67.00182182733869,-224.30620279388867,1745994450
run,-79.5072784423828,-76.8035507202148,70.86515838991347,-235.86767194853303,1746011117
run,-80.2774505615234,-73.4504776000976,73.99763706384925,-241.17285333893378,1746027784
run,-80.6095352172851,-69.6703720092773,75.72983640165914,-239.3803297790726,1746044451
run,-80.4978408813476,-66.0487899780273,75.77365506491377,-230.08544187369495,1746061118
run,-80.062255859375,-62.8536567687988,74.27180352401842,-213.49296293900963,1746077785
run,-79.4067153930664,-60.2859840393066,71.71999212857936,-190.41739894293067,1746094452
run,-78.5809249877929,-58.2650642395019,68.81488758716429,-162.14583477500702,1746111119
run,-77.6518325805664,-56.5515556335449,66.28227758024052,-130.25707524859848,1746127786
run,-76.6891098022461,-55.1804046630859,64.7202748342933,-96.48377365833049,1746144453
run,-75.6875228881836,-54.0059127807617,64.47396220941397,-62.645637689809675,1746161120
run,-74.6087493896484,-53.1420059204101,65.55072619822867,-30.613766035063154,1746177787
run,-73.4498901367187,-52.9727935791015,67.58623621828815,-2.2309107674540267,1746194454
run,-72.2346572875976,-53.5386428833007,69.87136493806966,20.86807764004146,1746211121
run,-71.0015792846679,-54.6826095581054,71.44487815174531,37.52472133860123,1746227788
run,-69.7282104492187,-56.0466918945312,71.24374398964936,47.32563947912778,1746244455
run,-68.4359970092773,-57.215087890625,68.28344231003179,50.74319182373189,1746261122
run,-67.3951339721679,-57.7963905334472,61.822061907690966,49.05203757018329,1746277789
run,-66.8397827148437,-58.3457298278808,51.46005747906334,44.022199845060044,1746294456
run,-66.5912094116211,-58.718017578125,37.15410104327316,37.49788440055216,1746311123
run,-66.333251953125,-59.0245475769043,19.16685918307524,31.027923791785504,1746327790
run,-66.1045837402343,-59.4182548522949,-1.998004865320431,25.687483223872533,1746344457
run,-66.1297225952148,-60.5681838989257,-25.637797818378875,22.13708853642726,1746361124
run,-66.6989212036132,-62.2717857360839,-50.870336575531525,20.845054620987124,1746377791
run,-68.0836410522461,-63.6636734008789,-76.66048307823108,22.30602320363829,1746394458
run,-70.4532852172851,-63.8940925598144,-101.87620855227794,27.081674971276982,1746411125
run,-73.5351943969726,-63.8630409240722,-125.36349855150578,35.598725220894785,1746427792
run,-76.5699157714843,-64.2535171508789,-146.00802649976407,47.809417422244984,1746444459
run,-79.5836715698242,-65.446044921875,-162.772055489215,62.93095454205294,1746461126
run,-82.4311218261718,-67.284912109375,-174.74173528928506,79.44901608843843,1746477793
run,-84.6486663818359,-69.3514633178711,-181.23845939510574,95.4244899134347,1746494460
run,-85.13232421875,-71.7262191772461,-182.00271693526258,108.98504091953903,1746511127
run,-83.3652267456054,-74.1377716064453,-177.37759747791148,118.80156486534194,1746527794
run,-80.9921340942382,-76.2876586914062,-168.36983436386632,124.36943984533826,1746544461
run,-78.7320175170898,-78.2069244384765,-156.49633106101155,126.01123013742314,1746561128
run,-76.6960525512695,-80.0604553222656,-143.42322316549604,124.63942331245974,1746577795
run,-74.9429779052734,-81.9246520996093,-130.5154452358411,121.4056770454638,1746594462
run,-73.2579269409179,-83.8225173950195,-118.47380624550324,117.37876265564717,1746611129
run,-71.4866104125976,-85.6291046142578,-107.21126941706416,113.34298984313071,1746627796
run,-69.648941040039,-87.2512054443359,-96.02219322989723,109.73426459289583,1746644463
run,-67.8848114013671,-88.3583679199218,-83.97404964612726,106.67623662953977,1746661130
run,-66.3192520141601,-87.763931274414,-70.35897683540807,104.06281840744629,1746677797
run,-65.1624679565429,-86.2542495727539,-55.02405370297934,101.64570663583756,1746694464
run,-64.5851058959961,-84.5711898803711,-38.45893462942005,99.10465342014544,1746711131
run,-64.6617355346679,-82.7974243164062,-21.62680356100919,96.08922714329202,1746727798
run,-65.2438430786132,-81.0525360107421,-5.631477771122405,92.22348324730473,1746744465
run,-65.6005935668945,-79.6129837036132,8.626481832498534,87.07047523587411,1746761132
run,-65.8109436035156,-78.5615997314453,20.66546702421086,80.07295392202381,1746777799
run,-66.3398361206054,-77.7494506835937,30.448072895851535,70.51626911592483,1746794466
run,-67.0115280151367,-76.9794769287109,38.24628751195522,57.57617182445633,1746811133
run,-67.6998977661132,-76.2235107421875,44.43465098897858,40.49154078480084,1746827800
run,-68.3471221923828,-75.5248565673828,49.30695866025192,18.83732587514193,1746844467
run,-69.0489044189453,-75.0492324829101,52.98728526385071,-7.2023412861757325,1746861134
run,-70.2045440673828,-75.227783203125,55.46600159915214,-36.69852955636883,1746877801
run,-71.8610763549804,-76.4479827880859,56.7396685755596,-68.08224752821015,1746894468
run,-73.1970291137695,-78.6250915527343,56.98030511844323,-99.4885708891407,1746911135
run,-74.3148651123046,-81.3638687133789,56.633770880337856,-129.21410181701475,1746927802
run,-75.2381515502929,-83.3295593261718,56.374816536207454,-156.08770514023857,1746944469
run,-76.1712188720703,-82.8339309692382,56.9185700904239,-179.58514163830043,1746961136
run,-76.950210571289,-81.2212600708007,58.76368565148869,-199.6468862312418,1746977803
run,-77.6891250610351,-79.8599395751953,61.981493682160256,-216.31269372785437,1746994470
run,-78.5510711669921,-78.260986328125,66.15157594281087,-229.3729388058968,1747011137
run,-79.690803527832,-75.7870254516601,70.48222468430033,-238.20844521267054,1747027804
run,-80.5320968627929,-72.5087814331054,74.0698704665545,-241.87895909737924,1747044471
run,-80.9113311767578,-68.7778396606445,76.18847149180584,-239.40070919323108,1747061138
run,-80.8161163330078,-64.8930511474609,76.49508385973127,-230.08313688879994,1747077805
run,-80.3154144287109,-61.4034271240234,75.09004775875302,-213.7896097845022,1747094472
run,-79.5393905639648,-58.800308227539,72.44059531156017,-191.0364719161036,1747111139
run,-78.5708923339843,-56.7330360412597,69.22340843578858,-162.92541724379262,1747127806
run,-77.5332260131836,-55.0090599060058,66.14912977137595,-130.97706927255456,1747144473
run,-76.5403137207031,-53.5516471862793,63.81142755706081,-96.95747067838555,1747161140
run,-75.5814514160156,-52.285530090332,62.57680537684362,-62.75194162606112,1747177807
run,-74.6091766357421,-51.448501586914,62.51547950509908,-30.274404365791302,1747194474
run,-73.6100997924804,-51.4012603759765,63.372391785611434,-1.3561052939797391,1747211141
run,-72.5724792480468,-51.8789024353027,64.58415673962354,22.432824768943398,1747227808
run,-71.5100479125976,-52.9817314147949,65.35156254503346,40.02000357268882,1747244475
run,-70.4062423706054,-54.333698272705,64.76930476097957,51.05223194746728,1747261142
run,-69.239387512207,-55.5633811950683,61.993307424034676,55.996852015697534,1747277809
run,-68.1223373413086,-56.2450256347656,56.40095788636752,56.0447156963644,1747294476
run,-67.3420333862304,-56.979507446289,47.68981683240756,52.816052399651646,1747311143
run,-66.9554138183593,-57.6981315612793,35.88065568733568,47.96386808276607,1747327810
run,-66.708869934082,-58.3122482299804,21.234749773460166,42.82291476703483,1747344477
run,-66.6075286865234,-58.7985725402832,4.135456524036225,38.236547715034156,1747361144
run,-66.6493911743164,-59.7110366821289,-15.006791043767638,34.61972642597859,1747377811
run,-66.8995056152343,-61.3893928527832,-35.79165592041433,32.213536080106316,1747394478
run,-67.7365951538086,-63.2505226135253,-57.81003693366088,31.388606580189844,1747411145
run,-69.4359741210937,-64.3241729736328,-80.59152213806372,32.80940383968731,1747427812
run,-72.044563293457,-64.5300369262695,-103.53633556888212,37.32742428566323,1747444479
run,-75.1070175170898,-64.5767211914062,-125.839257101175,45.62341908471779,1747461146
run,-78.0079345703125,-65.1599731445312,-146.42428421354052,57.77857859231102,1747477813
run,-80.8923873901367,-66.664794921875,-163.9445084235532,73.01121616804362,1747494480
run,-83.515625,-68.7018280029296,-176.92087210263202,89.73135090112757,1747511147
run,-85.1213073730468,-71.0813674926757,-184.04872639035983,105.902604711193,1747527814
run,-84.3556213378906,-73.6528930664062,-184.59862105455935,119.55937002584689,1747544481
run,-82.1109390258789,-76.0405578613281,-178.7462238453751,129.27463184772762,1747561148
run,-79.6815872192382,-78.1772155761718,-167.65789525597984,134.41989217129338,1747577815
run,-77.4360885620117,-80.2453842163086,-153.24803687699182,135.16613785786012,1747594482
run,-75.5992279052734,-82.2564315795898,-137.6646161399516,132.28228891303382,1747611149
run,-74.1343307495117,-84.2060012817382,-122.68056640976849,126.84325521870207,1747627816
run,-72.6680603027343,-85.9495697021484,-109.2172803538878,119.95217504206805,1747644483
run,-71.0423355102539,-87.2394104003906,-97.18065387391788,112.53798734914379,1747661150
run,-69.2684020996093,-87.6523208618164,-85.66615177561768,105.24547687535913,1747677817
run,-67.5508956909179,-86.8915328979492,-73.43952213482578,98.40780364201788,1747694484
run,-65.9599456787109,-85.5439910888671,-59.49226110582941,92.07975936772809,1747711151
run,-64.8688659667968,-84.1457595825195,-43.45354189529862,86.10577376836632,1747727818
run,-64.6738052368164,-82.736099243164,-25.716842174773888,80.19567383832563,1747744485
run,-65.3736267089843,-81.4000854492187,-7.272308681271562,73.98375475954055,1747761152
run,-65.9929962158203,-80.2885437011718,10.637994607472281,67.05528751882748,1747777819
run,-66.2359466552734,-79.4529571533203,26.869451636646115,58.94102401226782,1747794486
run,-66.7493133544921,-78.8267822265625,40.5977055335975,49.10203238010717,1747811153
run,-67.8188552856445,-78.4092864990234,51.381780788790216,36.94391202997316,1747827820
run,-68.9050216674804,-78.1308898925781,59.114349685226294,21.89667820986947,1747844487
run,-69.8121490478515,-77.9573516845703,63.92884872351117,3.5672132151298346,1747861154
run,-70.7877807617187,-77.8694992065429,66.11833427506267,-18.075973017397608,1747877821
run,-72.0196533203125,-78.1330642700195,66.0985178119566,-42.56673661392431,1747894488
run,-73.6457748413086,-79.1110687255859,64.41974531976047,-68.94011503700133,1747911155
run,-75.0775070190429,-80.9727172851562,61.795548848881104,-95.90391535490846,1747927822
run,-76.2085494995117,-83.365493774414,59.08828192868569,-122.13357765230911,1747944489
run,-77.0490798950195,-84.8129196166992,57.2040872272797,-146.56221281760816,1747961156
run,-78.0636596679687,-83.6155548095703,56.901176659876015,-168.52404384460564,1747977823
run,-79.0069122314453,-81.271614074707,58.57404107866763,-187.68135640923262,1747994490
run,-79.7394790649414,-79.1616439819336,62.104986543678045,-203.78441752862255,1748011157
run,-80.5765914916992,-77.0500717163086,66.85897403603985,-216.40647253445331,1748027824
run,-81.6593627929687,-74.5023803710937,71.84444310772173,-224.80506669962296,1748044491
run,-82.2661743164062,-71.3374557495117,75.99188622151615,-227.98703434984202,1748061158
run,-82.2473449707031,-67.7856826782226,78.44881214015844,-224.94866227062374,1748077825
run,-81.801040649414,-64.2187271118164,78.7886570503418,-214.98445175561451,1748094492
run,-81.0841903686523,-61.1100158691406,77.08142589770195,-197.940014192658,1748111159
run,-80.1218948364257,-58.5512390136718,73.83544648951371,-174.3247628601521,1748127826
run,-79.0452499389648,-56.4327964782714,69.85299567796247,-145.27063546802273,1748144493
run,-77.987678527832,-54.9780921936035,66.0424348764789,-112.38578630085276,1748161160
run,-76.9741744995117,-53.9409942626953,63.21734558615403,-77.57756339171966,1748177827
run,-75.9561614990234,-52.9793052673339,61.908558973940075,-42.90025234816046,1748194494
run,-74.8603973388671,-52.244815826416,62.22004706127769,-10.434771881042645,1748211161
run,-73.6938171386718,-52.3886795043945,63.763655925416565,17.839520543411904,1748227828
run,-72.5243530273437,-53.3648643493652,65.69926206884472,40.22970758425829,1748244495
run,-71.3568344116211,-54.8691177368164,66.8827765274489,55.574516321385936,1748261162
run,-70.1041259765625,-56.5306282043457,66.09074864645875,63.4828421921435,1748277829
run,-68.8251266479492,-57.8784294128418,62.26017646882203,64.45856717923934,1748294496
run,-67.8120346069336,-58.7968864440918,54.671728878450956,59.83147441825661,1748311163
run,-67.2730712890625,-59.6487045288085,43.026133573262776,51.495144106446695,1748327830
run,-67.0436172485351,-60.1874694824218,27.412282604721106,41.5388589653195,1748344497
run,-66.9931030273437,-60.4377098083496,8.214330852618893,31.902973172333358,1748361164
run,-67.1353759765625,-60.9609222412109,-13.97884403491231,24.1664343105462,1748377831
run,-67.4994964599609,-62.2656173706054,-38.42352133566159,19.501622806584784,1748394498
run,-68.4468078613281,-63.7548789978027,-64.23373910640946,18.73661735601264,1748411165
run,-70.1606979370117,-64.3223190307617,-90.38347197194176,22.40147515277284,1748427832
run,-72.7134933471679,-64.178970336914,-115.71765312663254,30.659213850727696,1748444499
run,-75.7977905273437,-64.3975524902343,-138.97305071870994,43.134956965118775,1748461166
run,-78.9350204467773,-65.4352798461914,-158.81230394926027,58.77465011569466,1748477833
run,-82.1427764892578,-67.2328491210937,-173.90097865837902,75.88625927905719,1748494500
run,-84.7884292602539,-69.2688446044921,-183.07227213090292,92.42190210686981,1748511167
run,-85.8688125610351,-71.6314926147461,-185.58816230288932,106.42411411485585,1748527834
run,-84.2045135498046,-74.0761413574218,-181.4265969331693,116.47328028359439,1748544501
run,-81.4798126220703,-76.2000350952148,-171.45730338998308,121.9737089195294,1748561168
run,-79.031494140625,-78.0603485107421,-157.3722591646206,123.18861201767969,1748577835
run,-77.0692138671875,-79.8572998046875,-141.32659667660704,121.03898168133207,1748594502
run,-75.5543365478515,-81.6496276855468,-125.38187839135115,116.76781986869445,1748611169
run,-74.1620330810546,-83.4939804077148,-110.95243531009497,111.60031723286438,1748627836
run,-72.6667938232421,-85.3275985717773,-98.4735244689709,106.49855239014438,1748644503
run,-71.0892486572265,-87.0317230224609,-87.42364770836187,102.04707120310105,1748661170
run,-69.4444046020507,-88.5823822021484,-76.68486935002912,98.45218026736192,1748677837
run,-67.8931274414062,-88.7792282104492,-65.0864798026695,95.61362913875361,1748694504
run,-66.6265563964843,-87.4256515502929,-51.91117171383783,93.22900406316424,1748711171
run,-65.9192276000976,-85.9758148193359,-37.17290263560521,90.90262289746467,1748727838
run,-65.9189987182617,-84.4441299438476,-21.58252880514297,88.23865708382279,1748744505
run,-66.5664443969726,-82.7561416625976,-6.252137077156768,84.89866345728434,1748761172
run,-67.1878356933593,-81.1378936767578,7.707550287689382,80.60245395042394,1748777839
run,-67.4276657104492,-79.9723434448242,19.517482175873507,75.06171128695604,1748794506
run,-67.8337326049804,-79.2773971557617,28.871606081178403,67.86864207508413,1748811173
run,-68.4483566284179,-78.7296066284179,35.88020020136938,58.406629218047165,1748827840
run,-69.0747909545898,-78.1178131103515,40.89318740250052,45.87044733554914,1748844507
run,-69.6571731567382,-77.4317245483398,44.30978339088675,29.446950893929863,1748861174
run,-70.2389907836914,-76.7492752075195,46.45935345709554,8.619469884709291,1748877841
run,-71.2307052612304,-76.4145126342773,47.59262950343395,-16.52931823842593,1748894508
run,-72.7003555297851,-76.9285125732421,47.96732756477394,-45.17027181473871,1748911175
run,-73.8399276733398,-78.4907531738281,47.960961227347035,-75.83159775602138,1748927842
run,-74.574836730957,-80.8383255004882,48.12250176315541,-106.72613841837456,1748944509
run,-75.4498062133789,-82.8601303100586,49.10464213485036,-136.15701693951047,1748961176
run,-76.384895324707,-83.2461700439453,51.48602600969241,-162.81730104150174,1748977843
run,-77.2169494628906,-82.2708663940429,55.556053417662014,-185.86615455803184,1748994510
run,-78.0111465454101,-81.0859069824218,61.16072304834033,-204.7942372491674,1749011177
run,-79.0172882080078,-79.4664916992187,67.68852524957924,-219.20029580767854,1749027844
run,-80.289321899414,-77.0582656860351,74.21811428761924,-228.62452053615098,1749044511
run,-81.228759765625,-73.8737640380859,79.77602001391956,-232.52236006739585,1749061178
run,-81.6759567260742,-70.3387908935546,83.6017142276856,-230.36895364764595,1749077845
run,-81.580093383789,-66.8693084716796,85.32170686061518,-221.81873495800417,1749094512
run,-81.0295715332031,-63.7387199401855,84.9890979546859,-206.83594661158682,1749111179
run,-80.1975326538086,-61.1580619812011,83.01008413471943,-185.75257758579704,1749127846
run,-79.1839141845703,-58.9238662719726,80.01433418286436,-159.26746387916944,1749144513
run,-78.1351547241211,-56.9648284912109,76.72045486990976,-128.43295431914547,1749161180
run,-77.023452758789,-55.3588752746582,73.81815234097198,-94.6611023255897,1749177847
run,-75.8109588623046,-54.0877876281738,71.86209817792022,-59.73311181420812,1749194514
run,-74.5503540039062,-53.2928771972656,71.16613215592896,-25.75256588449995,1749211181
run,-73.2870941162109,-53.3906364440918,71.70023584078763,5.019820652552896,1749227848
run,-72.0141067504882,-54.1714630126953,73.01428993984648,30.46524324909046,1749244515
run,-70.6979675292968,-55.6241455078125,74.22603209398649,48.97967465947329,1749261182
run,-69.2817459106445,-57.1207695007324,74.10395210660101,59.798960523048926,1749277849
run,-67.9052581787109,-58.1721534729003,71.2479169274479,63.14865167785477,1749294516
run,-66.84814453125,-58.8019752502441,64.33388054316667,60.15635917045369,1749311183
run,-66.2854614257812,-59.5606422424316,52.364564906465155,52.57037543006692,1749327850
run,-65.9274597167968,-60.1825065612793,34.86874549912844,42.41051608697166,1749344517
run,-65.6545104980468,-60.7563095092773,12.013027910484066,31.684732179961088,1749361184
run,-65.6143264770507,-61.7235870361328,-15.385239434331188,22.239325149692835,1749377851
run,-66.0483093261718,-63.2365417480468,-45.939237901515604,15.714512103929016,1749394518
run,-67.3282089233398,-64.3242874145507,-77.85368295370058,13.503641792332504,1749411185
run,-69.571662902832,-64.1945266723632,-109.13818126813443,16.611448631031386,1749427852
run,-72.5987091064453,-63.9753913879394,-137.82995934910514,25.3945465055827,1749444519
run,-75.794448852539,-64.3314819335937,-162.18095014153073,39.29866084146893,1749461186
run,-78.9464111328125,-65.5607223510742,-180.78989904132115,56.77811770658397,1749477853
run,-81.8834991455078,-67.5073623657226,-192.69958586517572,75.52418014129769,1749494520
run,-83.941909790039,-69.62890625,-197.49403486699575,92.97594940547059,1749511187
run,-84.199104309082,-72.0215377807617,-195.39853164956716,106.94468305024567,1749527854
run,-82.5626754760742,-74.3632736206054,-187.3306407503085,116.12892709091335,1749544521
run,-80.305435180664,-76.4275283813476,-174.82361034557255,120.34655835787734,1749561188
run,-78.0210876464843,-78.2933273315429,-159.7750460927992,120.42606717975853,1749577855
run,-75.9353408813476,-80.0435943603515,-144.0510120939813,117.82878316385197,1749594522
run,-74.2101974487304,-81.7743835449218,-129.05630283916292,114.16059313598275,1749611189
run,-72.6235656738281,-83.5601119995117,-115.4218127359294,110.74244603897976,1749627856
run,-70.8808670043945,-85.2775650024414,-102.93537324141944,108.35104210012399,1749644523
run,-69.0228576660156,-86.7739028930664,-90.75594932714479,107.15593607720666,1749661190
run,-67.3093338012695,-87.6531524658203,-77.83561577485385,106.81249348457222,1749677857
run,-65.8213882446289,-87.1047744750976,-63.384361110704894,106.64368146871678,1749694524
run,-64.8149948120117,-85.7280883789062,-47.197298565935576,105.84955391923697,1749711191
run,-64.5085220336914,-84.1150741577148,-29.730889600796054,103.69936969184552,1749727858
run,-64.9235610961914,-82.2505340576171,-11.929395632827763,99.67121994377116,1749744525
run,-65.5892868041992,-80.2971649169921,5.091761821667711,93.50660183454802,1749761192
run,-65.8940811157226,-78.8197402954101,20.354149507213382,85.15598311795517,1749777859
run,-66.2445907592773,-77.9958038330078,33.200058547070334,74.62401335523371,1749794526
run,-67.1048736572265,-77.5509567260742,43.32338089039507,61.77951865264769,1749811193
run,-67.9531478881836,-77.1275482177734,50.697937410343854,46.2413982269507,1749827860
run,-68.7257385253906,-76.5483016967773,55.48153974371456,27.43893359065719,1749844527
run,-69.6343460083007,-75.9574737548828,57.95619432440859,4.85976371859644,1749861194
run,-70.8294143676757,-75.6784515380859,58.527448079769606,-21.614898846811755,1749877861
run,-72.4063415527343,-76.1615447998046,57.76424638810806,-51.45593082972227,1749894528
run,-73.4870300292968,-77.6832656860351,56.42576950126269,-83.45277743259548,1749911195
run,-74.3380584716796,-80.0036315917968,55.41461480484589,-115.92757523978987,1749927862
run,-75.3092193603515,-82.0258560180664,55.62985526285728,-147.09255358388089,1749944529
run,-76.3602142333984,-82.4098968505859,57.75115400721442,-175.37827512024924,1749961196
run,-77.2058410644531,-81.6442413330078,62.03046570109527,-199.59679974661145,1749977863
run,-77.998908996582,-80.61181640625,68.17856521294932,-218.91628723856638,1749994530
run,-79.112808227539,-78.9927673339843,75.40652543194122,-232.73316801638785,1750011197
run,-80.4597625732421,-76.4166030883789,82.6230544977163,-240.5650126073362,1750027864
run,-81.3550720214843,-72.9552001953125,88.71844649414655,-242.03991657387812,1750044531
run,-81.6814575195312,-69.2660522460937,92.82573784475467,-236.97246613712218,1750061198
run,-81.4038772583007,-65.7500457763671,94.47029752488261,-225.45441914084506,1750077865
run,-80.6577987670898,-62.6865882873535,93.58615289131413,-207.8868517540087,1750094532
run,-79.5769882202148,-60.289924621582,90.44158584071401,-184.93307792682552,1750111199
run,-78.3222427368164,-58.1251564025878,85.53852715693621,-157.4363443227962,1750127866
run,-77.098274230957,-56.2922286987304,79.528086877271,-126.3748863224427,1750144533
run,-75.8878479003906,-54.7675971984863,73.14448488390045,-92.89839684677636,1750161200
run,-74.6984710693359,-53.4599266052246,67.13138596171227,-58.42393947203852,1750177867
run,-73.5871124267578,-52.5844116210937,62.13380700952529,-24.70916086593847,1750194534
run,-72.5560607910156,-52.6433181762695,58.55316790781456,6.1954401661712435,1750211201
run,-71.6267852783203,-53.388011932373,56.39789423504334,32.17096486948459,1750227868
run,-70.70703125,-54.8375816345214,55.187190229131964,51.401783407783576,1750244535
run,-69.6815872192382,-56.5254936218261,53.9637752800962,62.779170930253954,1750261202
run,-68.6339797973632,-57.7379989624023,51.437630222590975,66.18549304703704,1750277869
run,-67.7877120971679,-58.6236572265625,46.2321465880959,62.54847048304478,1750294536
run,-67.3483123779296,-59.4229049682617,37.16517401261034,53.65442094339217,1750311203
run,-67.1742553710937,-59.9901733398437,23.491404144246033,41.808111130533845,1750327870
run,-67.1220169067382,-60.415771484375,5.055734918955977,29.467914078685737,1750344537
run,-67.2058639526367,-61.1614341735839,-17.662003287445817,18.954510258200497,1750361204
run,-67.7811660766601,-62.4435920715332,-43.60872938913507,12.257366267587624,1750377871
run,-69.2286224365234,-63.473892211914,-71.30845817677319,10.891030615722118,1750394538
run,-71.5809478759765,-63.3872909545898,-99.06455142644785,15.731315167644377,1750411205
run,-74.6492080688476,-63.0928840637207,-125.15970474587901,26.817209158264067,1750427872
run,-77.6910705566406,-63.4527511596679,-148.0057030507644,43.20375358195574,1750444539
run,-80.7697372436523,-64.7796630859375,-166.23549396175142,63.00446089150569,1750461206
run,-83.6256027221679,-66.7103729248046,-178.7782840163616,83.70655936907347,1750477873
run,-85.7008056640625,-68.9627151489257,-184.9675962173446,102.70997125039611,1750494540
run,-85.6572952270507,-71.442886352539,-184.6862569313821,117.92286047206207,1750511207
run,-83.6636428833007,-73.9230804443359,-178.48692385720835,128.21002138121952,1750527874
run,-81.1959228515625,-76.1817779541015,-167.5960763902655,133.54389919005678,1750544541
run,-78.7927932739257,-78.2186889648437,-153.7388943979271,134.82090744021554,1750561208
run,-76.6282196044921,-80.1719284057617,-138.79592742125521,133.42970888951282,1750577875
run,-74.8497924804687,-82.1479949951171,-124.38090811730525,130.741535547083,1750594542
run,-73.3120498657226,-84.1996154785156,-111.47564649031365,127.70190046816086,1750611209
run,-71.7865600585937,-86.2433929443359,-100.25138768853617,124.64191733200099,1750627876
run,-70.1161651611328,-88.0294036865234,-90.1444125830025,121.33246856971883,1750644543
run,-68.4405059814453,-88.1713714599609,-80.15771236876422,117.21995636340455,1750661210
run,-66.8796615600586,-86.4995498657226,-69.27164054188107,111.7361369771116,1750677877
run,-65.6484069824218,-84.6786956787109,-56.80801260285059,104.57050745236522,1750694544
run,-65.0183868408203,-82.9669799804687,-42.62332911732222,95.82006519886428,1750711211
run,-65.0219650268554,-81.3066329956054,-27.09081705046553,85.97258608011153,1750727878
run,-65.4549026489257,-79.8809280395507,-10.925037559608967,75.7253339046906,1750744545
run,-65.6534881591796,-79.0017318725586,5.040650556433477,65.68828618521788,1750761212
run,-65.7713317871093,-78.5647735595703,20.02208137121994,56.0673781585023,1750777879
run,-66.4419479370117,-78.2358016967773,33.35711107714646,46.45425082549018,1750794546
run,-67.3143615722656,-77.7413787841796,44.5088659504099,35.83586793515458,1750811213
run,-68.0854034423828,-77.0241470336914,53.05444083040097,22.861905967526955,1750827880
run,-68.9079513549804,-76.259895324707,58.70448762586437,6.291799888334128,1750844547
run,-69.9496765136718,-75.8825302124023,61.37256244578901,-14.553078084637876,1750861214
run,-71.4927368164062,-76.4439392089843,61.28072060809112,-39.52242831540003,1750877881
run,-73.037239074707,-77.9514694213867,59.05122798006679,-67.6620104315605,1750894548
run,-73.9159088134765,-80.0889663696289,55.710808372136384,-97.49539968066789,1750911215
run,-74.8425521850586,-82.2159576416015,52.55165777042874,-127.40648880626088,1750927882
run,-75.6444549560546,-82.9251556396484,50.855259444795905,-155.9365293822241,1750944549
run,-76.3928070068359,-82.0953063964843,51.55632406505703,-181.88402574601028,1750961216
run,-77.0411300659179,-81.1258010864257,54.96453048568623,-204.22479633830187,1750977883
run,-77.6182785034179,-80.0269927978515,60.653569085458265,-221.9718811556854,1750994550
run,-78.6673202514648,-78.0003356933593,67.5726980791098,-234.1120715745748,1751011217
run,-79.6998748779296,-74.921875,74.35135268530007,-239.6886067251793,1751027884
run,-80.3830871582031,-71.1979446411132,79.68726936468562,-238.0006057250032,1751044551
run,-80.6092681884765,-67.5020141601562,82.6779957604565,-228.8197808754686,1751061218
run,-80.4681396484375,-64.2420120239257,82.99418429368721,-212.51603892183854,1751077885
run,-80.03857421875,-61.4810600280761,80.87310302774574,-190.03259302261498,1751094552
run,-79.3076782226562,-59.3923606872558,76.98051483594232,-162.7284730888147,1751111219
run,-78.3570861816406,-57.6406173706054,72.21531704979206,-132.1688166445514,1751127886
run,-77.3016357421875,-56.2368087768554,67.51716243989478,-99.95686003880176,1751144553
run,-76.1514739990234,-55.0651397705078,63.7066607383933,-67.66141872909955,1751161220
run,-74.9575424194336,-54.0714263916015,61.36283991051078,-36.82532953253441,1751177887
run,-73.8426742553711,-53.5056457519531,60.73321194448617,-8.98273047919273,1751194554
run,-72.8699264526367,-53.7622413635253,61.6768163722275,14.400429129848021,1751211221
run,-71.9776763916015,-54.6114349365234,63.65179640692508,32.10482924219193,1751227888
run,-71.0281448364257,-55.9113082885742,65.76450042000322,43.41567205034283,1751244555
run,-69.9751434326171,-57.1515197753906,66.8866911879519,48.34801263027598,1751261222
run,-68.9280929565429,-57.8372917175293,65.82239309611673,47.71515611605727,1751277889
run,-68.0489120483398,-58.3090858459472,61.48320505216148,42.981362735127924,1751294556
run,-67.4531936645507,-58.865364074707,53.030715937572666,35.94767109079131,1751311223
run,-66.9794311523437,-59.3448524475097,39.968986054049964,28.4000263890239,1751327890
run,-66.6365890502929,-59.7123146057128,22.19822760502102,21.853502955371233,1751344557
run,-66.4869232177734,-60.4700546264648,0.049031287783454364,17.46122613955619,1751361224
run,-66.6333389282226,-61.8177261352539,-25.700179736280795,16.063446822052303,1751377891
run,-67.4715805053711,-63.0897254943847,-53.84368483125929,18.276347891548728,1751394558
run,-69.1669082641601,-63.4498558044433,-82.83398819912857,24.50234872093827,1751411225
run,-71.8405532836914,-63.5240173339843,-110.93596711995954,34.80732628383319,1751427892
run,-74.9891357421875,-64.0024948120117,-136.41750043486408,48.7255175828255,1751444559
run,-77.8868026733398,-65.2233505249023,-157.7294345458674,65.13657896087322,1751461226
run,-80.8377456665039,-67.0874786376953,-173.6495009707832,82.34343110290885,1751477893
run,-83.3386764526367,-69.2627334594726,-183.3994453283717,98.37595667202913,1751494560
run,-84.8647003173828,-71.6942367553711,-186.75106372404358,111.42779372610094,1751511227
run,-84.5223541259765,-74.0937805175781,-184.10457948701392,120.26869391844069,1751527894
run,-82.6549530029296,-76.2880935668945,-176.4851675397184,124.48667782912933,1751544561
run,-80.3474884033203,-78.3412399291992,-165.40142639454723,124.48810502707612,1751561228
run,-78.0475540161132,-80.2848510742187,-152.5541683484076,121.28200118466258,1751577895
run,-75.9872512817382,-82.1908874511718,-139.4526542778269,116.15054115484544,1751594562
run,-74.2702407836914,-84.0230636596679,-127.05267811567789,110.32782408777886,1751611229
run,-72.5547332763671,-85.6773605346679,-115.54703154845663,104.77518541513902,1751627896
run,-70.7357101440429,-87.0970077514648,-104.39973202506262,100.08296051702686,1751644563
run,-68.8637542724609,-88.0387649536132,-92.62881050474866,96.47948678910164,1751661230
run,-67.1882553100586,-87.7707748413086,-79.24246108465236,93.90505579864471,1751677897
run,-65.7826843261718,-86.632453918457,-63.668146235564734,92.10861977806016,1751694564
run,-64.8238296508789,-85.235481262207,-46.01677271025266,90.73604028049263,1751711231
run,-64.4898223876953,-83.6693420410156,-27.091860082441052,89.38963719969318,1751727898
run,-64.9561233520507,-81.9986953735351,-8.155670655175246,87.6456987918188,1751744565
run,-65.7866973876953,-80.4931488037109,9.441194274172338,85.02417143941459,1751761232
run,-66.2855758666992,-79.3933486938476,24.613785754139137,80.92278466547214,1751777899
run,-66.6902999877929,-78.6061325073242,36.75338592954448,74.55851237883356,1751794566
run,-67.5666275024414,-77.840461730957,45.751003173378706,64.98458894435029,1751811233
run,-68.4622039794921,-76.9413757324218,51.877153238140785,51.24059947365741,1751827900
run,-69.3862762451171,-75.9842453002929,55.60357836501636,32.632075653687295,1751844567
run,-70.1784591674804,-75.2890701293945,57.44664466781101,9.049922639976723,1751861234
run,-71.0650253295898,-75.1793746948242,57.88396763150253,-18.816409735804818,1751877901
run,-72.5084609985351,-75.9510879516601,57.360135910672064,-49.499537388072,1751894568
run,-74.0566329956054,-77.558967590332,56.353780940301625,-81.04093491535542,1751911235
run,-75.2367477416992,-79.7687454223632,55.438275598828554,-111.4505931085119,1751927902
run,-76.1393661499023,-81.7122268676757,55.26175992625834,-139.15725844918128,1751944569
run,-77.1239852905273,-81.9100723266601,56.41550923896201,-163.26578436489126,1751961236
run,-77.9857788085937,-81.0301208496093,59.23070505171285,-183.5299307126907,1751977903
run,-78.6856842041015,-80.2233810424804,63.598546984365,-200.08567236446677,1751994570
run,-79.4312286376953,-79.240364074707,68.91591998590712,-213.09484760921097,1752011237
run,-80.5067977905273,-77.4546737670898,74.21191868899278,-222.46694191548184,1752027904
run,-81.5025482177734,-74.8913803100586,78.42659210560443,-227.76365141862289,1752044571
run,-81.9088134765625,-71.6915893554687,80.73418589919442,-228.29841328790135,1752061238
run,-81.6511535644531,-68.0335311889648,80.77841869524092,-223.3687428932236,1752077905
run,-80.9334564208984,-64.4863967895507,78.73441992978096,-212.5199021607567,1752094572
run,-79.9905166625976,-61.5845642089843,75.1976668681051,-195.73736374097,1752111239
run,-78.8772354125976,-59.2446365356445,70.96990085598745,-173.50617608982614,1752127906
run,-77.6988220214843,-57.4185714721679,66.83337778405742,-146.7449896964267,1752144573
run,-76.5799484252929,-55.8767623901367,63.3826165287537,-116.68201042933347,1752161240
run,-75.5145492553711,-54.424560546875,60.941324786396834,-84.75012167504701,1752177907
run,-74.4644088745117,-53.2731781005859,59.55400978992873,-52.53402286380339,1752194574
run,-73.3904113769531,-52.5877456665039,59.02027221799808,-21.73785682312471,1752211241
run,-72.3065032958984,-52.6479606628418,58.93970723265987,5.894784639172171,1752227908
run,-71.2914581298828,-53.4303474426269,58.75253354229177,28.75747758165182,1752244575
run,-70.29833984375,-54.6711845397949,57.78245884772685,45.63879014396681,1752261242
run,-69.2790069580078,-56.0502433776855,55.297904956350294,55.977418856298215,1752277909
run,-68.3308563232421,-57.2012825012207,50.59813117837,60.00361110338239,1752294576
run,-67.5451278686523,-58.1000061035156,43.11049063007517,58.6913933554248,1752311243
run,-67.0276107788086,-58.8638610839843,32.471893586221874,53.52751094563638,1752327910
run,-66.7370071411132,-59.4581489562988,18.57263133089485,46.18473607455677,1752344577
run,-66.6846618652343,-59.8999671936035,1.5591671076348699,38.22499968739897,1752361244
run,-66.819351196289,-60.4886207580566,-18.19046998979197,30.93503039894228,1752377911
run,-67.1413879394531,-61.7209243774414,-40.10091645850725,25.32601382479154,1752394578
run,-68.0189666748046,-63.2945365905761,-63.43337160527315,22.23801632431513,1752411245
run,-69.726577758789,-64.2929458618164,-87.31694551384741,22.42335615760637,1752427912
run,-72.273452758789,-64.3640213012695,-110.77315425899249,26.491893181119043,1752444579
run,-75.2826232910156,-64.4213485717773,-132.72516102431615,34.701002990075544,1752461246
run,-78.1945495605468,-65.0292739868164,-151.99770037802335,46.7036134450126,1752477913
run,-81.0920181274414,-66.3994445800781,-167.3489217351088,61.42808978767344,1752494580
run,-83.5801544189453,-68.2240219116211,-177.59673543250997,77.20502427460066,1752511247
run,-84.9532165527343,-70.2877807617187,-181.8673254962598,92.12428443851135,1752527914
run,-84.1104736328125,-72.5543212890625,-179.90624446189685,104.49008932041126,1752544581
run,-81.8826217651367,-74.7029647827148,-172.31214234463218,113.20145734033898,1752561248
run,-79.530517578125,-76.6583938598632,-160.54411353086365,117.92734871607713,1752577915
run,-77.4189147949218,-78.4736175537109,-146.63294885546878,119.0409968992219,1752594582
run,-75.6856536865234,-80.2420883178711,-132.6559009598539,117.37745526250819,1752611249
run,-74.2740173339843,-82.0768737792968,-120.1493689232136,113.93402092925034,1752627916
run,-72.8251800537109,-83.8976745605468,-109.67889942030938,109.62420388715358,1752644583
run,-71.1265258789062,-85.5650939941406,-100.73733938804612,105.14083758768031,1752661250
run,-69.2135696411132,-87.0658874511718,-92.0164395085646,100.92325401757846,1752677917
run,-67.4092864990234,-88.1119766235351,-81.94841115839557,97.18895785441755,1752694584
run,-65.8435440063476,-87.8415145874023,-69.3101825605987,93.98735776968094,1752711251
run,-64.7385177612304,-86.6517486572265,-53.66977876137177,91.24723421161916,1752727918
run,-64.1499481201171,-85.221435546875,-35.52960618633504,88.80444890178104,1752744585
run,-64.3297958374023,-83.731086730957,-16.14551462888373,86.40521131951627,1752761252
run,-65.1124038696289,-82.2803955078125,2.87828824566129,83.68515370288932,1752777919
run,-65.6977615356445,-81.0054321289062,20.045577910089563,80.13137143641495,1752794586
run,-66.0902099609375,-79.9957275390625,34.3074720293552,75.04764697876797,1752811253
run,-66.7464981079101,-79.177490234375,45.19392328603307,67.55911210049466,1752827920
run,-67.6916427612304,-78.4312667846679,52.74932962200081,56.698691579622,1752844587
run,-68.6478729248046,-77.7056045532226,57.353960200355566,41.59818672039304,1752861254
run,-69.491455078125,-77.0282135009765,59.52715152602605,21.75829056968846,1752877921
run,-70.358413696289,-76.5887222290039,59.78628670992534,-2.6870373775232994,1752894588
run,-71.4989395141601,-76.6535263061523,58.60007488290942,-30.830505546834914,1752911255
run,-73.0663604736328,-77.5231094360351,56.43036372219257,-61.072758273456216,1752927922
run,-74.3745422363281,-79.3001327514648,53.809682566214185,-91.43985162968534,1752944589
run,-75.2942428588867,-81.3952713012695,51.376839189183876,-120.0412677466342,1752961256
run,-76.0432815551757,-82.4212265014648,49.814663756857975,-145.492679660219,1752977923
run,-76.9569473266601,-81.5693054199218,49.69421573053449,-167.1307320803228,1752994590
run,-77.7113342285156,-80.1393508911132,51.28963555595841,-184.9408765142941,1753011257
run,-78.3987731933593,-78.9799880981445,54.45295301473182,-199.2532357800639,1753027924
run,-79.2600326538086,-77.6118774414062,58.61958044305089,-210.35897203406586,1753044591
run,-80.3636932373046,-75.6106491088867,62.961423376502864,-218.212711419881,1753061258
run,-81.1830520629882,-73.042251586914,66.63617574414671,-222.32573152748088,1753077925
run,-81.5071258544921,-69.8358612060546,69.03373046501652,-221.86788424455986,1753094592
run,-81.3680343627929,-66.3344421386718,69.92514085968195,-215.9238907142862,1753111259
run,-80.8884201049804,-63.081428527832,69.47289174441505,-203.8063860712515,1753127926
run,-80.2129287719726,-60.3296356201171,68.1256903498654,-185.3199546859272,1753144593
run,-79.3394393920898,-58.1264114379882,66.45856247104545,-160.90244537674042,1753161260
run,-78.3119583129882,-56.4535751342773,65.01828453516146,-131.6293267972271,1753177927
run,-77.2167663574218,-55.0630874633789,64.20865436083831,-99.11897446823903,1753194594
run,-76.104621887207,-53.7784194946289,64.22180377377357,-65.39002645382348,1753211261
run,-75.0312423706054,-52.8479194641113,65.00663067843217,-32.69412790114704,1753227928
run,-73.9967346191406,-52.5418548583984,66.26691712286804,-3.3083711978185226,1753244595
run,-72.9633636474609,-53.1149406433105,67.49168588677918,20.73789361952638,1753261262
run,-71.8952102661132,-54.3137054443359,68.02540771307007,37.988743836099424,1753277929
run,-70.7282638549804,-55.7312927246093,67.17633874047596,47.8624782628827,1753294596
run,-69.4561309814453,-57.0057792663574,64.33987280718,50.80944433835489,1753311263
run,-68.2887344360351,-57.7342491149902,59.09507349759362,48.23120178767016,1753327930
run,-67.5405654907226,-58.3892402648925,51.234653235942915,42.1502578865612,1753344597
run,-67.1722717285156,-58.8044395446777,40.71851242436704,34.72471947859988,1753361264
run,-66.9036560058593,-59.0234031677246,27.58411023625998,27.771885290212154,1753377931
run,-66.6940536499023,-59.1333198547363,11.873902382705262,22.466419299285292,1753394598
run,-66.5637283325195,-59.7867584228515,-6.370587551983924,19.312947484782292,1753411265
run,-66.6803512573242,-61.3632736206054,-27.039989029640285,18.37936606807615,1753427932
run,-67.396011352539,-63.0773658752441,-49.84739542561537,19.652214186419236,1753444599
run,-68.8921585083007,-63.9751319885253,-74.22564537051787,23.30271472149508,1753461266
run,-71.3136215209961,-63.9794273376464,-99.26310429600797,29.696349468111045,1753477933
run,-74.326789855957,-64.0449905395507,-123.68719415892288,39.1377782711639,1753494600
run,-77.3681335449218,-64.6141738891601,-145.90541165223576,51.517678698240346,1753511267
run,-80.4139251708984,-66.0889434814453,-164.1369886457262,66.09439389905683,1753527934
run,-83.2484893798828,-68.0406799316406,-176.67613267417315,81.55893044031652,1753544601
run,-85.2631530761718,-70.2109603881836,-182.27901293922773,96.36505629961317,1753561268
run,-85.0042877197265,-72.6434783935546,-180.57179871681913,109.16663646147576,1753577935
run,-82.9371948242187,-74.8829193115234,-172.30386857745597,119.16180958807149,1753594602
run,-80.7638626098632,-76.9097824096679,-159.28707360804708,126.20260588623866,1753611269
run,-78.9150924682617,-78.8806457519531,-143.97803140854043,130.64663037194478,1753627936
run,-77.2836608886718,-80.8367614746093,-128.81858792436628,133.04275726412294,1753644603
run,-75.8413848876953,-82.7990570068359,-115.56594811733073,133.80311932533178,1753661270
run,-74.313735961914,-84.8545227050781,-104.85901228348841,133.00095366714098,1753677937
run,-72.521011352539,-86.9377822875976,-96.1746075760682,130.3671171162443,1753694604
run,-70.5753784179687,-88.7098693847656,-88.17020040141462,125.47366715079134,1753711271
run,-68.8168716430664,-87.8349990844726,-79.25976035649614,118.02299522913842,1753727938
run,-67.4048995971679,-85.6297378540039,-68.19387042004485,108.12381219786154,1753744605
run,-66.4286041259765,-83.7229614257812,-54.44249364299192,96.43631328804238,1753761272
run,-65.9864425659179,-82.1667175292968,-38.28412945180464,84.10688582483957,1753777939
run,-66.2047958374023,-81.0177993774414,-20.630658099682247,72.48149035030367,1753794606
run,-66.7773056030273,-80.3283386230468,-2.7086241556756407,62.67046190725902,1753811273
run,-67.0322494506836,-80.0075302124023,14.255743402315204,55.10881149245058,1753827940
run,-67.1991958618164,-79.5747375488281,29.24241570127026,49.283217976762636,1753844607
run,-67.9161224365234,-78.7509765625,41.51154468741601,43.7562174343684,1753861274
run,-69.0056381225586,-77.7515716552734,50.59347247774321,36.51282019599036,1753877941
run,-69.9739303588867,-76.9494552612304,56.26221029092131,25.526165222498612,1753894608
run,-70.8820343017578,-76.4905395507812,58.535583963317585,9.34919117903222,1753911275
run,-71.873664855957,-76.3908309936523,57.711804945579374,-12.468609783647313,1753927942
run,-73.3457946777343,-76.8715667724609,54.42556291653057,-39.2694313371898,1753944609
run,-74.7160034179687,-78.2199325561523,49.68122988546928,-69.49698198549864,1753961276
run,-75.4775924682617,-80.4113845825195,44.803142943007714,-101.13016134215822,1753977943
run,-76.2387466430664,-82.5741348266601,41.25787296349391,-132.1648987446806,1753994610
run,-76.9062957763671,-82.9566421508789,40.35844585391019,-160.96056629298826,1754011277
run,-77.3804702758789,-81.5154113769531,42.92735896078958,-186.34411176628493,1754027944
run,-77.9263153076171,-80.1417846679687,49.03509148400387,-207.49525854583646,1754044611
run,-78.4877090454101,-78.8049545288086,57.92237135657714,-223.74515679114572,1754061278
run,-79.4978866577148,-76.6664733886718,68.15636670010826,-234.44075555247346,1754077945
run,-80.5503005981445,-73.5995941162109,77.98135491848562,-238.95334417152304,1754094612
run,-81.1867980957031,-70.0919723510742,85.74508709771005,-236.8039114732362,1754111279
run,-81.2971038818359,-66.5693588256836,90.25964352187152,-227.81284348359097,1754127946
run,-80.8553390502929,-63.2959861755371,91.002233533745,-212.18642585463718,1754144613
run,-79.9942321777343,-60.7090797424316,88.140828901243,-190.50778197479138,1754161280
run,-78.8940811157226,-58.4894981384277,82.42946949091339,-163.66373788969923,1754177947
run,-77.7462844848632,-56.6536254882812,75.03261959610067,-132.7739292308193,1754194614
run,-76.5858078002929,-55.1787567138671,67.31799071109242,-99.17518044541545,1754211281
run,-75.3970260620117,-53.8204498291015,60.63149571449225,-64.46121908113024,1754227948
run,-74.258544921875,-52.9275703430175,56.059901201346364,-30.517700497186517,1754244615
run,-73.2513656616211,-52.8433990478515,54.20162963494135,0.5357370736725804,1754261282
run,-72.3723754882812,-53.5185470581054,54.99091878596989,26.557415175621152,1754277949
run,-71.5199127197265,-54.7765731811523,57.633530304718434,45.73526197314716,1754294616
run,-70.4865798950195,-56.3301162719726,60.696876778468194,56.979293241070025,1754311283
run,-69.2693099975586,-57.7426528930664,62.35318608385162,60.21119094856072,1754327950
run,-68.1175765991211,-58.5857849121093,60.72038662451548,56.431830508064614,1754344617
run,-67.3309478759765,-59.3278656005859,54.21213146489662,47.53348756445416,1754361284
run,-66.867446899414,-59.8487358093261,41.81531081022628,35.92556823045289,1754377951
run,-66.5692138671875,-60.1884727478027,23.25174318059637,24.10556696566759,1754394618
run,-66.4835433959961,-60.5048217773437,-0.9791101492095265,14.302619071025175,1754411285
run,-66.7149963378906,-61.3780937194824,-29.660919973458864,8.261763859553588,1754427952
run,-67.6195907592773,-62.6288452148437,-61.00991656114958,7.157322928120726,1754444619
run,-69.408447265625,-63.2352638244628,-92.89709979153706,11.565058035448711,1754461286
run,-72.1678771972656,-63.193546295166,-123.11031054240281,21.42396843040375,1754477953
run,-75.4601211547851,-63.4382362365722,-149.60202403096685,35.98539915960234,1754494620
run,-78.6123428344726,-64.4923706054687,-170.67275980727763,53.82538794286787,1754511287
run,-81.7911987304687,-66.3114624023437,-185.08143431364047,73.00954712142669,1754527954
run,-84.4850234985351,-68.4441223144531,-192.12293869341548,91.4279416221807,1754544621
run,-85.9565963745117,-70.7555313110351,-191.72082996776703,107.21648199432178,1754561288
run,-85.0077819824218,-73.0888290405273,-184.53393180112832,119.12333414600411,1754577955
run,-82.5719146728515,-75.35546875,-172.00756328260996,126.69304624459276,1754594622
run,-79.9637603759765,-77.4759292602539,-156.26930785631137,130.21222995302037,1754611289
run,-77.7274703979492,-79.4878616333007,-139.80579806877535,130.45349640788487,1754627956
run,-75.9538040161132,-81.4607009887695,-124.94910313308662,128.32957737980084,1754644623
run,-74.61767578125,-83.4973907470703,-113.30591836277065,124.59514639356718,1754661290
run,-73.3697052001953,-85.6001663208007,-105.32668084737368,119.69938793005097,1754677957
run,-71.7669296264648,-87.6542358398437,-100.19467464935124,113.81617708920453,1754694624
run,-69.7961120605468,-88.9889602661132,-96.11064174976853,106.9990725503513,1754711291
run,-67.7351684570312,-87.7651596069336,-90.89483070872112,99.36243165068299,1754727958
run,-65.8085403442382,-86.3034515380859,-82.696896534011,91.19461536202158,1754744625
run,-64.2434921264648,-85.0720062255859,-70.55993997310678,82.95465776105868,1754761292
run,-63.518627166748,-83.8561477661132,-54.64927147169299,75.16155936249284,1754777959
run,-63.6923904418945,-82.6222229003906,-36.0976060021734,68.22553780659833,1754794626
run,-64.1888732910156,-81.5712356567382,-16.57138377007976,62.28005361163155,1754811293
run,-64.3607788085937,-80.7072219848632,2.2427157797331425,57.06234295155451,1754827960
run,-64.48974609375,-79.9492645263671,19.038291028097174,51.87674786988032,1754844627
run,-65.3312149047851,-79.2649993896484,33.0734040984627,45.664437934014984,1754861294
run,-66.4320983886718,-78.6824722290039,44.1407619246367,37.18538565687334,1754877961
run,-67.1461410522461,-78.1824874877929,52.39265187283917,25.286442264887672,1754894628
run,-67.677017211914,-77.7141723632812,58.11487876421132,9.190799823670963,1754911295
run,-68.4727020263671,-77.4731292724609,61.549688819325375,-11.282254477117922,1754927962
run,-69.7655029296875,-77.8387908935546,62.84871831834039,-35.6529623826918,1754944629
run,-71.4418716430664,-79.0691909790039,62.175541764041434,-62.90918277518026,1754961296
run,-72.6119766235351,-81.1046371459961,59.891306303133355,-91.78111949821454,1754977963
run,-73.8375091552734,-83.3068695068359,56.700800905895676,-121.03717642512704,1754994630
run,-75.0275268554687,-83.9626541137695,53.6493802477771,-149.65212798908325,1755011297
run,-75.6932983398437,-82.0312423706054,51.933244492507384,-176.76337246771465,1755027964
run,-76.2388458251953,-79.9030075073242,52.57601477561513,-201.4589043435524,1755044631
run,-76.6659774780273,-78.4483413696289,56.093551347595934,-222.554543933114,1755061298
run,-77.1201782226562,-76.6610107421875,62.28646437410546,-238.53793991504082,1755077965
run,-77.955940246582,-73.7250671386718,70.25226308203389,-247.7629254483729,1755094632
run,-78.646728515625,-69.9416122436523,78.61628826992016,-248.830130653456,1755111299
run,-79.0680770874023,-66.1422729492187,85.89274837704491,-240.98376273023874,1755127966
run,-79.2803039550781,-62.6630783081054,90.85048617382806,-224.3506648324214,1755144633
run,-79.2007675170898,-59.8759040832519,92.77993256811926,-199.93652767181578,1755161300
run,-78.7313003540039,-57.675552368164,91.60856670116242,-169.41404338435643,1755177967
run,-77.8583831787109,-55.9598960876464,87.85908937613179,-134.82092814155752,1755194634
run,-76.6873321533203,-54.6154251098632,82.47583245856111,-98.2958170198377,1755211301
run,-75.3580093383789,-53.4452514648437,76.5657999785681,-61.924740026798766,1755227968
run,-74.0252227783203,-52.5244636535644,71.11615911887972,-27.68859967557455,1755244635
run,-72.8180465698242,-52.233341217041,66.75669261860426,2.561656682172474,1755261302
run,-71.7749557495117,-52.6233215332031,63.62586921157397,27.187610789669918,1755277969
run,-70.879165649414,-53.633129119873,61.369871327727196,44.94314573239,1755294636
run,-69.9001846313476,-55.1291885375976,59.26282888553108,55.21235578926307,1755311303
run,-68.7605667114257,-56.5361213684082,56.39830254167842,58.20228220959714,1755327970
run,-67.7880554199218,-57.3826789855957,51.88184638703822,54.97971869504393,1755344637
run,-67.2461624145507,-58.153522491455,44.964160917094794,47.30163360234447,1755361304
run,-66.9689331054687,-58.7643661499023,35.094771017023845,37.283237059784895,1755377971
run,-66.6704483032226,-59.1491661071777,21.926314077395308,27.01894751691415,1755394638
run,-66.4584274291992,-59.3620986938476,5.324035533390892,18.2824364854176,1755411305
run,-66.4059600830078,-60.048469543457,-14.585503676301089,12.385581345082205,1755427972
run,-66.7496795654296,-61.2710723876953,-37.34129910472378,10.196476836815147,1755444639
run,-67.7973937988281,-62.565502166748,-62.10286324814145,12.23508035485369,1755461306
run,-69.7252426147461,-63.0383567810058,-87.68278068552377,18.726958664358087,1755477973
run,-72.5223083496093,-63.1322784423828,-112.66440393474453,29.540782341517676,1755494640
run,-75.7644882202148,-63.5253982543945,-135.56435532982275,44.046674199106846,1755511307
run,-78.8646850585937,-64.6525802612304,-154.98620807839944,61.02656428715831,1755527974
run,-81.9836959838867,-66.4700775146484,-169.74373931556508,78.76465982482438,1755544641
run,-84.5869903564453,-68.5592651367187,-178.9741729985946,95.34705487568876,1755561308
run,-85.7545318603515,-70.8084869384765,-182.26574319127903,109.07901300527514,1755577975
run,-84.5358963012695,-73.0260543823242,-179.78156431533276,118.86284478471936,1755594642
run,-82.1713562011718,-75.0598907470703,-172.31394892318994,124.39585848961427,1755611309
run,-79.6995544433593,-77.0218658447265,-161.19654713261218,126.12720209254785,1755627976
run,-77.3959884643554,-78.9481658935546,-148.04813461786236,125.01122151853387,1755644643
run,-75.4567718505859,-80.8212356567382,-134.3974934551819,122.16680214656888,1755661310
run,-73.8144454956054,-82.6744003295898,-121.30498262447908,118.56864623198797,1755677977
run,-72.1848526000976,-84.482681274414,-109.11948085809094,114.86017879170942,1755694644
run,-70.4894943237304,-86.1373519897461,-97.47248019990174,111.31508400354781,1755711311
run,-68.782485961914,-87.349380493164,-85.52304898548623,107.91643555640923,1755727978
run,-67.218276977539,-87.3543319702148,-72.36509455160903,104.49005830383472,1755744645
run,-65.8508834838867,-86.3163452148437,-57.44067260081718,100.82764186264075,1755761312
run,-64.9752044677734,-85.0138320922851,-40.80248981601921,96.75710823337516,1755777979
run,-64.8125228881836,-83.5492553710937,-23.134897303215954,92.14734805194,1755794646
run,-65.4371185302734,-82.0271072387695,-5.546215708825382,86.85726516809775,1755811313
run,-66.0693893432617,-80.6990203857421,10.760461621297376,80.65088039669381,1755827980
run,-66.3840103149414,-79.7375259399414,24.793215353367206,73.10923610973774,1755844647
run,-66.9042510986328,-79.0607528686523,35.947929428676666,63.583711922789014,1755861314
run,-67.7764511108398,-78.4422378540039,44.03397460350077,51.24436608858725,1755877981
run,-68.5160140991211,-77.7729187011718,49.19799871015569,35.257485013039584,1755894648
run,-69.3329315185546,-77.0919876098632,51.816823986733816,15.068067231707467,1755911315
run,-70.1316986083984,-76.6557159423828,52.41366940139067,-9.310683290156746,1755927982
run,-71.2303085327148,-76.8577117919921,51.62029151799635,-37.13864233672471,1755944649
run,-72.6959915161132,-78.046401977539,50.172281117012,-67.024956936813,1755961316
run,-73.8103332519531,-80.0714797973632,48.89440164361908,-97.23880941748438,1755977983
run,-74.4981613159179,-82.1159896850586,48.62686772903797,-126.13182426008605,1755994650
run,-75.3687515258789,-82.5613021850586,50.07529878061187,-152.48329126886705,1756011317
run,-76.3413543701171,-81.1589584350586,53.620855844691704,-175.61722963058395,1756027984
run,-77.1564712524414,-79.6558456420898,59.16684339985314,-195.2634176040503,1756044651
run,-77.9720230102539,-78.3874969482421,66.10013135088211,-211.26661627612927,1756061318
run,-79.0916748046875,-76.7104568481445,73.40966465660004,-223.3095623036915,1756077985
run,-80.430061340332,-74.3246917724609,79.94187337319174,-230.78149563618248,1756094652
run,-81.3307113647461,-71.3466110229492,84.70795114266171,-232.83631396414876,1756111319
run,-81.6518783569336,-67.8976287841796,87.12816441230729,-228.60320059017135,1756127986
run,-81.3050460815429,-64.3631057739257,87.12835797699225,-217.46717529901053,1756144653
run,-80.537727355957,-61.2315597534179,85.07657155148499,-199.32470040945688,1756161320
run,-79.5698318481445,-58.5973052978515,81.61546387219516,-174.73403720985488,1756177987
run,-78.5010604858398,-56.5280303955078,77.47133898427788,-144.9197930147159,1756194654
run,-77.4054641723632,-55.098876953125,73.30032964048058,-111.6442034820395,1756211321
run,-76.2549667358398,-53.9568748474121,69.59148636234347,-76.9992419764308,1756227988
run,-75.0502471923828,-52.970645904541,66.61417777700917,-43.18152762117367,1756244655
run,-73.8687362670898,-52.3785324096679,64.38890213477445,-12.284590154366835,1756261322
run,-72.7671661376953,-52.6613082885742,62.674071617283424,13.894435773701472,1756277989
run,-71.7587661743164,-53.5249252319335,60.981814233610535,34.04795939489111,1756294656
run,-70.7529525756836,-54.8864822387695,58.64496417096586,47.53684932680283,1756311323
run,-69.7246398925781,-56.2273216247558,54.94297927542443,54.49929628535334,1756327990
run,-68.763687133789,-57.142520904541,49.2602619050865,55.82221396427212,1756344657
run,-68.0367355346679,-58.0036659240722,41.218834560601024,52.94752911518565,1756361324
run,-67.6248016357421,-58.8384132385253,30.726562544973792,47.556967978296115,1756377991
run,-67.4187316894531,-59.4172630310058,17.921026999271692,41.23773496581293,1756394658
run,-67.3861007690429,-59.7729263305664,3.0453865256146595,35.24505184802315,1756411325
run,-67.5057296752929,-60.3774261474609,-13.671330709986506,30.44109992433595,1756427992
run,-67.806037902832,-61.7957534790039,-32.063696007533665,27.414484230519697,1756444659
run,-68.5395431518554,-63.6101684570312,-51.98464527708533,26.690486238762297,1756461326
run,-69.9523849487304,-64.876724243164,-73.18787840764865,28.874580574776797,1756477993
run,-72.1863021850586,-65.0514831542968,-95.18630896609918,34.59001642208271,1756494660
run,-74.9727706909179,-65.0469284057617,-117.13723934205342,44.19370310191821,1756511327
run,-77.8017578125,-65.5300140380859,-137.80085410199158,57.41477362700607,1756527994
run,-80.630744934082,-67.0165100097656,-155.61941109266735,73.14049788495664,1756544661
run,-83.3523483276367,-69.104248046875,-168.95283005510993,89.51145396977209,1756561328
run,-85.1790695190429,-71.463508605957,-176.4541138700637,104.32668314556584,1756577995
run,-84.8696212768554,-74.0602874755859,-177.48199189346008,115.60530350663112,1756594662
run,-82.9118576049804,-76.4211120605468,-172.38357143471433,122.08502750901329,1756611329
run,-80.6920471191406,-78.399429321289,-162.49508660896078,123.47876074694229,1756627996
run,-78.6371383666992,-80.1587295532226,-149.8117504192595,120.42480177789763,1756644663
run,-76.8100204467773,-81.8063888549804,-136.41862082422972,114.19273237454865,1756661330
run,-75.2485198974609,-83.4219818115234,-123.8830780032815,106.28490112632015,1756677997
run,-73.6873168945312,-85.0013885498046,-112.83543780697556,98.0756441564682,1756694664
run,-71.9117126464843,-86.4436645507812,-102.89556967167918,90.57689855226191,1756711331
run,-69.9371795654296,-87.7528457641601,-92.96731503418331,84.35287709513034,1756727998
run,-68.0875625610351,-88.6865692138671,-81.7757658636579,79.56013221869992,1756744665
run,-66.522102355957,-88.2637100219726,-68.43011486418716,76.0685460387852,1756761332
run,-65.4299621582031,-87.0913543701171,-52.79730447745342,73.61292653260702,1756777999
run,-64.9410858154296,-85.8248214721679,-35.56215295235778,71.92494575807787,1756794666
run,-65.2173461914062,-84.4937362670898,-17.98186421826264,70.8012891448823,1756811333
run,-65.7308273315429,-83.1596069335937,-1.4594686807696615,70.08029083022035,1756828000
run,-66.1221313476562,-82.0147628784179,12.883835635776565,69.52807639184574,1756844667
run,-66.4421081542968,-81.1797332763671,24.482281464999367,68.67404567527925,1756861334
run,-67.0570449829101,-80.4845657348632,33.37531472995196,66.67403813948152,1756878001
run,-67.9253921508789,-79.7035446166992,40.0588628047748,62.29616322042365,1756894668
run,-68.64111328125,-78.81005859375,45.22298955766989,54.096093591946556,1756911335
run,-69.2391891479492,-77.8344345092773,49.47747747314219,40.77308952100105,1756928002
run,-69.9162902832031,-76.9787292480468,53.158071319120644,21.604845129192444,1756944669
run,-70.9290771484375,-76.5035858154296,56.27949136550712,-3.2034485794202787,1756961336
run,-72.4887924194336,-76.77587890625,58.64959907848599,-32.414061212483645,1756978003
run,-74.0120239257812,-78.0244750976562,60.08814659461313,-63.97090662776803,1756994670
run,-75.3496398925781,-80.0675964355468,60.63798345955134,-95.47830971967424,1757011337
run,-76.4224319458007,-82.2201461791992,60.65607906814612,-124.77145014746631,1757028004
run,-77.3262863159179,-83.0508728027343,60.73293068504566,-150.36059764274725,1757044671
run,-78.2809982299804,-82.0465316772461,61.4766389004744,-171.58919816552515,1757061338
run,-79.089485168457,-80.750617980957,63.263434135812616,-188.48012142183376,1757078005
run,-79.8524703979492,-79.6041259765625,66.07016723014952,-201.3822595997289,1757094672
run,-80.7803497314453,-78.0278396606445,69.46469537479071,-210.59763880843877,1757111339
run,-81.737678527832,-75.7425079345703,72.7565356391833,-216.1416647109632,1757128006
run,-82.1562271118164,-72.875747680664,75.2370374176384,-217.6999771936524,1757144673
run,-82.036148071289,-69.5926513671875,76.40444747791904,-214.75354461151449,1757161340
run,-81.5671081542968,-66.2462158203125,76.09225639929313,-206.78920898936508,1757178007
run,-80.8549041748046,-63.137523651123,74.47790587825325,-193.5042604809503,1757194674
run,-79.9404602050781,-60.6211738586425,72.001278348312,-174.94123300377257,1757211341
run,-78.8822250366211,-58.5203704833984,69.2420075090414,-151.53608343615915,1757228008
run,-77.803352355957,-56.850414276123,66.79509666478798,-124.10568965002642,1757244675
run,-76.7138137817382,-55.3748168945312,65.16415637976468,-93.81587112947551,1757261342
run,-75.5916595458984,-54.1190032958984,64.6756492943893,-62.15126765970614,1757278009
run,-74.4587173461914,-53.3081512451171,65.41168450175272,-30.869598129329084,1757294676
run,-73.2818450927734,-53.1472778320312,67.16246211632458,-1.8958946950250326,1757311343
run,-72.0663452148437,-53.6676979064941,69.40716369917708,22.87812401282051,1757328010
run,-70.8159790039062,-54.7720184326171,71.33637886799777,41.877894001998605,1757344677
run,-69.5414276123046,-56.0591697692871,71.92497603223194,54.14371967882812,1757361344
run,-68.2871627807617,-57.2432975769043,70.0525332555827,59.5406913378733,1757378011
run,-67.1764450073242,-58.0435905456543,64.65526635683679,58.797366489472395,1757394678
run,-66.3360900878906,-58.9117355346679,54.88617842464157,53.354159760336195,1757411345
run,-65.7346496582031,-59.710464477539,40.26120967070866,45.077367954243755,1757428012
run,-65.3254013061523,-60.1587409973144,20.773220860362112,35.938271490599895,1757444679
run,-65.2077941894531,-60.5865440368652,-3.0438889734322014,27.75197698604337,1757461346
run,-65.5212326049804,-61.6485633850097,-30.120733828394325,22.028201875773572,1757478013
run,-66.4094924926757,-63.093765258789,-58.943411751716134,19.923592764090657,1757494680
run,-67.9797744750976,-64.1503295898437,-87.72814131980459,22.226503522152242,1757511347
run,-70.3714981079101,-64.3030700683593,-114.6497000323009,29.29170976136612,1757528014
run,-73.3711013793945,-64.5390625,-138.0699451697704,40.90292564830504,1757544681
run,-76.2655029296875,-65.3469543457031,-156.71294133844972,56.14054086119161,1757561348
run,-79.2108764648437,-66.8325729370117,-169.76485966912165,73.3856398659827,1757578015
run,-81.8557510375976,-68.826789855957,-176.9182215756129,90.54598680836752,1757594682
run,-83.7720031738281,-71.0228729248046,-178.39285589263278,105.47612201358841,1757611349
run,-84.2524642944336,-73.3982238769531,-174.93571821070904,116.45997105052511,1757628016
run,-83.1978759765625,-75.7034606933593,-167.75896211471854,122.58780032645863,1757644683
run,-81.4764251708984,-77.7827606201171,-158.36623549926188,123.90036841281622,1757661350
run,-79.5457916259765,-79.6504821777343,-148.25824573163248,121.26656145293724,1757678017
run,-77.5954284667968,-81.3628692626953,-138.5769148950992,116.06204235840396,1757694684
run,-75.8125228881836,-83.0276336669921,-129.80156870949492,109.77876920368332,1757711351
run,-74.0085296630859,-84.6139450073242,-121.61909672023502,103.6939304045983,1757728018
run,-72.0455093383789,-85.9773254394531,-113.04387360940987,98.67402169128273,1757744685
run,-69.9861145019531,-87.0874481201171,-102.77555466052144,95.12317357589336,1757761352
run,-68.0982131958007,-87.6740112304687,-89.68666759455247,93.03906524628977,1757778019
run,-66.5090789794921,-87.0988998413086,-73.27125783080419,92.12531116915919,1757794686
run,-65.3904266357421,-85.7759857177734,-53.892687830612054,91.91487434695097,1757811353
run,-64.8761978149414,-84.2166671752929,-32.742070104606675,91.8700064990802,1757828020
run,-65.1693496704101,-82.5381546020507,-11.527179604935286,91.4347982760585,1757844687
run,-65.9612655639648,-80.9363174438476,7.988521317623999,90.02961331346022,1757861354
run,-66.6180114746093,-79.6213455200195,24.426310665084227,86.99762766181338,1757878021
run,-67.052490234375,-78.6011352539062,37.06417384172327,81.54250553243013,1757894688
run,-67.8325653076171,-77.7644271850586,45.877885487960036,72.72096044866556,1757911355
run,-68.7920989990234,-76.8973617553711,51.388081914690346,59.55200174292154,1757928022
run,-69.6397552490234,-75.9447174072265,54.40984006550097,41.25964286131484,1757944689
run,-70.4022369384765,-75.1351699829101,55.806533929441,17.588441752816188,1757961356
run,-71.2187805175781,-74.7908554077148,56.32194610747406,-10.937485945275254,1757978023
run,-72.5240173339843,-75.2813110351562,56.52345699740251,-42.95287023648142,1757994690
run,-74.0042648315429,-76.7317199707031,56.83984205691194,-76.46054251801665,1758011357
run,-75.2095260620117,-79.0427474975586,57.63236464217377,-109.26336245531833,1758028024
run,-76.1312561035156,-81.6250381469726,59.225155170970275,-139.45681389957747,1758044691
run,-77.2215194702148,-82.8747024536132,61.85537654086085,-165.7801047453945,1758061358
run,-78.2329025268554,-82.28515625,65.56428093080372,-187.6878601585778,1758078025
run,-78.9903564453125,-81.2640380859375,70.0968036558352,-205.14414305717384,1758094692
run,-79.7913970947265,-80.0915069580078,74.88411039790277,-218.27600190719636,1758111359
run,-80.8502197265625,-78.1667098999023,79.14845505121656,-227.07445497252272,1758128026
run,-81.6470184326171,-75.3044204711914,82.10766787004093,-231.27394264744953,1758144693
run,-81.8528366088867,-71.9163436889648,83.1993134662511,-230.42603607295126,1758161360
run,-81.4527969360351,-68.3601760864257,82.23040190635214,-224.08649543532246,1758178027
run,-80.5717086791992,-64.9606552124023,79.40045137189452,-212.00472749594286,1758194694
run,-79.4818954467773,-62.1403770446777,75.21378213423971,-194.23990628134854,1758211361
run,-78.3540420532226,-59.7519645690918,70.34304115324566,-171.1929457165337,1758228028
run,-77.2690353393554,-57.7812232971191,65.50391653682006,-143.59476774857384,1758244695
run,-76.2593612670898,-56.1883926391601,61.36314801681567,-112.50055763736592,1758261362
run,-75.2728805541992,-54.7544479370117,58.46364949094595,-79.30690840459899,1758278029
run,-74.2710037231445,-53.6549263000488,57.14051061792181,-45.759263547493035,1758294696
run,-73.2333984375,-53.2867431640625,57.42242856146217,-13.88542598052197,1758311363
run,-72.1747665405273,-53.7187767028808,58.9447542316615,14.19731614357578,1758328030
run,-71.1135787963867,-54.6628303527832,60.91884379025199,36.597211869903525,1758344697
run,-69.9873046875,-56.0061302185058,62.19551674589067,52.00795256587696,1758361364
run,-68.7991561889648,-57.3131408691406,61.430635547521376,59.991221291024296,1758378031
run,-67.7312545776367,-58.1936073303222,57.3212825491101,61.07435941187906,1758394698
run,-67.0251235961914,-59.1054801940918,48.851026306381954,56.62695932028826,1758411365
run,-66.6598587036132,-59.8817253112793,35.47923460672122,48.569439707561145,1758428032
run,-66.4096527099609,-60.3923568725585,17.233757786946246,39.02398854885984,1758444699
run,-66.3269577026367,-60.8699073791503,-5.298684215903757,30.018017089172588,1758461366
run,-66.57080078125,-61.8897056579589,-31.065191822567886,23.30156189221823,1758478033
run,-67.4897384643554,-63.4281692504882,-58.693994353862834,20.26842897885503,1758494700
run,-69.2453460693359,-64.4606628417968,-86.66407325537313,21.909167932495286,1758511367
run,-71.8315048217773,-64.5681686401367,-113.45890867828939,28.71471432140006,1758528034
run,-74.9078292846679,-64.7494964599609,-137.66846604040816,40.516125322327,1758544701
run,-77.8412704467773,-65.5718078613281,-158.03121225414196,56.347480348698575,1758561368
run,-80.8436737060546,-67.1581954956054,-173.4556414347347,74.46785128880393,1758578035
run,-83.4471359252929,-69.2151641845703,-183.08923131055622,92.62372719424332,1758594702
run,-84.9517440795898,-71.4890213012695,-186.47233316317138,108.51224617319109,1758611369
run,-84.3192901611328,-73.9922714233398,-183.7341016075277,120.29988976279141,1758628036
run,-82.2309494018554,-76.3948974609375,-175.71681147539152,127.0179094284262,1758644703
run,-79.9065628051757,-78.5393905639648,-163.91192499661,128.7030866759918,1758661370
run,-77.7465057373046,-80.4716415405273,-150.16514068826294,126.2535359660792,1758678037
run,-75.9067916870117,-82.2917938232421,-136.21814132699944,121.07690106482325,1758694704
run,-74.368179321289,-84.1057586669921,-123.24413557342812,114.67253511084714,1758711371
run,-72.7679443359375,-85.839241027832,-111.55795263528212,108.28449179902134,1758728038
run,-70.9892272949218,-87.2453002929687,-100.62403949323685,102.70353266033219,1758744705
run,-69.084114074707,-88.0211715698242,-89.36726997125469,98.22583872981674,1758761372
run,-67.3219757080078,-87.6443252563476,-76.66405987474052,94.72983405958253,1758778039
run,-65.8538742065429,-86.4859848022461,-61.817011617714584,91.81898512175496,1758794706
run,-65.0932998657226,-85.0491638183593,-44.83217922461952,88.98312779208987,1758811373
run,-65.0135879516601,-83.4491653442382,-26.41386340785479,85.7367605621849,1758828040
run,-65.5196533203125,-81.7682495117187,-7.717771589649009,81.69602719874189,1758844707
run,-66.0444946289062,-80.4345397949218,10.00275514420114,76.56719713375024,1758861374
run,-66.3683166503906,-79.5652923583984,25.704350696873025,70.0509107896211,1758878041
run,-66.8829727172851,-79.0008392333984,38.719371684164415,61.71504188180367,1758894708
run,-67.8860549926757,-78.4763488769531,48.77233263713205,50.92668422601323,1758911375
run,-68.9143676757812,-77.80712890625,55.9016416489444,36.9238126565694,1758928042
run,-69.7721176147461,-77.0389099121093,60.354101428521496,19.03831995176478,1758944709
run,-70.6433868408203,-76.4790115356445,62.50231156324314,-3.0122195019373836,1758961376
run,-71.8020401000976,-76.6519317626953,62.81120740572766,-28.906026351687867,1758978043
run,-73.3256912231445,-77.7488861083984,61.851271577636815,-57.69246554562912,1758994710
run,-74.6089324951171,-79.5787811279296,60.32142297369738,-87.98432120610242,1759011377
run,-75.606086730957,-81.8223114013671,59.02420486283184,-118.27248942691266,1759028044
run,-76.6258010864257,-83.1663208007812,58.754276691384895,-147.203975534102,1759044711
run,-77.6111755371093,-82.7287292480468,60.11399032491511,-173.69421951294717,1759061378
run,-78.2763366699218,-81.7145919799804,63.32304542582292,-196.8525698624703,1759078045
run,-78.9336013793945,-80.5398406982421,68.10967601879995,-215.8176882033572,1759094712
run,-79.9053878784179,-78.6531677246093,73.74583460584378,-229.65150515553194,1759111379
run,-80.7725677490234,-75.7828598022461,79.2270832708352,-237.39345857608313,1759128046
run,-81.1482391357421,-72.1206359863281,83.52998363811164,-238.26556339909322,1759144713
run,-80.9877700805664,-68.3921585083007,85.84840775905724,-231.91772119819785,1759161380
run,-80.3986434936523,-65.0482406616211,85.73672170043471,-218.57446911696567,1759178047
run,-79.5645523071289,-62.2862091064453,83.14847295104165,-199.00406854983052,1759194714
run,-78.6583557128906,-60.0695190429687,78.4061346364371,-174.33818826176153,1759211381
run,-77.7722778320312,-58.1129493713378,72.14189628327453,-145.85423173350307,1759228048
run,-76.8931045532226,-56.4041328430175,65.22140131037374,-114.83914122332719,1759244715
run,-75.9381408691406,-55.0545349121093,58.634418101663634,-82.58555329671827,1759261382
run,-74.8914413452148,-53.9200019836425,53.33501322898363,-50.47866778699145,1759278049
run,-73.7902755737304,-53.1913185119628,50.04084381333503,-20.071253521994528,1759294716
run,-72.7176361083984,-53.3275337219238,49.03697903345121,6.956050396242903,1759311383
run,-71.719612121582,-54.1099281311035,50.049229038162416,28.994152484137285,1759328050
run,-70.7426605224609,-55.3362960815429,52.240606184995684,44.820951974401694,1759344717
run,-69.7521667480468,-56.6472587585449,54.34436485821982,53.913706786834766,1759361384
run,-68.7801284790039,-57.6486473083496,54.896401958595476,56.620456921091936,1759378051
run,-67.9721755981445,-58.2919158935546,52.49584075987584,54.10642722447918,1759394718
run,-67.4389495849609,-59.0251235961914,46.02477277426548,48.091206653771536,1759411385
run,-67.0919418334961,-59.6458625793457,34.79172264822955,40.48244606783961,1759428052
run,-66.7918624877929,-60.0449295043945,18.601882819346407,33.04409650464904,1759444719
run,-66.6614227294921,-60.4978065490722,-2.2255683959534815,27.203590391208422,1759461386
run,-66.8834838867187,-61.7407646179199,-26.880972053753048,24.026523333229534,1759478053
run,-67.7934036254882,-63.3285102844238,-54.13177012525522,24.299810109094764,1759494720
run,-69.5399169921875,-64.3025512695312,-82.43783578637229,28.602164568505053,1759511387
run,-72.1447143554687,-64.4788742065429,-110.09982467527155,37.25084084365863,1759528054
run,-75.2007522583007,-64.7805633544921,-135.40862500215485,50.11144855221749,1759544721
run,-78.0992355346679,-65.7232666015625,-156.77300429432648,66.38394398743837,1759561388
run,-81.051399230957,-67.4088821411132,-172.83711450863154,84.53381767188202,1759578055
run,-83.5628814697265,-69.5575485229492,-182.62400814823923,102.47705533709934,1759594722
run,-84.9914779663086,-72.0064086914062,-185.71838460582234,117.99594050474083,1759611389
run,-84.2489929199218,-74.645767211914,-182.43784661909933,129.24558255530235,1759628056
run,-82.077766418457,-77.1091690063476,-173.88911562258937,135.16747935930368,1759644723
run,-79.835464477539,-79.3019866943359,-161.8152992062495,135.66869023907597,1759661390
run,-77.8244705200195,-81.2312393188476,-148.21972927507622,131.52705278259484,1759678057
run,-76.0341110229492,-83.0418472290039,-134.8606158629273,124.09256619252228,1759694724
run,-74.4282455444336,-84.8188552856445,-122.78908707444613,114.91843261798672,1759711391
run,-72.7402648925781,-86.4422378540039,-112.10773197386081,105.44721629666081,1759728058
run,-70.9067153930664,-87.6055908203125,-102.05130654977818,96.81661244709318,1759744725
run,-68.9672470092773,-87.943000793457,-91.366725097218,89.78049543544796,1759761392
run,-67.1710205078125,-87.306884765625,-78.84991486676567,84.70259865135075,1759778059
run,-65.7320022583007,-86.2019729614257,-63.83655502144394,81.58120402366923,1759794726
run,-64.8832473754882,-84.9551162719726,-46.46932551736564,80.0855722992449,1759811393
run,-64.669448852539,-83.6085891723632,-27.662008387074977,79.60400791374325,1759828060
run,-65.0837707519531,-82.1347122192382,-8.804392439655489,79.30676992034475,1759844727
run,-65.7570495605468,-80.686897277832,8.652979983638492,78.21882539933085,1759861394
run,-66.1695480346679,-79.4738006591796,23.567968433375217,75.2922654574568,1759878061
run,-66.562026977539,-78.5861358642578,35.31164972130931,69.47749069066832,1759894728
run,-67.3947830200195,-77.8356170654296,43.78188793346029,59.811396322344116,1759911395
run,-68.3009796142578,-77.1368942260742,49.278752066143234,45.54861441490415,1759928062
run,-69.1022415161132,-76.4428482055664,52.32672901286791,26.33883564938365,1759944729
run,-69.8602828979492,-75.9283142089843,53.518036699844586,2.4042000506157057,1759961396
run,-70.7479171752929,-75.9711074829101,53.4236159701118,-25.37105305718029,1759978063
run,-72.1092071533203,-76.85302734375,52.5843247624046,-55.521774388318974,1759994730
run,-73.4950180053711,-78.5694122314453,51.55403474348326,-86.2721593185445,1760011397
run,-74.5091857910156,-80.9275970458984,50.93290253237954,-115.91645613242105,1760028064
run,-75.259536743164,-82.7859649658203,51.33028342102521,-143.15987142631818,1760044731
run,-76.2552947998046,-82.7022018432617,53.240749307877245,-167.27346111025358,1760061398
run,-77.1183853149414,-81.4844741821289,56.8764269432275,-188.00388777214255,1760078065
run,-77.9228057861328,-80.3378753662109,62.03632754951865,-205.30143103308453,1760094732
run,-78.7699127197265,-78.9580307006836,68.0894260355081,-219.01349195549784,1760111399
run,-79.9152755737304,-76.8426513671875,74.10515957208918,-228.69005003894384,1760128066
run,-80.8752365112304,-73.9289398193359,79.09885946945607,-233.57652239196634,1760144733
run,-81.3536682128906,-70.4208526611328,82.3020321240944,-232.78057883033568,1760161400
run,-81.3280334472656,-66.7482833862304,83.35435558625397,-225.53584941766346,1760178067
run,-80.8622589111328,-63.3242835998535,82.35560239982631,-211.46237132959504,1760194734
run,-80.0859909057617,-60.506004333496,79.78256505021353,-190.74026503989185,1760211401
run,-79.0896835327148,-58.1985244750976,76.32613265790613,-164.15960348342577,1760228068
run,-77.9737243652343,-56.4591178894043,72.71464070834163,-133.06280018532573,1760244735
run,-76.8391036987304,-55.1241340637207,69.56851141782859,-99.22755797081606,1760261402
run,-75.6994934082031,-53.8851623535156,67.30060271824294,-64.73289308333081,1760278069
run,-74.5521240234375,-52.9326820373535,66.05652328288596,-31.81537023215685,1760294736
run,-73.3937911987304,-52.6017456054687,65.68670866717312,-2.6846922283280263,1760311403
run,-72.2683639526367,-53.0354270935058,65.75170937739333,20.738789406341013,1760328070
run,-71.1739425659179,-54.0747718811035,65.5714262999805,37.15998331754789,1760344737
run,-70.0387649536132,-55.40234375,64.32647568410087,46.24199829975575,1760361404
run,-68.8810272216796,-56.7283134460449,61.20230126658216,48.80561086324653,1760378071
run,-67.8464050292968,-57.5895462036132,55.54322278266969,46.77133951611408,1760394738
run,-67.1032028198242,-58.2765731811523,46.971804698374704,42.79662465134397,1760411405
run,-66.6569213867187,-58.9273605346679,35.44087306868724,39.67422886146048,1760428072
run,-66.3734130859375,-59.4249534606933,21.215216647843658,39.65437761224051,1760444739
run,-66.1839141845703,-59.8049850463867,4.806924503492142,43.892358125381115,1760461406
run,-66.202880859375,-60.5454483032226,-13.104177726087405,52.197466681984594,1760478073
run,-66.6271743774414,-62.0162124633789,-31.744333726605113,63.17726581391093,1760494740
