Label,Left_Hip_q,Right_Hip_q,Left_Hip_qd,Right_Hip_qd,SampleTimeFine
run,-63.6768836975097,-82.1737594604492,-24.4207534790039,100.549186706542,1433054858
run,-64.1740570068359,-80.6266555786132,24.603002967881352,92.75818405627894,1433071525
run,-65.0398483276367,-79.3030700683593,28.59973645144136,87.11173928187543,1433088192
run,-65.6299667358398,-78.185920715332,32.58081679230246,79.47159293259193,1433104859
run,-66.1795654296875,-77.2606735229492,36.412418354895294,68.13785236700507,1433121526
run,-66.9901046752929,-76.4699554443359,39.96636852286927,51.82990052625171,1433138193
run,-67.8419570922851,-75.7407455444336,43.11646197937111,29.917020327584392,1433154860
run,-68.6000061035156,-75.1934967041015,45.72414520251507,2.6197470739645574,1433171527
run,-69.2333374023437,-75.19921875,47.63429293149318,-28.912304448997443,1433188194
run,-69.9475631713867,-76.1896209716796,48.70341215819908,-62.73299059592491,1433204861
run,-71.13232421875,-78.0525512695312,48.872111410927864,-96.46105423711604,1433221528
run,-72.5393142700195,-80.3123397827148,48.264015773689316,-127.78528101738162,1433238195
run,-73.5946578979492,-81.9800720214843,47.25689929427029,-154.94748802407557,1433254862
run,-74.3431777954101,-81.8593978881836,46.461359925902194,-177.03184416772177,1433271529
run,-75.1289291381836,-80.6400604248046,46.57852990027043,-193.9668013808869,1433288196
run,-75.8255157470703,-79.7164840698242,48.173357897323235,-206.26596812863232,1433304863
run,-76.3699035644531,-78.6607513427734,51.45279490186164,-214.63452473114117,1433321530
run,-76.9967269897461,-76.7518615722656,56.14868862922246,-219.60234736355363,1433338197
run,-77.9173889160156,-74.1542739868164,61.567411010863935,-221.3079601541583,1433354864
run,-78.9629592895507,-70.9938430786132,66.79629827004683,-219.48008925076286,1433371531
run,-79.6562805175781,-67.3865737915039,70.98422566135197,-213.58696241752943,1433388198
run,-79.9372329711914,-63.9800415039062,73.5819322471387,-203.0733222873121,1433404865
run,-79.8677215576171,-61.2383155822753,74.45640946821096,-187.5922092899763,1433421532
run,-79.4939727783203,-58.9759368896484,73.86072757934208,-167.1655033145365,1433438199
run,-78.8662109375,-57.0542221069335,72.30252994464304,-142.25834330216807,1433454866
run,-78.1189270019531,-55.2580490112304,70.38082957132457,-113.79147323089329,1433471533
run,-77.4096450805664,-53.7618560791015,68.64886689979721,-83.11508520426824,1433488200
run,-76.6713943481445,-52.7213287353515,67.5269351176748,-51.938910126242014,1433504867
run,-75.7667846679687,-52.276554107666,67.25571884620251,-22.192541045531662,1433521534
run,-74.7275161743164,-52.3790321350097,67.865979952187,4.198559496408379,1433538201
run,-73.6403656005859,-53.0735321044921,69.14951932783829,25.59809847550569,1433554868
run,-72.5616149902343,-54.1467132568359,70.63881289487603,40.94128383401547,1433571535
run,-71.4930725097656,-55.2720909118652,71.62010674715185,49.93007145835722,1433588202
run,-70.3474731445312,-56.1925506591796,71.20299660891762,53.06968635974641,1433604869
run,-69.1253890991211,-56.8219032287597,68.44742989240346,51.52285731457019,1433621536
run,-68.0208053588867,-57.4669799804687,62.51959914749786,46.82614035602346,1433638203
run,-67.3231430053711,-58.105354309082,52.83175270776564,40.56789436502489,1433654870
run,-66.9540176391601,-58.6112899780273,39.130970830887925,34.13931154084316,1433671537
run,-66.6914443969726,-59.0912590026855,21.531444182003053,28.63262250243272,1433688204
run,-66.5456008911132,-60.1763153076171,0.5094026214478979,24.89244647151386,1433704871
run,-66.6515731811523,-61.7815284729003,-23.120288461984654,23.651820146774224,1433721538
run,-67.2617111206054,-63.068977355957,-48.24744059829182,25.631693211655893,1433738205
run,-68.6803283691406,-63.4444885253906,-73.5477234800855,31.488836650454292,1433754872
run,-70.9956741333007,-63.5932273864746,-97.61071235054972,41.583477140813066,1433771539
run,-73.7670516967773,-64.1013717651367,-119.09411538307408,55.66627464603253,1433788206
run,-76.5855255126953,-65.3222122192382,-136.86284985656224,72.66575785629894,1433804873
run,-79.2835845947265,-67.1409378051757,-150.08566556657465,90.72878248468116,1433821540
run,-81.6210556030273,-69.2957687377929,-158.29929317259888,107.54761439298085,1433838207
run,-83.2146453857421,-71.7858963012695,-161.46834740788628,120.87459564022402,1433854874
run,-83.6347427368164,-74.339370727539,-160.04297760194893,129.04717204180682,1433871541
run,-82.8846435546875,-76.6431579589843,-154.9692120486409,131.34860979561873,1433888208
run,-81.5497131347656,-78.6579208374023,-147.58801502926423,128.10225624492358,1433904875
run,-80.0015258789062,-80.4625549316406,-139.39344276765456,120.50278602753698,1433921542
run,-78.2804412841796,-82.1454238891601,-131.6893972657199,110.27611253661829,1433938209
run,-76.5698547363281,-83.7140350341796,-125.24635853647753,99.2924523426442,1433954876
run,-74.8197555541992,-85.1295089721679,-120.08059166329936,89.23266468741846,1433971543
run,-72.9465560913086,-86.4353103637695,-115.44884832790214,81.35740399053482,1433988210
run,-70.913101196289,-87.6676254272461,-110.08211989711421,76.386772383188,1434004877
run,-68.8704681396484,-88.6815185546875,-102.59703207590661,74.47892057652548,1434021544
run,-67.0421447753906,-88.5630569458007,-91.95610259427056,75.29132658471858,1434038211
run,-65.5461273193359,-87.4429626464843,-77.82748912212327,78.1046589426526,1434054878
run,-64.4053268432617,-85.9654159545898,-60.72925375007627,81.98043557660651,1434071545
run,-63.6697044372558,-84.3084640502929,-41.91554339440195,85.91365054714204,1434088212
run,-63.5339698791503,-82.6735916137695,-23.04431050564183,88.93892990062348,1434104879
run,-64.0180206298828,-81.1720352172851,-5.73484398441745,90.16309862833108,1434121546
run,-64.5553665161132,-79.8920516967773,8.839433042763412,88.7310140902291,1434138213
run,-64.8086929321289,-78.8194885253906,20.18906695675294,83.7730588285374,1434154880
run,-65.1074066162109,-77.8233566284179,28.509819596429956,74.40692562199663,1434171547
run,-65.7691955566406,-76.7838058471679,34.47380362137329,59.85096911631565,1434188214
run,-66.374282836914,-75.8532257080078,38.91135136949659,39.64973358899383,1434204881
run,-66.8521423339843,-75.3014602661132,42.50702866648844,13.93970474075455,1434221548
run,-67.4105529785156,-75.1966171264648,45.61123269480139,-16.364971336526878,1434238215
run,-68.3342971801757,-75.7066650390625,48.22243307557902,-49.580580551271744,1434254882
run,-69.7174453735351,-77.1654815673828,50.13312359973419,-83.50461254517826,1434271549
run,-71.1362762451171,-79.4905242919921,51.165211763692696,-115.85787959994846,1434288216
run,-72.2157440185546,-81.8318176269531,51.37751862102913,-144.7728506650023,1434304883
run,-73.1075973510742,-82.5132446289062,51.140922882522,-169.1445250248272,1434321550
run,-73.9283447265625,-81.2959976196289,51.04455853137649,-188.70853523239575,1434338217
run,-74.6594696044921,-79.9924087524414,51.68090531822137,-203.83059449973123,1434354884
run,-75.2981338500976,-78.9344711303711,53.4136109542056,-215.1172798814262,1434371551
run,-76.0347442626953,-77.3070602416992,56.23654703294416,-223.02050093038653,1434388218
run,-77.0292587280273,-74.8124313354492,59.78769438533598,-227.58297134655143,1434404885
run,-78.0582199096679,-71.701416015625,63.50698397091677,-228.39154343440813,1434421552
run,-78.7291641235351,-68.1611785888671,66.8588223006576,-224.721006617622,1434438219
run,-79.0696029663086,-64.6309280395507,69.51519313168329,-215.7953451537321,1434454886
run,-79.0843811035156,-61.4577560424804,71.42618931543925,-201.07385111752603,1434471553
run,-78.8402709960937,-58.7894401550293,72.76761065189964,-180.4824453654125,1434488220
run,-78.353530883789,-56.6834831237793,73.8107082617099,-154.54590339580474,1434504887
run,-77.65234375,-54.8705177307128,74.78197094061177,-124.41397525383712,1434521554
run,-76.8193283081054,-53.3060874938964,75.76946181841753,-91.79292825942585,1434538221
run,-75.9061813354492,-52.2366790771484,76.7005568374147,-58.79135182529133,1434554888
run,-74.9391098022461,-51.744701385498,77.38174617462803,-27.68337417117849,1434571555
run,-73.9509506225586,-51.8030471801757,77.56821689455097,-0.6033924107347914,1434588222
run,-72.9361724853515,-52.4148330688476,77.02552336346677,20.784874491928157,1434604889
run,-71.9269714355468,-53.4574661254882,75.55637919620416,35.57265057800657,1434621556
run,-70.9349517822265,-54.5070724487304,72.98565084720103,43.760567101894125,1434638223
run,-69.8803405761718,-55.3407936096191,69.11670676932889,46.2207638257287,1434654890
run,-68.7511978149414,-55.7882118225097,63.68391568421585,44.45851109375012,1434671557
run,-67.7517013549804,-56.210823059082,56.32618344467456,40.23889813388767,1434688224
run,-67.1160202026367,-56.8183822631835,46.599447483547756,35.20205861128861,1434704891
run,-66.7719955444336,-57.4059715270996,34.03833656474821,30.597062375427488,1434721558
run,-66.5040054321289,-57.9482421875,18.268004812758896,27.213142209480537,1434738225
run,-66.3844223022461,-59.1712760925293,-0.8497134999491216,25.502355560793262,1434754892
run,-66.5436477661132,-60.9691925048828,-23.074820819326813,25.803610360431104,1434771559
run,-67.1273803710937,-62.4136734008789,-47.70582353889449,28.525065598470434,1434788226
run,-68.4286727905273,-62.9048423767089,-73.59754503709878,34.15437730123212,1434804893
run,-70.6004409790039,-63.169017791748,-99.28691301352161,43.06119800438644,1434821560
run,-73.5180740356445,-63.7935714721679,-123.19063502086198,55.191491750741875,1434838227
run,-76.5827713012695,-65.087905883789,-143.8162852067346,69.83674271780426,1434854894
run,-79.5537338256836,-66.9444961547851,-159.9418810651712,85.63060385422408,1434871561
run,-82.218276977539,-69.0641174316406,-170.75472493235586,100.80558289149297,1434888228
run,-83.9142074584961,-71.4495697021484,-175.96149769584065,113.61440507438873,1434904895
run,-83.9624633789062,-73.8672103881836,-175.86467274800347,122.75290357284737,1434921562
run,-82.5831756591796,-76.1069030761718,-171.36330354822056,127.6343566161486,1434938229
run,-80.5987472534179,-78.1900253295898,-163.8224624147108,128.44002222267895,1434954896
run,-78.4740219116211,-80.1789169311523,-154.79056478973567,125.96531214320375,1434971563
run,-76.4504241943359,-82.1172866821289,-145.61378904931922,121.3489660446242,1434988230
run,-74.6172485351562,-83.9842529296875,-137.06311398836527,115.7869388564698,1435004897
run,-72.7306060791015,-85.7119369506836,-129.11433589833163,110.30206660138654,1435021564
run,-70.6679763793945,-87.2796936035156,-120.9848680213494,105.59722541316988,1435038231
run,-68.5043563842773,-88.4060287475586,-111.43997354080315,101.99132430847696,1435054898
run,-66.4989242553711,-88.0159454345703,-99.2717818231102,99.42898081957298,1435071565
run,-64.7789306640625,-86.5964813232421,-83.77946198728658,97.55296313566224,1435088232
run,-63.4516334533691,-84.8941650390625,-65.07575376832212,95.81988337232855,1435104899
run,-62.6651344299316,-83.0313720703125,-44.11324508692719,93.62337175159534,1435121566
run,-62.694969177246,-81.2472534179687,-22.43125016167555,90.37784015435797,1435138233
run,-63.4443435668945,-79.8804779052734,-1.7287534888850828,85.52757364630617,1435154900
run,-64.0463180541992,-79.0019607543945,16.569135121381926,78.48785593212597,1435171567
run,-64.329963684082,-78.3632431030273,31.59439927403986,68.58027841469378,1435188234
run,-64.8920059204101,-77.644775390625,43.094740704830706,55.053640493303256,1435204901
run,-65.8898620605468,-76.769172668457,51.30047500807319,37.24992311130487,1435221568
run,-66.8984375,-76.0016784667968,56.699911803352435,14.886230276186565,1435238235
run,-67.8269653320312,-75.6279602050781,59.82639584315629,-11.670625789537134,1435254902
run,-68.6575012207031,-75.9253387451171,61.12569483721012,-41.295348945372105,1435271569
run,-69.7572708129882,-77.2806320190429,60.933124555019994,-72.2627809224167,1435288236
run,-71.3580551147461,-79.5712661743164,59.550584200563115,-102.64833501138493,1435304903
run,-72.669204711914,-81.9719467163086,57.37071871233193,-130.81330342926057,1435321570
run,-73.7705001831054,-82.8637237548828,54.965580914468475,-155.75965485462322,1435338237
run,-74.6854705810546,-81.7688751220703,53.067841457286235,-177.19615829699757,1435354904
run,-75.6413955688476,-80.5194625854492,52.42683731240151,-195.30392539010555,1435371571
run,-76.375732421875,-79.5586013793945,53.5895911539382,-210.338069385869,1435388238
run,-76.9241485595703,-78.0894165039062,56.701657866257456,-222.26639585498583,1435404905
run,-77.6808319091796,-75.6928558349609,61.422996160370644,-230.60146394221826,1435421572
run,-78.7582092285156,-72.4743881225586,67.00688894484294,-234.4739591848195,1435438239
run,-79.5250701904296,-68.6872634887695,72.51395808142897,-232.88974732144382,1435454906
run,-79.926513671875,-64.9614181518554,77.07066127782133,-225.05252378355,1435471573
run,-79.9897003173828,-61.8059844970703,80.07209745516445,-210.63041177771458,1435488240
run,-79.7216110229492,-59.0852966308593,81.2733494103543,-189.89118074698413,1435504907
run,-79.1307067871093,-56.9917984008789,80.77367641468179,-163.70093070796406,1435521574
run,-78.2781906127929,-55.1658477783203,78.93400028170483,-133.43377927376625,1435538241
run,-77.3210754394531,-53.3786354064941,76.26970108175652,-100.84573032063349,1435554908
run,-76.3463973999023,-51.991039276123,73.34332349897502,-67.93193889701182,1435571575
run,-75.3483428955078,-51.3188858032226,70.66570811005253,-36.750688304609106,1435588242
run,-74.3050994873046,-51.267276763916,68.60826643333124,-9.19544171217138,1435604909
run,-73.230728149414,-51.69384765625,67.33078475238543,13.267228544569832,1435621576
run,-72.1586608886718,-52.5318717956543,66.73261799072993,29.83016274893882,1435638243
run,-71.0532760620117,-53.4895439147949,66.43719662777848,40.464987746317185,1435654910
run,-69.884033203125,-54.2867202758789,65.81782097313568,45.86711216020801,1435671577
run,-68.6542053222656,-54.6953125,64.06451346085903,47.22441355357774,1435688244
run,-67.5880737304687,-55.1714973449707,60.28021328278437,45.881717170626544,1435704911
run,-66.896743774414,-55.8574600219726,53.58924281207656,43.025544244499166,1435721578
run,-66.4588851928711,-56.4529457092285,43.24821948068203,39.51094811193018,1435738245
run,-66.0384216308593,-57.1288795471191,28.761694753602775,35.89148780385261,1435754912
run,-65.6668701171875,-58.3714523315429,10.004087595732313,32.62322850464074,1435771579
run,-65.6231842041015,-60.1970062255859,-12.6709226185502,30.32868871786898,1435788246
run,-66.0316467285156,-61.803840637207,-38.376053513464576,29.957271492208502,1435804913
run,-67.1334075927734,-62.3481674194335,-65.73522881006964,32.700578592623536,1435821580
run,-69.0597076416015,-62.3100051879882,-93.04154453174684,39.634917149534616,1435838247
run,-71.7867202758789,-62.5752563476562,-118.4956714156204,51.227003799088116,1435854914
run,-74.8082046508789,-63.6159515380859,-140.45828095882874,66.94818352058155,1435871581
run,-77.7156372070312,-65.4771423339843,-157.65354435631346,85.21309783216103,1435888248
run,-80.537727355957,-67.7359466552734,-169.2982675070107,103.70470682124134,1435904915
run,-82.7398529052734,-70.3023834228515,-175.1692306393049,119.96676993781392,1435921582
run,-83.8747787475586,-72.9905700683593,-175.62601868194508,132.03596468461393,1435938249
run,-83.5300750732421,-75.4492263793945,-171.5799995080387,138.88847572531665,1435954916
run,-82.0806198120117,-77.7062606811523,-164.3767415969233,140.57057915900813,1435971583
run,-80.2076263427734,-79.834114074707,-155.5693027170866,138.01614334836702,1435988250
run,-78.2175903320312,-81.8996429443359,-146.603439189429,132.66415195200102,1436004917
run,-76.2823867797851,-83.9537353515625,-138.48794518424333,126.03318393405029,1436021584
run,-74.4169921875,-85.9067153930664,-131.55403547808388,119.38339059376469,1436038251
run,-72.3599548339843,-87.6799011230468,-125.39690610450837,113.5304530155228,1436054918
run,-70.1633377075195,-88.5770187377929,-119.03736536176959,108.80999774920564,1436071585
run,-67.9514465332031,-87.4918899536132,-111.2600462548554,105.15057718811029,1436088252
run,-65.9980316162109,-85.8500823974609,-101.01428915418035,102.20236905485453,1436104919
run,-64.4181671142578,-84.1658859252929,-87.7411147303342,99.47592151003978,1436121586
run,-63.1525573730468,-82.416877746582,-71.52512702278909,96.4566552979254,1436138253
run,-62.2095947265625,-80.672248840332,-53.0411854097749,92.66984485163088,1436154920
run,-61.978271484375,-79.1041870117187,-33.338166316334046,87.68131662806928,1436171587
run,-62.4498672485351,-77.8829116821289,-13.553477215877585,81.03986691190012,1436188254
run,-62.7668380737304,-76.9913711547851,5.329810088257611,72.19947356688135,1436204921
run,-62.7559013366699,-76.2521667480468,22.59823896546989,60.48698485712489,1436221588
run,-63.1537246704101,-75.5799713134765,37.78144284729734,45.17849456483875,1436238255
run,-64.1355972290039,-74.9161148071289,50.54682245434097,25.701376465895542,1436254922
run,-65.2831420898437,-74.4221572875976,60.60899876420913,1.904650963254559,1436271589
run,-66.3330078125,-74.3281021118164,67.71730085158768,-25.72135208320303,1436288256
run,-67.5249099731445,-74.9997100830078,71.72931565926821,-56.00219556177552,1436304923
run,-69.1413345336914,-76.7654953002929,72.73560178652316,-87.2749086704947,1436321590
run,-70.9122848510742,-79.3790893554687,71.17580359666994,-117.76954909229055,1436338257
run,-72.1169204711914,-82.1285552978515,67.87682606916084,-146.01969712780044,1436354924
run,-73.1421432495117,-83.3319702148437,63.96173596304815,-171.115830752081,1436371591
run,-74.0956802368164,-82.3263778686523,60.6305970896184,-192.6918045563337,1436388258
run,-75.0670852661132,-80.9188385009765,58.87782261197227,-210.67771762587932,1436404925
run,-75.874153137207,-79.5762100219726,59.247090361023346,-224.97352407060444,1436421592
run,-76.5636978149414,-77.5942230224609,61.71595585626149,-235.22192980466576,1436438259
run,-77.6293869018554,-74.6729507446289,65.75397191167153,-240.78254636709391,1436454926
run,-78.7268371582031,-71.134292602539,70.52836847949322,-240.89414817476003,1436471593
run,-79.3689346313476,-67.3109512329101,75.16897916888594,-234.92857849691745,1436488260
run,-79.6015930175781,-63.6620750427246,78.98483673813142,-222.6195332583007,1436504927
run,-79.4470062255859,-60.7002944946289,81.56428361463401,-204.18415567423597,1436521594
run,-79.0460433959961,-58.2239151000976,82.76174044394772,-180.31937037635223,1436538261
run,-78.4530563354492,-56.2340278625488,82.6271068249602,-152.11502230258796,1436554928
run,-77.6756515502929,-54.5098571777343,81.33716286581259,-120.94964080038648,1436571595
run,-76.7535095214843,-52.9136848449707,79.15242494378877,-88.41003922732139,1436588262
run,-75.7142715454101,-51.7705688476562,76.38412207697498,-56.22490656290782,1436604929
run,-74.6185607910156,-51.327293395996,73.34469479844192,-26.166479081010472,1436621596
run,-73.5490646362304,-51.3792648315429,70.27392014655418,0.11765444654594986,1436638263
run,-72.4977722167968,-52.0601692199707,67.26045678041764,21.333302320452034,1436654930
run,-71.4202194213867,-53.1471138000488,64.19247175321428,36.7652449613361,1436671597
run,-70.3076629638671,-54.2511367797851,60.762121475844296,46.409187709864625,1436688264
run,-69.1567001342773,-55.0712814331054,56.52295445132637,50.93995885494363,1436704931
run,-68.1061019897461,-55.6077613830566,50.97225819819205,51.51044818487883,1436721598
run,-67.486572265625,-56.2923965454101,43.620479369399895,49.455533947106595,1436738265
run,-67.2682647705078,-57.0667343139648,34.02725499933734,46.02290462747276,1436754932
run,-67.1474456787109,-57.8438873291015,21.817734925410317,42.23562304086057,1436771599
run,-66.9839401245117,-58.8841552734375,6.71552212011048,38.91892100092495,1436788266
run,-66.9164810180664,-60.5605850219726,-11.382131753189887,36.83576362011662,1436804933
run,-67.1014556884765,-62.3732795715332,-32.298636170003086,36.81216234802704,1436821600
run,-67.8752670288086,-63.3335838317871,-55.48789174670794,39.72561570597483,1436838267
run,-69.4547424316406,-63.5997657775878,-80.00974266766524,46.29910019984616,1436854934
run,-71.9351730346679,-64.0682296752929,-104.5918452350278,56.769633462489786,1436871601
run,-74.892463684082,-65.1670608520507,-127.75874485959949,70.607575055552,1436888268
run,-77.7763442993164,-66.9899978637695,-147.99027474940522,86.46648325563089,1436904935
run,-80.6624755859375,-69.2282180786132,-163.88710863698756,102.43271973225922,1436921602
run,-83.0234375,-71.7277297973632,-174.34868721905917,116.49285452624609,1436938269
run,-84.3231430053711,-74.3223876953125,-178.769329049311,127.03616942414976,1436954936
run,-83.7234649658203,-76.6390686035156,-177.22034597541767,133.20439590039067,1436971603
run,-81.7549743652343,-78.6848831176757,-170.540115320961,134.98129828676352,1436988270
run,-79.474250793457,-80.6397705078125,-160.24556035650738,133.03425705537393,1437004937
run,-77.3263320922851,-82.6359329223632,-148.2288029380039,128.41706554532254,1437021604
run,-75.550666809082,-84.6429138183593,-136.29421422311225,122.27098801718172,1437038271
run,-74.0241928100586,-86.4472503662109,-125.67839240300948,115.61705281027706,1437054938
run,-72.2986373901367,-87.7334976196289,-116.7302217044929,109.25756596365545,1437071605
run,-70.3427352905273,-87.8865051269531,-108.88275981061811,103.74960785876364,1437088272
run,-68.2232437133789,-86.8465728759765,-100.93526571715536,99.40210704985302,1437104939
run,-66.234375,-85.3887939453125,-91.53507277072003,96.27014969541594,1437121606
run,-64.6219024658203,-83.84375,-79.671409626914,94.14792955075558,1437138273
run,-63.4564323425293,-82.2579040527343,-65.00332999858574,92.57462148056864,1437154940
run,-62.6608657836914,-80.6028442382812,-47.92743222005585,90.86261913821697,1437171607
run,-62.4856567382812,-79.0424575805664,-29.400360027511976,88.14587822591719,1437188274
run,-63.0194664001464,-77.7184295654296,-10.619249266794359,83.44146543363364,1437204941
run,-63.4946479797363,-76.6280059814453,7.297988006012497,75.7259771435129,1437221608
run,-63.5741500854492,-75.7278976440429,23.51333441771166,64.04238987946519,1437238275
run,-63.9846038818359,-75.0121688842773,37.50690434218516,47.65444880936024,1437254942
run,-64.9343872070312,-74.4185409545898,48.997674828051366,26.2421317216874,1437271609
run,-65.9671859741211,-73.9858169555664,57.83778205156664,0.08894518617579913,1437288276
run,-66.9904022216796,-73.99072265625,63.95571955433636,-29.82475100208392,1437304943
run,-68.1144027709961,-74.8409194946289,67.37573704046288,-61.90628409727028,1437321610
run,-69.5648956298828,-76.7636947631836,68.29664933305222,-94.23833901442886,1437338277
run,-71.2846908569336,-79.4556808471679,67.18255074788064,-124.99576201356204,1437354944
run,-72.6378021240234,-82.0964202880859,64.80025944076802,-152.8311483575782,1437371611
run,-73.5799179077148,-82.7468795776367,62.14655360790655,-177.0582865457028,1437388278
run,-74.5938186645507,-81.5345306396484,60.253400480716195,-197.55182526571622,1437404945
run,-75.5191879272461,-80.3594512939453,59.92405192624537,-214.426166476232,1437421612
run,-76.2808456420898,-79.2355346679687,61.499095662931296,-227.66645538406644,1437438279
run,-77.007339477539,-77.2746810913086,64.75250861187682,-236.89193632231954,1437454946
run,-78.0929565429687,-74.3997116088867,68.97154909851055,-241.34528058407065,1437471613
run,-79.217414855957,-70.9379730224609,73.19787101303592,-240.0891354416311,1437488280
run,-79.8310165405273,-67.1337280273437,76.53431069034468,-232.31529349503697,1437504947
run,-79.9600372314453,-63.4098091125488,78.39455027413757,-217.64853857916654,1437521614
run,-79.7137298583984,-60.411563873291,78.61071593034033,-196.344269984202,1437538281
run,-79.2326507568359,-58.0589790344238,77.39069888207615,-169.3257199080791,1437554948
run,-78.5392227172851,-56.2656211853027,75.18116685010332,-138.0707075977071,1437571615
run,-77.6587219238281,-55.0063591003418,72.51027881513168,-104.41200985753711,1437588282
run,-76.6897354125976,-53.8304252624511,69.86054912609374,-70.32942131913754,1437604949
run,-75.7110519409179,-52.7966003417968,67.58571114266918,-37.779299457508614,1437621616
run,-74.7801742553711,-52.4452285766601,65.86199669783744,-8.555230171497826,1437638283
run,-73.8615570068359,-52.7664947509765,64.66174789223761,15.856714170077158,1437654950
run,-72.9184112548828,-53.6026573181152,63.74671257668265,34.44661878735626,1437671617
run,-71.9294662475586,-54.8752250671386,62.68631928882025,46.838995131242,1437688284
run,-70.8304977416992,-56.0862998962402,60.905253839878675,53.3640496075193,1437704951
run,-69.6808776855468,-56.833927154541,57.755332975839444,54.97434979984592,1437721618
run,-68.7819747924804,-57.5777587890625,52.595563660079094,53.00407388160361,1437738285
run,-68.3410263061523,-58.3149261474609,44.86164523010227,48.85056766842119,1437754952
run,-68.1041412353515,-58.9285087585449,34.118172554453,43.704271482253006,1437771619
run,-67.8007278442382,-59.5180931091308,20.104831667569226,38.434491700481246,1437788286
run,-67.5104217529296,-60.6443481445312,2.792324978694823,33.666199491956576,1437804953
run,-67.4524307250976,-62.3398323059082,-17.554594669454055,29.988026450179767,1437821620
run,-67.8720016479492,-63.9980812072753,-40.3354560540488,28.151096239442758,1437838287
run,-69.0655136108398,-64.6671371459961,-64.62849195044258,29.09977458631687,1437854954
run,-71.0990524291992,-64.7237854003906,-89.27047474299124,33.75493406862964,1437871621
run,-73.8416213989257,-64.916259765625,-112.97207298945652,42.6218751383289,1437888288
run,-76.828125,-65.7035751342773,-134.42211119682312,55.42253926005562,1437904955
run,-79.7275466918945,-67.2698211669921,-152.36162003218024,70.96221097229623,1437921622
run,-82.4609985351562,-69.232666015625,-165.65938306678927,87.32683700570158,1437938289
run,-84.4689865112304,-71.5088958740234,-173.44266453538532,102.3458810581214,1437954956
run,-84.779182434082,-73.9497299194336,-175.29697372108853,114.13982120543184,1437971623
run,-83.2393188476562,-76.1713485717773,-171.47110490704588,121.54988294335236,1437988290
run,-81.0126419067382,-78.1562347412109,-162.97029247926315,124.31608571330305,1438004957
run,-78.8154067993164,-79.9904403686523,-151.43711214535136,122.98587991845412,1438021624
run,-76.8052062988281,-81.8108444213867,-138.80314706883695,118.63961702932437,1438038291
run,-75.1092834472656,-83.6502304077148,-126.80024062591643,112.56280928556262,1438054958
run,-73.5943603515625,-85.3792037963867,-116.4951670019275,105.97074537511448,1438071625
run,-71.9663162231445,-86.8767013549804,-108.01993111234147,99.83117961622092,1438088292
run,-70.1050109863281,-87.9708862304687,-100.60447012434209,94.77875587205163,1438104959
run,-68.1521759033203,-87.9078140258789,-92.90336625868204,91.09318988480825,1438121626
run,-66.3611450195312,-86.8693695068359,-83.49342395378892,88.7173944642323,1438138293
run,-64.8466339111328,-85.6417160034179,-71.35847022536994,87.30480646127222,1438154960
run,-63.7740592956543,-84.2385025024414,-56.19717204663696,86.2927692784786,1438171627
run,-63.2779197692871,-82.5550842285156,-38.472661613025814,84.99355688507914,1438188294
run,-63.4300079345703,-80.8337173461914,-19.226768629426868,82.6793794563636,1438204961
run,-63.9294090270996,-79.517593383789,0.23662171251727787,78.62952492107738,1438221628
run,-64.3413314819336,-78.7092056274414,18.66474800905473,72.12744122364388,1438238295
run,-64.7656860351562,-78.1285934448242,35.06201052787563,62.44145680836914,1438254962
run,-65.6418533325195,-77.5338745117187,48.75597640756885,48.85922407820588,1438271629
run,-66.8561401367187,-76.8071594238281,59.35829186502586,30.830172233665884,1438288296
run,-67.9447174072265,-76.0661239624023,66.68602193227305,8.196779501391362,1438304963
run,-68.9826965332031,-75.777717590332,70.70298286359393,-18.58979789958576,1438321630
run,-70.2069244384765,-76.4334487915039,71.51859279963674,-48.405589932581826,1438338297
run,-71.8798599243164,-78.06982421875,69.45132985058025,-79.61932811911633,1438354964
run,-73.5718002319336,-80.2798995971679,65.12204931444847,-110.44494905446767,1438371631
run,-74.7095489501953,-82.0055694580078,59.50406290984985,-139.3293821246635,1438388298
run,-75.7060394287109,-81.7421722412109,53.85507609402641,-165.20034956475155,1438404965
run,-76.5063858032226,-80.4924850463867,49.50520560097852,-187.4792865876781,1438421632
run,-77.2083740234375,-79.6135711669921,47.549731396865916,-205.89560556266815,1438438299
run,-77.8244857788086,-78.6386260986328,48.552320391311866,-220.23360910314395,1438454966
run,-78.2570114135742,-76.7496719360351,52.37618588831678,-230.14903758489748,1438471633
run,-79.0821838378906,-74.0037307739257,58.22042062893019,-235.1260617129813,1438488300
run,-80.0229873657226,-70.6465835571289,64.85866389841051,-234.56740934442726,1438504967
run,-80.544204711914,-66.9201431274414,70.99202557514927,-227.96289829292186,1438521634
run,-80.7797241210937,-63.5084915161132,75.58511597127533,-215.06788910794393,1438538301
run,-80.7122955322265,-60.5943794250488,78.07772012061571,-196.032379562583,1438554968
run,-80.2959747314453,-58.2197151184082,78.43275925379487,-171.4502646598989,1438571635
run,-79.5485382080078,-56.4815788269043,77.04618050411375,-142.33837062699976,1438588302
run,-78.5495376586914,-54.9657821655273,74.57586211547785,-110.08241266478313,1438604969
run,-77.442642211914,-53.4360733032226,71.74626552398514,-76.38010220689445,1438621636
run,-76.3239974975586,-52.338150024414,69.17121286137652,-43.173656990906444,1438638303
run,-75.2338943481445,-51.9333114624023,67.22272125019629,-12.526877703923356,1438654970
run,-74.1798858642578,-52.2206497192382,65.96230727808924,13.596090314480104,1438671637
run,-73.1528625488281,-53.1650276184082,65.13969670011997,33.64157368430151,1438688304
run,-72.1055603027343,-54.4738311767578,64.25119771350872,46.786577724157816,1438704971
run,-70.9654541015625,-55.8262710571289,62.63811941883293,53.144634686609805,1438721638
run,-69.7590789794921,-56.6734237670898,59.59709123966252,53.75146038930419,1438738305
run,-68.7716903686523,-57.2947425842285,54.47261585390773,50.30516250981134,1438754972
run,-68.2182235717773,-57.8668174743652,46.71350579669674,44.74279656906026,1438771639
run,-67.9514465332031,-58.369327545166,35.89929384518943,38.81008283516029,1438788306
run,-67.6623153686523,-58.8401679992675,21.765286510659614,33.7815338461429,1438804973
run,-67.39892578125,-59.6901016235351,4.253645624790146,30.4157744535307,1438821640
run,-67.3234939575195,-61.2323989868164,-16.412116873187234,29.120932704975143,1438838307
run,-67.6902618408203,-62.912612915039,-39.6675718038525,30.203426224586195,1438854974
run,-68.861572265625,-63.8263359069824,-64.6100149725676,34.0292408582229,1438871641
run,-70.9845275878906,-64.1260223388671,-90.07961801059429,40.97765211728129,1438888308
run,-73.8754196166992,-64.4487686157226,-114.78502403160158,51.19981720006195,1438904975
run,-77.0357208251953,-65.2837295532226,-137.4124423053947,64.32862368203729,1438921642
run,-80.1227951049804,-66.8590240478515,-156.6843236486148,79.32984141234758,1438938309
run,-83.0351409912109,-68.894172668457,-171.39794339218432,94.61138846131355,1438954976
run,-85.2929763793945,-71.2565002441406,-180.51674612264108,108.37108951830118,1438971643
run,-85.6799926757812,-73.7481307983398,-183.359737276656,119.04646853073069,1438988310
run,-83.6906204223632,-76.0400390625,-179.84837740731075,125.68951064193742,1439004977
run,-80.9943542480468,-78.0781860351562,-170.69046832235125,128.13451708056976,1439021644
run,-78.4759140014648,-79.9694595336914,-157.36853214865857,126.92592221509184,1439038311
run,-76.3314514160156,-81.8625946044921,-141.87091208304412,123.07059129263942,1439054978
run,-74.6397399902343,-83.7553405761718,-126.22041541736634,117.72914462828089,1439071645
run,-73.2806243896484,-85.5885620117187,-111.95709934808049,111.9509775485824,1439088312
run,-71.8750381469726,-87.2499237060546,-99.76768044233646,106.51016984554076,1439104979
run,-70.3061599731445,-88.3500518798828,-89.40407027762008,101.84814316524542,1439121646
run,-68.5806503295898,-87.8254318237304,-79.91725957529829,98.09595403190589,1439138313
run,-66.9448852539062,-86.4153747558593,-70.10370089273788,95.13870070807124,1439154980
run,-65.5808715820312,-84.9049224853515,-58.98162691105045,92.68946565909258,1439171647
run,-64.7077407836914,-83.3461608886718,-46.11985949996933,90.35072684699935,1439188314
run,-64.454833984375,-81.7280197143554,-31.72185480055915,87.65049149008617,1439204981
run,-64.7640609741211,-80.2096176147461,-16.478965512403494,84.04787143381705,1439221648
run,-65.2525558471679,-78.9824142456054,-1.2967623605258383,78.91369273216168,1439238315
run,-65.4014282226562,-78.0447998046875,12.971444679704984,71.5101697460087,1439254982
run,-65.7951507568359,-77.2586593627929,25.68652720364799,61.01222436740915,1439271649
run,-66.5248107910156,-76.5467147827148,36.457548924956996,46.61248780430575,1439288316
run,-67.3354034423828,-75.8952865600586,45.08735773657195,27.718179509834467,1439304983
run,-68.0932464599609,-75.4051818847656,51.49287101336314,4.190247820905889,1439321650
run,-68.8362731933593,-75.347671508789,55.655350804468206,-23.473790139651378,1439338317
run,-69.9039001464843,-76.1086044311523,57.6339376358887,-54.11556015853885,1439354984
run,-71.5233535766601,-77.8151779174804,57.64192217361521,-86.09561193149852,1439371651
run,-72.7634811401367,-80.2428512573242,56.14165581632862,-117.62666218618524,1439388318
run,-73.7672424316406,-82.430191040039,53.88386030494812,-147.12651336372596,1439404985
run,-74.7646942138671,-82.7651901245117,51.82953186798976,-173.44166273177055,1439421652
run,-75.561294555664,-81.8154678344726,50.94767389185533,-195.86300877197522,1439438319
run,-76.3327255249023,-80.776741027832,51.947763327999446,-213.9700339422318,1439454986
run,-77.0192947387695,-79.3684005737304,55.04787312499248,-227.42434889859695,1439471653
run,-77.7121658325195,-77.0508804321289,59.87925833648372,-235.8368798858224,1439488320
run,-78.8569793701171,-73.8832092285156,65.5816763324767,-238.76717983115657,1439504987
run,-79.856704711914,-70.1809692382812,71.0646795973245,-235.83227292707528,1439521654
run,-80.5743179321289,-66.3916015625,75.3364377903719,-226.85210643895294,1439538321
run,-80.9933776855468,-63.0647773742675,77.77626648027639,-211.95414266091836,1439554988
run,-81.0309143066406,-60.4495315551757,78.26268539775862,-191.59500968216355,1439571655
run,-80.6256332397461,-58.1832809448242,77.13759016452701,-166.5131784086705,1439588322
run,-79.8059005737304,-56.3169746398925,75.0480523757771,-137.6694613308251,1439604989
run,-78.7234878540039,-54.7148132324218,72.73682520240625,-106.22958087233238,1439621656
run,-77.5977935791015,-53.2203140258789,70.8497873205013,-73.59409803028387,1439638323
run,-76.4896774291992,-52.1148681640625,69.80423139528926,-41.42089255150569,1439654990
run,-75.3867645263671,-51.8542861938476,69.73004918019961,-11.559137849141864,1439671657
run,-74.3037414550781,-52.2829933166503,70.46937939243003,14.154754020473236,1439688324
run,-73.2599105834961,-53.2857933044433,71.60868494843271,34.212325017215996,1439704991
run,-72.2198028564453,-54.6150588989257,72.52327292333759,47.75508451875995,1439721658
run,-71.0925750732421,-55.8382720947265,72.43031448946515,54.76891548500621,1439738325
run,-69.9036712646484,-56.3894805908203,70.45749388290265,56.057678318379836,1439754992
run,-68.8799133300781,-56.9347610473632,65.7313516707583,53.00060068875111,1439771659
run,-68.1924819946289,-57.682273864746,57.478871624320654,47.200459837108546,1439788326
run,-67.7051620483398,-58.3633995056152,45.13143412578652,40.1745566304374,1439804993
run,-67.1981964111328,-58.9927215576171,28.423834886707404,33.20215434876621,1439821660
run,-66.8670883178711,-60.2506561279296,7.481372954540272,27.348544808768267,1439838327
run,-66.9449615478515,-61.9402351379394,-17.1215675449049,23.588046257700075,1439854994
run,-67.5923690795898,-63.2196083068847,-44.35818014936116,22.889488031067827,1439871661
run,-68.9463729858398,-63.4606132507324,-72.82301844649187,26.142885583639433,1439888328
run,-71.176513671875,-63.55269241333,-100.87981050925292,33.905581902759195,1439904995
run,-74.0738983154296,-64.0693435668945,-126.8482173174249,46.08078707859889,1439921662
run,-77.0062484741211,-65.3393783569336,-149.18013870463705,61.71679011391212,1439938329
run,-79.9797821044921,-67.2234497070312,-166.5955583237607,79.07228002272194,1439954996
run,-82.7112121582031,-69.3857345581054,-178.18655218621424,95.96307790191334,1439971663
run,-84.6317367553711,-71.811050415039,-183.51728562603878,110.27344225836478,1439988330
run,-84.8219985961914,-74.2123184204101,-182.72426018525218,120.44905115129008,1440004997
run,-83.2490158081054,-76.4153671264648,-176.5747043373114,125.80750718493515,1440021664
run,-80.9935302734375,-78.4667816162109,-166.41535013131244,126.58492078599978,1440038331
run,-78.7022933959961,-80.4130859375,-153.96543078276954,123.74087301180097,1440054998
run,-76.6000595092773,-82.2963790893554,-140.96896774480405,118.62146289280953,1440071665
run,-74.7940597534179,-84.1175003051757,-128.79171165180762,112.60249714519544,1440088332
run,-73.1938095092773,-85.8019943237304,-118.09290049667017,106.80667980856286,1440104999
run,-71.512451171875,-87.3375167846679,-108.69658232737406,101.93873325201433,1440121666
run,-69.6742782592773,-88.4377746582031,-99.72580467234832,98.24044721841273,1440138333
run,-67.8203201293945,-88.1374359130859,-89.96528594965959,95.54636097827638,1440155000
run,-66.1614303588867,-86.872314453125,-78.32672128177988,93.41394922732931,1440171667
run,-64.8172836303711,-85.3123321533203,-64.24990539095616,91.29601576176628,1440188334
run,-63.9535408020019,-83.5278244018554,-47.90128697308461,88.70983467348908,1440205001
run,-63.67427444458,-81.6870574951171,-30.113930583855574,85.34383445724848,1440221668
run,-64.1095581054687,-80.1599731445312,-12.113139031117825,81.04721575791643,1440238335
run,-64.7614135742187,-79.1825332641601,4.849152575641477,75.68859687600249,1440255002
run,-65.0446243286132,-78.6148834228515,19.803793062497316,68.94185100828861,1440271669
run,-65.4194259643554,-78.133674621582,32.21399033412047,60.123001314664684,1440288336
run,-66.2451553344726,-77.4843139648437,41.94905821056422,48.20975329319485,1440305003
run,-67.0883712768554,-76.581298828125,49.144139042948886,32.10007779838863,1440321670
run,-67.9402389526367,-75.6681213378906,54.03642014928413,11.037534188603995,1440338337
run,-68.7787628173828,-75.2218780517578,56.85268187974464,-14.979516125878,1440355004
run,-69.721076965332,-75.7489547729492,57.78850066378991,-45.00926407381798,1440371671
run,-71.2153091430664,-77.4057006835937,57.07834144415373,-77.31129573842372,1440388338
run,-72.6404800415039,-79.8736572265625,55.11075753092709,-109.77553086186764,1440405005
run,-73.662353515625,-81.9433364868164,52.50990499672784,-140.4426716498707,1440421672
run,-74.5927276611328,-82.0117111206054,50.10978974821861,-167.88490902811265,1440438339
run,-75.4312057495117,-81.0442581176757,48.798196761025956,-191.3055005645224,1440455006
run,-76.1755752563476,-80.3541488647461,49.277189343283965,-210.37518994101046,1440471673
run,-76.8150939941406,-79.394905090332,51.83815309785888,-224.9493088949033,1440488340
run,-77.5495300292968,-77.375747680664,56.255525038892436,-234.83222404470598,1440505007
run,-78.7865905761718,-74.4631042480468,61.85710232884441,-239.6871833731849,1440521674
run,-79.9175949096679,-70.8511123657226,67.74595417646141,-239.09523576113673,1440538341
run,-80.7270202636718,-66.9717941284179,73.07318039764505,-232.7015850164031,1440555008
run,-81.1277236938476,-63.5527801513671,77.24163049644369,-220.36724054794098,1440571675
run,-81.0790100097656,-60.5923309326171,79.97118839429298,-202.26327245292234,1440588342
run,-80.6829528808593,-58.1674575805664,81.23855421152868,-178.89184361594516,1440605009
run,-80.0031433105468,-56.2173614501953,81.16317254346775,-151.06499554065098,1440621676
run,-79.0864028930664,-54.2591476440429,79.91591126618582,-119.88578147546093,1440638343
run,-78.0443115234375,-52.5118598937988,77.68796221672672,-86.74714652447614,1440655010
run,-76.9558486938476,-51.3243942260742,74.7078442027526,-53.31725554222589,1440671677
run,-75.8771667480468,-50.853099822998,71.26469677354515,-21.4560893867122,1440688344
run,-74.8486404418945,-51.0180625915527,67.69623421026822,6.96980473676121,1440705011
run,-73.8383636474609,-51.8726921081543,64.32196240193109,30.35196333037383,1440721678
run,-72.810920715332,-52.9894943237304,61.33259379971312,47.60897220126951,1440738345
run,-71.7821426391601,-54.0654411315918,58.67167461515402,58.36709093538901,1440755012
run,-70.7567062377929,-55.0213775634765,55.95500058662254,62.98800369204574,1440771679
run,-69.7782211303711,-55.7910079956054,52.464243511356074,62.440507543622516,1440788346
run,-69.0469970703125,-56.5565452575683,47.22969167839644,58.07711756818114,1440805013
run,-68.6173324584961,-57.4469108581543,39.19426127883592,51.40899418261145,1440821680
run,-68.2695693969726,-58.214298248291,27.433264030617845,43.95563431836599,1440838347
run,-67.9058761596679,-59.1631202697753,11.389369580502706,37.19013653370922,1440855014
run,-67.7880859375,-60.7800559997558,-8.932761111494655,32.53581099485427,1440871681
run,-68.1232757568359,-62.3057632446289,-32.873849787519646,31.326654238001165,1440888348
run,-69.1751251220703,-62.7850799560546,-59.17229466412687,34.650948987817266,1440905015
run,-71.0809020996093,-62.8642272949218,-86.15619527727588,43.06979424126199,1440921682
run,-73.7142868041992,-63.3167419433593,-112.01315705519681,56.31308544469652,1440938349
run,-76.6001358032226,-64.5444107055664,-135.04717710286667,73.12601476353102,1440955016
run,-79.450454711914,-66.5015411376953,-153.85538913979317,91.40242437490434,1440971683
run,-82.1288757324218,-68.8753585815429,-167.41863193168496,108.61168769900246,1440988350
run,-84.0574340820312,-71.5516662597656,-175.15072840698843,122.38634630605362,1441005017
run,-84.5232467651367,-74.1516647338867,-176.9518634193939,131.06651904513893,1441021684
run,-83.2984390258789,-76.4124755859375,-173.2658675357527,134.02114564900918,1441038351
run,-81.1987075805664,-78.4049377441406,-165.09087723845363,131.6651061715224,1441055018
run,-78.9388656616211,-80.2886962890625,-153.87847944305733,125.2141931727645,1441071685
run,-76.8287811279296,-82.1547546386718,-141.29103088552728,116.30581673891626,1441088352
run,-75.0458297729492,-83.8632049560546,-128.8533981350533,106.62510714265416,1441105019
run,-73.4529113769531,-85.2640151977539,-117.599497220837,97.62532121307002,1441121686
run,-71.7893524169921,-86.4498443603515,-107.84019966099906,90.36447239668907,1441138353
run,-69.9957275390625,-87.3331756591796,-99.1471727696114,85.43778666887285,1441155020
run,-68.138801574707,-87.5026779174804,-90.56609184392036,82.97721192188041,1441171687
run,-66.4517745971679,-86.8578948974609,-80.98148742337587,82.69902633202445,1441188354
run,-65.0453491210937,-85.7309799194336,-69.50110408218322,83.98975966302838,1441205021
run,-63.9386367797851,-84.3263320922851,-55.73309253038678,86.0200140955983,1441221688
run,-63.1628189086914,-82.7018203735351,-39.882336474301745,87.8661057660774,1441238355
run,-62.9650573730468,-81.0381698608398,-22.66237810231856,88.60907317018577,1441255022
run,-63.4451560974121,-79.5795516967773,-5.081215107773344,87.38268340678088,1441271689
run,-63.8890647888183,-78.4435195922851,11.80425206307311,83.36596988507821,1441288356
run,-64.1066970825195,-77.4890899658203,27.074258730645482,75.75478134908298,1441305023
run,-64.6537857055664,-76.6676788330078,40.029384731197354,63.775487009693826,1441321690
run,-65.6595687866211,-75.9108810424804,50.19137612574486,46.7948343188381,1441338357
run,-66.6227340698242,-75.2192001342773,57.278283707832045,24.52690833226869,1441355024
run,-67.6099700927734,-74.7076568603515,61.20246764548019,-2.734171169306447,1441371691
run,-68.704475402832,-74.7927322387695,62.108334357868536,-33.97567736235901,1441388358
run,-70.0897445678711,-75.8959503173828,60.43521604432697,-67.52870679468609,1441405025
run,-71.7720413208007,-77.9739379882812,56.96453002643993,-101.35620972091954,1441421692
run,-72.8890075683593,-80.5276336669921,52.79410398226685,-133.4757994515496,1441438359
run,-73.6215362548828,-82.1823196411132,49.19499189902609,-162.34573111532347,1441455026
run,-74.3388748168945,-82.0121078491211,47.35688227872617,-187.0529715932455,1441471693
run,-75.188850402832,-81.1584701538086,48.09288327010626,-207.2442911854846,1441488360
run,-76.0043106079101,-80.1517486572265,51.61066971725,-222.87175558321675,1441505027
run,-76.7994384765625,-78.428955078125,57.44260633408921,-233.90227411726246,1441521694
run,-77.9253692626953,-75.7651290893554,64.57148793977996,-240.12981619866082,1441538361
run,-79.2068328857421,-72.3717269897461,71.71458215550122,-241.1544028891584,1441555028
run,-80.1203689575195,-68.5462112426757,77.66620574072401,-236.5077458046265,1441571695
run,-80.5759811401367,-64.7703704833984,81.57992347819363,-225.850006030373,1441588362
run,-80.601333618164,-61.5791625976562,83.1091816062686,-209.14954024488586,1441605029
run,-80.3047103881836,-58.8144378662109,82.39584034995812,-186.78573668643708,1441621696
run,-79.7869110107421,-56.6059455871582,79.95390729673144,-159.5651643008956,1441638363
run,-79.0385284423828,-54.8506050109863,76.51141778594767,-128.6801431771691,1441655030
run,-78.1018981933593,-53.2222671508789,72.85315864056595,-95.6427821859128,1441671697
run,-77.030403137207,-51.9947853088378,69.6787779032039,-62.20196928171041,1441688364
run,-75.8819808959961,-51.3484573364257,67.47735831356546,-30.222900211779084,1441705031
run,-74.7641143798828,-51.3979187011718,66.42351547982618,-1.5054346249557515,1441721698
run,-73.6625137329101,-52.0189704895019,66.31051138214363,22.452668987785728,1441738365
run,-72.4638442993164,-53.1539344787597,66.54154697743347,40.69523801019291,1441755032
run,-71.1865997314453,-54.3943519592285,66.19605440588232,52.965754264840925,1441771699
run,-69.8905487060546,-55.4060134887695,64.1728183515452,59.70926745625605,1441788366
run,-68.7237014770507,-56.2196807861328,59.38910493053445,61.89939383730816,1441805033
run,-67.9642105102539,-57.1820373535156,50.992664249428735,60.750123339964254,1441821700
run,-67.5956802368164,-57.9891815185546,38.53335345567186,57.42890651256424,1441838367
run,-67.2983322143554,-58.6980323791503,22.051107189182225,52.88868829607865,1441855034
run,-67.0291442871093,-59.8118934631347,2.0627443183100658,47.88110024882962,1441871701
run,-67.0196151733398,-61.6698341369628,-20.54188816776017,43.12313378828588,1441888368
run,-67.4547805786132,-63.655029296875,-44.663730525264334,39.49754015460389,1441905035
run,-68.6575012207031,-64.6753997802734,-69.17508281370576,38.12106867517188,1441921702
run,-70.7349624633789,-64.7526245117187,-93.06565724634221,40.165549938075394,1441938369
run,-73.5040893554687,-64.8625564575195,-115.50434295474096,46.4629146819816,1441955036
run,-76.475471496582,-65.4702987670898,-135.7926738754841,57.079179751425656,1441971703
run,-79.3389358520507,-66.9932861328125,-153.24225716344836,71.09138411414709,1441988370
run,-82.0439224243164,-68.9946746826171,-167.06979543362948,86.70825442908605,1442005037
run,-84.0856704711914,-71.3235626220703,-176.41833677605874,101.70634975966547,1442021704
run,-84.4096374511718,-73.9098129272461,-180.55038516166246,114.0120613637679,1442038371
run,-82.8550186157226,-76.2407302856445,-179.1470440652877,122.21174471174908,1442055038
run,-80.5224456787109,-78.2486572265625,-172.56181268243807,125.82404225619354,1442071705
run,-78.0991668701171,-80.0943222045898,-161.87652077177836,125.28218261148626,1442088372
run,-75.8161315917968,-81.865852355957,-148.69098136513765,121.687940296628,1442105039
run,-73.9695968627929,-83.5430603027343,-134.69989281934483,116.45815807237175,1442121706
run,-72.4058990478515,-84.9842147827148,-121.21114384865453,110.97534842478375,1442138373
run,-70.7963638305664,-86.0479965209961,-108.79473350394467,106.30719555813991,1442155040
run,-69.0334091186523,-86.6799392700195,-97.20329518463316,103.01955041865796,1442171707
run,-67.1975860595703,-86.6364059448242,-85.59130449435027,101.09421580112688,1442188374
run,-65.480224609375,-85.7927169799804,-72.93323548314365,99.96526423503728,1442205041
run,-64.0449600219726,-84.418472290039,-58.463983849139545,98.68073601074238,1442221708
run,-63.1624145507812,-82.6923370361328,-41.972699085389976,96.16521063086766,1442238375
run,-62.9670219421386,-80.6958312988281,-23.86286791024653,91.51091683426642,1442255042
run,-63.4843215942382,-78.7654418945312,-5.002101817557419,84.18953609496201,1442271709
run,-63.9543075561523,-77.5144348144531,13.530620876024543,74.08828436833194,1442288376
run,-64.1591567993164,-77.1483535766601,30.675970590143752,61.3485295138277,1442305043
run,-64.697036743164,-77.2066802978515,45.533229375748135,46.09704922739473,1442321710
run,-65.834487915039,-77.1632690429687,57.41571846475576,28.24046618109462,1442338377
run,-67.158706665039,-76.7840423583984,65.87426919978022,7.474136395256076,1442355044
run,-68.3336105346679,-76.3052902221679,70.72834443829552,-16.468894858358922,1442371711
run,-69.5827713012695,-76.2495193481445,72.10994140067217,-43.46059818667967,1442388378
run,-71.043472290039,-77.1325607299804,70.50334201504512,-72.72662691708774,1442405045
run,-72.8064575195312,-79.0651550292968,66.75486000810945,-102.86404526113274,1442421712
run,-74.2298278808593,-81.5264358520507,62.01940136912723,-132.13779512984397,1442438379
run,-75.0896682739257,-82.9654769897461,57.613716631825724,-158.90883171967877,1442455046
run,-75.9414749145507,-82.4936065673828,54.777323184080764,-181.9841111785568,1442471713
run,-77.0070190429687,-81.2797164916992,54.39359870506428,-200.7401540418412,1442488380
run,-77.9901580810546,-79.9045104980468,56.761859913344026,-215.0054583586994,1442505047
run,-78.930679321289,-77.9618835449218,61.50994978527851,-224.80364200085313,1442521714
run,-80.1288070678711,-75.3764495849609,67.69481761225478,-230.10046637837647,1442538381
run,-81.5579452514648,-72.2792587280273,74.0700267613083,-230.6656053847716,1442555048
run,-82.502815246582,-68.6580429077148,79.42946692433433,-226.09165799270534,1442571715
run,-82.8482971191406,-64.932388305664,82.90370769530747,-215.94374026558208,1442588382
run,-82.6950988769531,-61.7214012145996,84.11531016862904,-199.96559027835676,1442605049
run,-82.1311645507812,-58.92919921875,83.17382471115003,-178.25875690250288,1442621716
run,-81.285888671875,-56.7871131896972,80.55869918144505,-151.38273552628903,1442638383
run,-80.2783432006836,-55.2229843139648,76.96054867434678,-120.37300324537054,1442655050
run,-79.223388671875,-53.6841239929199,73.13009185935506,-86.7049707807893,1442671717
run,-78.0861282348632,-52.38037109375,69.74863260224532,-52.22469463223228,1442688384
run,-76.8806076049804,-51.6036376953125,67.31232973707478,-19.033723460763103,1442705051
run,-75.6851272583007,-51.7706146240234,66.02466434273926,10.70696817716128,1442721718
run,-74.5103683471679,-52.6025733947753,65.70966651657358,35.06693356755911,1442738385
run,-73.3495101928711,-53.9944343566894,65.7767189663901,52.68042919810488,1442755052
run,-72.145278930664,-55.4911842346191,65.27130851007831,63.016167895577816,1442771719
run,-70.842658996582,-56.5156822204589,63.02670030509202,66.4688457192451,1442788386
run,-69.5880889892578,-57.3296699523925,57.89258789894492,64.22348063276759,1442805053
run,-68.6949691772461,-58.085090637207,48.97703317481365,57.945273909417644,1442821720
run,-68.3437347412109,-58.6680259704589,35.824305766016636,49.4243676178871,1442838387
run,-68.2837905883789,-59.152172088623,18.477918111422422,40.31192418081048,1442855054
run,-68.29736328125,-60.0213279724121,-2.5695303281153525,32.02323509447506,1442871721
run,-68.4416046142578,-61.571231842041,-26.494737082944905,25.788723198166586,1442888388
run,-69.0317153930664,-63.2214622497558,-52.27536046758925,22.74557448993948,1442905055
run,-70.465347290039,-63.8896293640136,-78.79789366288973,23.927644494752055,1442921722
run,-72.7779769897461,-63.8382492065429,-104.92626135743063,30.06960310353172,1442938389
run,-75.7576751708984,-64.0094375610351,-129.5270755586082,41.2798057329266,1442955056
run,-78.8106155395507,-64.8907699584961,-151.45897388452744,56.764852618004454,1442971723
run,-81.9373474121093,-66.6658782958984,-169.5593056738119,74.80424868886473,1442988390
run,-84.8419342041015,-68.9656906127929,-182.68878934353765,93.05646629956999,1443005057
run,-86.5507659912109,-71.4449920654296,-189.88672776949312,109.10779861626264,1443021724
run,-85.1202621459961,-74.0330505371093,-190.62788181331123,121.05774348283224,1443038391
run,-82.2744827270507,-76.3670196533203,-185.08830722960974,127.92560118509132,1443055058
run,-79.2881393432617,-78.40673828125,-174.27989553504852,129.75274053068028,1443071725
run,-76.5735778808593,-80.3479537963867,-159.94033859050626,127.4090516507067,1443088392
run,-74.3976593017578,-82.3091583251953,-144.15995095017246,122.22218141176945,1443105059
run,-72.771858215332,-84.2435073852539,-128.84647631346067,115.58591034141595,1443121726
run,-71.3724517822265,-86.0288162231445,-115.21764706935248,108.66651046220349,1443138393
run,-69.8474502563476,-87.5206146240234,-103.5215799032718,102.25161988867731,1443155060
run,-68.0920333862304,-88.3318786621093,-93.10146201070961,96.72275397145485,1443171727
run,-66.305923461914,-87.8411483764648,-82.77643542041518,92.10556092530516,1443188394
run,-64.6891021728515,-86.688850402832,-71.376354537648,88.15734825177832,1443205061
run,-63.4627723693847,-85.3894348144531,-58.21187879050299,84.46871549624905,1443221728
run,-62.7546577453613,-83.9272689819336,-43.305659521742115,80.56575195835039,1443238395
run,-62.6566925048828,-82.3900375366211,-27.325013135425746,75.9947727514237,1443255062
run,-63.2345886230468,-81.051399230957,-11.28415557691921,70.36326700692543,1443271729
run,-63.8884353637695,-80.1048583984375,3.8295998916498997,63.31784070004656,1443288396
run,-64.0990142822265,-79.5231552124023,17.340524724887715,54.47221384749347,1443305063
run,-64.4324264526367,-79.1582489013671,28.98112978086966,43.34061601042675,1443321730
run,-65.2177200317382,-78.8290786743164,38.805104732348354,29.350297268878588,1443338397
run,-66.1214294433593,-78.4306030273437,46.999580449237925,11.976004945431267,1443355064
run,-66.8366775512695,-78.1153717041015,53.6998336576567,-9.032901747790904,1443371731
run,-67.6537780761718,-78.162727355957,58.88595302019229,-33.434295659809685,1443388398
run,-68.6562728881836,-78.9078979492187,62.40282546420587,-60.40841100378773,1443405065
run,-70.3202667236328,-80.6228332519531,64.09884360114224,-88.67853060265627,1443421732
run,-71.9395751953125,-83.1299057006836,64.02350258964287,-116.80240619615803,1443438399
run,-73.1694946289062,-84.7417831420898,62.58128680202562,-143.4977494318233,1443455066
run,-74.1799087524414,-83.4327316284179,60.544992420487524,-167.83735605749015,1443471733
run,-75.104751586914,-80.8336563110351,58.89476114662056,-189.22436144502575,1443488400
run,-75.9496307373046,-78.6821517944336,58.534929880914305,-207.19241534755776,1443505067
run,-76.6589431762695,-76.7428970336914,60.00138740793706,-221.17800446640786,1443521734
run,-77.2664031982421,-74.3862380981445,63.280792070393574,-230.41575069093116,1443538401
run,-78.3202133178711,-71.3190536499023,67.81814694244099,-234.02150904088066,1443555068
run,-79.3109359741211,-67.7483520507812,72.70753020888515,-231.21899053621934,1443571735
run,-79.8914642333984,-64.1563415527343,76.97982244489468,-221.59748206480182,1443588402
run,-80.0828323364257,-60.9350280761718,79.86799270853675,-205.2858333125295,1443605069
run,-79.9407196044921,-58.3146133422851,80.96329146143981,-182.97950944934138,1443621736
run,-79.4865570068359,-56.2411575317382,80.2434281761768,-155.8311717900241,1443638403
run,-78.7623443603515,-54.7633819580078,78.00605395935888,-125.27365730787089,1443655070
run,-77.9085311889648,-53.6248054504394,74.75373318287161,-92.86065314665555,1443671737
run,-77.0085830688476,-52.4880867004394,71.06271562577962,-60.18002043150504,1443688404
run,-76.0611953735351,-51.6017570495605,67.45233740243485,-28.835126634559415,1443705071
run,-75.0650024414062,-51.3260955810546,64.26867378042986,-0.43410592586749336,1443721738
run,-74.0583038330078,-51.7258033752441,61.602027765459034,23.48834853211355,1443738405
run,-73.096939086914,-52.6951217651367,59.260822626764714,41.65236439976177,1443755072
run,-72.1366424560546,-54.193058013916,56.815169664097475,53.28059249666071,1443771739
run,-71.1631240844726,-55.6421585083007,53.70229658434292,58.315538107376135,1443788406
run,-70.1974945068359,-56.7244110107421,49.36206106229049,57.50067653788151,1443805073
run,-69.2960739135742,-57.5966072082519,43.35591555937296,52.2692932602737,1443821740
run,-68.6343765258789,-58.4542617797851,35.4269696780761,44.46706233724756,1443838407
run,-68.3096313476562,-59.004783630371,25.484937735085737,36.002770023389445,1443855074
run,-68.2026443481445,-59.3370246887207,13.538023098211859,28.543530272528418,1443871741
run,-68.235595703125,-59.9027481079101,-0.3769784752539247,23.344056270731876,1443888408
run,-68.2939376831054,-61.266544342041,-16.215473501975076,21.237119723366014,1443905075
run,-68.4995727539062,-62.8537902832031,-33.87893126971513,22.73161002385919,1443921742
run,-69.2395782470703,-63.6796226501464,-53.12827062631891,28.10302969366087,1443938409
run,-70.7814331054687,-63.8644905090332,-73.50639730867158,37.37220384231656,1443955076
run,-73.2592315673828,-64.1841125488281,-94.30517405785643,50.164990535243824,1443971743
run,-76.2379455566406,-65.1396484375,-114.57785295177212,65.56227736411591,1443988410
run,-79.1639175415039,-66.810806274414,-133.18198950337873,82.08935800020286,1444005077
run,-82.0995483398437,-68.8615570068359,-148.8580531538117,97.92431623351605,1444021744
run,-84.6140213012695,-71.2466506958007,-160.37668890583566,111.28115309283784,1444038411
run,-85.8543319702148,-73.6811294555664,-166.7747353619653,120.82703860652816,1444055078
run,-84.681167602539,-75.8648071289062,-167.63601304728428,125.97250395276052,1444071745
run,-82.2781295776367,-77.8238220214843,-163.3029180646721,126.93048277514727,1444088412
run,-79.8981094360351,-79.6870651245117,-154.8899984533037,124.54176620691936,1444105079
run,-77.8244705200195,-81.5353164672851,-144.03631093804395,119.95804482144418,1444121746
run,-76.0919036865234,-83.3373870849609,-132.45110533679807,114.31407957068306,1444138413
run,-74.5568618774414,-85.048843383789,-121.4142385379585,108.4971672713889,1444155080
run,-72.9398880004882,-86.6165618896484,-111.42919181523371,103.05984606895497,1444171747
run,-71.1627883911132,-87.8196868896484,-102.16994146860536,98.25703387013547,1444188414
run,-69.2187957763671,-87.8398818969726,-92.73840595123818,94.14748838207119,1444205081
run,-67.3934097290039,-86.8249740600586,-82.11689340640542,90.69148395890127,1444221748
run,-65.9323272705078,-85.6145629882812,-69.62410266303586,87.7980311052636,1444238415
run,-64.9481887817382,-84.2946701049804,-55.196891794789785,85.31086262795645,1444255082
run,-64.3173522949218,-82.8736038208007,-39.40802063575623,82.95281816299202,1444271749
run,-64.176643371582,-81.4125442504882,-23.243556049552343,80.26026853627128,1444288416
run,-64.7067031860351,-80.1200637817382,-7.753522073823869,76.53615510683503,1444305083
run,-65.3327407836914,-79.1042022705078,6.272381488478949,70.84631740241574,1444321750
run,-65.5104522705078,-78.4003143310546,18.475324500302552,62.086942968107046,1444338417
run,-65.6453552246093,-77.8231887817382,28.894061248877364,49.15082472172397,1444355084
run,-66.2924880981445,-77.1396026611328,37.777706853700586,31.19566938131861,1444371751
run,-67.0947189331054,-76.3864364624023,45.359727274318224,7.961026306531275,1444388418
run,-67.8533935546875,-76.0584945678711,51.70500152566135,-19.983715230163444,1444405085
run,-68.699234008789,-76.6554565429687,56.688797415976914,-51.198652421814565,1444421752
run,-69.9537277221679,-78.3705978393554,60.10508832615987,-83.61686354413037,1444438419
run,-71.7029571533203,-80.9924774169921,61.85191317225576,-115.01862539805697,1444455086
run,-73.0934982299804,-83.6418380737304,62.10687062518888,-143.5547931226234,1444471753
run,-74.1205139160156,-84.1124420166015,61.40017697593448,-168.09623389455004,1444488420
run,-75.2015686035156,-82.2760467529296,60.531985391043314,-188.26793360904148,1444505087
run,-76.1536636352539,-80.3471450805664,60.35250021505801,-204.18796148374057,1444521754
run,-77.0820388793945,-78.6447296142578,61.48907523208651,-216.07407209405045,1444538421
run,-77.9834671020507,-76.5569839477539,64.13168325562926,-223.92089775102403,1444555088
run,-78.9183959960937,-73.7648010253906,67.96774244443256,-227.38064904631284,1444571755
run,-79.9948806762695,-70.4269866943359,72.29709682788243,-225.8621457394579,1444588422
run,-80.7616653442382,-66.8594589233398,76.28106502515158,-218.76882937324055,1444605089
run,-81.2042694091796,-63.4262504577636,79.22300985587978,-205.759922694192,1444621756
run,-81.2639846801757,-60.5784454345703,80.77233541385866,-186.93596973567972,1444638423
run,-80.9198303222656,-58.1819305419921,80.98823812517242,-162.9007183493886,1444655090
run,-80.1989135742187,-56.4432067871093,80.26319978016241,-134.71069981225205,1444671757
run,-79.2179260253906,-55.2631378173828,79.15476885487155,-103.76519166052957,1444688424
run,-78.1498489379882,-54.0365715026855,78.19165209543856,-71.6937068635149,1444705091
run,-77.0431747436523,-52.9823150634765,77.71068148238922,-40.26542853278971,1444721758
run,-75.8673858642578,-52.4746551513671,77.75828987632087,-11.297295835948674,1444738425
run,-74.6207046508789,-52.7656860351562,78.06631806520843,13.487752902544091,1444755092
run,-73.3299942016601,-53.5401077270507,78.09453554188251,32.67658475950628,1444771759
run,-72.0831298828125,-54.8716812133789,77.12261876794713,45.417920065095764,1444788426
run,-70.8403778076171,-56.1514511108398,74.36989410566474,51.61872393687025,1444805093
run,-69.6017761230468,-56.9692420959472,69.11875713863012,51.989988899955485,1444821760
run,-68.5534057617187,-57.6222915649414,60.817505383413625,47.90396817183419,1444838427
run,-67.8583450317382,-58.2930641174316,49.14488432641063,41.109816470952374,1444855094
run,-67.5066528320312,-58.8148155212402,34.034704044439444,33.414392610155716,1444871761
run,-67.2950286865234,-59.258918762207,15.67664475946543,26.43556209502006,1444888428
run,-67.2383117675781,-60.1182861328125,-5.486713830682256,21.483814487506912,1444905095
run,-67.4360809326171,-61.5114555358886,-28.763103771295665,19.555647273593326,1444921762
run,-68.0861587524414,-62.6621284484863,-53.2336832227116,21.36241953600924,1444938429
run,-69.4495544433593,-62.945930480957,-77.8214049131302,27.3052379453425,1444955096
run,-71.6617126464843,-63.0630683898925,-101.40611260166311,37.360794904407214,1444971763
run,-74.5184631347656,-63.6680526733398,-122.94966084616135,50.93737528337428,1444988430
run,-77.374885559082,-64.9867706298828,-141.57709946540865,66.82100235891049,1445005097
run,-80.3009338378906,-66.7797241210937,-156.58805612597448,83.30541339652335,1445021764
run,-82.9963302612304,-68.8230743408203,-167.42920355982224,98.5059863128458,1445038431
run,-84.9577560424804,-71.0907211303711,-173.69414919722928,110.76356716927519,1445055098
run,-85.1828155517578,-73.3836975097656,-175.1954187273269,119.0005677652735,1445071765
run,-83.5681228637695,-75.4713821411132,-172.0883971874301,122.91031796298093,1445088432
run,-81.2368011474609,-77.4321136474609,-164.96841867778,122.92697696323296,1445105099
run,-78.8639450073242,-79.2870025634765,-154.85223646319662,120.00789411044555,1445121766
run,-76.6832504272461,-81.1020965576171,-143.00206306003227,115.32501427230609,1445138433
run,-74.8268051147461,-82.9067687988281,-130.6285181380084,109.97779742075029,1445155100
run,-73.1894836425781,-84.6343307495117,-118.57701483885447,104.80615968414443,1445171767
run,-71.5460510253906,-86.1795120239257,-107.12486830886627,100.3237540078329,1445188434
run,-69.8327560424804,-87.3568420410156,-95.97892200686985,96.7424868737016,1445205101
run,-68.1116409301757,-87.6382675170898,-84.47996321067482,94.03894897088729,1445221768
run,-66.5599060058593,-86.9149780273437,-71.93073167968122,92.02198231066983,1445238435
run,-65.2936019897461,-85.7190628051757,-57.91409585251361,90.38221119637862,1445255102
run,-64.429328918457,-84.2864303588867,-42.479895250670694,88.72131727064279,1445271769
run,-64.1547775268554,-82.699966430664,-26.14271928844885,86.5629195731854,1445288436
run,-64.5623626708984,-81.1613159179687,-9.7162137612012,83.34358810584645,1445305103
run,-65.0709075927734,-80.0007858276367,5.924942630417283,78.38608033364287,1445321770
run,-65.2630538940429,-79.2224884033203,20.046731695969005,70.87687689590877,1445338437
run,-65.7545547485351,-78.5780639648437,32.15147755747545,59.89639200527039,1445355104
run,-66.5638580322265,-77.9113082885742,41.96674197442259,44.55383861070489,1445371771
run,-67.365119934082,-77.195083618164,49.37911048981122,24.236335767588276,1445388438
run,-68.2287445068359,-76.5699005126953,54.37492915538502,-1.095347840973624,1445405105
run,-69.1216506958007,-76.5453720092773,57.0292314662719,-30.69632269648301,1445421772
run,-70.2736892700195,-77.5541763305664,57.55249492265778,-63.04263359315442,1445438439
run,-71.9044723510742,-79.5168838500976,56.37001532881991,-96.09693887166614,1445455106
run,-73.0991973876953,-81.9281768798828,54.17717654782206,-127.7500333414827,1445471773
run,-73.8888320922851,-83.1080703735351,51.906076390270044,-156.2562967760175,1445488440
run,-74.7511672973632,-82.2326202392578,50.57252475381844,-180.48234157100055,1445505107
run,-75.6398086547851,-80.8275070190429,51.03457418262182,-199.8916278253752,1445521774
run,-76.4585876464843,-79.4331283569336,53.7464159629827,-214.32808491584785,1445538441
run,-77.2173156738281,-77.566177368164,58.60552594770951,-223.75038474632282,1445555108
run,-78.1780548095703,-74.9428176879882,64.96221281519827,-228.0597692790605,1445571775
run,-79.4555282592773,-71.6949005126953,71.7997994133219,-227.08221879722063,1445588442
run,-80.4494323730468,-68.1385345458984,78.0224128567177,-220.67242103911218,1445605109
run,-81.0131378173828,-64.6934204101562,82.7414762889966,-208.85323634230562,1445621776
run,-81.1566009521484,-61.7103843688964,85.46116521925131,-191.9071006250985,1445638443
run,-80.9226913452148,-59.3334159851074,86.1208285262253,-170.3827584229633,1445655110
run,-80.3601379394531,-57.3729133605957,85.01798652437694,-145.04065345878652,1445671777
run,-79.5156097412109,-55.9033966064453,82.67033227103353,-116.79682871882997,1445688444
run,-78.5098800659179,-54.5236206054687,79.67097447072229,-86.71671882203799,1445705111
run,-77.4264831542968,-53.3093719482421,76.56597938627904,-56.06292329874853,1445721778
run,-76.2474212646484,-52.5778350830078,73.75983976249347,-26.34429620483182,1445738445
run,-75.0256042480468,-52.4329605102539,71.44505281040811,0.7159361144753442,1445755112
run,-73.8408813476562,-52.9064331054687,69.55582417172823,23.353918010412812,1445771779
run,-72.7053451538086,-54.152042388916,67.75468664733812,40.07413629913731,1445788446
run,-71.6139450073242,-55.5811119079589,65.46536008432017,50.00673256051111,1445805113
run,-70.5643005371093,-56.8540573120117,61.959930281081625,53.17770346876584,1445821780
run,-69.5663757324218,-57.7022056579589,56.493029263823196,50.5719075117752,1445838447
run,-68.6393051147461,-58.4924926757812,48.4554416726823,43.94699211900753,1445855114
run,-67.9692459106445,-59.0242767333984,37.504675495912856,35.45760604746281,1445871781
run,-67.6661224365234,-59.3091697692871,23.631588907460195,27.220635185134977,1445888448
run,-67.6459045410156,-59.5399017333984,7.144077705324946,20.96388195225243,1445905115
run,-67.8200378417968,-60.2716789245605,-11.418660439612474,17.85434789447966,1445921782
run,-68.1364440917968,-61.6544647216796,-31.4037172693604,18.516674321912753,1445938449
run,-68.8379440307617,-62.9489364624023,-52.152996241986095,23.160654937346656,1445955116
run,-70.2072448730468,-63.4095764160156,-73.07297450685385,31.69110875196502,1445971783
run,-72.412368774414,-63.5915946960449,-93.64695672807964,43.71432492392889,1445988450
run,-75.1839828491211,-64.2108612060546,-113.37983179960199,58.46088852746007,1446005117
run,-77.9765167236328,-65.6211166381836,-131.68741564821926,74.73252234436806,1446021784
run,-80.8766098022461,-67.5305404663086,-147.78513256847248,90.98150501657798,1446038451
run,-83.5502319335937,-69.7964248657226,-160.66728288161798,105.55193865643204,1446055118
run,-85.8045578002929,-72.2439804077148,-169.25295628771704,117.01582233889783,1446071785
run,-86.0049209594726,-74.6115264892578,-172.6926959025458,124.48150336605046,1446088452
run,-83.9490356445312,-76.7407989501953,-170.72345200935243,127.75938422284263,1446105119
run,-81.351692199707,-78.7235717773437,-163.89914219767084,127.32983855605535,1446121786
run,-78.916633605957,-80.6439895629882,-153.55552190967188,124.13905530874457,1446138453
run,-76.8395919799804,-82.5374374389648,-141.47966162420258,119.30940592274439,1446155120
run,-75.1803283691406,-84.4100570678711,-129.38962294642783,113.86609662699593,1446171787
run,-73.6577758789062,-86.2667617797851,-118.42279917703239,108.55408675612128,1446188454
run,-72.0055236816406,-87.9572296142578,-108.83732005630252,103.77111024972282,1446205121
run,-70.1057434082031,-88.6791381835937,-100.04424975723997,99.59883183352599,1446221788
run,-68.1212081909179,-87.6598281860351,-90.94702522713817,95.89036679484154,1446238455
run,-66.3109893798828,-86.2344360351562,-80.43628048940346,92.37148082565417,1446255122
run,-64.9332427978515,-84.8026504516601,-67.83461626221877,88.72606499134494,1446271789
run,-64.0338058471679,-83.3292617797851,-53.12706170892726,84.65055192302592,1446288456
run,-63.6633872985839,-81.7698059082031,-36.9195304582716,79.86863534436348,1446305123
run,-63.9429054260253,-80.3372039794921,-20.184425366060363,74.10026187645151,1446321790
run,-64.4393081665039,-79.3477096557617,-3.9300034315858996,66.98947968657733,1446338457
run,-64.536880493164,-78.7757415771484,11.059908804376825,58.02241902853351,1446355124
run,-64.7162170410156,-78.3807983398437,24.327061539070503,46.49788425219688,1446371791
run,-65.4241867065429,-77.9647674560546,35.68415625660547,31.61785382066126,1446388458
run,-66.2601699829101,-77.4383468627929,45.079580199698675,12.719045334155304,1446405125
run,-67.0407791137695,-76.9379959106445,52.473294953611244,-10.418594276252996,1446421792
run,-67.8963546752929,-76.974494934082,57.78825321968481,-37.32462609798628,1446438459
run,-69.040542602539,-78.0136032104492,60.9599845652386,-66.79548999373743,1446455126
run,-70.7365646362304,-80.1383514404296,62.06316826718392,-97.11475296184462,1446471793
run,-72.2815780639648,-82.7518081665039,61.45060742209357,-126.45757782503468,1446488460
run,-73.3217697143554,-83.8762512207031,59.81614177593509,-153.2956921869266,1446505127
run,-74.3017272949218,-82.4494552612304,58.11530307194894,-176.6195178688911,1446521794
run,-75.2326202392578,-80.4628372192382,57.34430659234542,-195.90449538399548,1446538461
run,-76.1178817749023,-78.888069152832,58.25170394622502,-210.89422198270958,1446555128
run,-76.9847106933593,-77.1798934936523,61.09674994052234,-221.35713906061545,1446571795
run,-77.8330535888671,-74.7206192016601,65.557206541573,-226.95381571773933,1446588462
run,-79.0978775024414,-71.5973663330078,70.83164576150848,-227.26303531343783,1446605129
run,-80.1593780517578,-68.1437072753906,75.89843851645384,-221.92469521185535,1446621796
run,-80.7830123901367,-64.6927947998046,79.82484699595729,-210.81187355535002,1446638463
run,-80.9441452026367,-61.6169891357421,82.00596357369321,-194.15013871969825,1446655130
run,-80.7118377685546,-59.0918197631835,82.26236719679552,-172.54220337983125,1446671797
run,-80.1595077514648,-57.146255493164,80.800558248214,-146.90658146595507,1446688464
run,-79.3619232177734,-55.7650032043457,78.0922837765243,-118.37727352421533,1446705131
run,-78.410171508789,-54.4869995117187,74.73550514807016,-88.22056668346248,1446721798
run,-77.4054183959961,-53.2492561340332,71.3337757360332,-57.79914881591665,1446738465
run,-76.3171691894531,-52.4045600891113,68.39998886745614,-28.565502615489294,1446755132
run,-75.1903457641601,-52.3326416015625,66.27519823295631,-2.0273122532699555,1446771799
run,-74.1245498657226,-52.6457481384277,65.05726845903088,20.370521623747997,1446788466
run,-73.0777206420898,-53.6763534545898,64.54812408284386,37.45494117392873,1446805133
run,-71.9689102172851,-54.9746551513671,64.23894251798802,48.567893392064164,1446821800
run,-70.7982864379882,-56.2167434692382,63.350919402576814,53.74532750827629,1446838467
run,-69.6433944702148,-56.9980430603027,60.935000595603505,53.7433261588399,1446855134
run,-68.6333236694336,-57.8523368835449,56.01467009431212,49.88369053713366,1446871801
run,-67.9463882446289,-58.5903396606445,47.742389046692445,43.77191697900734,1446888468
run,-67.5741577148437,-59.065933227539,35.54028244772029,36.994083393387065,1446905135
run,-67.3058166503906,-59.5335159301757,19.206891881417928,30.899214574236375,1446921802
run,-67.1109313964843,-60.6666755676269,-1.0175829490007928,26.52519644128455,1446938469
run,-67.1447143554687,-62.2778854370117,-24.43514577726599,24.649500817398224,1446955136
run,-67.7003173828125,-63.4894561767578,-49.93700741911924,25.872843473855728,1446971803
run,-69.025032043457,-63.8620719909668,-76.1242823599749,30.622873540014222,1446988470
run,-71.2513046264648,-64.0636138916015,-101.48863295538145,39.0283659985327,1447005137
run,-74.1666946411132,-64.6554183959961,-124.60553467043641,50.72824565407551,1447021804
run,-77.125129699707,-65.9221115112304,-144.28041704467344,64.75610125460501,1447038471
run,-80.0765380859375,-67.6881790161132,-159.61787571913473,79.61792384424987,1447055138
run,-82.7456359863281,-69.6890869140625,-170.03900022977928,93.57848049167298,1447071805
run,-84.6199264526367,-71.9054412841796,-175.3028482272758,105.06252335177997,1447088472
run,-84.6331176757812,-74.0960464477539,-175.56251264038076,113.0217121214327,1447105139
run,-82.9168167114257,-76.1133117675781,-171.42365811548314,117.13553819813576,1447121806
run,-80.6907653808593,-77.987075805664,-163.92828030352422,117.78865876213673,1447138473
run,-78.4516220092773,-79.7669906616211,-154.3992954150465,115.8601677589859,1447155140
run,-76.34423828125,-81.530891418457,-144.148794814591,112.42723233686543,1447171807
run,-74.4778900146484,-83.2923583984375,-134.1341901877779,108.49641602636854,1447188474
run,-72.6745223999023,-84.9195098876953,-124.69457468601396,104.83475177023207,1447205141
run,-70.7490463256836,-86.3258209228515,-115.48573564285637,101.91146716567903,1447221808
run,-68.7009582519531,-87.3242416381836,-105.65804858126319,99.9161147065786,1447238475
run,-66.739387512207,-87.3309783935546,-94.21928725964949,98.8063442348433,1447255142
run,-65.0629119873046,-86.3632659912109,-80.44448049912684,98.35164022348674,1447271809
run,-63.8321952819824,-84.9821853637695,-64.17773333180878,98.1602938051347,1447288476
run,-63.0197448730468,-83.4110260009765,-45.921490727953525,97.69191988079822,1447305143
run,-62.7526245117187,-81.6660537719726,-26.69744193778165,96.26275647377913,1447321810
run,-63.1293830871582,-80.0567169189453,-7.749642227336168,93.05042566214306,1447338477
run,-63.8278198242187,-78.8082580566406,9.786353386314426,87.1086756820891,1447355144
run,-64.2539291381836,-77.9044876098632,25.122304895524778,77.41641270225436,1447371811
run,-64.5778198242187,-77.1858215332031,37.89026761308556,62.99843189123374,1447388478
run,-65.3473968505859,-76.4410858154296,48.06020506645158,43.143174207226046,1447405145
run,-66.3324890136718,-75.6413421630859,55.78122484576502,17.690656757357672,1447421812
run,-67.3629837036132,-75.1160507202148,61.24018645966708,-12.709309222541073,1447438479
run,-68.3842620849609,-75.4596328735351,64.59777084948159,-46.511155511372614,1447455146
run,-69.6100311279296,-76.9473190307617,66.01404478944153,-81.46602102556015,1447471813
run,-71.3466567993164,-79.3622207641601,65.73562610668495,-115.08078757992739,1447488480
run,-72.9458847045898,-82.0402145385742,64.18792395805666,-145.1908977769208,1447505147
run,-73.9556884765625,-83.1780090332031,62.005583150884405,-170.41753299709677,1447521814
run,-74.9004745483398,-82.0622482299804,59.95718373749224,-190.32220050435447,1447538481
run,-76.0034790039062,-80.4851455688476,58.77367898145825,-205.21419902416716,1447555148
run,-76.956298828125,-79.0770645141601,58.94361135637017,-215.7268084674876,1447571815
run,-77.8616333007812,-77.2940139770507,60.56112559604991,-222.36767533536047,1447588482
run,-78.791030883789,-74.7501220703125,63.29736221446478,-225.23024206173102,1447605149
run,-79.9251480102539,-71.6361083984375,66.51934698088529,-223.95524138617986,1447621816
run,-80.8784637451171,-67.9996185302734,69.51751693049377,-217.9165818665871,1447638483
run,-81.3877182006836,-64.3964004516601,71.7514178322008,-206.52518034379,1447655150
run,-81.4924087524414,-61.2678489685058,73.01484699130238,-189.51910788120998,1447671817
run,-81.3278274536132,-58.8452033996582,73.46381018069802,-167.13876948817955,1447688484
run,-80.8940124511718,-56.9354858398437,73.51491864639009,-140.15424962090103,1447705151
run,-80.1619262695312,-55.6107330322265,73.66985646882299,-109.78249648901043,1447721818
run,-79.2730865478515,-54.3694343566894,74.33468035407206,-77.56539710424607,1447738485
run,-78.3180770874023,-53.3001670837402,75.68710713326229,-45.26036557999266,1447755152
run,-77.2195129394531,-52.6915206909179,77.61657165329059,-14.74306058685355,1447771819
run,-75.9612426757812,-52.8527145385742,79.73414761910263,12.119957746230515,1447788486
run,-74.6182250976562,-53.523193359375,81.43128335218897,33.66735087857375,1447805153
run,-73.2677230834961,-54.7935180664062,81.96212142749978,48.69770115672375,1447821820
run,-71.9959945678711,-56.2568397521972,80.53183575294825,56.71315537167069,1447838487
run,-70.7801742553711,-57.3285942077636,76.38444709363682,58.05583483246055,1447855154
run,-69.5820617675781,-58.1322746276855,68.88853158445076,53.86984439892547,1447871821
run,-68.6043090820312,-58.924690246582,57.615651674051264,45.892529122355256,1447888488
run,-68.0830383300781,-59.4720230102539,42.40165994087203,36.14768750939597,1447905155
run,-67.9131088256836,-59.8570480346679,23.384156077143288,26.64036681895233,1447921822
run,-67.8944931030273,-60.5680274963378,1.017950027685301,19.12989512562551,1447938489
run,-67.9949569702148,-61.853530883789,-23.928299817721445,15.003584580648704,1447955156
run,-68.4459838867187,-62.9281120300293,-50.40248134181585,15.215197627537567,1447971823
run,-69.7190170288086,-63.1389732360839,-77.1445632965307,20.224775520136145,1447988490
run,-71.9706497192382,-63.1856079101562,-102.81293207679384,29.909108222182603,1448005157
run,-74.9101943969726,-63.7467079162597,-126.13299207719041,43.48774631993956,1448021824
run,-77.9958343505859,-65.1256484985351,-146.01507081798567,59.55903038610094,1448038491
run,-81.0143814086914,-66.9698257446289,-161.60705373472757,76.30954087474655,1448055158
run,-83.8314056396484,-68.9835739135742,-172.3009548641112,91.86865350355141,1448071825
run,-85.8354797363281,-71.2420806884765,-177.7523140241028,104.69752474961601,1448088492
run,-85.6694869995117,-73.4683380126953,-177.95423560411564,113.87954606308597,1448105159
run,-83.4758987426757,-75.4904556274414,-173.34310220186285,119.22000262102878,1448121826
run,-80.8225784301757,-77.4047698974609,-164.85268429696097,121.14037267176171,1448138493
run,-78.2878036499023,-79.2829132080078,-153.82685255605057,120.43206260479495,1448155160
run,-76.0531387329101,-81.1908111572265,-141.75926155470523,117.97965338602278,1448171827
run,-74.2567443847656,-83.1852264404296,-129.92074654745034,114.55434321034696,1448188494
run,-72.6707153320312,-85.1548385620117,-119.01100875058069,110.72376533110958,1448205161
run,-70.9720458984375,-86.9643020629882,-108.98624766583562,106.85910164551105,1448221828
run,-69.1476974487304,-88.3276672363281,-99.15269066946547,103.18058997585493,1448238495
run,-67.3211135864257,-88.1786575317382,-88.50182320103907,99.78461690197138,1448255162
run,-65.6779403686523,-87.0688247680664,-76.1538573951653,96.6300339989119,1448271829
run,-64.3713455200195,-85.7891769409179,-61.72910223844005,93.50209124724944,1448288496
run,-63.5742416381835,-84.3087310791015,-45.50406003416663,89.99324513063172,1448305163
run,-63.4801216125488,-82.6281280517578,-28.307643450505545,85.52906112602155,1448321830
run,-64.0198974609375,-81.0214920043945,-11.225320816103956,79.43492941609638,1448338497
run,-64.5919113159179,-79.8634262084961,4.74437250339985,71.01380841662636,1448355164
run,-64.7703399658203,-79.1907958984375,18.930976939531885,59.611210917333004,1448371831
run,-65.1619415283203,-78.7778930664062,31.049198319839697,44.67612758984866,1448388498
run,-65.9938735961914,-78.3784790039062,41.091085542309436,25.85008871916034,1448405165
run,-66.7884292602539,-77.9136047363281,49.14467921740343,3.0977698424833293,1448421832
run,-67.5408706665039,-77.6595687866211,55.24286151194201,-23.16296473623435,1448438499
run,-68.4031600952148,-78.2389526367187,59.313948467951164,-52.01875093867327,1448455166
run,-69.6863708496093,-79.8805618286132,61.25628397630996,-82.17695871863427,1448471833
run,-71.3343429565429,-82.3955307006836,61.10441844419949,-112.22612256562488,1448488500
run,-72.557388305664,-84.7488708496093,59.205255673575174,-140.9246980307008,1448505167
run,-73.4664840698242,-84.456314086914,56.30484201632422,-167.36287702543763,1448521834
run,-74.5373077392578,-82.0591049194336,53.479688444799514,-190.90737463433695,1448538501
run,-75.4277801513671,-79.8129653930664,51.91546383471511,-210.9746679126975,1448555168
run,-76.1945571899414,-77.6998977661132,52.60218303278348,-226.79250926747542,1448571835
run,-76.8194961547851,-75.0944747924804,56.05033863985223,-237.32275036701574,1448588502
run,-77.603759765625,-71.6957626342773,62.12778977332446,-241.4231563658587,1448605169
run,-78.5434112548828,-67.8423690795898,70.07379559941765,-238.18627467371397,1448621836
run,-79.3326034545898,-63.9962501525878,78.67929547388599,-227.29313705509222,1448638503
run,-79.9402465820312,-60.6549072265625,86.5645030006331,-209.2101383256703,1448655170
run,-80.1952667236328,-58.1359977722168,92.46694359596587,-185.13806386300698,1448671837
run,-80.0738372802734,-56.2122230529785,95.47635438389236,-156.74593276841082,1448688504
run,-79.5981521606445,-54.6621170043945,95.18957889832602,-125.82123670848077,1448705171
run,-78.7715454101562,-53.5086708068847,91.77969150288254,-93.9916163769924,1448721838
run,-77.7104034423828,-52.4903717041015,85.9726907782013,-62.61620528492071,1448738505
run,-76.4758377075195,-51.57612991333,78.91902699657702,-32.84580603424066,1448755172
run,-75.1909027099609,-51.1264038085937,71.95767426158909,-5.762662405181475,1448771839
run,-73.9906005859375,-51.3231468200683,66.30342274298599,17.525429915346372,1448788506
run,-72.9819030761718,-52.2286758422851,62.7275668634537,35.929115772085765,1448805173
run,-72.1484756469726,-53.579418182373,61.32266097967909,48.56731750298037,1448821840
run,-71.2886810302734,-54.9246673583984,61.42717618468919,55.02093786068957,1448838507
run,-70.248908996582,-55.9294662475585,61.7384641114923,55.526167212459605,1448855174
run,-69.1098251342773,-56.6995964050293,60.58219093216199,51.012478605182736,1448871841
run,-68.0507431030273,-57.5407638549804,56.2603877243978,42.96914882061246,1448888508
run,-67.2755813598632,-58.1275825500488,47.388283869945475,33.200151790943345,1448905175
run,-66.8528671264648,-58.4335861206054,33.152484617239516,23.55992826218949,1448921842
run,-66.7324600219726,-58.9298820495605,13.46073185307146,15.747010298719584,1448938509
run,-66.8295516967773,-60.210952758789,-11.018305621678497,11.184736977884382,1448955176
run,-67.2327194213867,-61.508544921875,-38.9200552393726,10.958373334657333,1448971843
run,-68.3546905517578,-61.8697052001953,-68.35307078573149,15.739734149090927,1448988510
run,-70.4982833862304,-61.7425079345703,-97.1634910636439,25.655388046879374,1449005177
run,-73.6756057739257,-62.0000610351562,-123.2559123299448,40.14069549194775,1449021844
run,-77.055061340332,-63.0141105651855,-144.89826044278718,57.897462573606575,1449038511
run,-80.1541442871093,-64.8593826293945,-160.93730494848256,77.05871886489582,1449055178
run,-83.2134323120117,-66.9850387573242,-170.89377632743862,95.55917401416649,1449071845
run,-85.5978012084961,-69.2933502197265,-174.95712090751817,111.5920029356515,1449088512
run,-86.1693725585937,-71.6543426513671,-173.91421171489233,123.98126557601388,1449105179
run,-84.5888366699218,-73.7958374023437,-169.02011078132725,132.337255734759,1449121846
run,-82.3448104858398,-75.8579788208007,-161.79286636696244,136.95894821647167,1449138513
run,-80.0826950073242,-77.9733428955078,-153.72582906902497,138.5512649127249,1449155180
run,-77.9157257080078,-80.1551818847656,-145.95888991798492,137.88766947388228,1449171847
run,-75.7915573120117,-82.3808364868164,-139.00057596241803,135.54822271568932,1449188514
run,-73.6499862670898,-84.5552215576171,-132.60747886110542,131.81138021681997,1449205181
run,-71.4392013549804,-86.6581878662109,-125.88786709503182,126.70724301935338,1449221848
run,-69.2988510131836,-88.4740219116211,-117.61580182355593,120.18054541975265,1449238515
run,-67.27783203125,-88.0341720581054,-106.65825276064196,112.27837414758491,1449255182
run,-65.5042037963867,-86.3628845214843,-92.37124807938667,103.27477551519047,1449271849
run,-64.1201705932617,-84.8527297973632,-74.83277361894699,93.67160464224355,1449288516
run,-63.1584510803222,-83.5246124267578,-54.84205199748648,84.0646430278456,1449305183
run,-62.9445915222168,-82.3184509277343,-33.70002861631925,74.91814825757368,1449321850
run,-63.5643310546875,-81.3647384643554,-12.863637839346168,66.32864481482761,1449338517
run,-63.996654510498,-80.6515121459961,6.391345248677405,57.86871496233627,1449355184
run,-64.1058654785156,-80.0430755615234,23.179643246319632,48.584159093421675,1449371851
run,-64.6182250976562,-79.4343566894531,37.041428359736926,37.176327046670515,1449388518
run,-65.6489639282226,-78.7914352416992,47.84485188703645,22.33957454245739,1449405185
run,-66.6866760253906,-78.2063217163086,55.64597401217157,3.156128331940933,1449421852
run,-67.5446395874023,-78.0372238159179,60.585411317312925,-20.59248395803198,1449438519
run,-68.4408187866211,-78.7427825927734,62.8620620827063,-48.32360222819376,1449455186
run,-69.8861312866211,-80.5571670532226,62.78578358238461,-78.80421145270132,1449471853
run,-71.5181198120117,-82.9246063232421,60.87387282831068,-110.47717289146317,1449488520
run,-72.5081787109375,-84.173583984375,57.92255515508168,-141.796085752732,1449505187
run,-73.5187530517578,-82.6773147583007,54.97900127871042,-171.406431719241,1449521854
run,-74.4572296142578,-80.4053955078125,53.17997398594246,-198.11649067301826,1449538521
run,-75.2352600097656,-78.6387863159179,53.490848113876716,-220.74178028941984,1449555188
run,-76.048843383789,-76.8158416748046,56.4336115037751,-237.9856583723922,1449571855
run,-76.6702804565429,-74.0973892211914,61.90832043500525,-248.48613329557998,1449588522
run,-77.5904998779296,-70.4568481445312,69.18414685194193,-251.04538974037698,1449605189
run,-78.5430679321289,-66.4274673461914,77.07334505355435,-244.94278030823486,1449621856
run,-79.2736358642578,-62.7610092163085,84.23028624922769,-230.18175193553802,1449638523
run,-79.7573471069336,-59.7173881530761,89.47415212739769,-207.5575800507814,1449655190
run,-79.9266281127929,-57.3388442993164,92.03901767331458,-178.5276813533581,1449671857
run,-79.6893768310546,-55.3956565856933,91.69722170191979,-144.96061128405228,1449688524
run,-79.0191802978515,-53.9080429077148,88.75013815151424,-108.87945426119578,1449705191
run,-78.0314102172851,-52.9411888122558,83.9125433732832,-72.28627074075975,1449721858
run,-76.8926773071289,-52.2224349975585,78.12962214595778,-37.08639611328135,1449738525
run,-75.6220321655273,-51.7246475219726,72.36590483527664,-5.068089683963521,1449755192
run,-74.2894744873046,-51.9851760864257,67.40041889819581,22.136537564038527,1449771859
run,-73.0828475952148,-52.8894577026367,63.657463409706175,43.1680164897948,1449788526
run,-72.0996856689453,-54.4569664001464,61.099164131815435,57.13614914241595,1449805193
run,-71.2942276000976,-56.1153755187988,59.20140215955714,63.82910285006324,1449821860
run,-70.5164566040039,-57.3843803405761,57.024736309760236,63.827658362352906,1449838527
run,-69.6510848999023,-58.0842628479003,53.37469756046135,58.444082441203896,1449855194
run,-68.8460540771484,-58.8896865844726,47.02380531153,49.48948383988321,1449871861
run,-68.2986984252929,-59.5557670593261,36.94931930984554,38.9594762308755,1449888528
run,-68.0074996948242,-60.1534576416015,22.53658690509519,28.756357480398854,1449905195
run,-67.8606414794921,-60.9602241516113,3.7099819396399547,20.523536589269195,1449921862
run,-67.9344787597656,-62.2961540222168,-19.027762573594334,15.588419581748186,1449938529
run,-68.4695663452148,-63.3634147644043,-44.65132630527982,14.94191247686183,1449955196
run,-69.7654190063476,-63.4030151367187,-71.75269063706664,19.16874252712774,1449971863
run,-71.9943161010742,-63.3018455505371,-98.733426558063,28.302516257271517,1449988530
run,-74.9093551635742,-63.8211441040039,-123.99611569943742,41.678700627902586,1450005197
run,-77.9257278442382,-65.2223205566406,-146.08205709787185,57.91566899434753,1450021864
run,-80.9609298706054,-67.0561447143554,-163.74039995078297,75.11219751760206,1450038531
run,-83.6375503540039,-69.165054321289,-175.96869141268525,91.23761324553844,1450055198
run,-85.327392578125,-71.4545440673828,-182.08874257250173,104.58780152504363,1450071865
run,-84.8458480834961,-73.6607666015625,-181.88649476735748,114.14367677936542,1450088532
run,-82.5660552978515,-75.6580810546875,-175.7718328247411,119.70766690415535,1450105199
run,-79.9509124755859,-77.528091430664,-164.8570042144328,121.78600410273108,1450121866
run,-77.5372772216796,-79.3721847534179,-150.85409438542138,121.2887310590456,1450138533
run,-75.4988403320312,-81.2724456787109,-135.7597873131005,119.18542856534339,1450155200
run,-73.8449630737304,-83.2252349853515,-121.39660936841756,116.25071066578612,1450171867
run,-72.3760147094726,-85.0360031127929,-108.9609957879951,112.96808588028503,1450188534
run,-70.8630294799804,-86.6091613769531,-98.74616477798504,109.57658412572937,1450205201
run,-69.200569152832,-87.6134567260742,-90.14939769998287,106.18768788669021,1450221868
run,-67.4588394165039,-87.2570495605468,-81.96334870291858,102.8909372232894,1450238535
run,-65.7876968383789,-85.9551391601562,-72.8400086032488,99.79391687129187,1450255202
run,-64.4230194091796,-84.3878707885742,-61.75499468075972,96.98085374591899,1450271869
run,-63.5096397399902,-82.7850112915039,-48.313283331671066,94.40549204429801,1450288536
run,-63.145092010498,-81.306411743164,-32.81311274532095,91.75469644184415,1450305203
run,-63.4356613159179,-80.0913467407226,-16.085305719390384,88.33379859051965,1450321870
run,-63.97212600708,-79.033576965332,0.7925003708007189,83.03404453772971,1450338537
run,-64.2096328735351,-78.0105285644531,16.777558735763208,74.43785004893309,1450355204
run,-64.4921112060546,-77.0062484741211,31.04460611506744,61.08599129726144,1450371871
run,-65.3157806396484,-76.0177612304687,43.04731740491852,41.870382065494304,1450388538
run,-66.3447570800781,-75.2456283569336,52.49836694994705,16.446444323606435,1450405205
run,-67.2867202758789,-75.0350570678711,59.32480647074687,-14.483989944217685,1450421872
run,-68.2709350585937,-75.6649780273437,63.63759595606669,-49.15259600233878,1450438539
run,-69.5950088500976,-77.2390365600586,65.72925120146219,-85.0187525071424,1450455206
run,-71.3196792602539,-79.5932540893554,66.09066929216382,-119.30910176328163,1450471873
run,-72.7390060424804,-82.2478713989257,65.41448617910123,-149.62832795856076,1450488540
run,-73.8088150024414,-83.4560546875,64.5402880539959,-174.4302341491334,1450505207
run,-74.8575210571289,-82.3278045654296,64.31653050534145,-193.19322633154735,1450521874
run,-76.0572814941406,-80.5557708740234,65.40083615723302,-206.26762008535832,1450538541
run,-77.150161743164,-78.9416275024414,68.06406161824519,-214.4921786448598,1450555208
run,-78.2179641723632,-77.0378723144531,72.07809489428367,-218.75012905723304,1450571875
run,-79.377571105957,-74.5164718627929,76.74733675355776,-219.6246555486929,1450588542
run,-80.7186737060546,-71.5161666870117,81.09512985064599,-217.24358323444588,1450605209
run,-81.873779296875,-68.1448974609375,84.15321285532131,-211.31934005663007,1450621876
run,-82.5130538940429,-64.736831665039,85.25364821583989,-201.32966400622186,1450638543
run,-82.5887374877929,-61.6926956176757,84.21959332298547,-186.75956522915067,1450655210
run,-82.1683959960937,-59.2356300354003,81.39776151900665,-167.3320865636491,1450671877
run,-81.4053192138671,-57.1033134460449,77.54156507701073,-143.1824795716895,1450688544
run,-80.4055099487304,-55.4541053771972,73.60187630021899,-114.95962492967685,1450705211
run,-79.2975769042968,-54.115119934082,70.4945465327745,-83.85361462018601,1450721878
run,-78.1155929565429,-53.0287208557128,68.89786403614455,-51.546415831861815,1450738545
run,-76.8589706420898,-52.4089736938476,69.1078747997921,-20.07495782562855,1450755212
run,-75.5643844604492,-52.5118179321289,70.96050638502197,8.400939709746886,1450771879
run,-74.2987747192382,-53.1487121582031,73.82234191385115,31.909455669197747,1450788546
run,-73.0796813964843,-54.4999847412109,76.65253415190864,49.00007281063889,1450805213
run,-71.8766708374023,-55.9365997314453,78.13749274458247,59.00877815683641,1450821880
run,-70.5978546142578,-57.0022277832031,76.88998143701546,62.16524864718283,1450838547
run,-69.2914962768554,-57.8648452758789,71.68442124438315,59.501757068752404,1450855214
run,-68.1919555664062,-58.6955604553222,61.67932740782726,52.60318484319787,1450871881
run,-67.563003540039,-59.336742401123,46.57150209351672,43.3004302397446,1450888548
run,-67.3349380493164,-59.8409194946289,26.645382465330282,33.41739858729292,1450905215
run,-67.3243408203125,-60.6390342712402,2.7169637658447074,24.633976927598297,1450921882
run,-67.4701538085937,-62.1213302612304,-23.998141149729307,18.451126625491106,1450938549
run,-68.0586776733398,-63.4006996154785,-52.055079294558674,16.175137759473238,1450955216
run,-69.5547714233398,-63.5827293395996,-79.95806834940937,18.818733023155385,1450971883
run,-72.0196533203125,-63.3356399536132,-106.31779394972568,26.879310426138655,1450988550
run,-75.0819473266601,-63.5053253173828,-129.95280046709348,40.07375312178692,1451005217
run,-78.1151428222656,-64.5652694702148,-149.90940930243798,57.19454921163671,1451021884
run,-81.2067489624023,-66.3430023193359,-165.4178460597798,76.22567860080225,1451038551
run,-84.0853424072265,-68.4655838012695,-175.85397081886023,94.73252969264621,1451055218
run,-86.2687072753906,-70.8936996459961,-180.78383607019435,110.40485061862081,1451071885
run,-86.0483932495117,-73.345458984375,-180.10972799826607,121.56346205089899,1451088552
run,-83.731086730957,-75.5239715576171,-174.2483846796847,127.46308826724778,1451105219
run,-81.1177444458007,-77.4578628540039,-164.2193588698393,128.31333345429354,1451121886
run,-78.7291488647461,-79.2746887207031,-151.54340845247458,125.05267376759511,1451138553
run,-76.6227188110351,-81.0766525268554,-137.9368326064574,118.99463675540507,1451155220
run,-74.8409957885742,-82.888427734375,-124.8900902182981,111.48559698066019,1451171887
run,-73.2896194458007,-84.6493530273437,-113.28466667450435,103.67117114453207,1451188554
run,-71.7049560546875,-86.3186874389648,-103.19934720634542,96.39692145174385,1451205221
run,-69.9951705932617,-87.8039398193359,-93.98606955201495,90.20927936213013,1451221888
run,-68.2586441040039,-88.4701766967773,-84.58680598397882,85.39753650598706,1451238555
run,-66.6772842407226,-87.861099243164,-73.96595460152747,82.02781325758504,1451255222
run,-65.3874816894531,-86.8110733032226,-61.49253247855963,79.94999428767639,1451271889
run,-64.5040664672851,-85.5939788818359,-47.138353237140684,78.78810631175861,1451288556
run,-64.2175750732421,-84.2022552490234,-31.44215033807789,77.93694310361302,1451305223
run,-64.6211700439453,-82.7266769409179,-15.286140666151338,76.57989329276907,1451321890
run,-65.1307144165039,-81.5038909912109,0.3985043266688527,73.72880779964066,1451338557
run,-65.2535858154296,-80.6995239257812,14.866934482927903,68.28594161585434,1451355224
run,-65.6326293945312,-80.0884094238281,27.65565527447548,59.14430330322781,1451371891
run,-66.3761444091796,-79.4621429443359,38.539400049348714,45.35387336578599,1451388558
run,-67.1725616455078,-78.7007369995117,47.416457483678904,26.357389159086484,1451405225
run,-68.0246658325195,-77.9647445678711,54.20410868536272,2.23846533233528,1451421892
run,-68.9070053100586,-77.8282241821289,58.80235890445566,-26.13311761740136,1451438559
run,-70.0510940551757,-78.8218536376953,61.14689085051025,-57.17217893761615,1451455226
run,-71.7319030761718,-80.801025390625,61.33072474022227,-88.8918415591289,1451471893
run,-73.1910400390625,-82.8839645385742,59.732880938108764,-119.35626301029957,1451488560
run,-74.1885299682617,-83.11376953125,57.0710127614792,-147.0794836368046,1451505227
run,-75.1021270751953,-81.3453369140625,54.31753033676697,-171.19889073547563,1451521894
run,-75.9915390014648,-79.5813522338867,52.482245003334896,-191.37513157977492,1451538561
run,-76.7715835571289,-78.190444946289,52.33366581365888,-207.51234150227654,1451555228
run,-77.4983291625976,-76.4862823486328,54.168209303773395,-219.46312302272207,1451571895
run,-78.2104797363281,-74.0881729125976,57.72592038542277,-226.8549406996545,1451588562
run,-79.2691268920898,-71.0841522216796,62.29605300781344,-229.09108668380784,1451605229
run,-80.1981964111328,-67.5890350341796,66.97483934295852,-225.49930411665915,1451621896
run,-80.7385559082031,-64.0523147583007,70.96869417845102,-215.5541351779142,1451638563
run,-80.8767395019531,-60.9576568603515,73.81956093708496,-199.0870210683315,1451655230
run,-80.6437149047851,-58.483715057373,75.47511506345526,-176.41793912452593,1451671897
run,-80.1402053833007,-56.5672645568847,76.20353451099336,-148.38692027856052,1451688564
run,-79.3973922729492,-55.0959968566894,76.41485920211902,-116.31032342293965,1451705231
run,-78.5379943847656,-53.7230339050293,76.47244054620357,-81.90472751395858,1451721898
run,-77.5884017944336,-52.6045036315918,76.5604446256884,-47.19897205215334,1451738565
run,-76.4763946533203,-52.0026397705078,76.63490771940847,-14.413175837151167,1451755232
run,-75.2214584350586,-52.3188209533691,76.44782705913508,14.237893820017224,1451771899
run,-73.9545745849609,-53.1869964599609,75.61242538477504,36.83429901129456,1451788566
run,-72.7577209472656,-54.6912117004394,73.67804814490867,52.08824830017859,1451805233
run,-71.6149826049804,-56.2872657775878,70.19727950349537,59.6258925563943,1451821900
run,-70.4177017211914,-57.5097351074218,64.78130869043194,60.09753151847883,1451838567
run,-69.2176742553711,-58.2751731872558,57.14247622075838,55.04985871388029,1451855234
run,-68.3180847167968,-58.9709243774414,47.118101650593566,46.58647989872938,1451871901
run,-67.9566421508789,-59.4618911743164,34.66948099308329,36.93012056415508,1451888568
run,-67.9097366333007,-59.8066139221191,19.861772482996354,28.03485080456837,1451905235
run,-67.926025390625,-60.3751792907714,2.8452659254590453,21.36456714943699,1451921902
run,-67.9689178466796,-61.6661529541015,-16.14155351333762,17.871943967289056,1451938569
run,-68.1997299194336,-63.1446418762207,-36.74648395020768,18.113422797935726,1451955236
run,-69.0260314941406,-63.8962020874023,-58.47703332284893,22.368591030102433,1451971903
run,-70.6494750976562,-63.93843460083,-80.69560360856187,30.64750945020654,1451988570
run,-73.1275100708007,-64.1362380981445,-102.63645642420438,42.57273968210777,1452005237
run,-76.0558547973632,-65.0034103393554,-123.42143196263478,57.242891935907146,1452021904
run,-78.92724609375,-66.6334609985351,-142.05933137419365,73.2254989035969,1452038571
run,-81.8645782470703,-68.5818481445312,-157.4559599014516,88.75837926576624,1452055238
run,-84.4168624877929,-70.8685760498046,-168.49828730114479,102.11697737802363,1452071905
run,-85.7374496459961,-73.2311630249023,-174.2577253816259,112.01206638974098,1452088572
run,-84.6164245605468,-75.2797775268554,-174.2794536121984,117.86334203403861,1452105239
run,-82.1811141967773,-77.1124572753906,-168.83918598548934,119.8502344771467,1452121906
run,-79.6625442504882,-78.8435897827148,-159.020858082314,118.74023045083004,1452138573
run,-77.4387283325195,-80.5440063476562,-146.5256855006017,115.58623942395106,1452155240
run,-75.60888671875,-82.2606430053711,-133.23916628815653,111.42229648363904,1452171907
run,-74.1066360473632,-83.9952774047851,-120.69903929289046,107.05942441649745,1452188574
run,-72.6058654785156,-85.6101455688476,-109.66540916002964,103.01655428409225,1452205241
run,-70.8939895629882,-86.927001953125,-99.9633208946376,99.55548832336649,1452221908
run,-69.0205154418945,-87.4568557739257,-90.65856237297616,96.75449760454515,1452238575
run,-67.2269592285156,-86.8955001831054,-80.48945907512778,94.56074301550152,1452255242
run,-65.6797943115234,-85.791275024414,-68.37759786885313,92.79460880302027,1452271909
run,-64.5780715942382,-84.4437408447265,-53.824238019302754,91.11608503336572,1452288576
run,-63.9745254516601,-82.966812133789,-37.065430300675374,88.98497104638132,1452305243
run,-63.9971046447753,-81.517837524414,-18.967432249313262,85.64708724790462,1452321910
run,-64.6578216552734,-80.2708129882812,-0.7441966270195366,80.16687861658161,1452338577
run,-65.1521987915039,-79.3180999755859,16.368772907631303,71.51660315816349,1452355244
run,-65.3304824829101,-78.574592590332,31.363381010299953,58.727733271108406,1452371911
run,-66.1065444946289,-77.9009704589843,43.57676908034975,41.100598334527525,1452388578
run,-67.1734924316406,-77.2753829956054,52.6987661849136,18.44097348524264,1452405245
run,-68.1697616577148,-76.8795394897461,58.72509734894684,-8.747940516307942,1452421912
run,-69.1669540405273,-77.1647338867187,61.902506949831555,-39.21448397829924,1452438579
run,-70.201904296875,-78.3721084594726,62.68649290783291,-71.12007875052329,1452455246
run,-71.6694259643554,-80.4231414794921,61.71235423492992,-102.40272772099003,1452471913
run,-73.1232528686523,-82.7355575561523,59.76327276730034,-131.22805550145966,1452488580
run,-73.9691925048828,-83.5936584472656,57.70635139194641,-156.3516621453177,1452505247
run,-74.9212188720703,-82.3651657104492,56.37474628410308,-177.24423198880692,1452521914
run,-76.0477676391601,-80.7361373901367,56.40654939019586,-193.94111338904386,1452538581
run,-77.0082473754882,-79.2527770996093,58.08818017001028,-206.70912525453835,1452555248
run,-77.8420715332031,-77.4113388061523,61.2662819797097,-215.7000844822294,1452571915
run,-78.7624969482421,-74.8897705078125,65.37873452574463,-220.74633401327844,1452588582
run,-79.9415206909179,-71.7191390991211,69.6153305172727,-221.36862053263854,1452605249
run,-80.8654174804687,-68.1611938476562,73.16275438992314,-216.96379220586346,1452621916
run,-81.3526458740234,-64.6264190673828,75.4438215737331,-207.0677920472225,1452638583
run,-81.3933486938476,-61.5482368469238,76.25962601525123,-191.57427332749538,1452655250
run,-81.0225448608398,-59.2358665466308,75.79094956239904,-170.83108790857662,1452671917
run,-80.3736953735351,-57.3635215759277,74.4816161895561,-145.61081847710392,1452688584
run,-79.5209426879882,-55.8160552978515,72.87121933991675,-117.01444712024767,1452705251
run,-78.5996322631836,-54.3833389282226,71.44763289126998,-86.3814132995111,1452721918
run,-77.681411743164,-53.1718978881835,70.55817051606985,-55.239462810184406,1452738585
run,-76.7052841186523,-52.4479637145996,70.37616061782086,-25.266949927653055,1452755252
run,-75.6502532958984,-52.3686790466308,70.8926063610706,1.794255337660042,1452771919
run,-74.5533370971679,-52.9406204223632,71.90432426897462,24.318986291274204,1452788586
run,-73.4292984008789,-54.0954284667968,72.99486700381235,41.05627183124892,1452805253
run,-72.307876586914,-55.3233108520507,73.53123110485333,51.385312973948714,1452821920
run,-71.1390762329101,-56.4210662841796,72.70604254187468,55.465302916638876,1452838587
run,-69.8742065429687,-57.0902366638183,69.63557001333254,54.20612426118275,1452855254
run,-68.7219696044921,-57.8361778259277,63.49259749593376,49.06303125050594,1452871921
run,-67.964370727539,-58.5433273315429,53.63365940761038,41.735530286980016,1452888588
run,-67.5951232910156,-59.0390090942382,39.68755971652722,33.88372614013922,1452905255
run,-67.3734970092773,-59.5155448913574,21.599609720968992,26.951100114343426,1452921922
run,-67.2947540283203,-60.654369354248,-0.3507133024139368,22.120679142569895,1452938589
run,-67.4483642578125,-62.2273559570312,-25.54170721252956,20.359528867301552,1452955256
run,-68.1518249511718,-63.3287353515625,-53.01437058729296,22.453222453147394,1452971923
run,-69.7553405761718,-63.4988403320312,-81.50951159971098,28.934991819833865,1452988590
run,-72.2879943847656,-63.5780029296875,-109.54870548831052,39.89377907089958,1453005257
run,-75.3816680908203,-64.2483825683593,-135.5476955590334,54.758509210998255,1453021924
run,-78.3778686523437,-65.7833404541015,-157.94029615482154,72.21305648778265,1453038591
run,-81.4961013793945,-67.8407669067382,-175.30853664214771,90.34581580624291,1453055258
run,-84.2254562377929,-70.1524124145507,-186.53908359891724,107.01656351980358,1453071925
run,-85.659912109375,-72.661506652832,-191.01740845592516,120.315105864181,1453088592
run,-84.4976196289062,-75.0024871826171,-188.82084637669487,128.9492168184433,1453105259
run,-82.0668029785156,-77.0941772460937,-180.81905913532944,132.44042473368307,1453121926
run,-79.5207824707031,-79.0323104858398,-168.58681150396228,131.09551865481984,1453138593
run,-77.1951904296875,-80.9127349853515,-154.0957599688002,125.81151653954196,1453155260
run,-75.2188949584961,-82.7462081909179,-139.24975915207227,117.81768519437742,1453171927
run,-73.5740661621093,-84.4517211914062,-125.41104639754295,108.44427440280015,1453188594
run,-71.9088668823242,-85.8544769287109,-113.08961024673337,98.95577773917037,1453205261
run,-70.1454696655273,-86.9235534667968,-101.91763509808746,90.43647975654413,1453221928
run,-68.3071212768554,-87.4997024536132,-90.92138362482666,83.69641721239785,1453238595
run,-66.6181030273437,-87.3467941284179,-78.98241930702942,79.17958345836223,1453255262
run,-65.1492080688476,-86.6535568237304,-65.30682289889151,76.8853982217791,1453271929
run,-64.1342163085937,-85.6395568847656,-49.7285219275289,76.33563708486909,1453288596
run,-63.7180709838867,-84.3816909790039,-32.75197304061305,76.6169221753472,1453305263
run,-63.9132843017578,-82.9635772705078,-15.350235787781953,76.50407132830712,1453321930
run,-64.5076446533203,-81.6333236694336,1.3707606989990297,74.63812335190542,1453338597
run,-64.9051284790039,-80.5602264404296,16.490894855160665,69.71649922982292,1453355264
run,-65.1432189941406,-79.8169021606445,29.45756786652016,60.66266041034615,1453371931
run,-65.8389663696289,-79.2391204833984,40.09316917331067,46.767848628014704,1453388598
run,-66.7738037109375,-78.6578369140625,48.47487543907424,27.811586856082688,1453405265
run,-67.6420516967773,-78.1992034912109,54.773449936695094,4.152348386450253,1453421932
run,-68.4961395263671,-78.1389236450195,59.129679401583296,-23.253462739078547,1453438599
run,-69.5380554199218,-78.8458709716796,61.61610771170877,-52.96020185272997,1453455266
run,-71.0457382202148,-80.5252685546875,62.2942276003072,-83.28867825850651,1453471933
run,-72.6240081787109,-82.6678924560546,61.33430485131927,-112.66808993301619,1453488600
run,-73.7682189941406,-83.6247100830078,59.1276908921766,-139.93095391139553,1453505267
run,-74.7165298461914,-82.1438522338867,56.31614657477011,-164.42378349638682,1453521934
run,-75.6935272216796,-80.0237426757812,53.70122159171841,-185.88017865416802,1453538601
run,-76.5959091186523,-78.4504928588867,52.05748287708206,-204.12816765993358,1453555268
run,-77.459487915039,-76.9163284301757,51.921451683296105,-218.78913915846454,1453571935
run,-78.1228408813476,-74.7208786010742,53.44313380164673,-229.12101358422422,1453588602
run,-79.0228424072265,-71.7447509765625,56.36516001645105,-234.078281707686,1453605269
run,-79.8477096557617,-68.1304473876953,60.14150377563954,-232.56105747947197,1453621936
run,-80.3669357299804,-64.3253784179687,64.14443338930886,-223.75124842467685,1453638603
run,-80.6193618774414,-60.9501991271972,67.86959732642083,-207.40728234599015,1453655270
run,-80.5948333740234,-58.3473205566406,71.05838436115347,-184.0148005447561,1453671937
run,-80.3260269165039,-56.2888526916503,73.70418028502063,-154.75987996156826,1453688604
run,-79.7788619995117,-54.8355598449707,75.96245468142193,-121.3696103833055,1453705271
run,-78.9474868774414,-53.5369033813476,78.01671808858644,-85.90602368328267,1453721938
run,-77.9239807128906,-52.3658027648925,79.95598983970662,-50.580637993288136,1453738605
run,-76.7523498535156,-51.6391944885253,81.70216236411989,-17.599120536024195,1453755272
run,-75.4994277954101,-51.8637084960937,82.99997026539289,11.002225894282095,1453771939
run,-74.239875793457,-52.6212196350097,83.45916784379318,33.56476373244558,1453788606
run,-73.0243911743164,-54.0191993713378,82.62506042517087,49.04703597154725,1453805273
run,-71.8643951416015,-55.6332664489746,80.05161318863442,57.2227561433993,1453821940
run,-70.6784591674804,-56.8298721313476,75.35769105801361,58.74244812681403,1453838607
run,-69.4775009155273,-57.5315589904785,68.25584929698391,55.001167096195026,1453855274
run,-68.4849166870117,-58.2200546264648,58.551550938505486,47.83682414584023,1453871941
run,-67.9177474975586,-58.786392211914,46.12097914560117,39.16357990997942,1453888608
run,-67.6475601196289,-59.2476844787597,30.88898141478497,30.67254859390578,1453905275
run,-67.4860687255859,-59.8268241882324,12.836887720088372,23.692206809570994,1453921942
run,-67.3881454467773,-61.1338195800781,-7.940433950715321,19.21688748154865,1453938609
run,-67.4717407226562,-62.6963348388671,-31.139641493935116,18.022428498365137,1453955276
run,-68.1486511230468,-63.5336685180664,-56.15968904520423,20.737103896663715,1453971943
run,-69.6900100708007,-63.5846099853515,-82.06912714393216,27.76491351786384,1453988610
run,-72.263313293457,-63.661521911621,-107.65315796942889,39.069077232825855,1454005277
run,-75.4364700317382,-64.3653030395507,-131.52128270128202,53.94726659520455,1454021944
run,-78.4981307983398,-65.9455184936523,-152.23606889379514,70.97043282427195,1454038611
run,-81.6506576538086,-67.8762588500976,-168.44421386994065,88.18002988791883,1454055278
run,-84.4218063354492,-70.1218338012695,-179.02800764843337,103.50188863711875,1454071945
run,-86.0943527221679,-72.5978622436523,-183.29986526926896,115.22815922528112,1454088612
run,-85.0357284545898,-74.8326721191406,-181.21512568071537,122.39219502262672,1454105279
run,-82.4542922973632,-76.8314666748046,-173.5138887694996,124.91352238863777,1454121946
run,-79.8915252685546,-78.6676559448242,-161.68039207701617,123.48814730019792,1454138613
run,-77.7116394042968,-80.4502487182617,-147.66076631290017,119.29594888476805,1454155280
run,-75.8778076171875,-82.2097091674804,-133.38760615627734,113.64844976934657,1454171947
run,-74.3245773315429,-83.9676895141601,-120.26456355835805,107.69151213033592,1454188614
run,-72.8289260864257,-85.6698989868164,-108.80654082451328,102.22754542641863,1454205281
run,-71.1945648193359,-87.3239517211914,-98.5840958226909,97.66462337577975,1454221948
run,-69.3975372314453,-88.5958404541015,-88.50203194171468,94.06067842122546,1454238615
run,-67.68505859375,-88.2853698730468,-77.30481798974044,91.21703069238238,1454255282
run,-66.2492980957031,-87.0423583984375,-64.10943841473595,88.78107293649323,1454271949
run,-65.2393112182617,-85.6235046386718,-48.76193192626714,86.3318499197936,1454288616
run,-64.9011459350586,-84.0865249633789,-31.89574612803637,83.43423455792455,1454305283
run,-65.3087539672851,-82.5805358886718,-14.697400212624611,79.65374345903801,1454321950
run,-66.0530700683593,-81.3797149658203,1.4986030782432374,74.53119727964257,1454338617
run,-66.3787689208984,-80.5666885375976,15.60790779458853,67.5342618185066,1454355284
run,-66.6589965820312,-79.9625015258789,27.038474351363586,58.028870129935136,1454371951
run,-67.4068756103515,-79.3383407592773,35.72021150808041,45.3257143833802,1454388618
run,-68.2279815673828,-78.6371383666992,41.963171454334685,28.830850398346858,1454405285
run,-68.8681640625,-77.9746398925781,46.23841165093729,8.266186687821568,1454421952
run,-69.3856964111328,-77.7667999267578,48.97988237029013,-16.137904683444198,1454438619
run,-70.1410369873046,-78.3788223266601,50.48286544831697,-43.58981026165346,1454455286
run,-71.515266418457,-79.9230346679687,50.932553315230685,-72.8768484292078,1454471953
run,-72.9089965820312,-82.081428527832,50.534455400419674,-102.6456692252985,1454488620
run,-73.9221038818359,-83.5766677856445,49.65874738181681,-131.68245085666933,1454505287
run,-74.8391876220703,-82.7818603515625,48.89524173301432,-159.04590323078057,1454521954
run,-75.7197952270507,-80.8818435668945,48.96265072044039,-183.99475149101303,1454538621
run,-76.4328689575195,-79.263557434082,50.49719930818419,-205.78207212001598,1454555288
run,-77.0885314941406,-77.6449661254882,53.81327359817505,-223.4734002432886,1454571955
run,-77.728401184082,-75.373176574707,58.74953850814556,-235.92728859557633,1454588622
run,-78.7957077026367,-72.224494934082,64.67896277670222,-241.97453254398917,1454605289
run,-79.7571411132812,-68.5670852661132,70.68505460985727,-240.7173683196448,1454621956
run,-80.3811721801757,-64.8669204711914,75.8284164763228,-231.8081629632789,1454638623
run,-80.6483383178711,-61.5738220214843,79.39342727599868,-215.5821255854989,1454655290
run,-80.5422973632812,-59.0943183898925,81.03142744097238,-192.99512359975813,1454671957
run,-80.146858215332,-57.0540351867675,80.77791281298808,-165.41518317640083,1454688624
run,-79.4877777099609,-55.3142166137695,78.97403413644122,-134.38270314201097,1454705291
run,-78.6710739135742,-53.8808212280273,76.14297259696528,-101.45203325393666,1454721958
run,-77.7940292358398,-52.6386337280273,72.86299355075141,-68.15957460690119,1454738625
run,-76.8159255981445,-51.7007026672363,69.65843593552714,-36.075250280409406,1454755292
run,-75.7034149169921,-51.3701248168945,66.91347249028564,-6.837944964243748,1454771959
run,-74.5429916381836,-51.8931236267089,64.80862517976037,17.918871442530673,1454788626
run,-73.3801345825195,-53.0155601501464,63.28443486030832,36.781842277709295,1454805293
run,-72.2514343261718,-54.4425239562988,62.04095100224989,48.856084558304055,1454821960
run,-71.1887588500976,-55.7787780761718,60.57661567599536,54.02730676775081,1454838627
run,-70.1627349853515,-56.7077751159668,58.25567859311939,53.0650825294639,1454855294
run,-69.2726058959961,-57.4171257019043,54.381294233410706,47.50602277039585,1454871961
run,-68.6435928344726,-57.937873840332,48.25607572387012,39.348238975935764,1454888628
run,-68.2620849609375,-58.2720413208007,39.23416557303446,30.66365131367177,1454905295
run,-67.9464416503906,-58.5820884704589,26.790740282098326,23.25785349498279,1454921962
run,-67.6354598999023,-59.151439666748,10.632383242422486,18.473404664917425,1454938629
run,-67.4454269409179,-60.3837089538574,-9.16174724789127,17.158866467300225,1454955296
run,-67.5787353515625,-61.7207527160644,-32.0217127257287,19.744042468554028,1454971963
run,-68.4029922485351,-62.3424911499023,-56.86435840299161,26.316031510304423,1454988630
run,-70.1552734375,-62.4960899353027,-82.21129672308581,36.61819636860642,1455005297
run,-72.8223876953125,-62.9599456787109,-106.4258344126114,49.983496460832235,1455021964
run,-75.8306045532226,-64.1110229492187,-127.98402305799138,65.29537058558762,1455038631
run,-78.7413482666015,-65.8034057617187,-145.68130100873182,81.07467715152035,1455055298
run,-81.5949172973632,-67.8195190429687,-158.72541015845658,95.7183866056075,1455071965
run,-83.9866027832031,-70.0389099121093,-166.73972237476931,107.82390975975669,1455088632
run,-85.5138931274414,-72.2558059692382,-169.73952875836002,116.48099087335568,1455105299
run,-85.1887130737304,-74.3479614257812,-168.1220606367675,121.42190637412949,1455121966
run,-83.3215637207031,-76.2937240600586,-162.65666291290694,122.97950403331863,1455138633
run,-81.0330200195312,-78.1558074951171,-154.42368357221173,121.8828096383179,1455155300
run,-78.7883758544921,-80.0141830444336,-144.6590245262556,118.98370174542076,1455171967
run,-76.7891387939453,-81.8612442016601,-134.51076721035983,115.02489340457498,1455188634
run,-75.0259475708007,-83.6710739135742,-124.7743017421035,110.52441650047787,1455205301
run,-73.2831497192382,-85.3485717773437,-115.70654837163637,105.78833420272444,1455221968
run,-71.4795150756836,-86.8505477905273,-107.00448842728768,101.0065079458098,1455238635
run,-69.6195297241211,-87.8467788696289,-97.9707455677195,96.36129590405412,1455255302
run,-67.9158782958984,-87.7573776245117,-87.80982070176589,92.09024420804559,1455271969
run,-66.461929321289,-86.8622589111328,-75.9444517342897,88.47709298987469,1455288636
run,-65.3196411132812,-85.6097869873046,-62.238096740073566,85.77962152578432,1455305303
run,-64.48681640625,-84.1363983154296,-47.05209853653654,84.12127406764138,1455321970
run,-64.0973663330078,-82.5887374877929,-31.130232804453765,83.37291969670711,1455338637
run,-64.3443069458007,-81.2007598876953,-15.364957381824986,83.04416889994565,1455355304
run,-64.8688125610351,-80.0988082885742,-0.541936092651047,82.20796235604168,1455371971
run,-65.03369140625,-79.1755142211914,12.833955375630143,79.50072192147873,1455388638
run,-65.1606521606445,-78.2132415771484,24.56890928229355,73.25294122531359,1455405305
run,-65.8190536499023,-77.1387023925781,34.67879787978553,61.783038095737325,1455421972
run,-66.6344604492187,-76.0527420043945,43.230746623504146,43.82182217429548,1455438639
run,-67.444595336914,-75.1868286132812,50.21577664391491,18.95249394103454,1455455306
run,-68.304214477539,-74.8228073120117,55.51058372529751,-12.099673033028159,1455471973
run,-69.4306259155273,-75.338150024414,58.94309950647881,-47.47270952367383,1455488640
run,-71.0068130493164,-76.9844055175781,60.43550194051109,-84.5140129725526,1455505307
run,-72.5255050659179,-79.3432235717773,60.16143250887591,-120.37181457909807,1455521974
run,-73.6901702880859,-81.0449600219726,58.63394882309821,-152.62198835319015,1455538641
run,-74.710708618164,-80.8157730102539,56.65889867008306,-179.69907430486774,1455555308
run,-75.6320114135742,-79.6915893554687,55.1466890950822,-200.99414773534622,1455571975
run,-76.4684829711914,-78.9723815917968,54.84495868160913,-216.63929434199903,1455588642
run,-77.1946334838867,-78.0491561889648,56.09873625697402,-227.1252696620833,1455605309
run,-77.9450988769531,-76.1442565917968,58.74222099008509,-232.9305544791941,1455621976
run,-79.025634765625,-73.4664611816406,62.1756281474119,-234.28528547714984,1455638643
run,-80.0783309936523,-70.2509994506836,65.59921721730228,-231.1105641190579,1455655310
run,-80.7427978515625,-66.7405700683593,68.30336597443916,-223.1100894636427,1455671977
run,-80.998046875,-63.3190727233886,69.89148448375907,-209.9567404488153,1455688644
run,-80.7911529541015,-60.4833679199218,70.35547182018477,-191.50442902921657,1455705311
run,-80.2527694702148,-58.083251953125,70.00178400602103,-167.96376854827247,1455721978
run,-79.5351104736328,-56.3807792663574,69.2912857077344,-140.00663965725056,1455738645
run,-78.674690246582,-54.8993988037109,68.6754762913254,-108.79452627629885,1455755312
run,-77.7239685058593,-53.5505332946777,68.48526130455024,-75.9390461515772,1455771979
run,-76.6699295043945,-52.5666999816894,68.88143665110726,-43.39501454886709,1455788646
run,-75.5323486328125,-52.2513885498046,69.84022733989704,-13.272974181186324,1455805313
run,-74.4226913452148,-52.7097434997558,71.14143180489008,12.434333440150539,1455821980
run,-73.3635101318359,-53.8204689025878,72.34805030704388,32.177664142030416,1455838647
run,-72.3415603637695,-55.1095848083496,72.79580306285203,45.144533731191416,1455855314
run,-71.3329162597656,-56.2101097106933,71.62720972458716,51.4135058205609,1455871981
run,-70.2287673950195,-56.8559532165527,67.89538489208785,51.89811402132862,1455888648
run,-69.0233154296875,-57.5747451782226,60.730033096646004,48.09222509405084,1455905315
run,-68.0484085083007,-58.1961555480957,49.52084336381588,41.71428320189353,1455921982
run,-67.5353775024414,-58.5669403076171,34.05710520903309,34.386318821403286,1455938649
run,-67.3548355102539,-58.9895858764648,14.580167080970577,27.457587776588145,1455955316
run,-67.4098052978515,-60.1235313415527,-8.25529167354044,22.008597299417854,1455971983
run,-67.7876586914062,-61.8772659301757,-33.48213914422519,18.97690451139628,1455988650
run,-68.7686462402343,-63.1529083251953,-59.944369032659,19.269102460869416,1456005317
run,-70.6331710815429,-63.1582603454589,-86.40969999134622,23.717595964402463,1456021984
run,-73.2875900268554,-62.9702415466308,-111.64683513663016,32.837896506492534,1456038651
run,-76.2802429199218,-63.333755493164,-134.45749006661075,46.49427850111605,1456055318
run,-79.2040786743164,-64.5576248168945,-153.68298768734712,63.67724070889114,1456071985
run,-82.0868682861328,-66.3952178955078,-168.24107384450144,82.559827896739,1456088652
run,-84.5685195922851,-68.5067825317382,-177.25354825472442,100.86043328606843,1456105319
run,-85.4180755615234,-71.0750503540039,-180.27044316188207,116.39127584505104,1456121986
run,-84.0262451171875,-73.6995697021484,-177.50606456528337,127.59092854052587,1456138653
run,-81.8346176147461,-76.0350570678711,-169.94539179660555,133.85121563424389,1456155320
run,-79.6138839721679,-78.1539077758789,-159.20934152521366,135.53881488727674,1456171987
run,-77.4952239990234,-80.1451568603515,-147.17420539640224,133.73686972729968,1456188654
run,-75.5657882690429,-82.0696716308593,-135.46226068715507,129.83265045853037,1456205321
run,-73.8400497436523,-83.9688339233398,-124.9915601618079,125.10980538188443,1456221988
run,-72.0914611816406,-85.7668685913086,-115.76068444072922,120.4665216377695,1456238655
run,-70.1504440307617,-87.2829360961914,-106.95565369779649,116.30851694351944,1456255322
run,-68.1281967163086,-87.8914184570312,-97.33839197478186,112.59881204651624,1456271989
run,-66.3031768798828,-86.910285949707,-85.76382879800565,109.00739124342196,1456288656
run,-64.7950973510742,-85.2941360473632,-71.62666309263221,105.09377586015378,1456305323
run,-63.7778701782226,-83.5813369750976,-55.07854428580639,100.4633649563474,1456321990
run,-63.4499435424804,-81.8227920532226,-36.959227733009286,94.85430285007195,1456338657
run,-63.7315864562988,-80.2315902709961,-18.50210107258966,88.13239440161956,1456355324
run,-64.1581802368164,-78.9639205932617,-0.9556089895424774,80.19915675136147,1456371991
run,-64.4333419799804,-78.0735702514648,14.724768756266908,70.85297650117141,1456388658
run,-64.8145523071289,-77.4846954345703,28.015785234595477,59.67577937792464,1456405325
run,-65.4919891357421,-76.9202041625976,38.789752913571306,46.0261854540054,1456421992
run,-66.3750381469726,-76.2778701782226,47.16787452242182,29.18562418793914,1456438659
run,-67.2166366577148,-75.7134475708007,53.353677527105106,8.630309791617622,1456455326
run,-68.0936431884765,-75.5033264160156,57.519879937609694,-15.675801252736827,1456471993
run,-69.0560760498046,-75.9327316284179,59.78864267288341,-43.105842199160605,1456488660
run,-70.4542007446289,-77.162727355957,60.30637581743429,-72.41276772334211,1456505327
run,-72.1661224365234,-79.1617355346679,59.37033329104116,-101.991820422507,1456521994
run,-73.3134994506836,-81.4063186645507,57.527643304517554,-130.25651784514056,1456538661
run,-74.309211730957,-82.3714370727539,55.566262387597504,-155.96405286792395,1456555328
run,-75.1523818969726,-81.5747528076171,54.36600570526957,-178.35432415942694,1456571995
run,-75.9791107177734,-80.5039672851562,54.65269381259115,-197.06809252533282,1456588662
run,-76.7077484130859,-79.5424270629882,56.75516553306118,-211.92367188945684,1456605329
run,-77.4388580322265,-78.0172119140625,60.474134073821375,-222.69014429624926,1456621996
run,-78.4385452270507,-75.6072463989257,65.13068826603696,-228.97241754367377,1456638663
run,-79.6417617797851,-72.4425735473632,69.78615053886607,-230.24842511710725,1456655330
run,-80.4600219726562,-68.8895721435546,73.54628324791892,-226.02180613453464,1456671997
run,-80.7482147216796,-65.4104614257812,75.82455917789595,-216.0091162751631,1456688664
run,-80.6061477661132,-62.2741088867187,76.46684567968406,-200.27980188882879,1456705331
run,-80.2005004882812,-59.7980804443359,75.71488443113321,-179.30385657253606,1456721998
run,-79.5881118774414,-57.7725067138671,74.05838253480033,-153.9151087605696,1456738665
run,-78.7704086303711,-56.0237159729003,72.05555355591477,-125.23612090127607,1456755332
run,-77.8387069702148,-54.4306297302246,70.18643347307591,-94.6106861879928,1456771999
run,-76.877212524414,-53.1660919189453,68.76647738717384,-63.55523948047349,1456788666
run,-75.8540802001953,-52.4142761230468,67.915594458954,-33.700157705308364,1456805333
run,-74.7791137695312,-52.378604888916,67.56183689692215,-6.678964628466833,1456822000
run,-73.6858749389648,-52.7494850158691,67.45899250125207,16.0507948837288,1456838667
run,-72.5704040527343,-53.6911964416503,67.20759227316096,33.424224261146534,1456855334
run,-71.4553833007812,-54.8803558349609,66.28164083127176,44.9543958011434,1456872001
run,-70.3209762573242,-55.8030700683593,64.07039885747446,50.812030827112935,1456888668
run,-69.2326354980468,-56.3813972473144,59.940551063430455,51.76125434622722,1456905335
run,-68.3922042846679,-57.0913848876953,53.311915707055675,48.977347271781404,1456922002
run,-67.912727355957,-57.9330711364746,43.73038882557864,43.82732684645637,1456938669
run,-67.6008224487304,-58.6766929626464,30.92463491919058,37.701156782064146,1456955336
run,-67.3371276855468,-59.5077095031738,14.84538021467515,31.935995045604407,1456972003
run,-67.2317581176757,-60.8078575134277,-4.30521824268697,27.809637784709096,1456988670
run,-67.4235534667968,-62.3233337402343,-26.050952561361562,26.528934242723754,1457005337
run,-68.1769485473632,-63.1513633728027,-49.63461890962977,29.130186906101564,1457022004
run,-69.6813201904296,-63.229076385498,-74.0415635933324,36.25779858966322,1457038671
run,-72.0563812255859,-63.5142593383789,-98.06011786464211,47.883755395646084,1457055338
run,-74.844367980957,-64.5005264282226,-120.3705658104124,63.11480844107191,1457072005
run,-77.6407928466796,-66.2611770629882,-139.65119211906944,80.23351575504333,1457088672
run,-80.5263900756836,-68.3995742797851,-154.70468716538034,97.01943040181864,1457105339
run,-83.0569152832031,-70.7445373535156,-164.6201664959727,111.26157225742526,1457122006
run,-84.6848220825195,-73.2865142822265,-168.9666890261427,121.28521911181106,1457138673
run,-84.625747680664,-75.6182785034179,-167.9649950157205,126.31366117933601,1457155340
run,-83.1356735229492,-77.6557312011718,-162.54496313527278,126.55732989844192,1457172007
run,-81.1838760375976,-79.4606628417968,-154.2086273094575,123.03036415611663,1457188674
run,-79.2158813476562,-81.15234375,-144.68810317287517,117.19055341054384,1457205341
run,-77.3253479003906,-82.8090362548828,-135.48123821088242,110.5421522350483,1457222008
run,-75.571548461914,-84.4253616333007,-127.41776519549568,104.32065629587977,1457238675
run,-73.7326278686523,-85.9314880371093,-120.41935730975244,99.31816251044091,1457255342
run,-71.7183837890625,-87.2351531982421,-113.5579110570045,95.84647283727891,1457272009
run,-69.5907363891601,-87.8756027221679,-105.40701187014137,93.79877253437675,1457288676
run,-67.6031951904296,-87.2912292480468,-94.56699139278433,92.76184244938574,1457305343
run,-65.9223937988281,-86.0138549804687,-80.1766065127836,92.13761991708913,1457322010
run,-64.6847152709961,-84.5549697875976,-62.234532166331725,91.24463917266672,1457338677
run,-64.0048370361328,-83.0483703613281,-41.63274034143237,89.38262186385178,1457355344
run,-64.0473175048828,-81.6056747436523,-19.91338092698383,85.85772591049225,1457372011
run,-64.7246704101562,-80.3936462402343,1.1427871468592103,79.9822327116418,1457388678
run,-65.319465637207,-79.4850234985351,19.939698070550747,71.07862545772964,1457405345
run,-65.6596984863281,-78.7671279907226,35.36226817822516,58.52667095117078,1457422012
run,-66.4516372680664,-78.0687179565429,46.88211889421746,41.880957715047046,1457438679
run,-67.5533142089843,-77.4018783569336,54.4975296915845,21.047811120925772,1457455346
run,-68.586555480957,-76.9334945678711,58.58367812251481,-3.5434689086553615,1457472013
run,-69.4705963134765,-77.0405654907226,59.73057459291193,-30.87545864850463,1457488680
run,-70.3671493530273,-78.0447311401367,58.62227741954239,-59.46452510455792,1457505347
run,-71.5446472167968,-79.9055404663086,55.98265676797252,-87.66918533949607,1457522014
run,-73.1052169799804,-81.9920959472656,52.57891554715873,-114.07839438812799,1457538681
run,-74.2646484375,-82.708137512207,49.23675287083533,-137.809816508499,1457555348
run,-74.9218063354492,-81.4729690551757,46.80477445221575,-158.5779981463325,1457572015
run,-75.8027725219726,-80.0627517700195,46.03301654787311,-176.50708949076582,1457588682
run,-76.6290664672851,-79.2118301391601,47.38939929465178,-191.7926933342889,1457605349
run,-77.3066101074218,-78.1346893310546,50.8892157314533,-204.38220290894577,1457622016
run,-78.0196533203125,-76.1929931640625,56.025547379033156,-213.81302696695295,1457638683
run,-78.9834747314453,-73.5518798828125,61.85694296677486,-219.25881779255533,1457655350
run,-79.9162445068359,-70.3284606933593,67.24486688779713,-219.74456456601646,1457672017
run,-80.5264282226562,-66.7964096069336,71.1649067276072,-214.43831137420494,1457688684
run,-80.7591171264648,-63.4838409423828,72.98005579787832,-202.91474312291723,1457705351
run,-80.5910339355468,-60.8543014526367,72.58346471738602,-185.3080011999453,1457722018
run,-80.1568527221679,-58.7553558349609,70.37831171770658,-162.32194447605906,1457738685
run,-79.5192718505859,-57.084415435791,67.12703710853528,-135.12770277558533,1457755352
run,-78.765998840332,-55.5372581481933,63.7392372509732,-105.21727149437508,1457772019
run,-78.0013732910156,-54.1509132385253,61.0667685433349,-74.27335837512241,1457788686
run,-77.2385101318359,-53.1091041564941,59.746737298391736,-44.069192030737725,1457805353
run,-76.4137420654296,-52.6834487915039,60.09962836869251,-16.365522103340087,1457822020
run,-75.5048446655273,-52.8675727844238,62.07094325702522,7.2387644601483085,1457838687
run,-74.5313644409179,-53.533706665039,65.20793299043402,25.51353083098539,1457855354
run,-73.4753646850586,-54.6280555725097,68.67930578018176,37.819021506349074,1457872021
run,-72.3295059204101,-55.7755317687988,71.35713685938856,44.25832161893087,1457888688
run,-71.1007843017578,-56.5192718505859,71.9731263053258,45.676612539323436,1457905355
run,-69.8680648803711,-57.1598815917968,69.33523577685185,43.47315364277645,1457922022
run,-68.8583374023437,-57.8447036743164,62.557899732627405,39.2714210196232,1457938689
run,-68.1986999511718,-58.339111328125,51.23962167577611,34.55849938799865,1457955356
run,-67.7376174926757,-58.6508827209472,35.53284736532651,30.421671529394885,1457972023
run,-67.4119644165039,-59.1577835083007,16.09145349140354,27.474234533842292,1457988690
run,-67.3009414672851,-60.3952026367187,-6.07214396049602,25.988385749052348,1458005357
run,-67.5232620239257,-62.1741409301757,-29.763174211071416,26.158454745044487,1458022024
run,-68.315803527832,-63.6191062927246,-53.762807904718926,28.33792848000932,1458038691
run,-69.8233261108398,-64.0937728881836,-76.94081001154714,33.08611060781295,1458055358
run,-72.1536026000976,-64.2437210083007,-98.31592923409421,40.9587555881128,1458072025
run,-74.906623840332,-64.6327438354492,-117.06934237301441,52.13662904013307,1458088692
run,-77.6436920166015,-65.7035522460937,-132.52821421966155,66.0994809703113,1458105359
run,-80.3071975708007,-67.4214248657226,-144.15484779699253,81.53995565625563,1458122026
run,-82.7343978881836,-69.4678878784179,-151.5869123252642,96.58615059280928,1458138693
run,-84.4306716918945,-71.8817901611328,-154.74871915009808,109.24862595691523,1458155360
run,-84.7295761108398,-74.2822113037109,-153.99131105776792,117.91242297494595,1458172027
run,-83.6985778808593,-76.3450775146484,-150.16262378958058,121.69348212907065,1458188694
run,-82.1838302612304,-78.1568984985351,-144.51039734554215,120.5577678451575,1458205361
run,-80.531997680664,-79.8759155273437,-138.39259195839117,115.21215674838209,1458222028
run,-78.7399291992187,-81.5554962158203,-132.87375019508403,106.8593805729427,1458238695
run,-76.8954544067382,-83.191162109375,-128.3606386813538,96.9275360556424,1458255362
run,-74.9143600463867,-84.6995468139648,-124.4346361366214,86.84509686192337,1458272029
run,-72.7448425292968,-86.0557861328125,-119.96834587803077,77.87587630330003,1458288696
run,-70.4954223632812,-87.3141632080078,-113.50165011911135,70.99512088384705,1458305363
run,-68.4194641113281,-88.4561767578125,-103.74840729478944,66.79069206194356,1458322030
run,-66.6810607910156,-89.1901245117187,-90.05546384314758,65.39633807241843,1458338697
run,-65.3215942382812,-88.7543182373046,-72.65916577284932,66.48125991614282,1458355364
run,-64.3831787109375,-87.6688766479492,-52.66324555219734,69.31515372602726,1458372031
run,-63.9867095947265,-86.296630859375,-31.75735029809617,72.9019498850695,1458388698
run,-64.194709777832,-84.7515258789062,-11.774226407206237,76.14360560355884,1458405365
run,-64.7550277709961,-83.2547149658203,5.7718274325855425,77.97817864712239,1458422032
run,-65.2208480834961,-82.1200256347656,20.021398251424348,77.45024768891987,1458438699
run,-65.5800476074218,-81.2958145141601,30.88407449897866,73.71586024425024,1458455366
run,-66.3825302124023,-80.4964294433593,38.91461536720969,66.03352033773255,1458472033
run,-67.2818222045898,-79.597053527832,45.016247419381536,53.809191043073874,1458488700
run,-68.0068817138671,-78.6719741821289,50.08174441534342,36.725785781286106,1458505367
run,-68.6691207885742,-77.9738540649414,54.688495686967954,14.915496206624043,1458522034
run,-69.5226211547851,-77.8210983276367,58.943418868794105,-10.923267142382285,1458538701
run,-70.7373886108398,-78.4716644287109,62.53148081657054,-39.559514649925994,1458555368
run,-72.4051055908203,-79.8819808959961,64.95337353500418,-69.44087561537857,1458572035
run,-74.2387924194336,-81.85498046875,65.85750403143693,-99.0131127952052,1458588702
run,-75.7497253417968,-83.2815780639648,65.31835114020457,-127.01198237204956,1458605369
run,-76.8286819458007,-82.7130432128906,63.9257178043289,-152.59822889412297,1458622036
run,-77.8376083374023,-81.0032424926757,62.630929207518555,-175.28870655982539,1458638703
run,-78.6366195678711,-79.759765625,62.407215704385415,-194.74683010944585,1458655370
run,-79.3218383789062,-78.5518417358398,63.866507224401985,-210.56413964073735,1458672037
run,-79.9088134765625,-76.5706634521484,66.99580997173796,-222.15127256990246,1458688704
run,-80.7199020385742,-73.7872695922851,71.12640256876298,-228.78088189810217,1458705371
run,-81.5473937988281,-70.4406280517578,75.14923114207699,-229.7439738340089,1458722038
run,-81.8131027221679,-66.823127746582,77.88510143744162,-224.53841453932253,1458738705
run,-81.5899658203125,-63.4125900268554,78.46157914876923,-213.01135781507713,1458755372
run,-81.0289154052734,-60.500690460205,76.56560365099232,-195.4119403952243,1458772039
run,-80.2102813720703,-58.0392875671386,72.5091490602979,-172.35856040552702,1458788706
run,-79.2137832641601,-56.2974472045898,67.11722308207113,-144.76579558536002,1458805373
run,-78.1775512695312,-54.7294235229492,61.49195887008752,-113.78851350198875,1458822040
run,-77.2198486328125,-53.1708183288574,56.72307977691333,-80.81508556513991,1458838707
run,-76.3123931884765,-52.0425949096679,53.61607517738521,-47.48946756910434,1458855374
run,-75.3512802124023,-51.5645217895507,52.50108816720992,-15.695773955122357,1458872041
run,-74.2716293334961,-51.8023719787597,53.16563295251387,12.565378635103162,1458888708
run,-73.1588363647461,-52.6101188659668,54.92174917319326,35.4317996836112,1458905375
run,-72.0509262084961,-53.9317283630371,56.780124469147864,51.515643906966325,1458922042
run,-70.9551849365234,-55.3656005859375,57.67369259006315,60.213164499469656,1458938709
run,-69.8785629272461,-56.486888885498,56.66305311364796,61.87135284280339,1458955376
run,-68.8735809326171,-57.4039993286132,53.068835675418136,57.73948286085311,1458972043
run,-68.0527954101562,-58.2646751403808,46.50663151490361,49.7147050616416,1458988710
run,-67.5405654907226,-58.8999252319335,36.838466017100075,39.968144185149505,1459005377
run,-67.2863998413086,-59.3147773742675,24.087379460657875,30.57355354695672,1459022044
run,-67.1782531738281,-59.7830810546875,8.373075891331254,23.242888799813777,1459038711
run,-67.1979827880859,-60.9094276428222,-10.091917520792315,19.21486336029009,1459055378
run,-67.4486541748046,-62.325325012207,-30.94674643998953,19.266696966906018,1459072045
run,-68.2276382446289,-63.1321296691894,-53.60758602709203,23.76077865577595,1459088712
run,-69.7139511108398,-63.3408241271972,-77.22643984777162,32.63970862040833,1459105379
run,-72.0842666625976,-63.7716178894043,-100.71412568227613,45.35662614690005,1459122046
run,-74.9432907104492,-64.8365097045898,-122.82097096210293,60.81939202850742,1459138713
run,-77.821548461914,-66.4930267333984,-142.24853960926163,77.45688087825377,1459155380
run,-80.7402038574218,-68.4594192504882,-157.77806585282443,93.45622433806155,1459172047
run,-83.3713150024414,-70.6673278808593,-168.42468423432967,107.11986636737036,1459188714
run,-85.1236343383789,-72.9633712768554,-173.62238845674815,117.22040262379387,1459205381
run,-84.9141540527343,-75.0880279541015,-173.40254315152723,123.22513702343142,1459222048
run,-83.0765228271484,-77.0694885253906,-168.48331454429453,125.3162289331126,1459238715
run,-80.874153137207,-78.957290649414,-160.18521029639376,124.21681169910237,1459255382
run,-78.7283782958984,-80.8165893554687,-150.1450150992118,120.90757528058427,1459272049
run,-76.7636184692382,-82.6530303955078,-139.89104411934665,116.34685737986075,1459288716
run,-75.0013427734375,-84.4166488647461,-130.41924288908152,111.28164934739529,1459305383
run,-73.1472244262695,-85.9678421020507,-121.93071858879873,106.17927170859916,1459322050
run,-71.1444320678711,-87.1374816894531,-113.84071495791214,101.25527166050964,1459338717
run,-69.0431671142578,-87.5639419555664,-105.06405437738941,96.54778733172628,1459355384
run,-67.093505859375,-87.0535659790039,-94.46895016262134,91.99505516395494,1459372051
run,-65.4569244384765,-86.0492858886718,-81.32412774140855,87.49488759716901,1459388718
run,-64.2088012695312,-84.768081665039,-65.57424862085323,82.9424095608888,1459405385
run,-63.4397010803222,-83.2689743041992,-47.85592480931135,78.24424485646757,1459422052
run,-63.3870048522949,-81.7911834716796,-29.27250732372524,73.29861572261257,1459438719
run,-63.8984413146972,-80.6596527099609,-11.037387162800812,67.92909994789514,1459455386
run,-64.2350463867187,-79.9467010498046,5.861088550021358,61.78148874960765,1459472053
run,-64.3473739624023,-79.4986877441406,20.844319988847488,54.23398271150231,1459488720
run,-64.8203353881836,-79.0701522827148,33.73206486664053,44.399866738045546,1459505387
run,-65.689094543457,-78.4343338012695,44.584806905079176,31.28270208328278,1459522054
run,-66.5423965454101,-77.6439132690429,53.503376970162336,14.069888201808093,1459538721
run,-67.3994979858398,-77.1288375854492,60.4844752824568,-7.541530395612428,1459555388
run,-68.4081802368164,-77.3815078735351,65.39157709802953,-33.140737041676175,1459572055
run,-69.7795257568359,-78.5900344848632,68.05211399651414,-61.63474559861709,1459588722
run,-71.5910415649414,-80.5578918457031,68.43984154342685,-91.51367443945647,1459605389
run,-73.1021423339843,-82.5172271728515,66.8545336475777,-121.22176255520577,1459622056
run,-74.1869583129882,-82.6905975341796,63.996246232748575,-149.45080636482984,1459638723
run,-75.2740402221679,-81.2245483398437,60.870446659869934,-175.22655332892182,1459655390
run,-76.095832824707,-79.963638305664,58.53994658105308,-197.78859869307468,1459672057
run,-76.7541427612304,-78.9147033691406,57.81635687704783,-216.38482388121065,1459688724
run,-77.3948593139648,-77.2041397094726,59.017970394279025,-230.13601511939052,1459705391
run,-78.2585754394531,-74.4920272827148,61.89682302871508,-238.0647390624412,1459722058
run,-79.2513809204101,-71.1056518554687,65.7638845426895,-239.27929189985167,1459738725
run,-79.9495010375976,-67.3644866943359,69.75137823682526,-233.22397411092376,1459755392
run,-80.2614669799804,-63.7687911987304,73.09413606690215,-219.8827294606929,1459772059
run,-80.202651977539,-60.8336219787597,75.31977805532104,-199.85226987803605,1459788726
run,-79.8642044067382,-58.6378784179687,76.2986586658503,-174.26511573637012,1459805393
run,-79.2832565307617,-56.8289451599121,76.17526265830358,-144.61291013337535,1459822060
run,-78.5319671630859,-55.2984428405761,75.24385207898378,-112.5583486035918,1459838727
run,-77.6958999633789,-53.9690017700195,73.83085140076291,-79.80650999558014,1459855394
run,-76.8270034790039,-52.9246711730957,72.21733294165274,-48.0463754900128,1459872061
run,-75.8511734008789,-52.3555259704589,70.60000093186947,-18.91398632594651,1459888728
run,-74.7369308471679,-52.5629081726074,69.06875745304069,6.089412220585167,1459905395
run,-73.5548858642578,-53.2101097106933,67.58167321177595,25.757285119450334,1459922062
run,-72.4100189208984,-54.358715057373,65.93683842624027,39.38616615467791,1459938729
run,-71.3518676757812,-55.563190460205,63.75881143456593,46.94976328142957,1459955396
run,-70.3364181518554,-56.4688148498535,60.52133820525477,49.14541472118399,1459972063
run,-69.4021453857421,-56.9573287963867,55.614445454701034,47.262954039020165,1459988730
run,-68.734748840332,-57.5594940185546,48.44205654728427,42.90573504858968,1460005397
run,-68.4025115966796,-58.1953964233398,38.522108524710575,37.665080815781714,1460022064
run,-68.1996459960937,-58.7088088989257,25.5650756572672,32.86910239538876,1460038731
run,-67.934944152832,-59.3633689880371,9.52267172822771,29.485286702671367,1460055398
run,-67.8007736206054,-60.7336387634277,-9.390071490920862,28.17874831428836,1460072065
run,-68.0650177001953,-62.4387130737304,-30.69706246853452,29.44889144552994,1460088732
run,-68.9914627075195,-63.5459365844726,-53.68973556200688,33.72105910726099,1460105399
run,-70.7523040771484,-63.8419151306152,-77.4781282945303,41.29262386206038,1460122066
run,-73.3224258422851,-64.1744155883789,-101.04523405124773,52.132331891414616,1460138733
run,-76.2167129516601,-65.0575103759765,-123.2795989509908,65.65111145194572,1460155400
run,-79.0167999267578,-66.6538314819336,-142.98501193730615,80.61216087257468,1460172067
run,-81.8315353393554,-68.6759567260742,-158.9120327042589,95.28677264761168,1460188734
run,-84.2242965698242,-70.9658050537109,-169.88068880137928,107.83370439863215,1460205401
run,-85.3487777709961,-73.4561614990234,-175.02502951593152,116.76582514537948,1460222068
run,-84.1486740112304,-75.7632904052734,-174.0981489140066,121.32532884338556,1460238735
run,-81.8049926757812,-77.7501068115234,-167.6946132888819,121.62972596370373,1460255402
run,-79.4949569702148,-79.4905242919921,-157.24163121668525,118.5500390054692,1460272069
run,-77.4430618286132,-81.1509399414062,-144.69648163034446,113.39070973485344,1460288736
run,-75.6715698242187,-82.8052444458007,-132.02242912771973,107.50539587658582,1460305403
run,-74.1188659667968,-84.4384536743164,-120.62715726705925,101.97932176229148,1460322070
run,-72.5044174194336,-85.9571762084961,-110.97936897928815,97.4534972262006,1460338737
run,-70.6974258422851,-87.3463516235351,-102.55459019598115,94.09901935953131,1460355404
run,-68.7333831787109,-88.2758102416992,-94.12901234308829,91.70412128634199,1460372071
run,-66.8597030639648,-87.9113693237304,-84.29999514909458,89.82148102066027,1460388738
run,-65.2587509155273,-86.6733932495117,-72.0273155420858,87.92726861501335,1460405405
run,-64.1328201293945,-85.1839523315429,-56.996006838668535,85.55158466830308,1460422072
run,-63.6338081359863,-83.6137084960937,-39.68979121367501,82.34683021355572,1460438739
run,-63.8027153015136,-82.1780776977539,-21.1883530826518,78.07185384042909,1460455406
run,-64.3551712036132,-81.1213073730468,-2.806842767643812,72.49484334758131,1460472073
run,-64.6848602294921,-80.4553604125976,14.260950004269993,65.2578703126895,1460488740
run,-64.9445648193359,-79.9565048217773,29.168270750100692,55.7837458886804,1460505407
run,-65.6599655151367,-79.3575439453125,41.46879913152951,43.310686166935035,1460522074
run,-66.6659240722656,-78.6168899536132,51.04052900736555,27.090789435095882,1460538741
run,-67.6622848510742,-77.9267425537109,57.959422757217716,6.697930551882264,1460555408
run,-68.6126937866211,-77.651382446289,62.3913056460782,-17.69067251336398,1460572075
run,-69.595947265625,-78.2026138305664,64.54216849598771,-45.1907059951251,1460588742
run,-70.9501647949218,-79.70849609375,64.67906147038906,-74.36348027545935,1460605409
run,-72.5662536621093,-81.9092483520507,63.20202081311599,-103.57399498932296,1460622076
run,-73.9353408813476,-83.5303726196289,60.71338182990458,-131.38945004211146,1460638743
run,-74.905044555664,-82.9001922607421,58.01667166492466,-156.82771107112976,1460655410
run,-75.8908081054687,-80.9126739501953,56.00397804519959,-179.34995537722344,1460672077
run,-76.8217391967773,-79.3304672241211,55.44903498110704,-198.63641109778933,1460688744
run,-77.5496978759765,-77.9285354614257,56.77894758161412,-214.2967606899948,1460705411
run,-78.2252731323242,-75.9577407836914,59.92063789069235,-225.6821975429226,1460722078
run,-79.0925598144531,-73.2367706298828,64.29788439593246,-231.89180530374514,1460738745
run,-80.0635223388671,-69.8903427124023,68.99623770816494,-231.96230832118152,1460755412
run,-80.6326751708984,-66.1973266601562,73.03936804355857,-225.15364573674358,1460772079
run,-80.8371047973632,-62.6293258666992,75.6712061851801,-211.21453008113957,1460788746
run,-80.7061614990234,-59.8346786499023,76.54297112911064,-190.53036345925707,1460805413
run,-80.2534103393554,-57.6765556335449,75.75507674305481,-164.11147494384159,1460822080
run,-79.5200576782226,-55.9930725097656,73.76524179201243,-133.4506067846954,1460838747
run,-78.5600357055664,-54.7057571411132,71.21463275967082,-100.3277456568183,1460855414
run,-77.5765228271484,-53.5573616027832,68.73463594049717,-66.6388699478238,1460872081
run,-76.6822128295898,-52.6653099060058,66.78561059226953,-34.27806401091603,1460888748
run,-75.8285446166992,-52.3248634338378,65.55778404027893,-5.045801450670887,1460905415
run,-74.8674392700195,-52.7528915405273,64.94282284885173,19.469495577709374,1460922082
run,-73.7726974487304,-53.6799583435058,64.56782970613249,38.066076717496315,1460938749
run,-72.6282424926757,-55.0246849060058,63.87333144896713,50.13218725864365,1460955416
run,-71.4943389892578,-56.4033889770507,62.212842667500986,55.79930244648227,1460972083
run,-70.3671646118164,-57.3804473876953,58.951990456764214,55.95791390844198,1460988750
run,-69.4148864746093,-58.1763496398925,53.54808145519405,52.09453864520122,1461005417
run,-68.8533859252929,-58.8835182189941,45.59739850688571,45.98663762541781,1461022084
run,-68.6060180664062,-59.3833236694335,34.85044268046205,39.35766202943169,1461038751
run,-68.3895111083984,-59.7754478454589,21.21172994483092,33.61202290849966,1461055418
run,-68.1389007568359,-60.5283851623535,4.747720949887835,29.733229396031966,1461072085
run,-68.0392074584961,-62.020092010498,-14.286665544540726,28.352592076758764,1461088752
run,-68.3798751831054,-63.7693443298339,-35.418128273816656,29.907029414290772,1461105419
run,-69.4450225830078,-64.769546508789,-57.95147077844139,34.74767106042609,1461122086
run,-71.3187866210937,-65.0310592651367,-81.00868058720545,43.087515217106706,1461138753
run,-73.9398574829101,-65.4044952392578,-103.5936820591333,54.79143928139774,1461155420
run,-76.8065414428711,-66.3692092895507,-124.64580405770882,69.1420408129572,1461172087
run,-79.5764694213867,-68.088264465332,-143.06580891457236,84.76034016241617,1461188754
run,-82.3671417236328,-70.2103881835937,-157.74910759831278,99.78601086506384,1461205421
run,-84.8003158569336,-72.614143371582,-167.6908486708933,112.28279263986715,1461222088
run,-86.0275344848632,-75.1311111450195,-172.19332826924537,120.71948523423453,1461238755
run,-84.7917709350586,-77.4023361206054,-171.12110294035156,124.34230268375717,1461255422
run,-82.4077987670898,-79.362075805664,-165.07735111501748,123.30693612285732,1461272089
run,-80.0425262451171,-81.1321563720703,-155.37508525989054,118.54512178172553,1461288756
run,-77.8927459716796,-82.8343429565429,-143.75657873631857,111.44513448933239,1461305423
run,-76.0389633178711,-84.4973602294921,-131.93069609183783,103.47821909452067,1461322090
run,-74.4010696411132,-86.0279846191406,-121.08917765229532,95.88878637129572,1461338757
run,-72.7575149536132,-87.3270950317382,-111.58484456618464,89.5106174877812,1461355424
run,-71.0284881591796,-88.2720718383789,-102.89764026820446,84.7140825792687,1461372091
run,-69.1699447631836,-88.2787628173828,-93.90336438179197,81.45530978376317,1461388758
run,-67.4015884399414,-87.3590698242187,-83.34276323597967,79.38852231865688,1461405425
run,-65.9227905273437,-86.1452713012695,-70.31568956477962,78.00524069940967,1461422092
run,-64.8673553466796,-84.7811279296875,-54.62505842430643,76.76700248781533,1461438759
run,-64.2769012451171,-83.2679214477539,-36.862325420108256,75.1979932579368,1461455426
run,-64.2886428833007,-81.8121871948242,-18.22729966318469,72.90660040993983,1461472093
run,-65.0013580322265,-80.7285232543945,-0.17030842172697302,69.522662836127,1461488760
run,-65.6078186035156,-80.0846786499023,15.9991813085608,64.57690127354927,1461505427
run,-65.9701614379882,-79.6291961669921,29.397945235573186,57.39692844478571,1461522094
run,-66.5708847045898,-79.0406417846679,39.672973030553976,47.11499622350765,1461538761
run,-67.474868774414,-78.2355346679687,46.9366417688863,32.84428917700856,1461555428
run,-68.4049987792968,-77.4386901855468,51.60621596628093,13.988608331495321,1461572095
run,-69.2293930053711,-77.0000762939453,54.23052291511453,-9.44447512698217,1461588762
run,-70.0613021850586,-77.3206634521484,55.363387503404915,-36.689953279006225,1461605429
run,-71.1306838989257,-78.6371536254882,55.512276486430075,-66.33347801909044,1461622096
run,-72.4832687377929,-80.7990570068359,55.157662570960206,-96.65442560825616,1461638763
run,-73.7354278564453,-82.9209442138671,54.804341999942174,-126.05052023792364,1461655430
run,-74.7529830932617,-83.1902999877929,55.00492184825241,-153.3431102971394,1461672097
run,-75.7856140136718,-81.6708908081054,56.307049606708546,-177.828490799232,1461688764
run,-76.8241729736328,-80.2104949951171,59.11913388934751,-199.08457908255363,1461705431
run,-77.6760711669921,-78.8817977905273,63.54072135559645,-216.6741832103282,1461722098
run,-78.4623489379882,-76.951301574707,69.23595051508964,-229.9258449983624,1461738765
run,-79.4051361083984,-74.20361328125,75.42499616389846,-237.9091036501405,1461755432
run,-80.365364074707,-70.8053512573242,81.02643200036857,-239.60914516329711,1461772099
run,-80.9684753417968,-67.0346908569336,84.91904495027168,-234.21472241322894,1461788766
run,-81.1919860839843,-63.3798065185546,86.2387115784192,-221.39690784873193,1461805433
run,-80.9859237670898,-60.4283027648925,84.61397280533279,-201.47422571821633,1461822100
run,-80.3852386474609,-58.0038604736328,80.27380723654949,-175.41684652020692,1461838767
run,-79.5043487548828,-56.0946769714355,74.00859517798213,-144.71325793114255,1461855434
run,-78.4773941040039,-54.7558288574218,67.00502835210335,-111.17259135218133,1461872101
run,-77.4634399414062,-53.5331649780273,60.59752991041078,-76.73965876861735,1461888768
run,-76.5716400146484,-52.5415992736816,55.98629446737711,-43.360851398052745,1461905435
run,-75.7826080322265,-52.0954246520996,53.97310006699172,-12.885597749562253,1461922102
run,-74.9677047729492,-52.3621940612793,54.76406887490055,13.043835813299497,1461938769
run,-73.9849014282226,-53.0886535644531,57.88107188244605,33.14891289175292,1461955436
run,-72.8309173583984,-54.2905883789062,62.20665053524955,46.70302978473446,1461972103
run,-71.6048049926757,-55.5748176574707,66.16148584423242,53.68505514417439,1461988770
run,-70.3860855102539,-56.5386047363281,67.98378482015134,54.81610623716682,1462005437
run,-69.3022003173828,-57.2835807800293,66.05371289918861,51.433810876561445,1462022104
run,-68.5062789916992,-57.9180030822753,59.191446893785894,45.23026719226692,1462038771
run,-68.0151062011718,-58.5473861694335,46.86292799795843,37.944766954996894,1462055438
run,-67.6735610961914,-59.0498352050781,29.254675141084626,31.119447842507906,1462072105
run,-67.3820343017578,-59.7582283020019,7.2167083798517275,25.986507824137373,1462088772
run,-67.3883666992187,-61.0898628234863,-17.897234128416358,23.483238504876095,1462105439
run,-67.9511184692382,-62.5884132385253,-44.449814803686486,24.32165320630871,1462122106
run,-69.2759475708007,-63.3387069702148,-70.75681093573964,29.008667792553208,1462138773
run,-71.3604049682617,-63.6169891357421,-95.29731955997079,37.74849804067938,1462155440
run,-74.0513916015625,-64.0824203491211,-116.8567150006668,50.25389945745144,1462172107
run,-76.8102722167968,-65.1599960327148,-134.5775117673769,65.58640771277624,1462188774
run,-79.5949325561523,-66.8433609008789,-147.93059504680372,82.16408572132022,1462205441
run,-82.3037948608398,-68.8823776245117,-156.6615651715057,98.00056870599778,1462222108
run,-84.6353912353515,-71.1539916992187,-160.77770573270092,111.12323163579568,1462238775
run,-85.6964416503906,-73.5843887329101,-160.59958421296938,120.03082654317004,1462255442
run,-84.8450469970703,-75.861457824707,-156.83154783191827,124.03113236610085,1462272109
run,-83.044448852539,-77.8738403320312,-150.5605329664483,123.34845827393167,1462288776
run,-81.1088790893554,-79.6543960571289,-143.11000214541326,118.98338906239317,1462305443
run,-79.1959915161132,-81.3592987060546,-135.7484729454609,112.39899757172567,1462322110
run,-77.3566436767578,-83.0427780151367,-129.33756021468602,105.15515461139331,1462338777
run,-75.5249252319336,-84.6446380615234,-124.05520838755197,98.59898037534786,1462355444
run,-73.5843734741211,-86.1019821166992,-119.31884116923902,93.66624233693341,1462372111
run,-71.5386886596679,-87.3842391967773,-113.96325673522261,90.79564930854124,1462388778
run,-69.4971923828125,-88.2206268310546,-106.6287308019794,89.93273127954384,1462405445
run,-67.6175384521484,-87.9434814453125,-96.22991032811998,90.60120343721599,1462422112
run,-66.007698059082,-86.7605819702148,-82.34305411755935,92.02784148572186,1462438779
run,-64.8057403564453,-85.2136611938476,-65.37949333583673,93.30460677382595,1462455446
run,-64.0686569213867,-83.4070968627929,-46.490145077028224,93.55647860491781,1462472113
run,-64.0040054321289,-81.5349197387695,-27.238976502681265,92.06718465393884,1462488780
run,-64.4337692260742,-79.9965744018554,-9.162714355843102,88.31685662347839,1462505447
run,-65.0697937011718,-78.9691009521484,6.625523058422595,81.91911905974706,1462522114
run,-65.2759857177734,-78.2162399291992,19.64960882251601,72.50230534814851,1462538781
run,-65.4695434570312,-77.4850387573242,30.040774609389427,59.62576787902806,1462555448
run,-66.253059387207,-76.7543258666992,38.31010638453698,42.81755245076089,1462572115
run,-67.1475296020507,-76.0530776977539,45.04211389360516,21.754199799971033,1462588782
run,-67.8252868652343,-75.6025466918945,50.636915920346105,-3.488150579455909,1462605449
run,-68.5727767944336,-75.7072982788086,55.188191870566996,-32.24316341965415,1462622116
run,-69.6836013793945,-76.6911697387695,58.528890146584494,-63.24540771904941,1462638783
run,-71.2179565429687,-78.5016937255859,60.41925774126245,-94.8413927489435,1462655450
run,-72.8793334960937,-80.679702758789,60.79383071646703,-125.34504516193665,1462672117
run,-74.079231262207,-81.6860122680664,59.94719375722604,-153.38197269458897,1462688784
run,-75.0298538208007,-80.8304595947265,58.554761184670845,-178.071155339773,1462705451
run,-76.0452041625976,-79.626350402832,57.49868109609356,-198.98244434232117,1462722118
run,-76.746337890625,-78.8914413452148,57.56341230336109,-215.9273902980462,1462738785
run,-77.2400131225586,-77.6874465942382,59.13146954156958,-228.7147322628118,1462755452
run,-77.826416015625,-75.4345397949218,62.017191491297375,-236.99349179268071,1462772119
run,-78.7817916870117,-72.4811782836914,65.52040127082954,-240.2392161081294,1462788786
run,-79.6140670776367,-69.0373153686523,68.68292790082553,-237.86546002918783,1462805453
run,-80.1490249633789,-65.4298629760742,70.6369723960287,-229.39996707213206,1462822120
run,-80.3535537719726,-62.0483360290527,70.89856509001288,-214.657695890763,1462838787
run,-80.1872100830078,-59.2312660217285,69.49883461076834,-193.85919259670464,1462855454
run,-79.6768798828125,-57.0049781799316,66.92828061098041,-167.67219630650982,1462872121
run,-78.9051895141601,-55.3735580444335,63.945014856917325,-137.18683097805766,1462888788
run,-77.9826583862304,-53.9219856262207,61.33581134710722,-103.85578110929069,1462905455
run,-77.0646362304687,-52.630744934082,59.714717122584965,-69.42653920183388,1462922122
run,-76.1471328735351,-51.7560234069824,59.4104297891415,-35.86343665635298,1462938789
run,-75.1568069458007,-51.4892845153808,60.44883366390735,-5.225058707531398,1462955456
run,-74.1196670532226,-51.9313888549804,62.599366101734056,20.540548657892337,1462972123
run,-73.0660095214843,-52.9806938171386,65.4377222161258,39.88128306842879,1462988790
run,-71.9963150024414,-54.3260192871093,68.38796704072163,51.943429305637764,1463005457
run,-70.9147491455078,-55.631118774414,70.73658546684624,56.78310660062754,1463022124
run,-69.8074951171875,-56.4872360229492,71.64120882341439,55.38649456747185,1463038791
run,-68.7022857666015,-57.1973419189453,70.16904082064212,49.46488666182477,1463055458
run,-67.736946105957,-57.8500022888183,65.3873488179802,41.084028501337215,1463072125
run,-66.954231262207,-58.3107070922851,56.50080810479072,32.25592379185581,1463088792
run,-66.2798309326171,-58.592845916748,43.006949818499855,24.62973890585024,1463105459
run,-65.8392333984375,-59.2670288085937,24.833447574848698,19.36748836989655,1463122126
run,-65.7102966308593,-60.6915130615234,2.4264689907395214,17.203552352874546,1463138793
run,-65.9204635620117,-62.1497344970703,-23.23226815702366,18.59685760695524,1463155460
run,-66.6608810424804,-62.7895393371582,-50.69433285202483,23.836039907009365,1463172127
run,-68.2345428466796,-62.9440383911132,-78.20074094430004,32.99537940333189,1463188794
run,-70.676528930664,-63.3526535034179,-103.9037296266625,45.755729481089475,1463205461
run,-73.5364303588867,-64.358901977539,-126.10890373464643,61.22145391940484,1463222128
run,-76.4726181030273,-65.9532165527343,-143.48826051265365,77.89270922744072,1463238795
run,-79.3372344970703,-67.9438858032226,-155.23650847585816,93.87371366783272,1463255462
run,-81.8905868530273,-70.1765670776367,-161.16988690324055,107.27100556346142,1463272129
run,-83.8654403686523,-72.5568618774414,-161.76839038418345,116.6385860576632,1463288796
run,-84.669319152832,-74.7484283447265,-158.1373217367296,121.30424565048749,1463305463
run,-84.159912109375,-76.7186431884765,-151.84599294154137,121.46562478730567,1463322130
run,-82.9457321166992,-78.5269622802734,-144.62404089885118,118.04426673251614,1463338797
run,-81.3558273315429,-80.2815933227539,-137.95809094035747,112.38013345660343,1463355464
run,-79.5269699096679,-82.0479125976562,-132.69743986953083,105.89242287377348,1463372131
run,-77.6191711425781,-83.7933807373046,-128.80519114678495,99.8121286871439,1463388798
run,-75.5230941772461,-85.4479598999023,-125.36072731992071,95.03204684470275,1463405465
run,-73.2716979980468,-87.0080795288086,-120.83958250493538,92.06124227234133,1463422132
run,-70.9958343505859,-88.3085861206054,-113.59797237698608,91.04212187254996,1463438799
run,-68.9748229980468,-88.5933303833007,-102.41132225920825,91.79285329691848,1463455466
run,-67.3309631347656,-87.5426559448242,-86.89319740612419,93.85952387283216,1463472133
run,-66.0950775146484,-86.0423507690429,-67.66295572697328,96.5797444520143,1463488800
run,-65.3249282836914,-84.2325820922851,-46.2164200040032,99.1595507562713,1463505467
run,-65.1266326904296,-82.2655868530273,-24.54800719465112,100.75091003948931,1463522134
run,-65.5895385742187,-80.4843597412109,-4.6460204009301,100.50444141935427,1463538801
run,-66.2219848632812,-79.0476913452148,11.981381300362116,97.58063952112235,1463555468
run,-66.5508117675781,-77.8495941162109,24.605551052222452,91.13691680251371,1463572135
run,-66.9351272583007,-76.8077850341796,33.3242336621211,80.34496368982977,1463588802
run,-67.6806411743164,-75.8599319458007,38.8735029837361,64.4985543152984,1463605469
run,-68.5128402709961,-74.9135284423828,42.29976311435219,43.22820605269325,1463622136
run,-69.1266098022461,-74.0547256469726,44.613438924271804,16.76286267491277,1463638803
run,-69.6578216552734,-73.7104110717773,46.528768582857545,-13.886091285328813,1463655470
run,-70.4988327026367,-74.3305587768554,48.356822832433096,-46.94983855262556,1463672137
run,-71.7903213500976,-75.9140090942382,50.06935390407837,-80.19510356541595,1463688804
run,-73.3398284912109,-78.1416015625,51.489071263096925,-111.41842888186288,1463705471
run,-74.6015396118164,-80.5202026367187,52.50708801644126,-138.9623206578639,1463722138
run,-75.4439697265625,-81.559341430664,53.21683532360989,-162.04191090134768,1463738805
run,-76.4580688476562,-81.1754302978515,53.90183875673002,-180.74599973750048,1463755472
run,-77.4513244628906,-80.719985961914,54.89558561123949,-195.72428707386732,1463772139
run,-78.1555862426757,-80.3363952636718,56.39728013943749,-207.71426117658532,1463788806
run,-78.8782196044921,-79.0902633666992,58.34641746211521,-217.11897828456537,1463805473
run,-79.8200912475586,-76.703628540039,60.42811657065579,-223.7960716610293,1463822140
run,-80.7795333862304,-73.5093688964843,62.21395184398067,-227.10158234293294,1463838807
run,-81.4271011352539,-69.9788055419921,63.36988147130836,-226.1222500659351,1463855474
run,-81.665298461914,-66.4544372558593,63.8252685631201,-219.97653033542272,1463872141
run,-81.4591903686523,-63.113655090332,63.81927722316843,-208.07389110550034,1463888808
run,-80.9378967285156,-60.3080368041992,63.807293489046224,-190.27054140800445,1463905475
run,-80.1584548950195,-57.9762725830078,64.27809014207985,-166.91671901177156,1463922142
run,-79.2318801879882,-55.9697265625,65.56637965128961,-138.83051942384276,1463938809
run,-78.2728652954101,-54.1824417114257,67.73515134565001,-107.24221931367374,1463955476
run,-77.2610092163086,-52.7921333312988,70.56115021485584,-73.73286883467264,1463972143
run,-76.1667709350586,-51.9344787597656,73.60905995458592,-40.158665699916845,1463988810
run,-75.0309906005859,-51.8015747070312,76.34741965205188,-8.532007405347175,1464005477
run,-73.8759307861328,-52.2238121032714,78.25350311368985,19.163583257100715,1464022144
run,-72.6672134399414,-53.1681251525878,78.87293680632617,41.21703519794393,1464038811
run,-71.4316864013671,-54.3953285217285,77.82920033201894,56.44680684921469,1464055478
run,-70.1593780517578,-55.6279029846191,74.80168348844904,64.40304525842426,1464072145
run,-68.8749771118164,-56.5980110168457,69.49830291874713,65.45229911325318,1464088812
run,-67.7724227905273,-57.5875434875488,61.64119410440529,60.71881703874447,1464105479
run,-67.0357284545898,-58.5671806335449,50.97248740283928,51.90561105774234,1464122146
run,-66.5563201904296,-59.3945274353027,37.28217731824215,41.05232148466715,1464138813
run,-66.2612991333007,-60.0206413269043,20.461694914540324,30.289898615368507,1464155480
run,-66.1629333496093,-60.9998588562011,0.5844960914429288,21.629498152647866,1464172147
run,-66.3209609985351,-62.369140625,-21.99978607261912,16.788691591122713,1464188814
run,-66.9524536132812,-63.2900848388671,-46.592095061102995,17.02874516885285,1464205481
run,-68.3145523071289,-63.3396911621093,-72.13437745608805,22.977247651867295,1464222148
run,-70.5364151000976,-63.4539527893066,-97.28772418202178,34.456653109499285,1464238815
run,-73.2558822631836,-64.2417755126953,-120.58447327408004,50.40209914647005,1464255482
run,-76.0090713500976,-65.83837890625,-140.61229839520183,68.96667642523065,1464272149
run,-78.8516693115234,-67.8115921020507,-156.19229116370644,87.84724675945174,1464288816
run,-81.4417266845703,-69.9908676147461,-166.53812218096112,104.75885209706101,1464305483
run,-83.5128784179687,-72.3911361694336,-171.393795478225,117.910733070321,1464322150
run,-84.4740219116211,-74.7153854370117,-171.12584134879495,126.33114272323317,1464338817
run,-83.928237915039,-76.8422927856445,-166.71625819325666,129.94723595787883,1464355484
run,-82.3757095336914,-78.8108825683593,-159.60464287937697,129.4213626775176,1464372151
run,-80.4539184570312,-80.7352905273437,-151.37550731504254,125.83457070306102,1464388818
run,-78.486457824707,-82.606704711914,-143.35745967273894,120.35052357720677,1464405485
run,-76.5678176879882,-84.3586502075195,-136.2567753736837,113.97131726516207,1464422152
run,-74.5677337646484,-85.8884887695312,-129.9584089641992,107.43186746063904,1464438819
run,-72.3617706298828,-87.1234283447265,-123.58139046590442,101.2132820179398,1464455486
run,-70.1256942749023,-87.6463165283203,-115.78616182024722,95.61875050192681,1464472153
run,-68.08251953125,-87.0460052490234,-105.2361882970718,90.85271439796459,1464488820
run,-66.3115310668945,-85.8793487548828,-91.05985450177145,87.06226009665227,1464505487
run,-64.891616821289,-84.5554733276367,-73.16497266182989,84.3236182957571,1464522154
run,-63.9093551635742,-83.178840637207,-52.31649804622202,82.57776154832436,1464538821
run,-63.5377807617187,-81.835334777832,-29.967913983388737,81.53542201507825,1464555488
run,-63.7670555114746,-80.6125946044921,-7.911093786432822,80.58494610303944,1464572155
run,-64.4563217163086,-79.5632705688476,12.139336820747678,78.74708721991395,1464588822
run,-65.0126190185546,-78.6088333129882,28.897627116001505,74.72461324246393,1464605489
run,-65.5201950073242,-77.5926284790039,41.698397308726165,67.08094425419351,1464622156
run,-66.4766235351562,-76.4972763061523,50.500284019173165,54.5424424947974,1464638823
run,-67.5723342895507,-75.5316162109375,55.74174365138516,36.36014460690192,1464655490
run,-68.4702072143554,-74.9359970092773,58.12431569379251,12.615341069930237,1464672157
run,-69.2732009887695,-74.9076232910156,58.40075459189857,-15.657153436071338,1464688824
run,-70.1788635253906,-75.6555633544921,57.231239088217826,-46.60700892936768,1464705491
run,-71.3975219726562,-77.1303100585937,55.14428622153112,-77.95473070567866,1464722158
run,-73.0341110229492,-79.1506423950195,52.593889388521916,-107.51421224264529,1464738825
run,-74.2935714721679,-81.0023040771484,50.05281756132579,-133.67698090403127,1464755492
run,-74.9877395629882,-81.443977355957,48.058479332603554,-155.68947296677672,1464772159
run,-75.8431930541992,-80.6571502685546,47.15670278305511,-173.63202380502608,1464788826
run,-76.7262115478515,-79.910903930664,47.75458556128706,-188.12612402344,1464805493
run,-77.3927993774414,-79.2598114013671,49.952930775412526,-199.90037246203522,1464822160
run,-78.0560531616211,-78.0164642333984,53.44933128661371,-209.38685319388054,1464838827
run,-78.9235687255859,-75.9247512817382,57.578579933708355,-216.48616646306817,1464855494
run,-79.9788513183593,-73.0698471069336,61.497486345727694,-220.55941185021632,1464872161
run,-80.6835403442382,-69.6298828125,64.45036725839688,-220.6214093136308,1464888828
run,-80.9520263671875,-66.0896911621093,66.00801933924333,-215.6496758607809,1464905495
run,-80.8660659790039,-62.912799835205,66.18521572685282,-204.89949987172434,1464922162
run,-80.4722824096679,-60.2697143554687,65.4005833045075,-188.1311148523614,1464938829
run,-79.8569869995117,-58.0939826965332,64.31026910618257,-165.70429263900147,1464955496
run,-79.0255661010742,-56.0876693725585,63.58901293865427,-138.55329708539026,1464972163
run,-78.1095504760742,-54.3170890808105,63.73742638092714,-108.08833773787231,1464988830
run,-77.2015991210937,-52.947956085205,64.96934016843946,-76.06511032496556,1465005497
run,-76.2620544433593,-52.0911407470703,67.19346184605678,-44.437562963064174,1465022164
run,-75.2439575195312,-51.7979316711425,70.06679814585995,-15.18747440705092,1465038831
run,-74.1541595458984,-52.048484802246,73.07801227376875,9.877382802135651,1465055498
run,-72.9874877929687,-52.8639678955078,75.62302202117318,29.34804085885922,1465072165
run,-71.7699584960937,-54.0299377441406,77.05629808222936,42.427176042924536,1465088832
run,-70.5311889648437,-55.2289543151855,76.72447662928028,49.07196367682516,1465105499
run,-69.2569122314453,-56.0579452514648,74.00004141495755,50.00803724086876,1465122166
run,-68.0298461914062,-56.6760101318359,68.32742483645347,46.59089137838085,1465138833
run,-67.064338684082,-57.3553390502929,59.27897963069171,40.55132978975404,1465155500
run,-66.4705352783203,-58.0095405578613,46.60746586243301,33.7096673209573,1465172167
run,-66.0720443725586,-58.495735168457,30.284547316224412,27.746824657996772,1465188834
run,-65.7957153320312,-59.3996963500976,10.527189598525851,24.079206350662627,1465205501
run,-65.7511749267578,-60.9320220947265,-12.179614651983444,23.822954078189063,1465222168
run,-66.1196823120117,-62.3260078430175,-37.06498638415705,27.780826523422522,1465238835
run,-67.1217193603515,-62.8654174804687,-63.077673399579,36.37277773223342,1465255502
run,-69.0313873291015,-63.1935653686523,-88.93817522626456,49.48286189404937,1465272169
run,-71.701301574707,-63.9395065307617,-113.24314460765133,66.29018719755955,1465288836
run,-74.5996856689453,-65.4222106933593,-134.60274047544735,85.21851831160433,1465305503
run,-77.4842834472656,-67.5616912841796,-151.78538555331207,104.11435831248254,1465322170
run,-80.3060073852539,-70.0687103271484,-163.8621652591641,120.65528910291661,1465338837
run,-82.6344604492187,-72.8310012817382,-170.35669715814478,132.86932003699036,1465355504
run,-83.9762496948242,-75.5066375732421,-171.38612153249622,139.58312531721205,1465372171
run,-83.7221145629882,-77.8842010498046,-167.73505199733773,140.64164291973438,1465388838
run,-82.3480377197265,-79.9957733154296,-160.7822273234773,136.83647835166659,1465405505
run,-80.6370544433593,-81.900520324707,-152.23449020061855,129.59636745332708,1465422172
run,-78.8482513427734,-83.697151184082,-143.7061485698944,120.57263878968287,1465438839
run,-77.0480804443359,-85.3139953613281,-136.26826426015126,111.26380129532338,1465455506
run,-75.125862121582,-86.618179321289,-130.1315384993447,102.7751684314053,1465472173
run,-72.9552459716796,-87.4705963134765,-124.59268666435253,95.73896716614648,1465488840
run,-70.7157440185546,-87.4351730346679,-118.27923468781994,90.36373550394244,1465505507
run,-68.5848922729492,-86.5517883300781,-109.61445586185697,86.55492364352529,1465522174
run,-66.6786193847656,-85.3653259277343,-97.34488611541308,84.04829191501169,1465538841
run,-65.0961685180664,-84.0530776977539,-80.9595994136418,82.51274119930595,1465555508
run,-63.9830818176269,-82.6332931518554,-60.87934594809829,81.59867184962452,1465572175
run,-63.3954124450683,-81.1968154907226,-38.37560543931235,80.92516947696166,1465588842
run,-63.3148155212402,-79.8748626708984,-15.262793524388469,80.01458413641706,1465605509
run,-63.8690185546875,-78.7858276367187,6.530650707844969,78.20156981245009,1465622176
run,-64.6546554565429,-77.8975524902343,25.37834205343507,74.5659714957023,1465638843
run,-65.1831359863281,-77.0481567382812,40.24036860474921,67.95314409433247,1465655510
run,-65.9309997558593,-76.1655807495117,50.75451088138793,57.1319717984277,1465672177
run,-67.0027084350586,-75.3098831176757,57.149007401671305,41.09047869007019,1465688844
run,-68.0327377319336,-74.5403213500976,60.04859648980566,19.396100993520722,1465705511
run,-68.9368896484375,-74.1455993652343,60.26046080926226,-7.511782799865795,1465722178
run,-69.8455429077148,-74.5017623901367,58.608281198373476,-38.23767947961776,1465738845
run,-70.9604721069336,-75.7582397460937,55.849808289304455,-70.6341007642131,1465755512
run,-72.4521102905273,-77.6967697143554,52.673789651270546,-102.26150310130889,1465772179
run,-73.7807922363281,-79.8718338012695,49.7322745322368,-130.95715676803528,1465788846
run,-74.4304580688476,-81.2329025268554,47.645055974918044,-155.30812547458092,1465805513
run,-75.2021484375,-81.2469177246093,46.93471697953257,-174.85549680800162,1465822180
run,-76.1977462768554,-80.7436904907226,47.904312324833924,-189.96666054687213,1465838847
run,-77.0228576660156,-80.1868209838867,50.51786609255664,-201.44804941170906,1465855514
run,-77.8048324584961,-79.0983505249023,54.35633145102811,-210.06830500848045,1465872181
run,-78.7293930053711,-77.1501388549804,58.695776503677905,-216.17915182578298,1465888848
run,-79.907958984375,-74.452651977539,62.702895882505295,-219.55997540224544,1465905515
run,-80.8555755615234,-71.0561447143554,65.6842648894975,-219.51076879274675,1465922182
run,-81.2907638549804,-67.4768829345703,67.28953281912696,-215.12392164537778,1465938849
run,-81.1681594848632,-64.2329940795898,67.582498386457,-205.61262561892192,1465955516
run,-80.6333236694336,-61.5203742980957,66.9558288024412,-190.57860274307137,1465972183
run,-79.9056396484375,-59.1745948791503,65.93955755562742,-170.156208415695,1465988850
run,-79.0922088623046,-57.0248794555664,64.99784031152888,-145.03702679546893,1466005517
run,-78.2746276855468,-55.0688323974609,64.40137220943954,-116.41550076852425,1466022184
run,-77.4908981323242,-53.533706665039,64.21304508512725,-85.88842051542682,1466038851
run,-76.6729660034179,-52.5088424682617,64.36171997887519,-55.31370933147271,1466055518
run,-75.7834701538086,-52.0435333251953,64.73722440217553,-26.619998363876988,1466072185
run,-74.790412902832,-52.16890335083,65.2391585839291,-1.5703056758235063,1466088852
run,-73.7081527709961,-52.8033981323242,65.74928462476755,18.488968914936102,1466105519
run,-72.5665054321289,-53.8474464416503,66.04775646534542,32.83542242941234,1466122186
run,-71.3998641967773,-54.9027137756347,65.72768954782349,41.46614692232106,1466138853
run,-70.2446060180664,-55.4798774719238,64.16379433110174,45.035354843416314,1466155520
run,-69.2046356201171,-55.902774810791,60.56265547744498,44.6461353535966,1466172187
run,-68.4739074707031,-56.4968376159668,54.08394443229966,41.57740769995234,1466188854
run,-68.0218811035156,-57.1886558532714,43.9958305432609,37.06078182310878,1466205521
run,-67.6186141967773,-57.9670448303222,29.825374940112926,32.190599637309795,1466222188
run,-67.2941284179687,-59.1272621154785,11.4785067035572,27.969921377903507,1466238855
run,-67.2115402221679,-60.7835006713867,-10.683005018595903,25.41161788464416,1466255522
run,-67.514289855957,-62.0359458923339,-35.818143925497914,25.571198017524225,1466272189
run,-68.5339050292968,-62.2084503173828,-62.65023727432088,29.41586213059857,1466288856
run,-70.5048370361328,-62.2785530090332,-89.58534501275695,37.534056767123396,1466305523
run,-73.2461700439453,-62.8677520751953,-114.89360926389726,49.811780996382836,1466322190
run,-76.2013854980468,-64.1223220825195,-136.91978733794662,65.26011262656927,1466338857
run,-79.0951766967773,-65.9697570800781,-154.28470797512378,82.12267135880197,1466355524
run,-81.9009323120117,-68.0932159423828,-166.0556469769012,98.25753336698023,1466372191
run,-84.0821533203125,-70.519775390625,-171.8784038862414,111.66059543458346,1466388858
run,-85.0788116455078,-72.9148483276367,-172.0560462949012,120.9405748786473,1466405525
run,-84.3196945190429,-75.055191040039,-167.53809861248035,125.5849035446394,1466422192
run,-82.4841537475586,-77.0165939331054,-159.77959515939688,125.94902407365421,1466438859
run,-80.3826828002929,-78.8974304199218,-150.45992839600473,123.01378418147064,1466455526
run,-78.2923126220703,-80.7329711914062,-141.10709385057032,118.03349449545706,1466472193
run,-76.3910217285156,-82.511116027832,-132.7262293868526,112.20834560834221,1466488860
run,-74.580093383789,-84.2462005615234,-125.55398681437069,106.46797591466013,1466505527
run,-72.5932846069336,-85.9417495727539,-119.0353018374073,101.38623899484517,1466522194
run,-70.470230102539,-87.4875259399414,-112.04808524174915,97.19783124712521,1466538861
run,-68.4208602905273,-88.4106979370117,-103.30888461061981,93.87081268319864,1466555528
run,-66.6481399536132,-87.9164428710937,-91.82099882727124,91.19821547131838,1466572195
run,-65.2260437011718,-86.7205734252929,-77.2123020758964,88.88914212986336,1466588862
run,-64.123062133789,-85.2834167480468,-59.85762818219512,86.64908001825466,1466605529
run,-63.4600524902343,-83.597915649414,-40.76227914527562,84.23451434186083,1466622196
run,-63.5814819335937,-81.862190246582,-21.264363687608583,81.4557917835003,1466638863
run,-64.2721405029296,-80.5602722167968,-2.671452453059159,78.10394385086167,1466655530
run,-64.6020431518554,-79.7779998779296,14.03456875148726,73.80960805160389,1466672197
run,-64.7831573486328,-79.1442794799804,28.32611741081023,67.89849121836652,1466688864
run,-65.4653701782226,-78.4248352050781,40.07616229899733,59.34837760073742,1466705531
run,-66.3649215698242,-77.5647506713867,49.39083712249289,46.932987718879424,1466722198
run,-67.2393569946289,-76.6901779174804,56.43321001563156,29.55204887685121,1466738865
run,-68.1532440185546,-75.9694671630859,61.32234942507094,6.639663869830163,1466755532
run,-69.2419891357421,-75.8317260742187,64.14395322750859,-21.52076543375795,1466772199
run,-70.8444519042968,-76.6959609985351,65.05774824986706,-53.72487552587726,1466788866
run,-72.4789352416992,-78.5233993530273,64.43965219259172,-88.06503518454397,1466805533
run,-73.7393341064453,-80.676040649414,62.967113572332934,-122.34862611264546,1466822200
run,-74.7693328857421,-81.8632507324218,61.56892639393,-154.5367982045085,1466838867
run,-75.739143371582,-81.624641418457,61.22266510063086,-183.03084988431144,1466855534
run,-76.6751480102539,-81.0588150024414,62.663681444741314,-206.73372128332642,1466872201
run,-77.409553527832,-80.2182159423828,66.12415212666528,-224.94037464843845,1466888868
run,-78.2458114624023,-78.4164962768554,71.22040817234236,-237.18328491445843,1466905535
run,-79.5908126831054,-75.5841522216796,77.04919499145639,-243.14433307631535,1466922202
run,-80.8177871704101,-72.1150665283203,82.46047306667502,-242.6703738478404,1466938869
run,-81.3909301757812,-68.3209686279296,86.3924997646627,-235.85234552112652,1466955536
run,-81.2802352905273,-64.7580108642578,88.13558279027035,-223.08946496521523,1466972203
run,-80.7091064453125,-61.9191436767578,87.44611632832493,-205.0756386426966,1466988870
run,-79.8728790283203,-59.5225372314453,84.51771477303473,-182.70226171348074,1467005537
run,-78.9248428344726,-57.4401092529296,79.87037579531415,-156.93243285648447,1467022204
run,-77.9898834228515,-55.6508827209472,74.21726273147708,-128.7222583852272,1467038871
run,-77.0632781982421,-53.943187713623,68.334645995994,-99.02981120006979,1467055538
run,-76.0751724243164,-52.5155601501464,62.932771136524245,-68.88813853984468,1467072205
run,-75.0521850585937,-51.6216468811035,58.52490416356248,-39.47014929163857,1467088872
run,-74.0214385986328,-51.4262771606445,55.31097820049041,-12.070334920228863,1467105539
run,-72.9914474487304,-51.8269004821777,53.10888690171994,12.027727495593128,1467122206
run,-71.9430236816406,-52.7745552062988,51.36423658575664,31.762949842547,1467138873
run,-70.8892974853515,-53.941104888916,49.24758493456783,46.500580496111134,1467155540
run,-69.9156417846679,-54.8411712646484,45.81791006501395,56.13520441961002,1467172207
run,-69.1618576049804,-55.4670600891113,40.2070383757535,61.04826547852575,1467188874
run,-68.765754699707,-56.3143005371093,31.774210510877996,61.95561203661683,1467205541
run,-68.6427841186523,-57.2949790954589,20.196066424487704,59.74152950657557,1467222208
run,-68.5377120971679,-58.2473487854003,5.484753798082858,55.37401462613335,1467238875
run,-68.471923828125,-59.487678527832,-12.051748156299013,49.9326063863882,1467255542
run,-68.7896118164062,-61.3180999755859,-31.885932173163923,44.69468853439051,1467272209
run,-69.7087783813476,-63.171703338623,-53.36177234825815,41.163830863659584,1467288876
run,-71.4220581054687,-63.8934478759765,-75.77249229082976,40.92118465530185,1467305543
run,-73.8799972534179,-63.8645973205566,-98.38888107097777,45.26193213348668,1467322210
run,-76.7478866577148,-64.1504211425781,-120.41105094633072,54.72115569291389,1467338877
run,-79.728157043457,-65.2232589721679,-140.8600259180775,68.70932795462544,1467355544
run,-82.582275390625,-67.0479049682617,-158.49043334266182,85.47249908585258,1467372211
run,-85.2734146118164,-69.3201065063476,-171.8414524861212,102.45562565338595,1467388878
run,-86.6599426269531,-71.9737854003906,-179.49912282904296,116.9623382374304,1467405545
run,-84.9274673461914,-74.7488937377929,-180.52396307921347,126.8729046814216,1467422212
run,-81.9617614746093,-77.1523132324218,-174.8751895522367,131.16181793380818,1467438879
run,-79.1522216796875,-79.1275939941406,-163.6203819172982,130.04826658395154,1467455546
run,-76.7784576416015,-80.8973388671875,-148.78920637430855,124.7690527697201,1467472213
run,-74.8785705566406,-82.5841903686523,-132.87654682422868,117.1062291330759,1467488880
run,-73.4768600463867,-84.1895217895507,-118.15237027734213,108.86418961799684,1467505547
run,-72.1977081298828,-85.6515197753906,-106.0248729560011,101.45982991980208,1467522214
run,-70.7485275268554,-86.8873748779296,-96.69173004105332,95.70497776011726,1467538881
run,-69.0097579956054,-87.6425857543945,-89.20460617716753,91.77791105051094,1467555548
run,-67.1820678710937,-87.5111541748046,-81.90971096647012,89.33395690442481,1467572215
run,-65.4222869873046,-86.6051177978515,-73.08381859687783,87.69547043855314,1467588882
run,-63.9949989318847,-85.236587524414,-61.52384494708952,86.0694840773545,1467605549
run,-63.1099853515625,-83.5863189697265,-46.88974020237627,83.74586818486529,1467622216
run,-63.032730102539,-81.8902969360351,-29.718097221487472,80.22537176075514,1467638883
run,-63.681282043457,-80.5437088012695,-11.161917756009077,75.23213950954609,1467655550
run,-64.1672897338867,-79.7291946411132,7.390197659666041,68.60038940356915,1467672217
run,-64.2792892456054,-79.2364349365234,24.64830610215497,60.08826365187448,1467688884
run,-64.8331909179687,-78.8238830566406,39.61199349779412,49.228383819884016,1467705551
run,-65.8468475341796,-78.3694839477539,51.621437366459624,35.3281334294057,1467722218
run,-66.9258880615234,-77.734634399414,60.333465217836746,17.66472300728669,1467738885
run,-68.0313720703125,-77.0624084472656,65.6862302635656,-4.189663978721346,1467755552
run,-69.1214599609375,-76.9886627197265,67.88357391389506,-30.065823432725296,1467772219
run,-70.4962921142578,-77.9963607788086,67.40089470158684,-59.07971985584323,1467788886
run,-72.1083679199218,-79.8462905883789,64.99341852509617,-89.77167927639759,1467805553
run,-73.3716735839843,-81.7733840942382,61.670030406982164,-120.4380330718188,1467822220
run,-74.3934555053711,-82.4591979980468,58.59144405860694,-149.4909088126473,1467838887
run,-75.4492721557617,-81.6005249023437,56.87561737630283,-175.68342907792857,1467855554
run,-76.4112777709961,-80.4634399414062,57.34120303919926,-198.13246169281007,1467872221
run,-77.0856094360351,-79.2005233764648,60.266699210677935,-216.18920944556004,1467888888
run,-77.6744842529296,-77.3041687011718,65.2637431908081,-229.27507610147674,1467905555
run,-78.631851196289,-74.6800079345703,71.34161226279461,-236.7905591431849,1467922222
run,-79.8175659179687,-71.4030532836914,77.17298559553909,-238.14520985281834,1467938889
run,-80.643569946289,-67.6747207641601,81.48175881093937,-232.88954388290534,1467955556
run,-81.0839233398437,-64.0653305053711,83.41267357127458,-220.8827766153721,1467972223
run,-81.0262298583984,-61.1751098632812,82.74999914755256,-202.417395316585,1467988890
run,-80.5100326538086,-58.8063430786132,79.92157135990323,-178.2493752660321,1468005557
run,-79.6014251708984,-56.8850860595703,75.81107353207162,-149.53749651005606,1468022224
run,-78.4791717529296,-55.3976898193359,71.46343119191455,-117.73932114254208,1468038891
run,-77.3422317504882,-54.1161994934082,67.78765512460724,-84.51362822357213,1468055558
run,-76.24658203125,-53.0169525146484,65.34160680979295,-51.64276975424024,1468072225
run,-75.1728363037109,-52.3779640197753,64.2391520488835,-20.945081257166073,1468088892
run,-74.1034469604492,-52.6570281982421,64.17262218059727,5.867934174230035,1468105559
run,-73.0525588989257,-53.5468940734863,64.51168112008092,27.405047940548123,1468122226
run,-72.0783386230468,-54.8676567077636,64.43361300174536,42.8336839337555,1468138893
run,-71.1444549560546,-56.247386932373,63.0550918696714,52.047838802179044,1468155560
run,-70.1584243774414,-57.1372833251953,59.55485213016441,55.67460419916334,1468172227
run,-69.1800842285156,-57.8050193786621,53.28358595626704,54.89549937326471,1468188894
run,-68.5187683105468,-58.6593933105468,43.84978959130297,51.15108508416583,1468205561
run,-68.2746505737304,-59.3583183288574,31.162841628368632,45.854758336639854,1468222228
run,-68.1725387573242,-59.9397277832031,15.422543722813007,40.22813740453142,1468238895
run,-68.1100463867187,-60.8939361572265,-2.9347354685456946,35.29869991035436,1468255562
run,-68.2450942993164,-62.5452308654785,-23.307184241897726,32.0098540812897,1468272229
run,-68.8154983520507,-64.1669845581054,-44.9911833498501,31.322517488111522,1468288896
run,-70.0517425537109,-64.6714324951171,-67.22516219740044,34.17396099047484,1468305563
run,-72.0435485839843,-64.6206588745117,-89.210586356914,41.235411168012135,1468322230
run,-74.7005310058593,-64.9311294555664,-110.10991635434596,52.552617846308415,1468338897
run,-77.6005783081054,-66.0501327514648,-129.02949335597492,67.2696376377097,1468355564
run,-80.4538192749023,-67.862564086914,-145.01654796941702,83.63113061316791,1468372231
run,-83.2097396850586,-70.0231246948242,-157.1193368462633,99.32830375092715,1468388898
run,-85.4942474365234,-72.5777359008789,-164.54685775910278,112.08406843031919,1468405565
run,-86.0550918579101,-75.1292495727539,-166.90601752948703,120.26029675258505,1468422232
run,-84.2162933349609,-77.3462600708007,-164.41938470049942,123.26132148363706,1468438899
run,-81.8285598754882,-79.1955490112304,-157.99265802524317,121.59697698096586,1468455566
run,-79.6784057617187,-80.8148345947265,-149.04507295231252,116.61049848305693,1468472233
run,-77.743896484375,-82.3666305541992,-139.12379924901734,110.00392682379429,1468488900
run,-75.9702911376953,-83.9732513427734,-129.4366251708253,103.34855543418725,1468505567
run,-74.2461242675781,-85.5864334106445,-120.49157242346973,97.73631729550046,1468522234
run,-72.3621978759765,-87.1424789428711,-111.99633954581833,93.64276498135276,1468538901
run,-70.3807525634765,-88.5899963378906,-103.06148285895105,90.98459861197671,1468555568
run,-68.4778671264648,-88.8485260009765,-92.62182710648743,89.30069204469237,1468572235
run,-66.8640594482421,-87.5507202148437,-79.90213734927744,87.97269961695197,1468588902
run,-65.6336898803711,-86.059814453125,-64.74464586137525,86.41636723831749,1468605569
run,-64.8615341186523,-84.533203125,-47.685136360281135,84.19953106066409,1468622236
run,-64.7249298095703,-82.9814453125,-29.773316981105168,81.06586087902944,1468638903
run,-65.2061004638671,-81.586555480957,-12.234131304091255,76.864016826787,1468655570
run,-65.611343383789,-80.5630569458007,3.8792325531563776,71.40710200680337,1468672237
run,-65.7289886474609,-79.9377059936523,17.904037867332573,64.31997264058533,1468688904
run,-66.0599517822265,-79.3963165283203,29.598139910112135,54.95810524188402,1468705571
run,-66.844482421875,-78.6970062255859,39.01747770967678,42.47365785264758,1468722238
run,-67.6517486572265,-77.8733215332031,46.33663406782071,26.045453291075265,1468738905
run,-68.4211196899414,-77.2075958251953,51.70790115483198,5.199899647196724,1468755572
run,-69.3134307861328,-77.1664199829101,55.21568036979109,-19.917242499995712,1468772239
run,-70.4226913452148,-78.0128097534179,56.936547280312986,-48.45285310238138,1468788906
run,-72.0368576049804,-79.6573715209961,57.07057755621483,-78.99241910656968,1468805573
run,-73.4528045654296,-81.8267974853515,56.07002115913145,-109.87315493583253,1468822240
run,-74.4401931762695,-83.4407958984375,54.67656231879945,-139.51709421738647,1468838907
run,-75.2715530395507,-83.1590270996093,53.81078808633549,-166.6406860379811,1468855574
run,-76.2092132568359,-81.9261779785156,54.33040934972537,-190.28077015369493,1468872241
run,-77.0180358886718,-80.5492401123046,56.74683418898818,-209.68550058849584,1468888908
run,-77.7828216552734,-78.6773834228515,61.0212611730189,-224.18383414585122,1468905575
run,-78.7905807495117,-76.0362243652343,66.53626398582934,-233.13379111711654,1468922242
run,-80.0687942504882,-72.6791534423828,72.26730637603451,-235.97993017859818,1468938909
run,-81.0188751220703,-69.0543670654296,77.09049589645213,-232.37776706821847,1468955576
run,-81.504653930664,-65.5796737670898,80.10283289656427,-222.30872325092,1468972243
run,-81.4522476196289,-62.4404487609863,80.83531877458529,-206.1242955758333,1468988910
run,-80.9602127075195,-59.9176864624023,79.30303855720065,-184.50709426428622,1469005577
run,-80.1857833862304,-57.817325592041,75.91544923478365,-158.3877369339542,1469022244
run,-79.2435150146484,-56.048656463623,71.31760434009544,-128.8779078109252,1469038911
run,-78.2899551391601,-54.536449432373,66.23225170847559,-97.25749804617504,1469055578
run,-77.3776626586914,-53.2527160644531,61.33960531356261,-65.0020958731148,1469072245
run,-76.4227447509765,-52.3654708862304,57.19501507347962,-33.78978364964586,1469088912
run,-75.4244384765625,-52.3548507690429,54.166105495388585,-5.415713156259531,1469105579
run,-74.4631881713867,-52.8166542053222,52.37545549312476,18.418665586387167,1469122246
run,-73.5291213989257,-53.8254280090332,51.65393346381828,36.40473258894704,1469138913
run,-72.580337524414,-55.0458831787109,51.52735303119673,47.9137665352136,1469155580
run,-71.5660095214843,-56.0773315429687,51.26005610136709,53.15282825890027,1469172247
run,-70.5460205078125,-56.6381568908691,49.95913545378728,53.11299059512683,1469188914
run,-69.7509460449218,-57.2994003295898,46.71450805563726,49.32125924111235,1469205581
run,-69.2997817993164,-57.9620780944824,40.734406410072786,43.493982628585236,1469222248
run,-68.9929504394531,-58.5018768310546,31.445590369510878,37.22447846478432,1469238915
run,-68.7113342285156,-59.0794715881347,18.55346263070096,31.804827908694765,1469255582
run,-68.5296554565429,-60.1285400390625,2.076234094900466,28.206096037243846,1469272249
run,-68.5355377197265,-61.5905685424804,-17.635367642560453,27.160776003496228,1469288916
run,-68.9700775146484,-62.7508964538574,-39.898637715498346,29.239875371326647,1469305583
run,-70.1136016845703,-63.1643142700195,-63.7363312804523,34.82584128888108,1469322250
run,-72.1883010864257,-63.4410858154296,-87.95674839996101,43.9618126479942,1469338917
run,-74.9355010986328,-64.1588134765625,-111.25636276472316,56.16511333275749,1469355584
run,-77.8584518432617,-65.5697021484375,-132.3115756692935,70.34849615223803,1469372251
run,-80.7340393066406,-67.4423828125,-149.84756277075698,84.94912073149773,1469388918
run,-83.3488159179687,-69.5838546752929,-162.71471880013615,98.25341640920942,1469405585
run,-85.2931442260742,-71.8921585083007,-170.02217509988344,108.80183428020442,1469422252
run,-85.4331436157226,-74.1316757202148,-171.3419185326149,115.71827836827542,1469438919
run,-83.5677642822265,-76.1459579467773,-166.92392883920718,118.84592903894776,1469455586
run,-81.0885772705078,-77.950080871582,-157.80620987743097,118.65945334519587,1469472253
run,-78.7742767333984,-79.6982116699218,-145.71005269175976,116.01835785655697,1469488920
run,-76.8601608276367,-81.5091400146484,-132.68785835567206,111.88030875804786,1469505587
run,-75.3658676147461,-83.3192825317382,-120.6041551252283,107.0828158146061,1469522254
run,-74.0085296630859,-84.9981384277343,-110.62337407493945,102.24235984183086,1469538921
run,-72.4409408569336,-86.4690856933593,-102.89970541880338,97.7538678255712,1469555588
run,-70.5937805175781,-87.5546417236328,-96.59625501389392,93.83716287294168,1469572255
run,-68.644287109375,-87.8037643432617,-90.23005474700896,90.5803814989989,1469588922
run,-66.8164367675781,-87.1557312011718,-82.2093467325014,87.95819082472534,1469605589
run,-65.3151473999023,-86.0557327270507,-71.36299733686698,85.83091775654243,1469622256
run,-64.2330474853515,-84.6965942382812,-57.28397587705925,83.94160500132215,1469638923
run,-63.6028327941894,-83.1449356079101,-40.39763129146802,81.9186097274864,1469655590
run,-63.6922988891601,-81.6816635131836,-21.77478960080685,79.27496340842772,1469672257
run,-64.2667160034179,-80.5641021728515,-2.7965139700256283,75.39310363347639,1469688924
run,-64.6092910766601,-79.7407760620117,15.187265406346686,69.50528354491816,1469705591
run,-64.8399429321289,-79.0439147949218,31.091447305965573,60.71196530461681,1469722258
run,-65.5237350463867,-78.3406143188476,44.18413773643814,48.090631341526915,1469738925
run,-66.5724716186523,-77.5680160522461,54.06843577405574,30.912633956240235,1469755592
run,-67.605598449707,-76.9356842041015,60.62725768181428,8.916555676923215,1469772259
run,-68.6751708984375,-76.7600479125976,63.983288023233946,-17.474708517170647,1469788926
run,-69.8311386108398,-77.3581314086914,64.49157553979009,-47.113139920769754,1469805593
run,-71.3267211914062,-78.9336853027343,62.753628281419196,-78.31642538002924,1469822260
run,-72.8596267700195,-81.1924819946289,59.62033857738041,-109.23597197479508,1469838927
run,-73.8272399902343,-83.0658264160156,56.13981253969014,-138.25307736851514,1469855594
run,-74.6507415771484,-83.1427917480468,53.41976187267551,-164.2347879735149,1469872261
run,-75.618667602539,-81.8473663330078,52.41597158211342,-186.55478672621734,1469888928
run,-76.5536499023437,-80.451301574707,53.70571401258912,-204.90926528318204,1469905595
run,-77.4035720825195,-78.8018951416015,57.32832954095931,-219.05612208624513,1469922262
run,-78.2952575683593,-76.5056076049804,62.76240338036937,-228.62290098500708,1469938929
run,-79.5445175170898,-73.4785690307617,69.06410580142693,-233.0692380270677,1469955596
run,-80.5982437133789,-69.9822769165039,75.12801450670835,-231.80197135561716,1469972263
run,-81.2206726074218,-66.3154220581054,79.97828103784343,-224.37331462648137,1469988930
run,-81.3781433105468,-62.876407623291,82.98808977244529,-210.66721520456747,1470005597
run,-81.1450805664062,-60.2141075134277,83.96750881256959,-190.999218240795,1470022264
run,-80.6301116943359,-58.0328063964843,83.12412564129998,-166.10933657588316,1470038931
run,-79.8181457519531,-56.2059440612793,80.94541915635747,-137.08570981531304,1470055598
run,-78.7538681030273,-54.5858917236328,78.05765544081477,-105.28137508034575,1470072265
run,-77.6327133178711,-53.1460151672363,75.09489373769453,-72.26085445040276,1470088932
run,-76.5771026611328,-52.1421089172363,72.58774751702418,-39.76000592552198,1470105599
run,-75.5783386230468,-51.8068809509277,70.87068622743739,-9.605709953685322,1470122266
run,-74.5684127807617,-52.2132186889648,70.0090952651737,16.44831122507578,1470138933
run,-73.4650497436523,-53.1648368835449,69.75444720823435,36.96144213640582,1470155600
run,-72.24365234375,-54.4498023986816,69.53989466464961,51.053477927902705,1470172267
run,-70.9353332519531,-55.6192054748535,68.52592183465663,58.562518831293225,1470188934
run,-69.6546630859375,-56.2617111206054,65.69665686495675,60.04429321985901,1470205601
run,-68.6875076293945,-56.9670524597168,59.99586599014368,56.61773691970156,1470222268
run,-68.126724243164,-57.8270111083984,50.484123240561686,49.73683141129189,1470238935
run,-67.7302017211914,-58.5547943115234,36.4985467024024,40.9925227310342,1470255602
run,-67.318000793457,-59.3708877563476,17.79801455802761,32.005938193719935,1470272269
run,-67.1373977661132,-60.6489601135253,-5.328648096924049,24.39806789507435,1470288936
run,-67.4209747314453,-62.0746383666992,-32.02327742541738,19.758429651562935,1470305603
run,-68.3777999877929,-62.7838859558105,-60.91663819609042,19.519901632907576,1470322270
run,-70.2331848144531,-62.6809005737304,-90.28683458988382,24.697837846234492,1470338937
run,-72.8974838256836,-62.8109321594238,-118.27996640940505,35.556619974767706,1470355604
run,-76.0373077392578,-63.6243820190429,-143.12839795731185,51.36199187300572,1470372271
run,-79.1248931884765,-65.194091796875,-163.31408304774666,70.38310506620465,1470388938
run,-82.1917953491211,-67.1968383789062,-177.67192806126852,90.20602185313894,1470405605
run,-84.6211624145507,-69.4715194702148,-185.47280485867503,108.27571402192925,1470422272
run,-85.476577758789,-71.9969711303711,-186.52523451637245,122.48290185828901,1470438939
run,-84.0116271972656,-74.4514007568359,-181.28523472482564,131.59882469378525,1470455606
run,-81.492691040039,-76.6527404785156,-170.9055187816136,135.42854586392312,1470472273
run,-78.9959564208984,-78.6200637817382,-157.13663745224665,134.66674419000185,1470488940
run,-76.8333129882812,-80.5077133178711,-142.0348741269756,130.54981782392863,1470505607
run,-75.0710983276367,-82.3660659790039,-127.51814176038722,124.45583827541904,1470522274
run,-73.629150390625,-84.1266403198242,-114.89854087293152,117.58755518141017,1470538941
run,-72.1772155761718,-85.6618957519531,-104.56085390137274,110.80368827782921,1470555608
run,-70.528938293457,-86.8354110717773,-95.92162291777558,104.58754723141166,1470572275
run,-68.7381591796875,-87.271499633789,-87.70115675824641,99.09988147341703,1470588942
run,-67.0311889648437,-86.7828979492187,-78.4155798085628,94.26404946515969,1470605609
run,-65.5473556518554,-85.7751083374023,-66.90845451947781,89.85624091965259,1470622276
run,-64.4451828002929,-84.4493865966796,-52.73259491705068,85.59288521219284,1470638943
run,-63.8348312377929,-82.8404312133789,-36.261465467883,81.2052255525341,1470655610
run,-63.978042602539,-81.2059631347656,-18.520654466953726,76.47400064365645,1470672277
run,-64.7299499511718,-79.9590148925781,-0.836479428999174,71.19073277665751,1470688944
run,-65.144660949707,-79.2726287841796,15.541817086960112,65.0404871291381,1470705611
run,-65.3726272583007,-78.8820343017578,29.70458602592121,57.46033264575645,1470722278
run,-66.0273208618164,-78.4813385009765,41.167543195195435,47.57763180174568,1470738945
run,-66.8846588134765,-77.8491058349609,49.81334599608051,34.32281964633011,1470755612
run,-67.8388671875,-77.0242080688476,55.771656691434174,16.728140469587935,1470772279
run,-68.7928009033203,-76.3873214721679,59.312873979779916,-5.690987916210994,1470788946
run,-69.744644165039,-76.5334548950195,60.79454203960674,-32.64732362848906,1470805613
run,-71.1696624755859,-77.7838287353515,60.662705503724695,-63.035108561086595,1470822280
run,-72.628677368164,-79.8458786010742,59.48003667037608,-95.15618294041838,1470838947
run,-73.672004699707,-81.869644165039,57.93245556275032,-127.10863393758085,1470855614
run,-74.6855239868164,-82.5070037841796,56.76996093920212,-157.1530966597963,1470872281
run,-75.7385101318359,-81.8279266357421,56.67176715938696,-183.9092012441209,1470888948
run,-76.6739425659179,-80.9676055908203,58.07338715676583,-206.3521465317533,1470905615
run,-77.5213241577148,-79.7663803100586,61.026326340115375,-223.69336699876493,1470922282
run,-78.4744338989257,-77.6522445678711,65.16141881881651,-235.26926353632328,1470938949
run,-79.7590942382812,-74.6286697387695,69.78981801541384,-240.5198785312299,1470955616
run,-80.8036270141601,-71.0820922851562,74.11274173698128,-239.06207133523344,1470972283
run,-81.3780746459961,-67.3236007690429,77.45574131710576,-230.80259911545147,1470988950
run,-81.5293807983398,-63.9071655273437,79.43366618121617,-216.02038194091602,1471005617
run,-81.2892532348632,-61.1954956054687,79.99587945926324,-195.3722482847987,1471022284
run,-80.7704391479492,-58.8762664794921,79.36474429176329,-169.82535388211997,1471038951
run,-79.9995193481445,-56.9351654052734,77.92159019402425,-140.56240371268086,1471055618
run,-79.0067138671875,-55.3017463684082,76.0949488528019,-108.91286486226797,1471072285
run,-77.9352035522461,-53.8070335388183,74.27749296033096,-76.32927717035295,1471088952
run,-76.8606567382812,-52.6973190307617,72.76681544418572,-44.378887963327756,1471105619
run,-75.7796020507812,-52.4458541870117,71.71167154383863,-14.693954145775649,1471122286
run,-74.6661224365234,-52.6400413513183,71.05377570014157,11.160038691686351,1471138953
run,-73.5330276489257,-53.5006294250488,70.4753518409876,31.888635792968348,1471155620
run,-72.3829803466796,-54.6958961486816,69.37936465660296,46.68257211783022,1471172287
run,-71.184700012207,-55.6760444641113,66.93106308823016,55.35829172236648,1471188954
run,-70.0293273925781,-56.3417472839355,62.17203498083805,58.36897891279217,1471205621
run,-69.1657485961914,-57.1616439819335,54.188763485329126,56.69341575970899,1471222288
run,-68.6818237304687,-58.0373458862304,42.29441258893853,51.66773020749335,1471238955
run,-68.3973007202148,-58.8150177001953,26.179567023376947,44.83625466738596,1471255622
run,-68.2078704833984,-59.8911437988281,6.001436488719929,37.856453655093006,1471272289
run,-68.2792053222656,-61.4455223083496,-17.6034767432825,32.43019762320231,1471288956
run,-68.865966796875,-62.8378639221191,-43.58741956564504,30.18943545456913,1471305623
run,-70.2638473510742,-63.2134017944335,-70.62987564873347,32.471075848110715,1471322290
run,-72.500015258789,-63.2095985412597,-97.3118054347552,39.98841035208353,1471338957
run,-75.3381881713867,-63.7414512634277,-122.26907494357378,52.513649737366045,1471355624
run,-78.1851196289062,-65.0967254638671,-144.2752929076282,68.74776025307001,1471372291
run,-81.0842590332031,-67.1314392089843,-162.25085120210224,86.5051183254702,1471388958
run,-83.7404479980468,-69.4300155639648,-175.253760618503,103.20188476510214,1471405625
run,-85.5063858032226,-71.9039993286132,-182.5285900007897,116.49577248708457,1471422292
run,-85.1125259399414,-74.3742141723632,-183.6479384212626,124.85742321342661,1471438959
run,-83.0386047363281,-76.5818710327148,-178.70398786162482,127.88213906824689,1471455626
run,-80.433837890625,-78.4931106567382,-168.4496584449113,126.25401902223803,1471472293
run,-77.9068069458007,-80.2278442382812,-154.28631912688684,121.40713863937482,1471488960
run,-75.6844100952148,-81.9340896606445,-138.0490233882586,115.03358701407613,1471505627
run,-73.9871063232421,-83.6473617553711,-121.62533965176002,108.62115703824082,1471522294
run,-72.6493301391601,-85.263687133789,-106.52318685694348,103.15731385330486,1471538961
run,-71.3085250854492,-86.5954513549804,-93.54003175847627,99.04468254273027,1471555628
run,-69.8025512695312,-87.3100814819336,-82.65671777406088,96.18722944781614,1471572295
run,-68.2345962524414,-86.9993896484375,-73.19019898268986,94.16205385001601,1471588962
run,-66.7488632202148,-86.0502777099609,-64.1321388153215,92.39620414013523,1471605629
run,-65.4320831298828,-84.8551712036132,-54.530069444331055,90.30252087199287,1471622296
run,-64.5338058471679,-83.4524307250976,-43.76790709620214,87.36408329536027,1471638963
run,-64.2287521362304,-81.8783493041992,-31.666699533397523,83.17205191585765,1471655630
run,-64.5891418457031,-80.3888626098632,-18.418424185324696,77.41696818880527,1471672297
run,-64.8403549194336,-79.2912292480468,-4.438867498029233,69.83009068227136,1471688964
run,-64.7221374511718,-78.6753158569336,9.758435466972466,60.09027589396158,1471705631
run,-64.9160232543945,-78.3489990234375,23.61345980877748,47.74879342836993,1471722298
run,-65.6488265991211,-78.0263366699218,36.51581111796101,32.245607409231546,1471738965
run,-66.5403747558593,-77.4914169311523,47.80656003190477,13.061026974418603,1471755632
run,-67.4139175415039,-76.9872436523437,56.83406639480359,-10.033009474926727,1471772299
run,-68.5108032226562,-77.0591812133789,63.072834053327,-36.739493525020634,1471788966
run,-69.9142227172851,-78.1631774902343,66.28040982648335,-66.15731457320216,1471805633
run,-71.7058563232421,-80.1845016479492,66.64332274557121,-96.9207721495441,1471822300
run,-73.1655349731445,-82.4132537841796,64.84639176217487,-127.49662975184495,1471838967
run,-74.1535949707031,-83.2131195068359,62.00473681491823,-156.4843660352765,1471855634
run,-75.1553268432617,-82.0046310424804,59.44034020860858,-182.77051640350112,1471872301
run,-76.1467361450195,-80.4297332763671,58.35268961592959,-205.48792586421825,1471888968
run,-77.0486145019531,-78.842414855957,59.48902151456347,-223.8537512757192,1471905635
run,-77.8928070068359,-76.7006225585937,62.93374271916725,-237.02370567874215,1471922302
run,-78.9563064575195,-73.8158111572265,68.10107219526435,-244.07299397672236,1471938969
run,-80.3158645629882,-70.238166809082,73.93944950104711,-244.12995590167196,1471955636
run,-81.3501510620117,-66.4534072875976,79.2681962173792,-236.60489884372117,1471972303
run,-81.863899230957,-62.8943138122558,83.11152345069249,-221.4134664777063,1471988970
run,-81.7726898193359,-59.8348274230957,84.9084876396825,-199.10194800319977,1472005637
run,-81.247932434082,-57.3958511352539,84.55188759294883,-170.83152033801443,1472022304
run,-80.4431762695312,-55.6890754699707,82.29424328534732,-138.24323201406014,1472038971
run,-79.4038543701171,-54.4361495971679,78.60382189872686,-103.27096675431707,1472055638
run,-78.2701339721679,-53.1377525329589,74.04239157743685,-67.9709992355021,1472072305
run,-77.173095703125,-52.117389678955,69.19031981425782,-34.39446736356676,1472088972
run,-76.1752014160156,-51.7028732299804,64.59949797362569,-4.472997973754118,1472105639
run,-75.2819671630859,-52.1791915893554,60.73694069238417,20.13618445798319,1472122306
run,-74.446174621582,-53.2252655029296,57.8976590223096,38.26454367241168,1472138973
run,-73.5900192260742,-54.617015838623,56.10032910867639,49.453391816684736,1472155640
run,-72.6009292602539,-55.8570442199707,55.008300671828266,54.07797985500454,1472172307
run,-71.4744644165039,-56.5303993225097,53.92029518962041,53.284431251570474,1472188974
run,-70.4240112304687,-57.1883468627929,51.847058749828356,48.728234207610974,1472205641
run,-69.733169555664,-57.6521263122558,47.653023816342305,42.20065359077568,1472222308
run,-69.456802368164,-58.0483169555664,40.22466618982397,35.28603581945393,1472238975
run,-69.2252883911132,-58.4975852966308,28.639339309229474,29.1765381437426,1472255642
run,-68.93505859375,-59.4838981628418,12.328855759756584,24.69213138390974,1472272309
run,-68.7521820068359,-61.1093482971191,-8.768159893928365,22.4493340528202,1472288976
run,-69.0451278686523,-62.5842857360839,-34.095165557302565,23.03871058709203,1472305643
run,-70.2159194946289,-63.0680618286132,-62.456990094809996,27.059371887430903,1472322310
run,-72.3982009887695,-63.1448593139648,-92.12273313306451,34.94548265800902,1472338977
run,-75.3564682006836,-63.4847984313964,-121.03712529449398,46.66567079190896,1472355644
run,-78.4413223266601,-64.5147857666015,-147.08212577787,61.482393503468636,1472372311
run,-81.5240020751953,-66.2400588989257,-168.3297169545014,77.94504978315754,1472388978
run,-84.4989700317382,-68.4001312255859,-183.26334822955525,94.16784356167496,1472405645
run,-86.4936828613281,-70.8404235839843,-190.97454764744322,108.29452303333512,1472422312
run,-85.6772689819336,-73.2643356323242,-191.32810395360124,118.96197901003043,1472438979
run,-82.9911499023437,-75.3960418701171,-185.04800388185168,125.58118280387474,1472455646
run,-80.0830535888671,-77.2900390625,-173.65249629082837,128.3443005852907,1472472313
run,-77.4825973510742,-79.1344909667968,-159.1921477897598,127.99147071808278,1472488980
run,-75.2593078613281,-81.0275802612304,-143.81534651673016,125.465824958967,1472505647
run,-73.486099243164,-82.9315338134765,-129.26856984474193,121.60705332558551,1472522314
run,-71.9368209838867,-84.7646789550781,-116.49129984265718,116.98405740857322,1472538981
run,-70.2705001831054,-86.4575729370117,-105.45477830829358,111.88599782010179,1472555648
run,-68.4682464599609,-87.8151092529296,-95.31316412000933,106.42386315309851,1472572315
run,-66.6513900756836,-87.8780975341796,-84.81414784070431,100.66559859065735,1472588982
run,-65.0156707763671,-86.6403656005859,-72.81028900158398,94.73478583576944,1472605649
run,-63.8189239501953,-85.1617889404296,-58.676166963371706,88.83005918064013,1472622316
run,-63.2446212768554,-83.6981506347656,-42.48777935083338,83.15495536682599,1472638983
run,-63.4644241333007,-82.4015731811523,-24.932093848648883,77.77853647222503,1472655650
run,-64.0572433471679,-81.3980102539062,-7.030781282954645,72.47424066202869,1472672317
run,-64.2144317626953,-80.6091156005859,10.173784015364118,66.60501998856166,1472688984
run,-64.4750442504882,-79.9060363769531,25.839667424520844,59.12716354593957,1472705651
run,-65.3014907836914,-79.159194946289,39.40174665330064,48.75963057083159,1472722318
run,-66.2927017211914,-78.3055038452148,50.53211011196557,34.30569081874359,1472738985
run,-67.2502059936523,-77.4596252441406,59.05020500521012,15.036795666789615,1472755652
run,-68.1781692504882,-77.0822830200195,64.84530831202062,-9.006405497830293,1472772319
run,-69.2015380859375,-77.6105499267578,67.857444657419,-36.933569507548185,1472788986
run,-70.6440353393554,-79.0681610107421,68.13938622299106,-67.19889654331145,1472805653
run,-72.5230560302734,-81.1256027221679,65.98127708183743,-97.99773596392329,1472822320
run,-73.9340209960937,-83.0338973999023,62.02881736226849,-127.69228481117975,1472838987
run,-75.0242614746093,-82.984016418457,57.30167140144138,-155.08073108938964,1472855654
run,-75.9690017700195,-81.1899032592773,53.05091891974068,-179.41316457658235,1472872321
run,-76.5975570678711,-79.4923248291015,50.47226568704207,-200.1971909873285,1472888988
run,-77.2476959228515,-78.0781326293945,50.37088320084442,-216.94143979890174,1472905655
run,-77.7729873657226,-76.2334671020507,52.91156952737918,-228.99477407637306,1472922322
run,-78.5032958984375,-73.572021484375,57.56501628139746,-235.56062387039634,1472938989
run,-79.5586929321289,-70.2644882202148,63.28329881466192,-235.86355411994845,1472955656
run,-80.3432693481445,-66.5984802246093,68.83832688304403,-229.3800255920222,1472972323
run,-80.8097686767578,-63.1909980773925,73.18798613516614,-216.03464270185412,1472988990
run,-80.9085464477539,-60.3243751525878,75.73480457087275,-196.29252505382004,1473005657
run,-80.6172866821289,-57.9707679748535,76.40491327486836,-171.12846084705575,1473022324
run,-79.9914093017578,-56.1898651123046,75.55665652436613,-141.9044296182221,1473038991
run,-79.0787582397461,-54.9050712585449,73.78499890922757,-110.21641997900659,1473055658
run,-78.0495529174804,-53.6927947998046,71.70414022120539,-77.76516140077165,1473072325
run,-77.0205001831054,-52.637939453125,69.77478684436456,-46.26847598772725,1473088992
run,-75.9926681518554,-52.068302154541,68.2105973274471,-17.388101989964575,1473105659
run,-74.9281005859375,-52.297019958496,66.9650215679526,7.377655464880806,1473122326
run,-73.8490905761718,-53.0164909362793,65.77602348680075,26.861132842978435,1473138993
run,-72.8428878784179,-54.1699600219726,64.23831732577548,40.42139168887917,1473155660
run,-71.8598251342773,-55.3501739501953,61.87943116450086,48.08802909753631,1473172327
run,-70.8100967407226,-56.2304916381835,58.227149464240625,50.567504865398455,1473188994
run,-69.8771286010742,-56.8042335510253,52.860748144606916,49.07917258608788,1473205661
run,-69.2948379516601,-57.399559020996,45.43765824854781,45.07048059427149,1473222328
run,-68.9998092651367,-57.9995346069335,35.69299122808175,39.92371434373418,1473238995
run,-68.7201080322265,-58.5533752441406,23.426910965178,34.77068842313315,1473255662
run,-68.4405899047851,-59.3795890808105,8.509656143734665,30.47470190745303,1473272329
run,-68.3357772827148,-60.9244537353515,-9.073502903337845,27.750732375081636,1473288996
run,-68.5724716186523,-62.6105422973632,-29.144850785150556,27.314847760655017,1473305663
run,-69.4206771850586,-63.4092903137207,-51.260740118463346,29.92391397527798,1473322330
run,-71.0313262939453,-63.5429496765136,-74.68170624945861,36.221365427003725,1473338997
run,-73.4777145385742,-63.7848014831543,-98.40011068165177,46.4326549725092,1473355664
run,-76.294075012207,-64.6562957763671,-121.20746894413693,60.07549100808317,1473372331
run,-79.0532989501953,-66.2926788330078,-141.77692582420858,75.87238356963518,1473388998
run,-81.9049758911132,-68.3315734863281,-158.76209920713669,91.95649960734336,1473405665
run,-84.4037475585937,-70.6454925537109,-170.94098696466813,106.31380052124425,1473422332
run,-85.8182983398437,-73.0866241455078,-177.42249460782747,117.29382083709888,1473438999
run,-84.8602828979492,-75.3102645874023,-177.8793527202976,123.99717751149294,1473455666
run,-82.5065307617187,-77.3031463623046,-172.7152944748696,126.40915482199442,1473472333
run,-79.9719543457031,-79.1836853027343,-163.06405202525542,125.2598446307891,1473489000
run,-77.6119384765625,-81.0156326293945,-150.56916647593414,121.69768338665024,1473505667
run,-75.6143493652343,-82.8227462768554,-136.9838834211012,116.91625512288654,1473522334
run,-73.9865798950195,-84.5822525024414,-123.71566508282172,111.85937627774007,1473539001
run,-72.4291610717773,-86.1402435302734,-111.4788106602991,107.07037305906994,1473555668
run,-70.7351379394531,-87.3874588012695,-100.18898593935023,102.68709053517674,1473572335
run,-68.9421234130859,-87.7756042480468,-89.14156013052332,98.54254838975149,1473589002
run,-67.2484893798828,-86.9827346801757,-77.3997529785921,94.3179684829365,1473605669
run,-65.8097610473632,-85.6615753173828,-64.23395723455772,89.69909134228342,1473622336
run,-64.7483291625976,-84.1789321899414,-49.440583482876754,84.49462368696146,1473639003
run,-64.2317657470703,-82.6624069213867,-33.429233352585975,78.68233714160725,1473655670
run,-64.4665908813476,-81.3052062988281,-17.069011103580475,72.35958075641781,1473672337
run,-65.1335144042968,-80.377212524414,-1.3834671476576368,65.60086150544977,1473689004
run,-65.4237594604492,-79.8376312255859,12.762926974602866,58.267820576467685,1473705671
run,-65.6766510009765,-79.4193496704101,24.860825783491467,49.85971394975167,1473722338
run,-66.3372421264648,-78.9493408203125,34.784141392295496,39.50345539299593,1473739005
run,-67.109375,-78.3663253784179,42.684103631115434,26.137534946586754,1473755672
run,-67.8731994628906,-77.7450408935546,48.82818294629813,8.853496052023916,1473772339
run,-68.591079711914,-77.3369827270507,53.46210896152841,-12.7326112208558,1473789006
run,-69.444839477539,-77.6525650024414,56.74897061972418,-38.243515049612235,1473805673
run,-70.8460159301757,-78.9136352539062,58.80472849269343,-66.55606767525175,1473822340
run,-72.3073654174804,-80.9512863159179,59.804445658023845,-96.06994292121904,1473839007
run,-73.622688293457,-83.0886306762695,60.09030701373517,-125.10616165490637,1473855674
run,-74.7349319458007,-83.8400573730468,60.19990323902187,-152.2508092696484,1473872341
run,-75.7832260131836,-82.7167587280273,60.768814448636405,-176.50040744481296,1473889008
run,-76.7952270507812,-81.1672210693359,62.329535025407495,-197.1839562404526,1473905675
run,-77.6069564819336,-79.5331115722656,65.09202968130532,-213.75844076527855,1473922342
run,-78.4251174926757,-77.4147491455078,68.81622482327442,-225.62708471553955,1473939009
run,-79.642219543457,-74.5675659179687,72.85643931383248,-232.09212152618332,1473955676
run,-80.9866790771484,-71.1267013549804,76.37837030488585,-232.46412885503636,1473972343
run,-81.8695983886718,-67.461067199707,78.65880052354827,-226.2661156079139,1473989010
run,-82.1886749267578,-63.9031944274902,79.3332596666887,-213.43082877535355,1474005677
run,-81.9505538940429,-61.0623092651367,78.48860460881836,-194.4029953581779,1474022344
run,-81.2842712402343,-58.7017936706543,76.58153662403355,-170.1119809924714,1474039011
run,-80.3414001464843,-56.8138885498046,74.24359213414859,-141.84567044325593,1474055678
run,-79.2670364379882,-55.3414802551269,72.0665955360039,-111.0965412350207,1474072345
run,-78.2329559326171,-53.9817924499511,70.4458621285229,-79.44342941131369,1474089012
run,-77.2625961303711,-52.8383140563964,69.51412387036774,-48.48597000448572,1474105679
run,-76.3079223632812,-52.226146697998,69.15575711556589,-19.796431349481487,1474122346
run,-75.2911605834961,-52.3540992736816,69.06745511614989,5.167897761003282,1474139013
run,-74.1833038330078,-53.0052413940429,68.8310099957696,25.2223554817247,1474155680
run,-73.0560760498046,-54.1159324645996,67.97696361213194,39.654325989320824,1474172347
run,-71.8669204711914,-55.2961502075195,66.03226887761349,48.383782723796635,1474189014
run,-70.6078033447265,-56.1878929138183,62.552754299932374,51.99532137017041,1474205681
run,-69.4539413452148,-56.7975692749023,57.1411049469221,51.59857382121114,1474222348
run,-68.7355117797851,-57.3496437072753,49.44977577428549,48.55481243623845,1474239015
run,-68.4067459106445,-57.8947410583496,39.17473141644654,44.177231845323966,1474255682
run,-68.0922775268554,-58.399169921875,26.059674231334675,39.52861816129259,1474272349
run,-67.7716751098632,-59.2163009643554,9.936265725290534,35.3922590691255,1474289016
run,-67.6734390258789,-60.7221183776855,-9.191316769981418,32.40246159544948,1474305683
run,-67.9699554443359,-62.5247535705566,-31.04324134838801,31.22903146645482,1474322350
run,-68.8511581420898,-63.5884323120117,-54.99260280748283,32.6629184998401,1474339017
run,-70.4506454467773,-63.7750968933105,-80.06819909795314,37.491346243028374,1474355684
run,-72.834114074707,-63.9591827392578,-105.0361079344149,46.17961560984707,1474372351
run,-75.6519088745117,-64.7220840454101,-128.52463684178605,58.51911310172955,1474389018
run,-78.4280319213867,-66.2333450317382,-149.1480900141024,73.45296921769736,1474405685
run,-81.3183670043945,-68.2892074584961,-165.615086432351,89.21057544748138,1474422352
run,-83.8817596435546,-70.6032028198242,-176.84662482546202,103.72531009593668,1474439019
run,-85.4306564331054,-73.0491104125976,-182.13349121564121,115.1734429540263,1474455686
run,-84.7094650268554,-75.3390426635742,-181.3192477562574,122.42336581711488,1474472353
run,-82.4442596435546,-77.3344116210937,-174.93760289854472,125.23539740326144,1474489020
run,-79.886604309082,-79.1578826904296,-164.20997563958642,124.17009048004293,1474505687
run,-77.4908370971679,-80.9690246582031,-150.8443152184541,120.28563223560361,1474522354
run,-75.4818038940429,-82.7818069458007,-136.6561412661975,114.77197745943705,1474539021
run,-73.9094924926757,-84.5179901123046,-123.11929970728528,108.6566307883386,1474555688
run,-72.426040649414,-85.9952774047851,-111.00463921240544,102.6490920791217,1474572355
run,-70.769775390625,-87.139533996582,-100.24944844314795,97.11737928639629,1474589022
run,-68.9618911743164,-87.6543197631836,-90.11587699548649,92.14842332937866,1474605689
run,-67.2102661132812,-87.2643432617187,-79.57648672350052,87.64136269504296,1474622356
run,-65.668701171875,-86.2589569091796,-67.76883648522015,83.40134197598643,1474639023
run,-64.5401840209961,-84.9658126831054,-54.3378692261373,79.21823498939496,1474655690
run,-63.8860244750976,-83.5307998657226,-39.543123060748144,74.91738060990939,1474672357
run,-63.9209899902343,-82.1357345581054,-24.115143779473776,70.36321002816103,1474689024
run,-64.5425949096679,-81.0622253417968,-8.952321696426658,65.39951973520833,1474705691
run,-64.8414459228515,-80.4128646850586,5.190478172591555,59.73656675162821,1474722358
run,-64.9046401977539,-79.9649353027343,17.884992542525843,52.83831184824177,1474739025
run,-65.3322525024414,-79.456558227539,29.029581239934515,43.8923504696542,1474755692
run,-66.0130004882812,-78.8282089233398,38.70925956546337,31.927287941584485,1474772359
run,-66.7715988159179,-78.1923599243164,47.01427951137427,16.073139543102904,1474789026
run,-67.5115737915039,-77.764289855957,53.911748769397136,-4.124787460871922,1474805693
run,-68.4465408325195,-77.8806076049804,59.22632755951852,-28.475730766390807,1474822360
run,-69.7729797363281,-78.8430786132812,62.73892184273479,-56.10938924567991,1474839027
run,-71.4669799804687,-80.6103515625,64.36328418144937,-85.65961471367339,1474855694
run,-72.9139938354492,-82.5288772583007,64.31766759120998,-115.57823764159457,1474872361
run,-74.1013259887695,-83.0900497436523,63.19582701446969,-144.42716701474734,1474889028
run,-75.2027893066406,-81.7863540649414,61.87771184574432,-171.02009652286267,1474905695
run,-76.1488952636718,-80.2524108886718,61.29322651098442,-194.3841401436138,1474922362
run,-76.9449310302734,-78.9331359863281,62.124810060555184,-213.6224374976981,1474939029
run,-77.6730422973632,-77.1843872070312,64.5705212292755,-227.8087890978415,1474955696
run,-78.6120147705078,-74.5416564941406,68.27144253745037,-236.00846246367038,1474972363
run,-79.7013854980468,-71.1979141235351,72.43925557961714,-237.43067898657296,1474989030
run,-80.4835586547851,-67.5211181640625,76.1304612810312,-231.63883104372636,1475005697
run,-80.8566665649414,-64.0597839355468,78.5505295190692,-218.71511720176522,1475022364
run,-80.763931274414,-61.2307357788085,79.27032706099277,-199.30321170300246,1475039031
run,-80.2823638916015,-58.956314086914,78.29310211799596,-174.51669172090095,1475055698
run,-79.5410079956054,-57.0750541687011,75.98246459314319,-145.76738309075506,1475072365
run,-78.5784072875976,-55.6220512390136,72.90931515089326,-114.59861533365043,1475089032
run,-77.5575332641601,-54.4055824279785,69.6838600877993,-82.58606120735413,1475105699
run,-76.5857315063476,-53.3670043945312,66.81868599995296,-51.31020539886131,1475122366
run,-75.6371765136718,-52.6571655273437,64.64065901945082,-22.34763729511366,1475139033
run,-74.6433868408203,-52.8179817199707,63.24834846736279,2.7918753667429446,1475155700
run,-73.6158065795898,-53.4279747009277,62.50314002595629,22.824776947343576,1475172367
run,-72.6168441772461,-54.5469970703125,62.04419126905717,36.9246535012295,1475189034
run,-71.642333984375,-55.7395782470703,61.32414394856332,44.93557913061373,1475205701
run,-70.6499252319336,-56.7000427246093,59.66704447573233,47.45901104933684,1475222368
run,-69.6773834228515,-57.1592445373535,56.34722992268023,45.747911770333744,1475239035
run,-68.8817138671875,-57.6429786682128,50.67947339415288,41.4286546206768,1475255702
run,-68.3724746704101,-58.1539649963378,42.104607568379535,36.154644505172165,1475272369
run,-68.0381088256836,-58.666217803955,30.257965747842952,31.325412200249648,1475289036
run,-67.7479858398437,-59.2246322631835,15.017285386364271,27.96492059092968,1475305703
run,-67.5851211547851,-60.3676300048828,-3.4676311039741767,26.76860614797266,1475322370
run,-67.7726440429687,-61.899600982666,-24.763865788092343,28.24286104301354,1475339037
run,-68.5419387817382,-62.9863395690918,-48.16788301394645,32.81232489648933,1475355704
run,-70.0648498535156,-63.3491859436035,-72.74311103923766,40.790328980831646,1475372371
run,-72.4472198486328,-63.7381248474121,-97.37198470465992,52.1995059141248,1475389038
run,-75.3036499023437,-64.7425842285156,-120.80413990384871,66.54309618819069,1475405705
run,-78.0957565307617,-66.3406982421875,-141.69636959820699,82.68257897482486,1475422372
run,-80.9531707763671,-68.3222427368164,-158.67439889282045,98.9331055209232,1475439039
run,-83.5323715209961,-70.5986938476562,-170.47002131076036,113.37871583017512,1475455706
run,-85.3286514282226,-73.1367874145507,-176.1612967286202,124.30400907671977,1475472373
run,-84.9104232788086,-75.6186904907226,-175.4673878303589,130.5879783398787,1475489040
run,-82.7269973754882,-77.8334884643554,-168.9722125965983,131.9242901690089,1475505707
run,-80.3583831787109,-79.8035888671875,-158.13377852834643,128.80785386811607,1475522374
run,-78.3192749023437,-81.6371231079101,-145.00432609407477,122.32342545680244,1475539041
run,-76.6012115478515,-83.4554290771484,-131.71178666777303,113.83949142014721,1475555708
run,-75.088623046875,-85.1737060546875,-119.87135628662955,104.71851713215811,1475572375
run,-73.5591964721679,-86.5950469970703,-110.14504003898632,96.11114203644989,1475589042
run,-71.8481826782226,-87.6276016235351,-102.11998950901676,88.84522749305923,1475605709
run,-69.9490585327148,-88.0139694213867,-94.55336164700472,83.38670127226486,1475622376
run,-68.0748443603515,-87.6073913574218,-85.8876527421538,79.84695773613919,1475639043
run,-66.4183120727539,-86.6925811767578,-74.83980116233568,78.0248552818639,1475655710
run,-65.1635055541992,-85.4704437255859,-60.85095094505523,77.4783090180338,1475672377
run,-64.3988037109375,-84.0035171508789,-44.251631324125974,77.61193483955107,1475689044
run,-64.275276184082,-82.4491958618164,-26.11395096722662,77.75157629868103,1475705711
run,-64.8277130126953,-81.1258163452148,-7.879578521266839,77.17294130241365,1475722378
run,-65.3190460205078,-80.1608734130859,9.07389816292739,75.07518799897485,1475739045
run,-65.5865478515625,-79.4363632202148,23.763598076521124,70.53607897670426,1475755712
run,-66.0498733520507,-78.694953918457,35.73332201362169,62.52316677119703,1475772379
run,-66.889663696289,-77.8295211791992,44.991216200951015,50.0285882478263,1475789046
run,-67.7675323486328,-76.9173583984375,51.83134086267217,32.33182901383062,1475805713
run,-68.6240005493164,-76.1681442260742,56.63688946427592,9.305570014073153,1475822380
run,-69.494155883789,-75.9969940185546,59.74257470536868,-18.379340261560234,1475839047
run,-70.6736145019531,-76.8174591064453,61.39808313944218,-49.277087150976335,1475855714
run,-72.2848739624023,-78.5665588378906,61.83071028860674,-81.44959472695356,1475872381
run,-73.8107299804687,-80.8066635131836,61.356763527168724,-112.91092081911845,1475889048
run,-75.0513610839843,-82.4739227294921,60.45897769781596,-142.04691979417987,1475905715
run,-76.0360565185546,-82.2659225463867,59.75846741331756,-167.83279524153036,1475922382
run,-77.1070861816406,-81.2131652832031,59.866979869454354,-189.77817030770467,1475939049
run,-77.9288787841796,-80.2054367065429,61.17643284399441,-207.6718157156324,1475955716
run,-78.6445617675781,-78.7781066894531,63.68681079053157,-221.28996916457874,1475972383
run,-79.5236434936523,-76.4821243286132,66.96684789823412,-230.22380617682674,1475989050
run,-80.6598434448242,-73.4024810791015,70.28468534258327,-233.89334671701488,1476005717
run,-81.4614181518554,-69.8505020141601,72.86209247900078,-231.71164257412983,1476022384
run,-81.7135467529296,-66.1830291748046,74.1416592706454,-223.2998393011692,1476039051
run,-81.3982620239257,-62.8622665405273,73.9531179096893,-208.64939028626287,1476055718
run,-80.7185440063476,-60.3264770507812,72.52361458111392,-188.17287299216284,1476072385
run,-79.8302001953125,-58.1780357360839,70.35526109892513,-162.65347461706307,1476089052
run,-78.8076477050781,-56.4894065856933,68.0435923101332,-133.15732672009733,1476105719
run,-77.7649307250976,-55.0041542053222,66.11331295943053,-100.97875584568453,1476122386
run,-76.7826614379882,-53.6306686401367,64.91550225446764,-67.64189953206694,1476139053
run,-75.7606582641601,-52.6531791687011,64.58929850362722,-34.91507540220288,1476155720
run,-74.6329727172851,-52.4598541259765,65.06299068941277,-4.754336764441625,1476172387
run,-73.4613189697265,-53.0617294311523,66.06462313845124,20.88815816239278,1476189054
run,-72.3223037719726,-54.2737121582031,67.12785131176085,40.38208305854998,1476205721
run,-71.2214889526367,-55.8060798645019,67.6015257878252,52.76871542411259,1476222388
run,-70.1291351318359,-57.0723457336425,66.68490875105113,58.0037994269025,1476239055
run,-69.0366058349609,-57.8570594787597,63.50526276166434,56.983895826560435,1476255722
run,-68.0513000488281,-58.6427955627441,57.23495064586297,51.337546269855416,1476272389
run,-67.37939453125,-59.2472190856933,47.22553970388431,43.06372107637367,1476289056
run,-66.9937286376953,-59.6891479492187,33.12965810179361,34.15454490311267,1476305723
run,-66.7241973876953,-60.2159309387207,14.988266059065413,26.32468836576626,1476322390
run,-66.6329879760742,-61.3359260559082,-6.728742167537751,20.90225363497189,1476339057
run,-66.8433685302734,-62.8057632446289,-31.13605492746246,18.84813888047678,1476355724
run,-67.6477890014648,-63.7050247192382,-57.006569231879595,20.80353415801314,1476372391
run,-69.2294692993164,-63.7464561462402,-82.90274526284479,27.06380158057049,1476389058
run,-71.7163162231445,-63.8709716796875,-107.34388650547467,37.456485564799436,1476405725
run,-74.6661224365234,-64.5779266357421,-128.9686060825768,51.2093211405986,1476422392
run,-77.4861755371093,-66.025161743164,-146.65439182665233,66.94229711107964,1476439059
run,-80.351089477539,-67.8629150390625,-159.58802418206932,82.86461531688768,1476455726
run,-82.8689270019531,-69.9371490478515,-167.31712218535378,97.14520615246926,1476472393
run,-84.6505279541015,-72.229248046875,-169.81502216861185,108.33158095777075,1476489060
run,-84.8417053222656,-74.4155197143554,-167.54881028384273,115.66407260041262,1476505727
run,-83.4816360473632,-76.3869476318359,-161.4900528027675,119.17462208612113,1476522394
run,-81.5991744995117,-78.1888122558593,-152.99785940995582,119.54731720383415,1476539061
run,-79.6404190063476,-79.9093856811523,-143.55095150698062,117.8120934866042,1476555728
run,-77.7564239501953,-81.6658859252929,-134.3841067116548,114.99973751063443,1476572395
run,-75.9947128295898,-83.4920578002929,-126.14927332014507,111.88109432566412,1476589062
run,-74.1860885620117,-85.2715911865234,-118.73600402100307,108.85670617114882,1476605729
run,-72.2662200927734,-86.8750686645507,-111.33851109504185,105.99145968132905,1476622396
run,-70.2567520141601,-87.9560852050781,-102.76486441916894,103.13875990076218,1476639063
run,-68.3861083984375,-87.6712341308593,-91.88668985647064,100.08571907411502,1476655730
run,-66.7807846069336,-86.4649810791015,-78.06949977557352,96.66646518904429,1476672397
run,-65.5513610839843,-85.0373077392578,-61.43075727776395,92.81598476968372,1476689064
run,-64.8118591308593,-83.446174621582,-42.8394683209123,88.55718402096558,1476705731
run,-64.7764053344726,-81.8504943847656,-23.667969837361287,83.92536536473573,1476722398
run,-65.4122467041015,-80.5420455932617,-5.39750343843458,78.84413679789934,1476739065
run,-65.8558120727539,-79.6247940063476,10.769396703243874,72.9855645541429,1476755732
run,-66.0164413452148,-78.9732055664062,24.150104190558213,65.67475195648237,1476772399
run,-66.4751281738281,-78.3278121948242,34.61426063757123,55.91407245197734,1476789066
run,-67.2178497314453,-77.5217208862304,42.4430546700715,42.576537765479074,1476805733
run,-68.0645751953125,-76.6700744628906,48.11208520244775,24.744612963316595,1476822400
run,-68.8594284057617,-76.0472717285156,52.0953354045345,2.082107763129612,1476839067
run,-69.7200698852539,-76.0020904541015,54.7522340483171,-24.922514511565595,1476855734
run,-70.8632431030273,-76.8860092163086,56.318183041612706,-54.97185812781361,1476872401
run,-72.4073333740234,-78.7763137817382,56.97984742969316,-86.25582724559062,1476889068
run,-73.7418518066406,-81.2065887451171,56.98137027567197,-116.91366043309542,1476905735
run,-74.8419189453125,-82.8594741821289,56.69138216440694,-145.45828557784486,1476922402
run,-75.7378616333007,-82.3523483276367,56.58059534187651,-170.975448228641,1476939069
run,-76.8568115234375,-81.0338897705078,57.10990441880856,-193.03055454213887,1476955736
run,-77.7165298461914,-79.8587188720703,58.579339153993686,-211.37349246909275,1476972403
run,-78.521743774414,-78.3181610107421,61.01122130007802,-225.62995954476287,1476989070
run,-79.5068893432617,-75.8983459472656,64.12769901904386,-235.15144671400586,1477005737
run,-80.5533370971679,-72.6963882446289,67.43940700148741,-239.08902623421469,1477022404
run,-81.1646652221679,-69.030647277832,70.40679597251896,-236.63436238866774,1477039071
run,-81.3476486206054,-65.3151550292968,72.60008972872227,-227.30059328606293,1477055738
run,-81.0965347290039,-62.0130500793457,73.79266904570005,-211.11771848877865,1477072405
run,-80.5402603149414,-59.4682998657226,73.9683783775631,-188.67721636148804,1477089072
run,-79.7878494262695,-57.3980484008789,73.27066415677588,-161.04337139924198,1477105739
run,-78.8786544799804,-55.6882057189941,71.93941840689548,-129.6092159936202,1477122406
run,-77.9084396362304,-54.0865478515625,70.2653062570439,-95.97886380028233,1477139073
run,-76.9784698486328,-52.7646446228027,68.56046642573818,-61.906456845446996,1477155740
run,-76.0206680297851,-51.9166221618652,67.12365366516424,-29.2544215214212,1477172407
run,-74.9572525024414,-51.9284324645996,66.17999517531176,0.09958918483625778,1477189074
run,-73.8218917846679,-52.5062599182128,65.79608914688977,24.45244774828711,1477205741
run,-72.6791839599609,-53.6943931579589,65.79538171191805,42.540544521789236,1477222408
run,-71.5727844238281,-55.1543922424316,65.71176882780492,53.79308776470416,1477239075
run,-70.4679870605468,-56.3005142211914,64.81300717856197,58.463503370572546,1477255742
run,-69.3854446411132,-57.0138359069824,62.20119221164012,57.566342644757114,1477272409
run,-68.4767456054687,-57.7778549194335,56.966709813643334,52.6311287643686,1477289076
run,-67.8505020141601,-58.5053443908691,48.35180621407709,45.368569274027195,1477305743
run,-67.3888549804687,-59.0553932189941,35.88193300495442,37.378466571098954,1477322410
run,-67.0458374023437,-59.7165489196777,19.44347393972912,29.99647855992379,1477339077
run,-66.9332580566406,-60.8888816833496,-0.6910140125266593,24.30037391364349,1477355744
run,-67.0930786132812,-62.4570007324218,-23.878538361528946,21.210441790778546,1477372411
run,-67.802017211914,-63.51416015625,-49.153364308850875,21.561545812113486,1477389078
run,-69.2601318359375,-63.6161651611328,-75.30213471866564,26.036851201063385,1477405745
run,-71.5879364013671,-63.6983985900878,-100.95870451491581,34.948004100405804,1477422412
run,-74.4935455322265,-64.2767639160156,-124.70410690850342,47.97053245010106,1477439079
run,-77.4095840454101,-65.5627517700195,-145.16182268160125,64.00438408264904,1477455746
run,-80.3875732421875,-67.383430480957,-161.10020662285677,81.27932251639383,1477472413
run,-83.1415405273437,-69.4516830444336,-171.57070638881706,97.70169896789793,1477489080
run,-85.1174545288086,-71.7943878173828,-176.0910303506191,111.32451396882472,1477505747
run,-85.1933975219726,-74.0865859985351,-174.82651438219753,120.77426328403378,1477522414
run,-83.5546035766601,-76.1789779663086,-168.67326069218439,125.49657198088376,1477539081
run,-81.4630966186523,-78.1181106567382,-159.15115601050312,125.76474224365855,1477555748
run,-79.3786315917968,-79.961799621582,-148.08319170403615,122.48879795109278,1477572415
run,-77.405647277832,-81.7861785888671,-137.13486897548776,116.92322183881596,1477589082
run,-75.6152572631836,-83.5956802368164,-127.36257006032449,110.37711396777732,1477605749
run,-73.8636474609375,-85.3044815063476,-118.9354271903502,103.99274353792654,1477622416
run,-71.9656066894531,-86.8967590332031,-111.14247914411517,98.60989274999373,1477639083
run,-69.9671096801757,-88.1884689331054,-102.69465751782887,94.70197511540842,1477655750
run,-68.0556640625,-88.2840042114257,-92.2196789318839,92.36362739260252,1477672417
run,-66.4049987792968,-87.2190628051757,-78.77482574529401,91.3383432323513,1477689084
run,-65.1532669067382,-85.8382034301757,-62.19946289940508,91.08309414714144,1477705751
run,-64.3899536132812,-84.2199554443359,-43.194285544496374,90.86426661276978,1477722418
run,-64.364387512207,-82.4039535522461,-23.11772771912461,89.8654657085695,1477739085
run,-65.1042938232421,-80.7611618041992,-3.592179076264156,87.27463802929579,1477755752
run,-65.6732482910156,-79.624397277832,13.923424215062374,82.32413081116778,1477772419
run,-65.9272842407226,-78.8013305664062,28.44098578161394,74.29065477616483,1477789086
run,-66.542739868164,-77.9991912841796,39.548633919989015,62.50280727356314,1477805753
run,-67.4426956176757,-77.1572952270507,47.33120608361071,46.41336020391308,1477822420
run,-68.3722305297851,-76.3764419555664,52.18981116127572,25.751427871511318,1477839087
run,-69.1559829711914,-75.9077911376953,54.65411918838636,0.6995712330041934,1477855754
run,-69.8955764770507,-76.0874404907226,55.254669305412335,-28.00483468891867,1477872421
run,-71.0600814819336,-77.1715393066406,54.48616203352538,-59.12673801212019,1477889088
run,-72.6471939086914,-79.057258605957,52.85079361980401,-91.15365847926864,1477905755
run,-73.7230529785156,-81.2011795043945,50.92710300415252,-122.59038776205581,1477922422
run,-74.5670013427734,-82.1981964111328,49.38934106682292,-152.1910840638088,1477939089
run,-75.4456558227539,-81.5450668334961,48.92880600229988,-179.02463341353163,1477955756
run,-76.2750015258789,-80.7243041992187,50.09016896542201,-202.36792202555932,1477972423
run,-76.9850311279296,-79.9142608642578,53.0921947088651,-221.52326280336138,1477989090
run,-77.6724014282226,-78.2074890136718,57.72113806082214,-235.6932289930394,1478005757
run,-78.6988906860351,-75.341552734375,63.358584461880184,-243.99862416327844,1478022424
run,-79.7251205444336,-71.7007904052734,69.14485396149645,-245.63312067677592,1478039091
run,-80.4178314208984,-67.9395065307617,74.21363749387501,-240.07292236686052,1478055758
run,-80.7490692138671,-64.4073638916015,77.90260950297314,-227.24037108888768,1478072425
run,-80.6894302368164,-61.3882675170898,79.8682093948539,-207.5580821167032,1478089092
run,-80.2965621948242,-58.952880859375,80.09070416427947,-181.89694215950266,1478105759
run,-79.633918762207,-56.9694175720214,78.80647142328998,-151.47522363519585,1478122426
run,-78.8150024414062,-55.2545547485351,76.41992358304985,-117.77484587936382,1478139093
run,-77.931770324707,-53.7495460510253,73.42833877557918,-82.50256559689724,1478155760
run,-76.9537353515625,-52.6439704895019,70.36014261314942,-47.56705918218008,1478172427
run,-75.8440170288086,-52.1881866455078,67.70521463961161,-15.006751579145423,1478189094
run,-74.6801223754882,-52.5868949890136,65.81823612137306,13.185771530884306,1478205761
run,-73.5101089477539,-53.5314712524414,64.8001620226066,35.34117145951229,1478222428
run,-72.3941421508789,-54.8962516784668,64.39272201577104,50.42096483103804,1478239095
run,-71.304573059082,-56.1827735900878,63.93683478776261,58.240991381933455,1478255762
run,-70.1912765502929,-57.0493278503418,62.434777071317505,59.51061753144896,1478272429
run,-69.1903381347656,-57.8041114807128,58.71893835957401,55.658519216025816,1478289096
run,-68.4899444580078,-58.4183349609375,51.68506320981948,48.508427742279856,1478305763
run,-68.0868988037109,-58.9421577453613,40.521759408827606,39.93029856328059,1478322430
run,-67.7667236328125,-59.375,24.876287528537112,31.590683995649812,1478339097
run,-67.5473098754882,-60.2741241455078,4.9291162583706285,24.865315664246694,1478355764
run,-67.5288772583007,-61.7745552062988,-18.619707608589856,20.88681891913689,1478372431
run,-68.0238800048828,-63.2534599304199,-44.63661324185532,20.6206288264321,1478389098
run,-69.3482894897461,-63.7121620178222,-71.69482034834634,24.839568211279673,1478405765
run,-71.5763092041015,-63.7248268127441,-98.24260166609302,33.93560408776336,1478422432
run,-74.4701309204101,-64.0439147949218,-122.76016432323162,47.63954006161557,1478439099
run,-77.48583984375,-65.1717529296875,-143.8695523332237,64.82321535517185,1478455766
run,-80.454475402832,-67.0304412841796,-160.39705813652577,83.54952772776447,1478472433
run,-83.0634765625,-69.2580947875976,-171.43268033079872,101.41647672326421,1478489100
run,-84.8570022583007,-71.7067337036132,-176.4399792920776,116.09448832976764,1478505767
run,-84.711311340332,-74.2127380371093,-175.41961527887273,125.86646689633922,1478522434
run,-82.9460906982421,-76.5009689331054,-169.05308525786256,129.98309680443444,1478539101
run,-80.7424774169921,-78.4880447387695,-158.71219748342625,128.72890709426238,1478555768
run,-78.681037902832,-80.2541809082031,-146.25346718969956,123.2137049146199,1478572435
run,-76.8422775268554,-81.9542694091796,-133.6108627740908,115.00222651588625,1478589102
run,-75.2535324096679,-83.6287765502929,-122.30341218169437,105.72794632877364,1478605769
run,-73.728759765625,-85.0974349975586,-113.0321206092849,96.7993824962401,1478622436
run,-72.0152511596679,-86.2645111083984,-105.52349414678986,89.23467428997814,1478639103
run,-70.0643081665039,-87.0960693359375,-98.68851034162832,83.60204773062877,1478655770
run,-68.1271057128906,-87.4221572875976,-91.04290399738855,80.02737767863597,1478672437
run,-66.3662185668945,-87.0982284545898,-81.23339419470067,78.2464334419559,1478689104
run,-64.947036743164,-86.2259216308593,-68.48163592729892,77.6986365944483,1478705771
run,-63.9718742370605,-84.955696105957,-52.80302229879303,77.65767101508976,1478722438
run,-63.5092086791992,-83.4218673706054,-34.952709015216435,77.37172085402263,1478739105
run,-63.713077545166,-81.9206619262695,-16.153113399120713,76.16377513135232,1478755772
run,-64.2715301513671,-80.7774276733398,2.271086604402769,73.44742565918165,1478772439
run,-64.6333694458007,-80.0785522460937,19.20681674411274,68.65710737329078,1478789106
run,-64.913215637207,-79.5550765991211,33.91559846179956,61.15389300793076,1478805773
run,-65.691780090332,-78.9203338623046,46.029901884468394,50.20417651024787,1478822440
run,-66.7445678710937,-78.0864868164062,55.442672231879506,35.101290210239405,1478839107
run,-67.7450103759765,-77.3255081176757,62.176922339329444,15.413873138390207,1478855774
run,-68.7743530273437,-76.9752655029296,66.30294469965312,-8.74850334225829,1478872441
run,-69.9384231567382,-77.3407745361328,67.93449618156434,-36.597940847429626,1478889108
run,-71.4122848510742,-78.5703506469726,67.29967449464752,-66.75331778556694,1478905775
run,-73.1441192626953,-80.419921875,64.84633656273071,-97.52988636704046,1478922442
run,-74.4732589721679,-82.0622940063476,61.31251947211684,-127.30726648272481,1478939109
run,-75.3953475952148,-82.2020034790039,57.692037508025344,-154.81000765190936,1478955776
run,-76.3399505615234,-81.1498718261718,55.067818526611624,-179.1876974882901,1478972443
run,-77.2437210083007,-80.1827163696289,54.35215992487568,-199.8946222642547,1478989110
run,-77.9571990966796,-79.0715179443359,56.02569991842878,-216.4727880962161,1479005777
run,-78.6011734008789,-77.1611022949218,59.97847878474741,-228.37742323282058,1479022444
run,-79.5780639648437,-74.3970489501953,65.52259095848204,-234.9412692552679,1479039111
run,-80.5497589111328,-70.907241821289,71.5786710988363,-235.4902059621404,1479055778
run,-81.068603515625,-67.1031417846679,76.96664849598329,-229.54588266932922,1479072445
run,-81.1491394042968,-63.5865478515625,80.69473403378939,-217.01298699891066,1479089112
run,-80.876220703125,-60.8061065673828,82.16042907735255,-198.26411953065784,1479105779
run,-80.3367843627929,-58.4849624633789,81.23254187288812,-174.09825693630003,1479122446
run,-79.5594863891601,-56.7266807556152,78.23089313717057,-145.62356145323378,1479139113
run,-78.6844329833984,-55.1856155395507,73.83580982685574,-114.15072561060707,1479155780
run,-77.7806549072265,-53.6522140502929,68.95036947612441,-81.15377475757529,1479172447
run,-76.8272247314453,-52.4236183166503,64.5274633872575,-48.28362365897683,1479189114
run,-75.7861785888671,-51.828758239746,61.37609733212889,-17.357602515414083,1479205781
run,-74.6683273315429,-52.0779914855957,59.97539015059013,9.759001173364098,1479222448
run,-73.5294647216796,-52.9468345642089,60.337928406587345,31.406180344259848,1479239115
run,-72.3907470703125,-54.2461929321289,61.963653391452326,46.45607084483988,1479255782
run,-71.1899948120117,-55.497386932373,63.90589050716866,54.58815016309055,1479272449
run,-69.9337005615234,-56.4007034301757,64.93735761934401,56.38790331337462,1479289116
run,-68.7536239624023,-57.131980895996,63.77047960886903,53.21216818398959,1479305783
run,-67.8570098876953,-57.8644294738769,59.27137504472382,46.86398744489781,1479322450
run,-67.2469253540039,-58.3657760620117,50.62030860286377,39.197770098152894,1479339117
run,-66.7581481933593,-58.7766418457031,37.40411873183922,31.796089582064393,1479355784
run,-66.3376846313476,-59.3717956542968,19.654657639302222,25.820161111695835,1479372451
run,-66.1744308471679,-60.6807212829589,-2.1468490273412684,22.054697224339773,1479389118
run,-66.4134445190429,-62.2306594848632,-27.094198297234595,21.071115373504522,1479405785
run,-67.2723083496093,-63.1969184875488,-53.920049914395356,23.365301764808,1479422452
run,-68.8976593017578,-63.2864227294921,-81.10942190503779,29.34093589459613,1479439119
run,-71.3929595947265,-63.4676818847656,-107.0542077341564,39.11891108556546,1479455786
run,-74.4121170043945,-64.1453018188476,-130.2189852532843,52.29022700864088,1479472453
run,-77.3686981201171,-65.5194396972656,-149.28681873457586,67.79080412293716,1479489120
run,-80.3289566040039,-67.4097671508789,-163.27722284665117,84.01642192722358,1479505787
run,-83.0170059204101,-69.528579711914,-171.6532179005993,99.1628442957179,1479522454
run,-84.8787612915039,-71.7919235229492,-174.42663430636918,111.6595047099819,1479539121
run,-84.8452072143554,-73.9826278686523,-172.22701343589677,120.52524039905074,1479555788
run,-83.2382736206054,-76.0147323608398,-166.25959290382593,125.51909000999986,1479572455
run,-81.3321990966796,-77.9979858398437,-158.0898051467373,127.05568683338554,1479589122
run,-79.3811645507812,-79.9550247192382,-149.265003766206,125.95209020547976,1479605789
run,-77.3969192504882,-81.9000854492187,-140.87918882468952,123.12561110416735,1479622456
run,-75.4791107177734,-83.7966690063476,-133.24396943010268,119.35375661593447,1479639123
run,-73.3990402221679,-85.5940246582031,-125.81048192496837,115.1552926915632,1479655790
run,-71.2056121826171,-87.1981658935546,-117.39619856262726,110.79024498036233,1479672457
run,-69.0253295898437,-88.0934066772461,-106.64769572748432,106.33518890528248,1479689124
run,-67.1253051757812,-87.4012832641601,-92.57186475208164,101.77828170740094,1479705791
run,-65.6218566894531,-85.9563446044921,-74.93993039352857,97.08886271889091,1479722458
run,-64.6379852294921,-84.3959121704101,-54.42269801751458,92.23577492844596,1479739125
run,-64.3445129394531,-82.8072433471679,-32.42388538254799,87.14784289292402,1479755792
run,-64.7288055419921,-81.3838424682617,-10.692966065303436,81.62780036740446,1479772459
run,-65.3915557861328,-80.342170715332,9.125494551907456,75.25058272621395,1479789126
run,-65.7676315307617,-79.616340637207,25.841695564367793,67.29826318505886,1479805793
run,-66.1188201904296,-78.9834518432617,38.86920638767485,56.79520645182563,1479822460
run,-66.9806289672851,-78.2234649658203,48.17300739888143,42.68717847936105,1479839127
run,-68.0051651000976,-77.3876342773437,54.0977457945625,24.147186267235927,1479855794
run,-68.8615341186523,-76.7757720947265,57.177563876978525,0.9108999841475282,1479872461
run,-69.7395095825195,-76.7993087768554,58.00033121754605,-26.504649857512334,1479889128
run,-70.8325729370117,-77.8055343627929,57.15545183339736,-56.82004563521369,1479905795
run,-72.3214416503906,-79.7364349365234,55.253067527731766,-88.26963320245241,1479922462
run,-73.6939544677734,-82.1678466796875,52.96654479678321,-119.02669155199582,1479939129
run,-74.4426727294921,-83.7539291381836,51.03375246356687,-147.58997546214817,1479955796
run,-75.2072296142578,-83.2335815429687,50.175341631421595,-172.96477133178377,1479972463
run,-76.2224197387695,-81.8137893676757,50.94337534451783,-194.58552126508712,1479989130
run,-77.1052703857421,-80.311782836914,53.56418530074873,-212.0673910611128,1480005797
run,-77.9366607666015,-78.3306427001953,57.85262133617928,-224.9564912024959,1480022464
run,-78.9990463256836,-75.5975570678711,63.24735374742855,-232.6282292193406,1480039131
run,-80.1647872924804,-72.0398559570312,68.96411221774642,-234.38301493531233,1480055798
run,-80.962646484375,-68.2257461547851,74.20843912654688,-229.67405544943907,1480072465
run,-81.2696380615234,-64.6929473876953,78.36130944655936,-218.33637417358514,1480089132
run,-81.0979919433593,-61.6562881469726,81.07118462101515,-200.69967172395081,1480105799
run,-80.595947265625,-59.2399864196777,82.24336366772411,-177.54684949378353,1480122466
run,-79.948989868164,-57.2972335815429,81.97167058566639,-149.97328252127727,1480139133
run,-79.1989517211914,-55.5635299682617,80.47302594187047,-119.24922781042083,1480155800
run,-78.3785781860351,-53.9529685974121,78.05797394914677,-86.76157085716713,1480172467
run,-77.4291839599609,-52.6775093078613,75.12488841755862,-54.03372474779271,1480189134
run,-76.3034439086914,-51.8849906921386,72.13572181436471,-22.74838106017824,1480205801
run,-75.0637435913086,-52.0049057006835,69.53644825903292,5.322349563161375,1480222468
run,-73.8050384521484,-52.7265663146972,67.62146870732595,28.526120839018166,1480239135
run,-72.6038360595703,-54.0348434448242,66.38461542339378,45.63704426325866,1480255802
run,-71.4782562255859,-55.5152778625488,65.42256444787866,56.143004057724674,1480272469
run,-70.3603591918945,-56.5423583984375,63.944400575726405,60.38090121907765,1480289136
run,-69.233901977539,-57.2800216674804,60.89907198885202,59.44503528441687,1480305803
run,-68.293716430664,-58.0632629394531,55.18329210392399,54.89785795947939,1480322470
run,-67.6830902099609,-58.7414016723632,45.863900642979466,48.40368361500279,1480339137
run,-67.2818832397461,-59.2688255310058,32.354996313519486,41.43321066381862,1480355804
run,-66.9967803955078,-60.0312423706054,14.520567638248474,35.14118842109145,1480372471
run,-66.9440765380859,-61.5333862304687,-7.297192964923732,30.428375229468944,1480389138
run,-67.2192459106445,-63.3392753601074,-32.31088281185245,28.098919348088163,1480405805
run,-68.1124496459961,-64.461441040039,-59.36852309614139,28.96015511894156,1480422472
run,-69.9185714721679,-64.5328674316406,-87.06612036171016,33.734358386773295,1480439139
run,-72.5531768798828,-64.5877914428711,-113.8684621664283,42.7738967534946,1480455806
run,-75.6438903808593,-65.2135696411132,-138.21283634762278,55.72347401842845,1480472473
run,-78.6078643798828,-66.705093383789,-158.59175354441078,71.34374677123604,1480489140
run,-81.5240936279296,-68.7203826904296,-173.6491136001611,87.64402796844854,1480505807
run,-83.9818420410156,-71.1030578613281,-182.34153792988886,102.31632020140614,1480522474
run,-85.1345825195312,-73.7230834960937,-184.17715963339532,113.31758144370555,1480539141
run,-84.0595397949218,-76.1217956542968,-179.4615608262904,119.38436165110113,1480555808
run,-81.8387451171875,-78.1395111083984,-169.41634588863957,120.3017120773739,1480572475
run,-79.6376037597656,-79.9359436035156,-156.0471751089478,116.85892947057305,1480589142
run,-77.6815032958984,-81.6753234863281,-141.7310181010251,110.54947933423756,1480605809
run,-76.0223693847656,-83.3561019897461,-128.62074917494272,103.14913710695319,1480622476
run,-74.5629730224609,-84.8960418701171,-118.06324807006938,96.30847424351694,1480639143
run,-72.9452209472656,-86.1999130249023,-110.24522014419772,91.24620333043534,1480655810
run,-70.9892578125,-87.3100128173828,-104.20603015773584,88.57357431369346,1480672477
run,-68.8713836669921,-87.9789962768554,-98.217750241837,88.24678540944522,1480689144
run,-66.8664245605468,-87.6843872070312,-90.3907438077463,89.63497549867854,1480705811
run,-65.1373443603515,-86.5939483642578,-79.28424196063392,91.68854801577714,1480722478
run,-63.9358100891113,-85.026382446289,-64.31822662054431,93.17981783481054,1480739145
run,-63.2904739379882,-83.1309280395507,-45.878035271338774,92.96270812621795,1480755812
run,-63.3248291015625,-81.254165649414,-25.12620862548984,90.17572210836336,1480772479
run,-63.8007850646972,-79.8834152221679,-3.6352717873146214,84.318345802238,1480789146
run,-64.2764739990234,-79.1048202514648,17.003879215891786,75.18119874589674,1480805813
run,-64.7390518188476,-78.5840148925781,35.46991178041383,62.68769036739224,1480822480
run,-65.5987930297851,-78.0072708129882,50.84136260315423,46.759809458259376,1480839147
run,-66.8029251098632,-77.2847442626953,62.5932628423228,27.306137498194776,1480855814
run,-68.0023422241211,-76.7311630249023,70.52623934848721,4.347075545257376,1480872481
run,-69.1361694335937,-76.7261123657226,74.69415606042331,-21.80398356783243,1480889148
run,-70.3634796142578,-77.4561691284179,75.37322155011017,-50.426419604893994,1480905815
run,-71.9533920288086,-78.9213256835937,73.08345689790599,-80.4274286088669,1480922482
run,-73.7853393554687,-80.909065246582,68.63405627035284,-110.51630415861797,1480939149
run,-75.0463562011718,-82.4887466430664,63.12892062046441,-139.4256790384365,1480955816
run,-75.897346496582,-82.282958984375,57.86642054089563,-166.06654088472501,1480972483
run,-76.8182220458984,-81.129653930664,54.11472958318618,-189.5544232022091,1480989150
run,-77.5449523925781,-80.0268936157226,52.81719077746812,-209.12991136934266,1481005817
run,-78.1150741577148,-78.5476837158203,54.33484190424071,-224.05843232611892,1481022484
run,-78.63232421875,-76.2193069458007,58.33570216236452,-233.59414989904258,1481039151
run,-79.5281448364257,-73.0840454101562,63.89134737112618,-237.0411928909976,1481055818
run,-80.4562072753906,-69.5433883666992,69.75832720201541,-233.884934749067,1481072485
run,-80.9888839721679,-65.9731903076171,74.74077760539274,-223.9324057242535,1481089152
run,-81.0356903076171,-62.7066421508789,77.99716699056611,-207.40409548948472,1481105819
run,-80.6715316772461,-60.1500282287597,79.19141302020381,-184.94991861403776,1481122486
run,-80.0711669921875,-58.0449905395507,78.47080348152471,-157.6012459624214,1481139153
run,-79.2830200195312,-56.3221778869628,76.32573428345134,-126.69668054440267,1481155820
run,-78.3474044799804,-55.0110626220703,73.4114590628087,-93.8161677917427,1481172487
run,-77.3633575439453,-53.9029273986816,70.39144574321689,-60.72866709451404,1481189154
run,-76.2709732055664,-53.0997428894043,67.82299921916979,-29.32364799853545,1481205821
run,-75.0586547851562,-52.9544143676757,66.0761745650626,-1.4812941673644733,1481222488
run,-73.8215026855468,-53.4884147644043,65.26974139084733,21.144093596274743,1481239155
run,-72.6361236572265,-54.5033874511718,65.22027473799976,37.40176919907093,1481255822
run,-71.5370635986328,-55.7487716674804,65.41933353706695,46.90004282140702,1481272489
run,-70.4596481323242,-56.9298095703125,65.06395298027944,50.12980410223955,1481289156
run,-69.3190994262695,-57.6179046630859,63.157382624629456,48.376635645949136,1481305823
run,-68.2987060546875,-58.1868324279785,58.671172272473356,43.4237381426594,1481322490
run,-67.6651382446289,-58.6056747436523,50.730835662373345,37.141316362874804,1481339157
run,-67.3221740722656,-58.8756790161132,38.77580064361088,31.112237000033197,1481355824
run,-66.9641952514648,-59.18701171875,22.65843742027351,26.429659495295688,1481372491
run,-66.6845703125,-60.0862731933593,2.6730955537862777,23.72627950871546,1481389158
run,-66.7189407348632,-61.7679023742675,-20.476733597183724,23.385481754282587,1481405825
run,-67.3022537231445,-63.4755592346191,-45.762365513825294,25.785136021602653,1481422492
run,-68.7098083496093,-64.0407791137695,-71.95292539468649,31.39339712911467,1481439159
run,-71.0150451660156,-64.0260391235351,-97.75299842037808,40.61657016998822,1481455826
run,-73.9735107421875,-64.2898712158203,-121.91511538033633,53.463397838373375,1481472493
run,-77.0388641357421,-65.3883972167968,-143.2937146535728,69.22964885089537,1481489160
run,-79.9865188598632,-67.2701873779296,-160.84845407167242,86.41768462410042,1481505827
run,-82.7235488891601,-69.5034561157226,-173.6552830893913,102.981590833364,1481522494
run,-84.8797607421875,-72.0015182495117,-180.99353164020746,116.81826732454708,1481539161
run,-85.2676620483398,-74.5457916259765,-182.52260464352176,126.3094342418544,1481555828
run,-83.5307998657226,-76.8206939697265,-178.4766808193915,130.70689601066397,1481572495
run,-81.1117553710937,-78.8216400146484,-169.75520786697086,130.23336713868076,1481589162
run,-78.7405319213867,-80.6376953125,-157.81198030816242,125.89636848033183,1481605829
run,-76.5978393554687,-82.3754272460937,-144.33450725108187,119.12173624128312,1481622496
run,-74.7629241943359,-84.0719299316406,-130.8084383857926,111.3587632297203,1481639163
run,-73.1408004760742,-85.6448135375976,-118.12576337631285,103.78207964073738,1481655830
run,-71.4785690307617,-86.9853286743164,-106.39018112509528,97.1459621836955,1481672497
run,-69.7276840209961,-87.8840026855468,-95.0001401810182,91.77863709718875,1481689164
run,-67.9806518554687,-87.7305679321289,-82.9800729274513,87.66656507608594,1481705831
run,-66.385383605957,-86.7193832397461,-69.43114533162372,84.57432318092957,1481722498
run,-65.1067733764648,-85.413589477539,-53.92826272863626,82.15889429384322,1481739165
run,-64.3731002807617,-83.9826889038086,-36.717902072335335,80.0512053365299,1481755832
run,-64.3084411621093,-82.532844543457,-18.656799243302558,77.886740298343,1481772499
run,-64.8413772583007,-81.21533203125,-0.9375337699169337,75.27681668462094,1481789166
run,-65.5274276733398,-80.1723480224609,15.270859852310508,71.73176259936831,1481805833
run,-65.9215469360351,-79.4314880371093,29.11780839910523,66.57714952137667,1481822500
run,-66.4725036621093,-78.8021163940429,40.20130627117731,58.929206267893704,1481839167
run,-67.4692993164062,-78.0626220703125,48.52139413795301,47.79113499427174,1481855834
run,-68.4193344116211,-77.1997375488281,54.319639795443784,32.2840586790869,1481872501
run,-69.2234725952148,-76.5238342285156,57.895582029824524,11.949829657667424,1481889168
run,-70.1318817138671,-76.3460845947265,59.48089950125751,-12.998651060301443,1481905835
run,-71.2306365966796,-76.8642349243164,59.22189042196733,-41.60603952275303,1481922502
run,-72.7718429565429,-78.2150192260742,57.274585255100284,-72.33902774558308,1481939169
run,-74.3678512573242,-80.2797164916992,53.95880993205189,-103.43442283791397,1481955836
run,-75.412612915039,-82.1825714111328,49.87450022445181,-133.28731615899008,1481972503
run,-76.215217590332,-82.4467468261718,45.890449306710174,-160.71444383369968,1481989170
run,-76.8839645385742,-81.1768188476562,42.978350203083686,-184.99290523511058,1482005837
run,-77.4844284057617,-79.8776626586914,41.94771572353329,-205.69203601486151,1482022504
run,-78.1005249023437,-78.5386047363281,43.1918211896264,-222.41731569422788,1482039171
run,-78.7453079223632,-76.5455169677734,46.55539430553688,-234.6124236281151,1482055838
run,-79.6574020385742,-73.7667846679687,51.38406921693697,-241.51516531665328,1482072505
run,-80.5876693725586,-70.2718276977539,56.73598885979081,-242.27859175161964,1482089172
run,-81.0716323852539,-66.3346710205078,61.66501982285672,-236.19732441246737,1482105839
run,-81.168472290039,-62.72945022583,65.46219524126896,-222.94336177265657,1482122506
run,-80.9410018920898,-59.8124122619628,67.77902493902917,-202.7219872729473,1482139173
run,-80.4926452636718,-57.3643074035644,68.62372358444253,-176.30535029684614,1482155840
run,-79.8911209106445,-55.6204528808593,68.27327344685634,-144.96618978158276,1482172507
run,-79.119155883789,-54.1874275207519,67.15591890990784,-110.37469962969703,1482189174
run,-78.2072219848632,-52.788272857666,65.73921650073511,-74.5092147667255,1482205841
run,-77.1996994018554,-51.7817459106445,64.43420273472557,-39.57776341600693,1482222508
run,-76.1517028808593,-51.3618850708007,63.516121059646586,-7.895411797500493,1482239175
run,-75.1104965209961,-51.77730178833,63.067362989646774,18.344268387579085,1482255842
run,-74.0737533569336,-52.8245277404785,62.95580474377763,37.412162013931244,1482272509
run,-73.0075759887695,-54.2604827880859,62.859089076970655,48.42485689015592,1482289176
run,-71.9247741699218,-55.6154518127441,62.33093255407404,51.62417020875279,1482305843
run,-70.8401641845703,-56.5761528015136,60.8871945022374,48.415191014743975,1482322510
run,-69.7478256225586,-57.2244453430175,58.07810545645131,41.09719565661898,1482339177
run,-68.7982482910156,-57.541088104248,53.517504039527054,32.33998460007546,1482355844
run,-68.1979217529296,-57.6699523925781,46.862759242766444,24.565323121990975,1482372511
run,-67.7942352294921,-57.7893104553222,37.77165895642695,19.43934511839253,1482389178
run,-67.3869171142578,-58.0066337585449,25.885040580306914,17.64723261703178,1482405845
run,-67.0493240356445,-59.0015792846679,10.876942222316233,19.017591614560395,1482422512
run,-66.839859008789,-60.8366470336914,-7.423579622357179,22.922934462203138,1482439179
run,-67.0116729736328,-62.6094703674316,-28.880474810481086,28.757060426783745,1482455846
run,-67.947265625,-63.4883499145507,-52.93305047991256,36.24886535756949,1482472513
run,-69.7641448974609,-63.7524452209472,-78.56240823190592,45.46094266868096,1482489180
run,-72.5064392089843,-64.1116638183593,-104.3519365492869,56.505461291671395,1482505847
run,-75.5907821655273,-64.9855041503906,-128.6185463828127,69.17513289429556,1482522514
run,-78.5470962524414,-66.644058227539,-149.58974940472314,82.72582978581116,1482539181
run,-81.5352935791015,-68.8009414672851,-165.62479898167865,95.94452635494733,1482555848
run,-84.117805480957,-71.1744232177734,-175.48711825975334,107.46955888940394,1482572515
run,-85.3817062377929,-73.55859375,-178.6382339609203,116.20123621098232,1482589182
run,-84.3530578613281,-75.6933898925781,-175.45830973884242,121.61079114342552,1482605849
run,-82.2993850708007,-77.623550415039,-167.26562595220648,123.82408318772704,1482622516
run,-80.2592620849609,-79.4828491210937,-156.0540863213925,123.47395789820403,1482639183
run,-78.3641281127929,-81.3247756958007,-143.98296903504658,121.41557947854929,1482655850
run,-76.6427459716796,-83.1678695678711,-132.77503955622657,118.43707468873347,1482672517
run,-74.926643371582,-84.9508056640625,-123.2396429731616,115.07019318990022,1482689184
run,-72.9771575927734,-86.6808166503906,-115.10226994650854,111.54246038061498,1482705851
run,-70.8776779174804,-88.1420669555664,-107.20532664331492,107.85023610063413,1482722518
run,-68.8451080322265,-88.0489654541015,-97.99933285367304,103.89363595607207,1482739185
run,-67.0639038085937,-86.5835037231445,-86.13610879945361,99.60374988797624,1482755852
run,-65.5911483764648,-84.9274291992187,-70.9514953940042,95.00446751848703,1482772519
run,-64.6603698730468,-83.348403930664,-52.68600971208381,90.17855972061608,1482789186
run,-64.4014205932617,-81.9719467163086,-32.40090413554681,85.14454680191271,1482805853
run,-64.7118225097656,-80.8989944458007,-11.656729281752927,79.69040546241267,1482822520
run,-65.2254562377929,-80.0497970581054,7.906969886067675,73.24149967604986,1482839187
run,-65.6221694946289,-79.2603454589843,24.941320548877023,64.8477639818287,1482855854
run,-66.1259307861328,-78.3871459960937,38.606400440710146,53.3448282461701,1482872521
run,-67.147705078125,-77.4217300415039,48.615344015148196,37.67514224580336,1482889188
run,-68.243293762207,-76.594123840332,55.14467097237294,17.272026113941866,1482905855
run,-69.056655883789,-76.2790908813476,58.67661813087934,-7.64547458224416,1482922522
run,-69.8700866699218,-76.7244110107421,59.83780460549528,-36.0075630101607,1482939189
run,-70.8525314331054,-78.0508041381836,59.287017934192114,-66.11368090428138,1482955856
run,-72.3275909423828,-80.1534194946289,57.67990063400851,-96.06755446041714,1482972523
run,-73.803840637207,-82.5916748046875,55.69355896126485,-124.25350934177533,1482989190
run,-74.8577423095703,-83.7556533813476,54.05013514632506,-149.65425224944357,1483005857
run,-75.6624755859375,-82.6427536010742,53.472419062674334,-171.8831074411329,1483022524
run,-76.6669998168945,-80.9319152832031,54.549030813535545,-190.94328057942516,1483039191
run,-77.5319671630859,-79.5445480346679,57.55191070502868,-206.85789614982355,1483055858
run,-78.1831359863281,-77.9244537353515,62.29182644665861,-219.36323166336274,1483072525
run,-79.0034713745117,-75.4927139282226,68.09567590595294,-227.80344833097365,1483089192
run,-80.1175994873046,-72.3087310791015,73.94353430415464,-231.25312960700225,1483105859
run,-80.8976135253906,-68.7503280639648,78.73188779647852,-228.79205338568423,1483122526
run,-81.2388000488281,-65.0748443603515,81.56865494421017,-219.80724368280923,1483139193
run,-81.1110916137695,-61.7928237915039,81.9936012743869,-204.20662186064988,1483155860
run,-80.5754623413086,-59.2428741455078,80.06044750126475,-182.48198483260532,1483172527
run,-79.7708053588867,-57.1679649353027,76.28072452292565,-155.6311449129735,1483189194
run,-78.7892761230468,-55.5263938903808,71.4738983140933,-125.00634602450273,1483205861
run,-77.7603378295898,-54.1597557067871,66.57807470711234,-92.16960316383776,1483222528
run,-76.7651290893554,-52.9635047912597,62.46161706737986,-58.80068362375994,1483239195
run,-75.7908859252929,-52.145408630371,59.75810331112697,-26.645404163943383,1483255862
run,-74.8013305664062,-52.1310882568359,58.73845895979016,2.549821258489791,1483272529
run,-73.8081283569336,-52.6423606872558,59.23572332418822,27.16861966731546,1483289196
run,-72.8180618286132,-53.8248176574707,60.64111323965833,45.92637025279323,1483305863
run,-71.8434677124023,-55.2096290588378,61.984586434629286,58.09032425125123,1483322530
run,-70.7886657714843,-56.4478073120117,62.09486932367741,63.632434381822286,1483339197
run,-69.6280136108398,-57.364990234375,59.8080819008823,63.2450529861184,1483355864
run,-68.6120681762695,-58.3714866638183,54.173385104019076,58.20760444059245,1483372531
run,-68.0020141601562,-59.2178039550781,44.60281522730533,50.15681636505511,1483389198
run,-67.7203903198242,-59.806713104248,30.935852736393432,40.84495004474117,1483405865
run,-67.5721206665039,-60.364387512207,13.424852104810277,31.95712950056663,1483422532
run,-67.5543518066406,-61.3404884338378,-7.327951494954173,25.014549319064713,1483439199
run,-67.8182067871093,-62.8026275634765,-30.451118558442158,21.33507865662657,1483455866
run,-68.6728439331054,-63.8349952697753,-54.88789859114041,21.979966229024985,1483472533
run,-70.3084030151367,-63.9343223571777,-79.48106999225261,27.619239531720332,1483489200
run,-72.7994384765625,-63.9416770935058,-103.05334751431124,38.318081988306886,1483505867
run,-75.7340927124023,-64.5514068603515,-124.46961588928518,53.3436881317819,1483522534
run,-78.5952453613281,-66.0062408447265,-142.67475058774252,71.1358487817762,1483539201
run,-81.4162902832031,-67.9596176147461,-156.72907796497583,89.5285269590546,1483555868
run,-83.8223876953125,-70.2177734375,-165.88583042723434,106.18973890627126,1483572535
run,-85.3162155151367,-72.7464981079101,-169.736021817262,119.14142074678257,1483589202
run,-84.8779983520507,-75.1971435546875,-168.38504432317362,127.18358278112031,1483605869
run,-82.9825668334961,-77.3853683471679,-162.56537796919991,130.08637524751526,1483622536
run,-80.8248291015625,-79.3391342163086,-153.58223596986824,128.50679278251963,1483639203
run,-78.7825317382812,-81.1520233154296,-143.04993363056244,123.69127943372138,1483655870
run,-76.9136276245117,-82.9420623779296,-132.47662980213093,117.09322379059721,1483672537
run,-75.2503662109375,-84.7369842529296,-122.83990804623839,110.0371216548652,1483689204
run,-73.5454025268554,-86.4172897338867,-114.31962230189116,103.50913958444386,1483705871
run,-71.6850509643554,-87.8130493164062,-106.30230534034698,98.0851229660897,1483722538
run,-69.7096252441406,-88.3656539916992,-97.66424418588443,93.95927559294354,1483739205
run,-67.8753890991211,-87.568359375,-87.22661216836157,91.02413403822086,1483755872
run,-66.3285140991211,-86.2805862426757,-74.20932954057828,88.96461913665178,1483772539
run,-65.1851196289062,-84.8477096557617,-58.51968867147575,87.34559155955579,1483789206
run,-64.5214538574218,-83.2459945678711,-40.786770511981636,85.67975628524256,1483805873
run,-64.577033996582,-81.6058578491211,-22.15529717980046,83.46133487524166,1483822540
run,-65.1578521728515,-80.2337036132812,-3.9410262882506735,80.15308464096455,1483839207
run,-65.5552978515625,-79.2949981689453,12.708361496441412,75.13377412247912,1483855874
run,-65.7421340942382,-78.6184158325195,27.02536022264899,67.64869926292674,1483872541
run,-66.3520431518554,-77.9127426147461,38.662331855013,56.83206146513153,1483889208
run,-67.3324966430664,-77.0660095214843,47.59793484865854,41.853967503278355,1483905875
run,-68.2860794067382,-76.2422790527343,53.99286776418052,22.17848670449533,1483922542
run,-69.1220703125,-75.7292861938476,58.07014994143951,-2.1629205338232924,1483939209
run,-70.0163040161132,-75.9667434692382,60.06458040524915,-30.419437551241547,1483955876
run,-71.3016128540039,-77.10791015625,60.25343837826602,-61.190439624483055,1483972543
run,-72.9218368530273,-79.0038146972656,59.04375679523721,-92.71391013242757,1483989210
run,-74.2010345458984,-81.2785034179687,57.05306500442017,-123.25867795343393,1484005877
run,-75.1900329589843,-82.6199111938476,55.10617974118979,-151.44980616228293,1484022544
run,-76.0530929565429,-82.2272415161132,54.10426542483911,-176.3933776416561,1484039211
run,-76.8976516723632,-81.2864074707031,54.79188314353002,-197.577167599368,1484055878
run,-77.6646118164062,-80.2174072265625,57.51087664394981,-214.64127483772995,1484072545
run,-78.3863449096679,-78.4587173461914,62.05020321296741,-227.1669415892262,1484089212
run,-79.3207397460937,-75.8303070068359,67.66845510561126,-234.59735212526184,1484105879
run,-80.3458175659179,-72.4859542846679,73.2946769208676,-236.31587017800243,1484122546
run,-80.9962158203125,-68.8418045043945,77.8349825431405,-231.82436212774778,1484139213
run,-81.1545639038086,-65.3207397460937,80.4685282957556,-220.92706079350293,1484155880
run,-80.8648376464843,-62.2181320190429,80.831938831521,-203.84117853090154,1484172547
run,-80.2589874267578,-59.7663269042968,79.05279699859919,-181.20725266653116,1484189214
run,-79.4206237792968,-57.6625328063964,75.65793172368092,-154.02806338678144,1484205881
run,-78.4415588378906,-55.9624710083007,71.4150718409525,-123.59141557497789,1484222548
run,-77.4091415405273,-54.5164604187011,67.16117161255085,-91.41502086434075,1484239215
run,-76.3543319702148,-53.3192176818847,63.64616692801002,-59.20687878040282,1484255882
run,-75.25927734375,-52.5202407836914,61.40013493236208,-28.795212013901992,1484272549
run,-74.1614608764648,-52.5307807922363,60.62678090352013,-1.976831733623374,1484289216
run,-73.1207962036132,-53.1116142272949,61.134365215883264,19.729314661810417,1484305883
run,-72.1323547363281,-54.2184143066406,62.32477657443859,35.37189435542638,1484322550
run,-71.1029815673828,-55.5122261047363,63.260175837392005,44.79350098045261,1484339217
run,-69.9686050415039,-56.3923263549804,62.809452658592754,48.68026912759235,1484355884
run,-68.8534622192382,-56.9764976501464,59.848891484909544,48.380708406167344,1484372551
run,-67.9694213867187,-57.6345252990722,53.46699261249168,45.54149503388779,1484389218
run,-67.4343872070312,-58.161521911621,43.118544357534006,41.696677426165046,1484405885
run,-67.1258087158203,-58.5427665710449,28.6937986026573,37.97176859492993,1484422552
run,-66.9232025146484,-59.2278633117675,10.502739233608336,35.01444201811975,1484439219
run,-66.8788757324218,-60.8008155822753,-10.79980342630511,33.16177950142683,1484455886
run,-67.1968383789062,-62.8713455200195,-34.317059305462486,32.73568499499985,1484472553
run,-68.18408203125,-64.3504638671875,-59.01806018606874,34.27420365774083,1484489220
run,-70.0743637084961,-64.6088485717773,-83.83237948150962,38.5205848421996,1484505887
run,-72.7749404907226,-64.595718383789,-107.71128420193936,46.12725923134713,1484522554
run,-75.8003616333007,-64.9776000976562,-129.63796589201192,57.21811667326035,1484539221
run,-78.5496215820312,-66.2154541015625,-148.59773012889966,71.06128907532879,1484555888
run,-81.2968521118164,-68.1361541748046,-163.56527850344986,86.058710058319,1484572555
run,-83.7771072387695,-70.3115463256836,-173.58740267913217,100.09504305953352,1484589222
run,-85.3109054565429,-72.8066635131836,-177.99444292089294,111.11421360136333,1484605889
run,-84.6889495849609,-75.2470474243164,-176.67682160271698,117.69700921683895,1484622556
run,-82.6506271362304,-77.3570175170898,-170.28321191367974,119.42781840745171,1484639223
run,-80.4162673950195,-79.2158432006836,-160.199150358212,116.93888032052818,1484655890
run,-78.2544403076171,-80.9161987304687,-148.25514989863552,111.65128039925551,1484672557
run,-76.3116683959961,-82.521240234375,-136.2402571037892,105.33259199884634,1484689224
run,-74.6140823364257,-84.0809020996093,-125.39326631013225,99.62565154406242,1484705891
run,-72.892822265625,-85.577033996582,-116.06501244429654,95.67638694493971,1484722558
run,-70.9872589111328,-87.0329818725586,-107.68353513113813,93.93261218396526,1484739225
run,-68.9603576660156,-88.3751449584961,-99.03545860682317,94.13088765624646,1484755892
run,-67.0448989868164,-88.5526046752929,-88.75248071224661,95.44808206077668,1484772559
run,-65.3893661499023,-87.1814498901367,-75.81711838638904,96.766119808678,1484789226
run,-64.2183456420898,-85.435806274414,-59.90832324791825,96.97712198251936,1484805893
run,-63.693058013916,-83.4616928100586,-41.485921216672686,95.24259108251245,1484822560
run,-63.8138351440429,-81.5391235351562,-21.622538912316763,91.1240140320583,1484839227
run,-64.3136138916015,-80.2056808471679,-1.6842944927107553,84.53677058839301,1484855894
run,-64.6909866333007,-79.5154571533203,17.000185619386674,75.54886889441221,1484872561
run,-65.1025466918945,-79.1044921875,33.371067987128676,64.12841230009168,1484889228
run,-65.9638977050781,-78.5308837890625,46.72991856823438,49.98837095592071,1484905895
run,-67.0840148925781,-77.6930999755859,56.72405043643375,32.638819205075954,1484922562
run,-68.1233825683593,-76.8582534790039,63.28322143926218,11.641330046902386,1484939229
run,-69.1505050659179,-76.4515151977539,66.56140982231152,-13.065339295111505,1484955896
run,-70.2868728637695,-76.9208679199218,66.91334789994578,-40.95170023720914,1484972563
run,-71.8571701049804,-78.3433227539062,64.90874857641356,-70.92112421939537,1484989230
run,-73.3669281005859,-80.4502944946289,61.35590908770172,-101.56039198275973,1485005897
run,-74.4372634887695,-82.3249969482421,57.28150627051207,-131.47827015919054,1485022564
run,-75.3964614868164,-82.2862014770507,53.818603567632366,-159.54986099648283,1485039231
run,-76.309097290039,-81.0527572631836,51.99799751783017,-184.9521813814376,1485055898
run,-77.0766143798828,-79.9905624389648,52.496115164633935,-207.0098436173812,1485072565
run,-77.7000579833984,-78.7884979248046,55.43215836809993,-224.98112485135246,1485089232
run,-78.3476104736328,-76.7164993286132,60.307030097496074,-237.9363725208918,1485105899
run,-79.4574356079101,-73.6934280395507,66.13133135366894,-244.81243450240086,1485122566
run,-80.4557723999023,-70.1090469360351,71.71161664050632,-244.62462259500447,1485139233
run,-81.0511093139648,-66.243179321289,75.9903671729725,-236.7413883629958,1485155900
run,-81.1909637451171,-62.6768417358398,78.31215584253515,-221.10523383869122,1485172567
run,-80.8943786621093,-59.8741226196289,78.53189361010025,-198.31669704234605,1485189234
run,-80.2568283081054,-57.7067794799804,76.95899469085688,-169.5678624736175,1485205901
run,-79.3788909912109,-55.9668807983398,74.1941966180582,-136.48159240805543,1485222568
run,-78.3754272460937,-54.5701217651367,70.93608509525754,-100.94177486173082,1485239235
run,-77.4000473022461,-53.3868255615234,67.8168092960819,-64.97155592048229,1485255902
run,-76.4520263671875,-52.5126266479492,65.29260598795153,-30.65342575554409,1485272569
run,-75.5087585449218,-52.3134841918945,63.58559118251567,-0.032992467459644514,1485289236
run,-74.5191574096679,-52.8366661071777,62.660580298799,25.05525544215854,1485305903
run,-73.4761581420898,-54.0324554443359,62.22503774959401,43.25054767526408,1485322570
run,-72.4148788452148,-55.5044555664062,61.752766691475,53.9496773087523,1485339237
run,-71.2784042358398,-56.851806640625,60.53954923405254,57.49084722006726,1485355904
run,-70.1377944946289,-57.640827178955,57.79292721385092,55.127525511109475,1485372571
run,-69.2323455810546,-58.2401084899902,52.74231193352655,48.763956359868246,1485389238
run,-68.7071990966796,-58.7654800415039,44.744496873126685,40.53324662816587,1485405905
run,-68.399658203125,-59.1632499694824,33.36525050238926,32.37119878988815,1485422572
run,-68.1051864624023,-59.4940681457519,18.434442806080266,25.73474267168142,1485439239
run,-67.9207305908203,-60.4236984252929,0.08221570462465005,21.540399649232853,1485455906
run,-68.0032882690429,-61.9552192687988,-21.242469111651037,20.29204812127027,1485472573
run,-68.5562744140625,-63.3420906066894,-44.78220902673183,22.274204949383083,1485489240
run,-69.8214874267578,-63.6803665161132,-69.5228346162586,27.65888088420381,1485505907
run,-71.9398803710937,-63.7728691101074,-94.28104900543707,36.44343365286457,1485522574
run,-74.7589340209961,-64.3003616333007,-117.79947023675999,48.269699957535735,1485539241
run,-77.7062759399414,-65.5521469116211,-138.8175371605237,62.274438302311864,1485555908
run,-80.6362152099609,-67.3147354125976,-156.11787482629896,77.11166483048835,1485572575
run,-83.360969543457,-69.327392578125,-168.5918796242087,91.1834758371158,1485589242
run,-85.3701019287109,-71.5147018432617,-175.37931672800815,102.99758167032672,1485605909
run,-85.4050064086914,-73.7052993774414,-176.08836634902298,111.50695354305859,1485622576
run,-83.3881759643554,-75.7326278686523,-171.02122876122849,116.30135373618396,1485639243
run,-80.8756408691406,-77.5912475585937,-161.27644251061932,117.5944054136047,1485655910
run,-78.525650024414,-79.3896408081054,-148.61803085574368,116.04288522767658,1485672577
run,-76.5538101196289,-81.2003860473632,-135.09259227877365,112.49936289692138,1485689244
run,-74.9874954223632,-83.0395965576171,-122.49463776263156,107.80409460267981,1485705911
run,-73.5518188476562,-84.8224029541015,-111.86741506234763,102.67285338554484,1485722578
run,-71.9340362548828,-86.4224777221679,-103.23439493228666,97.6716512169652,1485739245
run,-70.0671691894531,-87.7697143554687,-95.67467307095939,93.22879883955474,1485755912
run,-68.1674118041992,-88.4277877807617,-87.71757709033317,89.63753121308093,1485772579
run,-66.4507141113281,-87.9213333129882,-77.90339580643204,87.03495021547994,1485789246
run,-65.0660934448242,-86.7816772460937,-65.29961884337762,85.37496516055114,1485805913
run,-64.1227874755859,-85.3239593505859,-49.795878367355506,84.42051837074418,1485822580
run,-63.736831665039,-83.6224365234375,-32.0998411028906,83.76138367367768,1485839247
run,-64.0705184936523,-81.9879074096679,-13.472640412878668,82.83729315727898,1485855914
run,-64.7419509887695,-80.7549743652343,4.6679390234101,80.93960821204024,1485872581
run,-65.2093734741211,-79.9005966186523,21.11621520506605,77.1926297929968,1485889248
run,-65.5741195678711,-79.1356506347656,35.09640402068968,70.56117363923113,1485905915
run,-66.3969039916992,-78.2431106567382,46.29321747349963,59.95212572545402,1485922582
run,-67.4586334228515,-77.1796951293945,54.74401596893101,44.441405792056244,1485939249
run,-68.4712600708007,-76.1806411743164,60.68001164491882,23.574836603158317,1485955916
run,-69.4298019409179,-75.7172393798828,64.3943883812157,-2.384363919833936,1485972583
run,-70.5227584838867,-76.166633605957,66.18407791410887,-32.39831388313685,1485989250
run,-72.1300659179687,-77.6062774658203,66.37552603835408,-64.84753180611881,1486005917
run,-73.7724990844726,-79.7593078613281,65.40299128803677,-97.90834905606391,1486022584
run,-75.0446624755859,-82.0541381835937,63.871485501568365,-129.9467925826761,1486039251
run,-76.1741790771484,-82.9330291748046,62.532900040003454,-159.7481668554813,1486055918
run,-77.2188949584961,-82.1633834838867,62.1467874220403,-186.49214127751438,1486072585
run,-78.1611785888671,-81.2067718505859,63.26459387353996,-209.5278177566858,1486089252
run,-78.9626007080078,-80.0490646362304,66.0278963630342,-228.11393503666798,1486105919
run,-79.7704162597656,-77.9167251586914,70.07909571825748,-241.29667066534248,1486122586
run,-80.9403457641601,-74.7219696044921,74.64052756998521,-248.0029107196492,1486139253
run,-81.8945083618164,-70.9786834716796,78.74131092530672,-247.2994491268933,1486155920
run,-82.3019638061523,-67.1158676147461,81.50041184795134,-238.68669185413748,1486172587
run,-82.1307754516601,-63.511131286621,82.35408509219907,-222.29360158210116,1486189254
run,-81.55419921875,-60.6520652770996,81.15774289360242,-198.90368347406837,1486205921
run,-80.7318954467773,-58.2997169494628,78.16145556379857,-169.8283367502334,1486222588
run,-79.7531433105468,-56.4120063781738,73.90592611903594,-136.70886039309326,1486239255
run,-78.7306137084961,-54.9473648071289,69.09113105052653,-101.34134039533753,1486255922
run,-77.7191772460937,-53.6172752380371,64.44791982946359,-65.57780011292425,1486272589
run,-76.7028656005859,-52.6113815307617,60.62086134545265,-31.28959741406323,1486289256
run,-75.6192855834961,-52.3250350952148,58.06328058701055,-0.3260800194897024,1486305923
run,-74.4523544311523,-52.7915420532226,56.94979557828811,25.603088271726296,1486322590
run,-73.2746505737304,-53.9244880676269,57.11774667482983,45.142526365717096,1486339257
run,-72.1084899902343,-55.3107643127441,58.05059209450358,57.54577722477835,1486355924
run,-70.9246292114257,-56.5280647277832,58.912506867034914,62.86039569496903,1486372591
run,-69.7900314331054,-57.308837890625,58.63452927902207,61.94546445997507,1486389258
run,-68.8966522216796,-58.1355438232421,56.04174254070665,56.29736854952621,1486405925
run,-68.318115234375,-58.8439598083496,50.0052115485243,47.7499747369096,1486422592
run,-67.8945236206054,-59.4144554138183,39.605395027742865,38.16563617002777,1486439259
run,-67.4444732666015,-59.8895721435546,24.29760813767116,29.2190180219799,1486455926
run,-67.1207275390625,-60.942642211914,4.062330326312136,22.31300472075494,1486472593
run,-67.173828125,-62.3954925537109,-20.495573247073416,18.588702256955397,1486489260
run,-67.915283203125,-63.3708572387695,-48.145276257320305,18.93634256333235,1486505927
run,-69.4719619750976,-63.4133605957031,-77.15471171936208,23.918554501261106,1486522594
run,-71.8700866699218,-63.4879875183105,-105.52438497869873,33.59555472109546,1486539261
run,-74.8128433227539,-64.1580657958984,-131.26656072915904,47.346655322312145,1486555928
run,-77.6980361938476,-65.5589141845703,-152.65405149240726,63.829124667028054,1486572595
run,-80.6564331054687,-67.4072799682617,-168.39631751424568,81.16082454066238,1486589262
run,-83.2200851440429,-69.4811477661132,-177.75037615000824,97.29806346685277,1486605929
run,-84.8901748657226,-71.7106094360351,-180.59457633570557,110.48301537645557,1486622596
run,-84.7828598022461,-73.9618988037109,-177.4687376035646,119.60457578542277,1486639263
run,-83.1167831420898,-76.1003723144531,-169.54370448713493,124.35576012823844,1486655930
run,-80.9629516601562,-78.0570449829101,-158.46973171170288,125.15579120836992,1486672597
run,-78.8301391601562,-79.9133224487304,-146.0845427931313,122.89788702290892,1486689264
run,-76.8834762573242,-81.7937622070312,-134.02386253742097,118.64173955652639,1486705931
run,-75.2179183959961,-83.6790084838867,-123.33763557843979,113.3658831082093,1486722598
run,-73.6091918945312,-85.3885803222656,-114.24212797950867,107.8380035094578,1486739265
run,-71.7852020263671,-86.7772369384765,-106.11167735851762,102.5903299337246,1486755932
run,-69.8274230957031,-87.5416259765625,-97.73511790161962,97.94481018451478,1486772599
run,-67.9656372070312,-87.2244873046875,-87.75981021768698,94.03505284621635,1486789266
run,-66.3529815673828,-86.2691802978515,-75.16931571943637,90.80441910333319,1486805933
run,-65.1495971679687,-85.0671615600586,-59.628757000331866,87.99384536115173,1486822600
run,-64.4595413208007,-83.6162643432617,-41.58917721361848,85.14645338859664,1486839267
run,-64.4707794189453,-81.9666671752929,-22.13892815024198,81.64293408984744,1486855934
run,-65.1193695068359,-80.4987106323242,-2.6839683310099844,76.75632446044109,1486872601
run,-65.5473098754882,-79.5658340454101,15.407493527808064,69.70380289041967,1486889268
run,-65.8324356079101,-79.0242004394531,31.070213160503293,59.692605509574086,1486905935
run,-66.5217056274414,-78.5050354003906,43.65729577430487,45.9905591817462,1486922602
run,-67.5996017456054,-77.8426513671875,52.92536991912045,28.058408334807517,1486939269
run,-68.643325805664,-77.2485275268554,58.95235052762684,5.737680989596735,1486955936
run,-69.6146621704101,-77.1084899902343,62.046830177217196,-20.57966783694189,1486972603
run,-70.6359100341796,-77.7301025390625,62.68367279500642,-49.906214876764075,1486989270
run,-71.9723510742187,-79.3057250976562,61.47626374728095,-80.80290044721767,1487005937
run,-73.4965896606445,-81.4331512451171,59.17108054395904,-111.6757460153209,1487022604
run,-74.5560455322265,-82.7490997314453,56.62641471544714,-141.09532951911416,1487039271
run,-75.3877868652343,-82.0119094848632,54.73317610008602,-167.9879698858082,1487055938
run,-76.501480102539,-80.6138076782226,54.265240102231274,-191.6203828185731,1487072605
run,-77.3712921142578,-79.4107208251953,55.694550075628676,-211.42054890740502,1487089272
run,-78.1182632446289,-77.7915802001953,59.04136357801924,-226.76626902278434,1487105939
run,-78.863166809082,-75.3708801269531,63.83280131936815,-236.876191911849,1487122606
run,-79.9300308227539,-72.1609497070312,69.20931659675692,-240.8668061137044,1487139273
run,-80.7556533813476,-68.3760681152343,74.15796984022852,-237.94653144892558,1487155940
run,-81.2477035522461,-64.6859436035156,77.79151428299986,-227.65433694645685,1487172607
run,-81.3012771606445,-61.5687255859375,79.57076253136715,-210.03943528299925,1487189274
run,-80.8754730224609,-58.9738082885742,79.39963011713367,-185.7206604605974,1487205941
run,-80.1436386108398,-56.8876609802246,77.58484108617904,-155.83331080439214,1487222608
run,-79.1920318603515,-55.2722473144531,74.70546126802789,-121.92235913734889,1487239275
run,-78.162857055664,-53.8084640502929,71.45466138566069,-85.84109304908698,1487255942
run,-77.1785125732421,-52.6220207214355,68.49804522663572,-49.669602565119106,1487272609
run,-76.1799087524414,-51.9645309448242,66.3608432106576,-15.615499983399875,1487289276
run,-75.14453125,-52.2698554992675,65.33516853740491,14.15928019444936,1487305943
run,-74.0938186645507,-53.1389961242675,65.40068905366091,37.80788861020266,1487322610
run,-73.0713424682617,-54.6342277526855,66.17123364109706,54.11708841043581,1487339277
run,-72.0728988647461,-56.1904411315918,66.89725347455561,62.767275657613595,1487355944
run,-71.0041885375976,-57.2719917297363,66.55132087984684,64.41780120917127,1487372611
run,-69.8202819824218,-58.2300415039062,63.995528289938456,60.55872446323368,1487389278
run,-68.7471771240234,-59.0449028015136,58.189854323572796,53.16686513199333,1487405945
run,-68.0987548828125,-59.5724334716796,48.37736070398657,44.28747767708673,1487422612
run,-67.7674484252929,-59.9005622863769,34.19610981338654,35.689956756867396,1487439279
run,-67.5877532958984,-60.5616912841796,15.709821788152851,28.707519398783024,1487455946
run,-67.5649261474609,-62.0159950256347,-6.614858784949801,24.282787409219804,1487472613
run,-67.8566970825195,-63.7539901733398,-31.953312953250595,23.13393662696045,1487489280
run,-68.8440628051757,-64.6340408325195,-59.18045767320174,25.882364858098644,1487505947
run,-70.6799697875976,-64.6531753540039,-86.94738747327509,33.00381525329879,1487522614
run,-73.3507080078125,-64.7779769897461,-113.77712789065646,44.59020544389881,1487539281
run,-76.4455032348632,-65.5272521972656,-138.16439321499607,60.059501614858966,1487555948
run,-79.3979110717773,-67.086311340332,-158.66882282801768,78.0137500040554,1487572615
run,-82.3659591674804,-69.1484680175781,-174.01945100095014,96.37737423530167,1487589282
run,-84.7663650512695,-71.529556274414,-183.26622344256253,112.80410988766684,1487605949
run,-85.490249633789,-74.1266403198242,-185.985376702421,125.21335989058251,1487622616
run,-83.9084167480468,-76.5155181884765,-182.47777431826498,132.26576836415302,1487639283
run,-81.4407196044921,-78.6417694091796,-173.84694019751265,133.62396928836773,1487655950
run,-78.982063293457,-80.6089935302734,-161.85686235919562,129.93930703624008,1487672617
run,-76.7579879760742,-82.4818267822265,-148.55243315598352,122.6075963335103,1487689284
run,-74.9197463989257,-84.2802581787109,-135.73625644074409,113.39900307641173,1487705951
run,-73.3022537231445,-85.9136199951171,-124.47808870648714,104.07294017652828,1487722618
run,-71.5655899047851,-87.1957168579101,-114.8446307032308,96.05775842627567,1487739285
run,-69.6346588134765,-88.0652847290039,-105.96521048066128,90.23783679655347,1487755952
run,-67.6142807006836,-87.926040649414,-96.4188178095734,86.86493859946904,1487772619
run,-65.7303771972656,-86.8619995117187,-84.79813897529502,85.59432908829682,1487789286
run,-64.1878814697265,-85.4930725097656,-70.23877852698116,85.62872182153713,1487805953
run,-63.2022666931152,-83.8788757324218,-52.72618034631874,85.93006964851763,1487822620
run,-62.8857421875,-82.0883026123046,-33.0915095533058,85.4372925685264,1487839287
run,-63.2523612976074,-80.4988784790039,-12.73273106220465,83.22219974727564,1487855954
run,-63.8707046508789,-79.404670715332,6.80464357591737,78.5409341407228,1487872621
run,-64.313720703125,-78.7567749023437,24.219351357886705,70.79428249486182,1487889288
run,-64.8500213623046,-78.1732482910156,38.691429451010464,59.469526836800235,1487905955
run,-65.9146194458007,-77.3968048095703,49.92303288438776,44.15389337747272,1487922622
run,-67.0437774658203,-76.5321578979492,58.022173531180606,24.65939491416548,1487939289
run,-67.9242935180664,-75.9359359741211,63.310589952857605,1.2065441205791239,1487955956
run,-68.7820129394531,-76.0133209228515,66.14378795610077,-25.454431845777673,1487972623
run,-69.8255386352539,-77.0037231445312,66.81756668186247,-54.09583306829575,1487989290
run,-71.3742904663086,-78.8048324584961,65.5989603878095,-83.25789078829987,1488005957
run,-73.0732650756836,-80.9190063476562,62.856612718955674,-111.59043225536143,1488022624
run,-74.3441162109375,-82.1478729248046,59.20094639169848,-138.12702353907216,1488039291
run,-75.3950271606445,-81.3375778198242,55.52346764166189,-162.35614689786996,1488055958
run,-76.3189163208007,-79.9063034057617,52.87005218689783,-184.06328786827717,1488072625
run,-76.9573211669921,-79.0846710205078,52.17102578341941,-203.04127090024423,1488089292
run,-77.5473480224609,-78.1624908447265,53.93158020948867,-218.82821876455515,1488105959
run,-78.050048828125,-76.3230514526367,58.01930995358509,-230.60251926717206,1488122626
run,-78.8357925415039,-73.5858840942382,63.65491445094417,-237.27531008023678,1488139293
run,-79.676155090332,-70.2290420532226,69.62733745055418,-237.73429829335572,1488155960
run,-80.1677703857421,-66.5681228637695,74.65504080866317,-231.14540766127206,1488172627
run,-80.2675247192382,-63.0470924377441,77.75445288642753,-217.21151041817907,1488189294
run,-80.0179901123046,-60.2303504943847,78.48632556034464,-196.3101854050989,1488205961
run,-79.5124206542968,-58.0557289123535,77.01588787411505,-169.47956088003372,1488222628
run,-78.7740020751953,-56.3133430480957,73.998618005832,-138.2795254878693,1488239295
run,-77.8631362915039,-54.8632202148437,70.35336336391819,-104.59596629737229,1488255962
run,-76.9027557373046,-53.6552696228027,66.99924586506064,-70.4536358046148,1488272629
run,-75.9157943725586,-52.734878540039,64.62248817793441,-37.86342307583759,1488289296
run,-74.8621673583984,-52.3680152893066,63.51752255666948,-8.68443642925709,1488305963
run,-73.739761352539,-52.6629981994628,63.52317756899665,15.535276634727888,1488322630
run,-72.6200180053711,-53.5629844665527,64.05483596813576,33.75056805939567,1488339297
run,-71.5657272338867,-54.9293022155761,64.21887574650783,45.603618258461296,1488355964
run,-70.5426330566406,-56.2669525146484,62.985160044819914,51.518606520625276,1488372631
run,-69.5417098999023,-57.1406822204589,59.384437638918534,52.62693532929865,1488389298
run,-68.7110900878906,-57.7958374023437,52.69007753062413,50.504012843063954,1488405965
run,-68.1435317993164,-58.5404510498046,42.543019990886485,46.78947335283899,1488422632
run,-67.7662963867187,-59.1415100097656,28.992497349196043,42.82859294885884,1488439299
run,-67.4674301147461,-59.6300926208496,12.451269724151908,39.47337854074294,1488455966
run,-67.3611831665039,-60.5161590576171,-6.410732375177762,37.11813468257341,1488472633
run,-67.5508880615234,-62.1733131408691,-26.79935532727036,35.9425767649841,1488489300
run,-68.1468048095703,-64.197883605957,-47.92355943525469,36.22964435455998,1488505967
run,-69.4289245605468,-65.5092544555664,-69.09093385819081,38.563903138657956,1488522634
run,-71.5551605224609,-65.8065643310546,-89.74659736661195,43.755457926343,1488539301
run,-74.3465042114257,-65.9564361572265,-109.4338585713031,52.482111145114516,1488555968
run,-77.3238906860351,-66.5533676147461,-127.67738122067422,64.82001928342844,1488572635
run,-80.198013305664,-67.9891815185546,-143.83859308209912,79.92041134699622,1488589302
run,-82.9343109130859,-69.9518127441406,-157.0423741447199,96.02675575145608,1488605969
run,-85.1824035644531,-72.3454437255859,-166.27204965625694,110.85846582988704,1488622636
run,-85.6875228881836,-75.0801849365234,-170.64920681310682,122.21650759961933,1488639303
run,-83.8795166015625,-77.5989913940429,-169.7943496143817,128.57708796496883,1488655970
run,-81.4461822509765,-79.7189712524414,-164.08650755024468,129.46094568564484,1488672637
run,-79.1765823364257,-81.5694427490234,-154.66433759518654,125.4734863838582,1488689304
run,-77.1242065429687,-83.2876739501953,-143.12905317376115,118.04474368571834,1488705971
run,-75.3738784790039,-84.9269180297851,-131.05396115020835,108.99316871764101,1488722638
run,-73.7980575561523,-86.4182205200195,-119.49974645240262,100.06239066847479,1488739305
run,-72.1433334350586,-87.5870285034179,-108.73527167991845,92.54991674486831,1488755972
run,-70.3530807495117,-88.2845687866211,-98.27451093942847,87.09694981516661,1488772639
run,-68.4853134155273,-88.0416564941406,-87.20402605858061,83.66323697580243,1488789306
run,-66.7652969360351,-86.9367599487304,-74.65393268814061,81.67237380076233,1488805973
run,-65.4041213989257,-85.4855575561523,-60.212712367675344,80.27518991987014,1488822640
run,-64.6433029174804,-83.8887557983398,-44.12310857232736,78.64437688387919,1488839307
run,-64.5311279296875,-82.2032165527343,-27.20106785121782,76.19694241906865,1488855974
run,-65.048957824707,-80.7851028442382,-10.541697742332365,72.65906563562964,1488872641
run,-65.4827728271484,-79.8995285034179,4.840027292590143,67.94707143813498,1488889308
run,-65.7002716064453,-79.5042572021484,18.277554585872235,61.92490569502288,1488905975
run,-66.1225051879882,-79.1819915771484,29.539355801437413,54.17421443895486,1488922642
run,-66.9180450439453,-78.5755386352539,38.739510330911905,43.927850714914946,1488939309
run,-67.7688064575195,-77.6564636230468,46.14829815598299,30.244861227704444,1488955976
run,-68.4962844848632,-76.7719192504882,51.99777014307989,12.37317330972808,1488972643
run,-69.2362670898437,-76.3732528686523,56.36041008506399,-9.869230602714204,1488989310
run,-70.2333831787109,-76.8572006225586,59.147940514862896,-35.88940263652052,1489005977
run,-71.7861938476562,-78.1779022216796,60.23376564074365,-64.40133264112475,1489022644
run,-73.2671737670898,-80.1758499145507,59.646032147609915,-93.75867472680304,1489039311
run,-74.4796447753906,-82.3081283569336,57.7321063928278,-122.37639107249082,1489055978
run,-75.5539245605468,-82.9222717285156,55.19499391581145,-149.04256844265024,1489072645
run,-76.385383605957,-81.7439880371093,52.958399501902946,-172.99185157595898,1489089312
run,-77.0702209472656,-80.4917984008789,51.901027611426784,-193.74814461745976,1489105979
run,-77.5508956909179,-79.4184646606445,52.56802783206247,-210.8666450410658,1489122646
run,-78.0685043334961,-77.7258834838867,54.98597620065287,-223.74240007548005,1489139313
run,-78.9865798950195,-75.0710220336914,58.66664186245085,-231.5910313352245,1489155980
run,-79.9458999633789,-71.8125762939453,62.79846232612073,-233.59872841703734,1489172647
run,-80.5440826416015,-68.2853698730468,66.53570448016406,-229.1536049678249,1489189314
run,-80.6722259521484,-64.8409652709961,69.25602479842762,-218.04740389116003,1489205981
run,-80.4459991455078,-61.8109588623046,70.68996037817614,-200.57043708884075,1489222648
run,-79.964485168457,-59.4472618103027,70.90280402958645,-177.48504337429213,1489239315
run,-79.284912109375,-57.5480461120605,70.1777496095008,-149.92059637760994,1489255982
run,-78.474983215332,-55.8839797973632,68.87489501629649,-119.25859636282155,1489272649
run,-77.6339950561523,-54.4409103393554,67.3240927915154,-87.05757901584263,1489289316
run,-76.7534866333007,-53.3025169372558,65.7720879322887,-55.01699474390633,1489305983
run,-75.7505950927734,-52.5775604248046,64.36963238377601,-24.93038830668921,1489322650
run,-74.6787414550781,-52.6993141174316,63.168811791078056,1.4345138234263495,1489339317
run,-73.5991134643554,-53.3506088256835,62.10910616367501,22.55549534745256,1489355984
run,-72.5320663452148,-54.4882850646972,60.99335262757389,37.43557791733479,1489372651
run,-71.5244369506836,-55.8259963989257,59.474293042036514,45.84342262300304,1489389318
run,-70.5549392700195,-56.8257980346679,57.074798585997414,48.399879320470845,1489405985
run,-69.6244964599609,-57.3973846435546,53.24856618775276,46.44335853588324,1489422652
run,-68.8507537841796,-57.9503173828125,47.46463826003766,41.7000537466661,1489439319
run,-68.3542098999023,-58.4778861999511,39.28591716746622,35.87584541272783,1489455986
run,-68.0381240844726,-58.8875503540039,28.419295421085497,30.322974683514985,1489472653
run,-67.7804641723632,-59.3773231506347,14.736888169541576,25.898251520293645,1489489320
run,-67.6749038696289,-60.4236106872558,-1.714050499476703,23.041808234466405,1489505987
run,-67.7696685791015,-61.9989204406738,-20.694813910043617,22.00318432984517,1489522654
run,-68.2624893188476,-63.3176231384277,-41.75095637980267,23.066403221679924,1489539321
run,-69.3958740234375,-63.6220054626464,-64.19542879004511,26.62336476117947,1489555988
run,-71.3789749145507,-63.6792678833007,-87.11673202566325,33.03639100703617,1489572655
run,-74.0339736938476,-64.1027603149414,-109.41667595684706,42.37074957738936,1489589322
run,-76.874771118164,-65.1791534423828,-129.87176803226322,54.170099474034906,1489605989
run,-79.7506713867187,-66.7337036132812,-147.22094802681755,67.4263658042334,1489622656
run,-82.5041809082031,-68.5213775634765,-160.30072260535076,80.78330075623987,1489639323
run,-84.7122039794921,-70.6004638671875,-168.2436840412697,92.89009244278344,1489655990
run,-85.3489913940429,-72.7258605957031,-170.71020743493676,102.75433004018302,1489672657
run,-83.914306640625,-74.6899490356445,-168.0631428447483,109.95273976238799,1489689324
run,-81.7564315795898,-76.5335159301757,-161.37438856096935,114.62816201641613,1489705991
run,-79.6038513183593,-78.3303146362304,-152.20085524433873,117.29650977261961,1489722658
run,-77.5672454833984,-80.150764465332,-142.16728511642032,118.5632330145938,1489739325
run,-75.7312240600586,-82.0746231079101,-132.49160348745008,118.87186378363187,1489755992
run,-73.9674530029296,-84.1136398315429,-123.63228292733159,118.37445674450932,1489772659
run,-72.035171508789,-86.191421508789,-115.20235069220357,116.95027476037335,1489789326
run,-69.9917755126953,-88.2009353637695,-106.19342604269694,114.33879779831425,1489805993
run,-67.996353149414,-89.097785949707,-95.42801657984161,110.3192640669092,1489822660
run,-66.2623977661132,-87.5294799804687,-82.06537672779668,104.86584811905857,1489839327
run,-64.9405746459961,-85.8524017333984,-65.96823406208799,98.22551108908874,1489855994
run,-64.1580047607421,-84.2325134277343,-47.80010700434134,90.8915869015013,1489872661
run,-64.0152969360351,-82.6433410644531,-28.833831595901543,83.47211808136105,1489889328
run,-64.5297241210937,-81.3260421752929,-10.56303475151221,76.47668047238531,1489905995
run,-64.9988250732421,-80.3964691162109,5.723747357319179,70.072200353343,1489922662
run,-65.2532653808593,-79.7458724975586,19.24823561172275,63.88598777779892,1489939329
run,-65.6656036376953,-79.1301803588867,29.837659505144455,56.948002512889005,1489955996
run,-66.4057159423828,-78.3687286376953,37.81851760830983,47.84060532555215,1489972663
run,-67.2382202148437,-77.470703125,43.78974253007559,35.053137753327,1489989330
run,-67.9434738159179,-76.634521484375,48.37633908481938,17.44394043265852,1490005997
run,-68.7030029296875,-76.1724319458007,52.04631572981915,-5.357061255125724,1490022664
run,-69.6661758422851,-76.4819564819336,55.041159397152015,-32.77087513864243,1490039331
run,-71.1379470825195,-77.7766647338867,57.42933109479537,-63.398497589437355,1490055998
run,-72.6047210693359,-79.935806274414,59.24276747325452,-95.40296146626618,1490072665
run,-73.8902740478515,-82.3585128784179,60.61526023793149,-126.97046997418563,1490089332
run,-75.0214309692382,-83.437026977539,61.83814788595075,-156.63835237399948,1490105999
run,-76.0945968627929,-82.4231414794921,63.29337490983299,-183.35182418966107,1490122666
run,-77.1028747558593,-80.9776382446289,65.29277218436532,-206.26578977521066,1490139333
run,-77.9671325683593,-79.5391311645507,67.90624211161298,-224.45540144756697,1490156000
run,-78.8851165771484,-77.4865493774414,70.87293394977513,-236.75048692175602,1490172667
run,-80.0593643188476,-74.5801086425781,73.65264663421804,-241.83563510610438,1490189334
run,-81.0388031005859,-71.0833129882812,75.60579922289577,-238.6107715528692,1490206001
run,-81.4711761474609,-67.3824920654296,76.22567248182841,-226.673462122131,1490222668
run,-81.3597106933593,-63.955207824707,75.3249025513317,-206.725994092054,1490239335
run,-80.8486328125,-61.1766815185546,73.10940571147754,-180.7388054101625,1490256002
run,-80.0977401733398,-58.84419631958,70.12882179304695,-151.78896955605055,1490272669
