Label,Left_Hip_q,Right_Hip_q,Left_Hip_qd,Right_Hip_qd,SampleTimeFine
sw,-67.7947463989257,-68.7171096801757,26.7802467346191,5.43625879287719,2145054366
sw,-67.5098648071289,-68.7386703491211,16.39033740276462,-12.444424179283798,2145071033
sw,-67.3697128295898,-68.9756393432617,5.674711179108299,-4.665799790955866,2145087700
sw,-67.4036102294921,-69.3667907714843,-6.204669052411982,2.513399220112362,2145104367
sw,-67.6430740356445,-70.1041717529296,-20.168281622629298,8.602095414312135,2145121034
sw,-68.1299972534179,-70.8756790161132,-36.60248747517027,13.386342957073614,2145137701
sw,-68.9279479980468,-71.223518371582,-55.239607650930125,16.94595641379487,2145154368
sw,-70.1110305786132,-71.5976257324218,-75.18749111567224,19.575961604627466,2145171035
sw,-71.6869049072265,-72.2062530517578,-95.10396805232305,21.65643559023607,2145187702
sw,-73.6844329833984,-73.0620956420898,-113.47462557710456,23.532689453693852,2145204369
sw,-75.9728698730468,-74.0298233032226,-128.92232597765585,25.450471784866583,2145221036
sw,-78.3069839477539,-74.9769134521484,-140.4660550067436,27.5527680569263,2145237703
sw,-80.4653701782226,-75.8798217773437,-147.66381673185947,29.914439769529423,2145254370
sw,-82.4684982299804,-76.797866821289,-150.61646996013968,32.58283265352333,2145271037
sw,-84.3702621459961,-77.7315597534179,-149.85798629533213,35.60064617406894,2145287704
sw,-85.825942993164,-78.6799392700195,-146.1876710146868,39.0003506013083,2145304371
sw,-86.2618865966796,-79.6186752319336,-140.4994638962642,42.77223523267109,2145321038
sw,-85.4771041870117,-80.5064086914062,-133.6423145676243,46.82064457023043,2145337705
sw,-84.0788421630859,-81.3580322265625,-126.32271560941156,50.93287735669465,2145354372
sw,-82.408447265625,-82.2833709716796,-119.04638996702263,54.786415425574475,2145371039
sw,-80.6898574829101,-83.3720016479492,-112.09096070972977,58.00745103443832,2145387706
sw,-79.0908813476562,-84.5822525024414,-105.50305063449328,60.269311900864174,2145404373
sw,-77.612190246582,-85.7977523803711,-99.11982315192432,61.39509401553354,2145421040
sw,-76.1349411010742,-86.9307556152343,-92.6207712859896,61.42021910509737,2145437707
sw,-74.6650848388671,-87.9746475219726,-85.61222704428923,60.58576619493354,2145454374
sw,-73.2922668457031,-89.0148391723632,-77.73288458739266,59.26496078091727,2145471041
sw,-72.1034622192382,-90.0,-68.75350640410029,57.85458327998342,2145487708
sw,-71.1037826538086,-89.4717712402343,-58.641073812455886,56.673671507048034,2145504375
sw,-70.3305511474609,-88.2326507568359,-47.57045317484524,55.900266049689705,2145521042
sw,-69.7218780517578,-87.1788101196289,-35.886291784891895,55.5536538525241,2145537709
sw,-69.2921371459961,-86.2505416870117,-24.032198571285164,55.510450984849854,2145554376
sw,-69.1243057250976,-85.3404922485351,-12.468263026777253,55.53750171409084,2145571043
sw,-69.2899856567382,-84.3694305419921,-1.5957169769307178,55.330155748858786,2145587710
sw,-69.4884719848632,-83.308479309082,8.295301489302364,54.55048504616652,2145604377
sw,-69.682373046875,-82.2688064575195,17.043575705210447,52.85996271263374,2145621044
sw,-70.209243774414,-81.3722686767578,24.599869548775356,49.939210640995015,2145637711
sw,-70.9189529418945,-80.6451416015625,30.98827136449931,45.49189077325043,2145654378
sw,-71.7042617797851,-80.0569763183593,36.26413785092132,39.24149621043233,2145671045
sw,-72.5130004882812,-79.6031265258789,40.48171544484098,30.939662236147257,2145687712
sw,-73.2872085571289,-79.297737121582,43.677691893358244,20.402655427007314,2145704379
sw,-74.011245727539,-79.0949020385742,45.87505141230772,7.5772101675381345,2145721046
sw,-74.7766799926757,-79.0872497558593,47.11138815045742,-7.384367861200899,2145737713
sw,-75.8153228759765,-79.3965911865234,47.48989965096515,-24.074564213211236,2145754380
sw,-77.084976196289,-80.1242294311523,47.23597598119866,-41.83875876585923,2145771047
sw,-78.1198348999023,-81.248779296875,46.72449885153812,-59.851844697656986,2145787714
sw,-78.7844314575195,-82.7186737060546,46.44121574986871,-77.24371191008545,2145804381
sw,-79.3553771972656,-84.4373931884765,46.869349420782115,-93.23160862744177,2145821048
sw,-80.2131652832031,-86.1215209960937,48.33641743589899,-107.2156691493254,2145837715
sw,-81.2665786743164,-87.3848419189453,50.8830273896412,-118.8125638572937,2145854382
sw,-82.369155883789,-86.8183822631836,54.20744901409034,-127.8295939448966,2145871049
sw,-83.4481811523437,-84.872802734375,57.71019191269949,-134.2035299629328,2145887716
sw,-84.5863037109375,-82.6795959472656,60.63309534542548,-137.9373211812473,2145904383
sw,-85.7924346923828,-80.4829940795898,62.263554131362596,-139.06270704458552,2145921050
sw,-87.0587615966796,-78.2929229736328,62.15261581040683,-137.64035097674383,2145937717
sw,-88.4098434448242,-76.0966491699218,60.27963559272916,-133.78808226687443,2145954384
sw,-90.0,-73.9229507446289,57.09894422918337,-127.71332286584698,2145971051
sw,-89.3694381713867,-71.7902908325195,53.434741486758334,-119.72579063235264,2145987718
sw,-88.2520217895507,-69.77490234375,50.24422402884645,-110.21887526971116,2146004385
sw,-87.3806533813476,-67.9443435668945,48.32571592256474,-99.6237802235931,2146021052
sw,-86.5982055664062,-66.3499069213867,48.08028378602362,-88.3520277536987,2146037719
sw,-85.7618713378906,-64.9357376098632,49.420406165698516,-76.74567645906811,2146054386
sw,-84.79248046875,-63.6123657226562,51.85842191602425,-65.04990580164855,2146071053
sw,-83.6880111694336,-62.4706115722656,54.728603919536894,-53.41206282565933,2146087720
sw,-82.5887603759765,-61.688232421875,57.44074576083544,-41.901666593913376,2146104387
sw,-81.6033096313476,-61.2403526306152,59.658690520352465,-30.544322235364998,2146121054
sw,-80.7184829711914,-60.9858436584472,61.342843826508364,-19.368002300169184,2146137721
sw,-79.8052597045898,-60.6899948120117,62.662731295514035,-8.461415676370642,2146154388
sw,-78.7745285034179,-60.4432754516601,63.83795335277747,1.9683575677450098,2146171055
sw,-77.696044921875,-60.5813865661621,64.98218083348404,11.570205516272273,2146187722
sw,-76.6425094604492,-61.050308227539,66.00811369921782,19.888030133870252,2146204389
sw,-75.5931701660156,-61.7242546081543,66.61976110677051,26.469008085169254,2146221056
sw,-74.4968490600586,-62.6501426696777,66.38795003959926,31.00374785305184,2146237723
sw,-73.3039779663086,-63.5255622863769,64.88069419149453,33.43751763146254,2146254390
sw,-72.0522842407226,-64.2992553710937,61.801874758751175,34.004237822872305,2146271057
sw,-70.9110488891601,-64.9919815063476,57.0838689958561,33.17324713941985,2146287724
sw,-70.072769165039,-65.7127380371093,50.89115037300761,31.53582473066842,2146304391
sw,-69.4823455810546,-66.3939437866211,43.52579896194921,29.67284756738513,2146321058
sw,-69.0492477416992,-66.8976974487304,35.27073116752106,28.03822363144494,2146337725
sw,-68.74169921875,-67.4606628417968,26.239274966208722,26.88246010429053,2146354392
sw,-68.6065292358398,-68.0840682983398,16.301748633698082,26.23606384369015,2146371059
sw,-68.4850845336914,-68.8945922851562,5.129260751603817,25.96339351251258,2146387726
sw,-68.3832702636718,-70.1059494018554,-7.654035163531593,25.87250920865228,2146404393
sw,-68.5614929199218,-71.0145797729492,-22.26598850864397,25.83419526064963,2146421060
sw,-69.0638580322265,-71.5203475952148,-38.58946482705003,25.851129549743128,2146437727
sw,-69.9484024047851,-72.0265426635742,-56.0946953693707,26.04568520559951,2146454394
sw,-71.1704330444336,-72.7374114990234,-73.8930323918902,26.586469667122568,2146471061
sw,-72.7260665893554,-73.5927963256836,-90.90397792940267,27.60719344163888,2146487728
sw,-74.602783203125,-74.5101776123046,-106.0774992465949,29.161723723694593,2146504395
sw,-76.6015472412109,-75.4527893066406,-118.59719944534908,31.22318240984079,2146521062
sw,-78.510383605957,-76.3417358398437,-128.00125698851855,33.70712147033388,2146537729
sw,-80.3003692626953,-77.2324523925781,-134.19384412734038,36.495230015958,2146554396
sw,-82.0971145629882,-78.1980743408203,-137.36573675430077,39.44841796741705,2146571063
sw,-83.8693771362304,-79.2166290283203,-137.87581472508765,42.41074680438497,2146587730
sw,-85.3652725219726,-80.2297592163086,-136.14770289326535,45.21059276743975,2146604397
sw,-86.1543731689453,-81.1736755371093,-132.61119556886774,47.66511039632355,2146621064
sw,-85.8717575073242,-82.0640716552734,-127.68649254552976,49.593726141338195,2146637731
sw,-84.7656860351562,-82.9756622314453,-121.78909085674302,50.84597414270146,2146654398
sw,-83.2579345703125,-83.9244613647461,-115.32949291013229,51.34398332635417,2146671065
sw,-81.6365127563476,-84.9080352783203,-108.69039588616073,51.12893933869564,2146687732
sw,-80.0850982666015,-85.8810653686523,-102.17914081679083,50.38982453776369,2146704399
sw,-78.6140747070312,-86.8073959350586,-95.9696013185902,49.45096854050051,2146721066
sw,-77.1471405029296,-87.6548156738281,-90.05820069082802,48.70743682109109,2146737733
sw,-75.7324676513671,-88.4355239868164,-84.25668300299833,48.52030321022327,2146754400
sw,-74.4455261230468,-89.3104476928711,-78.23016266858271,49.1059606580105,2146771067
sw,-73.2849884033203,-90.0,-71.57222101697494,50.461741483580525,2146787734
sw,-72.2734069824218,-89.3124389648437,-63.89933442923163,52.35793936673218,2146804401
sw,-71.4192276000976,-88.1726531982421,-54.94609674610315,54.39931247103279,2146821068
sw,-70.6468353271484,-87.0832901000976,-44.64443640276776,56.13122808055407,2146837735
sw,-70.0377807617187,-86.0290145874023,-33.16942547376483,57.150168872778515,2146854402
sw,-69.6973648071289,-85.0135116577148,-20.933810846471516,57.18086765476828,2146871069
sw,-69.6223602294921,-84.0174560546875,-8.520846755202708,56.09899396807086,2146887736
sw,-69.8139038085937,-83.0490188598632,3.435447708779678,53.899528816426084,2146904403
sw,-70.3070983886718,-82.1802902221679,14.388739190219667,50.627783768835435,2146921070
sw,-70.8531036376953,-81.3973236083984,23.988761591858147,46.29869175968849,2146937737
sw,-71.6510543823242,-80.7274627685546,32.117407384527475,40.83137632810251,2146954404
sw,-72.4562149047851,-80.1819839477539,38.837907307806134,34.02180699316926,2146971071
sw,-73.2238311767578,-79.7848358154296,44.27994438201627,25.567309630630408,2146987738
sw,-73.9508743286132,-79.5574111938476,48.51538761904129,15.143662205095065,2147004405
sw,-74.7897109985351,-79.5155334472656,51.4899856467698,2.5204194225773064,2147021072
sw,-75.853759765625,-79.6341857910156,53.05536255823277,-12.314119950219203,2147037739
sw,-77.0321350097656,-79.9981689453125,53.09745551707835,-29.05632264471132,2147054406
sw,-78.2937469482421,-80.7288208007812,51.70469083530023,-47.056380972729514,2147071073
sw,-79.6037826538086,-81.9084014892578,49.289458462994354,-65.37527536285417,2147087740
sw,-80.3131256103515,-83.5081939697265,46.58649255020357,-82.92308087628233,2147104407
sw,-80.796875,-85.3045654296875,44.50126804627416,-98.64173080579937,2147121074
sw,-81.42041015625,-87.052978515625,43.851360028683644,-111.67889979920294,2147137741
sw,-82.2703628540039,-87.8317489624023,45.098255758932225,-121.50560840269344,2147154408
sw,-83.2387084960937,-86.3995742797851,48.17499222193233,-127.95289867947578,2147171075
sw,-84.2074203491211,-84.1533660888671,52.47545251564727,-131.16970392864488,2147187742
sw,-85.298599243164,-81.8634643554687,57.011067453759416,-131.52565225048153,2147204409
sw,-86.508674621582,-79.6557693481445,60.68698540037109,-129.49497072672258,2147221076
sw,-87.7418975830078,-77.5323486328125,62.61510243560049,-125.55752036820974,2147237743
sw,-89.0784683227539,-75.4930267333984,62.370496229958064,-120.13915035641303,2147254410
sw,-90.0,-73.5834197998046,60.113174010804954,-113.59262052430144,2147271077
sw,-88.4571838378906,-71.7045364379882,56.53567642236054,-106.2038749533806,2147287744
sw,-87.3304672241211,-69.8687286376953,52.64965143140732,-98.20317291941905,2147304411
sw,-86.4989929199218,-68.2082977294921,49.47781275769572,-89.76520956918787,2147321078
sw,-85.7881164550781,-66.8228302001953,47.754770954853164,-80.99350900930553,2147337745
sw,-85.0455245971679,-65.6141586303711,47.742048679205766,-71.89922955328119,2147354412
sw,-84.1424484252929,-64.4798889160156,49.21946128381437,-62.39640262951759,2147371079
sw,-83.0591506958007,-63.46870803833,51.640874177858215,-52.334600179857034,2147387746
sw,-81.9386138916015,-62.7260131835937,54.37334795839307,-41.57332186119647,2147404413
sw,-80.9657974243164,-62.2969627380371,56.91158830085709,-30.080224254054595,2147421080
sw,-80.1275939941406,-62.0679855346679,58.98688391761198,-18.02146828360855,2147437747
sw,-79.2718353271484,-61.9098243713378,60.55159403766085,-5.811525295031142,2147454414
sw,-78.3137588500976,-61.9688262939453,61.67900609799866,5.9021231152465825,2147471081
sw,-77.2756576538086,-62.3841552734375,62.44416771661786,16.328849824252178,2147487748
sw,-76.2054672241211,-62.9797630310058,62.839979910429676,24.685516229964772,2147504415
sw,-75.1668319702148,-63.7528839111328,62.75226022703743,30.36873854441936,2147521082
sw,-74.1574249267578,-64.5678024291992,61.9886693489585,33.0975597724572,2147537749
sw,-73.08740234375,-65.3632431030273,60.33894626541342,32.98619893465039,2147554416
sw,-71.9850616455078,-66.185432434082,57.63632078836911,30.532560780523532,2147571083
sw,-70.9440765380859,-66.8782653808593,53.78953004232623,26.531878882852794,2147587750
sw,-70.1251220703125,-67.3829040527343,48.76407970638343,21.93676516352928,2147604417
sw,-69.554573059082,-67.804084777832,42.51365005489683,17.689596032905808,2147621084
sw,-69.1278915405273,-68.1179504394531,34.892407964415554,14.558623724746031,2147637751
sw,-68.8328399658203,-68.4869003295898,25.60037826698216,13.014579878517322,2147654418
sw,-68.7201232910156,-68.9897994995117,14.211055789123911,13.180616134648872,2147671085
sw,-68.668228149414,-69.6162109375,0.29994484284722095,14.86867163584149,2147687752
sw,-68.6461334228515,-70.6004791259765,-16.35366053534313,17.684568867899742,2147704419
sw,-68.9799118041992,-71.2587432861328,-35.56152494411227,21.15788728108191,2147721086
sw,-69.824966430664,-71.730110168457,-56.604525162147695,24.848632017546457,2147737753
sw,-71.0634689331054,-72.3658981323242,-78.25884089612427,28.406335574719666,2147754420
sw,-72.7481460571289,-73.2586517333984,-98.98168520037726,31.59100560278601,2147771087
sw,-74.8886947631836,-74.2797775268554,-117.2070929627813,34.28079610823718,2147787754
sw,-77.2459716796875,-75.2877883911132,-131.66073475739512,36.47900170545547,2147804421
sw,-79.5429458618164,-76.2267074584961,-141.596288721429,38.312042839343384,2147821088
sw,-81.7209014892578,-77.1212997436523,-146.8867482671843,40.003542216943316,2147837755
sw,-83.7642288208007,-78.0513076782226,-147.95953943077853,41.82071583400755,2147854422
sw,-85.5518188476562,-79.0430755615234,-145.6189884251759,44.0050149269464,2147871089
sw,-86.7316970825195,-80.0706481933593,-140.82877207880335,46.706743164138835,2147887756
sw,-86.7637863159179,-81.1016540527343,-134.52244627099014,49.94107496006742,2147904423
sw,-85.632827758789,-82.0703887939453,-127.48213145619114,53.57607133718111,2147921090
sw,-84.0225372314453,-83.0447845458984,-120.29093299334728,57.356887102804535,2147937757
sw,-82.2233276367187,-84.1250686645507,-113.3374430972904,60.96381782627787,2147954424
sw,-80.411636352539,-85.3258895874023,-106.83838816453485,64.09195362549873,2147971091
sw,-78.6950759887695,-86.612678527832,-100.85025255278728,66.528241056299,2147987758
sw,-77.0894241333007,-87.8784637451171,-95.25916701847369,68.19597344233429,2148004425
sw,-75.6221084594726,-89.1095733642578,-89.76169466650377,69.14602492673905,2148021092
sw,-74.2845230102539,-90.0,-83.8656703171734,69.49817522944109,2148037759
sw,-73.0505676269531,-89.0681228637695,-76.94104187485024,69.36188294879383,2148054426
sw,-71.9485931396484,-87.7547607421875,-68.3345746758674,68.77672671419893,2148071093
sw,-71.00830078125,-86.4611129760742,-57.53607627729015,67.70045373671334,2148087760
sw,-70.222427368164,-85.2350616455078,-44.35801341357843,66.04529080707407,2148104427
sw,-69.6223831176757,-84.0840148925781,-29.07431669520893,63.73853068671487,2148121094
sw,-69.1812896728515,-82.9999389648437,-12.463644679306865,60.77438212038973,2148137761
sw,-69.2961120605468,-81.9464111328125,4.278834703542614,57.23096734983617,2148154428
sw,-69.963020324707,-80.9476623535156,19.75818658391422,53.241339827788636,2148171095
sw,-70.653823852539,-80.0802993774414,32.67296721808245,48.92385277518185,2148187762
sw,-71.5505828857421,-79.3697357177734,42.097958154036,44.29267352283501,2148204429
sw,-72.5822067260742,-78.7448806762695,47.67066929786641,39.18114001996812,2148221096
sw,-73.6135635375976,-78.2137603759765,49.632735960122226,33.213419294158946,2148237763
sw,-74.6302642822265,-77.8352127075195,48.72774628273491,25.84889677227396,2148254430
sw,-75.4110794067382,-77.5898742675781,45.999014461529946,16.500783134506666,2148271097
sw,-75.9395980834961,-77.4470977783203,42.553939073914904,4.70351835802983,2148287764
sw,-76.5508422851562,-77.4514389038086,39.363191234232474,-9.718217497473322,2148304431
sw,-77.3474502563476,-77.7794723510742,37.14256637966046,-26.534633743293337,2148321098
sw,-78.2370452880859,-78.5513305664062,36.32693812307224,-45.094436136270666,2148337765
sw,-79.044563293457,-79.7735366821289,37.10501825109727,-64.41913742432648,2148354432
sw,-79.6028213500976,-81.4422378540039,39.4645240201872,-83.37895601096027,2148371099
sw,-80.2992553710937,-83.2643203735351,43.212780042319416,-100.89129902419671,2148387766
sw,-81.2310180664062,-85.1625595092773,47.974367941010605,-116.08035909122789,2148404433
sw,-82.3662414550781,-86.8043899536132,53.196172623845754,-128.36009896163563,2148421100
sw,-83.4559631347656,-86.8619995117187,58.19311965540542,-137.43653750020408,2148437767
sw,-84.5940551757812,-85.2745819091796,62.249696727933234,-143.25200519232646,2148454434
sw,-85.8530120849609,-83.1962356567382,64.76647163984913,-145.90707124899106,2148471101
sw,-87.100112915039,-81.0204925537109,65.415533428111,-145.59487276809026,2148487768
sw,-88.2044143676757,-78.8300857543945,64.2512777725512,-142.5683198839072,2148504435
sw,-89.1284484863281,-76.6353225708007,61.725071361171146,-137.13781916733862,2148521102
sw,-89.1089096069336,-74.4844436645507,58.58090313928315,-129.6772155732217,2148537769
sw,-88.2166671752929,-72.4160995483398,55.65443327856269,-120.6105090688919,2148554436
sw,-87.2878341674804,-70.4160690307617,53.638438084463026,-110.3649786582187,2148571103
sw,-86.4226989746093,-68.5616683959961,52.89513443661231,-99.30005280740966,2148587770
sw,-85.4804000854492,-66.9495010375976,53.38280485977341,-87.64199790961369,2148604437
sw,-84.3876953125,-65.5676345825195,54.723333547644565,-75.46064062249282,2148621104
sw,-83.1781234741211,-64.3119277954101,56.38156433607491,-62.71144688795925,2148637771
sw,-82.0088348388671,-63.2081985473632,57.880115322899584,-49.33809773196433,2148654438
sw,-80.9581680297851,-62.3636589050293,58.959600292776386,-35.39908509657093,2148671105
sw,-80.0340957641601,-61.8640708923339,59.623708040002654,-21.16420392075674,2148687772
sw,-79.1694717407226,-61.7058906555175,60.06529446860686,-7.136335584987411,2148704439
sw,-78.2446670532226,-61.7878608703613,60.52181967232612,6.012410679708541,2148721106
sw,-77.2513046264648,-62.2110862731933,61.130252354563986,17.563046616663236,2148737773
sw,-76.1975479125976,-62.7618293762207,61.837924145943504,26.883214127837388,2148754440
sw,-75.0928955078125,-63.3729743957519,62.391106111216466,33.53169092581654,2148771107
sw,-73.970947265625,-64.1449890136718,62.38809317272023,37.319582238071774,2148787774
sw,-72.8772277832031,-65.0449676513671,61.36291491411606,38.33727458201385,2148804441
sw,-71.8381423950195,-66.0369262695312,58.86341890773482,36.958503545457425,2148821108
sw,-70.8886795043945,-66.8800659179687,54.499414201797244,33.815315539337014,2148837775
sw,-70.1145095825195,-67.4393463134765,47.9554495946743,29.722898208784905,2148854442
sw,-69.5382003784179,-67.7901992797851,38.98113233220916,25.543877646400098,2148871109
sw,-69.1390304565429,-68.0360641479492,27.383280772849986,22.016937031896862,2148887776
sw,-68.9675521850586,-68.4748840332031,13.043938860819917,19.608596416361056,2148904443
sw,-68.9905700683593,-69.0758666992187,-4.024844310953352,18.4500957766851,2148921110
sw,-69.1831359863281,-69.9483642578125,-23.599952831120167,18.385151808881016,2148937777
sw,-69.9308395385742,-71.0263977050781,-45.169801437107246,19.09941368155275,2148954444
sw,-71.0862655639648,-71.4684982299804,-67.89702155585135,20.264570454663435,2148971111
sw,-72.4394073486328,-71.6614685058593,-90.64749239841007,21.636017574380656,2148987778
sw,-74.1780548095703,-72.2345962524414,-112.09227529928584,23.08682520002178,2149004445
sw,-76.3717193603515,-73.161994934082,-130.86915179401004,24.602332703112445,2149021112
sw,-78.8617858886718,-74.112075805664,-145.77304369397956,26.263283280594433,2149037779
sw,-81.3320007324218,-74.9827499389648,-155.93142775010227,28.22078447746118,2149054446
sw,-83.6843795776367,-75.7680740356445,-160.92105896688767,30.65240836224156,2149071113
sw,-85.7990036010742,-76.5706253051757,-160.80265187219544,33.701187646873805,2149087780
sw,-87.161376953125,-77.4687881469726,-156.08100140042617,37.41769813329019,2149104447
sw,-86.7558670043945,-78.4717636108398,-147.61898015968237,41.72685063581948,2149121114
sw,-85.0592651367187,-79.5064926147461,-136.53295327446372,46.42578596106841,2149137781
sw,-83.1620407104492,-80.4736862182617,-124.08002038910487,51.204189452313734,2149154448
sw,-81.3108596801757,-81.3574142456054,-111.53038777318548,55.67664330883984,2149171115
sw,-79.6345672607421,-82.2650299072265,-100.01565795479674,59.42651300968007,2149187782
sw,-78.1923599243164,-83.323974609375,-90.36006899686917,62.06872872326581,2149204449
sw,-76.957275390625,-84.537727355957,-82.92803174874611,63.33245241933078,2149221116
sw,-75.7537155151367,-85.7846221923828,-77.54010641537718,63.145354690216145,2149237783
sw,-74.4544601440429,-86.9245147705078,-73.5039947130091,61.68441592694542,2149254450
sw,-73.1307296752929,-87.9473876953125,-69.77332812902138,59.36047256409256,2149271117
sw,-71.9286422729492,-88.9330291748046,-65.20030746350115,56.728176640323525,2149287784
sw,-70.9642868041992,-90.0,-58.81438302345674,54.34577463061936,2149304451
sw,-70.2170944213867,-89.5607604980468,-50.054827029445015,52.630715032438914,2149321118
sw,-69.5776748657226,-88.5562591552734,-38.90537217262255,51.75722683132353,2149337785
sw,-68.998420715332,-87.6425857543945,-25.905746258161514,51.624271867392586,2149354452
sw,-68.7342987060546,-86.7055130004882,-12.036584557730201,51.89751426988009,2149371119
sw,-69.0536270141601,-85.7320785522461,1.5036406861223373,52.106497375481766,2149387786
sw,-69.5856399536132,-84.7298736572265,13.580027523492895,51.76322277675123,2149404453
sw,-70.0991287231445,-83.7656173706054,23.381795700420696,50.463829761866464,2149421120
sw,-70.6754074096679,-82.8845138549804,30.580374465462448,47.94282593276279,2149437787
sw,-71.3852615356445,-82.1281967163086,35.33953891005205,44.067747425348685,2149454454
sw,-72.0957794189453,-81.4919204711914,38.187769988901366,38.78495652477549,2149471121
sw,-72.8537902832031,-80.9962539672851,39.80828634961048,32.04578668867815,2149487788
sw,-73.5432662963867,-80.7232284545898,40.82172966641851,23.749778201148743,2149504455
sw,-74.0970001220703,-80.6122817993164,41.63143908339201,13.736277062733405,2149521122
sw,-74.7930145263671,-80.5776290893554,42.37727611404268,1.8384162056089155,2149537789
sw,-75.8367156982421,-80.6539154052734,43.005337602866426,-12.012236929634229,2149554456
sw,-76.7769699096679,-80.9518966674804,43.41533257016419,-27.668408335084305,2149571123
sw,-77.7781753540039,-81.6348266601562,43.612747113100895,-44.68873890704062,2149587790
sw,-78.7545166015625,-82.7949981689453,43.79040373097009,-62.33910955190559,2149604457
sw,-79.2974243164062,-84.2414627075195,44.29886083914975,-79.68187587189719,2149621124
sw,-79.9926834106445,-85.6944808959961,45.51879005953318,-95.72452676891223,2149637791
sw,-80.8828582763671,-86.8179550170898,47.69260934141131,-109.5789316124111,2149654458
sw,-81.8804702758789,-86.5140686035156,50.78767344464822,-120.58551400483694,2149671125
sw,-82.917007446289,-84.8216171264648,54.44797538632373,-128.37543368456855,2149687792
sw,-84.0391845703125,-82.7707824707031,58.05825729659866,-132.86680761035242,2149704459
sw,-85.2679061889648,-80.7251510620117,60.90682403717608,-134.2111698998703,2149721126
sw,-86.4667587280273,-78.7650604248046,62.39938461046266,-132.71848533303694,2149737793
sw,-87.6708984375,-76.814468383789,62.25490280880028,-128.78824485092312,2149754460
sw,-88.9833602905273,-74.8309555053711,60.615410859974745,-122.86085740948468,2149771127
sw,-90.0,-72.819839477539,58.02678239434001,-115.3853395547581,2149787794
sw,-88.8732604980468,-70.8716354370117,55.28837398181905,-106.78697629162923,2149804461
sw,-87.8585357666015,-69.1503219604492,53.21426950992979,-97.42060562115567,2149821128
sw,-87.0054626464843,-67.6773910522461,52.384516627966384,-87.51243330530738,2149837795
sw,-86.1484756469726,-66.4247894287109,52.97596399460062,-77.11583838370694,2149854462
sw,-85.2043380737304,-65.2948913574218,54.73743873016789,-66.11722559016539,2149871129
sw,-84.1081771850586,-64.2434997558593,57.11728558256507,-54.31428549192516,2149887796
sw,-82.8957748413086,-63.3738098144531,59.48719103169068,-41.55488684543574,2149904463
sw,-81.7427215576171,-62.8579978942871,61.367021863939904,-27.889810527810543,2149921130
sw,-80.7138595581054,-62.6582832336425,62.56105915144355,-13.67880584140982,2149937797
sw,-79.7744369506836,-62.7497291564941,63.16195076049031,0.39452722941510887,2149954464
sw,-78.8551254272461,-63.0409049987793,63.43931466989184,13.408717852191046,2149971131
sw,-77.8757934570312,-63.5314826965332,63.67438686039427,24.36727072353739,2149987798
sw,-76.8204803466796,-64.2790145874023,64.01227178410079,32.395102749166774,2150004465
sw,-75.7265701293945,-65.2067260742187,64.38170277526821,36.9217388270692,2150021132
sw,-74.6117248535156,-66.2735290527343,64.49594604071083,37.81180178024164,2150037799
sw,-73.457405090332,-67.2041549682617,63.91641307361682,35.41682716167305,2150054466
sw,-72.3187789916992,-68.0052871704101,62.14343617783601,30.537976945526037,2150071133
sw,-71.2780990600586,-68.6793594360351,58.69819479467144,24.303230625255438,2150087800
sw,-70.3871231079101,-69.0146331787109,53.1727114325238,17.97510265462828,2150104467
sw,-69.6655960083007,-69.1461868286132,45.245510372403544,12.720407304975843,2150121134
sw,-69.2070999145507,-69.3208847045898,34.68092990511066,9.392617324527727,2150137801
sw,-69.0120010375976,-69.4898834228515,21.341095113597124,8.387706050881853,2150154468
sw,-68.9291915893554,-69.9074478149414,5.234135418050486,9.619520170464263,2150171135
sw,-68.9388275146484,-70.8598022460937,-13.401044693913391,12.619087452176773,2150187802
sw,-69.2265014648437,-71.4180908203125,-34.00575688477031,16.71327762959038,2150204469
sw,-70.0047988891601,-71.8253784179687,-55.66317534333686,21.21106752838797,2150221136
sw,-71.3379135131836,-72.3932189941406,-77.15816945429854,25.538522281394805,2150237803
sw,-73.0841827392578,-73.2031326293945,-97.14306780096337,29.304858750580802,2150254470
sw,-75.122200012207,-74.1517715454101,-114.36624407957355,32.317191735965196,2150271137
sw,-77.364013671875,-75.1400146484375,-127.8886214956953,34.56821773977329,2150287804
sw,-79.5693054199218,-76.0974502563476,-137.2175554188271,36.20776541191919,2150304471
sw,-81.6183547973632,-77.0061645507812,-142.32377125571853,37.497460682145274,2150321138
sw,-83.568862915039,-77.9293594360351,-143.5557695243918,38.74785886772287,2150337805
sw,-85.3987884521484,-78.8916473388671,-141.50341197609393,40.24471627762707,2150354472
sw,-86.822265625,-79.8718338012695,-136.87045641463698,42.177312103048436,2150371139
sw,-87.0984268188476,-80.8022155761718,-130.39309016049975,44.58368595307526,2150387806
sw,-85.95068359375,-81.6549682617187,-122.80419444461273,47.32722338951699,2150404473
sw,-84.2950134277343,-82.5005340576171,-114.81378507284616,50.117217003991165,2150421140
sw,-82.5461807250976,-83.4531784057617,-107.0697135919459,52.57928903993896,2150437807
sw,-80.8625335693359,-84.5192718505859,-100.0799870258307,54.36592008118844,2150454474
sw,-79.3464889526367,-85.6385726928711,-94.10800826688788,55.27629339767724,2150471141
sw,-77.9292449951171,-86.7517700195312,-89.07894015645881,55.340647368068616,2150487808
sw,-76.5260314941406,-87.7591171264648,-84.54557654572662,54.82990190517608,2150504475
sw,-75.1617126464843,-88.6841888427734,-79.74922025063749,54.178179857208335,2150521142
sw,-73.8994522094726,-89.7482147216796,-73.77984692111873,53.84180617949458,2150537809
sw,-72.8256912231445,-90.0,-65.80454165590541,54.14483112728803,2150554476
sw,-71.9334259033203,-88.8388748168945,-55.30855505216912,55.16503239493179,2150571143
sw,-71.1431732177734,-87.7845993041992,-42.2853155468451,56.69594129965128,2150587810
sw,-70.5227661132812,-86.7344589233398,-27.318223217380556,58.29130128682014,2150604477
sw,-70.3037033081054,-85.698257446289,-11.516519675780557,59.3724852322794,2150621144
sw,-70.6268615722656,-84.6475219726562,3.6973171255176567,59.364884297142446,2150637811
sw,-71.1745452880859,-83.5407485961914,16.90289552891216,57.82613493508778,2150654478
sw,-71.8804168701171,-82.4360275268554,27.011059795865403,54.53316647061733,2150671145
sw,-72.5709762573242,-81.4557342529296,33.50615978673838,49.504345985432806,2150687812
sw,-73.3432312011718,-80.7255783081054,36.531000781812416,42.94909561431166,2150704479
sw,-74.1338119506836,-80.2242279052734,36.800376838341684,35.1603693275269,2150721146
sw,-74.955581665039,-79.9011077880859,35.382535650545584,26.388150011423686,2150737813
sw,-75.5025253295898,-79.730110168457,33.41908927123503,16.742463307356044,2150754480
sw,-75.757827758789,-79.657730102539,31.861927881900648,6.164444306349384,2150771147
sw,-76.1859741210937,-79.712158203125,31.297562353178073,-5.522869889206153,2150787814
sw,-76.9974975585937,-79.9553298950195,31.904286731938043,-18.50351491870621,2150804481
sw,-77.9104766845703,-80.467658996582,33.54126841992189,-32.83843837692789,2150821148
sw,-78.7424850463867,-81.2955703735351,35.91487253646639,-48.361482799850144,2150837815
sw,-79.4416809082031,-82.4400939941406,38.739501700545894,-64.63454071641415,2150854482
sw,-80.1498870849609,-83.8654403686523,41.82772112851098,-80.97377285898784,2150871149
sw,-80.9766845703125,-85.4529113769531,45.090151589757006,-96.53747867608354,2150887816
sw,-81.9134750366211,-86.6860198974609,48.46656260675499,-110.45051544433674,2150904483
sw,-82.8619995117187,-86.4107894897461,51.831200618313574,-121.93283833235768,2150921150
sw,-83.7900390625,-84.7963638305664,54.922711415873444,-130.4022534597923,2150937817
sw,-84.8898696899414,-82.8591918945312,57.344207702128635,-135.53327982064923,2150954484
sw,-86.111083984375,-80.8931655883789,58.65465203631199,-137.2699993443342,2150971151
sw,-87.2647628784179,-78.9062881469726,58.52940252979278,-135.80268120396477,2150987818
sw,-88.3424758911132,-76.8222045898437,56.92638899515907,-131.5206179122833,2151004485
sw,-89.41650390625,-74.7162399291992,54.181480595151044,-124.94889787205389,2151021152
sw,-89.4290466308593,-72.6289367675781,50.98055879927165,-116.67122830651472,2151037819
sw,-88.462905883789,-70.6638641357421,48.203113288628586,-107.24065633726111,2151054486
sw,-87.6837921142578,-68.9457702636718,46.68239999105109,-97.08794046497634,2151071153
sw,-86.9478988647461,-67.4594650268554,46.963322873659145,-86.45037657264632,2151087820
sw,-86.1294021606445,-66.1520385742187,49.146988688785456,-75.35235273838262,2151104487
sw,-85.1297073364257,-64.9455108642578,52.88151153273252,-63.661265743841135,2151121154
sw,-83.9676895141601,-63.8813743591308,57.49938274736806,-51.21544490809019,2151137821
sw,-82.7308349609375,-63.0856971740722,62.2397232251337,-37.9857957698926,2151154488
sw,-81.5180511474609,-62.6339263916015,66.46155928918613,-24.210440678528826,2151171155
sw,-80.374755859375,-62.4680862426757,69.7678984137422,-10.446552403535692,2151187822
sw,-79.2965774536132,-62.5919227600097,72.00954041473688,2.4860638750113617,2151204489
sw,-78.2118072509765,-62.9319229125976,73.19442828715249,13.655689521640742,2151221156
sw,-77.0901870727539,-63.4495429992675,73.36509229353842,22.21957606270495,2151237823
sw,-75.9216918945312,-64.2348480224609,72.50940010226093,27.619162261724178,2151254490
sw,-74.7010192871093,-65.0600051879882,70.54220405820038,29.719516497922598,2151271157
sw,-73.4268646240234,-65.7902755737304,67.35382637639073,28.859971042341407,2151287824
sw,-72.1397247314453,-66.5149154663086,62.88527384403312,25.804817575305066,2151304491
sw,-71.0274963378906,-67.1349639892578,57.17547155400514,21.603631015805345,2151321158
sw,-70.2214660644531,-67.4131088256836,50.340221138682416,17.3871753246962,2151337825
sw,-69.6616439819336,-67.4791107177734,42.48127035664619,14.139545762001061,2151354492
sw,-69.2830047607421,-67.6951599121093,33.56838278132085,12.501484523524988,2151371159
sw,-69.0538330078125,-68.0582580566406,23.362995499566996,12.663360460721671,2151387826
sw,-68.9348907470703,-68.5176391601562,11.44291638834008,14.385134046794123,2151404493
sw,-68.8677978515625,-69.4366302490234,-2.654107987292191,17.136341570320013,2151421160
sw,-68.9123916625976,-70.4575805664062,-19.206054463163532,20.301742146926333,2151437827
sw,-69.2030410766601,-71.0483474731445,-38.08501483401403,23.372764893841588,2151454494
sw,-69.9830551147461,-71.539436340332,-58.634174828010686,26.058372278055433,2151471161
sw,-71.3707809448242,-72.2264709472656,-79.70776524999131,28.29690736669975,2151487828
sw,-73.2640609741211,-73.1675643920898,-99.87287597041427,30.200492919901002,2151504495
sw,-75.3903350830078,-74.2352218627929,-117.70304730106712,31.980002031538092,2151521162
sw,-77.632080078125,-75.2968521118164,-132.05723401525424,33.87896439948791,2151537829
sw,-79.7858276367187,-76.273811340332,-142.25288348921572,36.11829168784697,2151554496
sw,-81.8240890502929,-77.2471923828125,-148.09744525506144,38.84590121056699,2151571163
sw,-83.8262329101562,-78.2802047729492,-149.80596475450008,42.095138822352226,2151587830
sw,-85.6125564575195,-79.3709182739257,-147.87041611323252,45.7654728992709,2151604497
sw,-86.7864913940429,-80.4887771606445,-142.9444179245846,49.6356658227525,2151621164
sw,-86.5519638061523,-81.6236572265625,-135.7741963570978,53.40678436584644,2151637831
sw,-85.1616744995117,-82.6585617065429,-127.16652577183622,56.76199363779034,2151654498
sw,-83.397705078125,-83.6773376464843,-117.95858702138636,59.42909600887786,2151671165
sw,-81.5557098388671,-84.7886886596679,-108.9534073471263,61.23624043829302,2151687832
sw,-79.8197250366211,-85.9670639038086,-100.8057830487187,62.15255905970197,2151704499
sw,-78.2945175170898,-87.1179885864257,-93.87710856522804,62.30175037200343,2151721166
sw,-76.9109420776367,-88.2326507568359,-88.1088221240211,61.93568654987336,2151737833
sw,-75.5726776123046,-89.3654251098632,-82.97751562581186,61.365145970256236,2151754500
sw,-74.2636795043945,-90.0,-77.57901616994366,60.863526311932745,2151771167
sw,-73.035285949707,-88.8216476440429,-70.84592848998061,60.57528636941421,2151787834
sw,-71.9208679199218,-87.7207641601562,-61.850687513195595,60.46304489674678,2151804501
sw,-70.9517364501953,-86.6044311523437,-50.1073540481489,60.31330423288253,2151821168
sw,-70.192756652832,-85.4528350830078,-35.775988547685984,59.7971890073565,2151837835
sw,-69.7623825073242,-84.3600006103515,-19.696575852873863,58.560754345697404,2151854502
sw,-69.8215103149414,-83.3527679443359,-3.228551444572035,56.30966815929345,2151871169
sw,-70.3126678466796,-82.408447265625,12.066082426630903,52.85919070056025,2151887836
sw,-71.0635604858398,-81.5059051513671,24.802631627975185,48.137433602106064,2151904503
sw,-71.7928466796875,-80.7203826904296,34.097249491876504,42.148231818639964,2151921170
sw,-72.6247482299804,-80.1251220703125,39.73413154406344,34.912543634791774,2151937837
sw,-73.5475463867187,-79.7272415161132,42.135399636840575,26.412653621370037,2151954504
sw,-74.4490432739257,-79.5142364501953,42.16392030058868,16.56238989400207,2151971171
sw,-75.0233612060546,-79.4855041503906,40.84162141247535,5.219012992076764,2151987838
sw,-75.3350448608398,-79.6115341186523,39.084354048072804,-7.761062694864772,2152004505
sw,-75.9199447631836,-79.9380340576171,37.5393200080504,-22.436429612611647,2152021172
sw,-76.957275390625,-80.5694351196289,36.56598340638504,-38.69074650740883,2152037839
sw,-78.1227722167968,-81.5554962158203,36.335560779476,-56.16804661300887,2152054506
sw,-79.0643081665039,-82.8165740966796,36.96630635078077,-74.25537971826868,2152071173
sw,-79.5988998413086,-84.3893356323242,38.600169147309565,-92.12050186942582,2152087840
sw,-80.1808929443359,-85.8517837524414,41.37284390230691,-108.7973348925699,2152104507
sw,-80.9683685302734,-86.6173629760742,45.301192569004726,-123.301816641043,2152121174
sw,-81.8860092163086,-85.8271179199218,50.16098502657982,-134.75726112936277,2152137841
sw,-83.0079345703125,-83.8865432739257,55.43115810075287,-142.50912762979482,2152154508
sw,-84.2750244140625,-81.6203536987304,60.34866948443222,-146.21098140728134,2152171175
sw,-85.56005859375,-79.2999420166015,64.07154836951631,-145.8662560221127,2152187842
sw,-86.7756042480468,-77.0310897827148,65.90409575616016,-141.81634494950717,2152204509
sw,-87.8554306030273,-74.8729019165039,65.51183099636674,-134.67514818482297,2152221176
sw,-88.8652954101562,-72.8689270019531,63.054014398559886,-125.22128985988017,2152237843
sw,-88.9897384643554,-70.8835983276367,59.18569897175174,-114.26824419567872,2152254510
sw,-88.089614868164,-68.9908142089843,54.918026680333874,-102.53653615782517,2152271177
sw,-87.2891387939453,-67.340103149414,51.365957451561144,-90.5511471930541,2152287844
sw,-86.6307678222656,-65.984130859375,49.451370638644185,-78.58454441893764,2152304511
sw,-85.9329299926757,-64.8306503295898,49.65482025563286,-66.66223504773158,2152321178
sw,-85.0513000488281,-63.7529792785644,51.90238344695026,-54.63810333526904,2152337845
sw,-83.9448928833007,-62.7721633911132,55.626747693923875,-42.32619431492221,2152354512
sw,-82.6781234741211,-62.1270103454589,59.97206810559413,-29.6504301473541,2152371179
sw,-81.4401473999023,-61.8400840759277,64.05656286628388,-16.7608013361177,2152387846
sw,-80.2938079833984,-61.8292579650878,67.1941672079841,-4.075850237062089,2152404513
sw,-79.2071990966796,-61.9998130798339,69.00906053911557,7.759772565603962,2152421180
sw,-78.127700805664,-62.271183013916,69.43149155200469,17.986745426120798,2152437847
sw,-77.0296859741211,-62.8477897644043,68.60941742990859,25.883044297444822,2152454514
sw,-75.9509201049804,-63.639850616455,66.78911971649077,30.92614614652868,2152471181
sw,-74.8641510009765,-64.5119705200195,64.20931077497814,32.9336832062373,2152487848
sw,-73.7593078613281,-65.4997253417968,61.029967474280824,32.14770987039791,2152504515
sw,-72.6634445190429,-66.4209289550781,57.29371940595813,29.230491811619117,2152521182
sw,-71.6971588134765,-67.0591049194336,52.90469955932521,25.15526834171918,2152537849
sw,-70.9629821777343,-67.4866714477539,47.61264194029857,21.004148106964124,2152554516
sw,-70.4383087158203,-67.6736450195312,41.00643370681302,17.720289570285832,2152571183
sw,-70.0210571289062,-67.8263931274414,32.53956735863972,15.889228480974486,2152587850
sw,-69.6689300537109,-68.2470932006836,21.613706922061557,15.62749762538515,2152604517
sw,-69.4651184082031,-68.9452438354492,7.7271592554770665,16.623919345138237,2152621184
sw,-69.3784942626953,-69.8718566894531,-9.339949362857759,18.31715551033659,2152637851
sw,-69.6597900390625,-70.8816757202148,-29.362496131328374,20.13222770572004,2152654518
sw,-70.4497146606445,-71.4660034179687,-51.59451262568731,21.675245949312686,2152671185
sw,-71.6568984985351,-71.8576583862304,-74.82196275530264,22.815728807019187,2152687852
sw,-73.2727737426757,-72.4458312988281,-97.54075070241217,23.651165202863723,2152704519
sw,-75.3071365356445,-73.2604904174804,-118.21170922078203,24.405812649747077,2152721186
sw,-77.6281280517578,-74.1863708496093,-135.51789122101175,25.32979990228402,2152737853
sw,-79.9679336547851,-75.1102294921875,-148.55063160470442,26.636884102549693,2152754520
sw,-82.1940078735351,-75.9692230224609,-156.87964655743735,28.481551889387465,2152771187
sw,-84.3053588867187,-76.8060989379882,-160.50923660419545,30.956556765124464,2152787854
sw,-86.0903930664062,-77.6780242919921,-159.76647354318607,34.09378108151328,2152804521
sw,-86.7734146118164,-78.5978088378906,-155.18480947117897,37.861498356237725,2152821188
sw,-85.7985458374023,-79.5633316040039,-147.42950831847983,42.158295284339275,2152837855
sw,-83.9725341796875,-80.5108642578125,-137.27275582444466,46.806575314127834,2152854522
sw,-81.9699935913086,-81.3944931030273,-125.58948326129111,51.55107543007767,2152871189
sw,-80.0106201171875,-82.2999954223632,-113.3281275502894,56.07181294691391,2152887856
sw,-78.2948532104492,-83.3360290527343,-101.42092891693818,60.02143889045103,2152904523
sw,-76.8981475830078,-84.5306930541992,-90.63224282031624,63.08788240699571,2152921190
sw,-75.7359390258789,-85.7918319702148,-81.38634961846867,65.06591693794016,2152937857
sw,-74.606086730957,-87.0064392089843,-73.64580237620513,65.90756467361774,2152954524
sw,-73.466812133789,-88.1664505004882,-66.9072032688001,65.72416777017958,2152971191
sw,-72.3606948852539,-89.3538131713867,-60.340391338426265,64.73439279674652,2152987858
sw,-71.3800582885742,-90.0,-53.03871928716031,63.179668754191454,2153004525
sw,-70.5400085449218,-88.8844299316406,-44.301941925696234,61.24402240294597,2153021192
sw,-69.9066848754882,-87.7545852661132,-33.859772892845776,59.01036052766499,2153037859
sw,-69.5115051269531,-86.7208786010742,-21.96551318432992,56.46542145836277,2153054526
sw,-69.4804763793945,-85.7106094360351,-9.333336691074134,53.54354427742914,2153071193
sw,-69.6490783691406,-84.6994323730468,3.057019720410977,50.184743811433016,2153087860
sw,-70.2707748413086,-83.7551574707031,14.223750473118576,46.37858182957664,2153104527
sw,-70.7999572753906,-82.9513244628906,23.430909788089593,42.17197525630389,2153121194
sw,-71.4512786865234,-82.2724914550781,30.34565553581239,37.63479708919096,2153137861
sw,-72.2576446533203,-81.7279663085937,35.06385652185256,32.79670128645483,2153154528
sw,-73.0226211547851,-81.3122406005859,38.009096513350634,27.583391687986076,2153171195
sw,-73.8084564208984,-80.9846115112304,39.750134987601186,21.783480091244783,2153187862
sw,-74.4573593139648,-80.7518463134765,40.804947905190545,15.067078964444743,2153204529
sw,-74.9648971557617,-80.6373291015625,41.50214757885926,7.058858151830947,2153221196
sw,-75.7614059448242,-80.648193359375,41.95054746341155,-2.5517360066222396,2153237863
sw,-76.88232421875,-80.7731018066406,42.124256654150514,-13.895627075833286,2153254530
sw,-77.9457778930664,-81.1022720336914,42.015662639578586,-26.842535004262146,2153271197
sw,-78.9454879760742,-81.8309097290039,41.77100745052484,-40.98276733705373,2153287864
sw,-79.6701736450195,-82.9386749267578,41.73099352327653,-55.6816827261181,2153304531
sw,-80.2505950927734,-84.2858810424804,42.3505318415291,-70.18973075761933,2153321198
sw,-80.9674911499023,-85.811279296875,44.03411613775074,-83.77182221060951,2153337865
sw,-81.822525024414,-87.3152542114257,46.960112411906685,-95.81709881794121,2153354532
sw,-82.7927932739257,-87.6016693115234,50.965755070379245,-105.90232273118072,2153371199
sw,-83.8335037231445,-85.9952316284179,55.53636612378463,-113.80066166940571,2153387866
sw,-85.0034637451171,-83.8331832885742,59.905671062194344,-119.44546329721413,2153404533
sw,-86.2445373535156,-81.6851654052734,63.24042084878739,-122.87124821153316,2153421200
sw,-87.4073104858398,-79.6789398193359,64.8574200544711,-124.15785889020727,2153437867
sw,-88.5776977539062,-77.7787246704101,64.41071256790991,-123.39726376508024,2153454534
sw,-90.0,-75.8809127807617,61.995184172672,-120.68964790830957,2153471201
sw,-89.1555862426757,-74.0017623901367,58.1362784835819,-116.16219887743402,2153487868
sw,-88.0023803710937,-72.1053009033203,53.66572712749669,-109.99447306229094,2153504535
sw,-87.1662139892578,-70.1930084228515,49.515047130557534,-102.43014590359287,2153521202
sw,-86.4717483520507,-68.4870376586914,46.487118464302206,-93.75869322576887,2153537869
sw,-85.7630310058593,-67.0810470581054,45.07934899368137,-84.26506487768769,2153554536
sw,-84.8857269287109,-65.8936462402343,45.41554394496719,-74.1678387877228,2153571203
sw,-83.86279296875,-64.8021774291992,47.29774960320326,-63.58288577525042,2153587870
sw,-82.835220336914,-63.7602996826171,50.33646168230767,-52.54352021314573,2153604537
sw,-81.885025024414,-62.8719482421875,54.08890866027164,-41.07754724807509,2153621204
sw,-80.9983978271484,-62.317211151123,58.14666731423765,-29.306213948072294,2153637871
sw,-80.0809936523437,-62.0848770141601,62.154383318718246,-17.51569127011905,2153654538
sw,-79.0253372192382,-62.0941581726074,65.7824260075069,-6.1673312532267515,2153671205
sw,-77.840217590332,-62.2140769958496,68.69425895424838,4.1563422823332,2153687872
sw,-76.6322860717773,-62.4293365478515,70.54029065709841,12.850113479320388,2153704539
sw,-75.4719619750976,-62.8061790466308,70.98760852459846,19.404008310199362,2153721206
sw,-74.3177185058593,-63.3047065734863,69.7756626220271,23.519621465018965,2153737873
sw,-73.1535415649414,-64.0987930297851,66.7780574276713,25.20390354866562,2153754540
sw,-72.0008544921875,-64.97705078125,62.046871137974705,24.813460827673868,2153771207
sw,-70.9044494628906,-65.6780395507812,55.81525726333413,23.021043984605594,2153787874
sw,-69.9837417602539,-66.1388168334961,48.43983728746624,20.692185819216387,2153804541
sw,-69.3729858398437,-66.5129699707031,40.282285576150706,18.693878531420285,2153821208
sw,-69.0394592285156,-66.9531784057617,31.558561918366294,17.690750595335526,2153837875
sw,-68.8694229125976,-67.2564392089843,22.212085475153238,17.995929478436935,2153854542
sw,-68.8001556396484,-67.7409210205078,11.875140853500302,19.527580140009317,2153871209
sw,-68.7551727294921,-68.5529022216796,-0.040989239397798916,21.887069607850755,2153887876
sw,-68.7812576293945,-69.6725082397461,-14.136759448815619,24.532074101725243,2153904543
sw,-69.0153350830078,-70.8057479858398,-30.759749100270632,26.979550319737225,2153921210
sw,-69.6596984863281,-71.5606460571289,-49.779740835559416,28.95809538550074,2153937877
sw,-70.7454299926757,-72.0690536499023,-70.4900023207222,30.45340596432045,2153954544
sw,-72.2750549316406,-72.6707992553711,-91.6759466341376,31.646857873777158,2153971211
sw,-74.2108306884765,-73.5344772338867,-111.83116098682102,32.79995051171838,2153987878
sw,-76.4350433349609,-74.5870971679687,-129.45036002236697,34.15054723253547,2154004545
sw,-78.7930145263671,-75.654800415039,-143.30810335548483,35.85772230110507,2154021212
sw,-81.0742568969726,-76.6277389526367,-152.6463444236321,37.99132542520321,2154037879
sw,-83.2246017456054,-77.5909881591796,-157.2346323984949,40.54189267792769,2154054546
sw,-85.0950393676757,-78.6223449707031,-157.3152532448099,43.43200435525681,2154071213
sw,-86.2938232421875,-79.7095260620117,-153.48029439794468,46.525112661971754,2154087880
sw,-86.2554016113281,-80.7985229492187,-146.53553116277033,49.63610393289944,2154104547
sw,-85.0508651733398,-81.7779159545898,-137.3889043139487,52.54774504206368,2154121214
sw,-83.3179244995117,-82.6845321655273,-126.97204061517321,55.03583706161828,2154137881
sw,-81.4263229370117,-83.621109008789,-116.1774658801295,56.90612732429067,2154154548
sw,-79.6419143676757,-84.6497573852539,-105.78453397740103,58.04284051788502,2154171215
sw,-78.0872116088867,-85.7635345458984,-96.35951503568046,58.45815067823354,2154187882
sw,-76.7584686279296,-86.8890075683593,-88.14473676851689,58.3193948544789,2154204549
sw,-75.4908294677734,-87.9577102661132,-80.98094088257858,57.928226700380655,2154221216
sw,-74.2316818237304,-88.9793243408203,-74.31462455230348,57.64089414626806,2154237883
sw,-73.0182266235351,-90.0,-67.31809271333836,57.746760674390124,2154254550
sw,-71.976318359375,-89.6986923217773,-59.10562828974908,58.34773568798925,2154271217
sw,-71.1940155029296,-88.4322738647461,-48.98945472056862,59.288400681450064,2154287884
sw,-70.6041488647461,-87.2997055053711,-36.70295859535397,60.169506232960565,2154304551
sw,-70.1252822875976,-86.1627349853515,-22.527208582325862,60.44436533165028,2154321218
sw,-69.855354309082,-85.0413665771484,-7.280127815664851,59.56484199102949,2154337885
sw,-70.0721817016601,-83.9356002807617,7.840808657551985,57.125334812175446,2154354552
sw,-70.7674407958984,-82.8630065917968,21.531389685298688,52.95479636232752,2154371219
sw,-71.6812896728515,-81.959243774414,32.694915979444836,47.125827634937046,2154387886
sw,-72.5545654296875,-81.3187713623046,40.69854693261476,39.879904073820946,2154404553
sw,-73.5126190185546,-80.9116592407226,45.48741150878663,31.50009396241509,2154421220
sw,-74.4726257324218,-80.6216583251953,47.52666700693453,22.185014032219303,2154437887
sw,-75.4077911376953,-80.4436264038086,47.60806731965259,11.978078039590285,2154454554
sw,-76.0908203125,-80.4433364868164,46.60337960370196,0.7816422213628347,2154471221
sw,-76.6711654663086,-80.5984954833984,45.255962347527266,-11.551905984629386,2154487888
sw,-77.5481872558593,-80.8953018188476,44.075362470290585,-25.092231238280387,2154504555
sw,-78.6206512451171,-81.4530715942382,43.34921032489389,-39.71980967240608,2154521222
sw,-79.634048461914,-82.4334030151367,43.23210130922502,-55.07575605494674,2154537889
sw,-80.4306182861328,-83.8151473999023,43.83984136189688,-70.58994857194293,2154554556
sw,-81.1186981201171,-85.3851852416992,45.287558232839245,-85.5715318379065,2154571223
sw,-81.9332580566406,-86.9416198730468,47.652726364644714,-99.32319106433809,2154587890
sw,-82.8861694335937,-87.6439056396484,50.889753108711986,-111.2386995273166,2154604557
sw,-83.9240417480468,-86.3207015991211,54.747816104297776,-120.85859815768151,2154621224
sw,-85.011116027832,-84.1232070922851,58.743693569741275,-127.87986821613706,2154637891
sw,-86.1880798339843,-81.8849716186523,62.2221200457321,-132.1332817758745,2154654558
sw,-87.4441146850586,-79.7166748046875,64.50320889858503,-133.55234895142704,2154671225
sw,-88.5919494628906,-77.6130752563476,65.07776713995788,-132.15673868037615,2154687892
sw,-89.2480087280273,-75.5398712158203,63.782755579942226,-128.05994359909127,2154704559
sw,-88.6838912963867,-73.5488739013671,60.88739469270996,-121.49237238084147,2154721226
sw,-87.6339645385742,-71.6478729248046,57.049222858037346,-112.8177869712894,2154737893
sw,-86.6858901977539,-69.8290252685546,53.14628743148996,-102.5198978303961,2154754560
sw,-85.9188919067382,-68.1302185058593,50.03775852299525,-91.14665402059734,2154771227
sw,-85.2154998779296,-66.7014923095703,48.33425956736808,-79.21825810144206,2154787894
sw,-84.4251861572265,-65.5795059204101,48.25882108513509,-67.12611419925643,2154804561
sw,-83.4746932983398,-64.6858596801757,49.64506727035546,-55.065436232779085,2154821228
sw,-82.3894424438476,-63.8899536132812,52.06230149610239,-43.041896572928295,2154837895
sw,-81.2472076416015,-63.1705780029296,55.004089777542696,-30.965138252829956,2154854562
sw,-80.1836624145507,-62.6998138427734,58.054867044214944,-18.798636209912722,2154871229
sw,-79.2479934692382,-62.545066833496,60.968586327331266,-6.701702211875182,2154887896
sw,-78.3047714233398,-62.7224388122558,63.64224306507452,4.901467390777019,2154904563
sw,-77.2943115234375,-63.144287109375,66.01796918189753,15.357870209778454,2154921230
sw,-76.219009399414,-63.6544113159179,67.97484443315173,23.914340529299096,2154937897
sw,-75.1087570190429,-64.353515625,69.26662365046096,29.89543867373692,2154954564
sw,-73.926887512207,-65.1724777221679,69.53314387863406,32.880054378693856,2154971231
sw,-72.6812591552734,-66.0321731567382,68.37751996126366,32.8340452250151,2154987898
sw,-71.4240188598632,-66.859634399414,65.47207250778318,30.167222512651435,2155004565
sw,-70.2244262695312,-67.5325851440429,60.642416252077766,25.69447875299157,2155021232
sw,-69.2423019409179,-67.9337615966796,53.88683903600386,20.497925205819897,2155037899
sw,-68.5807876586914,-68.224365234375,45.31695523736913,15.712271915832877,2155054566
sw,-68.2162933349609,-68.3434982299804,35.046166566806164,12.283659287834842,2155071233
sw,-68.0505065917968,-68.4701538085937,23.08590282397825,10.771030325962473,2155087900
sw,-67.9818878173828,-68.8891143798828,9.315542556011534,11.25620474377668,2155104567
sw,-67.9694519042968,-69.5746307373046,-6.438639963643569,13.395873480962742,2155121234
sw,-68.0142745971679,-70.5527648925781,-24.235727360324578,16.59225006384097,2155137901
sw,-68.4575424194336,-71.1668853759765,-43.8357712750646,20.207292643485225,2155154568
sw,-69.5050964355468,-71.6351776123046,-64.58862275364446,23.73341125139904,2155171235
sw,-70.9405364990234,-72.2351837158203,-85.45649366052425,26.8713224490129,2155187902
sw,-72.7621231079101,-73.0438766479492,-105.17026335748285,29.523360144497573,2155204569
sw,-74.889404296875,-73.9802627563476,-122.46226458966102,31.744650946371696,2155221236
sw,-77.1578750610351,-74.9957504272461,-136.29244003622915,33.68894895973315,2155237903
sw,-79.3710861206054,-75.9604034423828,-145.99725320341332,35.56075299073318,2155254570
sw,-81.5270843505859,-76.8957824707031,-151.33050419089517,37.569070343118916,2155271237
sw,-83.5868759155273,-77.8619766235351,-152.41214781342174,39.88025833684836,2155287904
sw,-85.3905792236328,-78.8921279907226,-149.63356263836184,42.57722601984017,2155304571
sw,-86.6261215209961,-79.9504165649414,-143.57154225223738,45.63632829881511,2155321238
sw,-86.5342254638671,-80.9719543457031,-134.94016391256596,48.928443769397866,2155337905
sw,-85.2495193481445,-81.9123764038086,-124.57469701871827,52.2433432109686,2155354572
sw,-83.5982208251953,-82.8549346923828,-113.41412579571305,55.33218891902014,2155371239
sw,-81.921272277832,-83.8524780273437,-102.44286731429843,57.961036334356024,2155387906
sw,-80.4096069335937,-84.9224090576171,-92.57093902832536,59.965030013989036,2155404573
sw,-79.1365966796875,-86.0212326049804,-84.4664204395953,61.288844775571235,2155421240
sw,-77.973892211914,-87.1090393066406,-78.38836679847086,61.99848880632527,2155437907
sw,-76.7711791992187,-88.2094345092773,-74.08486482618906,62.256677908502446,2155454574
sw,-75.5535659790039,-89.3741149902343,-70.80857545686135,62.26686783523786,2155471241
sw,-74.4393234252929,-90.0,-67.46473522919196,62.203177014821975,2155487908
sw,-73.4895248413086,-88.6652908325195,-62.8628997534827,62.148682329643584,2155504575
sw,-72.6438522338867,-87.5720672607421,-56.0131610852574,62.06143010041085,2155521242
sw,-71.8142395019531,-86.4935684204101,-46.3958082868204,61.77872073800663,2155537909
sw,-71.0608749389648,-85.4030456542968,-34.134632493802734,61.05903686254337,2155554576
sw,-70.5645370483398,-84.3062896728515,-20.016187442249556,59.64916685947039,2155571243
sw,-70.6722793579101,-83.2238464355468,-5.32849655032753,57.35382678502786,2155587910
sw,-71.233154296875,-82.1698989868164,8.451901381525403,54.08080181397166,2155604577
sw,-71.8526535034179,-81.2690505981445,20.033022795134364,49.84090066664832,2155621244
sw,-72.5771255493164,-80.5490493774414,28.615945270593492,44.699471134365865,2155637911
sw,-73.2046966552734,-79.9743423461914,34.03739985687086,38.69890855068789,2155654578
sw,-73.8599395751953,-79.5040512084961,36.71520753182753,31.788315920279757,2155671245
sw,-74.6822052001953,-79.1454391479492,37.44213898643237,23.797052831884685,2155687912
sw,-75.2679748535156,-78.9124984741211,37.11883157761191,14.471575249381965,2155704579
sw,-75.6479415893554,-78.8083267211914,36.51873086218415,3.5679139705965737,2155721246
sw,-76.2396392822265,-78.8602142333984,36.15181089160351,-9.0322090889803,2155737913
sw,-77.0712585449218,-79.1473007202148,36.25473755176541,-23.225192019839028,2155754580
sw,-78.1169967651367,-79.7858963012695,36.88855023303598,-38.64679429258332,2155771247
sw,-79.0964050292968,-80.8489074707031,38.08033997662613,-54.70614061082673,2155787914
sw,-79.7404022216796,-82.1689758300781,39.926260527905676,-70.6785987782611,2155804581
sw,-80.4053573608398,-83.5524520874023,42.59745675888197,-85.82185571283442,2155821248
sw,-81.2556076049804,-84.9158172607421,46.246339115318705,-99.47643788821523,2155837915
sw,-82.2473449707031,-85.8269271850586,50.863347274888376,-111.12640612172262,2155854582
sw,-83.2582550048828,-85.4296264648437,56.15723005608748,-120.41614302184442,2155871249
sw,-84.3269119262695,-83.9680786132812,61.522722624139455,-127.13447489037607,2155887916
sw,-85.5926971435546,-82.2156829833984,66.1285227814949,-131.18519581077072,2155904583
sw,-86.9718551635742,-80.4040832519531,69.1145804929274,-132.56364121106844,2155921250
sw,-88.3303604125976,-78.555908203125,69.84247812243873,-131.3513825787475,2155937917
sw,-90.0,-76.6717987060546,68.11461935262018,-127.72743027431753,2155954584
sw,-89.221923828125,-74.8005294799804,64.28170602313854,-121.98170500488631,2155971251
sw,-87.8708190917968,-72.9563217163086,59.19250517936687,-114.51165940022639,2155987918
sw,-86.8001022338867,-71.1053237915039,53.99161673472633,-105.78707814537378,2156004585
sw,-86.0037994384765,-69.3667373657226,49.82358822808332,-96.27910671654871,2156021252
sw,-85.3309631347656,-67.9277114868164,47.53892608363717,-86.3657974968546,2156037919
sw,-84.5989532470703,-66.7740783691406,47.50234114581902,-76.2452624521026,2156054586
sw,-83.6660919189453,-65.7644882202148,49.56635754306049,-65.89970381284817,2156071253
sw,-82.5009307861328,-64.7720870971679,53.20500028974221,-55.144997702229745,2156087920
sw,-81.2843780517578,-63.8904380798339,57.735026260170066,-43.76577811059263,2156104587
sw,-80.1798400878906,-63.2824478149414,62.52221145028241,-31.69062241019287,2156121254
sw,-79.1938171386718,-62.9916267395019,67.09319386080435,-19.13493795113738,2156137921
sw,-78.1703033447265,-63.0324020385742,71.13306573212083,-6.649583954449989,2156154588
sw,-77.0239791870117,-63.3007926940918,74.40824646063943,4.9461750411880425,2156171255
sw,-75.7912521362304,-63.6332244873046,76.6810710470661,14.724921544617496,2156187922
sw,-74.4810409545898,-64.248420715332,77.66989424913888,21.85744446929734,2156204589
sw,-73.1621017456054,-65.1104888916015,77.07274069694161,25.81397731236639,2156221256
sw,-71.8100967407226,-65.9379119873046,74.63629339527782,26.513191917155524,2156237923
sw,-70.4624328613281,-66.668586730957,70.22994798480538,24.379221700136377,2156254590
sw,-69.2729873657226,-67.3132247924804,63.88171559752837,20.283988107464243,2156271257
sw,-68.3522033691406,-67.8512725830078,55.74884460129774,15.380328095689073,2156287924
sw,-67.7123184204101,-68.1080856323242,46.02693461076204,10.861636811849976,2156304591
sw,-67.290283203125,-68.2031555175781,34.835550508540116,7.7069971940297695,2156321258
sw,-67.082160949707,-68.4575271606445,22.138676565844097,6.481884327800544,2156337925
sw,-67.0003204345703,-68.8464050292968,7.751441093968302,7.255208038888184,2156354592
sw,-67.0524749755859,-69.3451232910156,-8.549680675752345,9.657875655582961,2156371259
sw,-67.2775497436523,-70.2958602905273,-26.843574685954486,13.056546183993637,2156387926
sw,-67.7942199707031,-71.0119476318359,-46.87814207462153,16.772926145780396,2156404593
sw,-68.7639236450195,-71.3846130371093,-67.96306795658276,20.266878183523747,2156421260
sw,-70.2132720947265,-71.8906478881836,-88.99985547294665,23.229721922018463,2156437927
sw,-72.0785522460937,-72.658935546875,-108.65519825563419,25.586296818340777,2156454594
sw,-74.2916030883789,-73.6159210205078,-125.62600525159412,27.444331085400012,2156471261
sw,-76.6928634643554,-74.5867385864257,-138.90671078550477,29.032689653807363,2156487928
sw,-78.9549865722656,-75.4871749877929,-147.9688156535206,30.646519486591973,2156504595
sw,-81.0269012451171,-76.3506546020507,-152.79991866525123,32.59561404855984,2156521262
sw,-82.9429779052734,-77.2618637084961,-153.8083147873912,35.14811804131483,2156537929
sw,-84.601089477539,-78.2159194946289,-151.6507922801419,38.470493217483366,2156554596
sw,-85.6933441162109,-79.2065200805664,-147.0598893756875,42.57483303404298,2156571263
sw,-85.7758026123046,-80.2106246948242,-140.72713826460327,47.28909537394078,2156587930
sw,-84.7774124145507,-81.1775512695312,-133.25759622054866,52.26390844182749,2156604597
sw,-83.1764907836914,-82.1608123779296,-125.17267958261505,57.02295578397501,2156621264
sw,-81.388671875,-83.2330551147461,-116.91980089683567,61.05343483343097,2156637931
sw,-79.6391830444336,-84.3925552368164,-108.85332275067027,63.91951959358533,2156654598
sw,-78.0354309082031,-85.647834777832,-101.17665613728684,65.36882837711534,2156671265
sw,-76.5679855346679,-86.8899536132812,-93.86707773895697,65.39675330521192,2156687932
sw,-75.1805648803711,-88.0381622314453,-86.62662554653352,64.24264112527409,2156704599
sw,-73.8639831542968,-89.1613998413086,-78.90234438338186,62.31510580790452,2156721266
sw,-72.6873931884765,-90.0,-69.99687406521187,60.07168892908531,2156737933
sw,-71.7271881103515,-89.2412719726562,-59.25673396569551,57.895687011433374,2156754600
sw,-70.9510803222656,-88.0745086669921,-46.2947507935033,56.009980651850015,2156771267
sw,-70.3252639770507,-87.0633544921875,-31.184325736722005,54.44729608243087,2156787934
sw,-69.938117980957,-86.1200561523437,-14.560411690474075,53.072586389704405,2156804601
sw,-69.9091033935546,-85.2234497070312,2.4222941028637845,51.63888258936512,2156821268
sw,-70.3921890258789,-84.3326187133789,18.287062076001057,49.85542253177448,2156837935
sw,-71.27099609375,-83.4203491210937,31.549739707519628,47.45041495205487,2156854602
sw,-72.3067245483398,-82.5007705688476,41.06246756412919,44.21476346965585,2156871269
sw,-73.2316818237304,-81.6754379272461,46.28008709190015,40.0167341186282,2156887936
sw,-74.2650527954101,-81.0613708496093,47.36885258875341,34.784058936384206,2156904603
sw,-75.2935714721679,-80.6654205322265,45.13471897148709,28.461574793149413,2156921270
sw,-76.2994384765625,-80.4562301635742,40.80624077333845,20.965947082751985,2156937937
sw,-76.8742141723632,-80.3595352172851,35.74190944673055,12.1657146279574,2156954604
sw,-77.0045089721679,-80.3386306762695,31.143412617856296,1.9071192883658983,2156971271
sw,-77.3965835571289,-80.4194869995117,27.852283912516583,-9.915364388828367,2156987938
sw,-78.147964477539,-80.6713790893554,26.282460485155312,-23.269500412541223,2157004605
sw,-78.9261398315429,-81.2609024047851,26.488461170051192,-37.9156069068352,2157021272
sw,-79.4319305419921,-82.298828125,28.308793034731117,-53.38857219389755,2157037939
sw,-79.8116149902343,-83.6014175415039,31.49869628322597,-69.04018932261268,2157054606
sw,-80.5083389282226,-85.0990371704101,35.7935630063871,-84.12538754911375,2157071273
sw,-81.3335418701171,-86.5882110595703,40.89749747961055,-97.90308864116389,2157087940
sw,-82.2536468505859,-87.1065979003906,46.43186681853064,-109.72467978627235,2157104607
sw,-83.2166442871093,-85.8764038085937,51.893117118556624,-119.09380814090471,2157121274
sw,-84.2345962524414,-83.9916915893554,56.66467524010832,-125.6937497988013,2157137941
sw,-85.3918151855468,-82.0528564453125,60.10791207199727,-129.38961038201455,2157154608
sw,-86.5705795288086,-80.1199645996093,61.72124590223562,-130.21808251418966,2157171275
sw,-87.6136169433593,-78.2005081176757,61.315542443039284,-128.37382432159077,2157187942
sw,-88.5366058349609,-76.1885375976562,59.13108001829272,-124.19124806394834,2157204609
sw,-89.051887512207,-74.1558532714843,55.83311120296585,-118.11171836634215,2157221276
sw,-88.5772857666015,-72.1524963378906,52.36592816182298,-110.62572864881656,2157237943
sw,-87.7990417480468,-70.2820129394531,49.700407097387014,-102.18931761833255,2157254610
sw,-87.0955963134765,-68.6349182128906,48.55578578904124,-93.13093194190887,2157271277
sw,-86.3719406127929,-67.2313156127929,49.19539774877993,-83.58169632404947,2157287944
sw,-85.4787521362304,-65.9609680175781,51.37666696933267,-73.46726869232783,2157304611
sw,-84.345458984375,-64.7260818481445,54.47858086381052,-62.58368651891375,2157321278
sw,-83.0615539550781,-63.6036109924316,57.75561712777659,-50.744485250820446,2157337945
sw,-81.8134994506836,-62.7618560791015,60.61132870255723,-37.94842605988872,2157354612
sw,-80.7106704711914,-62.308853149414,62.77801118010885,-24.49952917857292,2157371279
sw,-79.7409591674804,-62.1884422302246,64.33547687951874,-11.026849727871316,2157387946
sw,-78.8003845214843,-62.3721389770507,65.57649219604805,1.6076324367891073,2157404613
sw,-77.8437805175781,-62.5667724609375,66.7904662001875,12.482398563814883,2157421280
sw,-76.7937316894531,-63.0413970947265,68.06264504825066,20.817755472087274,2157437947
sw,-75.6815109252929,-63.8832321166992,69.16888770013034,26.151838254596413,2157454614
sw,-74.5124740600586,-64.6940612792968,69.60098743167326,28.450014954939,2157471281
sw,-73.2490005493164,-65.3670578002929,68.70573077748153,28.12301224235856,2157487948
sw,-71.9113998413086,-66.1326141357421,65.87960590576336,25.949629548806932,2157504615
sw,-70.6133956909179,-66.8262481689453,60.741053355904285,22.920794834592268,2157521282
sw,-69.6030960083007,-67.1216278076171,53.210247129890625,20.03632464847663,2157537949
sw,-69.0088424682617,-67.3355407714843,43.464442118478345,18.09608068965431,2157554616
sw,-68.7752151489257,-67.5989303588867,31.794664072810257,17.53788973680785,2157571283
sw,-68.7538757324218,-68.0628509521484,18.441100984618835,18.37584455225036,2157587950
sw,-68.7942504882812,-68.8244552612304,3.499490460626157,20.267302706689858,2157604617
sw,-68.8193054199218,-70.0262832641601,-13.044883181251171,22.685785365373146,2157621284
sw,-68.9404296875,-71.0122451782226,-31.169102699428315,25.12653306448191,2157637951
sw,-69.5199737548828,-71.5732345581054,-50.629015740933646,27.256497518732264,2157654618
sw,-70.6562042236328,-72.0870590209961,-70.83974339702034,28.95674996524789,2157671285
sw,-72.2716522216796,-72.8030700683593,-90.8847391683185,30.27033613245935,2157687952
sw,-74.2349395751953,-73.7306213378906,-109.64998464485103,31.31484149191205,2157704619
sw,-76.363166809082,-74.7632141113281,-126.02160970565335,32.21636048924936,2157721286
sw,-78.5478897094726,-75.7359237670898,-139.06738960069288,33.084684432453486,2157737953
sw,-80.6636962890625,-76.6200103759765,-148.1473777120479,34.01584471341831,2157754620
sw,-82.7241134643554,-77.517951965332,-152.9447273344028,35.0992648729318,2157771287
sw,-84.6335983276367,-78.460823059082,-153.44598700707434,36.4165566794845,2157787954
sw,-86.0521163940429,-79.4203720092773,-149.91171629348875,38.03066623549447,2157804621
sw,-86.4235153198242,-80.3062133789062,-142.8621938113748,39.969286386804896,2157821288
sw,-85.4419479370117,-81.0784378051757,-133.07361782703194,42.20825466681078,2157837955
sw,-83.8107147216796,-81.8066711425781,-121.55587288485009,44.66363306994647,2157854622
sw,-82.0812606811523,-82.5575103759765,-109.47640694428458,47.20332160836877,2157871289
sw,-80.456184387207,-83.4439926147461,-98.0104189551799,49.6842497656813,2157887956
sw,-79.0848693847656,-84.4549713134765,-88.13110761883918,52.0074707548812,2157904623
sw,-77.9544830322265,-85.5067749023437,-80.39189608516432,54.16753772611344,2157921290
sw,-76.840835571289,-86.5345153808593,-74.77603586211156,56.26599864754725,2157937957
sw,-75.597915649414,-87.5130462646484,-70.68098077073603,58.46961265806328,2157954624
sw,-74.338150024414,-88.4667282104492,-67.06278100971193,60.919204891682135,2157971291
sw,-73.2172012329101,-89.3873825073242,-62.707612416505626,63.622039311509354,2157987958
sw,-72.2811050415039,-89.2267074584961,-56.552906200252,66.37415173180979,2158004625
sw,-71.482666015625,-88.0868453979492,-47.9686700735262,68.75136023591803,2158021292
sw,-70.8407821655273,-86.8250350952148,-36.92756841236175,70.18205039608578,2158037959
sw,-70.4725799560546,-85.5457916259765,-24.024606817035846,70.08312529082147,2158054626
sw,-70.3166351318359,-84.2781677246093,-10.342355776351143,68.01595781300242,2158071293
sw,-70.5271759033203,-83.0167770385742,2.807374032281792,63.810150374622424,2158087960
sw,-71.1144256591796,-81.8474807739257,14.201481201989875,57.61102442139864,2158104627
sw,-71.6845550537109,-80.9540634155273,22.99644072834293,49.82941743275715,2158121294
sw,-72.3673477172851,-80.3649749755859,28.90660871895221,41.0047707127167,2158137961
sw,-73.0679092407226,-79.9995422363281,32.21788198742846,31.625814192507757,2158154628
sw,-73.7063980102539,-79.7804641723632,33.64075923821555,21.973476895176457,2158171295
sw,-74.1796188354492,-79.6320648193359,34.061855629700084,12.045573307217497,2158187962
sw,-74.5410842895507,-79.5569381713867,34.28458984845457,1.5916719146132448,2158204629
sw,-75.0997848510742,-79.5885620117187,34.847520519285254,-9.757004194487216,2158221296
sw,-75.8889541625976,-79.8107833862304,35.97337883103052,-22.313777097183156,2158237963
sw,-76.9021987915039,-80.3313827514648,37.64526213462641,-36.18302488767631,2158254630
sw,-78.0105285644531,-81.2655334472656,39.75255554432612,-51.1774488190378,2158271297
sw,-78.7444686889648,-82.5209426879882,42.22482899465,-66.82424220385083,2158287964
sw,-79.3408050537109,-83.9488372802734,45.08970614970037,-82.44383808291485,2158304631
sw,-80.2267227172851,-85.4302749633789,48.43710486784337,-97.26417003678738,2158321298
sw,-81.2752380371093,-86.4546966552734,52.31751329819921,-110.53256514691137,2158337965
sw,-82.3269348144531,-85.9704208374023,56.62556506467332,-121.60076038333938,2158354632
sw,-83.4126892089843,-84.2438812255859,61.023326170797354,-129.97553484250062,2158371299
sw,-84.6039886474609,-82.2289581298828,64.94766099612158,-135.34049928819607,2158387966
sw,-85.8562698364257,-80.2432174682617,67.72096493332303,-137.56027583727698,2158404633
sw,-87.0783233642578,-78.3171844482421,68.7442017904361,-136.67623650330523,2158421300
sw,-88.2613372802734,-76.3825149536132,67.71089787810138,-132.89660626170723,2158437967
sw,-89.0943222045898,-74.4286575317382,64.76229084687672,-126.57881049750925,2158454634
sw,-88.5959777832031,-72.4913635253906,60.51748045890038,-118.20085879942661,2158471301
sw,-87.6945495605468,-70.5821685791015,55.953146984596025,-108.31871144285839,2158487968
sw,-86.9018096923828,-68.737678527832,52.16138740559901,-97.50640613378098,2158504635
sw,-86.139533996582,-67.1633605957031,50.06262955971377,-86.2795288018662,2158521302
sw,-85.3378067016601,-65.9245910644531,50.17215855168566,-75.01544046284451,2158537969
sw,-84.4246597290039,-64.9167251586914,52.49950890455143,-63.90072840501063,2158554636
sw,-83.3419189453125,-63.9807472229003,56.60525795239144,-52.94110328882444,2158571303
sw,-82.0740737915039,-63.095287322998,61.77514256727314,-42.04737092180521,2158587970
sw,-80.7567367553711,-62.4002418518066,67.22838311760819,-31.169699306252486,2158604637
sw,-79.549446105957,-62.0268287658691,72.27562936879872,-20.418795880863758,2158621304
sw,-78.4336547851562,-62.0405197143554,76.38074442526514,-10.113637331637834,2158637971
sw,-77.2985382080078,-62.1582679748535,79.13753581113319,-0.7323632735425167,2158654638
sw,-76.0924987792968,-62.2911949157714,80.21563220054801,7.210806153111203,2158671305
sw,-74.7799682617187,-62.7435646057128,79.33597244099545,13.313878924175649,2158687972
sw,-73.3766784667968,-63.3421630859375,76.30547467934333,17.412539895941656,2158704639
sw,-71.925048828125,-63.9011001586914,71.09297271657061,19.647763650368795,2158721306
sw,-70.6322708129882,-64.5315399169921,63.89227295314135,20.455553141535272,2158737973
sw,-69.6586456298828,-65.2033767700195,55.11384746081282,20.4762795636102,2158754640
sw,-68.9866180419921,-65.699592590332,45.27820505994736,20.401834457850555,2158771307
sw,-68.5581817626953,-66.0805511474609,34.83591050960287,20.798872583218948,2158787974
sw,-68.3542098999023,-66.404426574707,23.98413668995957,21.961227106153668,2158804641
sw,-68.3286437988281,-66.9900512695312,12.563895774345196,23.846104317075717,2158821308
sw,-68.3608474731445,-67.9829559326171,0.09809817281807981,26.125534654053894,2158837975
sw,-68.4355773925781,-69.1363754272461,-14.022507114795642,28.33698046088011,2158854642
sw,-68.6058731079101,-70.2872619628906,-30.26049197500665,30.068727989218374,2158871309
sw,-69.0752487182617,-71.0968856811523,-48.66058823951667,31.099956982745972,2158887976
sw,-70.0429382324218,-71.6287536621093,-68.69325377155347,31.445273081751346,2158904643
sw,-71.5995635986328,-72.2813415527343,-89.27934571126558,31.308585354936817,2158921310
sw,-73.5551376342773,-73.2023086547851,-108.99009868136206,30.993506301710685,2158937977
sw,-75.6938400268554,-74.2819747924804,-126.34757144634709,30.8214710657454,2158954644
sw,-77.9002380371093,-75.2545166015625,-140.11902339889824,31.08091386118789,2158971311
sw,-80.0426864624023,-76.1326599121093,-149.51647949155796,32.000430807073364,2158987978
sw,-82.0661544799804,-77.0087966918945,-154.26423227381574,33.72897838678291,2159004645
sw,-83.9324645996093,-77.9263000488281,-154.55195066488406,36.31528982210802,2159021312
sw,-85.3728485107421,-78.9204711914062,-150.9242892685373,39.6903588694702,2159037979
sw,-85.9664840698242,-79.9059295654296,-144.16064553660033,43.660371591458386,2159054646
sw,-85.3367919921875,-80.7997207641601,-135.1777787924649,47.91543728825873,2159071313
sw,-83.924201965332,-81.6810073852539,-124.95794026792285,52.05863558008093,2159087980
sw,-82.2195434570312,-82.5925750732421,-114.48104428987628,55.660366521059615,2159104647
sw,-80.4885940551757,-83.6224365234375,-104.6329453519839,58.338297236207346,2159121314
sw,-78.9223251342773,-84.7564163208007,-96.07787066210848,59.84974649753817,2159137981
sw,-77.608154296875,-85.8910598754882,-89.11557041491976,60.167480509934755,2159154648
sw,-76.4089202880859,-86.963394165039,-83.57587562464595,59.504411094926475,2159171315
sw,-75.1628189086914,-87.9668350219726,-78.81346058061452,58.266056171039274,2159187982
sw,-73.8960189819336,-88.9489135742187,-73.84033833698349,56.93773275928255,2159204649
sw,-72.7028503417968,-90.0,-67.58067484033045,55.941436426605726,2159221316
sw,-71.6653747558593,-89.3889846801757,-59.17918035939256,55.510130422072905,2159237983
sw,-70.8504486083984,-88.3370513916015,-48.2685182720006,55.61945211434315,2159254650
sw,-70.254165649414,-87.3200759887695,-35.112391442080295,55.99471712688755,2159271317
sw,-69.9203033447265,-86.2909698486328,-20.579039943392655,56.185732077934894,2159287984
sw,-69.8684768676757,-85.2741241455078,-5.947912316413653,55.68251839027781,2159304651
sw,-70.2301177978515,-84.2482376098632,7.401840287544718,54.03598191613433,2159321318
sw,-71.017593383789,-83.2236175537109,18.335805581713032,50.94919580401276,2159337985
sw,-71.6190795898437,-82.3373336791992,26.239094313407158,46.31552955930479,2159354652
sw,-72.3310623168945,-81.6572952270507,31.13445118239171,40.19678116944857,2159371319
sw,-73.1202926635742,-81.1369857788086,33.60811686542222,32.75389939161501,2159387986
sw,-73.8478317260742,-80.7944259643554,34.57534088479344,24.15859989497724,2159404653
sw,-74.3884887695312,-80.6302795410156,34.97120785065592,14.519662709128877,2159421320
sw,-74.7139282226562,-80.6124038696289,35.47511153041416,3.850737199369255,2159437987
sw,-75.1741256713867,-80.7427139282226,36.365318157305936,-7.909403849845954,2159454654
sw,-76.1536407470703,-81.0614395141601,37.55311449499425,-20.831669224142477,2159471321
sw,-77.299072265625,-81.6509475708007,38.77139599863035,-34.90882334316592,2159487988
sw,-78.4063110351562,-82.4924011230468,39.82005543691505,-49.97413591475901,2159504655
sw,-79.1428451538086,-83.5475158691406,40.74369445601763,-65.65330214306758,2159521322
sw,-79.7125396728515,-84.8380279541015,41.856659689086186,-81.36681714787396,2159537989
sw,-80.4350967407226,-86.0912399291992,43.61086571962869,-96.38558456320509,2159554656
sw,-81.3030242919921,-86.5481567382812,46.37362282958538,-109.92626149089487,2159571323
sw,-82.2534408569336,-85.4265441894531,50.21363734049637,-121.26007571237594,2159587990
sw,-83.2317504882812,-83.373664855957,54.784170338243825,-129.80620219825934,2159604657
sw,-84.3556594848632,-81.1680679321289,59.35730845129062,-135.19016088334106,2159621324
sw,-85.6406326293945,-79.0290298461914,63.01196071127615,-137.26316290179537,2159637991
sw,-86.9146652221679,-77.0283737182617,64.92079241375909,-136.09084792246333,2159654658
sw,-88.1818923950195,-75.0842819213867,64.63849123037261,-131.92446346391608,2159671325
sw,-89.5984649658203,-73.1790771484375,62.28679832268068,-125.16493627463426,2159687992
sw,-89.2669830322265,-71.3072052001953,58.564779843984326,-116.3234200009132,2159704659
sw,-88.0819396972656,-69.4433517456054,54.57153052642641,-105.97429281335545,2159721326
sw,-87.2005386352539,-67.7377853393554,51.49280981606557,-94.69353943399288,2159737993
sw,-86.4126968383789,-66.368049621582,50.253990053978136,-82.98280011418755,2159754660
sw,-85.5824356079101,-65.2781524658203,51.2594911742174,-71.19703613119691,2159771327
sw,-84.6187591552734,-64.3345489501953,54.30927679097192,-59.5100044385742,2159787994
sw,-83.4991149902343,-63.4369621276855,58.71270724738209,-47.948248373832385,2159804661
sw,-82.2227706909179,-62.6149826049804,63.5410726040484,-36.4935853945877,2159821328
sw,-80.9420166015625,-62.1175193786621,67.91122654247008,-25.21237676848386,2159837995
sw,-79.8150100708007,-62.0114860534668,71.19517594996239,-14.34785665573812,2159854662
sw,-78.7290802001953,-62.1709556579589,73.09775872852737,-4.327760562251178,2159871329
sw,-77.5893402099609,-62.3358039855957,73.60839594448078,4.318289741446316,2159887996
sw,-76.409927368164,-62.7580871582031,72.88006436551011,11.09856223519559,2159904663
sw,-75.2569580078125,-63.3317413330078,71.10057787706712,15.707035421977983,2159921330
sw,-74.1252136230468,-63.9443283081054,68.40269948341762,18.133255121104582,2159937997
sw,-72.9683074951171,-64.5237350463867,64.82858456883181,18.700171210819953,2159954664
sw,-71.8422546386718,-65.1029357910156,60.336515901205786,18.013949995663218,2159971331
sw,-70.7814483642578,-65.6151657104492,54.82227522775165,16.83357169618108,2159987998
sw,-69.9066162109375,-65.9033889770507,48.12786706892213,15.892233501412118,2160004665
sw,-69.3315963745117,-66.1428527832031,40.02730197137939,15.720220531684742,2160021332
sw,-69.0703964233398,-66.5521087646484,30.20638423433789,16.524311005826934,2160037999
sw,-68.9919662475586,-67.1830825805664,18.275636168114854,18.165955320218696,2160054666
sw,-68.9227600097656,-68.0897979736328,3.8540688605428466,20.24784820031828,2160071333
sw,-68.8060302734375,-69.090103149414,-13.272006417712081,22.27697315401828,2160088000
sw,-69.0321044921875,-70.0635604858398,-32.9625918804312,23.84197236767508,2160104667
sw,-69.7850570678711,-70.722183227539,-54.593915171305895,24.740260393902762,2160121334
sw,-71.0166091918945,-71.2379684448242,-77.06013257214916,25.01754807544729,2160138001
sw,-72.7572555541992,-71.8140563964843,-98.92900432583605,24.924258056194894,2160154668
sw,-74.8555755615234,-72.5845031738281,-118.70611312387976,24.82543941037703,2160171335
sw,-77.0751190185546,-73.4602508544921,-135.1178164956101,25.106534687821387,2160188002
sw,-79.2800064086914,-74.2833862304687,-147.32213587603144,26.100331486718186,2160204669
sw,-81.4789428710937,-75.0558624267578,-154.99433357387883,28.039276539061152,2160221336
sw,-83.4965133666992,-75.8718490600586,-158.28685242492486,31.027417123674507,2160238003
sw,-85.1483688354492,-76.7501983642578,-157.70503036853034,35.027899530598276,2160254670
sw,-86.0690155029296,-77.7003936767578,-153.95554110346737,39.86562093443885,2160271337
sw,-85.705451965332,-78.6763076782226,-147.81465731975828,45.24408461849215,2160288004
sw,-84.2843017578125,-79.6259536743164,-140.03830743747838,50.773539579623254,2160304671
sw,-82.3970794677734,-80.5515899658203,-131.30810847441444,56.00928559329101,2160321338
sw,-80.3905944824218,-81.5468139648437,-122.18948531900351,60.50343866907269,2160338005
sw,-78.5124740600586,-82.6547698974609,-113.0789040988721,63.87317241356118,2160354672
sw,-76.8952713012695,-83.8536911010742,-104.1381758374196,65.87863094078435,2160371339
sw,-75.5126647949218,-85.1122436523437,-95.24377478982485,66.4889157682475,2160388006
sw,-74.2356414794921,-86.326675415039,-85.99808174230094,65.90640888932928,2160404673
sw,-73.0040588378906,-87.4471817016601,-75.83937270140174,64.52765901408844,2160421340
sw,-71.8179626464843,-88.4993667602539,-64.24612898268312,62.842425322870994,2160438007
sw,-70.7705841064453,-89.8658294677734,-50.97794431514707,61.29944581499004,2160454674
sw,-70.0322570800781,-90.0,-36.260431005453206,60.18234030103648,2160471341
sw,-69.6207656860351,-88.6997451782226,-20.828191817114707,59.53320217380632,2160488008
sw,-69.705093383789,-87.5894622802734,-5.78940902805726,59.13967917111126,2160504675
sw,-70.0653610229492,-86.4970321655273,7.65366899516845,58.57736033073956,2160521342
sw,-70.7348480224609,-85.4587783813476,18.534664307754294,57.28514647517702,2160538009
sw,-71.3870391845703,-84.5098114013671,26.388425790682202,54.65065011956789,2160554676
sw,-71.9617767333984,-83.644546508789,31.361636933322742,50.091184611892004,2160571343
sw,-72.8532180786132,-82.8622741699218,34.13562249120461,43.12564836878454,2160588010
sw,-73.6721801757812,-82.2685852050781,35.69090242604281,33.43740015173068,2160604677
sw,-74.3153915405273,-81.940071105957,36.989657178047196,20.927211703028405,2160621344
sw,-74.7802734375,-81.8884811401367,38.67720557078979,5.752000032945605,2160638011
sw,-75.2357559204101,-82.0576171875,40.90574555870011,-11.657888379456105,2160654678
sw,-76.2166519165039,-82.4829788208007,43.35267223673996,-30.612210135754243,2160671345
sw,-77.5710983276367,-83.3282318115234,45.43453070512676,-50.21429048400622,2160688012
sw,-79.0139083862304,-84.7100219726562,46.628098371554344,-69.45640870275595,2160704679
sw,-80.1456298828125,-86.2120895385742,46.753342526351574,-87.3443106001301,2160721346
sw,-80.6629180908203,-87.54345703125,46.09092285035242,-103.02414878239547,2160738013
sw,-81.2199096679687,-87.4351730346679,45.29173197326959,-115.88235502678859,2160754680
sw,-81.9110946655273,-85.5312118530273,45.13314577490493,-125.59718586991919,2160771347
sw,-82.6950302124023,-83.053726196289,46.231360052353835,-132.1322536233269,2160788014
sw,-83.6751937866211,-80.5035858154296,48.8172621519009,-135.6743460939843,2160804681
sw,-84.656509399414,-78.005744934082,52.645989269266785,-136.53247783004005,2160821348
sw,-85.7345581054687,-75.674087524414,57.06157483391001,-135.02943569793302,2160838015
sw,-86.9177093505859,-73.4994583129882,61.18998580571608,-131.4219025425083,2160854682
sw,-88.1587829589843,-71.4670333862304,64.19590999693102,-125.87523176313027,2160871349
sw,-89.4380264282226,-69.5419158935546,65.5222297432814,-118.49799981402015,2160888016
sw,-89.2114334106445,-67.6238861083984,65.04112429211536,-109.41814215770758,2160904683
sw,-87.7593002319336,-65.8044738769531,63.07570532088174,-98.8645627684265,2160921350
sw,-86.5249252319336,-64.1433181762695,60.28959922190591,-87.21244493845747,2160938017
sw,-85.6348419189453,-62.8224563598632,57.48065706646253,-74.96321474313315,2160954684
sw,-84.914077758789,-61.900032043457,55.34710522752023,-62.660902253483776,2160971351
sw,-84.1915435791015,-61.2034339904785,54.307598703286516,-50.7819013870197,2160988018
sw,-83.211441040039,-60.5366287231445,54.43694000887131,-39.652103136094574,2161004685
sw,-81.9821090698242,-60.0006294250488,55.527579966371746,-29.42957217657952,2161021352
sw,-80.8467254638671,-59.7246627807617,57.22831647712464,-20.151559115914925,2161038019
sw,-79.9273147583007,-59.6599082946777,59.18154258650667,-11.809542030639289,2161054686
sw,-79.0967788696289,-59.7161598205566,61.09776007728368,-4.407828085568154,2161071353
sw,-78.1431655883789,-59.9320755004882,62.75545470292737,2.020243420364625,2161088020
sw,-77.0875701904296,-60.2913360595703,63.958619645759754,7.436514561712932,2161104687
sw,-76.0096893310546,-60.841022491455,64.49647905722064,11.840113877214247,2161121354
sw,-74.9329071044921,-61.3469085693359,64.13282117572238,15.299781559239962,2161138021
sw,-73.8454895019531,-62.0285873413085,62.62630485696969,17.95901991589269,2161154688
sw,-72.7574844360351,-62.8396682739257,59.764627184211406,20.014690965041854,2161171355
sw,-71.7053298950195,-63.5703201293945,55.38912445498358,21.682658730008114,2161188022
sw,-70.8330078125,-64.2744750976562,49.39136490410226,23.164548446627148,2161204689
sw,-70.2257690429687,-65.1830749511718,41.678568144845144,24.6219107377891,2161221356
sw,-69.843765258789,-66.0358810424804,32.126337321130165,26.157060917281093,2161238023
sw,-69.6222305297851,-66.6602325439453,20.55451095283416,27.79940118531654,2161254690
sw,-69.5759811401367,-67.6072845458984,6.761384845067238,29.502109372460474,2161271357
sw,-69.5963592529296,-68.6993560791015,-9.372658266117925,31.1583714980031,2161288024
sw,-69.767463684082,-69.6420288085937,-27.739896265450543,32.63874038058509,2161304691
sw,-70.3545455932617,-70.246711730957,-47.878865180047974,33.83611806741938,2161321358
sw,-71.4383926391601,-70.8193664550781,-68.93263797325447,34.69938544906687,2161338025
sw,-72.9624862670898,-71.6548156738281,-89.72794586631076,35.24693572660151,2161354692
sw,-74.8431396484375,-72.6346054077148,-108.96023423212701,35.56403718880688,2161371359
sw,-76.9614486694336,-73.6543426513671,-125.42468276953063,35.79018916264726,2161388026
sw,-79.1307220458984,-74.5959320068359,-138.21689238439268,36.09794898018566,2161404693
sw,-81.0869903564453,-75.4695205688476,-146.84475391985393,36.664066939933264,2161421360
sw,-82.8127517700195,-76.4024505615234,-151.23366440216193,37.63904014665896,2161438027
sw,-84.2242660522461,-77.4006881713867,-151.65024087064063,39.12388210695727,2161454694
sw,-85.1880569458007,-78.4032363891601,-148.5946166467136,41.15703335029045,2161471361
sw,-85.3359146118164,-79.3394546508789,-142.70809850217216,43.705731630196105,2161488028
sw,-84.5349960327148,-80.1706924438476,-134.7170352394845,46.656239808730795,2161504695
sw,-83.1260833740234,-80.9451599121093,-125.40241482376604,49.808585359501016,2161521362
sw,-81.4764251708984,-81.8066253662109,-115.56577489088649,52.89247773173692,2161538029
sw,-79.798843383789,-82.7957077026367,-105.9642490897249,55.617680846272876,2161554696
sw,-78.2142105102539,-83.88720703125,-97.20795640290656,57.752288003456776,2161571363
sw,-76.7796630859375,-85.0122146606445,-89.64053525379987,59.19921887665172,2161588030
sw,-75.4669799804687,-86.1003723144531,-83.24530014580823,60.032425753568276,2161604697
sw,-74.2521896362304,-87.1228790283203,-77.62407409737297,60.468080419701145,2161621364
sw,-73.0982360839843,-88.0964889526367,-72.07796439989603,60.77595127084427,2161638031
sw,-71.9888000488281,-89.1537399291992,-65.7839962727475,61.16580776930822,2161654698
sw,-70.9830245971679,-90.0,-58.02332119851015,61.69652286050304,2161671365
sw,-70.2216262817382,-89.0960464477539,-48.39343476363433,62.24451102540989,2161688032
sw,-69.6547012329101,-87.8249816894531,-36.93944261057996,62.539754159008815,2161704699
sw,-69.2648696899414,-86.6241455078125,-24.165845112214168,62.24780518929029,2161721366
sw,-69.2704315185546,-85.5065689086914,-10.927712315843483,61.059878754949445,2161738033
sw,-69.3851928710937,-84.5005416870117,1.7662201653785492,58.756299390600276,2161754700
sw,-69.6736373901367,-83.5584716796875,12.98554442062814,55.22630791136137,2161771367
sw,-70.2051467895507,-82.6735916137695,22.08763367952128,50.44813854934183,2161788034
sw,-71.0806732177734,-81.8769226074218,28.854308994117712,44.446607135941676,2161804701
sw,-72.0617218017578,-81.2137451171875,33.51909134240592,37.24750483453062,2161821368
sw,-72.8723831176757,-80.7303466796875,36.66926403822346,28.84304266472952,2161838035
sw,-73.6030502319336,-80.4586334228515,39.04145325422732,19.176904897966885,2161854702
sw,-74.2825393676757,-80.4092102050781,41.272997548641,8.154031658566973,2161871369
sw,-74.8983154296875,-80.5360870361328,43.701008843354465,-4.322690102862665,2161888036
sw,-75.7227325439453,-80.8095703125,46.292326529699416,-18.29250270013605,2161904703
sw,-76.9925842285156,-81.2789764404296,48.73609806038406,-33.66697636535917,2161921370
sw,-78.4859771728515,-82.0898666381836,50.65649740463519,-50.172781777590195,2161938037
sw,-79.7097930908203,-83.3459854125976,51.8429515927175,-67.33019360558364,2161954704
sw,-80.4378890991211,-84.8135986328125,52.386497433844724,-84.47911813488545,2161971371
sw,-81.1818771362304,-86.3257064819336,52.66292786031451,-100.84714315262066,2161988038
sw,-82.1613082885742,-87.3757934570312,53.18166334818819,-115.64162477945462,2162004705
sw,-83.1402740478515,-86.5997543334961,54.373656100230676,-128.144329400541,2162021372
sw,-84.0619506835937,-84.3624649047851,56.40305328908732,-137.788720596461,2162038039
sw,-85.065933227539,-81.7997970581054,59.07176373631128,-144.20406717257765,2162054706
sw,-86.2826919555664,-79.3600387573242,61.85761809072592,-147.2199636403846,2162071373
sw,-87.6458206176757,-77.1011505126953,64.08330902344355,-146.84001274941224,2162088040
sw,-88.9663772583007,-74.9024276733398,65.1605118919153,-143.20636407074133,2162104707
sw,-90.0,-72.7520523071289,64.81743781406156,-136.57712431920757,2162121374
sw,-88.6222915649414,-70.6322937011718,63.22106288036832,-127.32409059365872,2162138041
sw,-87.2104873657226,-68.5710144042968,60.94460782317588,-115.93783155958252,2162154708
sw,-86.0364151000976,-66.5975875854492,58.786963549503724,-103.01441712026457,2162171375
sw,-85.1310348510742,-64.8718795776367,57.50544885178225,-89.20224288180526,2162188042
sw,-84.3339691162109,-63.5391464233398,57.56107656275281,-75.10885186282054,2162204709
sw,-83.4770126342773,-62.5189361572265,58.97835592009597,-61.19714769853106,2162221376
sw,-82.3340759277343,-61.648941040039,61.378008958683196,-47.72004018038657,2162238043
sw,-80.8822555541992,-60.8746147155761,64.16316607244619,-34.73452849862339,2162254710
sw,-79.5060195922851,-60.3708763122558,66.76619263700549,-22.198718565978222,2162271377
sw,-78.4000625610351,-60.1599235534668,68.83755929936683,-10.109875597550277,2162288044
sw,-77.4293060302734,-60.1617813110351,70.29697335456912,1.3815569096521596,2162304711
sw,-76.3855209350586,-60.3722267150878,71.2451655757498,11.934105420495747,2162321378
sw,-75.2819061279296,-60.9209938049316,71.80245529144557,21.068014578936385,2162338045
sw,-74.1488571166992,-61.5370216369628,71.96142971307604,28.284380574976,2162354712
sw,-72.9572982788086,-62.3347740173339,71.51606643698665,33.20538071092498,2162371379
sw,-71.6930999755859,-63.3022689819335,70.08348357952005,35.69083799822015,2162388046
sw,-70.4132537841796,-64.2691879272461,67.19257877333972,35.8997223270539,2162404713
sw,-69.2074279785156,-65.1507797241211,62.39069119454709,34.28079334318118,2162421380
sw,-68.2472076416015,-65.9146652221679,55.32083008175486,31.492168225936137,2162438047
sw,-67.5943832397461,-66.5163345336914,45.74617231153217,28.26806441501563,2162454714
sw,-67.205337524414,-67.0274047851562,33.53398679888713,25.269990371301212,2162471381
sw,-67.0583724975586,-67.5369644165039,18.638592420136753,22.9695501314734,2162488048
sw,-67.0960845947265,-68.3393936157226,1.1248588707191876,21.60080632233788,2162504715
sw,-67.1957626342773,-69.3599853515625,-18.75408501928008,21.190244538305176,2162521382
sw,-67.5088500976562,-70.1852874755859,-40.45500419800216,21.635344196796588,2162538049
sw,-68.3889389038086,-70.5498046875,-63.08170512975815,22.78365113353095,2162554716
sw,-69.8850402832031,-70.9992752075195,-85.42196324399312,24.47884078876455,2162571383
sw,-71.6762542724609,-71.7176361083984,-106.10310966834427,26.57509966024818,2162588050
sw,-73.7856979370117,-72.6593246459961,-123.82751512164992,28.943885965819184,2162604717
sw,-76.1513290405273,-73.6693496704101,-137.61034310534777,31.490486613187766,2162621384
sw,-78.4610290527343,-74.6594161987304,-146.94074764873253,34.17527339559379,2162638051
sw,-80.5987091064453,-75.6022338867187,-151.81996849041062,37.02076044956108,2162654718
sw,-82.5272216796875,-76.5519409179687,-152.6785732350839,40.09056891382976,2162671385
sw,-84.230239868164,-77.5445556640625,-150.21920187472364,43.44240121821743,2162688052
sw,-85.5018539428711,-78.6079635620117,-145.25066000096476,47.071211297609295,2162704719
sw,-85.8412628173828,-79.6808090209961,-138.56579714619906,50.86387902159254,2162721386
sw,-85.0421981811523,-80.6794509887695,-130.87972539993797,54.58371968042213,2162738053
sw,-83.576789855957,-81.6473922729492,-122.80885325145,57.896226813760734,2162754720
sw,-81.8799209594726,-82.6805038452148,-114.8542826419572,60.43814551782396,2162771387
sw,-80.246337890625,-83.7848968505859,-107.36216928046977,61.9186134314755,2162788054
sw,-78.799201965332,-84.9268493652343,-100.46192737951561,62.22440961077263,2162804721
sw,-77.4576950073242,-86.0543975830078,-94.0136571763801,61.48911264345765,2162821388
sw,-76.0646743774414,-87.1180572509765,-87.60868811551988,60.089133873346775,2162838055
sw,-74.6841888427734,-88.0640716552734,-80.65069127174324,58.55268803246334,2162854722
sw,-73.4496002197265,-88.937255859375,-72.50805427580643,57.40318537346843,2162871389
sw,-72.4060821533203,-89.8733367919921,-62.694500708957655,56.98949121596253,2162888056
sw,-71.5567092895507,-89.2322998046875,-51.02321180602348,57.36528822629038,2162904723
sw,-70.8987197875976,-88.1609115600586,-37.69082458252415,58.26177301765243,2162921390
sw,-70.4604339599609,-87.0362854003906,-23.269875405836363,59.16034244719293,2162938057
sw,-70.4025192260742,-85.9154434204101,-8.611313233367538,59.433406696702,2162954724
sw,-70.5569458007812,-84.8210067749023,5.32055025866194,58.49974950545134,2162971391
sw,-71.0499267578125,-83.7879562377929,17.64092838133705,55.94296914066511,2162988058
sw,-71.7170944213867,-82.8875732421875,27.7156879356804,51.562350162915834,2163004725
sw,-72.4284439086914,-82.1212463378906,35.26470352705008,45.3535595415462,2163021392
sw,-73.3680801391601,-81.4960327148437,40.37075536865526,37.44062640761933,2163038059
sw,-74.256591796875,-81.088882446289,43.39693120081883,27.993451578971143,2163054726
sw,-75.0873870849609,-80.865119934082,44.844839004864085,17.164365345890708,2163071393
sw,-75.7561874389648,-80.7943572998046,45.20576172965852,5.065271036692266,2163088060
sw,-76.4164047241211,-80.9059677124023,44.86075206430783,-8.211294624770204,2163104727
sw,-77.3535537719726,-81.2137832641601,44.067265576488374,-22.541784031179073,2163121394
sw,-78.592300415039,-81.8119964599609,43.028247850023604,-37.71730220106467,2163138061
sw,-79.7405166625976,-82.7629089355468,41.99118673500849,-53.409679971672055,2163154728
sw,-80.3968811035156,-83.9630126953125,41.30272887936066,-69.1706307694909,2163171395
sw,-80.8913116455078,-85.3072738647461,41.371589520457896,-84.46124655579544,2163188062
sw,-81.6715698242187,-86.4608306884765,42.55126089119146,-98.69859746685677,2163204729
sw,-82.5500259399414,-86.6082305908203,44.99898153376922,-111.30489671894617,2163221396
sw,-83.479621887207,-85.2143096923828,48.57234135145666,-121.7502095127228,2163238063
sw,-84.4954757690429,-83.0913314819336,52.80372586328533,-129.58667061828197,2163254730
sw,-85.601318359375,-80.9120483398437,56.96928253509653,-134.47701646703237,2163271397
sw,-86.8009033203125,-78.8477020263671,60.24677993800683,-136.2217699190505,2163288064
sw,-87.9571380615234,-76.8948135375976,61.92960355988527,-134.7870688840797,2163304731
sw,-89.0662384033203,-74.9500198364257,61.63843362856871,-130.32892501400076,2163321398
sw,-89.7915802001953,-73.0249633789062,59.46299412900151,-123.20218827773519,2163338065
sw,-88.5013198852539,-71.1151351928711,55.980554923023654,-113.93873110712747,2163354732
sw,-87.429458618164,-69.2344970703125,52.13082758977086,-103.18366576030355,2163371399
sw,-86.6054077148437,-67.5853500366211,48.97070838772616,-91.59158898163597,2163388066
sw,-85.914192199707,-66.2474975585937,47.37762961606736,-79.7041070069203,2163404733
sw,-85.236587524414,-65.178237915039,47.79984790400602,-67.84823092731956,2163421400
sw,-84.4623260498046,-64.2489776611328,50.1450353067378,-56.10075488714557,2163438067
sw,-83.4197158813476,-63.3775291442871,53.84863223899767,-44.3457404530309,2163454734
sw,-82.1360855102539,-62.6262779235839,58.08973385986934,-32.41317211322635,2163471401
sw,-80.863784790039,-62.1952743530273,62.060994247829484,-20.24655956170308,2163488068
sw,-79.7579193115234,-62.1138038635253,65.1825650672579,-8.030975921131255,2163504735
sw,-78.7653198242187,-62.3775558471679,67.18713165703132,3.7683204862893995,2163521402
sw,-77.7894287109375,-62.7774772644043,68.0712845790071,14.466156975719835,2163538069
sw,-76.7621536254882,-63.1042556762695,67.96813309026032,23.291030637613655,2163554736
sw,-75.6726760864257,-63.8418617248535,67.01742928175136,29.55385583161782,2163571403
sw,-74.5455627441406,-64.8670120239257,65.28991254821794,32.81648360881322,2163588070
sw,-73.4149856567382,-65.8584899902343,62.78163074615491,33.02495736693877,2163604737
sw,-72.3065795898437,-66.6894607543945,59.455790498594865,30.56920140245645,2163621404
sw,-71.2190628051757,-67.4006881713867,55.289638759378235,26.240367522827473,2163638071
sw,-70.2736892700195,-67.8696899414062,50.286123891001864,21.086361167662865,2163654738
sw,-69.5635452270507,-68.1634292602539,44.43145725911343,16.20054459419473,2163671405
sw,-69.087043762207,-68.4645080566406,37.61246691599537,12.500019965739606,2163688072
sw,-68.7870864868164,-68.6475219726562,29.538923882405694,10.552492256012025,2163704739
sw,-68.6113357543945,-68.8081588745117,19.729508656718174,10.497918385773374,2163721406
sw,-68.5114364624023,-69.3821182250976,7.604110219648138,12.08601187017701,2163738073
sw,-68.4773406982421,-70.378059387207,-7.31836763985038,14.814175272831072,2163754740
sw,-68.5460891723632,-70.9844055175781,-25.171525393939106,18.11120997744387,2163771407
sw,-68.999038696289,-71.3853454589843,-45.53614842271846,21.49385452387049,2163788074
sw,-69.9936370849609,-71.9811477661132,-67.37314085925668,24.645795150671233,2163804741
sw,-71.517707824707,-72.7813339233398,-89.14594382589527,27.418483739839612,2163821408
sw,-73.5340347290039,-73.6853103637695,-109.11063394796356,29.79003814936269,2163838075
sw,-75.829719543457,-74.6381072998046,-125.6833638601636,31.81994083088947,2163854742
sw,-78.1748733520507,-75.5939636230468,-137.76382165856833,33.6162793804192,2163871409
sw,-80.3521881103515,-76.5390243530273,-144.9141894067829,35.313445548051355,2163888076
sw,-82.4252166748046,-77.5007629394531,-147.35414104394255,37.05210466353481,2163904743
sw,-84.3127288818359,-78.4896163940429,-145.8029139518861,38.95611202649069,2163921410
sw,-85.9068603515625,-79.5037536621093,-141.24647312352238,41.10612895539791,2163938077
sw,-86.8323898315429,-80.4556503295898,-134.7145738875294,43.514054104475235,2163954744
sw,-86.4296035766601,-81.3141098022461,-127.12484273502551,46.10640180704462,2163971411
sw,-85.0837478637695,-82.1475982666015,-119.20854058595337,48.72761651054383,2163988078
sw,-83.4174194335937,-83.0614395141601,-111.49656105894206,51.17177432416753,2164004745
sw,-81.7047119140625,-84.0785140991211,-104.32830406586618,53.2398125027229,2164021412
sw,-80.1141204833984,-85.1195068359375,-97.85309097124116,54.80349346512412,2164038079
sw,-78.6588897705078,-86.1203155517578,-92.01603705993867,55.84810943742564,2164054746
sw,-77.24658203125,-87.1032180786132,-86.54394162458108,56.47251282485661,2164071413
sw,-75.8814468383789,-88.105972290039,-80.95847133118504,56.84492994695711,2164088080
sw,-74.6185302734375,-89.1908493041992,-74.6382859117461,57.13360252296555,2164104747
sw,-73.5374908447265,-90.0,-66.93427864285431,57.44056051955611,2164121414
sw,-72.6148605346679,-89.1054077148437,-57.32311838348245,57.76181454616454,2164138081
sw,-71.8394241333007,-87.9447174072265,-45.56977178166531,57.98337193029559,2164154748
sw,-71.2091903686523,-86.8459548950195,-31.859610304880796,57.90746446865848,2164171415
sw,-70.7509765625,-85.8219528198242,-16.855353775114576,57.29335575622617,2164188082
sw,-70.5867309570312,-84.8609619140625,-1.6393093382563202,55.895566092474596,2164204749
sw,-70.9145202636718,-83.9143981933593,12.474134327901714,53.48887179925627,2164221416
sw,-71.7495498657226,-83.021240234375,24.225451748149837,49.87908889692965,2164238083
sw,-72.5455627441406,-82.2169189453125,32.716099355310696,44.90541809519413,2164254750
sw,-73.2975692749023,-81.512451171875,37.63029541201297,38.441403005693864,2164271417
sw,-74.0681762695312,-80.912239074707,39.294904706101924,30.39864042119123,2164288084
sw,-74.9610366821289,-80.5304565429687,38.56387085012109,20.733209863751092,2164304751
sw,-75.6340713500976,-80.4464645385742,36.57809667574422,9.452646253831695,2164321418
sw,-75.9579010009765,-80.5973663330078,34.48651146833677,-3.3768103747252107,2164338085
sw,-76.3989562988281,-80.9317169189453,33.21438080940683,-17.619202778472665,2164354752
sw,-77.2519149780273,-81.483642578125,33.33759360496951,-33.0505987525119,2164371419
sw,-78.1085891723632,-82.3331756591796,35.07457278649573,-49.33634305062972,2164388086
sw,-78.8584671020507,-83.4737930297851,38.35889428591907,-66.01456406018337,2164404753
sw,-79.5479049682617,-84.8603134155273,42.93337070540051,-82.49960503673793,2164421420
sw,-80.3837051391601,-86.3752822875976,48.42101615573126,-98.11432519701606,2164438087
sw,-81.3277893066406,-87.4255752563476,54.36076585954533,-112.15010172092283,2164454754
sw,-82.4649353027343,-86.5669250488281,60.221000595310045,-123.9421487749171,2164471421
sw,-83.6315155029296,-84.3970260620117,65.41535708276471,-132.94084325814626,2164488088
sw,-84.8462600708007,-82.0439910888671,69.3475483808092,-138.76219076658603,2164504755
sw,-86.1102752685546,-79.7587661743164,71.50305822674548,-141.21199212540307,2164521422
sw,-87.3429565429687,-77.5485458374023,71.58076207184867,-140.29010311387523,2164538089
sw,-88.2123947143554,-75.3698654174804,69.62447818011817,-136.1836251254366,2164554756
sw,-88.4585876464843,-73.2375946044921,66.0939715630402,-129.25015100344058,2164571423
sw,-87.9012756347656,-71.1167373657226,61.823646673304474,-119.98322540488383,2164588090
sw,-87.0378646850586,-69.0989074707031,57.85383781817308,-108.95164736969717,2164604757
sw,-86.2231750488281,-67.3236007690429,55.16885245407082,-96.71512984155238,2164621424
sw,-85.5093917846679,-65.8445587158203,54.41919708330934,-83.73622174297934,2164638091
sw,-84.7720565795898,-64.5712356567382,55.72552016734537,-70.32161098284189,2164654758
sw,-83.8294067382812,-63.4249649047851,58.644817329857936,-56.62338479099455,2164671425
sw,-82.5861434936523,-62.4236183166503,62.32332944314425,-42.708389622320475,2164688092
sw,-81.127212524414,-61.7282333374023,65.78447992273566,-28.6711198891507,2164704759
sw,-79.67724609375,-61.3782310485839,68.240235919015,-14.741985232651379,2164721426
sw,-78.442756652832,-61.3782882690429,69.30352041642678,-1.3435764121766292,2164738093
sw,-77.4325256347656,-61.6583442687988,69.02579934772511,10.92870234610898,2164754760
sw,-76.4991226196289,-61.9998664855957,67.76345415865774,21.3951949517992,2164771427
sw,-75.5244064331054,-62.5509147644043,65.9467658920874,29.42419151759874,2164788094
sw,-74.5096893310546,-63.3962097167968,63.85291918849644,34.57742003083189,2164804761
sw,-73.4810180664062,-64.4073410034179,61.46421025466339,36.73815981411527,2164821428
sw,-72.4446945190429,-65.4646530151367,58.44489937505224,36.18801232220487,2164838095
sw,-71.3974304199218,-66.454849243164,54.22187704421765,33.59836783612495,2164854762
sw,-70.4263000488281,-67.1391448974609,48.12350848333317,29.918104743927042,2164871429
sw,-69.7093429565429,-67.5654983520507,39.52410061690609,26.172851583821245,2164888096
sw,-69.3437118530273,-67.8748321533203,27.956784603003758,23.231113253588585,2164904763
sw,-69.278450012207,-68.2799072265625,13.185950540660833,21.6171051488672,2164921430
sw,-69.4088668823242,-68.9586486816406,-4.745277828936046,21.43958507338868,2164938097
sw,-69.6976699829101,-69.8269348144531,-25.47334270353971,22.457775738853414,2164954764
sw,-70.2851181030273,-70.7050628662109,-48.27864615915502,24.243335028613302,2164971431
sw,-71.2982101440429,-71.3371276855468,-72.08234277679244,26.359479636640117,2164988098
sw,-72.8276748657226,-71.9593734741211,-95.51040830019252,28.487923641894586,2165004765
sw,-74.8412933349609,-72.7671966552734,-117.03984269148731,30.478643473172472,2165021432
sw,-77.0694427490234,-73.8188323974609,-135.20440131995838,32.33962339391296,2165038099
sw,-79.3496170043945,-74.8824005126953,-148.80717176468764,34.196402285483515,2165054766
sw,-81.5205764770507,-75.8113403320312,-157.08415791695,36.238917960178846,2165071433
sw,-83.5594406127929,-76.7182464599609,-159.78705659637814,38.659790827454714,2165088100
sw,-85.3027648925781,-77.6793594360351,-157.18703011353438,41.58845835223341,2165104767
sw,-86.2949295043945,-78.725830078125,-150.02317810819457,45.033893222398106,2165121434
sw,-85.8841018676757,-79.7877960205078,-139.41912008036383,48.852758743096224,2165138101
sw,-84.4329986572265,-80.7289428710937,-126.77423521706054,52.755877049795764,2165154768
sw,-82.7276763916015,-81.6381607055664,-113.61901462559051,56.35781217674277,2165171435
sw,-81.0419158935546,-82.6339340209961,-101.42239165190627,59.26487064961436,2165188102
sw,-79.5524597167968,-83.7428588867187,-91.35811576458414,61.184326493560675,2165204769
sw,-78.3088836669921,-84.9048385620117,-84.06968568417695,62.02302041048485,2165221436
sw,-77.2205505371093,-86.0359268188476,-79.50250910842402,61.935301835233155,2165238103
sw,-76.0238952636718,-87.0348281860351,-76.87797357320842,61.28982522054405,2165254770
sw,-74.6638031005859,-87.9209518432617,-74.85310264825654,60.55439100519056,2165271437
sw,-73.330810546875,-88.7629852294921,-71.84675872018629,60.13545487976369,2165288104
sw,-72.1675186157226,-89.3022689819336,-66.44779083840324,60.23300744755591,2165304771
sw,-71.2641830444336,-88.7027587890625,-57.78712817521251,60.76696221157797,2165321438
sw,-70.5911178588867,-87.6527328491211,-45.76926097186699,61.40003387957127,2165338105
sw,-70.0389404296875,-86.5371704101562,-31.10501057633556,61.64200022693612,2165354772
sw,-69.7088088989257,-85.4241485595703,-15.14187173885535,60.99134904493253,2165371439
sw,-69.9062728881836,-84.3322677612304,0.4641822497987149,59.06280676796489,2165388106
sw,-70.5508346557617,-83.3141708374023,14.1518936852325,55.661028856636975,2165404773
sw,-71.3015975952148,-82.4303436279296,24.821697901962615,50.78343915735137,2165421440
sw,-71.8102111816406,-81.7033386230468,32.0574964004419,44.560329535352594,2165438107
sw,-72.4606018066406,-81.1088790893554,36.141235405782105,37.160797665461786,2165454774
sw,-73.2837524414062,-80.6656265258789,37.87450884812976,28.70299070322365,2165471441
sw,-74.1149978637695,-80.3837890625,38.28603380150539,19.20328370888854,2165488108
sw,-74.7324523925781,-80.2721099853515,38.328576612220886,8.583206357303098,2165504775
sw,-75.1794967651367,-80.2978134155273,38.65753551812516,-3.26888254484556,2165521442
sw,-75.8477783203125,-80.4747772216796,39.55097851704157,-16.404834845294427,2165538109
sw,-77.1044692993164,-80.8641967773437,40.98158424888465,-30.728235225475924,2165554776
sw,-78.4471130371093,-81.6601943969726,42.7892759011234,-45.944940291415655,2165571443
sw,-79.3606643676757,-82.8643035888671,44.85702284747354,-61.57100172564107,2165588110
sw,-80.0082321166992,-84.1776580810546,47.19859524774712,-76.99186970898533,2165604777
sw,-80.7930603027343,-85.4668045043945,49.92778325201904,-91.54767054245904,2165621444
sw,-81.8017349243164,-86.4433975219726,53.14710600950046,-104.61599055735223,2165638111
sw,-82.8761901855468,-86.1334075927734,56.8234412569313,-115.67334158729301,2165654778
sw,-83.9908676147461,-84.4874420166015,60.706878673493044,-124.3285942264204,2165671445
sw,-85.1337738037109,-82.3833847045898,64.32522085440888,-130.33021214278912,2165688112
sw,-86.3742065429687,-80.2792739868164,67.06470882701035,-133.55514574007609,2165704779
sw,-87.7018585205078,-78.2538909912109,68.32327330523736,-133.9910160535182,2165721446
sw,-89.014045715332,-76.3188247680664,67.69526394204665,-131.7222360414548,2165738113
sw,-90.0,-74.3968429565429,65.12844930096816,-126.92462908867367,2165754780
sw,-88.746337890625,-72.5146713256836,60.99680030796815,-119.86503662669062,2165771447
sw,-87.467041015625,-70.671630859375,56.05555943012954,-110.89584580743417,2165788114
sw,-86.4657669067382,-68.8743057250976,51.27967892727775,-100.43208648073337,2165804781
sw,-85.6795806884765,-67.2428207397461,47.62469006293244,-88.90376725513806,2165821448
sw,-85.0244903564453,-65.9383773803711,45.781246463861706,-76.69024596195958,2165838115
sw,-84.3467483520507,-64.9370422363281,46.00619896603723,-64.06255748637659,2165854782
sw,-83.5268020629882,-64.1039733886718,48.09102458412678,-51.17081839033999,2165871449
sw,-82.4749374389648,-63.328498840332,51.47581125465253,-38.10177760175925,2165888116
sw,-81.3160400390625,-62.7038230895996,55.45679231070936,-24.994197467968164,2165904783
sw,-80.2020263671875,-62.4088058471679,59.39831099665538,-12.157698926867566,2165921450
sw,-79.1846237182617,-62.4837341308593,62.865953370442696,-0.125498496651882,2165938117
sw,-78.2304916381836,-62.9420776367187,65.64270644637094,10.401153839502966,2165954784
sw,-77.2609939575195,-63.4575119018554,67.64842562034092,18.704967782672167,2165971451
sw,-76.197265625,-63.9582824707031,68.82285262232168,24.244080905793105,2165988118
sw,-75.0625610351562,-64.7488174438476,69.0364008012198,26.815208884802942,2166004785
sw,-73.8981018066406,-65.6032562255859,68.06586550592546,26.639737407654543,2166021452
sw,-72.6890029907226,-66.3833847045898,65.63349230731352,24.350907646054765,2166038119
sw,-71.4691390991211,-66.9764633178711,61.47692745014151,20.8824356949273,2166054786
sw,-70.4016952514648,-67.3952255249023,55.40598119611717,17.279774254657216,2166071453
sw,-69.6432800292968,-67.7788925170898,47.31346740308414,14.476993724695898,2166088120
sw,-69.1968002319336,-68.0289993286132,37.137780258954706,13.097443323590216,2166104787
sw,-69.0222015380859,-68.2137603759765,24.810535806842488,13.337005292705813,2166121454
sw,-69.0401840209961,-68.7553176879882,10.24216498295071,14.971314052208053,2166138121
sw,-69.0698776245117,-69.7006378173828,-6.6151541998735555,17.490474551135385,2166154788
sw,-69.0926132202148,-70.7460327148437,-25.633132058240765,20.31306592397905,2166171455
sw,-69.5098419189453,-71.4440231323242,-46.3607424349994,22.991890505330694,2166188122
sw,-70.6297988891601,-71.9676361083984,-67.95015717332538,25.328762480252927,2166204789
sw,-72.2148284912109,-72.561050415039,-89.21530628469448,27.36790299338307,2166221456
sw,-74.0325317382812,-73.3416366577148,-108.81988136649765,29.301791469148178,2166238123
sw,-76.1810073852539,-74.3004989624023,-125.52995003828634,31.355982590494747,2166254790
sw,-78.4540634155273,-75.3001632690429,-138.44117048659123,33.706220677724694,2166271457
sw,-80.6659317016601,-76.2511749267578,-147.10802568837065,36.443547241471045,2166288124
sw,-82.769287109375,-77.2154388427734,-151.54685296178553,39.57305908644389,2166304791
sw,-84.6868820190429,-78.2146453857421,-152.13438473563428,43.025479117699696,2166321458
sw,-86.2326202392578,-79.2534942626953,-149.45865832278824,46.67125375726665,2166338125
sw,-86.7534561157226,-80.3284606933593,-144.18512037852923,50.33845864329399,2166354792
sw,-85.8272552490234,-81.3543243408203,-136.97724552933093,53.83854429569893,2166371459
sw,-84.1130447387695,-82.3688201904296,-128.47262793499362,56.999098713805814,2166388126
sw,-82.1747436523437,-83.382095336914,-119.28259147434089,59.69676248843326,2166404793
sw,-80.3019104003906,-84.4035720825195,-109.97169976960399,61.88078298984328,2166421460
sw,-78.6650085449218,-85.4573135375976,-100.98900801408118,63.57924374124235,2166438127
sw,-77.2405853271484,-86.5539474487304,-92.5590504758284,64.88431961135684,2166454794
sw,-75.9350967407226,-87.6688003540039,-84.57905506333833,65.91806574581966,2166471461
sw,-74.6845169067382,-88.7191619873046,-76.58679296506222,66.78531621867054,2166488128
sw,-73.5093002319336,-89.3785018920898,-67.84719806882268,67.52530987073554,2166504795
sw,-72.5008163452148,-88.6544799804687,-57.56106685034839,68.07725865573677,2166521462
sw,-71.629409790039,-87.4890823364257,-45.146608811244235,68.27335659309236,2166538129
sw,-70.870979309082,-86.2789001464843,-30.506577373315817,67.86349094291377,2166554796
sw,-70.3374557495117,-85.1055908203125,-14.184100956170573,66.56302291162896,2166571463
sw,-70.3407211303711,-83.971694946289,2.665133205232021,64.10604189349124,2166588130
sw,-70.8284759521484,-82.8883209228515,18.4997294302704,60.286007794730715,2166604797
sw,-71.7526092529296,-81.8932037353515,31.759742655213678,54.972430739879194,2166621464
sw,-72.5642471313476,-81.0551452636718,41.25627820721386,48.102345636451005,2166638131
sw,-73.4622268676757,-80.3766784667968,46.45524859051883,39.6555026502347,2166654798
sw,-74.4789810180664,-79.8958435058593,47.57295331423673,29.629359176255274,2166671465
sw,-75.5319137573242,-79.6420059204101,45.47497140298921,18.03090975766838,2166688132
sw,-76.1927795410156,-79.586311340332,41.43183125090478,4.895591472851648,2166704799
sw,-76.5579147338867,-79.7277603149414,36.816329496473855,-9.669230464213285,2166721466
sw,-77.03369140625,-80.0521469116211,32.83129104670055,-25.43257591977946,2166738133
sw,-77.8543472290039,-80.7014541625976,30.336272030719698,-42.004828273404584,2166754800
sw,-78.7746658325195,-81.769660949707,29.79737274844938,-58.84114106811457,2166771467
sw,-79.5055847167968,-83.1896591186523,31.33115754004592,-75.28918202545196,2166788134
sw,-80.0049133300781,-84.6681060791015,34.7831223324735,-90.66656091274693,2166804801
sw,-80.633804321289,-85.9714889526367,39.79190680992513,-104.34142731751126,2166821468
sw,-81.5518035888671,-86.4507751464843,45.82697895156564,-115.79353174404233,2166838135
sw,-82.5663757324218,-85.3543014526367,52.21790994150272,-124.64638324660876,2166854802
sw,-83.6679458618164,-83.3510513305664,58.20222768770269,-130.67283559539274,2166871469
sw,-84.8618774414062,-81.2013854980468,63.011835872444415,-133.7823383038779,2166888136
sw,-86.1303176879882,-79.1433868408203,66.00188110744485,-134.00100187929144,2166904803
sw,-87.3572158813476,-77.1936950683593,66.80194914134086,-131.456496136425,2166921470
sw,-88.4097137451171,-75.2920761108398,65.44482542906518,-126.37546993847266,2166938137
sw,-89.1034393310546,-73.4451217651367,62.41819938391521,-119.09073355897523,2166954804
sw,-88.6068878173828,-71.609748840332,58.59954779175544,-110.04392485962559,2166971471
sw,-87.6740112304687,-69.7840347290039,55.06985949739278,-99.76414285322137,2166988138
sw,-86.8121795654296,-68.1076736450195,52.84509934554916,-88.80892099096532,2167004805
sw,-86.0591583251953,-66.7362747192382,52.6010259328828,-77.67151219223352,2167021472
sw,-85.2916030883789,-65.6905288696289,54.4823394758863,-66.68251107068376,2167038139
sw,-84.3695678710937,-64.8265762329101,58.06859889842986,-55.95141402479078,2167054806
sw,-83.1406784057617,-64.0011978149414,62.51627079205521,-45.38883656893152,2167071473
sw,-81.6673278808593,-63.2161216735839,66.82732543728534,-34.81697950161331,2167088140
sw,-80.2667770385742,-62.6787147521972,70.14252120331818,-24.12938008899984,2167104807
sw,-79.0588607788086,-62.4675369262695,71.95062211232604,-13.430051430356995,2167121474
sw,-77.990737915039,-62.5450134277343,72.14854660445202,-3.0883498655828547,2167138141
sw,-76.9428329467773,-62.8494873046875,70.95710763256193,6.314690489738934,2167154808
sw,-75.85302734375,-63.1014137268066,68.75353059083028,14.126212263454175,2167171475
sw,-74.7806243896484,-63.7195930480957,65.89945901046504,19.797107818798754,2167188142
sw,-73.7713317871093,-64.4369812011718,62.623551405915286,23.039673294009237,2167204809
sw,-72.7525405883789,-65.1322250366211,58.98113074897639,23.92523052918669,2167221476
sw,-71.6769332885742,-65.8240203857421,54.87889296964104,22.895780910913647,2167238143
sw,-70.658950805664,-66.4389190673828,50.13029401942459,20.682901414536108,2167254810
sw,-69.8275375366211,-66.8824157714843,44.50178330219116,18.149429851426373,2167271477
sw,-69.2540283203125,-67.1791839599609,37.72462132248061,16.091998778013842,2167288144
sw,-68.9505386352539,-67.4836349487304,29.47756063424484,15.059765332968547,2167304811
sw,-68.8437347412109,-67.9748916625976,19.376339405309675,15.2480433838591,2167321478
sw,-68.8073120117187,-68.6835403442382,7.015678605005576,16.505126632359023,2167338145
sw,-68.7331314086914,-69.6438980102539,-7.9134590309869095,18.447320745318965,2167354812
sw,-68.816665649414,-70.6641235351562,-25.455592866926064,20.63081661001758,2167371479
sw,-69.373664855957,-71.304931640625,-45.2391458883393,22.70711206470225,2167388146
sw,-70.3980331420898,-71.8252182006836,-66.41905124448837,24.505454504793285,2167404813
sw,-71.8499603271484,-72.4549789428711,-87.75704393654286,26.0301839071765,2167421480
sw,-73.7172546386718,-73.2552108764648,-107.82425218292013,27.40331236590119,2167438147
sw,-75.8408889770507,-74.1915206909179,-125.25978584021885,28.79732084953976,2167454814
sw,-78.0313262939453,-75.1187438964843,-139.0002694921469,30.387993063210583,2167471481
sw,-80.1384353637695,-75.982681274414,-148.41395726232847,32.33166772147069,2167488148
sw,-82.1330108642578,-76.872817993164,-153.31768299425602,34.75572930095743,2167504815
sw,-83.890998840332,-77.8157730102539,-153.90332370470455,37.7503725361931,2167521482
sw,-85.2359313964843,-78.8235397338867,-150.62965020246546,41.355585237554,2167538149
sw,-85.8119812011718,-79.818603515625,-144.13334262989073,45.5419355172053,2167554816
sw,-85.2377853393554,-80.7321853637695,-135.18422733830693,50.187353053247065,2167571483
sw,-83.8273391723632,-81.6193389892578,-124.6713989350853,55.0584751071565,2167588150
sw,-82.0348663330078,-82.5751647949218,-113.57868072021314,59.812523264599086,2167604817
sw,-80.2556762695312,-83.6816787719726,-102.90455075179726,64.03580052707179,2167621484
sw,-78.7556915283203,-84.9093780517578,-93.50785530671858,67.32176235501981,2167638151
sw,-77.5845565795898,-86.2209930419921,-85.90783116680923,69.36976469380058,2167654818
sw,-76.523811340332,-87.5428237915039,-80.11255956039672,70.06844726111633,2167671485
sw,-75.3752365112304,-88.8493728637695,-75.56454428504475,69.52758000014887,2167688152
sw,-74.1425704956054,-90.0,-71.25829144518137,68.04113626725021,2167704819
sw,-72.9366226196289,-89.3056411743164,-66.01469618899698,65.99275103550254,2167721486
sw,-71.8442687988281,-88.0594253540039,-58.827937368831606,63.737634878696575,2167738153
sw,-71.0347366333007,-86.9661712646484,-49.16898707418481,61.50158913152864,2167754820
sw,-70.4992294311523,-85.9457092285156,-37.1480809247543,59.327470784515185,2167771487
sw,-70.2023849487304,-84.9453048706054,-23.49171731223849,57.08023205069354,2167788154
sw,-70.1028213500976,-83.8899688720703,-9.35044460789944,54.5022067985054,2167804821
sw,-70.4633483886718,-82.8955764770507,4.00003719553617,51.295447196436946,2167821488
sw,-71.0261688232421,-82.0011291503906,15.477555693203376,47.2006923716081,2167838155
sw,-71.6484909057617,-81.242561340332,24.44190825008696,42.04614838032137,2167854822
sw,-72.513916015625,-80.6420364379882,30.802273378539116,35.753652310107086,2167871489
sw,-73.2664489746093,-80.2015838623046,34.95473691142821,28.308944304425196,2167888156
sw,-73.9879989624023,-79.9065628051757,37.57690547234717,19.717598724999576,2167904823
sw,-74.6025390625,-79.7602310180664,39.35823463314415,9.972107498411981,2167921490
sw,-75.0856475830078,-79.7808837890625,40.77150287094204,-0.952137846033014,2167938157
sw,-75.8386611938476,-79.9776763916015,41.97669529004016,-13.068899421123216,2167954824
sw,-77.0527572631836,-80.4029846191406,42.89124695068072,-26.332379382942587,2167971491
sw,-78.3067092895507,-81.1052322387695,43.381036629974105,-40.58691014832289,2167988158
sw,-79.3980255126953,-82.1094665527343,43.466068762723694,-55.53410192526915,2168004825
sw,-80.1076965332031,-83.3543014526367,43.43111961334345,-70.73029135095531,2168021492
sw,-80.7638397216796,-84.7769317626953,43.78651364424881,-85.61818046447064,2168038159
sw,-81.5304641723632,-86.2232208251953,45.099195983616305,-99.58702433551832,2168054826
sw,-82.3578948974609,-86.8203582763671,47.76579563850705,-112.04659618959303,2168071493
sw,-83.2767562866211,-85.6613082885742,51.81359042889802,-122.49396546315057,2168088160
sw,-84.2953567504882,-83.5500717163086,56.803844030908984,-130.55374518698503,2168104827
sw,-85.4343032836914,-81.2997665405273,61.88453249883823,-135.9841688489452,2168121494
sw,-86.7091369628906,-79.1452407836914,65.99579195960277,-138.65773787305017,2168138161
sw,-88.0352706909179,-77.1216049194336,68.17779215227802,-138.53623262340903,2168154828
sw,-89.4841384887695,-75.1191253662109,67.88747359849265,-135.6591634170015,2168171495
sw,-89.4781112670898,-73.1083755493164,65.21780828598669,-130.1530659645275,2168188162
sw,-87.9557952880859,-71.1123046875,60.936775467843056,-122.25243479171307,2168204829
sw,-86.8421096801757,-69.14404296875,56.316039101724876,-112.31012970643687,2168221496
sw,-85.9699783325195,-67.3436584472656,52.788242919850354,-100.77455368908345,2168238163
sw,-85.2096481323242,-65.8666458129882,51.537012896103064,-88.12721383598351,2168254830
sw,-84.454719543457,-64.7038803100586,53.1574059107386,-74.80184178540765,2168271497
sw,-83.5499801635742,-63.7223052978515,57.503867785277734,-61.12797148104007,2168288164
sw,-82.3298263549804,-62.7783737182617,63.77013137379014,-47.33804979563582,2168304831
sw,-80.8258590698242,-61.9766845703125,70.7531800260693,-33.642585801093134,2168321498
sw,-79.3378295898437,-61.5149192810058,77.18626376524718,-20.33203752352842,2168338165
sw,-78.0431213378906,-61.5033493041992,82.01625880746802,-7.84013138949871,2168354832
sw,-76.8751449584961,-61.6732635498046,84.54954010201583,3.2795482681386763,2168371499
sw,-75.6551895141601,-61.9299697875976,84.46538227248395,12.46554036481521,2168388166
sw,-74.2951889038086,-62.624454498291,81.7502544977259,19.306461521409513,2168404833
sw,-72.8721466064453,-63.3852500915527,76.61261926769703,23.681930892721486,2168421500
sw,-71.5035400390625,-64.1122436523437,69.40559107854901,25.829835459585134,2168438167
sw,-70.3501739501953,-64.7928619384765,60.54852686808883,26.3100499727386,2168454834
sw,-69.5458679199218,-65.4046249389648,50.42834622894561,25.872023377585435,2168471501
sw,-69.0694732666015,-66.0262451171875,39.282573836973576,25.267012330769152,2168488168
sw,-68.803352355957,-66.4676742553711,27.100111256689832,25.063577866034024,2168504835
sw,-68.7358932495117,-66.9495468139648,13.595079144466888,25.525564245178458,2168521502
sw,-68.7991333007812,-67.8608703613281,-1.7043376809991864,26.59520390828201,2168538169
sw,-68.9203414916992,-68.9914169311523,-19.254395010737078,27.98694129251197,2168554836
sw,-69.1639556884765,-70.1618423461914,-39.2392076750601,29.348421355651936,2168571503
sw,-69.9490203857421,-70.923095703125,-61.35440846766096,30.413405392431766,2168588170
sw,-71.3514633178711,-71.4248352050781,-84.72276745460353,31.08427027990764,2168604837
sw,-73.2376556396484,-72.0634536743164,-107.98424147067085,31.43151670545237,2168621504
sw,-75.4976425170898,-72.9178771972656,-129.5315369851081,31.644608315008256,2168638171
sw,-77.9788589477539,-74.0382308959961,-147.8071447573889,31.978196568483963,2168654838
sw,-80.450210571289,-75.0962753295898,-161.56553289026493,32.712203020863264,2168671505
sw,-82.8054885864257,-75.9828948974609,-170.03430649412837,34.11479237853225,2168688172
sw,-84.9115371704101,-76.8883285522461,-172.95905085024356,36.39203464652731,2168704839
sw,-86.2360534667968,-77.8501052856445,-170.5609792102373,39.62692007859276,2168721506
sw,-86.048095703125,-78.9045639038086,-163.45544037685457,43.7307625394513,2168738173
sw,-84.5696716308593,-79.9448623657226,-152.56960588919375,48.43266953730382,2168754840
sw,-82.562385559082,-80.9089965820312,-139.06975258385188,53.31835780472884,2168771507
sw,-80.4479293823242,-81.8677902221679,-124.27923800933533,57.911469372967694,2168788174
sw,-78.4842529296875,-82.9208297729492,-109.5544911791231,61.77811993017017,2168804841
sw,-76.8731536865234,-84.0701751708984,-96.09982412111164,64.62881196827341,2168821508
sw,-75.652717590332,-85.245849609375,-84.74150397045774,66.38895305276353,2168838175
sw,-74.6384735107421,-86.4230804443359,-75.72833591471556,67.21212614421759,2168854842
sw,-73.5873870849609,-87.5644226074218,-68.64909520877771,67.42298630226,2168871509
sw,-72.4430313110351,-88.6450653076171,-62.53282805017845,67.39883116857114,2168888176
sw,-71.3237152099609,-89.641731262207,-56.130271039969415,67.42335793839428,2168904843
sw,-70.3246536254882,-89.1370239257812,-48.29685749167658,67.56194762384966,2168921510
sw,-69.6380462646484,-87.9837493896484,-38.35103633948031,67.60573554220436,2168938177
sw,-69.1847152709961,-86.7720870971679,-26.287907222514345,67.1096331603192,2168954844
sw,-68.957778930664,-85.5404281616211,-12.780683417619183,65.51515099751019,2168971511
sw,-69.1477279663086,-84.3212814331054,1.0240886126757838,62.31670336416204,2168988178
sw,-69.6779708862304,-83.1707382202148,13.8444383683223,57.213206501670456,2169004845
sw,-70.4106140136718,-82.1751708984375,24.6200489427583,50.191263622361895,2169021512
sw,-71.1023712158203,-81.4538803100586,32.77279089728434,41.51042458812011,2169038179
sw,-71.9221420288086,-81.0362548828125,38.29455270929734,31.59725778635661,2169054846
sw,-72.8020782470703,-80.8357162475586,41.65188748546294,20.89046471980972,2169071513
sw,-73.5938720703125,-80.7580947875976,43.56087631813805,9.698568900090708,2169088180
sw,-74.2540206909179,-80.774169921875,44.724592928606896,-1.8756249693401121,2169104847
sw,-74.9005355834961,-80.9590377807617,45.63118094806067,-13.920445241168697,2169121514
sw,-75.7895050048828,-81.3319091796875,46.48297897506577,-26.625017057870956,2169138181
sw,-77.1407241821289,-81.9756469726562,47.2707639621857,-40.15329274060782,2169154848
sw,-78.5467681884765,-82.9905319213867,47.9389403750928,-54.52744758248464,2169171515
sw,-79.6004562377929,-84.180549621582,48.54197556387702,-69.55367669157398,2169188182
sw,-80.2520599365234,-85.5120544433593,49.30261580251386,-84.80518709968413,2169204849
sw,-80.9999008178711,-86.8113784790039,50.54528115427845,-99.66110467006888,2169221516
sw,-81.971435546875,-87.0268478393554,52.54799880998244,-113.38814493012688,2169238183
sw,-82.9675369262695,-85.5019378662109,55.38788284852031,-125.24330620973547,2169254850
sw,-84.0291976928711,-83.2077178955078,58.84507108981535,-134.57219191870897,2169271517
sw,-85.2099685668945,-80.8120040893554,62.40378839980802,-140.88169444578955,2169288184
sw,-86.4855346679687,-78.4746551513671,65.36119245796779,-143.87634490655748,2169304851
sw,-87.7614822387695,-76.2972183227539,67.02199941560443,-143.45959522546585,2169321518
sw,-88.995361328125,-74.2083969116211,66.92333467227888,-139.71060803283257,2169338185
sw,-90.0,-72.1743087768554,65.01590956503627,-132.85171269569696,2169354852
sw,-88.4401626586914,-70.1730194091796,61.73515850038127,-123.2196011280684,2169371519
sw,-87.1907653808593,-68.2304382324218,57.92611238382128,-111.24433727612161,2169388186
sw,-86.2478790283203,-66.3915023803711,54.630245265894274,-97.4292701699778,2169404853
sw,-85.5218048095703,-64.8289108276367,52.79256749081544,-82.32089917448434,2169421520
sw,-84.8711929321289,-63.67138671875,52.986441127745884,-66.46658371289492,2169438187
sw,-84.0691833496093,-62.8163757324218,55.25798146938415,-50.37504926479477,2169454854
sw,-82.9064636230468,-62.0957145690918,59.14786668269303,-34.50413015955122,2169471521
sw,-81.4420318603515,-61.5347747802734,63.870812498704424,-19.28752563595703,2169488188
sw,-80.0287246704101,-61.3081817626953,68.56259843884168,-5.18171040021169,2169504855
sw,-78.8690795898437,-61.5546150207519,72.48348590904638,7.309569334995379,2169521522
sw,-77.8811416625976,-61.9639625549316,75.10842869722778,17.669184135454667,2169538189
sw,-76.8663177490234,-62.5364685058593,76.10970599895771,25.460479942795608,2169554856
sw,-75.6643600463867,-63.3683357238769,75.2945619683169,30.446423755242744,2169571523
sw,-74.3095932006836,-64.2382507324218,72.56396820240842,32.68443959067416,2169588190
sw,-72.939582824707,-65.1005859375,67.91576058419722,32.55711047838631,2169604857
sw,-71.7232055664062,-65.9051284790039,61.464820445789286,30.72309529266642,2169621524
sw,-70.7919769287109,-66.4759674072265,53.43226031421365,27.999609194381694,2169638191
sw,-70.1519622802734,-67.0244064331054,44.075799283396435,25.20863936631935,2169654858
sw,-69.7317733764648,-67.5704040527343,33.57715609086723,23.027913501677915,2169671525
sw,-69.5233078002929,-67.969741821289,21.93960821296385,21.88417814500785,2169688192
sw,-69.5069961547851,-68.5643768310546,8.957569978460064,21.914267020020027,2169704859
sw,-69.6051254272461,-69.4822921752929,-5.7045283265539375,23.00031437782693,2169721526
sw,-69.7442474365234,-70.4590682983398,-22.333662974273246,24.859958026818983,2169738193
sw,-70.0697479248046,-71.1841659545898,-40.94895907133717,27.151089859999555,2169754860
sw,-70.8918151855468,-71.7352905273437,-61.12962048792384,29.55200538605328,2169771527
sw,-72.2660064697265,-72.4388732910156,-81.96793965283993,31.804658922177993,2169788194
sw,-74.0515670776367,-73.4046020507812,-102.17640823071642,33.73755804043563,2169804861
sw,-76.106819152832,-74.539810180664,-120.31440728770761,35.28873131642098,2169821528
sw,-78.2852630615234,-75.5946655273437,-135.05608631767265,36.52788488251615,2169838195
sw,-80.3978652954101,-76.5038375854492,-145.41701739805364,37.655651882084086,2169854862
sw,-82.367431640625,-77.4017791748046,-150.8878986438363,38.95918862141339,2169871529
sw,-84.077651977539,-78.337776184082,-151.46700644418345,40.72563263192238,2169888196
sw,-85.3787384033203,-79.3065872192382,-147.61612761642462,43.13915688038387,2169904863
sw,-85.8801116943359,-80.2372131347656,-140.17471512199157,46.19818401829176,2169921530
sw,-85.2777709960937,-81.1013488769531,-130.2558930778506,49.6848636731482,2169938197
sw,-83.9004974365234,-81.994400024414,-119.128155238571,53.20428846256973,2169954864
sw,-82.2850036621093,-82.9593963623046,-108.07284888751214,56.29000293667013,2169971531
sw,-80.7011566162109,-84.0643615722656,-98.20970824720784,58.54822185317446,2169988198
sw,-79.2862854003906,-85.2489852905273,-90.30235395491388,59.792896053349274,2170004865
sw,-78.0748138427734,-86.374153137207,-84.58464906899307,60.118401708054144,2170021532
sw,-76.9281616210937,-87.3710327148437,-80.67035575061163,59.874368545451205,2170038199
sw,-75.6866226196289,-88.2983169555664,-77.60404241746036,59.54492065261993,2170054866
sw,-74.4085464477539,-89.2950134277343,-74.07283105133314,59.575612704050734,2170071533
sw,-73.224136352539,-90.0,-68.73958436503732,60.21359196151832,2170088200
sw,-72.2287063598632,-88.7929306030273,-60.607745920512855,61.41782995042561,2170104867
sw,-71.411148071289,-87.5901184082031,-49.31131709332153,62.86331956873321,2170121534
sw,-70.7709045410156,-86.4334411621093,-35.2449288109953,64.02581647250437,2170138201
sw,-70.4710693359375,-85.2972259521484,-19.495674508956643,64.31020404678857,2170154868
sw,-70.6427764892578,-84.1641387939453,-3.5938310731014997,63.18139060023114,2170171535
sw,-70.97314453125,-83.0625991821289,10.84964568612386,60.2656160208988,2170188202
sw,-71.6579895019531,-82.0536956787109,22.51806126507301,55.40330213729419,2170204869
sw,-72.3362121582031,-81.1600646972656,30.67242094887523,48.6475170241861,2170221536
sw,-73.0794296264648,-80.4443283081054,35.26908875342889,40.214097472353444,2170238203
sw,-73.9351425170898,-79.9619979858398,36.89002675947636,30.400249972444616,2170254870
sw,-74.7527160644531,-79.7090835571289,36.521024237506566,19.49643299188495,2170271537
sw,-75.4044036865234,-79.6670532226562,35.25614694818145,7.718894933844523,2170288204
sw,-75.8229598999023,-79.83056640625,34.024037707431035,-4.815101686169018,2170304871
sw,-76.3906860351562,-80.1122665405273,33.419785704403836,-18.061162882002602,2170321538
sw,-77.4382400512695,-80.5254745483398,33.68414797436237,-31.981614846561722,2170338205
sw,-78.5793991088867,-81.2461700439453,34.808578333549924,-46.467009881015095,2170354872
sw,-79.3333969116211,-82.340347290039,36.6890762108905,-61.278331539487965,2170371539
sw,-79.9225921630859,-83.67724609375,39.24123085707531,-76.03234782083044,2170388206
sw,-80.6800460815429,-85.0896072387695,42.429407040591066,-90.23192314163418,2170404873
sw,-81.5684432983398,-86.2905502319336,46.21881783467639,-103.32513567541487,2170421540
sw,-82.5177993774414,-86.3325424194336,50.49210895986173,-114.77032786876647,2170438207
sw,-83.4842834472656,-84.808120727539,54.97849451916591,-124.08822080532106,2170454874
sw,-84.5613403320312,-82.6776885986328,59.238164935726324,-130.892412806179,2170471541
sw,-85.7948150634765,-80.5541915893554,62.72885506614594,-134.90181582770785,2170488208
sw,-87.1077499389648,-78.5597229003906,64.94826205130333,-135.94775210592704,2170504875
sw,-88.3429412841796,-76.636848449707,65.60512809349291,-133.9887892529548,2170521542
sw,-89.8041687011718,-74.707160949707,64.7485197092094,-129.1365357239206,2170538209
sw,-89.3921966552734,-72.7891540527343,62.795424831021386,-121.68106841313428,2170554876
sw,-88.0338821411132,-70.8711166381836,60.435055205892,-112.09420744989369,2170571543
sw,-86.9307556152343,-69.0418624877929,58.43546620640556,-100.98934287634687,2170588210
sw,-85.995620727539,-67.4803695678711,57.41716699605069,-89.0304675604124,2170604877
sw,-85.1085968017578,-66.2464218139648,57.676111707960466,-76.80760087651612,2170621544
sw,-84.111572265625,-65.2406463623046,59.12426585540477,-64.7207207005343,2170638211
sw,-82.9017333984375,-64.3349533081054,61.369101517688364,-52.92355457771187,2170654878
sw,-81.5608749389648,-63.4857635498046,63.89200657088349,-41.3601741284773,2170671545
sw,-80.3124389648437,-62.8060150146484,66.24166246871593,-29.88630324204838,2170688212
sw,-79.2274780273437,-62.4328880310058,68.15764889310795,-18.426463449232127,2170704879
sw,-78.2103500366211,-62.3819770812988,69.5820015278208,-7.102480216965644,2170721546
sw,-77.1362762451171,-62.6064720153808,70.57529890320718,3.714115018817987,2170738213
sw,-75.9927062988281,-62.830753326416,71.19455732958312,13.438880318968723,2170754880
sw,-74.8039016723632,-63.1718673706054,71.39500116339754,21.38504756777171,2170771547
sw,-73.6371459960937,-63.8002090454101,70.99388035052381,26.92016511992834,2170788214
sw,-72.4770126342773,-64.6397323608398,69.7017635998394,29.63660427130876,2170804881
sw,-71.2697448730468,-65.5518493652343,67.20029504148573,29.496286864888408,2170821548
sw,-70.0262222290039,-66.3565292358398,63.229967168438286,26.903768551150822,2170838215
sw,-68.9202346801757,-66.9776229858398,57.6476757846089,22.6713476116868,2170854882
sw,-68.0561218261718,-67.4595718383789,50.42456111297571,17.870241542817492,2170871549
sw,-67.4849166870117,-67.8070068359375,41.581592371046014,13.601184924094026,2170888216
sw,-67.1847915649414,-67.967544555664,31.09555885424712,10.748620840028574,2170904883
sw,-67.0513076782226,-68.2057571411132,18.83323006345553,9.793515832766435,2170921550
sw,-67.0343017578125,-68.5856170654296,4.568520719277726,10.745448930638888,2170938217
sw,-67.1196517944336,-69.3002090454101,-11.897782094292102,13.215151957425277,2170954884
sw,-67.3042068481445,-70.3675765991211,-30.549678226472626,16.595067719454253,2170971551
sw,-67.817024230957,-70.9809417724609,-50.978140569162264,20.271663397153674,2170988218
sw,-68.9466400146484,-71.466812133789,-72.30389059578394,23.78590810621575,2171004885
sw,-70.4902420043945,-72.1751022338867,-93.2567948341119,26.895837650420283,2171021552
sw,-72.4729766845703,-73.074104309082,-112.40265647075849,29.552422137991055,2171038219
sw,-74.8115539550781,-74.0896072387695,-128.4440564174511,31.835865281564026,2171054886
sw,-77.1649322509765,-75.0881118774414,-140.49040810800557,33.89561005095514,2171071553
sw,-79.3635559082031,-76.0556182861328,-148.2071463130125,35.91027799257505,2171088220
sw,-81.4248809814453,-77.0593872070312,-151.80637046939734,38.06010571846652,2171104887
sw,-83.3763275146484,-78.1021652221679,-151.90501008772156,40.4972306648321,2171121554
sw,-85.0731658935546,-79.1210556030273,-149.3200971958721,43.306825912734055,2171138221
sw,-86.1117858886718,-80.1276702880859,-144.87608751064153,46.466423064338386,2171154888
sw,-85.9622650146484,-81.1115951538086,-139.27259379094028,49.82234034823094,2171171555
sw,-84.7433090209961,-82.0631408691406,-133.02370157922851,53.10359957887375,2171188222
sw,-83.0324935913086,-83.0318145751953,-126.45119314029061,55.983015966385004,2171204889
sw,-81.177261352539,-84.1282119750976,-119.70183902180503,58.17599703440204,2171221556
sw,-79.3796234130859,-85.2932662963867,-112.76363302753325,59.54722034895957,2171238223
sw,-77.7533798217773,-86.449234008789,-105.4728736901639,60.18300029915984,2171254890
sw,-76.246711730957,-87.5452880859375,-97.5241337454234,60.391899898561235,2171271557
sw,-74.8009262084961,-88.5944442749023,-88.5064571609324,60.62060171368034,2171288224
sw,-73.4685821533203,-89.8333129882812,-77.98360192044623,61.30686118844081,2171304891
sw,-72.3326263427734,-89.6608123779296,-65.61629135353127,62.71921699028365,2171321558
sw,-71.4165344238281,-88.4110717773437,-51.30169483728344,64.84012386259549,2171338225
sw,-70.7533874511718,-87.2024307250976,-35.29098840884088,67.3330060857226,2171354892
sw,-70.3294067382812,-85.9460983276367,-18.243949852205997,69.60322640889675,2171371559
sw,-70.130500793457,-84.6670379638671,-1.1888744781991951,70.93170228731015,2171388226
sw,-70.3526458740234,-83.3857421875,14.624198842574227,70.63913221080134,2171404893
sw,-71.0613021850586,-82.1104354858398,27.958410390680548,68.23320528841542,2171421560
sw,-72.1221389770507,-80.8909683227539,37.85813690630294,63.49908607067321,2171438227
sw,-72.9193572998046,-79.8179244995117,43.86971817228641,56.51057049345535,2171454894
sw,-73.9320373535156,-78.9988708496093,46.14066412994817,47.56190311004061,2171471561
sw,-74.9310760498046,-78.4777145385742,45.364003118366355,37.04472692096374,2171488228
sw,-75.7686538696289,-78.211067199707,42.58826320747158,25.314633781644485,2171504895
sw,-76.4163589477539,-78.1347579956054,38.955601320042646,12.598110037592402,2171521562
sw,-76.8478775024414,-78.1749496459961,35.45081397367977,-1.0234746422154797,2171538229
sw,-77.3528976440429,-78.2537536621093,32.7397489563158,-15.548521143275353,2171554896
sw,-78.2481002807617,-78.5623397827148,31.142378477912484,-30.941038340274403,2171571563
sw,-79.2379913330078,-79.3882675170898,30.727390049502947,-47.02176992883097,2171588230
sw,-80.0267562866211,-80.6316452026367,31.457824162497435,-63.41143676272338,2171604897
sw,-80.5027618408203,-82.0465850830078,33.29874144323637,-79.54218394561478,2171621564
sw,-81.1207504272461,-83.5555801391601,36.23303885011156,-94.72177626965077,2171638231
sw,-81.8747253417968,-85.0564804077148,40.193725212264056,-108.22231476182645,2171654898
sw,-82.7028427124023,-85.8932495117187,44.96725857179451,-119.37064669508531,2171671565
sw,-83.643684387207,-85.3733596801757,50.132220100926205,-127.62764976859,2171688232
sw,-84.7452163696289,-83.9595718383789,55.07752017335071,-132.64999337833484,2171704899
sw,-85.9693984985351,-82.2695770263671,59.10876322022463,-134.3315629503258,2171721566
sw,-87.1921615600586,-80.4712371826171,61.612935322537986,-132.82314678130055,2171738233
sw,-88.2683334350586,-78.5736770629882,62.22510525065322,-128.5264725129723,2171754900
sw,-89.4373321533203,-76.5977783203125,60.93909482593861,-122.05412390732756,2171771567
sw,-90.0,-74.656997680664,58.12611767282691,-114.14729427173086,2171788234
sw,-88.4887161254882,-72.8236999511718,54.45662933229911,-105.55427361194654,2171804901
sw,-87.453857421875,-71.1363143920898,50.74717070455079,-96.8913981486318,2171821568
sw,-86.6364059448242,-69.6204071044921,47.772568061609576,-88.52436834580666,2171838235
sw,-85.9143829345703,-68.2469329833984,46.09541607029754,-80.50998860801226,2171854902
sw,-85.1669387817382,-66.9364166259765,45.96402702957515,-72.62238404085412,2171871569
sw,-84.2697830200195,-65.6729202270507,47.30904289691736,-64.45934318823576,2171888236
sw,-83.2472381591796,-64.5736846923828,49.83060443648424,-55.595824982014506,2171904903
sw,-82.2236785888671,-63.7854919433593,53.13050247097561,-45.73612924137524,2171921570
sw,-81.2368698120117,-63.3087997436523,56.82866359530519,-34.821932209576076,2171938237
sw,-80.2880172729492,-63.022777557373,60.61922190554163,-23.07680306667865,2171954904
sw,-79.2949829101562,-62.8301048278808,64.25768559915915,-10.993004199243334,2171971571
sw,-78.2268600463867,-62.7370643615722,67.5059005201109,0.7236217626830975,2171988238
sw,-77.1057434082031,-62.893310546875,70.07832492282637,11.242250001623255,2172004905
sw,-75.9606857299804,-63.3003959655761,71.62742328740957,19.730283080243705,2172021572
sw,-74.7731246948242,-64.0387191772461,71.78463745081204,25.507034702353724,2172038239
sw,-73.5130004882812,-64.8840179443359,70.24636064480804,28.202823928982223,2172054906
sw,-72.2084274291992,-65.6989593505859,66.87007386293307,27.878856612106205,2172071573
sw,-70.9478225708007,-66.4349670410156,61.7323563166371,25.063491629743613,2172088240
sw,-69.9334640502929,-67.0674057006836,55.10643676302319,20.682441197054107,2172104907
sw,-69.2606964111328,-67.5484466552734,47.346676734899674,15.890513950769233,2172121574
sw,-68.8479537963867,-67.7813339233398,38.71320606007351,11.838915481345627,2172138241
sw,-68.5790786743164,-67.9722366333007,29.210437385191927,9.433127641031534,2172154908
sw,-68.4317321777343,-68.2616119384765,18.523669647152087,9.148649437320898,2172171575
sw,-68.3507614135742,-68.6774444580078,6.107042952555999,10.962910671361602,2172188242
sw,-68.2539749145507,-69.5629806518554,-8.586063839972546,14.423789923090546,2172204909
sw,-68.2573013305664,-70.2430038452148,-25.80621209868342,18.82208762101295,2172221576
sw,-68.689208984375,-70.7043304443359,-45.26202625616538,23.39760632148138,2172238243
sw,-69.71337890625,-71.3425140380859,-66.03497717507008,27.50986056715844,2172254910
sw,-71.2809600830078,-72.2225799560546,-86.70507446381502,30.73919988254958,2172271577
sw,-73.2359771728515,-73.2061004638671,-105.65140118836887,32.9213704421401,2172288244
sw,-75.4651107788086,-74.1713333129882,-121.4202212380292,34.13387697203842,2172304911
sw,-77.6654357910156,-75.1000213623046,-133.031155555678,34.649149677747644,2172321578
sw,-79.6288757324218,-75.9848403930664,-140.1259189850479,34.86413534431035,2172338245
sw,-81.4375076293945,-76.9019622802734,-142.93454266901193,35.2160054213183,2172354912
sw,-83.1269989013671,-77.832046508789,-142.10586818876476,36.09551679770622,2172371579
sw,-84.6637344360351,-78.7496261596679,-138.4894573089232,37.76923008882016,2172388246
sw,-85.8152999877929,-79.6177291870117,-132.9511469580562,40.32053429788422,2172404913
sw,-86.0548400878906,-80.4067993164062,-126.26545841465028,43.62019223086131,2172421580
sw,-85.1831741333007,-81.1960067749023,-119.08063815034329,47.33882168434491,2172438247
sw,-83.7561874389648,-82.0926742553711,-111.92014937816347,51.0103052036877,2172454914
sw,-82.1490478515625,-83.1087493896484,-105.1793770681636,54.141526691213684,2172471581
sw,-80.5895690917968,-84.1922531127929,-99.09498841613791,56.343374663175204,2172488248
sw,-79.2068481445312,-85.285530090332,-93.69365813273787,57.44232714264152,2172504915
sw,-77.907485961914,-86.3169784545898,-88.75100315458363,57.532596419887795,2172521582
sw,-76.5915908813476,-87.3028182983398,-83.79814878385133,56.94799934637874,2172538249
sw,-75.2853240966796,-88.2781982421875,-78.19792152075702,56.161819868054536,2172554916
sw,-74.0912246704101,-89.3589782714843,-71.28293588601746,55.64804247876898,2172571583
sw,-73.1163253784179,-90.0,-62.52113556019818,55.7474883473116,2172588250
sw,-72.3805541992187,-89.0827255249023,-51.66511660480142,56.57548370161453,2172604917
sw,-71.7513427734375,-87.9885101318359,-38.84990020676131,57.99026430818766,2172621584
sw,-71.2441787719726,-86.9417495727539,-24.618225138007737,59.622647236409385,2172638251
sw,-71.0603866577148,-85.8756942749023,-9.863936640394797,60.95353970734251,2172654918
sw,-71.289810180664,-84.7647171020507,4.3048502326293,61.417694961275174,2172671585
sw,-71.730110168457,-83.6314163208007,16.763778338455193,60.50855828733362,2172688252
sw,-72.2573852539062,-82.5351333618164,26.59146585832713,57.85966650431265,2172704919
sw,-73.0571365356445,-81.5395126342773,33.257240530789254,53.284002374962405,2172721586
sw,-73.9936752319336,-80.7312393188476,36.728115492351,46.76465763611396,2172738253
sw,-74.9310684204101,-80.1199264526367,37.46312494716547,38.40589494724723,2172754920
sw,-75.7826995849609,-79.7332916259765,36.29052695346108,28.367752840214624,2172771587
sw,-76.2882080078125,-79.5634002685546,34.19837272901777,16.813359341640176,2172788254
sw,-76.5736694335937,-79.5413818359375,32.10294854384849,3.892116280596283,2172804921
sw,-77.1102066040039,-79.6289901733398,30.673994656056106,-10.23527455694117,2172821588
sw,-77.9682693481445,-79.9421844482421,30.273131792174365,-25.34546784761328,2172838255
sw,-78.7472991943359,-80.6281814575195,31.006543323499713,-41.104696177528595,2172854922
sw,-79.4380416870117,-81.7002639770507,32.83691242359826,-57.052190186421505,2172871589
sw,-80.0506515502929,-83.0097579956054,35.68013629386015,-72.62476659374106,2172888256
sw,-80.8290023803711,-84.3684539794921,39.43742677977801,-87.21229259342141,2172904923
sw,-81.6612014770507,-85.6314849853515,43.95883401963578,-100.22416489957101,2172921590
sw,-82.5794219970703,-86.1165771484375,48.97263519795112,-111.14990824616577,2172938257
sw,-83.5111007690429,-85.2165222167968,54.03452121147032,-119.60458266480401,2172954924
sw,-84.5838775634765,-83.5732803344726,58.54710503330091,-125.35565283897964,2172971591
sw,-85.8417816162109,-81.7828140258789,61.87133189193554,-128.3322615271691,2172988258
sw,-87.1380920410156,-79.9514389038086,63.50457483339465,-128.62080275841112,2173004925
sw,-88.3831100463867,-78.1269226074218,63.25883362422685,-126.45014536538727,2173021592
sw,-90.0,-76.259521484375,61.361604010557095,-122.16590647053089,2173038259
sw,-89.5463027954101,-74.3981552124023,58.42869839010667,-116.19028493672798,2173054926
sw,-88.2177581787109,-72.5635299682617,55.30763881781248,-108.96605469273317,2173071593
sw,-87.2193450927734,-70.7864303588867,52.83919462197348,-100.88986805206058,2173088260
sw,-86.3905029296875,-69.1712493896484,51.616087269625936,-92.24782323438478,2173104927
sw,-85.560188293457,-67.7332763671875,51.82263358642369,-83.17212287870717,2173121594
sw,-84.6199951171875,-66.4399337768554,53.21337937113086,-73.63828155634644,2173138261
sw,-83.556037902832,-65.2655868530273,55.23789402245342,-63.51408001918789,2173154928
sw,-82.4264831542968,-64.2537002563476,57.2618535253539,-52.6538235313463,2173171595
sw,-81.3011245727539,-63.5153503417968,58.79745621887765,-41.011358950180544,2173188262
sw,-80.2496032714843,-63.0917091369628,59.65641289289823,-28.734594292504394,2173204929
sw,-79.2902908325195,-62.9179420471191,59.97420046987885,-16.21013043323959,2173221596
sw,-78.365249633789,-62.9830474853515,60.106566940926676,-4.044672613686195,2173238263
sw,-77.4219818115234,-63.1661224365234,60.44526362344727,7.011874740887788,2173254930
sw,-76.5025329589843,-63.4764328002929,61.223421187877406,16.186948598137214,2173271597
sw,-75.5768127441406,-64.1423950195312,62.37813769390041,22.831478628643488,2173288264
sw,-74.5719375610351,-65.0327377319336,63.51454822403978,26.56797205218383,2173304931
sw,-73.4373397827148,-65.8514175415039,63.98042650745327,27.406271041908546,2173321598
sw,-72.1633148193359,-66.6135482788086,63.02184668649712,25.787539004120777,2173338265
sw,-70.9093551635742,-67.371337890625,59.96005815410063,22.529139954417303,2173354932
sw,-69.8807144165039,-67.8886566162109,54.32183631660917,18.670818466331824,2173371599
sw,-69.217544555664,-68.1119689941406,45.87925636847411,15.254414904071345,2173388266
sw,-68.8976516723632,-68.2534255981445,34.603103339126314,13.095876458802962,2173404933
sw,-68.8259887695312,-68.5950698852539,20.582032225958077,12.620616191153637,2173421600
sw,-68.842041015625,-69.1407928466796,3.9771400010718483,13.818686580509212,2173438267
sw,-68.7970809936523,-69.9943466186523,-14.945680574668492,16.33120916589782,2173454934
sw,-69.0456008911132,-70.8312606811523,-35.721064231504734,19.623603064904376,2173471601
sw,-69.8984451293945,-71.3737258911132,-57.593481168842374,23.167855992506986,2173488268
sw,-71.2166519165039,-72.0155258178711,-79.50516725806868,26.566488068558982,2173504935
sw,-72.9121475219726,-72.8069992065429,-100.19768578098322,29.595238116896237,2173521602
sw,-74.9650497436523,-73.8324279785156,-118.40301896905103,32.18605629823819,2173538269
sw,-77.2351913452148,-74.9004516601562,-133.0580888251805,34.387670495080584,2173554936
sw,-79.4469528198242,-75.9009704589843,-143.4702484752792,36.32716069546984,2173571603
sw,-81.5716781616211,-76.8278274536132,-149.3875610312814,38.174635665406605,2173588270
sw,-83.5654144287109,-77.7698974609375,-150.97081037984304,40.1041069105783,2173604937
sw,-85.3671798706054,-78.7701644897461,-148.7024250569511,42.249283199486605,2173621604
sw,-86.5835647583007,-79.7916717529296,-143.28174641483986,44.662807762659995,2173638271
sw,-86.4760208129882,-80.7844619750976,-135.54135133520649,47.29184337050809,2173654938
sw,-85.1629638671875,-81.7040252685546,-126.38797834287186,49.98039766184746,2173671605
sw,-83.427505493164,-82.5975036621093,-116.74477824739164,52.50263465488375,2173688272
sw,-81.6654205322265,-83.5413208007812,-107.46509673397964,54.6233935359523,2173704939
sw,-80.0598220825195,-84.5291519165039,-99.20576722561262,56.17209298599428,2173721606
sw,-78.6484832763671,-85.5351181030273,-92.28139789174986,57.10667443803564,2173738273
sw,-77.3181915283203,-86.5461120605468,-86.55243541259111,57.54167050267354,2173754940
sw,-75.9719696044921,-87.5364532470703,-81.40873944369417,57.7237075283066,2173771607
sw,-74.6287231445312,-88.487548828125,-75.88655710959164,57.9563430784179,2173788274
sw,-73.4266510009765,-89.3326568603515,-68.90872558654435,58.49563951685644,2173804941
sw,-72.4159698486328,-89.24462890625,-59.58916746492483,59.44978270239741,2173821608
sw,-71.5327987670898,-88.2952194213867,-47.515254072826814,60.71602107814369,2173838275
sw,-70.8412857055664,-87.2145614624023,-32.92315714094877,61.97651692860277,2173854942
sw,-70.4940185546875,-86.0776901245117,-16.70809141029686,62.7554736530593,2173871609
sw,-70.7141799926757,-84.9379806518554,-0.25670289006827435,62.519883102504025,2173888276
sw,-70.9845733642578,-83.7863159179687,14.857118348005786,60.79245541111586,2173904943
sw,-71.7643356323242,-82.6541519165039,27.227203184813973,57.24214396861794,2173921610
sw,-72.3403396606445,-81.6688613891601,35.92032602799594,51.72580059003114,2173938277
sw,-73.203369140625,-80.9299621582031,40.65295252981503,44.27179727861864,2173954944
sw,-74.2665557861328,-80.4402694702148,41.80546494318301,35.01842011585011,2173971611
sw,-75.1422271728515,-80.128791809082,40.28518811611984,24.13845211813022,2173988278
sw,-75.7554626464843,-80.0117263793945,37.28383239853704,11.786968743540328,2174004945
sw,-76.1888122558593,-80.0644760131836,33.99986669242269,-1.9026803520339735,2174021612
sw,-76.6712188720703,-80.2843246459961,31.40869129927764,-16.774310133615995,2174038279
sw,-77.5758666992187,-80.7169342041015,30.146458700991182,-32.58030289045232,2174054946
sw,-78.6483078002929,-81.5008850097656,30.51935736488941,-48.92648688026305,2174071613
sw,-79.3870773315429,-82.6658630371093,32.586785283553716,-65.2622820210693,2174088280
sw,-79.8689804077148,-84.0615539550781,36.24204299317968,-80.92619232696337,2174104947
sw,-80.6504821777343,-85.4689712524414,41.245742415204596,-95.23127685049471,2174121614
sw,-81.582405090332,-86.356216430664,47.219992191745554,-107.56052436611225,2174138281
sw,-82.6224060058593,-85.8653106689453,53.63977527536995,-117.44389190199578,2174154948
sw,-83.7985076904296,-84.124771118164,59.8542657978217,-124.60114741313504,2174171615
sw,-85.0870971679687,-82.0856552124023,65.15516503147168,-128.94782091039534,2174188282
sw,-86.4628295898437,-80.1423416137695,68.89130781523812,-130.57070640354917,2174204949
sw,-87.7189559936523,-78.3196792602539,70.60676209597165,-129.68464411627568,2174221616
sw,-88.7136688232421,-76.5349349975586,70.16023631141555,-126.58416181711551,2174238283
sw,-89.1084747314453,-74.7157821655273,67.78130306969095,-121.60125751930059,2174254950
sw,-88.2750091552734,-72.8719635009765,64.03771043077992,-115.07431567091336,2174271617
sw,-87.159927368164,-70.9798202514648,59.71715941571282,-107.32503314908503,2174288284
sw,-86.1856613159179,-69.1524353027343,55.653765046591694,-98.63449707750141,2174304951
sw,-85.3760299682617,-67.5576171875,52.54785436228796,-89.21176329953803,2174321618
sw,-84.5967330932617,-66.2221298217773,50.83341638326827,-79.16128575672529,2174338285
sw,-83.7299270629882,-65.077896118164,50.63400931811013,-68.47269009035713,2174354952
sw,-82.6886901855468,-63.9974937438964,51.81417288676858,-57.06131125670651,2174371619
sw,-81.5181655883789,-63.0015487670898,54.09201549318525,-44.867914841019335,2174388286
sw,-80.4254684448242,-62.2665672302246,57.15208344205598,-31.988256184321237,2174404953
sw,-79.4872131347656,-61.9009742736816,60.70348235637628,-18.77390731990763,2174421620
sw,-78.5836486816406,-61.9517440795898,64.46540615479411,-5.849278727517907,2174438287
sw,-77.5847930908203,-62.2248268127441,68.1085911616946,5.97410323336672,2174454954
sw,-76.4381561279296,-62.4531326293945,71.20739823055428,15.860887802196943,2174471621
sw,-75.1620330810546,-63.1329078674316,73.2480076042544,23.141564397775543,2174488288
sw,-73.8423538208007,-63.9470520019531,73.7025412861556,27.47489419773224,2174504955
sw,-72.5165557861328,-64.6949005126953,72.14019639122344,28.940195339564113,2174521622
sw,-71.237075805664,-65.5124053955078,68.32472096891425,28.03370261676046,2174538289
sw,-70.0369567871093,-66.245132446289,62.249945494828566,25.566712544530844,2174554956
sw,-69.0665817260742,-66.6818923950195,54.08825865538983,22.48844789091805,2174571623
sw,-68.4617004394531,-67.0614852905273,44.063167372142225,19.67621773733033,2174588290
sw,-68.1933364868164,-67.2880020141601,32.29579566955648,17.74742434856902,2174604957
sw,-68.158447265625,-67.5744323730468,18.700670603371343,16.950035736148674,2174621624
sw,-68.2182235717773,-68.3380661010742,3.0005222121475823,17.1711995607563,2174638291
sw,-68.2663345336914,-69.3663253784179,-15.115165592656357,18.0616122955452,2174654958
sw,-68.350357055664,-70.3389739990234,-35.73390356799565,19.220576956022505,2174671625
sw,-68.9171295166015,-70.990493774414,-58.47374850710892,20.357833007012037,2174688292
sw,-70.2625656127929,-71.3730087280273,-82.36709049324502,21.368370940572095,2174704959
sw,-72.1839294433593,-71.8709716796875,-105.94377300123281,22.31266545304757,2174721626
sw,-74.4293670654296,-72.6102752685546,-127.4921823253564,23.344790144497924,2174738293
sw,-76.929084777832,-73.594009399414,-145.39963682901865,24.641632312204077,2174754960
sw,-79.4031295776367,-74.551040649414,-158.45058423595438,26.360982932728334,2174771627
sw,-81.6933364868164,-75.4054794311523,-165.9967390917946,28.624457435835783,2174788294
sw,-83.814712524414,-76.2857818603515,-167.97967096400785,31.50842307318241,2174804961
sw,-85.5567550659179,-77.1861495971679,-164.84616798229888,35.03342280935484,2174821628
sw,-86.3711318969726,-78.1381454467773,-157.42207219627494,39.15402997612939,2174838295
sw,-85.5876235961914,-79.0973739624023,-146.794898541131,43.754404061963946,2174854962
sw,-83.8348388671875,-80.0110549926757,-134.2164145594413,48.6515853702969,2174871629
sw,-81.9284439086914,-80.9002075195312,-121.00196371205845,53.60663348703971,2174888296
sw,-80.0965499877929,-81.8411026000976,-108.39576769458222,58.345673833926554,2174904963
sw,-78.507942199707,-82.9203338623046,-97.39464331922419,62.5936800012185,2174921630
sw,-77.2166900634765,-84.0964813232421,-88.56214718763574,66.11772954410385,2174938297
sw,-76.0470504760742,-85.289566040039,-81.8973743944927,68.76540377821037,2174954964
sw,-74.8300399780273,-86.4427337646484,-76.82588978385971,70.47783038044147,2174971631
sw,-73.5596923828125,-87.5236129760742,-72.34615769168781,71.26476420972774,2174988298
sw,-72.306884765625,-88.4420471191406,-67.30556144311821,71.14979232544925,2175004965
sw,-71.1150741577148,-88.8907623291015,-60.724306008887986,70.11460669908234,2175021632
sw,-70.1759948730468,-88.3561096191406,-52.0615136575265,68.07719778628959,2175038299
sw,-69.5253753662109,-87.2918167114257,-41.33749217870628,64.92317679402976,2175054966
sw,-69.2217025756836,-86.1742401123046,-29.080293212831663,60.57949293830297,2175071633
sw,-69.0933227539062,-85.1499404907226,-16.129091865038184,55.092868150457186,2175088300
sw,-69.241226196289,-84.225830078125,-3.3744848049891654,48.667423896396365,2175104967
sw,-69.5952606201171,-83.4745712280273,8.470476514886089,41.6316584712333,2175121634
sw,-69.9388656616211,-82.9492645263671,18.996027599272217,34.33584545212092,2175138301
sw,-70.5244216918945,-82.6372680664062,28.09097754414264,27.01317638729375,2175154968
sw,-71.2568817138671,-82.4392471313476,35.83138094221788,19.658663210271833,2175171635
sw,-71.9583282470703,-82.3018035888671,42.324157773490285,11.979793205912516,2175188302
sw,-72.6021041870117,-82.1969528198242,47.580232237132606,3.4497747776195364,2175204969
sw,-73.3506927490234,-82.2071380615234,51.478887308080516,-6.54429516846193,2175221636
sw,-74.4819412231445,-82.3805236816406,53.848202641174886,-18.503514147225534,2175238303
sw,-75.9628829956054,-82.7989501953125,54.6309796940528,-32.6344948561142,2175254970
sw,-77.4431610107421,-83.6009521484375,54.051797997893935,-48.7409030903274,2175271637
sw,-78.8592987060546,-84.7942199707031,52.68290661820677,-66.22003569994749,2175288304
sw,-79.4862060546875,-86.0761947631836,51.3468875150008,-84.15784414187875,2175304971
sw,-79.7837905883789,-87.0493927001953,50.87770249462605,-101.48525858921192,2175321638
sw,-80.5942764282226,-86.6593017578125,51.839878167276,-117.14652227452746,2175338305
sw,-81.7657470703125,-84.8567657470703,54.32804837620935,-130.2376545207881,2175354972
sw,-83.0117797851562,-82.3701553344726,57.925009118658586,-140.0921689269756,2175371639
sw,-84.2291183471679,-79.7246704101562,61.82335225435087,-146.3114280348161,2175388306
sw,-85.4608917236328,-77.1697463989257,65.06099778942533,-148.75142390084673,2175404973
sw,-86.6498794555664,-74.8240661621093,66.79984635890837,-147.48413184461265,2175421640
sw,-87.8510589599609,-72.6438827514648,66.57597167518205,-142.75120898055775,2175438307
sw,-89.0393753051757,-70.5749893188476,64.45709844385239,-134.92314649501355,2175454974
sw,-89.096694946289,-68.6010284423828,61.05948748689944,-124.46989886927538,2175471641
sw,-88.1192398071289,-66.7517166137695,57.407005711030266,-111.94065058486073,2175488308
sw,-87.1801986694336,-65.0578994750976,54.65986040368228,-97.94271914850015,2175504975
sw,-86.3038711547851,-63.5376167297363,53.78839154553144,-83.10687433945591,2175521642
sw,-85.4428024291992,-62.2422866821289,55.29702617295996,-68.0331944313515,2175538309
sw,-84.5004959106445,-61.2787170410156,59.09379985710354,-53.22767582415553,2175554976
sw,-83.3334121704101,-60.5859985351562,64.54809440055246,-39.05610828213449,2175571643
sw,-81.8741378784179,-60.0933570861816,70.70450138418396,-25.743862219774634,2175588310
sw,-80.3300094604492,-59.7423057556152,76.5593617810932,-13.43005694851905,2175604977
sw,-78.9385986328125,-59.7223625183105,81.28937697602235,-2.2513590672749975,2175621644
sw,-77.7420196533203,-60.0447692871093,84.35808776388383,7.59157938991589,2175638311
sw,-76.5491256713867,-60.3393325805664,85.49553735406978,15.824541422583549,2175654978
sw,-75.2411041259765,-60.7875709533691,84.60791800810388,22.154900668770367,2175671645
sw,-73.8751449584961,-61.4408378601074,81.69241037776929,26.367792408516113,2175688312
sw,-72.4634552001953,-62.216926574707,76.8033537477659,28.42561308936337,2175704979
sw,-71.0657653808593,-63.0562057495117,70.06516891771005,28.535581243542904,2175721646
sw,-69.810432434082,-63.8993644714355,61.68904499744474,27.159899382427966,2175738313
sw,-68.8892517089843,-64.5733642578125,51.94550377024852,24.95636478492081,2175754980
sw,-68.3358078002929,-65.0361785888671,41.074933548681166,22.655726832099464,2175771647
sw,-68.1321411132812,-65.5373611450195,29.1663855031297,20.905547492829047,2175788314
sw,-68.1594848632812,-66.0684661865234,16.07328172056372,20.129931152526744,2175804981
sw,-68.2020187377929,-66.8519287109375,1.436670999739142,20.45528947325093,2175821648
sw,-68.1925888061523,-67.8684921264648,-15.156695389866421,21.727379797768002,2175838315
sw,-68.3172073364257,-68.8172454833984,-33.924967340852106,23.605821843391645,2175854982
sw,-68.9666900634765,-69.5145492553711,-54.653058415377735,25.69255932268275,2175871649
sw,-70.1347427368164,-70.2182693481445,-76.57790538062156,27.647178205404387,2175888316
sw,-71.83984375,-70.9993591308593,-98.45966258902693,29.26158035276838,2175904983
sw,-73.9662246704101,-71.9648284912109,-118.81964743679292,30.490226692506198,2175921650
sw,-76.3527145385742,-73.0258636474609,-136.25617265856928,31.443469003751545,2175938317
sw,-78.7596206665039,-73.9885025024414,-149.7241321381059,32.35037958277969,2175954984
sw,-81.022346496582,-74.8516159057617,-158.68952161333843,33.495931449242846,2175971651
sw,-83.0636749267578,-75.7681808471679,-163.1290798551376,35.143390524819225,2175988318
sw,-84.802505493164,-76.7450866699218,-163.40882846184795,37.46160482617023,2176004985
sw,-85.917984008789,-77.7511596679687,-160.11524806345884,40.478090266929705,2176021652
sw,-85.8589630126953,-78.7532501220703,-153.9142077129404,44.069474344971304,2176038319
sw,-84.514663696289,-79.7104797363281,-145.47977941444668,47.98827279870227,2176054986
sw,-82.6073379516601,-80.6388244628906,-135.48715019538747,51.917137667563495,2176071653
sw,-80.5182571411132,-81.6338806152343,-124.62536743398942,55.539070422222935,2176088320
sw,-78.5170364379882,-82.7109146118164,-113.57523796267404,58.60982963014694,2176104987
sw,-76.8297424316406,-83.8376693725586,-102.92088811293178,61.01465484909827,2176121654
sw,-75.4618301391601,-84.9957504272461,-93.01019969182806,62.78937841861343,2176138321
sw,-74.3076553344726,-86.154067993164,-83.82607922676098,64.09192719249474,2176154988
sw,-73.1663513183593,-87.276382446289,-74.9490660032855,65.12560260137604,2176171655
sw,-72.0289459228515,-88.4097137451171,-65.66507225393121,66.03528116971337,2176188322
sw,-70.9034805297851,-89.9343948364257,-55.208358659701126,66.81295409717494,2176204989
sw,-69.9887084960937,-90.0,-43.06138405101847,67.251491094178,2176221656
sw,-69.3782119750976,-88.4402847290039,-29.1973258282136,66.97130526819062,2176238323
sw,-69.1676635742187,-87.1458358764648,-14.167970237520949,65.51729407997037,2176254990
sw,-69.4555282592773,-85.9005966186523,0.9988910443775603,62.49402115615069,2176271657
sw,-69.8381042480468,-84.7214736938476,15.053194620309162,57.68914864642005,2176288324
sw,-70.6417770385742,-83.6890029907226,26.834694900189035,51.1373389270773,2176304991
sw,-71.2850341796875,-82.9089584350586,35.54045477189169,43.09872130935836,2176321658
sw,-72.2087326049804,-82.3894958496093,40.87530068210926,33.95914156213305,2176338325
sw,-73.2187271118164,-82.1151885986328,43.06251478335806,24.091075761196958,2176354992
sw,-74.1106796264648,-82.0210037231445,42.736666193074505,13.731065702078686,2176371659
sw,-74.8517684936523,-82.0256805419921,40.768077908526884,2.9232212051649897,2176388326
sw,-75.4792709350586,-82.1337356567382,38.07914811182427,-8.449863205536177,2176404993
sw,-76.2190399169921,-82.3412246704101,35.50597620021715,-20.56504002250307,2176421660
sw,-77.2749938964843,-82.8531494140625,33.729935576617144,-33.530619147824986,2176438327
sw,-78.3040695190429,-83.7262802124023,33.26042390891308,-47.28412720336171,2176454994
sw,-78.7944564819336,-84.8232803344726,34.42180845060461,-61.55020765216087,2176471661
sw,-79.1776046752929,-86.1485748291015,37.31350662978783,-75.86421985574944,2176488328
sw,-80.029914855957,-87.4225387573242,41.76060999443937,-89.64281450119154,2176504995
sw,-81.0867233276367,-87.4307479858398,47.30369003730423,-102.27182869549279,2176521662
sw,-82.1674728393554,-85.5188293457031,53.25947810084114,-113.1836840101447,2176538329
sw,-83.3643722534179,-82.9772262573242,58.842497632650826,-121.90692019680765,2176554996
sw,-84.5597229003906,-80.5264282226562,63.312441660063726,-128.08527500767354,2176571663
sw,-85.7493209838867,-78.3329849243164,66.11285286277689,-131.47735586477353,2176588330
sw,-86.9445648193359,-76.3760375976562,66.9768476354931,-131.95406172621927,2176604997
sw,-88.1317672729492,-74.4973526000976,65.98291676522587,-129.5061980835778,2176621664
sw,-89.5090179443359,-72.5717010498046,63.54858299833001,-124.26228149183916,2176638331
sw,-89.8252868652343,-70.6497421264648,60.35591567268873,-116.50404294649074,2176654998
sw,-88.2754669189453,-68.8095016479492,57.213452223991325,-106.66160619706702,2176671665
sw,-87.2259674072265,-67.1056518554687,54.875635689485634,-95.27458028645106,2176688332
sw,-86.3884963989257,-65.6208801269531,53.86136561830967,-82.91831767464951,2176704999
sw,-85.5817718505859,-64.4472198486328,54.32774173776099,-70.11265009430913,2176721666
sw,-84.6718521118164,-63.5488052368164,56.048819672967745,-57.246463212588765,2176738333
sw,-83.5624008178711,-62.7615776062011,58.51537715533347,-44.55440727700094,2176755000
sw,-82.3254776000976,-62.0331802368164,61.121887835565325,-32.16267224779607,2176771667
sw,-81.1179885864257,-61.6094131469726,63.36696236216783,-20.184208119231215,2176788334
sw,-80.0291213989257,-61.5985107421875,64.9870630976719,-8.813371402967643,2176805001
sw,-79.0149154663086,-61.8775787353515,65.97540764648997,1.6303058865051059,2176821668
sw,-78.0093460083007,-62.0959892272949,66.49102594112811,10.729923820007633,2176838335
sw,-76.9870910644531,-62.4479026794433,66.70858370626267,18.056870148317945,2176855002
sw,-75.9675064086914,-63.1558990478515,66.67754468662643,23.283163477754492,2176871669
sw,-74.924446105957,-63.9411163330078,66.24687916462217,26.28727018474115,2176888336
sw,-73.7753448486328,-64.702392578125,65.07897775260356,27.221958291404604,2176905003
sw,-72.5189971923828,-65.4715881347656,62.73734597706647,26.51781397987272,2176921670
sw,-71.2730941772461,-66.0987167358398,58.80083093677225,24.811027130140463,2176938337
sw,-70.2799453735351,-66.5551605224609,52.94665849842315,22.80820122381877,2176955004
sw,-69.6575927734375,-66.9592819213867,44.96466366289266,21.125507724449264,2176971671
sw,-69.3313064575195,-67.3665466308593,34.709750041848125,20.154411825036128,2176988338
sw,-69.2157135009765,-67.8932342529296,22.044119609204355,20.002641448272456,2177005005
sw,-69.1887130737304,-68.7476501464843,6.834837739205743,20.532986156630933,2177021672
sw,-69.1291809082031,-69.8277740478515,-10.958226374611218,21.480845828891013,2177038339
sw,-69.2547454833984,-70.6930465698242,-31.129256976031666,22.594167848362822,2177055006
sw,-69.8876190185546,-71.1472549438476,-53.08633051941042,23.731001255561672,2177071673
sw,-71.09765625,-71.7027511596679,-75.81224092163319,24.880032542170607,2177088340
sw,-72.8011779785156,-72.4493179321289,-97.9712469943818,26.118092195592432,2177105007
sw,-74.9197998046875,-73.4331893920898,-118.13570851590316,27.54908962442882,2177121674
sw,-77.2733306884765,-74.4847564697265,-135.04949023081173,29.262594173207862,2177138341
sw,-79.5709991455078,-75.4717407226562,-147.83198723582,31.322192886132033,2177155008
sw,-81.7125549316406,-76.4295883178711,-156.06086272732384,33.77090413309361,2177171675
sw,-83.6786727905273,-77.4270324707031,-159.73183633398364,36.63586383716617,2177188342
sw,-85.3017196655273,-78.4600143432617,-159.14708052266403,39.921879918613506,2177205009
sw,-86.1327972412109,-79.5045776367187,-154.80293143469004,43.59323158042064,2177221676
sw,-85.6582870483398,-80.5063858032226,-147.32676886817177,47.55064329910459,2177238343
sw,-84.113540649414,-81.4241180419921,-137.46823899526362,51.615941820556394,2177255010
sw,-82.1714630126953,-82.3179092407226,-126.10720191886483,55.539785014245254,2177271677
sw,-80.2327804565429,-83.3168106079101,-114.22188301947047,59.04378505150812,2177288344
sw,-78.54248046875,-84.4536972045898,-102.77654608968417,61.893842658940436,2177305011
sw,-77.1941833496093,-85.6611251831054,-92.53373072941677,63.98061338133268,2177321678
sw,-76.0374908447265,-86.8305969238281,-83.8499234297952,65.36842670346402,2177338345
sw,-74.8689880371093,-87.9191665649414,-76.54470664858127,66.27873217956896,2177355012
sw,-73.6588439941406,-88.8969573974609,-69.91975078067277,67.00042771169697,2177371679
sw,-72.5086441040039,-89.3453826904296,-62.948191724805156,67.7549723291745,2177388346
sw,-71.4847946166992,-88.5638732910156,-54.58494470453039,68.56985360190227,2177405013
sw,-70.6543426513671,-87.4277801513671,-44.09904077388372,69.21569843667727,2177421680
sw,-70.0015716552734,-86.1999130249023,-31.32016172968708,69.23867128011257,2177438347
sw,-69.7322616577148,-84.9304428100586,-16.722098833549488,68.08161702248273,2177455014
sw,-69.9655685424804,-83.6357955932617,-1.321414410217323,65.25124335631396,2177471681
sw,-70.3407897949218,-82.3942413330078,13.569694962109734,60.469010432755574,2177488348
sw,-70.9418869018554,-81.3399810791015,26.653511918282618,53.74791831390771,2177505015
sw,-71.6618194580078,-80.5560455322265,36.92724243192948,45.36527961100016,2177521682
sw,-72.6494369506836,-80.066177368164,43.86525676329542,35.743309684937955,2177538349
sw,-73.7473220825195,-79.7957763671875,47.47448022719882,25.288033491938656,2177555016
sw,-74.7377319335937,-79.643814086914,48.23041470537575,14.254472550820743,2177571683
sw,-75.4351348876953,-79.605224609375,46.927361240225004,2.693012962596797,2177588350
sw,-76.0129470825195,-79.7192001342773,44.494176976930255,-9.505583705058868,2177605017
sw,-76.8024444580078,-79.96630859375,41.831692871005714,-22.492270276313125,2177621684
sw,-77.9302673339843,-80.4373321533203,39.70943112198246,-36.32345075817675,2177638351
sw,-78.8782958984375,-81.2811813354492,38.720562016228605,-50.863620695174006,2177655018
sw,-79.5543594360351,-82.555923461914,39.261725776187426,-65.76126026409794,2177671685
sw,-80.1665878295898,-84.0533065795898,41.505835043432526,-80.49591503853085,2177688352
sw,-80.96728515625,-85.5105743408203,45.36653901772727,-94.46417771244946,2177705019
sw,-81.9626159667968,-86.5722351074218,50.47997070356688,-107.06457229204892,2177721686
sw,-83.1098098754882,-86.3849105834961,56.230796591205525,-117.75655113190584,2177738353
sw,-84.3527755737304,-84.7697296142578,61.83345686662147,-126.0917377516946,2177755020
sw,-85.6314849853515,-82.6573028564453,66.46303985472771,-131.73013660581375,2177771687
sw,-86.872314453125,-80.5519027709961,69.41755886178456,-134.45554253912442,2177788354
sw,-87.9015579223632,-78.5216827392578,70.28000316485044,-134.19724096354136,2177805021
sw,-88.4677505493164,-76.5141448974609,69.03640326678966,-131.054813486232,2177821688
sw,-88.2838821411132,-74.5538787841796,66.10539974360478,-125.31354095870371,2177838355
sw,-87.512580871582,-72.6722335815429,62.253244382635614,-117.43365490301623,2177855022
sw,-86.6704559326171,-70.8063583374023,58.4037621415626,-108.00056994869314,2177871689
sw,-85.9310989379882,-69.0225219726562,55.39425937023933,-97.63462887581612,2177888356
sw,-85.2122650146484,-67.4450988769531,53.75826421979689,-86.87462594495906,2177905023
sw,-84.3378372192382,-66.1529006958007,53.61557659360706,-76.06601078645068,2177921690
sw,-83.2047424316406,-65.0680313110351,54.71038162055454,-65.29637381171757,2177938357
sw,-81.9146881103515,-64.0646743774414,56.572576445195736,-54.417147138796196,2177955024
sw,-80.6924667358398,-63.1388702392578,58.720651864967984,-43.163481595530705,2177971691
sw,-79.6721801757812,-62.415786743164,60.81109076258177,-31.34063597418599,2177988358
sw,-78.7968673706054,-61.9711532592773,62.67772149819254,-19.00760499722189,2178005025
sw,-77.8649978637695,-61.7758293151855,64.26913987715116,-6.5807413378093695,2178021692
sw,-76.8123321533203,-61.9382934570312,65.54221384767305,5.191596120214609,2178038359
sw,-75.6626663208007,-62.3656578063964,66.37862322750144,15.382227552357024,2178055026
sw,-74.4974060058593,-62.9238014221191,66.56376913794257,23.11745238399461,2178071693
sw,-73.3564300537109,-63.6493988037109,65.8282259628916,27.814217765889804,2178088360
sw,-72.2335891723632,-64.3930130004882,63.924212324266875,29.350294333823687,2178105027
sw,-71.1870346069336,-65.0592498779296,60.70081319594811,28.119325919308384,2178121694
sw,-70.1683349609375,-65.6108932495117,56.14676639560023,24.95680263215303,2178138361
sw,-69.1870727539062,-66.0681610107421,50.380920634607826,20.957577412092164,2178155028
sw,-68.3637161254882,-66.454849243164,43.5846818134162,17.231355000433485,2178171695
sw,-67.826171875,-66.7022399902343,35.8891777724382,14.654886430795203,2178188362
sw,-67.5927276611328,-66.7740402221679,27.252888677216816,13.681859908365999,2178205029
sw,-67.5567779541015,-67.0892944335937,17.385397800761556,14.266581063360649,2178221696
sw,-67.5725326538086,-67.7438278198242,5.773677998857041,15.936324617978242,2178238363
sw,-67.5590362548828,-68.7233428955078,-8.163725443842951,17.999557054577497,2178255030
sw,-67.6130752563476,-69.833023071289,-24.826403808508157,19.816756847837425,2178271697
sw,-67.9888916015625,-70.5531768798828,-44.17341527816738,21.02520782283118,2178288364
sw,-68.9357528686523,-70.9267501831054,-65.56460405722882,21.62967029095882,2178305031
sw,-70.3885116577148,-71.3731918334961,-87.7783433284672,21.94046114858357,2178321698
sw,-72.2631683349609,-72.0838088989257,-109.21138558168887,22.414790918823797,2178338365
sw,-74.4962158203125,-72.9705352783203,-128.1935604031803,23.48813452111323,2178355032
sw,-76.8602828979492,-73.9347610473632,-143.31039837237103,25.458875775759946,2178371699
sw,-79.1649703979492,-74.8265075683593,-153.63534028718766,28.442255211064552,2178388366
sw,-81.4144439697265,-75.7472534179687,-158.82096093041375,32.37622719290042,2178405033
sw,-83.536865234375,-76.7490081787109,-159.05958806488454,37.054547555763804,2178421700
sw,-85.3912200927734,-77.8080596923828,-154.96724901057743,42.169972573669696,2178438367
sw,-86.5131072998046,-78.9237213134765,-147.45199366190636,47.35850609833948,2178455034
sw,-86.1210174560546,-79.9984588623046,-137.6016938996824,52.24026474697197,2178471701
sw,-84.6569137573242,-80.9755249023437,-126.58913183947763,56.457344333826775,2178488368
sw,-82.9147415161132,-81.9239196777343,-115.56845285261141,59.71478190840342,2178505035
sw,-81.2100524902343,-82.9639434814453,-105.54048038881358,61.83128644800568,2178521702
sw,-79.7084197998046,-84.1093826293945,-97.19149862320829,62.79606072828643,2178538369
sw,-78.3819198608398,-85.3022232055664,-90.74409151841073,62.810376252236246,2178555036
sw,-77.0303268432617,-86.4209518432617,-85.87852957491009,62.281097984205786,2178571703
sw,-75.643196105957,-87.4335632324218,-81.77438558356381,61.74148252753062,2178588370
sw,-74.294563293457,-88.3582534790039,-77.28520951970846,61.70364592166835,2178605037
sw,-73.0780410766601,-89.1500473022461,-71.21166024828504,62.483068306024826,2178621704
sw,-72.0168838500976,-89.1377029418945,-62.603679127891304,64.0575402014532,2178638371
sw,-71.1815109252929,-88.1857681274414,-51.0135491261341,66.01745854300343,2178655038
sw,-70.5521087646484,-86.9961929321289,-36.63722509155782,67.6333499814424,2178671705
sw,-70.187873840332,-85.720947265625,-20.310645828696344,68.02463355405177,2178688372
sw,-70.1423568725586,-84.455078125,-3.3607348599502402,66.37855031033828,2178705039
sw,-70.4940414428711,-83.2392272949218,12.657777345248153,62.15211091794363,2178721706
sw,-71.1682510375976,-82.1535263061523,26.281158050335026,55.196657751667956,2178738373
sw,-71.8852996826171,-81.3380966186523,36.43473797157299,45.77051910587366,2178755040
sw,-72.8292007446289,-80.8059158325195,42.635315231094474,34.44147068070295,2178771707
sw,-73.852554321289,-80.5361251831054,45.048454439183814,21.915675870555262,2178788374
sw,-74.7219924926757,-80.495979309082,44.39341474548695,8.851474232815956,2178805041
sw,-75.4316635131836,-80.6501541137695,41.73298105658127,-4.283026488243457,2178821708
sw,-76.0276565551757,-81.0046615600586,38.21873940386079,-17.26946949873379,2178838375
sw,-76.6487197875976,-81.449836730957,34.87202650427826,-30.108325838324696,2178855042
sw,-77.5461196899414,-82.0333175659179,32.45860322300802,-42.92105107111684,2178871709
sw,-78.4109878540039,-82.9068527221679,31.466946975644387,-55.82835413613654,2178888376
sw,-79.1017913818359,-84.135757446289,32.15099900245572,-68.84833867334997,2178905043
sw,-79.6012344360351,-85.4213638305664,34.578784143256925,-81.84115305176282,2178921710
sw,-80.2459945678711,-86.5124969482421,38.64831778838544,-94.50300311115255,2178938377
sw,-81.1580734252929,-86.6788177490234,44.07043430025735,-106.39588772035148,2178955044
sw,-82.2146224975586,-85.2497329711914,50.3454925596344,-116.99529908797768,2178971711
sw,-83.2369689941406,-82.9590072631836,56.768336478338696,-125.74204570623661,2178988378
sw,-84.3301925659179,-80.6146469116211,62.491039113480475,-132.09184299570674,2179005045
sw,-85.6216735839843,-78.4703826904296,66.65819283193441,-135.56551909664552,2179021712
sw,-86.9658508300781,-76.4732437133789,68.60023309267065,-135.80865961468183,2179038379
sw,-88.2396392822265,-74.5761947631836,68.03327408179823,-132.66476558010456,2179055046
sw,-89.5467300415039,-72.6856002807617,65.19137951606768,-126.24972252645762,2179071713
sw,-89.3078994750976,-70.8272628784179,60.826942834479055,-116.99755706610887,2179088380
sw,-88.0507736206054,-68.9999771118164,56.054661020869915,-105.64155567036666,2179105047
sw,-87.0917587280273,-67.2802810668945,52.06846988056618,-93.108226386527,2179121714
sw,-86.3896789550781,-65.8959274291992,49.81159223210259,-80.33250175952388,2179138381
sw,-85.7896423339843,-64.8798751831054,49.71033195607926,-68.04149381921076,2179155048
sw,-85.0538711547851,-64.0755920410156,51.573874288619685,-56.58427386970834,2179171715
sw,-83.9494857788086,-63.3007202148437,54.706263333551405,-45.885397274466825,2179188382
sw,-82.5658950805664,-62.5129318237304,58.18945358798205,-35.557996242215694,2179205049
sw,-81.2396240234375,-61.8948402404785,61.21957126189525,-25.141710623400215,2179221716
sw,-80.1378555297851,-61.6330375671386,63.35611667555432,-14.369503889742209,2179238383
sw,-79.229377746582,-61.6418304443359,64.59076587304652,-3.3525370437458393,2179255050
sw,-78.3313903808593,-61.9242515563964,65.23125673103662,7.3882074850894135,2179271717
sw,-77.3440704345703,-62.4099235534668,65.6754194751622,17.046383878523304,2179288384
sw,-76.3036193847656,-63.037311553955,66.18239874665876,24.754139481950194,2179305051
sw,-75.2545623779296,-63.8621673583984,66.7289333586584,29.823198211463843,2179321718
sw,-74.1572189331054,-64.7004699707031,66.99083247693999,31.931179669172458,2179338385
sw,-72.9321594238281,-65.5453796386718,66.43883235912352,31.21140772960296,2179355052
sw,-71.6151351928711,-66.3564453125,64.49854838108203,28.235816287550115,2179371719
sw,-70.3406372070312,-67.0157623291015,60.703947947414285,23.902260550691423,2179388386
sw,-69.3436965942382,-67.4805755615234,54.779936304188034,19.250817974959702,2179405053
sw,-68.7454071044921,-67.7797622680664,46.62545044473379,15.246456914995461,2179421720
sw,-68.4460372924804,-67.9547805786132,36.22264990370886,12.580419586273164,2179438387
sw,-68.2828826904296,-68.3146896362304,23.542680423887422,11.549329484941406,2179455054
sw,-68.1722412109375,-68.8500595092773,8.524669140826905,12.053799775819524,2179471721
sw,-68.0735931396484,-69.675422668457,-8.836806740426946,13.714704310386285,2179488388
sw,-68.2073745727539,-70.6472473144531,-28.327942257606882,16.054527223402687,2179505055
sw,-68.7884216308593,-71.1817932128906,-49.36140293510266,18.66377049739257,2179521722
sw,-69.8465270996093,-71.5416870117187,-70.9248930363359,21.288755097596617,2179538389
sw,-71.3765411376953,-72.1285171508789,-91.6831381606941,23.829146426862575,2179555056
sw,-73.3029479980468,-72.9917221069336,-110.21459376753657,26.284025622383364,2179571723
sw,-75.4923706054687,-73.9728240966796,-125.3039715514908,28.6980508012245,2179588390
sw,-77.6763229370117,-74.9143524169921,-136.1875105715584,31.13392412529654,2179605057
sw,-79.6625823974609,-75.7763519287109,-142.66862418215896,33.66553855978594,2179621724
sw,-81.4653778076171,-76.6646118164062,-145.07639982142703,36.373840410762035,2179638391
sw,-83.0618896484375,-77.6159057617187,-144.10205021233122,39.33395018938654,2179655058
sw,-84.3450469970703,-78.6178436279296,-140.5887030358815,42.59261816708397,2179671725
sw,-85.076545715332,-79.6361618041992,-135.3513347274995,46.140711012670465,2179688392
sw,-85.0369491577148,-80.6084899902343,-129.07232979540007,49.88790195562422,2179705059
sw,-84.1780624389648,-81.5210418701171,-122.27537239315487,53.65021148899565,2179721726
sw,-82.8211898803711,-82.4655838012695,-115.34735578580144,57.163855066082945,2179738393
sw,-81.2719955444336,-83.5370712280273,-108.56633088904724,60.13432026858465,2179755060
sw,-79.7339477539062,-84.7048721313476,-102.10406565840192,62.3143093095682,2179771727
sw,-78.3178939819336,-85.9008865356445,-95.99689274662069,63.58470279214898,2179788394
sw,-77.000244140625,-87.0525741577148,-90.10517309268917,64.00258702928296,2179805061
sw,-75.7220840454101,-88.1543197631836,-84.09639908450154,63.78928917997167,2179821728
sw,-74.48828125,-89.2545394897461,-77.48194374935493,63.256573283514484,2179838395
sw,-73.359260559082,-90.0,-69.71553776476946,62.697254823262035,2179855062
sw,-72.4296035766601,-88.8360137939453,-60.33508682271963,62.28257459866585,2179871729
sw,-71.7022399902343,-87.6948013305664,-49.11178755540175,62.00507209434415,2179888396
sw,-71.0809478759765,-86.5666961669921,-36.16636349813632,61.68523541363516,2179905063
sw,-70.6475143432617,-85.4510650634765,-22.01719536418377,61.033577344603586,2179921730
sw,-70.4768447875976,-84.3462600708007,-7.535144260534434,59.73924136173659,2179938397
sw,-70.8046722412109,-83.2734909057617,6.201670769679693,57.54928091928968,2179955064
sw,-71.409065246582,-82.2614822387695,18.12901666250499,54.30992959509302,2179971731
sw,-72.1215744018554,-81.3582382202148,27.434999936602882,49.95819775211099,2179988398
sw,-72.9346084594726,-80.623550415039,33.74047095054959,44.4727117475797,2180005065
sw,-73.7996444702148,-80.0625686645507,37.16216826899319,37.80995853442799,2180021732
sw,-74.6740798950195,-79.6266326904296,38.24177442494941,29.85950602721807,2180038399
sw,-75.3818359375,-79.3053665161132,37.77117751565377,20.445339881808092,2180055066
sw,-75.8429641723632,-79.1386795043945,36.577601868491186,9.38145137253435,2180071733
sw,-76.3249969482421,-79.1302337646484,35.34272062149222,-3.434391119972705,2180088400
sw,-77.0879211425781,-79.3009033203125,34.51313773484345,-17.923670779388143,2180105067
sw,-77.9295501708984,-79.7788619995117,34.31765644373967,-33.766963619297314,2180121734
sw,-78.7797393798828,-80.6723098754882,34.85611020193754,-50.40837259593332,2180138401
sw,-79.4484481811523,-82.0335617065429,36.193596852557704,-67.12641327648636,2180155068
sw,-80.1334762573242,-83.5506820678711,38.401431164437156,-83.14514977975686,2180171735
sw,-80.9072875976562,-85.0193328857421,41.524164504177115,-97.74487497814702,2180188402
sw,-81.7846984863281,-86.2199020385742,45.495637727218146,-110.3390771373019,2180205069
sw,-82.6943817138671,-86.135383605957,50.05571231186824,-120.50633595357318,2180221736
sw,-83.7159957885742,-84.6788864135742,54.7243385992908,-127.986140218125,2180238403
sw,-84.9339599609375,-82.7891998291015,58.868674011303504,-132.6573331007876,2180255070
sw,-86.1954345703125,-80.8862609863281,61.856916327411845,-134.51795802714523,2180271737
sw,-87.3580322265625,-78.9821319580078,63.247623434029286,-133.6783089220208,2180288404
sw,-88.4950714111328,-77.0138244628906,62.940979271210644,-130.3664205673099,2180305071
sw,-89.7833023071289,-74.9756698608398,61.231666636059664,-124.93175717516775,2180321738
sw,-89.175048828125,-72.978759765625,58.74178446584718,-117.82634213520686,2180338405
sw,-88.0210800170898,-71.0121002197265,56.25528078009998,-109.54829394444924,2180355072
sw,-87.0442886352539,-69.2079544067382,54.50707899076672,-100.54969207496784,2180371739
sw,-86.1401977539062,-67.6431274414062,53.994221923064366,-91.1326172828919,2180388406
sw,-85.1919708251953,-66.2827453613281,54.86973417623379,-81.37468909081028,2180405073
sw,-84.1553802490234,-65.0536422729492,56.95106069406548,-71.12757694195246,2180421740
sw,-82.974624633789,-63.8771667480468,59.83077288157849,-60.110967664530115,2180438407
sw,-81.7455749511718,-62.837718963623,63.03605172354157,-48.08381414169018,2180455074
sw,-80.5830993652343,-62.1343269348144,66.16647952617619,-35.03309743107445,2180471741
sw,-79.5045776367187,-61.8214492797851,68.95672357634406,-21.302988760799746,2180488408
sw,-78.4165267944336,-61.8623352050781,71.25230058147733,-7.607770192896647,2180505075
sw,-77.2736740112304,-62.1381607055664,72.92953868995743,5.080275846078813,2180521742
sw,-76.1039810180664,-62.4861297607421,73.81351035944756,15.72967341180845,2180538409
sw,-74.940933227539,-63.0281677246093,73.64286506738307,23.474572702686512,2180555076
sw,-73.7788848876953,-63.838077545166,72.10521635721932,27.809858850881664,2180571743
sw,-72.5107727050781,-64.6997680664062,68.93301008169284,28.717795838567596,2180588410
sw,-71.1446533203125,-65.5842895507812,64.01804552072902,26.702278549359942,2180605077
sw,-69.9005661010742,-66.4556427001953,57.483736314922886,22.71819285101269,2180621744
sw,-69.0186996459961,-67.0019302368164,49.66069418417903,17.998349476529757,2180638411
sw,-68.5135803222656,-67.1430587768554,40.95032194786171,13.80446145239454,2180655078
sw,-68.2886276245117,-67.3406143188476,31.620718148068622,11.158512581773802,2180671745
sw,-68.2132263183593,-67.6559448242187,21.627634024781912,10.631049944789698,2180688412
sw,-68.1245498657226,-68.0254440307617,10.558542800354315,12.25444057550067,2180705079
sw,-68.031265258789,-68.7025375366211,-2.248904804232494,15.588262810561435,2180721746
sw,-67.9937362670898,-69.8326568603515,-17.440640174179034,19.907520995849485,2180738413
sw,-68.2565841674804,-70.6244812011718,-35.32908707945487,24.437921604891127,2180755080
sw,-68.9986724853515,-71.1574478149414,-55.65003913564054,28.550213476208604,2180771747
sw,-70.2264862060546,-71.8074798583984,-77.49072846691864,31.85822964563702,2180788414
sw,-71.9556655883789,-72.7132263183593,-99.41801819308328,34.22279327237229,2180805081
sw,-74.0635604858398,-73.7903900146484,-119.75958816098192,35.70379176781766,2180821748
sw,-76.3824920654296,-74.8685836791992,-136.9399122057147,36.50168726105162,2180838415
sw,-78.7098922729492,-75.8243560791015,-149.76480554019608,36.90413976830068,2180855082
sw,-80.9357452392578,-76.7158203125,-157.5818570057334,37.23465641637733,2180871749
sw,-83.0241394042968,-77.6421737670898,-160.30061206634463,37.80011064618952,2180888416
sw,-84.9075698852539,-78.6207199096679,-158.3084585011623,38.84190384348027,2180905083
sw,-86.2432327270507,-79.594367980957,-152.34255706032542,40.498390104421496,2180921750
sw,-86.3091735839843,-80.4862594604492,-143.3681628747598,42.78303900424227,2180938417
sw,-85.0622329711914,-81.268310546875,-132.4815746368026,45.580899400449184,2180955084
sw,-83.3464813232421,-82.0484619140625,-120.82381685778779,48.66806614158452,2180971751
sw,-81.5600814819336,-82.9170913696289,-109.47765676847477,51.75913267352543,2180988418
sw,-79.8888549804687,-83.8768310546875,-99.33197749149933,54.57935033805914,2181005085
sw,-78.4164581298828,-84.9192428588867,-90.92658416725223,56.94330732803945,2181021752
sw,-77.0920486450195,-85.9850769042968,-84.32116506406749,58.810663471919206,2181038419
sw,-75.828125,-87.0339050292968,-79.04679651744483,60.291798637083836,2181055086
sw,-74.610855102539,-88.0482635498046,-74.18567326727705,61.59387737986536,2181071753
sw,-73.4656143188476,-89.0483779907226,-68.58615256886836,62.92295409424365,2181088420
sw,-72.4356002807617,-89.6761474609375,-61.170891567449,64.37753177840145,2181105087
sw,-71.5251770019531,-88.6400146484375,-51.25648898957649,65.87313599794345,2181121754
sw,-70.7392807006836,-87.4675827026367,-38.78885901485069,67.12452551837212,2181138421
sw,-70.2130355834961,-86.3148040771484,-24.414879914430703,67.69018192633801,2181155088
sw,-70.1463546752929,-85.1534194946289,-9.354949154249084,67.06379167408475,2181171755
sw,-70.4542388916015,-83.9536666870117,4.896924143737359,64.78565187737719,2181188422
sw,-71.0245285034179,-82.7697219848632,16.958189550711047,60.54290566771928,2181205089
sw,-71.6116409301757,-81.7220306396484,25.907106347228815,54.229929125032726,2181221756
sw,-72.2300949096679,-80.91650390625,31.48742746641263,45.9506560205522,2181238423
sw,-72.9363403320312,-80.3610229492187,34.11300663539577,35.96386820539022,2181255090
sw,-73.6691131591796,-80.0478057861328,34.686549612219345,24.59459608434149,2181271757
sw,-74.1615600585937,-79.9223327636718,34.3037433978151,12.148483273887317,2181288424
sw,-74.4304275512695,-79.960464477539,33.9434217902846,-1.1372988983316008,2181305091
sw,-74.8615264892578,-80.1475524902343,34.243494516674474,-15.09225569046136,2181321758
sw,-75.6109085083007,-80.5324020385742,35.430070404007026,-29.57041556477864,2181338425
sw,-76.7183303833007,-81.2536239624023,37.406664385517644,-44.39532173744665,2181355092
sw,-77.9785079956054,-82.3661499023437,39.94171711071345,-59.320341400710035,2181371759
sw,-78.7749862670898,-83.6702728271484,42.85164199563197,-74.01881198855683,2181388426
sw,-79.3435134887695,-85.1446533203125,46.08986379067666,-88.10137086066707,2181405093
sw,-80.2101364135742,-86.5469131469726,49.711526489107484,-101.14784521373086,2181421760
sw,-81.2395324707031,-86.9626846313476,53.74952016476145,-112.74078633159658,2181438427
sw,-82.3458099365234,-85.6112670898437,58.07464119996212,-122.49263639568996,2181455094
sw,-83.4955215454101,-83.4408874511718,62.31441135145544,-130.06418475705487,2181471761
sw,-84.7366790771484,-81.2170791625976,65.88161858270365,-135.17665486944085,2181488428
sw,-86.0304489135742,-79.0959701538086,68.12198969907142,-137.62232776617606,2181505095
sw,-87.218147277832,-77.083511352539,68.53918823567926,-137.27796052523445,2181521762
sw,-88.3112487792968,-75.0703582763671,67.01510644427728,-134.1217547517788,2181538429
sw,-88.8856582641601,-73.0792007446289,63.93518519679021,-128.25001586514742,2181555096
sw,-88.2801284790039,-71.1182861328125,60.15670107566675,-119.88571628126863,2181571763
sw,-87.4092788696289,-69.1791763305664,56.81136766370197,-109.36943630052966,2181588430
sw,-86.6130294799804,-67.3735046386718,54.99508569982091,-97.12541217706854,2181605097
sw,-85.8270263671875,-65.9180908203125,55.446717557781916,-83.60392744084494,2181621764
sw,-84.9606781005859,-64.8517761230468,58.33158607021944,-69.21638626886455,2181638431
sw,-83.876350402832,-64.0212326049804,63.21050874949312,-54.29417426813439,2181655098
sw,-82.4736862182617,-63.2674827575683,69.20150998468493,-39.102039992663556,2181671765
sw,-80.8783111572265,-62.6689949035644,75.26201426242686,-23.911389224988515,2181688432
sw,-79.3361663818359,-62.4801177978515,80.47334554964897,-9.099763192746538,2181705099
sw,-77.9725112915039,-62.6447067260742,84.21975829526025,4.781559893397101,2181721766
sw,-76.7241439819336,-63.1486930847168,86.21421321211096,17.019244355070022,2181738433
sw,-75.4736022949218,-63.6599197387695,86.39870159058076,26.8388049105827,2181755100
sw,-74.1598968505859,-64.5137176513671,84.79718982007503,33.5670980950801,2181771767
sw,-72.8015213012695,-65.5684967041015,81.40182510012151,36.809119652305775,2181788434
sw,-71.3980712890625,-66.6497497558593,76.13525050891114,36.58899480395291,2181805101
sw,-70.00732421875,-67.6972122192382,68.88097944743811,33.41178952936465,2181821768
sw,-68.829849243164,-68.4839477539062,59.538425347124495,28.217947586089004,2181838435
sw,-68.0475845336914,-68.8519744873046,48.05621581119678,22.22758402096555,2181855102
sw,-67.683479309082,-68.9508895874023,34.426124901651534,16.705348490527243,2181871769
sw,-67.6730194091796,-69.1861801147461,18.6613290103815,12.70838168939026,2181888436
sw,-67.758918762207,-69.4442291259765,0.8070900352574328,10.89271273395184,2181905103
sw,-67.8018569946289,-70.0054397583007,-18.98267307138616,11.433412441650127,2181921770
sw,-68.1263809204101,-70.7288360595703,-40.31874283503694,14.067597473220012,2181938437
sw,-68.9450988769531,-71.3552474975586,-62.46661183459479,18.224127025632104,2181955104
sw,-70.2041091918945,-71.9397354125976,-84.3333835153906,23.185578584786096,2181971771
sw,-72.0150604248046,-72.6996841430664,-104.59413523073597,28.240589990709633,2181988438
sw,-74.2435836791992,-73.7433700561523,-121.93301180680302,32.80780450360638,2182005105
sw,-76.6066055297851,-74.8870086669921,-135.31602849896467,36.523024799551315,2182021772
sw,-78.8650817871093,-75.9868927001953,-144.19405953799088,39.276633646207905,2182038439
sw,-80.8312606811523,-76.9489517211914,-148.56481184539896,41.18787124753029,2182055106
sw,-82.5775680541992,-77.8754653930664,-148.88601609144223,42.52018271990171,2182071773
sw,-84.1255416870117,-78.8329772949218,-145.89522133678267,43.568136438197314,2182088440
sw,-85.3325958251953,-79.8584442138671,-140.4214249405105,44.55922964268916,2182105107
sw,-85.7635879516601,-80.8888092041015,-133.25745303526801,45.60222407285117,2182121774
sw,-85.0808792114257,-81.8154678344726,-125.11387553596737,46.687580378857795,2182138441
sw,-83.7400741577148,-82.6442260742187,-116.62597808826216,47.724729592070766,2182155108
sw,-82.2562103271484,-83.4534225463867,-108.3622124869576,48.59582459274384,2182171775
sw,-80.7834167480468,-84.3101806640625,-100.79451420373219,49.21099582590255,2182188442
sw,-79.4107437133789,-85.2194747924804,-94.22599019552796,49.554722807751844,2182205109
sw,-78.1201019287109,-86.1607971191406,-88.70668280527984,49.71230273172192,2182221776
sw,-76.8033905029296,-87.0834884643554,-83.9836500362179,49.86455937049606,2182238443
sw,-75.4538269042968,-87.9901657104492,-79.5208898779292,50.24488672874947,2182255110
sw,-74.1841964721679,-88.9253463745117,-74.59591955311726,51.066441480939254,2182271777
sw,-73.1231460571289,-90.0,-68.45060142165663,52.44220320718367,2182288444
sw,-72.2437591552734,-90.0,-60.459349147792295,54.32736985792483,2182305111
sw,-71.474006652832,-88.5416946411132,-50.280056495831914,56.5067440551109,2182321778
sw,-70.8124923706054,-87.4243621826171,-37.96118102166205,58.63187676940661,2182338445
sw,-70.3065719604492,-86.3156051635742,-23.982543621981385,60.29284125255681,2182355112
sw,-70.1170120239257,-85.2252883911132,-9.210226889292532,61.097513382071234,2182371779
sw,-70.3390274047851,-84.1400070190429,5.241378723487789,60.73174851731209,2182388446
sw,-70.7990264892578,-83.083381652832,18.220221472031923,58.98438230677402,2182405113
sw,-71.4340896606445,-82.0906829833984,28.769356419304216,55.73526154680124,2182421780
sw,-72.2148971557617,-81.208740234375,36.31666774295124,50.91704961133809,2182438447
sw,-73.1135482788086,-80.4628601074218,40.7678712696646,44.46952642602397,2182455114
sw,-73.967414855957,-79.8931808471679,42.481099541755796,36.307443091576175,2182471781
sw,-74.8001022338867,-79.5133972167968,42.139765483612535,26.319295277691836,2182488448
sw,-75.4881973266601,-79.3163452148437,40.57137055403002,14.404846391971011,2182505115
sw,-76.0951232910156,-79.2675323486328,38.572872616195085,0.5450866857807608,2182521782
sw,-76.7781524658203,-79.3803482055664,36.79336295872535,-15.117181598045182,2182538449
sw,-77.6426391601562,-79.8273239135742,35.69579958017693,-32.21826115819357,2182555116
sw,-78.5397415161132,-80.7909927368164,35.58286557743344,-50.16510810317687,2182571783
sw,-79.3223114013671,-82.1048431396484,36.644136099257246,-68.18752090109744,2182588450
sw,-79.9030075073242,-83.5546340942382,38.97820073138098,-85.43493149732451,2182605117
sw,-80.6604766845703,-84.9862442016601,42.56761925464877,-101.08547830546244,2182621784
sw,-81.5470123291015,-85.9840011596679,47.22173178536566,-114.43760469954606,2182638451
sw,-82.5463333129882,-85.6369552612304,52.529820870318865,-124.96931264129077,2182655118
sw,-83.5980758666992,-84.1492767333984,57.87126972520121,-132.36492965517564,2182671785
sw,-84.8531875610351,-82.3790054321289,62.50934230364329,-136.51786509945975,2182688452
sw,-86.2333984375,-80.5502395629882,65.75788206560975,-137.52012222824052,2182705119
sw,-87.5463256835937,-78.5975952148437,67.1702172355792,-135.64485715091232,2182721786
sw,-88.8289718627929,-76.5417861938476,66.6786168057193,-131.31859331914586,2182738453
sw,-90.0,-74.4775848388671,64.6258506011567,-125.0725576092803,2182755120
sw,-88.8697891235351,-72.5155181884765,61.67162636735278,-117.46676187045647,2182771787
sw,-87.6484069824218,-70.6644973754882,58.603804645451966,-108.99597727119652,2182788454
sw,-86.6836547851562,-68.9635314941406,56.117737994322866,-100.00326942465173,2182805121
sw,-85.8382568359375,-67.4432754516601,54.63809814129568,-90.63220838080636,2182821788
sw,-84.9393692016601,-66.0599060058593,54.24321305108739,-80.83921284932619,2182838455
sw,-83.8914413452148,-64.7398071289062,54.71352394166826,-70.46762806824199,2182855122
sw,-82.7538070678711,-63.5600662231445,55.67548821815551,-59.362851773129776,2182871789
sw,-81.6893615722656,-62.682273864746,56.773637778452375,-47.49080849452282,2182888456
sw,-80.7300262451171,-62.1490249633789,57.797426204250634,-35.018721982657155,2182905123
sw,-79.8241653442382,-61.9057350158691,58.71805957677363,-22.332147712487146,2182921790
sw,-78.9039993286132,-61.860107421875,59.63529604657928,-9.988547661849726,2182938457
sw,-77.9195327758789,-61.8401908874511,60.67038427692776,1.3713888488914,2182955124
sw,-76.9064102172851,-62.0672264099121,61.85430453478701,11.129332292145925,2182971791
sw,-75.8968429565429,-62.5901527404785,63.0517792120796,18.79401790557087,2182988458
sw,-74.8593826293945,-63.3081016540527,63.941904793479615,24.092458221106014,2183005125
sw,-73.7389755249023,-64.0285415649414,64.05532366729977,27.032465464978014,2183021792
sw,-72.5403366088867,-64.7487564086914,62.84994115829239,27.918883202753662,2183038459
sw,-71.3922729492187,-65.4736862182617,59.79528113681891,27.31149527326123,2183055126
sw,-70.4731140136718,-66.1587677001953,54.435212503138075,25.924411289816344,2183071793
sw,-69.8099746704101,-66.6439056396484,46.414179036501764,24.481271473548865,2183088460
sw,-69.34521484375,-67.0314331054687,35.477765167986156,23.558526585843225,2183105127
sw,-69.091438293457,-67.5696563720703,21.478444444929654,23.46550654053753,2183121794
sw,-69.0193252563476,-68.3289337158203,4.416293963257468,24.208554126997704,2183138461
sw,-69.1208724975586,-69.3404693603515,-15.479770480269165,25.55544670260008,2183155128
sw,-69.5382995605468,-70.4978103637695,-37.65868724304148,27.168556764688955,2183171795
sw,-70.3900070190429,-71.2372436523437,-61.193697625051435,28.742618878699336,2183188462
sw,-71.7157440185546,-71.6996688842773,-84.81754578747287,30.089641017333083,2183205129
sw,-73.5018005371093,-72.3647689819336,-107.06473272104046,31.154091418335895,2183221796
sw,-75.6722106933593,-73.2712249755859,-126.49439144880081,31.9836954681615,2183238463
sw,-78.0533981323242,-74.2779693603515,-141.93027163646317,32.69360371420837,2183255130
sw,-80.3467941284179,-75.2361297607421,-152.64333461228335,33.44305291476486,2183271797
sw,-82.3853225708007,-76.1207046508789,-158.42428420505925,34.41944654428273,2183288464
sw,-84.0792083740234,-77.0080490112304,-159.5388019621582,35.816618116752025,2183305131
sw,-85.3065643310546,-77.9553451538086,-156.60425599514963,37.80127020128645,2183321798
sw,-85.6178665161132,-78.9391708374023,-150.44799530766068,40.47148590178908,2183338465
sw,-84.7660598754882,-79.8822479248046,-141.99356886188428,43.81644784661511,2183355132
sw,-83.179443359375,-80.6996154785156,-132.1848890938965,47.689118484829194,2183371799
sw,-81.4096603393554,-81.5057220458984,-121.92582343314523,51.80633732743772,2183388466
sw,-79.6938552856445,-82.424072265625,-112.00483974486826,55.78944935614316,2183405133
sw,-78.1436996459961,-83.4874801635742,-102.99372391196272,59.246319600399936,2183421800
sw,-76.7671203613281,-84.6508255004882,-95.14154755762559,61.873614144682605,2183438467
sw,-75.463508605957,-85.8059158325195,-88.3089339704191,63.53954960016702,2183455134
sw,-74.1772384643554,-86.8690643310546,-81.987333416511,64.30770057522133,2183471801
sw,-72.9071502685546,-87.8377075195312,-75.42106182661773,64.38679938402628,2183488468
sw,-71.6906585693359,-88.7658462524414,-67.80883998756656,64.02775586125115,2183505135
sw,-70.5810317993164,-89.4651412963867,-58.526770762706725,63.415502213720316,2183521802
sw,-69.7888641357421,-88.8243026733398,-47.30293734593347,62.603279633422076,2183538469
sw,-69.3692855834961,-87.7249679565429,-34.290964729062985,61.511307173430886,2183555136
sw,-69.1939010620117,-86.6149978637695,-20.028470728462068,59.97705535883411,2183571803
sw,-69.2105712890625,-85.5599670410156,-5.307547777129599,57.82083332129102,2183588470
sw,-69.3519287109375,-84.5806579589843,8.992006443465325,54.88896609558928,2183605137
sw,-69.8507461547851,-83.7135009765625,22.057649799301778,51.0547499777938,2183621804
sw,-70.5039901733398,-82.9888305664062,33.25621131528696,46.18323133572928,2183638471
sw,-71.3421936035156,-82.3941192626953,42.192389574945096,40.087140694664214,2183655138
sw,-72.4844970703125,-81.8730545043945,48.71731173497539,32.508950586278786,2183671805
sw,-73.623306274414,-81.4636764526367,52.898564487031976,23.154397007860116,2183688472
sw,-74.6704940795898,-81.2283096313476,54.967495822095415,11.779491335705929,2183705139
sw,-75.7793197631836,-81.2028350830078,55.26422317603764,-1.6935304414960246,2183721806
sw,-76.8133010864257,-81.3929595947265,54.20228942642291,-17.073554041172702,2183738473
sw,-78.0728607177734,-81.8101501464843,52.263402891850006,-33.854773714630035,2183755140
sw,-79.4641036987304,-82.670539855957,50.00653922552623,-51.25521991629153,2183771807
sw,-80.3937530517578,-84.0563430786132,48.052499363126174,-68.33743864088788,2183788474
sw,-80.9077453613281,-85.5809326171875,47.00998626490112,-84.1752926868432,2183805141
sw,-81.6568527221679,-86.8288650512695,47.34727397366237,-98.00968514924797,2183821808
sw,-82.5864105224609,-87.0810775756836,49.25669730778824,-109.3426390808678,2183838475
sw,-83.5729446411132,-85.6753234863281,52.57307779005802,-117.95095520557045,2183855142
sw,-84.6518173217773,-83.4169158935546,56.78658142360656,-123.83610430889243,2183871809
sw,-85.8405609130859,-81.0940246582031,61.15534982460756,-127.1454503766132,2183888476
sw,-87.191047668457,-78.9774169921875,64.88929312138806,-128.0976644810556,2183905143
sw,-88.5756378173828,-77.0041351318359,67.34974053659136,-126.93118750134221,2183921810
sw,-90.0,-75.1058502197265,68.20029232979756,-123.87856464254948,2183938477
sw,-89.4052124023437,-73.2367324829101,67.46233251640156,-119.15807790574338,2183955144
sw,-88.0060043334961,-71.477554321289,65.46751621147014,-112.97142703577155,2183971811
sw,-86.6966018676757,-69.8210678100586,62.736685920695635,-105.50157344099865,2183988478
sw,-85.5690689086914,-68.2231521606445,59.832511727643016,-96.91167791618132,2184005145
sw,-84.620979309082,-66.7360153198242,57.23151817993458,-87.34735074281922,2184021812
sw,-83.7103881835937,-65.4217834472656,55.24846906440911,-76.94076266845873,2184038479
sw,-82.7208251953125,-64.3486633300781,54.02660036290989,-65.8144151331189,2184055146
sw,-81.6631393432617,-63.4724159240722,53.58255598930445,-54.08900127101226,2184071813
sw,-80.6393051147461,-62.7745475769043,53.87275754457382,-41.906555435211445,2184088480
sw,-79.7326431274414,-62.272216796875,54.841154001714294,-29.474929455325952,2184105147
sw,-78.8764190673828,-61.9972648620605,56.42328211730633,-17.121032494674743,2184121814
sw,-77.9385833740234,-61.987491607666,58.50982144773009,-5.322013358805271,2184138481
sw,-76.9403991699218,-62.2036552429199,60.89629711664193,5.317469476739428,2184155148
sw,-75.9037857055664,-62.5906715393066,63.25148581013382,14.153445932390314,2184171815
sw,-74.8622360229492,-63.162010192871,65.12649855848514,20.63824040710573,2184188482
sw,-73.7583084106445,-63.8053550720214,66.00876017656998,24.46373882881696,2184205149
sw,-72.5894088745117,-64.460334777832,65.40746272708668,25.66841978506023,2184221816
sw,-71.3868637084961,-65.2094573974609,62.942674447842236,24.675291349801284,2184238483
sw,-70.2436370849609,-66.0524063110351,58.40307986497373,22.244635554335208,2184255150
sw,-69.3377151489257,-66.7081527709961,51.74388685580563,19.341644203434992,2184271817
sw,-68.7408065795898,-67.05859375,43.020332997808715,16.9380907583834,2184288484
sw,-68.4135284423828,-67.3736114501953,32.28654977284863,15.793469066653522,2184305151
sw,-68.2696304321289,-67.7617797851562,19.51632015762463,16.283793225778084,2184321818
sw,-68.2841567993164,-68.3617782592773,4.602249333546846,18.342762202300356,2184338485
sw,-68.3561935424804,-69.348403930664,-12.543478685711223,21.539826384000477,2184355152
sw,-68.518325805664,-70.4748458862304,-31.81719460978409,25.260423192357862,2184371819
sw,-69.1505355834961,-71.3735733032226,-52.75750727642089,28.90991756614976,2184388486
sw,-70.2856216430664,-72.0200424194336,-74.47297449791718,32.061401920258334,2184405153
sw,-71.9030075073242,-72.6847457885742,-95.71764870811126,34.50838942689938,2184421820
sw,-73.8862991333007,-73.4986038208007,-115.10447925214733,36.238298301524225,2184438487
sw,-76.1444244384765,-74.5873718261718,-131.38628349249416,37.374609679388506,2184455154
sw,-78.4349594116211,-75.7214736938476,-143.7063351727399,38.12755366167305,2184471821
sw,-80.4719924926757,-76.725227355957,-151.735420791681,38.76067475286828,2184488488
sw,-82.2360305786132,-77.6359558105468,-155.66035139931583,39.556029225293265,2184505155
sw,-83.6113815307617,-78.5683670043945,-156.047949706148,40.76303058327705,2184521822
sw,-84.4624328613281,-79.5389175415039,-153.65099632581226,42.53621963546941,2184538489
sw,-84.4486083984375,-80.5129928588867,-149.22982012240342,44.88348218934643,2184555156
sw,-83.6396179199218,-81.4421844482421,-143.43714082090898,47.64692631205003,2184571823
sw,-82.2577972412109,-82.3098907470703,-136.77434584607423,50.528300863810834,2184588490
sw,-80.5767135620117,-83.2213516235351,-129.5963961165471,53.15793560832361,2184605157
sw,-78.8145446777343,-84.2145004272461,-122.1305790191331,55.19348686900463,2184621824
sw,-77.1505050659179,-85.2762756347656,-114.48122870611351,56.4223937267452,2184638491
sw,-75.6115188598632,-86.3492355346679,-106.61329935115855,56.834023821995885,2184655158
sw,-74.185546875,-87.3585510253906,-98.33271003097659,56.63145837292226,2184671825
sw,-72.8439788818359,-88.3232192993164,-89.29641970094201,56.172028699101496,2184688492
sw,-71.5537338256836,-89.3756866455078,-79.07905286807232,55.85364591875214,2184705159
sw,-70.3692169189453,-90.0,-67.29673637920416,55.98663666038777,2184721826
sw,-69.3787536621093,-89.1611709594726,-53.75650746511714,56.69537547929973,2184738493
sw,-68.6589279174804,-87.9974822998046,-38.579418869083426,57.87813302433275,2184755160
sw,-68.2883148193359,-86.9132003784179,-22.249198474881563,59.22750466758161,2184771827
sw,-68.2384796142578,-85.8459320068359,-5.564631434106035,60.29268377905611,2184788494
sw,-68.5911636352539,-84.7768249511718,10.491188196756426,60.5575390248756,2184805161
sw,-68.9059906005859,-83.7150955200195,24.925709358009538,59.51318250963335,2184821828
sw,-69.5843887329101,-82.6929016113281,36.91026176176523,56.713220975093776,2184838495
sw,-70.6019058227539,-81.7265472412109,45.91528639049877,51.8085443573826,2184855162
sw,-71.7453460693359,-80.915657043457,51.78366486774811,44.56465555589599,2184871829
sw,-72.9516906738281,-80.361587524414,54.72898807176837,34.86873052518496,2184888496
sw,-74.086555480957,-80.0678939819336,55.259159108914254,22.736060640564077,2184905163
sw,-75.0904083251953,-79.9863586425781,54.04676282539196,8.324459273855865,2184921830
sw,-75.9157943725586,-80.0954971313476,51.788972343441294,-8.042192338543323,2184938497
sw,-76.7781295776367,-80.3667526245117,49.1063007244963,-25.85300790235347,2184955164
sw,-77.9481811523437,-81.0265274047851,46.510316001309796,-44.41408657829908,2184971831
sw,-79.2111358642578,-82.2262802124023,44.429545564257126,-62.89697529296251,2184988498
sw,-80.1389694213867,-83.818603515625,43.24404908128976,-80.43152156178631,2185005165
sw,-80.6550064086914,-85.5151977539062,43.27420493298424,-96.21800878225253,2185021832
sw,-81.3388214111328,-87.0155487060546,44.70749306260593,-109.6221820703184,2185038499
sw,-82.1882934570312,-87.2977447509765,47.499552842570324,-120.22748319871178,2185055166
sw,-83.1039199829101,-85.665412902832,51.31202460383617,-127.84057281459964,2185071833
sw,-84.2055969238281,-83.4346923828125,55.536374241932826,-132.46238138094614,2185088500
sw,-85.4839477539062,-81.236213684082,59.41560323556541,-134.24187151573074,2185105167
sw,-86.8073959350586,-79.1617355346679,62.23393936643533,-133.4277862430783,2185121834
sw,-87.9804534912109,-77.0946578979492,63.51295752550334,-130.32833142399733,2185138501
sw,-89.0848617553711,-74.9596328735351,63.14556708229948,-125.28050543426983,2185155168
sw,-90.0,-72.9203948974609,61.42278011918632,-118.62314159505908,2185171835
sw,-88.7053298950195,-70.959228515625,58.948517243346735,-110.66718493285128,2185188502
sw,-87.5147857666015,-69.0938720703125,56.472674466952036,-101.66503092178779,2185205169
sw,-86.5546875,-67.4077606201171,54.69200532584291,-91.79077305357524,2185221836
sw,-85.7356185913086,-65.9478149414062,54.07527322823081,-81.14540090740006,2185238503
sw,-84.8724899291992,-64.6615447998046,54.76473240728548,-69.79250781559251,2185255170
sw,-83.8397674560546,-63.510139465332,56.58406176075862,-57.81577491728264,2185271837
sw,-82.6289825439453,-62.5334091186523,59.14313420605287,-45.37698832775301,2185288504
sw,-81.4381484985351,-61.8560104370117,61.98925404322593,-32.74939755282421,2185305171
sw,-80.3671188354492,-61.4962921142578,64.73765489076885,-20.309713611790194,2185321838
sw,-79.3480606079101,-61.4163017272949,67.13286733467274,-8.490709691890716,2185338505
sw,-78.2837677001953,-61.4981422424316,69.03395646174569,2.2846324934881053,2185355172
sw,-77.1452026367187,-61.6102790832519,70.35300181995223,11.659933356598925,2185371839
sw,-75.9396667480468,-61.8669738769531,70.98778375498907,19.37726837435723,2185388506
sw,-74.7141876220703,-62.355052947998,70.7772814638458,25.28908738989078,2185405173
sw,-73.5172042846679,-63.1676445007324,69.48748728422109,29.36706541211208,2185421840
sw,-72.3878631591796,-64.147590637207,66.81997707614808,31.71635158080767,2185438507
sw,-71.301887512207,-65.0943298339843,62.43196919178716,32.58398560704116,2185455174
sw,-70.3262634277343,-65.8172454833984,55.961111828220375,32.34067290491366,2185471841
sw,-69.5933990478515,-66.4406051635742,47.05552865627147,31.427346391691113,2185488508
sw,-69.1035690307617,-67.1853103637695,35.4160551275901,30.281221452335014,2185505175
sw,-68.8320999145507,-67.8298797607421,20.85988301501369,29.269135718455946,2185521842
sw,-68.7443008422851,-68.675796508789,3.4083299358322217,28.64958154735799,2185538509
sw,-68.8451995849609,-69.6098403930664,-16.616081374987075,28.56720345525922,2185555176
sw,-69.1646194458007,-70.523078918457,-38.51979943457644,29.067654352706167,2185571843
sw,-70.1282348632812,-71.264533996582,-61.24229407638869,30.11500060865149,2185588510
sw,-71.5929336547851,-71.8993682861328,-83.4645015562183,31.60145675153946,2185605177
sw,-73.3507385253906,-72.603157043457,-103.81151245293096,33.355673502808095,2185621844
sw,-75.413215637207,-73.6275482177734,-121.09531339027815,35.16764352601354,2185638511
sw,-77.6984329223632,-74.8083343505859,-134.52141709798283,36.84192760717463,2185655178
sw,-79.8424530029296,-75.9474258422851,-143.794002264566,38.26729347526579,2185671845
sw,-81.7351684570312,-76.9524917602539,-149.0913848072163,39.46894028720664,2185688512
sw,-83.3731231689453,-77.9021759033203,-150.93188291434114,40.60976485126938,2185705179
sw,-84.6621932983398,-78.8566131591796,-149.9890913317649,41.93146925331869,2185721846
sw,-85.2310409545898,-79.8505325317382,-146.9261533854626,43.65708245148265,2185738513
sw,-84.7723922729492,-80.8208465576171,-142.29653347834773,45.894185078869754,2185755180
sw,-83.5234069824218,-81.7413864135742,-136.51988602997332,48.57626325343171,2185771847
sw,-81.869140625,-82.6386260986328,-129.90861248215663,51.463894422834976,2185788514
sw,-80.0813293457031,-83.5843658447265,-122.70657402803388,54.20636432683313,2185805181
sw,-78.3224182128906,-84.6329040527343,-115.10679091488366,56.44361286968248,2185821848
sw,-76.7371978759765,-85.7345581054687,-107.23478986624619,57.9130061919711,2185838515
sw,-75.2922744750976,-86.8259048461914,-99.11024274616689,58.52156181343445,2185855182
sw,-73.883544921875,-87.8350830078125,-90.61876814606975,58.356598580209145,2185871849
sw,-72.5022583007812,-88.8174972534179,-81.52582279445288,57.63382575872191,2185888516
sw,-71.2192230224609,-90.0,-71.54377752963025,56.609685164759895,2185905183
sw,-70.0742950439453,-89.7513427734375,-60.43394180267141,55.49835893075982,2185921850
sw,-69.17529296875,-88.4203414916992,-48.10539612272101,54.424547259122356,2185938517
sw,-68.61279296875,-87.3527755737304,-34.67323525524196,53.417673005543925,2185955184
sw,-68.3554153442382,-86.4027786254882,-20.458746981225367,52.42967830222882,2185971851
sw,-68.4088745117187,-85.5346298217773,-5.940821423680303,51.35199425082873,2185988518
sw,-68.5610275268554,-84.6970291137695,8.314580334130197,50.01816927480209,2186005185
sw,-68.8468017578125,-83.8569183349609,21.721479135501152,48.19532834367475,2186021852
sw,-69.5039520263671,-83.0112686157226,33.72808757164634,45.57763507736119,2186038519
sw,-70.3653793334961,-82.2235260009765,43.864029293066295,41.79432727821306,2186055186
sw,-71.5123443603515,-81.5783920288086,51.78759607236992,36.438355455045595,2186071853
sw,-72.8599472045898,-81.1229248046875,57.32812410016341,29.115615641740067,2186088520
sw,-74.0577774047851,-80.8452835083007,60.507263729173644,19.511266383559693,2186105187
sw,-75.2062072753906,-80.7276153564453,61.52656722935633,7.465886602674122,2186121854
sw,-76.3791122436523,-80.7997589111328,60.72841014106688,-6.952462678464691,2186138521
sw,-77.5278549194336,-81.0992965698242,58.55579832117431,-23.40171100873852,2186155188
sw,-78.9088058471679,-81.6970291137695,55.53287990111184,-41.26766193536866,2186171855
sw,-80.238296508789,-82.8684844970703,52.25989179858359,-59.726189396904815,2186188522
sw,-81.0591659545898,-84.4037857055664,49.38832306742602,-77.85509964977392,2186205189
sw,-81.6747512817382,-85.9903411865234,47.544086146488496,-94.76232820323382,2186221856
sw,-82.4497146606445,-87.3405990600586,47.201373977779305,-109.69041848336407,2186238523
sw,-83.3812103271484,-87.2254791259765,48.54791406661677,-122.07226123650157,2186255190
sw,-84.3980026245117,-85.1520004272461,51.39450316046678,-131.53788313811813,2186271857
sw,-85.4309158325195,-82.5692749023437,55.16902429241541,-137.8897084178341,2186288524
sw,-86.5725173950195,-80.1389923095703,59.01394114402705,-141.06878123745852,2186305191
sw,-87.8331909179687,-77.9316101074218,61.98051391752008,-141.1310299206474,2186321858
sw,-89.0607986450195,-75.8005828857421,63.2796027330101,-138.24283997401662,2186338525
sw,-90.0,-73.6873931884765,62.518380723865896,-132.6895826611061,2186355192
sw,-88.6998977661132,-71.6179809570312,59.84440958658752,-124.87668560640198,2186371859
sw,-87.482925415039,-69.6196670532226,55.941359579157805,-115.30164739806787,2186388526
sw,-86.4125366210937,-67.7860488891601,51.86485067537066,-104.49017213026434,2186405193
sw,-85.6327819824218,-66.2021331787109,48.75765120261491,-92.91114357555212,2186421860
sw,-85.0354843139648,-64.8554306030273,47.52737964471772,-80.90042561957722,2186438527
sw,-84.4010543823242,-63.7192039489746,48.59136825226951,-68.62465055616453,2186455194
sw,-83.5351943969726,-62.7085151672363,51.77686565829067,-56.102839816722835,2186471861
sw,-82.3506317138671,-61.8163757324218,56.408581687366116,-43.281305330987465,2186488528
sw,-81.0478820800781,-61.1927452087402,61.541965867870644,-30.135356594340713,2186505195
sw,-79.8459548950195,-60.927993774414,66.24635626905244,-16.76077151286374,2186521862
sw,-78.7151412963867,-60.996841430664,69.83447794314915,-3.4250453814492583,2186538529
sw,-77.5543518066406,-61.2754325866699,71.97223833383718,9.431381395831794,2186555196
sw,-76.3120422363281,-61.6472129821777,72.6579520365955,21.234512402849184,2186571863
sw,-75.0732727050781,-62.0451393127441,72.10294704878017,31.342147447725015,2186588530
sw,-73.9704818725586,-62.7754364013671,70.56465913917373,39.12906108085901,2186605197
sw,-72.9841537475586,-63.826171875,68.18562710428341,44.09360712238063,2186621864
sw,-71.9781417846679,-64.9795379638671,64.88531045213747,45.979473928408396,2186638531
sw,-70.8939895629882,-66.1623229980468,60.33567486975432,44.88467732541604,2186655198
sw,-69.8160324096679,-67.2440719604492,54.024116924956054,41.31283666800382,2186671865
sw,-68.9350967407226,-67.9555206298828,45.37712613677043,36.12732854615039,2186688532
sw,-68.4212875366211,-68.4495468139648,33.90194429347053,30.40091455953155,2186705199
sw,-68.1991729736328,-68.9966430664062,19.310588711726602,25.198530228162177,2186721866
sw,-68.2241897583007,-69.5085906982421,1.6115211630635844,21.363295031016154,2186738533
sw,-68.3921661376953,-70.1016693115234,-18.8312726578514,19.37380192044204,2186755200
sw,-68.9161224365234,-70.9388198852539,-41.27529338063416,19.306238754641402,2186771867
sw,-69.8325424194336,-71.5903930664062,-64.62861304906268,20.891967300654972,2186788534
sw,-71.2217712402343,-72.2202758789062,-87.54970779911417,23.634800881241365,2186805201
sw,-73.0368499755859,-73.0001144409179,-108.61914445775393,26.950302570101744,2186821868
sw,-75.1572952270507,-74.0453262329101,-126.5536365062599,30.300756193359867,2186838535
sw,-77.5094757080078,-75.1431732177734,-140.40735603441559,33.30684323273392,2186855202
sw,-79.7397537231445,-76.1826553344726,-149.70079924143403,35.81580939688141,2186871869
sw,-81.6387481689453,-77.1393737792968,-154.4399135502891,37.907116804038566,2186888536
sw,-83.2477951049804,-78.0697402954101,-155.03009157828382,39.830528392520655,2186905203
sw,-84.4916000366211,-79.0265731811523,-152.13064109986374,41.894319140872334,2186921870
sw,-85.0712890625,-79.9656372070312,-146.51171677952016,44.339986685557136,2186938537
sw,-84.676155090332,-80.880874633789,-138.95779329288555,47.245097665330356,2186955204
sw,-83.4882278442382,-81.808853149414,-130.22321526468784,50.48651404729548,2186971871
sw,-81.9177474975586,-82.7638092041015,-121.01212411078022,53.77616923292783,2186988538
sw,-80.3178558349609,-83.7900009155273,-111.94569324474753,56.75703246877219,2187005205
sw,-78.8023529052734,-84.9081878662109,-103.49595134811834,59.125402725096656,2187021872
sw,-77.4034118652343,-86.0632400512695,-95.89612340357083,60.73464072135023,2187038539
sw,-76.1031417846679,-87.1765899658203,-89.06499408117566,61.64002346555194,2187055206
sw,-74.8079376220703,-88.1933364868164,-82.59151058027504,62.065223107363735,2187071873
sw,-73.5267562866211,-89.1611709594726,-75.80940094867667,62.30202475440593,2187088540
sw,-72.3422546386718,-89.7092666625976,-67.95743893477055,62.58350936765596,2187105207
sw,-71.313117980957,-88.6810684204101,-58.38629118139335,62.98227378322305,2187121874
sw,-70.4918212890625,-87.4826965332031,-46.75394637953826,63.37203045238713,2187138541
sw,-69.9221038818359,-86.2796859741211,-33.154790470103684,63.46005497456052,2187155208
sw,-69.5695724487304,-85.1651153564453,-18.147427988077826,62.8673424828623,2187171875
sw,-69.6089630126953,-84.1063842773437,-2.6731103834450582,61.21939193827145,2187188542
sw,-69.7507934570312,-83.08154296875,12.11816943890761,58.21656306668941,2187205209
sw,-70.4208908081054,-82.0951080322265,25.096260972312677,53.66921735286913,2187221876
sw,-71.3998413085937,-81.2131805419921,35.38073445897505,47.49767323962217,2187238543
sw,-72.2919998168945,-80.5403594970703,42.5118635152899,39.70630101478606,2187255210
sw,-73.3309707641601,-80.0872802734375,46.51407342239568,30.347060561276557,2187271877
sw,-74.3732147216796,-79.8383712768554,47.83678958574195,19.491286575623995,2187288544
sw,-75.2728652954101,-79.7356872558593,47.20064902863882,7.225968697633848,2187305211
sw,-75.9996032714843,-79.7833480834961,45.40913201694551,-6.320938428334158,2187321878
sw,-76.6838836669921,-80.032974243164,43.193477244173835,-20.93883128621084,2187338545
sw,-77.7089385986328,-80.5670394897461,41.13780212540309,-36.30135276874489,2187355212
sw,-78.9577560424804,-81.5458755493164,39.68591218722522,-51.9643839951226,2187371879
sw,-79.8836135864257,-82.8996963500976,39.18305534860936,-67.39983177760286,2187388546
sw,-80.3621597290039,-84.3662567138671,39.89012080914156,-82.04827404213006,2187405213
sw,-80.9927673339843,-85.6837158203125,41.94124187572438,-95.3648721097285,2187421880
sw,-81.8295211791992,-86.4218215942382,45.271075180449614,-106.84496014761359,2187438547
sw,-82.7348022460937,-85.9416580200195,49.56807936049768,-116.03774462971285,2187455214
sw,-83.8198776245117,-84.1562194824218,54.29701493839481,-122.56826970103815,2187471881
sw,-85.0233535766601,-82.066177368164,58.79776743107894,-126.17946351615888,2187488548
sw,-86.3089065551757,-80.1061248779296,62.433937863515794,-126.78709429155052,2187505215
sw,-87.6124725341796,-78.2558670043945,64.74439055335502,-124.52649242114983,2187521882
sw,-88.7425918579101,-76.4841690063476,65.54810201662019,-119.76746268628962,2187538549
sw,-90.0,-74.7558212280273,64.96935244050859,-113.08102029443658,2187555216
sw,-89.2558517456054,-73.0794982910156,63.37987639301225,-105.15574585831428,2187571883
sw,-87.8513259887695,-71.4501495361328,61.281499320557224,-96.67907192257336,2187588550
sw,-86.631233215332,-69.896369934082,59.16593443178968,-88.21253438218925,2187605217
sw,-85.6426162719726,-68.530403137207,57.38991164465479,-80.09343561104065,2187621884
sw,-84.8066864013671,-67.3654632568359,56.10012401603174,-72.38846676333574,2187638551
sw,-83.884033203125,-66.3099975585937,55.23208748668703,-64.91245927716724,2187655218
sw,-82.8221435546875,-65.3222503662109,54.584084632766135,-57.310681298389866,2187671885
sw,-81.7608337402343,-64.4342346191406,53.93605663675719,-49.18619252175989,2187688552
sw,-80.7867813110351,-63.7531929016113,53.1612599992473,-40.23805474811007,2187705219
sw,-79.9570922851562,-63.3614196777343,52.28240703988784,-30.370544405117087,2187721886
sw,-79.19189453125,-63.2156066894531,51.453065359573834,-19.744561483881853,2187738553
sw,-78.3930206298828,-63.249900817871,50.880734989677904,-8.765327019116445,2187755220
sw,-77.5525741577148,-63.3437767028808,50.729454711706516,1.979182326293663,2187771887
sw,-76.6816024780273,-63.5801200866699,51.03926474300053,11.808226020904417,2187788554
sw,-75.8329925537109,-64.0645980834961,51.68474016548345,20.051851781947363,2187805221
sw,-74.9933090209961,-64.74951171875,52.37754089735502,26.159745496333375,2187821888
sw,-74.0789108276367,-65.6170578002929,52.705252550160715,29.805261026591612,2187838555
sw,-73.0717315673828,-66.4907836914062,52.19019948442943,30.966221907096905,2187855222
sw,-72.0852661132812,-67.2316207885742,50.34642893108313,29.958355989360644,2187871889
sw,-71.2969131469726,-67.9257583618164,46.71482809327056,27.400860009721885,2187888556
sw,-70.753189086914,-68.4333724975586,40.87062655830937,24.10806813694172,2187905223
sw,-70.3945083618164,-68.7101211547851,32.42072155991798,20.92468773415844,2187921890
sw,-70.1255645751953,-69.0257415771484,21.024778822294362,18.548214321889684,2187938557
sw,-69.9626541137695,-69.4872207641601,6.46757807000091,17.396338638490473,2187955224
sw,-69.9861526489257,-70.0673599243164,-11.22088627630279,17.563644405149972,2187971891
sw,-70.2190628051757,-71.0431442260742,-31.63918976138336,18.872039941575252,2187988558
sw,-71.0202941894531,-71.8433761596679,-53.944662278631306,20.97739718623277,2188005225
sw,-72.3084411621093,-72.2627716064453,-76.8909640066088,23.4794479742848,2188021892
sw,-73.9166564941406,-72.8301239013671,-98.98432611785701,26.001989988074644,2188038559
sw,-75.8473434448242,-73.6981658935546,-118.72260128168358,28.245609363621565,2188055226
sw,-78.0200729370117,-74.715835571289,-134.84949534322345,30.032031705331196,2188071893
sw,-80.140510559082,-75.6899108886718,-146.55100197393966,31.3448683659516,2188088560
sw,-81.9178390502929,-76.5707778930664,-153.54145349659285,32.34720599991743,2188105227
sw,-83.3221282958984,-77.3770217895507,-156.02602052007808,33.35140660240424,2188121894
sw,-84.2702255249023,-78.1972503662109,-154.57083895033142,34.73616798801656,2188138561
sw,-84.4643783569336,-79.0545196533203,-149.93996113899502,36.83264592340072,2188155228
sw,-83.7616195678711,-79.897720336914,-142.95522517764363,39.816400741266754,2188171895
sw,-82.4794235229492,-80.6860122680664,-134.40636029242634,43.63970536539542,2188188562
sw,-80.8714218139648,-81.4891281127929,-125.00488807971537,48.0252493731053,2188205229
sw,-79.2357177734375,-82.3820495605468,-115.35529000823765,52.52489637827604,2188221896
sw,-77.7298507690429,-83.395263671875,-105.91751445819914,56.6293645404392,2188238563
sw,-76.3992691040039,-84.5352096557617,-96.95311856955063,59.89856553874165,2188255230
sw,-75.1535186767578,-85.725112915039,-88.4725195522281,62.07255428857835,2188271897
sw,-73.9269790649414,-86.8724365234375,-80.21734220839225,63.125909266556945,2188288564
sw,-72.7591476440429,-87.946907043457,-71.70792003856333,63.24650733215458,2188305231
sw,-71.729736328125,-89.0254211425781,-62.36310470918943,62.74768158262934,2188321898
sw,-70.836067199707,-90.0,-51.67048898039009,61.948140117492045,2188338565
sw,-70.0911254882812,-89.2087020874023,-39.36316371594398,61.0640381960431,2188355232
sw,-69.5928192138671,-88.0141677856445,-25.551161261716288,60.14775257772235,2188371899
sw,-69.4011764526367,-86.9396362304687,-10.764084836760652,59.08507438562146,2188388566
sw,-69.4958724975586,-85.9201889038086,4.1149590375642715,57.639694238933295,2188405233
sw,-69.890510559082,-84.9161987304687,18.012008944345734,55.52091751480286,2188421900
sw,-70.4555053710937,-83.9337615966796,29.88085822585738,52.44920392168567,2188438567
sw,-71.2759094238281,-83.0148620605468,38.92200415819396,48.200374645462254,2188455234
sw,-72.1592178344726,-82.2202987670898,44.747670760778014,42.61930338585173,2188471901
sw,-73.3013916015625,-81.600341796875,47.4531050162772,35.605856876954434,2188488568
sw,-74.4418106079101,-81.1942672729492,47.57666604623231,27.08757705937224,2188505235
sw,-75.4373092651367,-81.0105209350586,45.95778813820194,17.000668923485225,2188521902
sw,-76.0972595214843,-81.0159835815429,43.531013857835184,5.298634696012991,2188538569
sw,-76.5477294921875,-81.1341934204101,41.12025787679547,-8.00498361213128,2188555236
sw,-77.2085571289062,-81.3686447143554,39.30478549097385,-22.772749465213607,2188571903
sw,-78.2482070922851,-81.9066772460937,38.40003435948585,-38.68780383659003,2188588570
sw,-79.3588027954101,-82.970718383789,38.536174175450924,-55.23804534496996,2188605237
sw,-80.0759582519531,-84.3324737548828,39.76164796310077,-71.75430202011434,2188621904
sw,-80.6656951904296,-85.8310165405273,42.09233220326542,-87.49053184332521,2188638571
sw,-81.484748840332,-87.1658630371093,45.47662827933731,-101.71701752092923,2188655238
sw,-82.3902130126953,-87.1729888916015,49.71194456397009,-113.79921582632431,2188671905
sw,-83.2937927246093,-85.3757705688476,54.38189028042335,-123.24864015983034,2188688572
sw,-84.3473663330078,-83.0589828491211,58.87359080589747,-129.745741782049,2188705239
sw,-85.6589584350586,-80.7916717529296,62.49562403535804,-133.14272285201906,2188721906
sw,-87.0399169921875,-78.6909484863281,64.66715842180781,-133.4567426817334,2188738573
sw,-88.2118453979492,-76.7263031005859,65.1072337569791,-130.86131381222114,2188755240
sw,-89.2169113159179,-74.7582321166992,63.94303144772923,-125.67648969676084,2188771907
sw,-89.5471649169921,-72.8177108764648,61.68774099817052,-118.35045955593272,2188788574
sw,-88.4381484985351,-70.9466171264648,59.0945140812705,-109.42187306523502,2188805241
sw,-87.3476028442382,-69.1716995239257,56.94072261147489,-99.45684411929638,2188821908
sw,-86.4121551513671,-67.5842590332031,55.81625849287737,-88.96579949876433,2188838575
sw,-85.5288467407226,-66.2607345581054,55.98157501114461,-78.3184731749454,2188855242
sw,-84.5308380126953,-65.1569366455078,57.33473435428781,-67.68488519768222,2188871909
sw,-83.3594055175781,-64.1645965576171,59.489502420636505,-57.030455771325215,2188888576
sw,-82.1348342895507,-63.2428398132324,61.92770336518633,-46.17982129596624,2188905243
sw,-80.9798202514648,-62.4649429321289,64.16358609434798,-34.93776706993376,2188921910
sw,-79.8906860351562,-61.9783134460449,65.85940627007626,-23.22852000911692,2188938577
sw,-78.8212203979492,-61.79585647583,66.85942230624704,-11.202909424628297,2188955244
sw,-77.7495956420898,-61.8465042114257,67.14776449437842,0.7252446252421383,2188971911
sw,-76.658706665039,-61.9822196960449,66.76414515187517,11.92475780324323,2188988578
sw,-75.5970001220703,-62.222240447998,65.71997826558012,21.659964137933805,2189005245
sw,-74.5783004760742,-62.7463188171386,63.94854052142159,29.241645979511237,2189021912
sw,-73.5484924316406,-63.568790435791,61.304297748524284,34.181240655767155,2189038579
sw,-72.4804763793945,-64.2951431274414,57.60526566166004,36.3120084888921,2189055246
sw,-71.4435043334961,-65.1053466796875,52.693497842797825,35.84646368730917,2189071913
sw,-70.5459747314453,-65.910415649414,46.479093405809664,33.35565529855407,2189088580
sw,-69.868293762207,-66.6367568969726,38.939571599385715,29.675239817646162,2189105247
sw,-69.4593276977539,-67.2728042602539,30.070180704139407,25.755671708728947,2189121914
sw,-69.3013534545898,-67.5946502685546,19.81193352554683,22.48226000113051,2189138581
sw,-69.3304748535156,-67.9974060058593,8.005683586811141,20.50358266389197,2189155248
sw,-69.4523620605468,-68.6134796142578,-5.582376401299016,20.116827951973594,2189171915
sw,-69.6728820800781,-69.3468856811523,-21.148731734762215,21.247212427242545,2189188582
sw,-70.0325851440429,-70.3074111938476,-38.68441283127291,23.522312654773305,2189205249
sw,-70.743911743164,-70.9960708618164,-57.81862775777377,26.40416745630453,2189221916
sw,-71.8746032714843,-71.6678466796875,-77.75005212497456,29.329583125328057,2189238583
sw,-73.4558868408203,-72.5055541992187,-97.31244414891151,31.825778266036636,2189255250
sw,-75.4025421142578,-73.5248565673828,-115.16719120918421,33.592896889332394,2189271917
sw,-77.5873565673828,-74.5537490844726,-130.06237467769586,34.55441943444344,2189288584
sw,-79.6683883666992,-75.5219192504882,-141.07135657722554,34.86998336097354,2189305251
sw,-81.4742431640625,-76.4064712524414,-147.73620688547993,34.899591750030424,2189321918
sw,-83.0264739990234,-77.2753601074218,-150.08577943807342,35.116418122013116,2189338585
sw,-84.2227706909179,-78.132698059082,-148.55087144442797,35.98372178374189,2189355252
sw,-84.8379821777343,-78.9897689819336,-143.8311182850337,37.82747262060449,2189371919
sw,-84.5904998779296,-79.8261947631836,-136.76578895438035,40.741433423467626,2189388586
sw,-83.6079711914062,-80.6541366577148,-128.23263238133228,44.55420136816834,2189405253
sw,-82.2194671630859,-81.5099258422851,-119.06876450200056,48.87095936088748,2189421920
sw,-80.7355041503906,-82.4580917358398,-109.99464904585025,53.180814475869674,2189438587
sw,-79.2840118408203,-83.5320434570312,-101.53060228655143,56.99909607064013,2189455254
sw,-77.8922424316406,-84.6867752075195,-93.91535923937076,59.999701315367524,2189471921
sw,-76.5780487060546,-85.8405151367187,-87.05375250657865,62.09229980284762,2189488588
sw,-75.3461380004882,-86.9150466918945,-80.52479190367718,63.41628168801909,2189505255
sw,-74.1771697998046,-87.9403381347656,-73.6693344116798,64.25389020805832,2189521922
sw,-73.1061325073242,-88.9977111816406,-65.75236834922033,64.89689983606569,2189538589
sw,-72.1582412719726,-89.8241729736328,-56.16760712964227,65.51896511973315,2189555256
sw,-71.3474884033203,-88.6710205078125,-44.6318086464902,66.1001192039785,2189571923
sw,-70.7396774291992,-87.4822311401367,-31.31134185985754,66.42478223778497,2189588590
sw,-70.4501953125,-86.3015975952148,-16.83784583342666,66.14416286912774,2189605257
sw,-70.5049591064453,-85.0941619873046,-2.2007831921527408,64.87198146523622,2189621924
sw,-70.8881530761718,-83.9099884033203,11.457482104976329,62.275149283396,2189638591
sw,-71.3443756103515,-82.8414916992187,23.08812802368211,58.12779262360565,2189655258
sw,-72.0447616577148,-81.9512634277343,31.95706628488686,52.31470228117645,2189671925
sw,-72.816162109375,-81.2563705444336,37.78548995602197,44.79365935365183,2189688592
sw,-73.7460174560546,-80.7258987426757,40.780790396258375,35.545920577123496,2189705259
sw,-74.7178192138671,-80.3606719970703,41.55913528550967,24.549968936334306,2189721926
sw,-75.5454940795898,-80.1756134033203,40.98661520971041,11.800878645823168,2189738593
sw,-76.091064453125,-80.1396713256836,39.98347191632213,-2.628119127072688,2189755260
sw,-76.68603515625,-80.3034744262695,39.34397090909265,-18.511129320944164,2189771927
sw,-77.5626144409179,-80.8034591674804,39.618047019508985,-35.4235796954144,2189788594
sw,-78.3779830932617,-81.7968292236328,41.075629253377464,-52.75633426929752,2189805261
sw,-79.2365493774414,-83.2191543579101,43.73907116169898,-69.79243437754874,2189821928
sw,-80.0497207641601,-84.7573089599609,47.44445052427963,-85.81627068245069,2189838595
sw,-80.9767227172851,-86.1819686889648,51.89344636131687,-100.20981584360734,2189855262
sw,-82.0044403076171,-86.8278198242187,56.67969890402695,-112.50258356396812,2189871929
sw,-83.1650009155273,-85.7062759399414,61.30110193407142,-122.37026024086163,2189888596
sw,-84.3362503051757,-83.6065292358398,65.18748773626744,-129.60118858710786,2189905263
sw,-85.5612106323242,-81.4361267089843,67.7723077387606,-134.05919038272415,2189921930
sw,-86.8805847167968,-79.3782958984375,68.61490839967196,-135.66733236348387,2189938597
sw,-88.1586837768554,-77.3929901123046,67.5449819169504,-134.42433097974242,2189955264
sw,-89.1139755249023,-75.390022277832,64.7714825646846,-130.44621750370038,2189971931
sw,-89.1106719970703,-73.3720092773437,60.89513557936979,-124.00741425367345,2189988598
sw,-88.2672042846679,-71.4142074584961,56.79415551014655,-115.54829456273127,2190005265
sw,-87.3201446533203,-69.5258483886718,53.40445485371309,-105.62710987580495,2190021932
sw,-86.4576797485351,-67.779067993164,51.463634225925766,-94.81893917214327,2190038599
sw,-85.64697265625,-66.3140411376953,51.30979201835275,-83.591587556085,2190055266
sw,-84.77880859375,-65.1180267333984,52.81090228293771,-72.2063307312026,2190071933
sw,-83.7395095825195,-64.0502777099609,55.45215779966384,-60.69133125703571,2190088600
sw,-82.5240707397461,-63.0258979797363,58.54553990365561,-48.912370308625896,2190105267
sw,-81.2538757324218,-62.155891418457,61.475367213887054,-36.72315665993985,2190121934
sw,-80.0983428955078,-61.6243591308593,63.88025583318721,-24.135075401871955,2190138601
sw,-79.0836486816406,-61.4100875854492,65.70360826793585,-11.430734587498952,2190155268
sw,-78.1268310546875,-61.5271987915039,67.10604703502825,0.8298283397552264,2190171935
sw,-77.131233215332,-61.9015007019043,68.29288662656944,11.910965663293519,2190188602
sw,-76.034683227539,-62.3691139221191,69.33907509597229,21.066352152755684,2190205269
sw,-74.8964920043945,-62.9534111022949,70.08349087372633,27.705759097750498,2190221936
sw,-73.707893371582,-63.7481727600097,70.12599002021459,31.51779355746988,2190238603
sw,-72.4449005126953,-64.6499786376953,68.91568898020896,32.53201659611561,2190255270
sw,-71.1321716308593,-65.5331573486328,65.8852726920783,31.124522431840692,2190271937
sw,-69.9330749511718,-66.3523635864257,60.573168350984716,27.97378967022851,2190288604
sw,-69.0694046020507,-67.0374145507812,52.687155488485644,23.967160017586615,2190305271
sw,-68.5970764160156,-67.4272537231445,42.096848089052614,20.059158694863783,2190321938
sw,-68.2875747680664,-67.650032043457,28.7841396783856,17.10004760255424,2190338605
sw,-68.150276184082,-68.1336135864257,12.805997565025399,15.67738984646194,2190355272
sw,-68.2569808959961,-68.6053466796875,-5.68524476854228,16.02188126176571,2190371939
sw,-68.4748229980468,-69.339370727539,-26.359055345304267,18.006721886149155,2190388606
sw,-68.8900299072265,-70.0582733154296,-48.60352126456612,21.229789682757556,2190405273
sw,-69.9678573608398,-70.6253585815429,-71.47029119723824,25.138259754370942,2190421940
sw,-71.5861053466796,-71.3279037475586,-93.72408974858118,29.153655001362658,2190438607
sw,-73.4677124023437,-72.3589096069336,-114.00653490769923,32.77527257494207,2190455274
sw,-75.6856536865234,-73.570686340332,-131.06843066916292,35.659345779368905,2190471941
sw,-77.9550094604492,-74.6993713378906,-143.9918177863887,37.67330214251148,2190488608
sw,-79.9796981811523,-75.7432098388671,-152.32806447567222,38.914002620779335,2190505275
sw,-81.7778396606445,-76.7322082519531,-156.1151598204629,39.67503155903118,2190521942
sw,-83.3712005615234,-77.7128067016601,-155.78723047494972,40.36102706917745,2190538609
sw,-84.5539627075195,-78.6674118041992,-152.02799306985355,41.36848117820291,2190555276
sw,-84.8892974853515,-79.6132202148437,-145.6284328775092,42.96776947800614,2190571943
sw,-84.2658462524414,-80.5136337280273,-137.38672263583058,45.22279770809485,2190588610
sw,-82.9773406982421,-81.3546905517578,-128.0532138137966,47.97382725131396,2190605277
sw,-81.4528198242187,-82.2363891601562,-118.29716933032688,50.89052072185466,2190621944
sw,-79.8495254516601,-83.234619140625,-108.66682884998751,53.58053406335015,2190638611
sw,-78.3681259155273,-84.3140792846679,-99.52966835108485,55.719100153772146,2190655278
sw,-77.0169372558593,-85.409912109375,-91.00527056357421,57.15440197878884,2190671945
sw,-75.7934112548828,-86.4517745971679,-82.92446204394547,57.94939884196318,2190688612
sw,-74.6525497436523,-87.4405212402343,-74.85229414587866,58.34383374832667,2190705279
sw,-73.5575866699218,-88.404067993164,-66.19423953995216,58.65125305247472,2190721946
sw,-72.5084609985351,-89.3519973754882,-56.37131658009418,59.13067517308062,2190738613
sw,-71.6556549072265,-89.5822296142578,-45.01645732608776,59.88019574936083,2190755280
sw,-71.136116027832,-88.5206451416015,-32.12869962294911,60.78826500402772,2190771947
sw,-70.8584365844726,-87.3860321044921,-18.132962005784147,61.55387253524534,2190788614
sw,-70.8895797729492,-86.2395858764648,-3.8255257836470102,61.7602480943132,2190805281
sw,-71.1279754638671,-85.0920104980468,9.778065327986237,60.968822994423896,2190821948
sw,-71.6082763671875,-83.9995956420898,21.65068315878918,58.79759563604354,2190838615
sw,-72.1097946166992,-83.0215759277343,30.966371939750776,54.960291506553865,2190855282
sw,-72.8131332397461,-82.2033157348632,37.27284326355619,49.26355365082709,2190871949
sw,-73.9775085449218,-81.5853881835937,40.58944834192943,41.57984935960923,2190888616
sw,-75.0823822021484,-81.1081085205078,41.40674003806728,31.824908363998766,2190905283
sw,-75.8842620849609,-80.7835235595703,40.577098617298994,19.96442261868481,2190921950
sw,-76.3327102661132,-80.6146850585937,39.11377684273986,6.056187026151054,2190938617
sw,-76.7529678344726,-80.6500396728515,37.955249896833344,-9.690112882427817,2190955284
sw,-77.5672073364257,-81.043228149414,37.77479138637237,-26.86881964718821,2190971951
sw,-78.3458023071289,-81.9023666381836,38.8951896577499,-44.87983220909843,2190988618
sw,-79.2360916137695,-83.0924911499023,41.314245595496615,-62.98385085574094,2191005285
sw,-80.0985412597656,-84.5139923095703,44.79652239399328,-80.39288844819684,2191021952
sw,-80.9311981201171,-85.9696884155273,48.971401730072834,-96.36382389213193,2191038619
sw,-81.8770675659179,-86.8550186157226,53.39763578376449,-110.26908485810493,2191055286
sw,-82.9704437255859,-86.3004302978515,57.59106196657897,-121.63645446167344,2191071953
sw,-84.0749053955078,-84.4218521118164,61.0433884697901,-130.16444096749092,2191088620
sw,-85.2775192260742,-82.2332763671875,63.2698313713491,-135.72278378301633,2191105287
sw,-86.5794372558593,-80.081314086914,63.90495182876629,-138.34297782209327,2191121954
sw,-87.731689453125,-77.9357452392578,62.82713777779508,-138.19839639923813,2191138621
sw,-88.5620956420898,-75.7563934326171,60.256508240799675,-135.57109940672908,2191155288
sw,-89.0662384033203,-73.5811386108398,56.76525710111249,-130.80346631848522,2191171955
sw,-88.730972290039,-71.4653701782226,53.17150063228482,-124.23841658139482,2191188622
sw,-87.9135284423828,-69.4681854248046,50.33867025475308,-116.16101113701411,2191205289
sw,-87.0679550170898,-67.615852355957,48.943343463524755,-106.76094745496577,2191221956
sw,-86.266975402832,-65.9341812133789,49.28797124184259,-96.13327947816965,2191238623
sw,-85.4360198974609,-64.3822708129882,51.22084896450789,-84.3219382699721,2191255290
sw,-84.4789810180664,-62.9928016662597,54.191344939997016,-71.3923945593699,2191271957
sw,-83.3634262084961,-61.812213897705,57.423632958939365,-57.505139834805426,2191288624
sw,-82.1308212280273,-60.9751472473144,60.15065815114575,-42.95881842283549,2191305291
sw,-80.9714126586914,-60.4945030212402,61.82840396039681,-28.18401294489559,2191321958
sw,-79.9401092529296,-60.3390274047851,62.26002542383742,-13.691311334913935,2191338625
sw,-78.9953460693359,-60.4140739440918,61.59683491955946,0.0013356718275858437,2191355292
sw,-78.0376510620117,-60.543529510498,60.22991196440939,12.429751233072938,2191371959
sw,-77.0420150756836,-60.8054046630859,58.619581037258975,23.213025927075627,2191388626
sw,-76.1004486083984,-61.3334617614746,57.1187243576891,32.054653187856836,2191405293
sw,-75.2274551391601,-62.0901374816894,55.83513539510949,38.737136267789595,2191421960
sw,-74.3483047485351,-62.9924659729003,54.56056607196396,43.13360091847552,2191438627
sw,-73.4381790161132,-64.1115341186523,52.77726480027259,45.24531608469516,2191455294
sw,-72.5188522338867,-65.3052215576171,49.73686563880715,45.25252620354433,2191471961
sw,-71.7195587158203,-66.2843399047851,44.59186758504765,43.54913843618677,2191488628
sw,-71.1146621704101,-67.2178039550781,36.55126509703127,40.729655934836124,2191505295
sw,-70.7377319335937,-68.0299835205078,25.032887339785606,37.51300916820597,2191521962
sw,-70.5627288818359,-68.7746353149414,9.792345559121657,34.61530677795496,2191538629
sw,-70.5697784423828,-69.5340118408203,-8.985966372584448,32.60786714854544,2191555296
sw,-70.9466400146484,-70.2918624877929,-30.650542382908114,31.80617749033483,2191571963
sw,-71.8998718261718,-71.1438446044921,-54.11232681499954,32.225260376774756,2191588630
sw,-73.0608673095703,-72.0524291992187,-77.94987828386307,33.61278263277354,2191605297
sw,-74.6339263916015,-72.9616775512695,-100.58170188931237,35.545832184649385,2191621964
sw,-76.6370010375976,-74.1127548217773,-120.47978303230396,37.56125193100951,2191638631
sw,-78.8235092163086,-75.353286743164,-136.38544697455995,39.28417258861898,2191655298
sw,-80.9158020019531,-76.4732971191406,-147.4831865241585,40.52114435131998,2191671965
sw,-82.7689132690429,-77.4682540893554,-153.49434545938254,41.29265871000478,2191688632
sw,-84.3203887939453,-78.4175186157226,-154.67272375264483,41.797221814949424,2191705299
sw,-85.1165771484375,-79.3656234741211,-151.71089108472626,42.32205341658495,2191721966
sw,-84.8266906738281,-80.2979202270507,-145.58670256384482,43.13360544902804,2191738633
sw,-83.7584838867187,-81.1873092651367,-137.38769414472367,44.385955286036655,2191755300
sw,-82.2824554443359,-82.0484313964843,-128.14817638634227,46.07613700545178,2191771967
sw,-80.6526718139648,-82.919448852539,-118.7234099876684,48.05766111464659,2191788634
sw,-79.0475997924804,-83.8328094482421,-109.71077857290277,50.10311693972449,2191805301
sw,-77.5261917114257,-84.7985458374023,-101.41533458619242,51.989880674105,2191821968
sw,-76.0756301879882,-85.7667236328125,-93.85242594683409,53.57548775369054,2191838635
sw,-74.7059631347656,-86.7249984741211,-86.78292116278351,54.83515951130229,2191855302
sw,-73.4076843261718,-87.6737594604492,-79.77999354535683,55.85141239322352,2191871969
sw,-72.2099533081054,-88.6426086425781,-72.32449288922211,56.765808904033634,2191888636
sw,-71.162124633789,-89.6093292236328,-63.918637584701585,57.715303664015956,2191905303
sw,-70.2764282226562,-89.184585571289,-54.19944737749607,58.775592678777734,2191921970
sw,-69.5186080932617,-88.119758605957,-43.02862173596195,59.92466872359377,2191938637
sw,-69.037971496582,-87.0427627563476,-30.537384570494314,61.02876675527007,2191955304
sw,-68.7936096191406,-85.9838027954101,-17.114033364028607,61.846042953710885,2191971971
sw,-68.7808609008789,-84.9325256347656,-3.3364725224795344,62.042331817147726,2191988638
sw,-68.9873657226562,-83.8457565307617,10.133221003789846,61.21573271857233,2192005305
sw,-69.4979629516601,-82.7898025512695,22.665228840531586,58.92887713955412,2192021972
sw,-70.179931640625,-81.8235092163086,33.75975853787703,54.74801971093147,2192038639
sw,-71.026985168457,-81.0000534057617,43.10211283381148,48.28790221943426,2192055306
sw,-72.0995941162109,-80.3340530395507,50.564934973193814,39.261590971169014,2192071973
sw,-73.2151184082031,-79.8573760986328,56.16527537625882,27.53340300055353,2192088640
sw,-74.3107376098632,-79.5962371826171,59.998533043025965,13.168643793039756,2192105307
sw,-75.3651504516601,-79.6269607543945,62.178510208890124,-3.5320773571689075,2192121974
sw,-76.4847946166992,-79.9926605224609,62.81194465974191,-22.028683730617526,2192138641
sw,-77.7693634033203,-80.6646881103515,62.024213622110274,-41.577516364668,2192155308
sw,-79.2952575683593,-81.8160247802734,60.028164394528574,-61.30561648128908,2192171975
sw,-80.7247695922851,-83.2986450195312,57.19737785988956,-80.30821633367746,2192188642
sw,-81.725471496582,-84.781021118164,54.088417646442906,-97.74541973265629,2192205309
sw,-82.4265594482421,-86.0028686523437,51.373261926225524,-112.91538460823962,2192221976
sw,-83.1543884277343,-86.0658798217773,49.68970114502468,-125.2923810388786,2192238643
sw,-84.0537033081054,-84.7179946899414,49.46360142181645,-134.53184549609693,2192255310
sw,-85.1120071411132,-82.6829528808593,50.77285191077806,-140.4540742949659,2192271977
sw,-86.2170639038086,-80.553482055664,53.30571018891014,-143.02196329966085,2192288644
sw,-87.3194885253906,-78.4664916992187,56.432936678284534,-142.32685903232456,2192305311
sw,-88.5244827270507,-76.4271697998046,59.37767874968706,-138.58936374172364,2192321978
sw,-90.0,-74.3754501342773,61.435869596184745,-132.16953426076077,2192338645
sw,-89.3915481567382,-72.3051223754882,62.179975946193764,-123.56898065619053,2192355312
sw,-87.9094085693359,-70.3416976928711,61.57898983847605,-113.40388227349483,2192371979
sw,-86.5986633300781,-68.5409927368164,59.990903340799825,-102.33717952551635,2192388646
sw,-85.5448684692382,-66.9898376464843,58.02552696766869,-90.97744897325249,2192405313
sw,-84.7447357177734,-65.7228927612304,56.323870510134135,-79.77263061934642,2192421980
sw,-84.0050811767578,-64.6486663818359,55.337315996249814,-68.93812726272641,2192438647
sw,-83.128303527832,-63.6308288574218,55.194459905485424,-58.45265824199282,2192455314
sw,-82.0704345703125,-62.6585044860839,55.70605341562495,-48.13078921335123,2192471981
sw,-80.8540267944336,-61.8647956848144,56.494036143883925,-37.74803662310256,2192488648
sw,-79.6891632080078,-61.3938331604003,57.174024701850534,-27.17063832197517,2192505315
sw,-78.7557144165039,-61.2233924865722,57.503365450292435,-16.442391539188357,2192521982
sw,-77.9557266235351,-61.2777519226074,57.43590973045478,-5.805014339100985,2192538649
sw,-77.1036148071289,-61.3884925842285,57.07827484437064,4.340764625567705,2192555316
sw,-76.1269912719726,-61.5666961669921,56.58613818660209,13.509006543538662,2192571983
sw,-75.1295700073242,-61.9578018188476,56.05133443289597,21.215688872761472,2192588650
sw,-74.2331466674804,-62.6250953674316,55.41596315547071,27.068731362032352,2192605317
sw,-73.3788299560546,-63.4326286315918,54.42911001048038,30.853682925369018,2192621984
sw,-72.4789352416992,-64.3155364990234,52.649400784377946,32.59958047359954,2192638651
sw,-71.5871353149414,-65.2104797363281,49.49106881880204,32.60113553361367,2192655318
sw,-70.8111114501953,-65.9807586669921,44.30589896077323,31.3774127540298,2192671985
sw,-70.2432098388671,-66.6204605102539,36.48812007290917,29.566188765733123,2192688652
sw,-69.8753051757812,-67.0343780517578,25.58799789146924,27.780633510267585,2192705319
sw,-69.703498840332,-67.7267608642578,11.42158631295521,26.477585133628867,2192721986
sw,-69.6579284667968,-68.6600341796875,-5.837521010150825,25.887301995283416,2192738653
sw,-69.8501892089843,-69.486328125,-25.60617228332826,26.02557654786128,2192755320
sw,-70.5264358520507,-70.3738479614257,-46.90683101625012,26.76708532971252,2192771987
sw,-71.7861862182617,-71.0860977172851,-68.46841000916794,27.933849665858734,2192788654
sw,-73.2257232666015,-71.816909790039,-88.90415725834767,29.359587025696392,2192805321
sw,-74.9253692626953,-72.6645355224609,-106.92661520271004,30.918637959981194,2192821988
sw,-76.9185562133789,-73.7331848144531,-121.54339385955744,32.53380622230171,2192838655
sw,-78.9205169677734,-74.7915496826171,-132.1835290792379,34.183029760073076,2192855322
sw,-80.6751937866211,-75.755630493164,-138.72674149086797,35.9098382377227,2192871989
sw,-82.2690124511718,-76.6578674316406,-141.43888260961447,37.82365979385664,2192888656
sw,-83.7433319091796,-77.5765533447265,-140.84700575519142,40.071355780666096,2192905323
sw,-84.8698577880859,-78.5233306884765,-137.60311367563807,42.77489921753251,2192921990
sw,-85.19287109375,-79.4933700561523,-132.3776448585028,45.95176954227945,2192938657
sw,-84.7023239135742,-80.4374771118164,-125.79897733301677,49.4508866905057,2192955324
sw,-83.5883407592773,-81.3397750854492,-118.43037455902002,52.93906031630512,2192971991
sw,-82.2148208618164,-82.3080062866211,-110.76226258006108,55.958932857363926,2192988658
sw,-80.7703094482421,-83.3863067626953,-103.19727487180191,58.052800095359224,2193005325
sw,-79.3521957397461,-84.5467758178711,-96.01621220023954,58.91627816083004,2193021992
sw,-78.0301361083984,-85.7201690673828,-89.33116630525807,58.524823710997,2193038659
sw,-76.7749557495117,-86.7957000732421,-83.04902917990287,57.177553786478796,2193055326
sw,-75.5051574707031,-87.7194747924804,-76.87365004143336,55.430818698422975,2193071993
sw,-74.2669448852539,-88.5895843505859,-70.36298749473099,53.938266085222104,2193088660
sw,-73.1693572998046,-89.651138305664,-63.034454507150166,53.25330371653265,2193105327
sw,-72.2449417114257,-90.0,-54.49057370439384,53.66373189793102,2193121994
sw,-71.5321655273437,-88.998291015625,-44.52968852651581,55.11098759534033,2193138661
sw,-71.01806640625,-87.8321990966796,-33.214621403216526,57.2094481336802,2193155328
sw,-70.6749649047851,-86.7258911132812,-20.887740056743034,59.34446985818656,2193171995
sw,-70.5300216674804,-85.6326446533203,-8.13350213946205,60.806984410244034,2193188662
sw,-70.5657272338867,-84.5273284912109,4.305024963650438,60.921951446247874,2193205329
sw,-70.8908309936523,-83.4210662841796,15.64641788866107,59.141818462816545,2193221996
sw,-71.5452346801757,-82.4447784423828,25.21118220302885,55.09473008649697,2193238663
sw,-72.2331314086914,-81.6603088378906,32.552444943671,48.593641904519004,2193255330
sw,-73.1669616699218,-81.0073318481445,37.53853301077808,39.62302270957359,2193271997
sw,-74.0580749511718,-80.4885330200195,40.355667895267025,28.321315001689847,2193288664
sw,-74.7944793701171,-80.1872253417968,41.42489680631578,14.96878110812231,2193305331
sw,-75.4778366088867,-80.1991577148437,41.26369697471899,-0.022717123806327844,2193321998
sw,-76.1054153442382,-80.4885787963867,40.35101615210908,-16.12945369573197,2193338665
sw,-76.84130859375,-80.9969711303711,39.05526211879154,-32.7543566242506,2193355332
sw,-77.9036407470703,-81.90771484375,37.65090247492991,-49.284062817032904,2193371999
sw,-78.9577102661132,-83.229751586914,36.39583477337774,-65.1531691344789,2193388666
sw,-79.7546615600586,-84.6232376098632,35.601221164025674,-79.89676300339389,2193405333
sw,-80.1611938476562,-86.0955047607421,35.62867945148932,-93.17355226723264,2193422000
sw,-80.6195068359375,-87.318977355957,36.79838503559218,-104.75391160383276,2193438667
sw,-81.2973556518554,-87.1080856323242,39.25154950523587,-114.4827280993908,2193455334
sw,-82.1455001831054,-85.2854080200195,42.84084177748345,-122.23505856675924,2193472001
sw,-83.1088104248046,-82.9780883789062,47.10984097712428,-127.88068236831919,2193488668
sw,-84.2134170532226,-80.7098236083984,51.38360787237459,-131.26806408286544,2193505335
sw,-85.383316040039,-78.5575942993164,54.94789566274977,-132.23397120018822,2193522002
sw,-86.5087966918945,-76.5028991699218,57.25890143456346,-130.64043292616955,2193538669
sw,-87.5663528442382,-74.4831314086914,58.11086340745523,-126.43280033617253,2193555336
sw,-88.7288131713867,-72.4991378784179,57.702351225843096,-119.7023132685249,2193572003
sw,-90.0,-70.5664596557617,56.577224886394674,-110.72852950680648,2193588670
sw,-89.1014785766601,-68.7390518188476,55.45619006265746,-99.97678621536664,2193605337
sw,-88.0276184082031,-67.1502609252929,55.00713280113475,-88.0377375101473,2193622004
sw,-87.1565551757812,-65.866584777832,55.623565779720046,-75.51977789145639,2193638671
sw,-86.3214035034179,-64.8071060180664,57.286381907826325,-62.93180818083677,2193655338
sw,-85.3410873413086,-63.8587646484375,59.56472646241897,-50.60628201634946,2193672005
sw,-84.1289443969726,-63.0092811584472,61.763629918121445,-38.69762860639552,2193688672
sw,-82.8483505249023,-62.3814239501953,63.16582001034554,-27.253930434199823,2193705339
sw,-81.6963653564453,-62.0263557434082,63.27452503775416,-16.32279908063246,2193722006
sw,-80.6911697387695,-61.9117164611816,61.96702181865103,-6.038673032436914,2193738673
sw,-79.7775421142578,-62.0325508117675,59.51230680672141,3.346067740190393,2193755340
sw,-78.879165649414,-62.2075996398925,56.463330729006124,11.493205270920027,2193772007
sw,-77.9971542358398,-62.5539817810058,53.47463190113762,18.055135838404233,2193788674
sw,-77.1819305419921,-63.0685386657714,51.10734669842708,22.767250968863895,2193805341
sw,-76.4142761230468,-63.7064399719238,49.67245589760089,25.531883476226138,2193822008
sw,-75.6185302734375,-64.436767578125,49.143018400292476,26.476286539750298,2193838675
sw,-74.7240676879882,-65.3102798461914,49.144776832302995,25.969278724333908,2193855342
sw,-73.7640075683593,-66.1151657104492,49.01434980473775,24.581148313293223,2193872009
sw,-72.8685684204101,-66.599983215332,47.89938257131319,22.979763520979766,2193888676
sw,-72.1630325317382,-66.9811477661132,44.87264607515353,21.78044616564539,2193905343
sw,-71.6668472290039,-67.4214630126953,39.044724743284974,21.398467598160252,2193922010
sw,-71.303840637207,-68.0135269165039,29.67846702257168,21.965131519665956,2193938677
sw,-71.0192031860351,-68.9699172973632,16.315747549656333,23.343760224318007,2193955344
sw,-70.7763519287109,-69.9177551269531,-1.0874731421775952,25.23233635405506,2193972011
sw,-70.9054183959961,-70.8504867553711,-22.050631244051488,27.29784626366707,2193988678
sw,-71.5859603881836,-71.5880355834961,-45.53504019500187,29.280117578465042,2194005345
sw,-72.7136001586914,-72.2154235839843,-70.02945371280673,31.031750329329192,2194022012
sw,-74.2870559692382,-72.9222183227539,-93.75709142629117,32.50363741995021,2194038679
sw,-76.3102111816406,-73.9018249511718,-114.95915176313777,33.7131158766718,2194055346
sw,-78.5954895019531,-74.9942779541015,-132.17935698526858,34.72705780379026,2194072013
sw,-80.8271789550781,-75.9791412353515,-144.47325478289727,35.66354044520426,2194088680
sw,-82.9551925659179,-76.8529205322265,-151.4944104743785,36.69045481925302,2194105347
sw,-84.8983840942382,-77.707893371582,-153.4552283351386,37.99921603286371,2194122014
sw,-86.3508987426757,-78.6011886596679,-151.0015277523315,39.75314721914199,2194138681
sw,-86.588264465332,-79.5345382690429,-145.05717905421068,42.03128900492614,2194155348
sw,-85.5486068725586,-80.4716262817382,-136.68330325278635,44.79263236101982,2194172015
sw,-83.8666229248046,-81.3886337280273,-126.96790355571153,47.87454581237009,2194188682
sw,-82.0465545654296,-82.3137741088867,-116.93477915632201,51.024535094887455,2194205349
sw,-80.2779769897461,-83.2736053466796,-107.44950051935075,53.954983390743806,2194222016
sw,-78.6736831665039,-84.2760467529296,-99.11038437726832,56.406551708882326,2194238683
sw,-77.200569152832,-85.3300323486328,-92.13792689906721,58.20474801325095,2194255350
sw,-75.7612686157226,-86.4217147827148,-86.3014703277026,59.29502080362019,2194272017
sw,-74.3848037719726,-87.4981384277343,-80.92988770609979,59.74587292976416,2194288684
sw,-73.1174926757812,-88.5884780883789,-75.03615009305861,59.71782624248378,2194305351
sw,-71.9781417846679,-90.0,-67.55003462469784,59.406991301843206,2194322018
sw,-70.9647140502929,-90.0,-57.61327034344206,58.98095942095295,2194338685
sw,-70.1233367919921,-88.5415573120117,-44.86104338858864,58.526709377908624,2194355352
sw,-69.4949951171875,-87.4563217163086,-29.603333696370452,58.02374483133578,2194372019
sw,-69.1572647094726,-86.4188156127929,-12.83589902412906,57.344464778687836,2194388686
sw,-69.3786087036132,-85.4148635864257,3.944974936142574,56.274047379170305,2194405353
sw,-69.9048614501953,-84.4451904296875,19.08657194373227,54.53831998803048,2194422020
sw,-70.9006118774414,-83.5283737182617,31.184473001004203,51.83056936001638,2194438687
sw,-71.6615295410156,-82.66259765625,39.4200046762341,47.83418433158183,2194455354
sw,-72.5181884765625,-81.9080123901367,43.72412600826918,42.24366826566632,2194472021
sw,-73.5456848144531,-81.3228988647461,44.727309189292164,34.789259364186684,2194488688
sw,-74.5408706665039,-80.9320068359375,43.530524342259376,25.26951975472341,2194505355
sw,-75.2360229492187,-80.7655868530273,41.38314611355275,13.592616764378459,2194522022
sw,-75.6366195678711,-80.7776184082031,39.36985961111116,-0.1784371423100575,2194538689
sw,-76.1951751708984,-80.9355773925781,38.197497316893966,-15.787745406646263,2194555356
sw,-77.2395477294921,-81.4060287475586,38.136520405665,-32.771711898858285,2194572023
sw,-78.2752151489257,-82.4065628051757,39.11264105767756,-50.481554512805154,2194588690
sw,-79.290901184082,-83.6728744506836,40.88331424490659,-68.14507874160682,2194605357
sw,-80.0485153198242,-85.0784454345703,43.2060917312511,-84.95265497150655,2194622024
sw,-80.7667388916015,-86.3315734863281,45.92680214164363,-100.14300198791959,2194638691
sw,-81.5877685546875,-86.6890869140625,48.966888436084474,-113.06918522313661,2194655358
sw,-82.5420989990234,-85.4750213623046,52.23902877187186,-123.23784374553965,2194672025
sw,-83.55810546875,-83.4381942749023,55.54893205260482,-130.32492933488345,2194688692
sw,-84.6564331054687,-81.2922286987304,58.54523344447619,-134.17582755832902,2194705359
sw,-85.879638671875,-79.2160491943359,60.75951468035734,-134.79851756797927,2194722026
sw,-87.168212890625,-77.2261352539062,61.7379285888472,-132.3561998270951,2194738693
sw,-88.3814163208007,-75.2637557983398,61.218920311737776,-127.16030064853294,2194755360
sw,-89.8673019409179,-73.3479232788086,59.281801138636794,-119.65803403778845,2194772027
sw,-89.4640502929687,-71.4505462646484,56.39485717911822,-110.40460456812622,2194788694
sw,-88.1279067993164,-69.59375,53.326723963395835,-100.01112559869793,2194805361
sw,-87.0892639160156,-67.8925323486328,50.93589611473641,-89.06610757927729,2194822028
sw,-86.2803268432617,-66.5043563842773,49.90370302880247,-78.04125073965099,2194838695
sw,-85.576675415039,-65.4084014892578,50.50834475060124,-67.20905477874136,2194855362
sw,-84.7597045898437,-64.4309158325195,52.53335323634172,-56.61115476572927,2194872029
sw,-83.7179641723632,-63.4702835083007,55.355334514303486,-46.10835159318087,2194888696
sw,-82.4674835205078,-62.6634483337402,58.17945784063938,-35.51074398967974,2194905363
sw,-81.2238998413086,-62.1835098266601,60.32458401612108,-24.743911317886905,2194922030
sw,-80.1664886474609,-61.9594001770019,61.43975044066915,-13.982028798697826,2194938697
sw,-79.2574691772461,-61.9874649047851,61.57072734908114,-3.688370728952086,2194955364
sw,-78.4024887084961,-62.1782875061035,61.06711438185777,5.458930588220621,2194972031
sw,-77.4863586425781,-62.5183677673339,60.38690773993781,12.73470190254868,2194988698
sw,-76.5375900268554,-63.1274147033691,59.88547653813911,17.575871730828336,2195005365
sw,-75.5860443115234,-63.9548530578613,59.664197429834765,19.766846944406563,2195022032
sw,-74.6033325195312,-64.5945129394531,59.51723114357182,19.54138211817659,2195038699
sw,-73.5389099121093,-65.1580276489257,58.97452557784135,17.564728518663753,2195055366
sw,-72.4268112182617,-65.7262496948242,57.408941812198044,14.796611273989743,2195072033
sw,-71.4022445678711,-66.1260910034179,54.16152327906854,12.270884936285947,2195088700
sw,-70.6093521118164,-66.3579025268554,48.64401306266283,10.848415058337217,2195105367
sw,-70.0606460571289,-66.4734497070312,40.399922784145,11.006714784684961,2195122034
sw,-69.7062377929687,-66.6771697998046,29.13415577817402,12.728241861198919,2195138701
sw,-69.5604858398437,-67.1850051879882,14.739280028728237,15.532698492747292,2195155368
sw,-69.5048904418945,-68.0122756958007,-2.6585902280118794,18.65736032699734,2195172035
sw,-69.6587371826171,-69.288589477539,-22.63748695312586,21.330816489354568,2195188702
sw,-70.2849502563476,-70.4455032348632,-44.43379449939467,23.03799164604007,2195205369
sw,-71.3134536743164,-70.9134750366211,-66.95765756580597,23.67091371263431,2195222036
sw,-72.6954650878906,-71.111831665039,-88.89757297619231,23.513439439062218,2195238703
sw,-74.5956420898437,-71.6000595092773,-108.90505634770665,23.092142303160564,2195255370
sw,-76.8055572509765,-72.3196868896484,-125.81208173321448,22.98302409413329,2195272037
sw,-79.0067291259765,-73.1748504638671,-138.81349371648514,23.657619037090384,2195288704
sw,-81.1643371582031,-74.0204849243164,-147.5558156819317,25.401939437555214,2195305371
sw,-83.2875289916992,-74.7778854370117,-152.1119261579634,28.29706896060491,2195322038
sw,-85.1855773925781,-75.5903778076171,-152.86902094465646,32.23730505259828,2195338705
sw,-86.4282302856445,-76.5272827148437,-150.38779918611957,36.96974158646427,2195355372
sw,-86.339859008789,-77.5694274902343,-145.28886987471373,42.1465943469832,2195372039
sw,-85.0051116943359,-78.6853256225586,-138.19445042738502,47.38078568602789,2195388706
sw,-83.172492980957,-79.7652053833007,-129.71806575821918,52.293574258030915,2195405373
sw,-81.1936721801757,-80.7317657470703,-120.46924377762105,56.54886526579327,2195422040
sw,-79.3170471191406,-81.697639465332,-111.03417733797907,59.88071920185582,2195438707
sw,-77.7068405151367,-82.7908096313476,-101.90979415622776,62.12721196609392,2195455374
sw,-76.2834930419921,-84.0225677490234,-93.40158781967193,63.27498611918749,2195472041
sw,-74.9938278198242,-85.3169250488281,-85.52843069781558,63.497441855539215,2195488708
sw,-73.7517929077148,-86.5372848510742,-77.9900162609437,63.15256503993429,2195505375
sw,-72.5578079223632,-87.6357803344726,-70.23419568438999,62.71180776513573,2195522042
sw,-71.4641799926757,-88.6245651245117,-61.62049967007749,62.62204047984652,2195538709
sw,-70.5486145019531,-89.8144302368164,-51.63381956998493,63.14202164142611,2195555376
sw,-69.8111114501953,-90.0,-40.078843988727144,64.21844837813917,2195572043
sw,-69.2596969604492,-88.4861297607421,-27.189891148319433,65.45821717748811,2195588710
sw,-69.1302947998046,-87.1891021728515,-13.617832125752685,66.21555114171814,2195605377
sw,-69.1470947265625,-85.8445129394531,-0.294745740307503,65.76418100091735,2195622044
sw,-69.6362686157226,-84.5082397460937,11.784541938450793,63.489481486852995,2195638711
sw,-70.1110305786132,-83.3277053833007,21.798703519890797,59.02915119279173,2195655378
sw,-70.7941513061523,-82.4491119384765,29.284026342593904,52.31555533672603,2195672045
sw,-71.652717590332,-81.8590087890625,34.215112713510415,43.51694258657296,2195688712
sw,-72.4708251953125,-81.4627304077148,36.96483232416727,32.918462318837385,2195705379
sw,-73.1582489013671,-81.2272109985351,38.163850237525075,20.80641995845856,2195722046
sw,-73.7539901733398,-81.1223907470703,38.511860966507655,7.409408335300109,2195738713
sw,-74.3348846435546,-81.1339950561523,38.608884286751966,-7.086209359235574,2195755380
sw,-75.1281280517578,-81.2920227050781,38.86454457325358,-22.471332389132723,2195772047
sw,-76.1988449096679,-81.851821899414,39.50391350529277,-38.44982154646869,2195788714
sw,-77.1744842529296,-83.0219192504882,40.63782225827113,-54.61921612848526,2195805381
sw,-78.0099105834961,-84.4393005371093,42.3352753323017,-70.50797979037068,2195822048
sw,-78.571662902832,-86.0400772094726,44.647315161590434,-85.64322732779353,2195838715
sw,-79.2305679321289,-87.6047821044921,47.574599339904424,-99.60652374531236,2195855382
sw,-80.188850402832,-87.9110946655273,51.00980834921674,-112.04863999442988,2195872049
sw,-81.2654495239257,-85.9959640502929,54.69589147532976,-122.6631523350779,2195888716
sw,-82.4364395141601,-83.4818496704101,58.22785263426794,-131.14302960181095,2195905383
sw,-83.6293869018554,-80.9663009643554,61.10830432569063,-137.1526270531436,2195922050
sw,-84.8133392333984,-78.579231262207,62.8519943536212,-140.33940683524673,2195938717
sw,-85.9585266113281,-76.3768005371093,63.11737514495571,-140.3908335665886,2195955384
sw,-87.0689544677734,-74.273193359375,61.825685627021294,-137.1210052600784,2195972051
sw,-88.2602157592773,-72.2049942016601,59.22093094733662,-130.5575605108756,2195988718
sw,-89.4894790649414,-70.1979217529296,55.836122724762376,-120.99646269910669,2196005385
sw,-89.5381774902343,-68.3439712524414,52.361229380668306,-108.9988998027214,2196022052
sw,-88.6647033691406,-66.6911849975586,49.44773384024046,-95.31834647312154,2196038719
sw,-87.8617401123046,-65.2860488891601,47.5181962844841,-80.76665489953085,2196055386
sw,-87.0372009277343,-64.1516342163086,46.65686663334227,-66.05382728406079,2196072053
sw,-86.0870361328125,-63.2299842834472,46.62682647167726,-51.65708738241235,2196088720
sw,-85.1075210571289,-62.5137634277343,47.00165333305985,-37.775599884373555,2196105387
sw,-84.214973449707,-61.9596519470214,47.348307039159195,-24.3983060265998,2196122054
sw,-83.3835144042968,-61.5659065246582,47.38280853600432,-11.461876337013342,2196138721
sw,-82.5945358276367,-61.3929862976074,47.044635196497694,0.97140020142406,2196155388
sw,-81.8284301757812,-61.6136741638183,46.4780603084346,12.60159072655845,2196172055
sw,-81.0805358886718,-62.2836570739746,45.94375035473657,22.900948811078738,2196188722
sw,-80.3277740478515,-63.077350616455,45.69983464995756,31.239691434438793,2196205389
sw,-79.5596160888671,-63.9211730957031,45.8901954957334,37.06520975431087,2196222056
sw,-78.75634765625,-64.7589035034179,46.466254198847636,40.05671407768951,2196238723
sw,-77.9129180908203,-65.6003952026367,47.153802712199735,40.20693182543108,2196255390
sw,-77.0551834106445,-66.5066528320312,47.463295826953846,37.82718555167097,2196272057
sw,-76.2387466430664,-67.3703842163086,46.734051155883925,33.49792972633866,2196288724
sw,-75.5129241943359,-68.0029830932617,44.20202558706097,27.985223230667547,2196305391
sw,-74.9098434448242,-68.3256149291992,39.086103941693494,22.13299622063458,2196322058
sw,-74.4799346923828,-68.5929641723632,30.694022640320053,16.741745664980563,2196338725
sw,-74.2179336547851,-68.8563919067382,18.54914493059754,12.455778652251995,2196355392
sw,-74.0673751831054,-69.3320083618164,2.5288086199771103,9.685554352727562,2196372059
sw,-74.1459579467773,-69.8983993530273,-17.01376936116663,8.579114942924434,2196388726
sw,-74.6437530517578,-69.9593734741211,-39.18818462022888,9.038080859037578,2196405393
sw,-75.6451873779296,-70.2278213500976,-62.60905057411316,10.766687598004298,2196422060
sw,-77.1105117797851,-70.8836135864257,-85.55854779090316,13.34766571576386,2196438727
sw,-79.0150451660156,-71.6483459472656,-106.24384383900538,16.339464194328116,2196455394
sw,-81.1643829345703,-72.3882141113281,-123.08606080553116,19.376038761056964,2196472061
sw,-83.2304153442382,-73.1785736083984,-134.96333633792963,22.23746982298035,2196488728
sw,-85.0142211914062,-73.8968353271484,-141.34741463435185,24.86584289220152,2196505395
sw,-86.2752227783203,-74.5130004882812,-142.3134495477671,27.324791223532895,2196522062
sw,-86.5599822998046,-75.1648864746093,-138.4468974264982,29.7255537814206,2196538729
sw,-85.7360763549804,-75.8967208862304,-130.6982342224051,32.15310433529418,2196555396
sw,-84.3440399169921,-76.7157135009765,-120.23515027910861,34.620435174781306,2196572063
sw,-82.7549743652343,-77.5562896728515,-108.31849336525264,37.06401711627267,2196588730
sw,-81.1893157958984,-78.4267959594726,-96.19906850858075,39.377381437836505,2196605397
sw,-79.8432312011718,-79.382942199707,-85.0145921088826,41.46731975802473,2196622064
sw,-78.6631317138671,-80.4104690551757,-75.6690663386292,43.30924060101251,2196638731
sw,-77.5479354858398,-81.336799621582,-68.69822594823981,44.97661325010088,2196655398
sw,-76.4488906860351,-82.2841873168945,-64.1516112440443,46.627903002063555,2196672065
sw,-75.3670654296875,-83.2288513183593,-61.538397165402394,48.45242488183703,2196688732
sw,-74.3590393066406,-84.1702499389648,-59.8807170406056,50.595462867753156,2196705399
sw,-73.4109725952148,-85.1636962890625,-57.89431161122631,53.0922632346056,2196722066
sw,-72.5060653686523,-86.2565536499023,-54.277661779824335,55.836066203080236,2196738733
sw,-71.6622924804687,-87.4245071411132,-48.04777541540758,58.59049595432845,2196755400
sw,-70.8996200561523,-88.655647277832,-38.82894395038446,61.038557827490564,2196772067
sw,-70.3162384033203,-90.0,-26.996964643395852,62.84718225763072,2196788734
sw,-70.0494003295898,-89.3577575683593,-13.61494252882643,63.72278511632399,2196805401
sw,-70.120132446289,-88.0422592163086,-0.1617709975492435,63.439348764857385,2196822068
sw,-70.6592941284179,-86.9135818481445,11.870977478451396,61.832287428552824,2196838735
sw,-71.4380950927734,-85.9002685546875,21.383435905187902,58.76487876971529,2196855402
sw,-71.981460571289,-85.0056991577148,27.934943201139237,54.08561119854273,2196872069
sw,-72.4651794433593,-84.204345703125,31.786172025414412,47.60026087203884,2196888736
sw,-73.0151672363281,-83.5100021362304,33.71677845493257,39.07868479893933,2196905403
sw,-73.6280441284179,-83.0179824829101,34.7047799149325,28.303891154804862,2196922070
sw,-74.2238082885742,-82.7792739868164,35.59399108291791,15.155245565809448,2196938737
sw,-74.6140670776367,-82.7830276489257,36.862181230060635,-0.2950221639986462,2196955404
sw,-75.2811126708984,-83.0018463134765,38.55493774126744,-17.699925928194546,2196972071
sw,-76.5459976196289,-83.4583969116211,40.388661202453235,-36.40038764187017,2196988738
sw,-77.9230804443359,-84.4052505493164,41.96245748140257,-55.45800053772965,2197005405
sw,-78.8994598388671,-85.7753372192382,42.97438427850631,-73.76814766941106,2197022072
sw,-79.3052444458007,-87.3431854248046,43.34441627309197,-90.23697351893632,2197038739
sw,-79.7406539916992,-88.1866302490234,43.209841925944026,-103.97713181058293,2197055406
sw,-80.4999084472656,-86.7803421020507,42.83427388153645,-114.4623412884917,2197072073
sw,-81.385139465332,-84.6125030517578,42.503229296513325,-121.58967401449618,2197088740
sw,-82.3682250976562,-82.3780288696289,42.456181522875724,-125.62920583172613,2197105407
sw,-83.2503204345703,-80.2178573608398,42.86266725103146,-127.08042856062465,2197122074
sw,-84.097671508789,-78.1334228515625,43.82462927896602,-126.48641835410274,2197138741
sw,-84.8921279907226,-76.0599822998046,45.38527600485221,-124.26696087882377,2197155408
sw,-85.7535629272461,-74.0100936889648,47.5335800626036,-120.61811882295005,2197172075
sw,-86.7221298217773,-72.0284423828125,50.20192150409776,-115.4969216528833,2197188742
sw,-87.7615737915039,-70.1621322631836,53.259479521603026,-108.68068710596579,2197205409
sw,-88.7322082519531,-68.3921432495117,56.507398124511724,-99.87309510947493,2197222076
sw,-89.3453826904296,-66.719123840332,59.6846808318758,-88.8265366810179,2197238743
sw,-88.5837707519531,-65.2182388305664,62.494291092707336,-75.45643675441252,2197255410
sw,-87.3901596069336,-63.9778442382812,64.65294299055996,-59.92999703322265,2197272077
sw,-86.127082824707,-62.9921989440918,65.95496011405905,-42.71562329006723,2197288744
sw,-84.908462524414,-62.3399581909179,66.32783342498378,-24.58192814995913,2197305411
sw,-83.7715301513671,-62.0876502990722,65.85529011102093,-6.539753558124925,2197322078
sw,-82.6451034545898,-62.1653213500976,64.75574008319305,10.271007573062333,2197338745
sw,-81.5352706909179,-62.5675659179687,63.32171361615498,24.735938903619026,2197355412
sw,-80.4517517089843,-63.387409210205,61.837852082199504,35.93453298354379,2197372079
sw,-79.3879318237304,-64.3115921020507,60.496311756336645,43.2853059413333,2197388746
sw,-78.328384399414,-65.2958145141601,59.32287815392112,46.63325022775801,2197405413
sw,-77.2961349487304,-66.4164505004882,58.121406571451004,46.26531942494567,2197422080
sw,-76.3235931396484,-67.6562805175781,56.442550051554825,42.86357152116962,2197438747
sw,-75.4471893310546,-68.7372360229492,53.585476586500896,37.41033310581244,2197455414
sw,-74.7160339355468,-69.0759887695312,48.64578460357255,31.046175141612686,2197472081
sw,-74.1333236694336,-69.1237640380859,40.624028309996845,24.88239335307902,2197488748
sw,-73.7079849243164,-69.5250854492187,28.601156102098525,19.803492956400817,2197505415
sw,-73.3323822021484,-69.7516326904296,11.966571582779093,16.329668834921968,2197522082
sw,-73.3013610839843,-70.6117324829101,-9.34404428339654,14.597491574267394,2197538749
sw,-73.7766952514648,-71.6767501831054,-34.66683649636721,14.457204294769092,2197555416
sw,-74.8377151489257,-71.8600997924804,-62.55093969809513,15.624172188893196,2197572083
sw,-76.1833572387695,-72.1978378295898,-90.8656103066792,17.807865941415024,2197588750
sw,-77.8093872070312,-72.9125823974609,-117.07704723183765,20.778506712645562,2197605417
sw,-80.1556549072265,-73.8217239379882,-138.65694267678413,24.378294649571565,2197622084
sw,-82.9158172607421,-74.6987991333007,-153.5447060985768,28.501889502908703,2197638751
sw,-85.3344421386718,-75.597297668457,-160.55413959507592,33.06308526381723,2197655418
sw,-87.0376663208007,-76.5037231445312,-159.61449692763935,37.95783736582459,2197672085
sw,-86.9776077270507,-77.4395217895507,-151.78001652205947,43.03573493439799,2197688752
sw,-85.5045547485351,-78.4918441772461,-139.01239735822583,48.09136234132598,2197705419
sw,-83.7495040893554,-79.6460800170898,-123.79842922332392,52.878059485081344,2197722086
sw,-82.0726852416992,-80.7791519165039,-108.68902892840633,57.13640272442015,2197738753
sw,-80.5022735595703,-81.8146057128906,-95.84437261878011,60.62718321192508,2197755420
sw,-79.1141967773437,-82.8283004760742,-86.66015461774467,63.164453689236765,2197772087
sw,-77.8210067749023,-83.9533157348632,-81.5403239537588,64.64999395588436,2197788754
sw,-76.5077972412109,-85.19287109375,-79.86705914195505,65.10716149646427,2197805421
sw,-75.0603637695312,-86.4275741577148,-80.18837287603851,64.7002616471666,2197822088
sw,-73.5205383300781,-87.5698165893554,-80.59348623288466,63.71765652205315,2197838755
sw,-72.0158462524414,-88.6224288940429,-79.18896687124929,62.50579123155311,2197855422
sw,-70.7051391601562,-90.0,-74.55118747557543,61.36675544116429,2197872089
sw,-69.6073913574218,-90.0,-66.03530999517696,60.45761886179638,2197888756
sw,-68.7395706176757,-88.5781173706054,-53.86836476071704,59.73578229900002,2197905423
sw,-68.1436157226562,-87.392707824707,-39.02186187500252,58.97416688831053,2197922090
sw,-67.8221435546875,-86.2594299316406,-22.91917230739315,57.835402948469664,2197938757
sw,-67.8825073242187,-85.206298828125,-7.06783371301067,55.96706683960651,2197955424
sw,-68.2657852172851,-84.2644119262695,7.284503271632887,53.07570511901841,2197972091
sw,-68.6088104248046,-83.4592971801757,19.38550241871903,48.95528753770473,2197988758
sw,-69.236831665039,-82.7839279174804,29.053293193211935,43.47272893127651,2198005425
sw,-70.0173645019531,-82.1714324951171,36.58641653197959,36.53368844281528,2198022092
sw,-70.8344955444336,-81.6429443359375,42.54986252706437,28.0565615570567,2198038759
sw,-71.7370452880859,-81.2965621948242,47.51088085904131,17.97199564339577,2198055426
sw,-72.5893402099609,-81.2270584106445,51.811390023921895,6.248558314724042,2198072093
sw,-73.4343643188476,-81.3465805053711,55.455282418661625,-7.067127281236928,2198088760
sw,-74.4549102783203,-81.6570587158203,58.154688309976805,-21.811595119165407,2198105427
sw,-76.020278930664,-82.2318115234375,59.52080932505915,-37.68178859321688,2198122094
sw,-77.3582305908203,-83.1695327758789,59.32025136793281,-54.23923416042449,2198138761
sw,-78.6033706665039,-84.4800491333007,57.68070116869014,-70.94447403534257,2198155428
sw,-79.7998046875,-86.0914993286132,55.147384993943,-87.21368902380469,2198172095
sw,-80.3604278564453,-87.6273498535156,52.55781834234621,-102.47878065904821,2198188762
sw,-80.9312210083007,-87.4851913452148,50.78160329655742,-116.22886985775416,2198205429
sw,-81.7599563598632,-85.390754699707,50.428231377236536,-128.01881564092432,2198222096
sw,-82.732666015625,-82.8482666015625,51.63799964492895,-137.44719948602832,2198238763
sw,-83.8099594116211,-80.279670715332,54.0363673647235,-144.1250217866499,2198255430
sw,-84.9839782714843,-77.7939682006836,56.867570669592766,-147.66628481212254,2198272097
sw,-86.2447967529296,-75.5100021362304,59.25776610170353,-147.72415737992395,2198288764
sw,-87.4235916137695,-73.3128890991211,60.515142562668615,-144.0730681862687,2198305431
sw,-88.6507034301757,-71.1256408691406,60.36581985008563,-136.710477384571,2198322098
sw,-90.0,-68.9109115600586,59.04907631394964,-125.9364441436328,2198338765
sw,-88.8145294189453,-66.7941741943359,57.241586246216606,-112.37066086595384,2198355432
sw,-87.6138610839843,-65.0578918457031,55.83258857583738,-96.8846683633596,2198372099
sw,-86.7444229125976,-63.773094177246,55.61978697467302,-80.45854103864016,2198388766
sw,-86.0267944335937,-62.7407188415527,57.02951921444159,-64.0071424826836,2198405433
sw,-85.23095703125,-61.7648963928222,59.96737888830286,-48.24097444501511,2198422100
sw,-84.1134414672851,-60.8901596069335,63.86190911465489,-33.61222928869079,2198438767
sw,-82.6716156005859,-60.3037338256835,67.88271489318991,-20.352526965652523,2198455434
sw,-81.2160263061523,-60.0216064453125,71.23424142486044,-8.564181304055781,2198472101
sw,-79.9629516601562,-59.9949760437011,73.39438099129428,1.6897437372078452,2198488768
sw,-78.9067687988281,-60.0797500610351,74.2032667946547,10.33616420971825,2198505435
sw,-77.8823013305664,-60.3379135131835,73.78900667481096,17.294667291886437,2198522102
sw,-76.8113632202148,-60.6590614318847,72.39363918048245,22.5206717153147,2198538769
sw,-75.6971740722656,-61.2594146728515,70.19353275340488,26.065759836225617,2198555436
sw,-74.5149841308593,-62.1739234924316,67.18750241564697,28.126506127187643,2198572103
sw,-73.3069763183593,-62.9881477355957,63.17678587428952,29.052681456451225,2198588770
sw,-72.1692123413086,-63.5718650817871,57.81499377658721,29.296843660489856,2198605437
sw,-71.2479019165039,-64.1178970336914,50.68431752600986,29.314402118305367,2198622104
sw,-70.6421890258789,-64.8534774780273,41.36203045314986,29.45319156221312,2198638771
sw,-70.3287124633789,-65.6696395874023,29.469265332833277,29.880403548923876,2198655438
sw,-70.2783966064453,-66.4156494140625,14.722225482080042,30.574787393757212,2198672105
sw,-70.3807754516601,-67.4171676635742,-2.9865968897016644,31.380755265785115,2198688772
sw,-70.5331573486328,-68.6599044799804,-23.472023896896307,32.09799196200235,2198705439
sw,-70.8935089111328,-69.7915573120117,-46.140367634372055,32.57066802861672,2198722106
sw,-71.9500503540039,-70.6245422363281,-69.94093470663924,32.74404015581364,2198738773
sw,-73.5626373291015,-71.2486267089843,-93.44444625063524,32.6736885902027,2198755440
sw,-75.5372314453125,-71.978759765625,-115.05810935397432,32.49705710918251,2198772107
sw,-77.9336318969726,-72.9080734252929,-133.3217929688154,32.39254461777117,2198788774
sw,-80.4901046752929,-73.9830703735351,-147.18756000986647,32.54761112258413,2198805441
sw,-82.7515640258789,-74.9771728515625,-156.1876340129286,33.14008917931934,2198822108
sw,-84.6013793945312,-75.8450698852539,-160.44083409007047,34.322755148707216,2198838775
sw,-85.8096923828125,-76.7251663208007,-160.51329955900437,36.20168663506576,2198855442
sw,-85.9031829833984,-77.6917419433593,-157.20439095552132,38.810118952991225,2198872109
sw,-84.8143539428711,-78.7315597534179,-151.34566405112196,42.08797541109473,2198888776
sw,-83.1235122680664,-79.7451782226562,-143.6747845192778,45.87563498402788,2198905443
sw,-81.143798828125,-80.649787902832,-134.79722166600794,49.924401597821785,2198922110
sw,-79.1050186157226,-81.5117492675781,-125.20501902968526,53.92426914161792,2198938777
sw,-77.2175521850586,-82.4641723632812,-115.30348239517623,57.55121965169869,2198955444
sw,-75.5934371948242,-83.5707168579101,-105.40810604398483,60.532492429911855,2198972111
sw,-74.1700668334961,-84.78955078125,-95.70643121099495,62.714784929371106,2198988778
sw,-72.8489990234375,-86.0024719238281,-86.21298890649655,64.1060476365762,2199005445
sw,-71.5626373291015,-87.135498046875,-76.75880361788634,64.86176039649702,2199022112
sw,-70.3425674438476,-88.1825332641601,-67.04158762504213,65.20820788498742,2199038779
sw,-69.2466201782226,-89.2675170898437,-56.729525229176424,65.32835575129718,2199055446
sw,-68.4372787475586,-90.0,-45.58224555967366,65.25973399240753,2199072113
sw,-67.8941802978515,-88.78759765625,-33.54421368174983,64.85188089508826,2199088780
sw,-67.5464096069336,-87.5154113769531,-20.780225391472847,63.80321006544413,2199105447
sw,-67.5270385742187,-86.3517074584961,-7.6485947220503,61.75952540082064,2199122114
sw,-67.7776184082031,-85.2509689331054,5.3695269823072005,58.42958206182268,2199138781
sw,-67.9889907836914,-84.2447967529296,17.755924771439222,53.66926075649206,2199155448
sw,-68.5216293334961,-83.3958053588867,29.03176914673042,47.50321149335319,2199172115
sw,-69.4098968505859,-82.7177276611328,38.81300958263467,40.08038790644864,2199188782
sw,-70.5714950561523,-82.2298126220703,46.84183686833369,31.5860870977053,2199205449
sw,-71.6831512451171,-81.9386367797851,52.99150522251873,22.149301555097107,2199222116
sw,-72.7093505859375,-81.8056869506836,57.243528788814984,11.785357613892296,2199238783
sw,-73.7680053710937,-81.8176574707031,59.64977485015029,0.39958956072426416,2199255450
sw,-74.7978591918945,-82.0001907348632,60.308656064443205,-12.146582531607018,2199272117
sw,-75.8093338012695,-82.3596420288086,59.38393144140063,-25.93085657307927,2199288784
sw,-77.1745147705078,-82.894416809082,57.16729056073059,-40.866007646060936,2199305451
sw,-78.7700958251953,-83.8786849975586,54.14468228949206,-56.63615565880946,2199322118
sw,-79.9883193969726,-85.2394332885742,51.000136625614715,-72.69674329874213,2199338785
sw,-80.5631866455078,-86.6857757568359,48.50878093653116,-88.33626340915822,2199355452
sw,-81.0025177001953,-87.6927642822265,47.33502417467051,-102.77631560998455,2199372119
sw,-81.8326187133789,-87.1147308349609,47.82038194737289,-115.27939641047999,2199388786
sw,-82.8384552001953,-84.9966812133789,49.862212523681556,-125.2395174805678,2199405453
sw,-83.9600296020507,-82.4170303344726,52.93703610581513,-132.2403432589321,2199422120
sw,-85.1717224121093,-79.8596267700195,56.251901387147655,-136.0747122029696,2199438787
sw,-86.322998046875,-77.5019454956054,58.96250566956232,-136.72981256513333,2199455454
sw,-87.418960571289,-75.3783187866211,60.39047568374466,-134.35259569833403,2199472121
sw,-88.4336471557617,-73.3601379394531,60.189002466211065,-129.21370465214002,2199488788
sw,-89.7338562011718,-71.3654632568359,58.42776897674922,-121.68112751771766,2199505455
sw,-89.5902709960937,-69.38330078125,55.58508710846552,-112.20077163519899,2199522122
sw,-88.1715850830078,-67.5384063720703,52.446141357109475,-101.27011114756105,2199538789
sw,-87.1901397705078,-65.9669570922851,49.9182504134371,-89.39259342472239,2199555456
sw,-86.4522628784179,-64.7254180908203,48.79639994113164,-77.01627694678194,2199572123
sw,-85.7848510742187,-63.698371887207,49.54182866453281,-64.47999711088538,2199588790
sw,-85.0175628662109,-62.7408218383789,52.1514405069397,-51.997515596819106,2199605457
sw,-84.0022735595703,-61.8629035949707,56.17339920945253,-39.69481397404579,2199622124
sw,-82.7140655517578,-61.2476997375488,60.865758781600434,-27.68555521759203,2199638791
sw,-81.3661422729492,-60.9626770019531,65.43063887424276,-16.145922996326398,2199655458
sw,-80.1345901489257,-60.9588317871093,69.22470727799167,-5.349908020918657,2199672125
sw,-79.0732803344726,-61.1606483459472,71.86693031686835,4.351645895645519,2199688792
sw,-78.0541076660156,-61.4316596984863,73.22326431669795,12.597289523922576,2199705459
sw,-76.9257431030273,-61.8890495300293,73.30816166807546,19.09909666215524,2199722126
sw,-75.7171401977539,-62.4361190795898,72.16997231152999,23.716611392953386,2199738793
sw,-74.4643783569336,-63.0505409240722,69.81274478025921,26.502007477777163,2199755460
sw,-73.2255783081054,-63.8022918701171,66.16927596408222,27.708813618972222,2199772127
sw,-72.1254653930664,-64.6623306274414,61.10760889081487,27.762899067978605,2199788794
sw,-71.1894760131836,-65.4501495361328,54.443202337690906,27.196192282315764,2199805461
sw,-70.4453659057617,-65.9760818481445,45.94183439041606,26.548354529547904,2199822128
sw,-69.9823608398437,-66.5532455444336,35.32160906730358,26.255823842182686,2199838795
sw,-69.7948608398437,-67.254638671875,22.280514860549193,26.56355894536725,2199855462
sw,-69.7737503051757,-68.1773681640625,6.576587875737469,27.494219202014367,2199872129
sw,-69.8190841674804,-69.3060226440429,-11.834291568187796,28.885556361083687,2199888796
sw,-70.0032196044921,-70.2203292846679,-32.636716475406786,30.475060936344438,2199905463
sw,-70.6127853393554,-71.022834777832,-55.039634361312885,31.994176361356313,2199922130
sw,-71.8418807983398,-71.775146484375,-77.78122216445605,33.24085611052898,2199938797
sw,-73.5627822875976,-72.5495834350586,-99.29243681715866,34.11848917068398,2199955464
sw,-75.6577835083007,-73.4365310668945,-117.98975311753044,34.645762849971234,2199972131
sw,-78.0322036743164,-74.4660186767578,-132.60670924968426,34.94798129750454,2199988798
sw,-80.4057083129882,-75.4398880004882,-142.45157618758637,35.23683560094825,2200005465
sw,-82.4146575927734,-76.3106307983398,-147.50506724000562,35.77903431026548,2200022132
sw,-84.0570373535156,-77.1581344604492,-148.33481180109374,36.852114509567656,2200038799
sw,-85.2342071533203,-78.0601119995117,-145.87408463360933,38.69052062116322,2200055466
sw,-85.7368087768554,-79.0207977294921,-141.15795564627308,41.43109766519295,2200072133
sw,-85.2949752807617,-79.9930725097656,-135.1096147095631,45.06842342554006,2200088800
sw,-84.1250076293945,-80.9105072021484,-128.42822179373155,49.42834348566158,2200105467
sw,-82.511848449707,-81.8020248413086,-121.5742953205948,54.167965264041136,2200122134
sw,-80.7688217163086,-82.7892303466796,-114.80906837432067,58.81172014738352,2200138801
sw,-79.083755493164,-83.9084777832031,-108.23620149843556,62.82881073378794,2200155468
sw,-77.5375823974609,-85.1100387573242,-101.81547418590515,65.74324003951081,2200172135
sw,-76.080322265625,-86.360725402832,-95.35255746369737,67.24952487794025,2200188802
sw,-74.6689224243164,-87.6424102783203,-88.4955397080583,67.29677217803436,2200205469
sw,-73.3687286376953,-88.9242553710937,-80.77286459354863,66.10868475268899,2200222136
sw,-72.1917572021484,-90.0,-71.68882515091927,64.12628203459872,2200238803
sw,-71.1845779418945,-89.3236312866211,-60.864005249174404,61.8862315765008,2200255470
sw,-70.3451538085937,-88.2003936767578,-48.183343061671735,59.87036433645458,2200272137
sw,-69.711685180664,-87.169807434082,-33.90301041601587,58.37141889524295,2200288804
sw,-69.3245239257812,-86.1738739013671,-18.672845033796722,57.4121635009635,2200305471
sw,-69.335693359375,-85.2168502807617,-3.453210634438899,56.73483224517344,2200322138
sw,-69.612922668457,-84.2217864990234,10.661674324474598,55.85597038652726,2200338805
sw,-70.2164535522461,-83.1780624389648,22.669081243407728,54.1662437284842,2200355472
sw,-70.9556655883789,-82.1820907592773,31.868260621091334,51.04718632450921,2200372139
sw,-71.65673828125,-81.2894058227539,37.996923191077705,45.976582267536486,2200388806
sw,-72.6421203613281,-80.5865783691406,41.25949926919939,38.60144180435537,2200405473
sw,-73.6937789916992,-80.1608734130859,42.245451086169595,28.771142345799696,2200422140
sw,-74.6033325195312,-79.95556640625,41.76331397005145,16.537980146675874,2200438807
sw,-75.3488311767578,-79.9772033691406,40.636550019203725,2.1407872503222043,2200455474
sw,-75.8289031982421,-80.2058181762695,39.522934825466294,-14.014961859772894,2200472141
sw,-76.4763641357421,-80.6442642211914,38.82051504494365,-31.377686356287793,2200488808
sw,-77.7246475219726,-81.4615325927734,38.69230673308743,-49.27856412450586,2200505475
sw,-78.9329605102539,-82.7784347534179,39.18050080289705,-66.97814985201597,2200522142
sw,-79.5733413696289,-84.2716674804687,40.3275925070064,-83.73110587673834,2200538809
sw,-80.1388931274414,-85.8876266479492,42.22335493822067,-98.85717474366903,2200555476
sw,-80.9256973266601,-87.1599960327148,44.95436651442696,-111.80148798057486,2200572143
sw,-81.8399276733398,-86.8078842163086,48.496893131695096,-122.1718280232876,2200588810
sw,-82.7862396240234,-84.7716751098632,52.62010722389931,-129.74839432952302,2200605477
sw,-83.8315963745117,-82.3865051269531,56.855816582114045,-134.46815613425107,2200622144
sw,-85.0141448974609,-80.1061782836914,60.563855894358134,-136.39166295917877,2200638811
sw,-86.2852172851562,-77.9669418334961,63.08751303074543,-135.66510804810133,2200655478
sw,-87.5187225341796,-75.8800811767578,63.95492009253931,-132.49031141896927,2200672145
sw,-88.7771453857421,-73.8214111328125,63.05553344545663,-127.10789500334008,2200688812
sw,-90.0,-71.8205871582031,60.722096609519134,-119.78906815192698,2200705479
sw,-88.921890258789,-69.8526535034179,57.678550936100976,-110.82679696216148,2200722146
sw,-87.7315216064453,-68.0218658447265,54.85965978795964,-100.52058789447435,2200738813
sw,-86.8000411987304,-66.4664459228515,53.15297751574459,-89.15703306693545,2200755480
sw,-86.0007095336914,-65.1881942749023,53.14505553012038,-76.9949807726343,2200772147
sw,-85.1835479736328,-64.0765991210937,54.958688892974465,-64.2657646536449,2200788814
sw,-84.1725769042968,-63.0916938781738,58.23847973603377,-51.193333512332266,2200805481
sw,-82.9390869140625,-62.325626373291,62.28515460195564,-38.02757705470022,2200822148
sw,-81.644172668457,-61.8889045715332,66.27999560614623,-25.073583442781473,2200838815
sw,-80.4608383178711,-61.7561111450195,69.5095540399859,-12.699064711109829,2200855482
sw,-79.3588180541992,-61.8441467285156,71.51267948447749,-1.3132905370618877,2200872149
sw,-78.2372589111328,-61.9889411926269,72.11600717148907,8.675803839339787,2200888816
sw,-77.0452728271484,-62.3464241027832,71.3717727383531,16.914703836380074,2200905483
sw,-75.8326263427734,-62.9079627990722,69.43859690350894,23.159390803009597,2200922150
sw,-74.7014541625976,-63.6274261474609,66.44765849528214,27.32702457208999,2200938817
sw,-73.6964492797851,-64.5763931274414,62.38670412831391,29.535227886910068,2200955484
sw,-72.8102874755859,-65.6130142211914,57.026400813824964,30.113527904868224,2200972151
sw,-72.0358581542968,-66.4911575317382,49.90991119683105,29.570531965011195,2200988818
sw,-71.4148483276367,-67.2159881591796,40.420392554695425,28.51079975162858,2201005485
sw,-70.9878997802734,-67.7522430419921,27.926303585581074,27.51610927151687,2201022152
sw,-70.7074203491211,-68.3843307495117,11.981508960305131,27.026853152222284,2201038819
sw,-70.5652236938476,-69.3526763916015,-7.4674648603334735,27.265590152259048,2201055486
sw,-70.8500137329101,-70.1172485351562,-29.930928629189943,28.227997520017023,2201072153
sw,-71.7502822875976,-70.8942489624023,-54.34205306763122,29.735815231050292,2201088820
sw,-73.1178894042968,-71.7811889648437,-79.16824365178708,31.523124106285977,2201105487
sw,-74.8344497680664,-72.6089553833007,-102.64832717659728,33.32429726863191,2201122154
sw,-76.9965286254882,-73.481086730957,-123.0929880388283,34.94367391795232,2201138821
sw,-79.3145065307617,-74.5554809570312,-139.16740912500003,36.30044794883669,2201155488
sw,-81.5634384155273,-75.6474227905273,-150.08526286050383,37.448664636906535,2201172155
sw,-83.452880859375,-76.6355667114257,-155.67533293026804,38.57021151975318,2201188822
sw,-84.9706726074218,-77.5660781860351,-156.32447414907855,39.93519921741846,2201205489
sw,-85.8611907958984,-78.5080108642578,-152.8367555956768,41.82868434097774,2201222156
sw,-85.5370864868164,-79.4873657226562,-146.26200203191723,44.45632376546656,2201238823
sw,-84.2102355957031,-80.4772186279296,-137.7340610295412,47.855278838867015,2201255490
sw,-82.4835510253906,-81.428726196289,-128.3342014849548,51.84123410659582,2201272157
sw,-80.6882095336914,-82.3860931396484,-118.9773789989232,56.01516874891774,2201288824
sw,-79.0231628417968,-83.4346313476562,-110.31725628505755,59.83695389633856,2201305491
sw,-77.525764465332,-84.6013412475586,-102.67550306500935,62.751005619939825,2201322158
sw,-76.0895080566406,-85.8234558105468,-96.0122295483434,64.32836602331648,2201338825
sw,-74.641975402832,-86.9759292602539,-89.95753274161785,64.3792560755297,2201355492
sw,-73.2149581909179,-88.0363616943359,-83.91274178351114,62.998465872539285,2201372159
sw,-71.8539199829101,-88.9835586547851,-77.20661023913767,60.53136066601722,2201388826
sw,-70.6298217773437,-89.5268783569336,-69.26836425552254,57.47786229464102,2201405493
sw,-69.5786514282226,-88.8874130249023,-59.769312494427645,54.370228274546044,2201422160
sw,-68.7760848999023,-87.988899230957,-48.69337690817014,51.66097418797018,2201438827
sw,-68.2603149414062,-87.1076202392578,-36.321096063259304,49.64417831042152,2201455494
sw,-67.9505538940429,-86.300910949707,-23.141741011054137,48.41683775618268,2201472161
sw,-67.8581848144531,-85.5069046020507,-9.73156518162721,47.87557606309843,2201488828
sw,-68.0571823120117,-84.6618957519531,3.357333793700444,47.740031961177316,2201505495
sw,-68.2808990478515,-83.803726196289,15.665437923543779,47.594143858647506,2201522162
sw,-68.7345428466796,-82.9822540283203,26.843341572018755,46.93678227535869,2201538829
sw,-69.4435958862304,-82.205451965332,36.63354707273522,45.234096068977315,2201555496
sw,-70.2963256835937,-81.4313583374023,44.842866121766576,41.96894428869832,2201572163
sw,-71.5165023803711,-80.7899856567382,51.326097645049366,36.68680125115924,2201588830
sw,-72.6341323852539,-80.3682174682617,55.986023033135,29.040429965730347,2201605497
sw,-73.6923065185546,-80.1278762817382,58.78382332777415,18.83660220509923,2201622164
sw,-74.8096389770507,-80.033935546875,59.7565929884645,6.085936721476363,2201638831
sw,-75.828987121582,-80.0803985595703,59.0468787131421,-8.950989235234745,2201655498
sw,-77.0574264526367,-80.2779312133789,56.94593255873526,-25.74031344616466,2201672165
sw,-78.5162506103515,-80.9877548217773,53.932062206451384,-43.50016124890426,2201688832
sw,-79.5426864624023,-82.1961441040039,50.66497454760572,-61.2895518222561,2201705499
sw,-80.2293548583984,-83.6653137207031,47.90232623751555,-78.14721413046829,2201722166
sw,-80.8164596557617,-85.172492980957,46.34318544640175,-93.23745164036137,2201738833
sw,-81.6452102661132,-86.2078094482421,46.44926740928897,-105.95328999424626,2201755500
sw,-82.6519088745117,-86.1275863647461,48.31230444230519,-115.94862374306902,2201772167
sw,-83.6636199951171,-84.7363891601562,51.61516536084126,-123.10534648846716,2201788834
sw,-84.7238540649414,-82.8577880859375,55.6976850295363,-127.46684711158856,2201805501
sw,-85.8568878173828,-80.9141464233398,59.709351021695575,-129.1745827045679,2201822168
sw,-87.0506439208984,-78.9990158081054,62.813794476280506,-128.43140098681062,2201838835
sw,-88.2875366210937,-77.1201934814453,64.39801554144059,-125.49307735100336,2201855502
sw,-90.0,-75.276252746582,64.23262724862074,-120.67073995721528,2201872169
sw,-89.4677124023437,-73.4489440917968,62.53505808050786,-114.3221482316093,2201888836
sw,-88.0218734741211,-71.6518249511718,59.90961229326013,-106.82030180050894,2201905503
sw,-86.9066162109375,-69.9853591918945,57.17342005381523,-98.50441050506161,2201922170
sw,-85.9922485351562,-68.494514465332,55.116411128249865,-89.63022074704733,2201938837
sw,-85.175666809082,-67.1648406982421,54.27196507629607,-80.33967487945193,2201955504
sw,-84.3231430053711,-65.9378433227539,54.776970733071984,-70.66479405993188,2201972171
sw,-83.3360900878906,-64.8240203857421,56.36907908438323,-60.56946960147243,2201988838
sw,-82.1786804199218,-63.9207077026367,58.51578983484703,-50.01827637324722,2202005505
sw,-81.0017166137695,-63.2914581298828,60.6186879884862,-39.049495021829735,2202022172
sw,-79.880126953125,-62.8855590820312,62.210361745626855,-27.827451517033335,2202038839
sw,-78.8208465576171,-62.6549568176269,63.07193289134541,-16.65840369533256,2202055506
sw,-77.804443359375,-62.6090545654296,63.23797350433599,-5.967467907916914,2202072173
sw,-76.8246383666992,-62.6273384094238,62.90221678299381,3.7570662225100624,2202088840
sw,-75.8908996582031,-62.8960914611816,62.27147172073352,12.042808043229117,2202105507
sw,-74.9535369873046,-63.5221481323242,61.42641190092352,18.5238347203728,2202122174
sw,-73.9532928466796,-64.0788192749023,60.23708846519887,23.024182912167962,2202138841
sw,-72.8891677856445,-64.7559585571289,58.35519511425432,25.610501022778312,2202155508
sw,-71.8729400634765,-65.5035705566406,55.27512491067612,26.59524487614848,2202172175
sw,-70.9779205322265,-66.3544311523437,50.43411252668353,26.485201675761076,2202188842
sw,-70.2437362670898,-67.0599517822265,43.31686756276073,25.882206544781184,2202205509
sw,-69.7368011474609,-67.5198211669921,33.541261998574456,25.353602123481384,2202222176
sw,-69.4615631103515,-67.8970184326171,20.919111173581257,25.30583218401639,2202238843
sw,-69.405029296875,-68.5856018066406,5.498053775793096,25.907501301016367,2202255510
sw,-69.4836196899414,-69.6484680175781,-12.409716101519688,27.096442739649564,2202272177
sw,-69.9300994873046,-70.5897903442382,-32.216378094640184,28.663996026548656,2202288844
sw,-70.7977066040039,-71.4576263427734,-53.07973729079342,30.367341298818133,2202305511
sw,-71.9773025512695,-72.1970825195312,-73.97083320503067,32.012246777643725,2202322178
sw,-73.4307403564453,-72.9148483276367,-93.78877294076588,33.478645556366615,2202338845
sw,-75.273567199707,-73.7544326782226,-111.5055420864962,34.70364719521822,2202355512
sw,-77.4021453857421,-74.835952758789,-126.30877760239444,35.6602549615959,2202372179
sw,-79.5413131713867,-75.9336242675781,-137.7040528501087,36.361502670780155,2202388846
sw,-81.4622955322265,-76.9384460449218,-145.54535870639452,36.88841205346594,2202405513
sw,-83.1731567382812,-77.8660888671875,-149.98622133264587,37.412078917685,2202422180
sw,-84.5006103515625,-78.7718276977539,-151.37578113882716,38.17770228628391,2202438847
sw,-85.0945587158203,-79.6837997436523,-150.14521004911015,39.44155072039275,2202455514
sw,-84.7083129882812,-80.5650634765625,-146.72650710462298,41.381314114719416,2202472181
sw,-83.4713287353515,-81.3817672729492,-141.52151366555776,44.01660189271886,2202488848
sw,-81.7551956176757,-82.1766510009765,-134.90924557625968,47.17362730194225,2202505515
sw,-79.9144134521484,-83.0396270751953,-127.2594959105102,50.51164909575127,2202522182
sw,-78.1614379882812,-84.0138244628906,-118.9194769831476,53.60643350020413,2202538849
sw,-76.5895767211914,-85.0636291503906,-110.1599291399428,56.06497928352685,2202555516
sw,-75.1774673461914,-86.1497421264648,-101.09889077353156,57.63320715118767,2202572183
sw,-73.8486251831054,-87.2346649169921,-91.64675333436095,58.25991567788719,2202588850
sw,-72.5616683959961,-88.290168762207,-81.51765055260071,58.0961997487664,2202605517
sw,-71.3468170166015,-89.427001953125,-70.32568380359226,57.43315033043335,2202622184
sw,-70.2347869873046,-90.0,-57.743363893095605,56.60188861383232,2202638851
sw,-69.3494644165039,-89.0930252075195,-43.66653922465467,55.87007258378576,2202655518
sw,-68.8895645141601,-88.005126953125,-28.32352442959901,55.36477020381964,2202672185
sw,-68.7978744506836,-87.0084075927734,-12.289965238799176,55.037108960220536,2202688852
sw,-69.0098800659179,-86.0369186401367,3.589153339839844,54.66814552416129,2202705519
sw,-69.2389907836914,-85.1013488769531,18.337586321537966,53.90550481024272,2202722186
sw,-69.5997161865234,-84.1744613647461,31.006705961248727,52.31834124839137,2202738853
sw,-70.4759445190429,-83.2722702026367,40.827748738383946,49.4607414171501,2202755520
sw,-71.5229721069336,-82.4424362182617,47.338950477543165,44.93653253402614,2202772187
sw,-72.7230224609375,-81.7290115356445,50.46488754263225,38.45967057460455,2202788854
sw,-73.8541412353515,-81.2036895751953,50.52122946788445,29.904415272120943,2202805521
sw,-74.7902679443359,-80.8562622070312,48.13298380489675,19.339337589147586,2202822188
sw,-75.4068222045898,-80.7129135131836,44.08887413238003,7.039284887465462,2202838855
sw,-75.8597946166992,-80.7899169921875,39.188460598300175,-6.529799503120846,2202855522
sw,-76.5530319213867,-81.1561584472656,34.14551459332962,-20.755614266800244,2202872189
