Label,Left_Hip_q,Right_Hip_q,Left_Hip_qd,Right_Hip_qd,SampleTimeFine
sw,-65.2783737182617,-66.5467681884765,26.6937618255615,-168.575866699218,425201399
sw,-65.5241928100586,-63.6184921264648,12.934133627342682,-187.67607632032704,425218066
sw,-65.7918243408203,-60.7266235351562,14.272129935213659,-173.22192488854657,425234733
sw,-66.1453018188476,-58.1477584838867,15.765830278567828,-159.0981287165803,425251400
sw,-66.4905471801757,-55.906135559082,17.60327566693528,-145.43615060428434,425268067
sw,-66.794448852539,-53.9464416503906,19.9032212135528,-132.16475343455,425284734
sw,-67.1583709716796,-52.31494140625,22.667545937216964,-118.91073654450643,425301401
sw,-67.5848083496093,-50.8300285339355,25.750119919621607,-104.96900199516497,425318068
sw,-68.1327514648437,-49.5736083984375,28.85658162629117,-89.39084962642534,425334735
sw,-68.756607055664,-48.5124320983886,31.580736980617914,-71.2067614764147,425351402
sw,-69.3869476318359,-47.7114143371582,33.47055315476879,-49.74906379386368,425368069
sw,-69.9423141479492,-47.2491607666015,34.108640172615395,-24.991024112825258,425384736
sw,-70.4682312011718,-47.3300132751464,33.19281167129287,2.2073297808327816,425401403
sw,-71.002571105957,-47.8489608764648,30.60754157959855,30.046457460426044,425418070
sw,-71.5361022949218,-48.90132522583,26.478699727957085,55.981459471973174,425434737
sw,-72.0128784179687,-50.4469604492187,21.198615048823537,77.15062784647411,425451404
sw,-72.4023361206054,-51.996597290039,15.402182700617407,90.96217699119973,425468071
sw,-72.6466598510742,-53.7679824829101,9.877340899967317,95.71949427512617,425484738
sw,-72.6562728881836,-55.7838134765625,5.409884121777526,91.14543130652417,425501405
sw,-72.5589828491211,-57.8642845153808,2.58870238356065,78.66333804168839,425518072
sw,-72.521484375,-59.6868438720703,1.6205182814304706,61.30958076078391,425534739
sw,-72.5640411376953,-60.3982315063476,2.2094429033693324,43.21305748581838,425551406
sw,-72.6760482788086,-60.1324005126953,3.541502529148038,28.70167601297359,425568073
sw,-72.7150268554687,-59.6083602905273,4.386243934047387,21.255197310938307,425584740
sw,-72.6621398925781,-59.2836532592773,3.3005210920332853,22.63327035167761,425601407
sw,-72.7914810180664,-59.8325881958007,-1.099906546777342,32.48187906860176,425618074
sw,-72.9109268188476,-61.523338317871,-9.85046237794599,48.54921449350187,425634741
sw,-72.7272644042968,-63.6790351867675,-23.391006554985907,67.40465180382759,425651408
sw,-72.0228652954101,-65.2930908203125,-41.42312358529495,85.37678573865345,425668075
sw,-70.9328155517578,-66.7881851196289,-62.90949092314753,99.39619366078641,425684742
sw,-69.5051956176757,-68.534927368164,-86.21566786383872,107.53731083009149,425701409
sw,-67.8739471435546,-70.6026763916015,-109.36319815680264,109.20748328196152,425718076
sw,-66.0405578613281,-72.6442947387695,-130.34991927974625,105.03440988781539,425734743
sw,-63.4177322387695,-74.4600830078125,-147.48848290057373,96.53491425795299,425751410
sw,-60.0628547668457,-75.6754913330078,-159.6987346217185,85.65175809581153,425768077
sw,-56.4704551696777,-76.4496688842773,-166.6670346401372,74.26056828745728,425784744
sw,-54.1575393676757,-77.1710510253906,-168.79247693944737,63.76887108379934,425801411
sw,-52.2490463256835,-78.205825805664,-166.91074432350553,54.91612548594701,425818078
sw,-49.6731872558593,-79.3488693237304,-161.8962795353871,47.81591895430906,425834745
sw,-46.9579353332519,-80.3527221679687,-154.30996490279946,42.18443376832279,425851412
sw,-44.381664276123,-81.1608734130859,-144.22587998531628,37.63012081237755,425868079
sw,-42.1669197082519,-81.7519302368164,-131.2708448933681,33.87872902252415,425884746
sw,-40.2251663208007,-82.26318359375,-114.82497096153948,30.8661289919064,425901413
sw,-38.5671501159668,-82.6960983276367,-94.30113861847049,28.703779260183346,425918080
sw,-37.3340415954589,-83.1672973632812,-69.42988708686464,27.567844536906016,425934747
sw,-36.7686424255371,-83.6677932739257,-40.49478187746758,27.571791272847825,425951414
sw,-36.7393608093261,-84.1383666992187,-8.480002988259816,28.666861042300358,425968081
sw,-37.0264816284179,-84.6295471191406,24.895689894691383,30.593671025641218,425984748
sw,-37.6870002746582,-85.2085037231445,57.27904588610763,32.89165324841637,426001415
sw,-38.9450302124023,-85.8432922363281,85.93414837976934,34.96154415093029,426018082
sw,-40.8868980407714,-86.4701995849609,108.14664295111139,36.166816777901964,426034749
sw,-43.0281105041503,-87.0875854492187,121.7366675116185,35.95267193820189,426051416
sw,-45.4992866516113,-87.729019165039,125.57698598143163,33.957543835997825,426068083
sw,-47.8766288757324,-88.344123840332,119.97005150534847,30.091771755132747,426084750
sw,-50.3097419738769,-88.8264770507812,106.74047868578306,24.560413065868072,426101417
sw,-52.0291633605957,-89.1974105834961,88.95814157898431,17.81418995590283,426118084
sw,-52.5483360290527,-89.4633178710937,70.31549135776721,10.427055117198357,426134751
sw,-52.5335731506347,-89.5011138916015,54.312764388808944,2.9195445981697805,426151418
sw,-52.9104232788085,-89.3000259399414,43.498157177454615,-4.431485661548168,426168085
sw,-53.8232917785644,-88.93798828125,39.00143644574466,-11.740467682168939,426184752
sw,-54.9697494506835,-88.39892578125,40.47673869870349,-19.558685110886163,426201419
sw,-55.8992881774902,-87.7030487060546,46.40433151436641,-28.774704402343076,426218086
sw,-56.9458312988281,-87.0831527709961,54.591620021960786,-40.365653442488764,426234753
sw,-57.9204559326171,-86.6420593261718,62.70480548912881,-55.05185706793323,426251420
sw,-59.013011932373,-86.0814895629882,68.72075207754762,-72.96295629274641,426268087
sw,-60.2818222045898,-84.8316116333007,71.25175830030253,-93.44740083030358,426284754
sw,-61.8177146911621,-82.8367004394531,69.7276311514407,-115.12088113953187,426301421
sw,-63.0347290039062,-80.080337524414,64.42390509156226,-136.15516959041327,426318088
sw,-63.9147186279296,-77.0856475830078,56.329867817525724,-154.7023716768865,426334755
sw,-64.6344604492187,-74.1345443725586,46.87644661492324,-169.29331334542795,426351422
sw,-65.1221923828125,-71.1690521240234,37.585314905881965,-179.0755819086723,426368089
sw,-65.4190902709961,-68.175064086914,29.729866354136746,-183.84477995375588,426384756
sw,-65.7984771728515,-65.3342742919921,24.09575791490322,-183.91443564141383,426401423
sw,-66.18603515625,-62.44527053833,20.894218838716778,-179.9161615276432,426418090
sw,-66.6330184936523,-59.4077033996582,19.8306595371631,-172.60949398847472,426434757
sw,-67.1236495971679,-56.6601867675781,20.284326099912764,-162.73370753161245,426451424
sw,-67.6138763427734,-54.2491340637207,21.52863941560589,-150.891317884306,426468091
sw,-68.0590209960937,-52.0985527038574,22.923125078384448,-137.4445694511299,426484758
sw,-68.4400863647461,-50.2679748535156,24.031380795878523,-122.43109158154797,426501425
sw,-68.8232269287109,-48.6854400634765,24.652707240309503,-105.53585277242613,426518092
sw,-69.2560806274414,-47.5169334411621,24.7837074365618,-86.16630728519142,426534759
sw,-69.6941375732421,-46.6603279113769,24.540954532173195,-63.65784549402199,426551426
sw,-70.0544738769531,-46.1257133483886,24.076456919526777,-37.59437000909029,426568093
sw,-70.4016876220703,-45.8854904174804,23.510631718530124,-8.176711077051285,426584760
sw,-70.7875213623046,-46.1211051940918,22.898278894745072,23.473821169047316,426601427
sw,-71.2137298583984,-46.7264862060546,22.231787724373923,55.20751441689019,426618094
sw,-71.6736755371093,-47.9916725158691,21.47179331131722,84.03741267189432,426634761
sw,-72.1576156616211,-50.1178016662597,20.58289761563235,106.65600098910402,426651428
sw,-72.5733413696289,-52.401985168457,19.54859806888976,120.19426084453963,426668095
sw,-72.8001708984375,-55.0278968811035,18.350061577482673,123.03473781603998,426684762
sw,-72.9717407226562,-57.8429946899414,16.914566561604524,115.43087106804926,426701429
sw,-73.2254943847656,-60.4035034179687,15.059457163989098,99.69781127028426,426718096
sw,-73.4980697631836,-61.9480628967285,12.462754012749425,79.83466670566746,426734763
sw,-73.7319183349609,-61.9971084594726,8.678658364261908,60.61009304665185,426751430
sw,-73.8336105346679,-61.5855751037597,3.1960878915259583,46.353082926472645,426768097
sw,-73.6176071166992,-61.4366798400878,-4.473957769858869,39.84454612228866,426784764
sw,-73.3210678100586,-62.1929321289062,-14.69690950329227,41.69709478292974,426801431
sw,-73.0693893432617,-64.0649108886718,-27.611776724208,50.41631419243916,426818098
sw,-72.5951080322265,-65.776138305664,-43.04510770137403,63.05634068441415,426834765
sw,-71.5361022949218,-67.3039474487304,-60.46808524410653,76.1720552548528,426851432
sw,-69.9745407104492,-68.8240814208984,-79.01860098402791,86.72696503502725,426868099
sw,-68.4585037231445,-70.3419799804687,-97.5897008301367,92.719044505466,426884766
sw,-66.9005050659179,-72.1074600219726,-114.9673381091245,93.4381469468859,426901433
sw,-64.9658050537109,-73.9063873291015,-129.99842825804612,89.38247721421263,426918100
sw,-62.199405670166,-75.2635803222656,-141.7711916229783,81.9180531717633,426934767
sw,-58.8661994934082,-76.1502990722656,-149.77156737305236,72.79195518659435,426951434
sw,-56.2812805175781,-76.8565368652343,-153.95385541277685,63.63144645569645,426968101
sw,-54.3946800231933,-77.7198715209961,-154.67465806093878,55.56617604521054,426984768
sw,-52.2446174621582,-78.7571029663086,-152.50358599791613,49.07229472658475,427001435
sw,-49.4498405456543,-79.7445297241211,-147.99323693860913,44.05373044374847,427018102
sw,-46.8439788818359,-80.6777648925781,-141.4997791894776,40.08579749627393,427034769
sw,-44.6690597534179,-81.4936370849609,-133.09386586960545,36.69804130652876,427051436
sw,-42.8185501098632,-82.1464233398437,-122.55118286984,33.58540225497243,427068103
sw,-41.0988578796386,-82.6844177246093,-109.40512895354344,30.69081730089594,427084770
sw,-39.4932327270507,-83.082160949707,-93.06204053806331,28.164099157330934,427101437
sw,-38.3506546020507,-83.4657440185546,-72.98334273976725,26.244742009084217,427118104
sw,-37.6585502624511,-83.89697265625,-48.920002846589554,25.129897954522736,427134771
sw,-37.2928314208984,-84.3244552612304,-21.159174989930808,24.876833950539556,427151438
sw,-37.3030471801757,-84.8068771362304,9.276519035416358,25.363583267345433,427168105
sw,-37.7086448669433,-85.333267211914,40.548042315756646,26.305861960512946,427184772
sw,-38.5935668945312,-85.8151702880859,70.1059840607919,27.312267770466942,427201439
sw,-40.11572265625,-86.2552947998046,95.0228704364752,27.956359332087402,427218106
sw,-42.3967514038085,-86.7109222412109,112.52823571636895,27.850193904453917,427234773
sw,-44.6123237609863,-87.1948089599609,120.64247751018229,26.711627812937568,427251440
sw,-46.6623268127441,-87.6747665405273,118.74266220969707,24.419776431351348,427268107
sw,-49.3594665527343,-88.1121826171875,107.87989596957532,21.048356874571923,427284774
sw,-51.4668312072753,-88.4861297607421,90.7115219875682,16.861000208788937,427301441
sw,-52.4042663574218,-88.8196563720703,71.00520580148554,12.253072682780555,427318108
sw,-52.3286361694335,-89.0599670410156,52.806198714536166,7.634462600452277,427334775
sw,-52.2231521606445,-89.0855026245117,39.49833867380885,3.266941914820702,427351442
sw,-52.5059738159179,-88.8646087646484,33.05762923779422,-0.9047358794217066,427368109
sw,-53.4446678161621,-88.4589614868164,33.73213870268041,-5.36476647504643,427384776
sw,-54.6508331298828,-87.9912414550781,40.20712310167662,-11.010676312894024,427401443
sw,-55.6453590393066,-87.7195587158203,50.13192624227973,-18.965987953935194,427418110
sw,-56.698501586914,-87.6463165283203,60.79229820664703,-30.241328227974517,427434777
sw,-57.875560760498,-87.5110092163086,69.72951093715294,-45.344507613068714,427451444
sw,-59.1868133544921,-86.8988418579101,75.18569495643159,-63.99224489859614,427468111
sw,-60.6317138671875,-85.5645599365234,76.33034354727607,-85.05934610645085,427484778
sw,-62.0462188720703,-83.4681777954101,73.26943966489101,-106.81000964717806,427501445
sw,-63.0457611083984,-80.6368331909179,66.86661644419908,-127.33143400030681,427518112
sw,-63.8035697937011,-77.6906509399414,58.43291488744026,-144.99745896802767,427534779
sw,-64.5072937011718,-74.9851531982421,49.36883826601651,-158.78134206942258,427551446
sw,-65.0977096557617,-72.3109970092773,40.85287711865289,-168.3186081433946,427568113
sw,-65.6941375732421,-69.6745071411132,33.650284895305425,-173.7469033534395,427584780
sw,-66.2844314575195,-66.9469299316406,28.070243212753685,-175.4468942612362,427601447
sw,-66.807632446289,-64.1588668823242,24.049844497296537,-173.825099272301,427618114
sw,-67.2967376708984,-61.2308349609375,21.309520010334932,-169.2187247969879,427634781
sw,-67.7160186767578,-58.4529113769531,19.515469293624406,-161.91199516514425,427651448
sw,-68.0522308349609,-56.0101432800293,18.397989519962398,-152.1904267489798,427668115
sw,-68.3701095581054,-53.8596229553222,17.80098899832152,-140.3556741818377,427684782
sw,-68.6971359252929,-51.9977302551269,17.665837748065453,-126.66994747823057,427701449
sw,-69.0008697509765,-50.4304504394531,17.972746715336378,-111.25863236114508,427718116
sw,-69.3236846923828,-49.2264366149902,18.670892148237968,-94.0372500425,427734783
sw,-69.7142562866211,-48.3275146484375,19.62547552143949,-74.73004778296809,427751450
sw,-70.1202697753906,-47.6701049804687,20.59967648746707,-53.01657532412794,427768117
sw,-70.4923019409179,-47.2530479431152,21.276918937933864,-28.79148407578077,427784784
sw,-70.8560409545898,-47.3062934875488,21.31851867852519,-2.467628954489331,427801451
sw,-71.2358779907226,-47.6282386779785,20.445043652926675,24.786413946839435,427818118
sw,-71.626594543457,-48.3619728088378,18.524259857869275,50.988372808320115,427834785
sw,-72.0077362060546,-49.5410690307617,15.642409956364332,73.54239346684474,427851452
sw,-72.3495864868164,-51.2555236816406,12.131523275995802,89.70591693507129,427868119
sw,-72.5745391845703,-53.1579475402832,8.5295667616443,97.24414889809057,427884786
sw,-72.63720703125,-55.2321395874023,5.466376809727186,95.11261253986254,427901453
sw,-72.5887908935546,-57.3528251647949,3.493556243648085,83.96356576502646,427918120
sw,-72.5448760986328,-59.1055603027343,2.900843616206079,66.28342070950288,427934787
sw,-72.5558013916015,-60.30318069458,3.5725805919445097,46.04432176336809,427951454
sw,-72.6592864990234,-60.3474540710449,4.929414433071593,27.888583616066963,427968121
sw,-72.7758178710937,-59.7996940612793,5.976733183483745,16.03044160247237,427984788
sw,-72.8108520507812,-59.1719360351562,5.454397557198574,13.19401445553603,428001455
sw,-72.837532043457,-59.0248298645019,2.0619585071759428,19.935650660818293,428018122
sw,-72.8601760864257,-59.9027824401855,-5.279087714369536,34.584485327943085,428034789
sw,-72.8005981445312,-61.8591995239257,-17.17391695421506,53.81187888459108,428051456
sw,-72.4929885864257,-64.0641937255859,-33.56873411755414,73.60810883935918,428068123
sw,-71.7362976074218,-65.6971359252929,-53.682442269712226,90.31581556531589,428084790
sw,-70.4133911132812,-67.2322692871093,-76.08509886452737,101.40252549998881,428101457
sw,-68.7312622070312,-69.0164566040039,-98.91440688694195,105.81103351385876,428118124
sw,-66.7033996582031,-70.9103317260742,-120.18344453402672,103.8999725926364,428134791
sw,-64.6279983520507,-72.6542129516601,-138.11281370799054,97.09005684417383,428151458
sw,-62.0528144836425,-74.1413497924804,-151.42150606741944,87.35577020190843,428168125
sw,-58.6278228759765,-75.2052307128906,-159.51957265403422,76.69169271464271,428184792
sw,-55.4524841308593,-75.9877395629882,-162.55257340722986,66.66956392536828,428201459
sw,-53.3212738037109,-76.8251800537109,-161.26769068704002,58.18177050013175,428218126
sw,-51.3561477661132,-77.9492111206054,-156.72558958209171,51.41979694107676,428234793
sw,-48.7986373901367,-79.0707244873046,-149.9518974839526,46.061621389187,428251460
sw,-46.1459274291992,-79.9857101440429,-141.649477502324,41.570334376914104,428268127
sw,-43.8128242492675,-80.7083053588867,-132.04911096999098,37.47808826343506,428284794
sw,-41.9049415588378,-81.2814331054687,-120.9042475182952,33.55988848203968,428301461
sw,-40.1904983520507,-81.7295608520507,-107.59569776617931,29.866524903956208,428318128
sw,-38.6512107849121,-82.0812606811523,-91.31470911934977,26.645131410965742,428334795
sw,-37.4380111694335,-82.4520263671875,-71.3045182587393,24.205006218913105,428351462
sw,-36.8018455505371,-82.8820877075195,-47.13665225683468,22.78487980266869,428368129
sw,-36.5811882019043,-83.265884399414,-18.982738008537893,22.458361318926283,428384796
sw,-36.6007766723632,-83.6414947509765,12.17324353593251,23.09136670474699,428401463
sw,-36.9823989868164,-84.0408248901367,44.44948778321149,24.349256008332045,428418130
sw,-37.96626663208,-84.4458541870117,75.17667607060247,25.74483187763581,428434797
sw,-39.6648368835449,-84.8676452636718,101.24674477469301,26.71728992817808,428451464
sw,-42.1239929199218,-85.3336029052734,119.67694723037756,26.731170010789516,428468131
sw,-44.3972778320312,-85.8647384643554,128.27898972742182,25.380328142560117,428484798
sw,-46.5938110351562,-86.3768005371093,126.25790834035107,22.475762816485094,428501465
sw,-49.4267120361328,-86.7501983642578,114.55585049612117,18.092512547753064,428518132
sw,-51.5234603881835,-86.9721145629882,95.8043870995892,12.555392279679987,428534799
sw,-52.5372352600097,-87.138442993164,73.843768011422,6.356780362977592,428551466
sw,-52.5712814331054,-87.2090148925781,52.898996519096976,0.016496481942645733,428568133
sw,-52.3683128356933,-87.0802001953125,36.63762553545513,-6.091224091919838,428584800
sw,-52.5775527954101,-86.7425003051757,27.4003289748736,-11.905031958930483,428601467
sw,-53.41011428833,-86.1245574951171,25.83334545419765,-17.78572925265845,428618134
sw,-54.4766654968261,-85.3590240478515,30.984197123286716,-24.508850114838076,428634801
sw,-55.3390502929687,-84.7582092285156,40.746810585935165,-33.09936369763991,428651468
sw,-56.2853317260742,-84.4113159179687,52.45491491179087,-44.519867623024155,428668135
sw,-57.2751312255859,-84.1440505981445,63.44581841660535,-59.298968825868435,428684802
sw,-58.3144264221191,-83.5177154541015,71.49939961388623,-77.24421249998626,428701469
sw,-59.5511016845703,-82.2406387329101,75.13135161395627,-97.37728622934047,428718136
sw,-61.0892181396484,-79.9966964721679,73.75038856679109,-118.14287763325278,428734803
sw,-62.4483985900878,-77.0608978271484,67.68311073028495,-137.81385464171825,428751470
sw,-63.4228897094726,-74.1324996948242,58.05815756663396,-154.91763357971564,428768137
sw,-64.1624908447265,-71.3412780761718,46.55156857460299,-168.50371723594753,428784804
sw,-64.5945968627929,-68.5783386230468,35.031207913059426,-178.1658715508365,428801471
sw,-64.8760757446289,-65.8670196533203,25.176485771005773,-183.86546630431815,428818138
sw,-65.1504516601562,-63.0541229248046,18.163945841686456,-185.6931929213466,428834805
sw,-65.2995071411132,-59.9438171386718,14.491173199929063,-183.7067471979566,428851472
sw,-65.5223922729492,-56.681396484375,13.970887187484232,-177.9048122296232,428868139
sw,-65.9361572265625,-53.7543869018554,15.880193264425683,-168.30033987387705,428884806
sw,-66.4695816040039,-51.3086051940918,19.209976708343504,-155.00181225175103,428901473
sw,-67.0622177124023,-49.2327537536621,22.93606156826653,-138.22811590643153,428918140
sw,-67.6027221679687,-47.5282936096191,26.235047236435253,-118.24784338624393,428934807
sw,-68.0654983520507,-46.238971710205,28.595418194592266,-95.29645825960382,428951474
sw,-68.5045928955078,-45.3825645446777,29.81781596869479,-69.54773824192894,428968141
sw,-68.9590835571289,-44.9432334899902,29.937322229854473,-41.194387016796725,428984808
sw,-69.4467391967773,-44.7429389953613,29.11852313299183,-10.642062615020961,429001475
sw,-69.9260940551757,-45.0926895141601,27.567542605998355,21.238821897329938,429018142
sw,-70.3782958984375,-45.8425903320312,25.48346309781747,52.90783623668514,429034809
sw,-70.8351516723632,-46.7996673583984,23.04792268486904,82.11782302930649,429051476
sw,-71.2846908569336,-48.4553642272949,20.43522608327188,106.14182568443907,429068143
sw,-71.6503753662109,-50.8567962646484,17.819192725754935,122.28369013050559,429084810
sw,-71.9329605102539,-53.5596885681152,15.357262613688315,128.58155726733435,429101477
sw,-72.1673126220703,-56.3957557678222,13.145177383031431,124.50387108714959,429118144
sw,-72.3194198608398,-59.0450592041015,11.151856801041584,111.38295298962655,429134811
sw,-72.454231262207,-61.2402839660644,9.156981793785773,92.37130208348947,429151478
sw,-72.5743103027343,-62.1418762207031,6.718239033216991,71.84294982841189,429168145
sw,-72.6491012573242,-61.9091072082519,3.190449779385647,54.36093838834284,429184812
sw,-72.5658187866211,-61.6148300170898,-2.1921328594832374,43.52069669125969,429201479
sw,-72.1734619140625,-61.8841361999511,-10.17253042679538,41.06133493055285,429218146
sw,-71.9611282348632,-63.269115447998,-21.28473640134544,46.54613126066535,429234813
sw,-71.8834381103515,-64.9654388427734,-35.66336435086582,57.68202590487711,429251480
sw,-71.1995239257812,-66.4752044677734,-52.90906684359192,71.103193243152,429268147
sw,-69.7152023315429,-68.1338882446289,-72.06990574456034,83.31407987181908,429284814
sw,-68.0824203491211,-69.5879135131836,-91.76326726323701,91.50877242039564,429301481
sw,-66.4427642822265,-71.2667999267578,-110.40941347680942,94.09584194629865,429318148
sw,-64.678352355957,-73.1682968139648,-126.5146871551665,90.87487685487216,429334815
sw,-62.0816650390625,-74.8154525756836,-138.94121314025992,82.88767653371426,429351482
sw,-58.9886779785156,-75.8312759399414,-147.1057842923703,72.01202371147424,429368149
sw,-56.1351203918457,-76.4491729736328,-151.04927456021815,60.40669557289676,429384816
sw,-54.12691116333,-77.0673675537109,-151.33547556405787,49.95546856263964,429401483
sw,-52.4993209838867,-77.8297500610351,-148.80040350601686,41.86419675726632,429418150
sw,-49.9053840637207,-78.5489883422851,-144.24929081493818,36.512347922104425,429434817
sw,-47.2012672424316,-79.3301544189453,-138.22021661917307,33.56505964525047,429451484
sw,-44.8850173950195,-80.1735305786132,-130.87682800396243,32.26233638564996,429468151
sw,-42.9473915100097,-80.9000549316406,-122.01392381585592,31.758235109531775,429484818
sw,-41.2389869689941,-81.5503616333007,-111.12820297637325,31.393179316562634,429501485
sw,-39.606948852539,-82.0467300415039,-97.52806374811234,30.830661440889365,429518152
sw,-38.3035049438476,-82.4706344604492,-80.4854757419668,30.049765707954837,429534819
sw,-37.4982032775878,-82.9213562011718,-59.43679231386326,29.2332155684789,429551486
sw,-37.0134162902832,-83.3702850341796,-34.22125915945335,28.61318125045138,429568153
sw,-36.8426055908203,-83.8688888549804,-5.320425693810352,28.333596440449803,429584820
sw,-36.9886970520019,-84.373291015625,25.964406391569536,28.367869993074216,429601487
sw,-37.5955352783203,-84.8601608276367,57.47817523842332,28.506516285909942,429618154
sw,-38.8317985534668,-85.3574600219726,86.39594424555793,28.40838111528694,429634821
sw,-40.9296493530273,-85.9005966186523,109.65012633242343,27.69449889141512,429651488
sw,-43.2830162048339,-86.4298782348632,124.54210467289965,26.054954001573552,429668155
sw,-45.5306892395019,-86.8544006347656,129.39420408192933,23.336805192545178,429684822
sw,-48.2055053710937,-87.1598587036132,124.05357240328885,19.586896818251617,429701489
sw,-50.7672958374023,-87.396614074707,110.07581744765335,15.036783234359433,429718156
sw,-52.4294967651367,-87.6228256225586,90.48957359109949,10.032631795491717,429734823
sw,-52.9285621643066,-87.8355407714843,69.16304585539287,4.924138547061905,429751490
sw,-52.8538551330566,-87.9387283325195,49.9356434709775,-0.06794034253635198,429768157
sw,-52.949649810791,-87.8147506713867,35.78190176929298,-4.9804397955989534,429784824
sw,-53.6618385314941,-87.4865112304687,28.269212388546638,-10.19702742950071,429801491
sw,-54.7353210449218,-86.9480895996093,27.441245300423546,-16.452470135125424,429818158
sw,-55.4931373596191,-86.3759384155273,32.07968650525082,-24.711863354578067,429834825
sw,-56.2433547973632,-85.9170684814453,40.17549758344755,-35.91884187127306,429851492
sw,-57.0639686584472,-85.5559997558593,49.430334943232744,-50.665909246621226,429868159
sw,-57.9300384521484,-84.9882736206054,57.67713765684202,-68.89800733662601,429884826
sw,-58.8940048217773,-83.6858673095703,63.1866867063674,-89.77844921355008,429901493
sw,-60.1048736572265,-81.6903991699218,64.86877830394427,-111.79813389082932,429918160
sw,-61.3258247375488,-78.8623657226562,62.37926415408981,-133.10664322112532,429934827
sw,-62.325942993164,-75.7518463134765,56.12904112861372,-151.93962878356803,429951494
sw,-63.2028007507324,-72.7682342529296,47.182976211984126,-166.97271558997357,429968161
sw,-63.8810386657714,-69.84423828125,37.0484387750708,-177.4771059974438,429984828
sw,-64.2717971801757,-67.0448913574218,27.3796934859729,-183.25976598886515,430001495
sw,-64.5279693603515,-64.2152099609375,19.65188806857411,-184.475407456446,430018162
sw,-64.641128540039,-61.4078826904296,14.874734012898209,-181.43793959346348,430034829
sw,-64.7193222045898,-58.3212089538574,13.414076147042525,-174.52039676185657,430051496
sw,-64.9566650390625,-55.4669570922851,14.966667915895593,-164.14944936607472,430068163
sw,-65.4225997924804,-53.0236320495605,18.693056604764717,-150.83147942499636,430084830
sw,-66.0293655395507,-50.9733009338378,23.466874757370526,-135.1347203982448,430101497
sw,-66.6854171752929,-49.2911529541015,28.16365383933949,-117.59667767798561,430118164
sw,-67.3014373779296,-47.9243736267089,31.904624704544222,-98.5905097985886,430134831
sw,-67.9322433471679,-46.9890823364257,34.194269359324466,-78.2259183644353,430151498
sw,-68.5486907958984,-46.4480628967285,34.93197276770648,-56.360542926185914,430168165
sw,-69.0885238647461,-46.0982017517089,34.31881461555605,-32.761362722611835,430184832
sw,-69.5414199829101,-46.0039291381835,32.70720283031792,-7.395732054428671,430201499
sw,-69.9713973999023,-46.2691268920898,30.449869472400497,19.233702841927578,430218166
sw,-70.4417877197265,-46.7701072692871,27.796498372941265,45.84231100468615,430234833
sw,-70.9213638305664,-47.8167076110839,24.863745012663173,70.33908601739654,430251500
sw,-71.3591156005859,-49.6185569763183,21.674811134253083,90.10396840186668,430268167
sw,-71.7406005859375,-51.6110877990722,18.23938913575268,102.54680028505763,430284834
sw,-72.073860168457,-53.6404685974121,14.633054942823575,105.81961650010766,430301501
sw,-72.3170013427734,-55.8681983947753,11.038944170981992,99.48025059945003,430318168
sw,-72.4663162231445,-58.0279693603515,7.729290180251439,84.89026027420333,430334835
sw,-72.610107421875,-59.9950790405273,4.983890741835745,65.1747479483851,430351502
sw,-72.728775024414,-60.6787643432617,2.961780116433137,44.67360190051883,430368169
sw,-72.7416000366211,-60.2834014892578,1.5586749494245533,27.970130303658223,430384836
sw,-72.5280151367187,-59.7375793457031,0.29561991577911606,18.75725178199587,430401503
sw,-72.2055358886718,-59.3334312438964,-1.7087432745712778,18.907998159985762,430418170
sw,-72.09521484375,-59.7537956237793,-5.6376757942401365,28.074131740394172,430434837
sw,-72.0437469482421,-61.3251419067382,-12.735926281108558,43.94089782720968,430451504
sw,-71.9106140136718,-63.6968841552734,-23.972058005932695,63.008212027688934,430468171
sw,-71.5382995605468,-65.4662857055664,-39.69761141446059,81.57911806664525,430484838
sw,-70.7304611206054,-66.7232208251953,-59.41631644083425,96.6087353741536,430501505
sw,-69.4899826049804,-68.2299880981445,-81.75143913427128,106.1987624938392,430518172
sw,-67.7109375,-70.2171325683593,-104.64156452321537,109.71190171907818,430534839
sw,-65.6944427490234,-72.2053604125976,-125.72838280074328,107.60629220266026,430551506
sw,-63.2949867248535,-74.1444244384765,-142.84528733181378,101.11203711125057,430568173
sw,-60.162109375,-75.6687698364257,-154.4824212439198,91.84081468918953,430584840
sw,-56.429027557373,-76.6901473999023,-160.09475461422483,81.39872546944218,430601507
sw,-53.988052368164,-77.5838012695312,-160.14544706655838,71.07505760396167,430618174
sw,-52.3120956420898,-78.7350234985351,-155.8544036235771,61.67530875918448,430634841
sw,-50.0556755065918,-79.9231185913086,-148.7375926031786,53.5273038652272,430651508
sw,-47.5283317565918,-80.8983459472656,-140.10919161067142,46.62338098640371,430668175
sw,-45.296947479248,-81.7381820678711,-130.71316089274708,40.810862777136265,430684842
sw,-43.4364967346191,-82.3797531127929,-120.56990970095264,35.941714178240076,430701509
sw,-41.6855735778808,-82.9246292114257,-109.04028569140091,31.935425413181356,430718176
sw,-40.0245895385742,-83.3426284790039,-95.0651532271699,28.762396609076507,430734843
sw,-38.5978889465332,-83.7413558959961,-77.52042232824182,26.387968423016293,430751510
sw,-37.7020149230957,-84.1716003417968,-55.61308327992402,24.72133517107899,430768177
sw,-37.2627410888671,-84.6117324829101,-29.23548502071042,23.597429399131506,430784844
sw,-37.1638603210449,-85.0305938720703,0.7990378591389019,22.796997842536168,430801511
sw,-37.4548454284668,-85.4332733154296,32.69953444319719,22.091648918609057,430818178
sw,-38.2531547546386,-85.8248672485351,63.85834828746607,21.292420379007137,430834845
sw,-39.9936065673828,-86.1795120239257,91.23451455347573,20.28235003561484,430851512
sw,-42.2148704528808,-86.5264434814453,111.91053457744059,19.02183539077398,430868179
sw,-44.2713470458984,-86.8953781127929,123.71059115631941,17.52549101889476,430884846
sw,-46.6032562255859,-87.2322540283203,125.72812065573873,15.816880154105304,430901513
sw,-49.2180938720703,-87.4959564208984,118.61532710745361,13.87129963963222,430918180
sw,-51.3292503356933,-87.7208480834961,104.53325729032049,11.557809103734725,430934847
sw,-52.7161788940429,-87.8921585083007,86.7381973524834,8.591980003524414,430951514
sw,-53.1116828918457,-87.9346466064453,68.88316512779008,4.511758506427516,430968181
sw,-53.3299674987793,-87.7791290283203,54.21774750292907,-1.3089949494396318,430984848
sw,-54.1653175354003,-87.4799041748046,44.91913514675473,-9.592475805809466,431001515
sw,-55.3439559936523,-87.0434265136718,41.736762269838046,-21.02080048777057,431018182
sw,-56.1128578186035,-86.5041427612304,44.00507630009062,-36.03535499705744,431034849
sw,-56.8655433654785,-86.0296096801757,49.95604391265589,-54.60975733562815,431051516
sw,-57.7097244262695,-85.3675537109375,57.21042451599017,-76.07492789453117,431068183
sw,-58.8245811462402,-83.9998550415039,63.33617100125823,-99.0932064591994,431084850
sw,-60.2185974121093,-81.9848937988281,66.38088369648003,-121.8458611646694,431101517
sw,-61.8325080871582,-79.0554580688476,65.28442311775991,-142.4116599346173,431118184
sw,-63.0912704467773,-75.7471694946289,60.076231689724366,-159.212810754804,431134851
sw,-63.8946914672851,-72.6539840698242,51.79423892426132,-171.35215201620318,431151518
sw,-64.3536987304687,-69.7565155029296,42.13844772124465,-178.70492397827257,431168185
sw,-64.5723114013671,-67.0489501953125,32.96335800664062,-181.74514156074443,431184852
sw,-64.7626266479492,-64.2789535522461,25.7712269091252,-181.21201526926967,431201519
sw,-65.0726470947265,-61.439151763916,21.361782753532776,-177.78096452643572,431218186
sw,-65.44140625,-58.4300422668457,19.7290575966393,-171.8687628288488,431234853
sw,-65.8947525024414,-55.5469169616699,20.205589020001963,-163.60782552349326,431251520
sw,-66.5161514282226,-53.0443267822265,21.775737427049666,-152.93599575113643,431268187
sw,-67.2214202880859,-50.8013801574707,23.43719880835685,-139.7138102041316,431284854
sw,-67.8193817138671,-48.7815513610839,24.490044522910114,-123.80485042418006,431301521
sw,-68.2074279785156,-47.1603546142578,24.671349678520077,-105.10518823571398,431318188
sw,-68.4686584472656,-46.1374740600585,24.116818034180998,-83.55136602075423,431334855
sw,-68.7601470947265,-45.5736579895019,23.194670824510133,-59.15661110800781,431351522
sw,-69.0712280273437,-45.2664680480957,22.295039688821156,-32.11742247459675,431368189
sw,-69.39794921875,-45.2749900817871,21.65756127778216,-2.995475820138714,431384856
sw,-69.7950439453125,-45.5630111694335,21.289280972285162,27.07829708944497,431401523
sw,-70.2199096679687,-46.2755889892578,20.984304464176585,56.2819819656464,431418190
sw,-70.5963516235351,-47.6309547424316,20.422905518190255,82.17767830977449,431434857
sw,-70.9765701293945,-49.548957824707,19.3088225185603,102.04792786662196,431451524
sw,-71.373664855957,-51.7326622009277,17.499062473433224,113.46299464334034,431468191
sw,-71.7198638916015,-54.0756874084472,15.086188349019851,114.94701864530693,431484858
sw,-71.9900741577148,-56.5301322937011,12.404749444112568,106.54552597380084,431501525
sw,-72.2463912963867,-58.5601997375488,9.95009735592882,90.09139020184809,431518192
sw,-72.460334777832,-60.2213745117187,8.218901576766477,69.0268882477106,431534859
sw,-72.5287399291992,-60.8108558654785,7.504015420288122,47.759740290869864,431551526
sw,-72.5053405761718,-60.6007118225097,7.697975040868557,30.686801221863515,431568193
sw,-72.3998947143554,-60.1864128112793,8.17293316919454,21.158120070850497,431584860
sw,-72.3276977539062,-59.9854660034179,7.800327237529471,20.70777341793988,431601527
sw,-72.5032196044921,-60.582103729248,5.142094948684425,28.801341383232096,431618194
sw,-72.7815856933593,-62.3419456481933,-1.2113491913478698,43.16142979433222,431634861
sw,-72.9664306640625,-64.3227844238281,-12.243498787842373,60.5158518226967,431651528
sw,-72.7553787231445,-65.6532592773437,-28.178605333426262,77.47572480261813,431668195
sw,-71.956802368164,-66.9472579956054,-48.32484758367423,91.25989445424761,431684862
sw,-70.6311264038086,-68.5844116210937,-71.14651285863087,100.1123818450891,431701529
sw,-69.0287933349609,-70.5238876342773,-94.54158850443913,103.40928290834604,431718196
sw,-67.1463165283203,-72.4691696166992,-116.24462956229152,101.53207233979278,431734863
sw,-65.0257568359375,-74.240478515625,-134.2557166064773,95.5901974502374,431751530
sw,-62.2503776550293,-75.5732879638671,-147.2041089553174,87.06066870916024,431768197
sw,-58.895336151123,-76.5217590332031,-154.5689096866583,77.41569759989775,431784864
sw,-56.1736373901367,-77.4849319458007,-156.69633073759286,67.82316181027386,431801531
sw,-54.1390800476074,-78.5878601074218,-154.59484949109532,58.995251046261174,431818198
sw,-52.2121772766113,-79.7063446044921,-149.5644001567166,51.21039573871834,431834865
sw,-49.8271331787109,-80.7803649902343,-142.78631653924654,44.462655141139756,431851532
sw,-47.4087753295898,-81.6071014404296,-135.0104411539305,38.64448071309251,431868199
sw,-45.2503395080566,-82.1552200317382,-126.41508436659144,33.673200216423446,431884866
sw,-43.3454055786132,-82.5268249511718,-116.63620765140067,29.521977113620125,431901533
sw,-41.6308250427246,-82.8313369750976,-104.91866809664266,26.176923988562418,431918200
sw,-40.0918464660644,-83.2174530029296,-90.34101038250657,23.57671794303222,431934867
sw,-38.986228942871,-83.6780242919921,-72.07867266197854,21.5852354682272,431951534
sw,-38.3141136169433,-84.0967483520507,-49.67713313013047,20.014437820548924,431968201
sw,-37.9517250061035,-84.4959106445312,-23.302903333365037,18.68009402388106,431984868
sw,-37.8828353881835,-84.8503036499023,6.071205623554204,17.45660154834608,432001535
sw,-38.1586608886718,-85.1198272705078,36.605051581803586,16.30279970949914,432018202
sw,-38.9798164367675,-85.3038558959961,65.71754730857847,15.249673799105246,432034869
sw,-40.5861625671386,-85.4979782104492,90.43768297106843,14.360942333504656,432051536
sw,-42.769660949707,-85.7647857666015,107.95314530621764,13.688298629664779,432068203
sw,-44.7283668518066,-86.0509719848632,116.24829488136814,13.239700515197677,432084870
sw,-46.8855400085449,-86.3474197387695,114.66539058409413,12.965313725038774,432101537
sw,-49.3447952270507,-86.6575393676757,104.21598891225293,12.751674508660578,432118204
sw,-51.5049247741699,-86.9280776977539,87.51336736290195,12.409370077220846,432134871
sw,-52.42964553833,-87.0970077514648,68.28418826579801,11.645701798896305,432151538
sw,-52.2658157348632,-87.1491317749023,50.54506044379606,10.028378155688237,432168205
sw,-52.1850891113281,-87.1350860595703,37.66661888020577,6.96275821856904,432184872
sw,-52.5439491271972,-87.0097122192382,31.618669687190753,1.7149315542586443,432201539
sw,-53.3645286560058,-86.7549057006836,32.63077127292324,-6.4916140456037095,432218206
sw,-54.3934020996093,-86.4413070678711,39.33544836366864,-18.299654824483916,432234873
sw,-55.4489021301269,-86.1608963012695,49.28531406975881,-33.991833813502296,432251540
sw,-56.5129737854003,-85.7951431274414,59.64115466711984,-53.283554032821066,432268207
sw,-57.6558761596679,-85.0195693969726,67.83350855806819,-75.22870074546381,432284874
sw,-58.9547386169433,-83.5923156738281,72.06267035908294,-98.31534035693801,432301541
sw,-60.4128952026367,-81.3933486938476,71.56949642589589,-120.76044663549628,432318208
sw,-61.7513732910156,-78.4015731811523,66.6583784153211,-140.91628993115967,432334875
sw,-62.5936431884765,-75.291389465332,58.491576826877775,-157.63028559247073,432351542
sw,-63.1493606567382,-72.368667602539,48.71542117909942,-170.40591031970683,432368209
sw,-63.6115608215332,-69.5887374877929,39.02040917288115,-179.30393876581746,432384876
sw,-64.0184173583984,-66.9004364013671,30.75592543687414,-184.65362065752106,432401543
sw,-64.4225311279296,-64.1278915405273,24.697491683482355,-186.73537051553976,432418210
sw,-64.8971252441406,-61.0270156860351,21.007060474962547,-185.59481023952412,432434877
sw,-65.368049621582,-57.6743354797363,19.361622356357497,-181.0570006041767,432451544
sw,-65.8433532714843,-54.61861038208,19.178296256635146,-172.8894447483469,432468211
sw,-66.3272323608398,-52.0086631774902,19.847919032834852,-160.98782164324365,432484878
sw,-66.8132781982421,-49.7675666809082,20.903166596605708,-145.46896874732784,432501545
sw,-67.2060394287109,-47.9414329528808,22.0818640775904,-126.6319585429767,432518212
sw,-67.4925918579101,-46.5820732116699,23.288478328101732,-104.83455956831659,432534879
sw,-67.7915573120117,-45.717903137207,24.49344826834595,-80.38176036350212,432551546
sw,-68.2034454345703,-45.1244087219238,25.628230317607578,-53.51914269892448,432568213
sw,-68.7382278442382,-44.7899513244628,26.526294701033773,-24.574034802352596,432584880
sw,-69.2730941772461,-44.9556198120117,26.931847578032517,5.788621872494139,432601547
sw,-69.7547912597656,-45.3002967834472,26.565634071785304,36.30187995612205,432618214
sw,-70.2121658325195,-46.0273513793945,25.217361110328298,64.9685961461092,432634881
sw,-70.667366027832,-47.5708694458007,22.831339975521946,89.19544727031307,432651548
sw,-71.062385559082,-49.5607070922851,19.558777406845614,106.23526857762235,432668215
sw,-71.3678207397461,-51.792194366455,15.758918364315914,113.86516207283388,432684882
sw,-71.6517028808593,-54.2382202148437,11.940091927879434,111.11647113280719,432701549
sw,-71.892707824707,-56.7362594604492,8.642345005434272,98.81535821809686,432718216
sw,-71.9799270629882,-58.5761680603027,6.277049257055425,79.71294130344506,432734883
sw,-71.9445724487304,-59.9750709533691,4.955404522616205,58.082279009494364,432751550
sw,-71.8897323608398,-60.1025657653808,4.353645606051565,38.81972969333385,432768217
sw,-71.822639465332,-59.6867713928222,3.669368472423566,26.26919425489316,432784884
sw,-71.6788711547851,-59.2129669189453,1.7111364485434493,23.120204883174782,432801551
sw,-71.6641006469726,-59.2017173767089,-2.8702530565782944,29.74356476115614,432818218
sw,-71.8148422241211,-60.2055435180664,-11.248498724728917,44.1933744886346,432834885
sw,-71.8091659545898,-62.4296150207519,-24.072655376590976,62.86553911972208,432851552
sw,-71.3102264404296,-64.8841781616211,-41.2110975411525,81.56269122944286,432868219
sw,-70.2902603149414,-66.5038146972656,-61.67842186809876,96.58710278233855,432884886
sw,-68.8610153198242,-68.1006164550781,-83.77683867652404,105.5264169459387,432901553
sw,-67.0323333740234,-69.883918762207,-105.4142897941755,107.57111059621576,432918220
sw,-65.0328292846679,-71.8218383789062,-124.5138815816694,103.39097213889406,432934887
sw,-62.7736930847168,-73.5863265991211,-139.41570935560492,94.70536737778127,432951554
sw,-59.7797164916992,-74.8806838989257,-149.18142330042335,83.70364155279862,432968221
sw,-56.401870727539,-75.7274703979492,-153.7279963892492,72.45997116180237,432984888
sw,-53.9102897644043,-76.421142578125,-153.74319742676542,62.474310512974014,433001555
sw,-52.3647232055664,-77.2916488647461,-150.39129928902102,54.44480315150596,433018222
sw,-50.2333183288574,-78.4601898193359,-144.90059596736685,48.31320302787846,433034889
sw,-47.7524490356445,-79.5755310058593,-138.18179095494725,43.5315205204811,433051556
sw,-45.3903083801269,-80.5008163452148,-130.6036357261367,39.41991766728472,433068223
sw,-43.3025817871093,-81.18994140625,-121.96433292085956,35.46818670541323,433084890
sw,-41.4451789855957,-81.661865234375,-111.61641117434053,31.48301676122111,433101557
sw,-39.8023109436035,-82.022476196289,-98.67679652210897,27.565869581895612,433118224
sw,-38.4404754638671,-82.274673461914,-82.26975144138918,23.975806418822167,433134891
sw,-37.4756164550781,-82.5439682006836,-61.77285444305619,20.961771559788744,433151558
sw,-37.0912170410156,-82.8462982177734,-37.04726457981261,18.63924270020721,433168225
sw,-37.0278434753418,-83.1887664794921,-8.632340424670879,16.951355304990027,433184892
sw,-37.1892585754394,-83.5292282104492,22.12737882951763,15.713031866240428,433201559
sw,-37.6961212158203,-83.8541412353515,53.07439193579743,14.70449399082588,433218226
sw,-38.7514419555664,-84.182502746582,81.41229002092447,13.76737850448718,433234893
sw,-40.636360168457,-84.4881820678711,104.1010948343499,12.863051656795422,433251560
sw,-42.8620071411132,-84.7158432006836,118.44463170217361,12.072264432363484,433268227
sw,-45.1239166259765,-84.8955841064453,122.75004358641407,11.539382685989914,433284894
sw,-47.611946105957,-85.0497970581054,116.87317393500626,11.384779640747942,433301561
sw,-50.052749633789,-85.222053527832,102.45671103559494,11.61858338302732,433318228
sw,-51.8617897033691,-85.4220886230468,82.7293976318098,12.084281224143004,433334895
sw,-52.3818550109863,-85.7401657104492,61.85632839328591,12.44432572306359,433351562
sw,-52.0988044738769,-86.0972595214843,43.987722975447454,12.200630277391403,433368229
sw,-51.973648071289,-86.3112411499023,32.28764614119511,10.732086569370095,433384896
sw,-52.3081703186035,-86.3068466186523,28.255096812921774,7.3369459958602885,433401563
sw,-53.2859497070312,-86.0736465454101,31.540088391710718,1.287461237493736,433418230
sw,-54.5017280578613,-85.7375030517578,40.25944992329603,-8.07827167594345,433434897
sw,-55.4536247253418,-85.4968566894531,51.64184900911704,-21.207452704907762,433451564
sw,-56.5817642211914,-85.3012619018554,62.762806422345705,-38.143058169817074,433468231
sw,-57.8091850280761,-84.9314804077148,71.17072252512932,-58.36043173179308,433484898
sw,-59.1025924682617,-83.971435546875,75.29483307913824,-80.72416041006352,433501565
sw,-60.4786834716796,-82.2586898803711,74.60578348111741,-103.63134488073176,433518232
sw,-61.7580184936523,-79.6462860107421,69.54840232259161,-125.3254024691533,433534899
sw,-62.6560935974121,-76.5780487060546,61.29482819603365,-144.27169486624467,433551566
sw,-63.3621482849121,-73.6563949584961,51.38862866797144,-159.4424178766976,433568233
sw,-63.9177780151367,-70.9241561889648,41.367865251917564,-170.39880934418798,433584900
sw,-64.3792114257812,-68.2733459472656,32.456156286702296,-177.165230751933,433601567
sw,-64.8378524780273,-65.6032485961914,25.386771223752994,-179.99625012096337,433618234
sw,-65.3191375732421,-62.753490447998,20.380920871614716,-179.17679514127872,433634901
sw,-65.6672286987304,-59.6456184387207,17.254741039028957,-174.94651396422987,433651568
sw,-66.0608291625976,-56.679832458496,15.59714599693686,-167.54190403266446,433668235
sw,-66.4894256591796,-54.0527534484863,14.950949931130287,-157.2710350168198,433684902
sw,-66.8783340454101,-51.8833541870117,14.940785054362083,-144.52441402775378,433701569
sw,-67.1367416381836,-50.0206718444824,15.317428053453078,-129.68137016152647,433718236
sw,-67.327522277832,-48.5345039367675,15.92244365551654,-112.95185272826842,433734903
sw,-67.5340728759765,-47.4656829833984,16.609225712483386,-94.24933054025244,433751570
sw,-67.8308029174804,-46.6470031738281,17.17244015606887,-73.19516438821856,433768237
sw,-68.1890716552734,-45.9882736206054,17.328862151772867,-49.30906845817545,433784904
sw,-68.555435180664,-45.5689239501953,16.764189931246456,-22.3619492552979,433801571
sw,-68.8951187133789,-45.6744194030761,15.228904160222578,7.214388834407961,433818238
sw,-69.1909790039062,-46.1174964904785,12.646340475997619,38.01737518470876,433834905
sw,-69.4266815185546,-47.0081214904785,9.19247320038337,67.6163778925951,433851572
sw,-69.6158065795898,-48.7194099426269,5.315467113199048,92.83836192968678,433868239
sw,-69.7572479248046,-50.7966804504394,1.6780206380619538,110.38322557159049,433884906
sw,-69.7438812255859,-52.9656867980957,-0.9761130969166235,117.641936514121,433901573
sw,-69.5890274047851,-55.5531501770019,-2.0092218952295555,113.50408373900092,433918240
sw,-69.4534149169921,-57.9365692138671,-1.0881402590495952,98.90966379822919,433934907
sw,-69.4190826416015,-60.0181312561035,1.6591589845647636,76.93397194461491,433951574
sw,-69.505386352539,-61.152359008789,5.576373785555556,52.297883113814216,433968241
sw,-69.7186737060546,-60.7567176818847,9.5260641947483,30.362582514713335,433984908
sw,-69.9855041503906,-60.244945526123,12.04715372052385,15.85802911175995,434001575
sw,-70.0735168457031,-59.7151832580566,11.595111068666782,11.72573523254173,434018242
sw,-70.2363967895507,-59.6782798767089,6.824132798569926,18.447297135839833,434034909
sw,-70.462043762207,-60.6245803833007,-3.135829678257858,34.06557907185378,434051576
sw,-70.3676300048828,-62.7090110778808,-18.45937479470455,54.85607462190774,434068243
sw,-69.7605514526367,-64.8127212524414,-38.51500824136007,76.38449306513513,434084910
sw,-68.7838973999023,-66.2996597290039,-61.89921278606502,94.58983462851272,434101577
sw,-67.3744125366211,-67.8297348022461,-86.6190785307774,106.59341581513337,434118244
sw,-65.6632232666015,-69.8853759765625,-110.39423823883018,111.09645729920494,434134911
sw,-63.6859703063964,-72.0822067260742,-131.02729959888055,108.38089222996821,434151578
sw,-61.1626243591308,-74.1561965942382,-146.77956589426756,99.99925547689199,434168245
sw,-57.9185562133789,-75.6080093383789,-156.67556872036965,88.2510022120417,434184912
sw,-54.2563285827636,-76.3120727539062,-160.64873835938124,75.5558192024422,434201579
sw,-52.210693359375,-76.8690414428711,-159.45794160877915,63.868795008105735,434218246
sw,-50.553367614746,-77.6327438354492,-154.37673870606787,54.297297558242704,434234913
sw,-48.1151161193847,-78.7366638183593,-146.76039489201958,47.02730312685627,434251580
sw,-45.5237579345703,-79.7916488647461,-137.65266777157188,41.55144459821143,434268247
sw,-43.1843719482421,-80.8117523193359,-127.5543963650756,37.0731760447861,434284914
sw,-41.334056854248,-81.5790405273437,-116.38067328663438,32.90878264687569,434301581
sw,-39.6747589111328,-82.0790786743164,-103.56614639233607,28.74242643382631,434318248
sw,-38.2032890319824,-82.3918685913086,-88.26826223148005,24.67675417931073,434334915
sw,-36.9722938537597,-82.6134490966796,-69.63254737705648,21.11080321739529,434351582
sw,-36.2747917175293,-82.8279724121093,-47.08771775245111,18.530392900818736,434368249
sw,-36.0670890808105,-83.0866394042968,-20.62946156911924,17.3032954345123,434384916
sw,-36.150291442871,-83.4637298583984,8.958050880304205,17.54349258590928,434401583
sw,-36.5201911926269,-83.8796844482421,40.00083190836964,19.067041002318625,434418250
sw,-37.3359947204589,-84.2537002563476,70.01442275630896,21.427115039663875,434434917
sw,-38.8091087341308,-84.6253128051757,96.00919184438933,23.999790614568223,434451584
sw,-41.0410194396972,-85.0825119018554,115.01615936360115,26.094100781750655,434468251
sw,-43.411563873291,-85.6159057617187,124.74555254843226,27.068359715657483,434484918
sw,-45.8480415344238,-86.1213150024414,124.21152923708411,26.43849891216458,434501585
sw,-48.2937049865722,-86.6055831909179,114.12552911427888,23.96152778099107,434518252
sw,-50.6035385131835,-87.0427627563476,96.89939264106707,19.674355558586452,434534919
sw,-51.6924514770507,-87.365966796875,76.20145548945221,13.870872697499147,434551586
sw,-51.7261810302734,-87.5615310668945,56.15152029041495,7.010155727747623,434568253
sw,-51.5726737976074,-87.6067428588867,40.38071594149262,-0.4346296358562919,434584920
sw,-51.8808250427246,-87.3551406860351,31.250619208032887,-8.155484528400162,434601587
sw,-52.6793937683105,-86.7892303466796,29.466835327628004,-16.164122961255288,434618254
sw,-53.8807182312011,-86.0135650634765,34.15512807907455,-24.85672842206771,434634921
sw,-54.8169937133789,-85.3262634277343,43.29005301119256,-34.93534690349058,434651588
sw,-55.725772857666,-84.8358993530273,54.275409434194245,-47.17770822433421,434668255
sw,-56.7497787475585,-84.4140472412109,64.49830338080511,-62.11722485939096,434684922
sw,-57.7779159545898,-83.5074386596679,71.76342957466369,-79.75438446761618,434701589
sw,-58.9499893188476,-82.0347671508789,74.59018024607347,-99.42689528154244,434718256
sw,-60.4664993286132,-79.7732467651367,72.38429802665131,-119.90247006869343,434734923
sw,-61.8692970275878,-76.9289169311523,65.48470459050043,-139.65495937401457,434751590
sw,-62.8495903015136,-73.9855270385742,55.067730442226875,-157.20131187010927,434768257
sw,-63.5330009460449,-71.0558319091796,42.897832558476125,-171.36235647285864,434784924
sw,-63.9188423156738,-68.091567993164,30.95370717916167,-181.36941188215167,434801591
sw,-64.0678939819336,-65.1619796752929,21.008154380294712,-186.8296497128574,434818258
sw,-64.2292327880859,-62.2845497131347,14.266641465588272,-187.6284133030004,434834925
sw,-64.2793350219726,-59.2374267578125,11.157778652465606,-183.85198494506884,434851592
sw,-64.4174118041992,-56.1271858215332,11.325357963336389,-175.76645274831108,434868259
sw,-64.8162231445312,-53.3628540039062,13.813283355210805,-163.8254230133065,434884926
sw,-65.4267349243164,-50.9568176269531,17.379126621729565,-148.64520375220826,434901593
sw,-66.0630340576171,-48.8685989379882,20.83540216939496,-130.9026586488757,434918260
sw,-66.5388717651367,-47.2726402282714,23.314954477969327,-111.16513914417848,434934927
sw,-66.8574066162109,-46.2307968139648,24.393466887167254,-89.7195452818802,434951594
sw,-67.1623611450195,-45.5887794494628,24.062830955832634,-66.49783628241977,434968261
sw,-67.5285415649414,-45.173484802246,22.602869765122556,-41.182163957279165,434984928
sw,-67.8789443969726,-44.8937263488769,20.420629698444486,-13.511166569327242,435001595
sw,-68.1675262451171,-45.0755271911621,17.914625656395692,16.28383463758066,435018262
sw,-68.424934387207,-45.520263671875,15.393499200197736,47.0701320134435,435034929
sw,-68.6905288696289,-46.3708152770996,13.052263172816337,76.62595807718161,435051596
sw,-68.9740905761718,-47.883544921875,10.991374703813653,101.82765955470178,435068263
sw,-69.2026443481445,-50.2234725952148,9.253901218345053,119.25209409492247,435084930
sw,-69.3678359985351,-52.9817657470703,7.854158931248908,126.07792804763379,435101597
sw,-69.4922943115234,-55.9195671081543,6.778373995149204,121.02563655851243,435118264
sw,-69.6073913574218,-58.4312858581543,5.951741735386482,105.00998876219326,435134931
sw,-69.7042922973632,-60.3869247436523,5.180787936182255,81.23186978800734,435151598
sw,-69.8279647827148,-61.0522346496582,4.090268461180298,54.602478400651854,435168265
sw,-69.8617324829101,-60.6651382446289,2.079397247705662,30.621336621251828,435184932
sw,-69.6948318481445,-60.0094757080078,-1.6748873098702668,14.03851430555611,435201599
sw,-69.2151412963867,-59.4716110229492,-8.139667867674056,7.729628685373284,435218266
sw,-68.9029846191406,-59.6431121826171,-18.253883745317097,12.140854293608621,435234933
sw,-68.6280975341796,-60.8798828125,-32.671442168449396,25.440847252805217,435251600
sw,-68.0525665283203,-62.952651977539,-51.47458417910363,44.24761857531174,435268267
sw,-67.0811157226562,-64.3956451416015,-73.9530293530885,64.60868310749689,435284934
sw,-65.7250900268554,-65.4620132446289,-98.5493617927859,82.88895261609092,435301601
sw,-63.7525367736816,-66.6749801635742,-123.02970527695459,96.35560984677264,435318268
sw,-61.3704795837402,-68.2679595947265,-144.86699210958918,103.43805041302288,435334935
sw,-58.469669342041,-70.2388153076171,-161.74872340828517,103.75740668669174,435351602
sw,-54.650291442871,-72.604133605957,-172.06555266079025,98.01653818150308,435368269
sw,-50.9282455444335,-74.6194229125976,-175.22281098881626,87.77381099726102,435384936
sw,-49.0066680908203,-75.5589904785156,-171.6659381917352,75.08632534912789,435401603
sw,-47.1082458496093,-75.9140853881836,-162.62317655377223,62.048533102365006,435418270
sw,-44.3956871032714,-76.4706573486328,-149.69014432089162,50.33555071777592,435434937
sw,-41.5766716003418,-77.1389389038086,-134.42388549302964,40.90269376380635,435451604
sw,-39.5090217590332,-77.9115295410156,-118.05212046634458,33.94187564919062,435468271
sw,-37.8867568969726,-78.7211151123046,-101.31064349649004,29.081996992545992,435484938
sw,-36.5392341613769,-79.3846435546875,-84.3836906671441,25.721381424657494,435501605
sw,-35.586986541748,-80.1009216308593,-66.94155189171452,23.347312689609012,435518272
sw,-34.7639923095703,-80.5247726440429,-48.29100638738974,21.72964898483568,435534939
sw,-34.2763481140136,-80.6994476318359,-27.641700780426554,20.94228096726588,435551606
sw,-34.3111877441406,-80.9358367919921,-4.453672217080817,21.236501198304715,435568273
sw,-34.5290946960449,-81.279426574707,21.20820780372041,22.839285792949998,435584940
sw,-34.8984184265136,-81.7411804199218,48.41274129253903,25.76175786901335,435601607
sw,-35.7656669616699,-82.2358093261718,75.29796672387555,29.68153282167556,435618274
sw,-37.3901824951171,-82.7655715942382,99.27927717412074,33.9271156208259,435634941
sw,-39.7228965759277,-83.3986511230468,117.53355708244135,37.562627504709845,435651608
sw,-42.3652381896972,-84.1011276245117,127.66120447535803,39.55225819340121,435668275
sw,-44.5326080322265,-84.8089141845703,128.34295111945855,38.97104272596262,435684942
sw,-46.9432296752929,-85.5094375610351,119.78714522648119,35.21814336973471,435701609
sw,-49.3853073120117,-86.1139526367187,103.81488713305252,28.18263646002038,435718276
sw,-50.7960090637207,-86.5583801269531,83.52956461410076,18.313973567035017,435734943
sw,-51.2051086425781,-86.875503540039,62.63771478028241,6.562682047984538,435751610
sw,-51.0489311218261,-86.8856735229492,44.60804749180449,-5.817600363621991,435768277
sw,-51.069538116455,-86.5050354003906,31.93023016217731,-17.579284960575823,435784944
sw,-51.7348022460937,-85.8178405761718,25.70662424920684,-27.832218365195565,435801611
sw,-52.9411163330078,-84.8039398193359,25.669023582814535,-36.33506586335649,435818278
sw,-53.8855438232421,-83.6932067871093,30.531538459069967,-43.61850696587204,435834945
sw,-54.4789962768554,-82.7665710449218,38.47740393918855,-50.868220665049606,435851612
sw,-55.3043785095214,-82.1409301757812,47.58723535894435,-59.572405214758625,435868279
sw,-56.1774673461914,-81.5982818603515,56.11462040929188,-71.03173680020109,435884946
sw,-56.9043159484863,-80.6943588256836,62.62112132772991,-85.8970326595986,435901613
sw,-57.8131446838378,-79.2135848999023,66.04014113855938,-103.90119764044485,435918280
sw,-59.0049858093261,-76.7664642333984,65.7380748326904,-123.87680516376265,435934947
sw,-60.2986793518066,-73.8781509399414,61.59801445615893,-144.03230173321214,435951614
sw,-61.5424308776855,-70.7762298583984,54.09356230422896,-162.36046809443653,435968281
sw,-62.4996070861816,-67.7250213623046,44.28342044080499,-177.0252186983572,435984948
sw,-62.9700889587402,-64.6926956176757,33.66802427779244,-186.6245262711893,436001615
sw,-63.2645797729492,-61.7861976623535,23.904666849534742,-190.31504291756556,436018282
sw,-63.4162292480468,-58.8228607177734,16.445451266406536,-187.84648670799396,436034949
sw,-63.3445281982421,-55.5478019714355,12.205356050739189,-179.5554321445885,436051616
sw,-63.3658294677734,-52.5900611877441,11.366206804298171,-166.32157046704867,436068283
sw,-63.6727104187011,-50.2320518493652,13.380010434299312,-149.44471333452682,436084950
sw,-64.2184982299804,-48.3435554504394,17.16873991702749,-130.40527540467968,436101617
sw,-64.847183227539,-46.8253440856933,21.45086109035245,-110.52883450357216,436118284
sw,-65.4928741455078,-45.6866111755371,25.084524704702073,-90.64538774603412,436134951
sw,-66.090950012207,-44.9754028320312,27.320959544782756,-70.86941783313426,436151618
sw,-66.5964889526367,-44.5996932983398,27.904632908797215,-50.60969728424675,436168285
sw,-66.9820098876953,-44.2253990173339,27.016455931759573,-28.854974917413923,436184952
sw,-67.2788467407226,-44.0765419006347,25.107645705832308,-4.689605339156998,436201619
sw,-67.5761947631836,-44.2594528198242,22.69863643553531,22.1034713621806,436218286
sw,-67.9033203125,-44.7251167297363,20.214680745269,50.560269930775156,436234953
sw,-68.237678527832,-45.7163009643554,17.902810517827202,78.38149475528944,436251620
sw,-68.583625793457,-47.3891983032226,15.836891018503362,102.23537905686567,436268287
sw,-68.9518890380859,-49.8479652404785,13.984151180037482,118.50485545933104,436284954
sw,-69.2520141601562,-52.4442634582519,12.28887906583739,124.30404862604527,436301621
sw,-69.42431640625,-55.2078704833984,10.730337387775181,118.46530776110949,436318288
sw,-69.5998382568359,-57.8927459716796,9.32853740692471,102.16406819202037,436334955
sw,-69.8253555297851,-59.9703521728515,8.094187815036442,78.92472360734415,436351622
sw,-70.0213088989257,-60.4839057922363,6.938524754894682,53.92448625541453,436368289
sw,-70.0875396728515,-59.9363174438476,5.571945240964628,32.74608309037726,436384956
sw,-69.9144897460937,-59.3423919677734,3.430799026615408,19.94873299328634,436401623
sw,-69.5566940307617,-58.9516487121582,-0.32094334537992025,17.92461622579888,436418290
sw,-69.4587249755859,-59.4044303894043,-6.675314690560032,26.41461035677749,436434957
sw,-69.4509887695312,-61.0222015380859,-16.54369957385566,42.804064226589915,436451624
sw,-69.2865524291992,-63.4031715393066,-30.4510937687291,63.02773676523868,436468291
sw,-68.7042770385742,-65.0500411987304,-48.261665884568025,82.71870407702983,436484958
sw,-67.6737747192382,-66.3668365478515,-69.04366226926915,98.21948071852887,436501625
sw,-66.1860427856445,-67.922622680664,-91.13987354141618,107.21641660462659,436518292
sw,-64.3126449584961,-69.9766616821289,-112.44184182978582,108.95097877282707,436534959
sw,-62.2755889892578,-72.0985260009765,-130.80343103932003,104.08652068687198,436551626
sw,-59.612190246582,-73.913589477539,-144.48931507831432,94.33662512102268,436568293
sw,-56.134708404541,-75.0078659057617,-152.5366914352724,81.94895667773613,436584960
sw,-53.0211219787597,-75.7169036865234,-154.91610440768966,69.14623451175959,436601627
sw,-51.3368415832519,-76.3939971923828,-152.42669251147737,57.650224018171286,436618294
sw,-49.6370773315429,-77.3056488037109,-146.35950754662937,48.40859806505036,436634961
sw,-47.1815452575683,-78.3163223266601,-138.06444698717777,41.580256420014486,436651628
sw,-44.7776832580566,-79.2062911987304,-128.58462407148394,36.7383080297869,436668295
sw,-42.7548599243164,-79.865852355957,-118.45533033421201,33.17824334957934,436684962
sw,-41.0618133544921,-80.4244308471679,-107.66989584762497,30.208519408633524,436701629
sw,-39.5599708557128,-80.958023071289,-95.76668882510805,27.342450540189635,436718296
sw,-38.1785125732421,-81.380126953125,-81.99616270706541,24.367193700676033,436734963
sw,-37.0556755065918,-81.6687927246093,-65.5430698970701,21.308936810173268,436751630
sw,-36.4557342529296,-81.9153213500976,-45.78060596127889,18.336359290635727,436768297
sw,-36.2046012878418,-82.1262283325195,-22.524745787732744,15.650783333178277,436784964
sw,-36.1991271972656,-82.3449630737304,3.751886475333213,13.403369292153561,436801631
sw,-36.4848556518554,-82.6198806762695,31.796222521133558,11.65956558382271,436818298
sw,-37.2111434936523,-82.8936996459961,59.597301029312234,10.406589566174246,436834965
sw,-38.6040573120117,-83.0956726074218,84.60095046695847,9.582222222537316,436851632
sw,-40.5803108215332,-83.2699661254882,104.11983158292949,9.100276899167245,436868299
sw,-42.6952934265136,-83.4431533813476,115.87448434965513,8.858567311090768,436884966
sw,-44.7338905334472,-83.584976196289,118.53927505184741,8.7302111424187,436901633
sw,-47.0540008544921,-83.7084808349609,112.14171077037949,8.549119880637598,436918300
sw,-49.3527679443359,-83.8809967041015,98.18281105128307,8.101228757735946,436934967
sw,-50.9217453002929,-84.1144332885742,79.40376681820477,7.125683272566647,436951634
sw,-51.4619636535644,-84.3180770874023,59.21721795449569,5.320033988430034,436968301
sw,-51.254051208496,-84.380256652832,40.93992546672642,2.338532653851909,436984968
sw,-51.1410675048828,-84.2765197753906,27.061825557840454,-2.2205066516975562,437001635
sw,-51.3061714172363,-83.987060546875,18.796327514127462,-8.82541399631375,437018302
sw,-52.0885391235351,-83.5128784179687,16.0481057696335,-17.99197667498108,437034969
sw,-53.1092414855957,-82.9933624267578,17.756541830706468,-30.20729891468296,437051636
sw,-53.6322593688964,-82.4394760131836,22.425066001430352,-45.79267978420261,437068303
sw,-54.2007751464843,-81.7146377563476,28.60684138702369,-64.73928913248598,437084970
sw,-54.8709297180175,-80.7916946411132,35.18917437576403,-86.58337208758493,437101637
sw,-55.3744392395019,-79.1388320922851,41.44154963552898,-110.39164446918981,437118304
sw,-55.8093223571777,-76.5628433227539,46.89576755777442,-134.8880199998825,437134971
sw,-56.5064048767089,-73.3283081054687,51.17632493392313,-158.681128132834,437151638
sw,-57.4427452087402,-69.7808227539062,53.89160790356824,-180.4892172870125,437168305
sw,-58.4812812805175,-66.2717514038086,54.64424271316547,-199.25306112896695,437184972
sw,-59.5237998962402,-62.8387260437011,53.148625399754955,-214.09371477794886,437201639
sw,-60.5913619995117,-59.7035102844238,49.38895841210105,-224.17272840982372,437218306
sw,-61.4929504394531,-56.2563400268554,43.73368098024758,-228.58043995647034,437234973
sw,-62.1805610656738,-52.5179824829101,36.942291467844086,-226.3650335522424,437251640
sw,-62.5586929321289,-48.7266235351562,30.04486732525273,-216.7270119455066,437268307
sw,-62.7965354919433,-45.0749931335449,24.124477165551014,-199.2965262327185,437284974
sw,-63.2120361328125,-42.0601615905761,20.06806697178107,-174.3517815959033,437301641
sw,-63.5703353881835,-40.0612258911132,18.35862191420956,-142.86058226793782,437318308
sw,-63.7650909423828,-38.8021011352539,18.963319838414716,-106.31923150964931,437334975
sw,-63.9738121032714,-38.2602424621582,21.345024393257326,-66.47062445537722,437351642
sw,-64.4268341064453,-38.2814102172851,24.598382378862315,-25.045929540976555,437368309
sw,-65.1855239868164,-38.7914772033691,27.68309811122715,16.341901734726257,437384976
sw,-66.0310287475586,-39.7951011657714,29.69323299839535,56.10929846684266,437401643
sw,-66.7063522338867,-41.0302200317382,30.078431417121912,92.48603955087889,437418310
sw,-67.1564025878906,-42.3611335754394,28.74388339409988,123.32995617949749,437434977
sw,-67.4799270629882,-44.3692588806152,26.00386289806975,146.15720288306397,437451644
sw,-67.7520141601562,-47.2509231567382,22.42361426264676,158.51050249117372,437468311
sw,-67.9347305297851,-50.3588142395019,18.622672489572494,158.64036819877393,437484978
sw,-68.1127777099609,-54.0438613891601,15.112900769354285,146.29529626697092,437501645
sw,-68.4242706298828,-57.1274604797363,12.213022666195851,123.29536824495275,437518312
sw,-68.849853515625,-59.1820106506347,10.036628019863155,93.5763013816589,437534979
sw,-69.3017578125,-59.7993583679199,8.513284497858148,62.557911469882384,437551646
sw,-69.5524444580078,-59.2003440856933,7.39168340184371,35.958708141971975,437568313
sw,-69.4322433471679,-58.5207939147949,6.1999241259849915,18.429145818472758,437584980
sw,-69.0218963623046,-58.3414764404296,4.190674236771074,12.475820879267479,437601647
sw,-68.7798233032226,-58.8727760314941,0.3444505903938635,18.031373530672482,437618314
sw,-68.7407836914062,-60.5415344238281,-6.49595763952671,32.74963818607568,437634981
sw,-68.8372344970703,-62.3382225036621,-17.34525303824475,52.82409738431675,437651648
sw,-68.6803512573242,-63.6309738159179,-32.720639171940505,73.98155984786472,437668315
sw,-67.9486465454101,-64.9892196655273,-52.34178317044168,92.34076607668531,437684982
sw,-66.8125686645507,-66.2820205688476,-75.01096090587528,104.98571922119474,437701649
sw,-65.3165969848632,-68.1281356811523,-98.73827801394874,110.2634791471427,437718316
sw,-63.4132041931152,-70.5187911987304,-121.0966217992095,107.88065540080483,437734983
sw,-60.8871002197265,-73.096809387207,-139.72137211308018,98.83754202676505,437751650
sw,-57.8611831665039,-74.6028518676757,-152.82131748506072,85.17965132086071,437768317
sw,-54.3208770751953,-75.2631759643554,-159.54592193883855,69.5479217248471,437784984
sw,-51.5757293701171,-75.943244934082,-160.07919363648332,54.588104469773135,437801651
sw,-50.0753746032714,-76.6291732788086,-155.420084200241,42.37060878154622,437818318
sw,-48.2357597351074,-77.0275421142578,-146.94120119018336,33.993521525219094,437834985
sw,-45.719383239746,-77.5007400512695,-135.91447745627656,29.477233636805703,437851652
sw,-43.3064079284668,-78.239875793457,-123.18106466748014,27.955907519408353,437868319
sw,-41.4773178100585,-78.9932708740234,-109.03725543550995,28.079826538994418,437884986
sw,-40.0812377929687,-79.8380584716796,-93.30258153623109,28.488516827694973,437901653
sw,-38.8870315551757,-80.5448303222656,-75.5010800909637,28.207295861376856,437918320
sw,-38.0552787780761,-80.8951950073242,-55.107218933139734,26.860423149873178,437934987
sw,-37.6275100708007,-81.182632446289,-31.82930934041108,24.667088152754562,437951654
sw,-37.5044898986816,-81.4585418701171,-5.898069477350863,22.261580973457832,437968321
sw,-37.7742919921875,-81.7681274414062,21.69473086403197,20.42510713597666,437984988
sw,-38.3455429077148,-82.1370086669921,49.08382733898646,19.82072112954477,438001655
sw,-39.2083282470703,-82.5148162841796,73.62441502605746,20.79598704820327,438018322
sw,-40.521629333496,-82.8910217285156,92.24615350675452,23.283250042286173,438034989
sw,-42.4928817749023,-83.3493728637695,102.05639862276841,26.801487714469413,438051656
sw,-44.6855850219726,-83.8564300537109,101.08830949941348,30.5495765955287,438068323
sw,-46.7031631469726,-84.3915710449218,89.00037510897518,33.57264212493856,438084990
sw,-48.3232307434082,-84.9779739379882,67.49679296713495,34.97474067925617,438101657
sw,-49.1079483032226,-85.6823501586914,40.284117600768376,34.14011628465386,438118324
sw,-49.726089477539,-86.3845901489257,12.499560350597445,30.913591315172877,438134991
sw,-49.3454284667968,-87.0081405639648,-10.301056082779072,25.6846418392569,438151658
sw,-48.1088943481445,-87.534309387207,-23.36828231000071,19.32864840511107,438168325
sw,-47.0143394470214,-87.8395156860351,-23.880210479368014,12.988874951423503,438184992
sw,-46.3444786071777,-87.84423828125,-11.637346200673834,7.7310320590234305,438201659
sw,-46.314842224121,-87.5479278564453,10.890783214482536,4.155977023254552,438218326
sw,-47.2795143127441,-87.1021423339843,39.19985615323383,2.094749942128842,438234993
sw,-49.2001800537109,-86.7878875732421,67.88475607917499,0.5108694686625692,438251660
sw,-51.7540435791015,-86.7659606933593,91.93482626067274,-2.31612473408239,438268327
sw,-53.8226890563964,-86.9763793945312,107.81191516564591,-8.344921701020267,438284994
sw,-55.1921348571777,-87.1712570190429,114.03027007956949,-19.183447766712458,438301661
sw,-56.8550605773925,-87.1352920532226,111.15121699263184,-35.53945566284253,438318328
sw,-58.5720748901367,-86.6471328735351,101.30063790154846,-56.894869472252836,438334995
sw,-59.843822479248,-85.3578414916992,87.42591185426052,-81.52609872397453,438351662
sw,-60.8341789245605,-83.3693618774414,72.51627623317702,-106.885032535155,438368329
sw,-61.5542182922363,-80.6013793945312,58.96305467037548,-130.23265872695987,438384996
sw,-62.1647300720214,-77.3259963989257,48.17573646100207,-149.32087168953055,438401663
sw,-62.9156684875488,-74.3855590820312,40.50352275243783,-162.8922030270198,438418330
sw,-63.8095550537109,-71.8308792114257,35.43694321255863,-170.83581686617026,438434997
sw,-64.7654190063476,-69.2561569213867,31.993305262374484,-173.97925865740712,438451664
sw,-65.5584335327148,-66.7963638305664,29.147974840979828,-173.63985431616717,438468331
sw,-66.0933761596679,-64.1754302978515,26.179184206112616,-171.1313975598093,438484998
sw,-66.4449081420898,-61.3636283874511,22.843752000441526,-167.3929706335702,438501665
sw,-66.7688217163086,-58.6596450805664,19.36915049594863,-162.8130069394874,438518332
sw,-67.0950546264648,-56.1333694458007,16.302442356387324,-157.22827904451512,438534999
sw,-67.3876495361328,-53.8976554870605,14.282238060397532,-150.03243446937444,438551666
sw,-67.5538330078125,-51.7710571289062,13.80111715541032,-140.33685073675358,438568333
sw,-67.6785583496093,-49.8443336486816,15.01745655138182,-127.15779408210737,438585000
sw,-67.9443054199218,-48.2078285217285,17.663882375603883,-109.6250021456591,438601667
sw,-68.3894424438476,-46.92232131958,21.079549320070427,-87.20664138791359,438618334
sw,-68.9369812011718,-46.0449790954589,24.361125493522312,-59.93251115418029,438635001
sw,-69.4910812377929,-45.6344337463378,26.591307203190773,-28.58234771451353,438651668
sw,-70.0262603759765,-45.8259506225585,27.080155189379436,5.206237869892206,438668335
sw,-70.5812530517578,-46.2609901428222,25.552599426711364,38.96359311682105,438685002
sw,-71.1249923706054,-47.0791473388671,22.231058099210003,69.60003139235847,438701669
sw,-71.544448852539,-48.4823684692382,17.786351865151534,93.83598548856914,438718336
sw,-71.7939224243164,-50.5844497680664,13.158653284331395,108.82967404554608,438735003
sw,-71.8904800415039,-53.0021362304687,9.28234149838296,112.89767946174209,438751670
sw,-71.8644409179687,-55.4904022216796,6.7797525206581675,106.13805002243694,438768337
sw,-71.7630462646484,-57.9986953735351,5.7083859678229585,90.7254521951084,438785004
sw,-71.6625137329101,-60.3683471679687,5.443440156874681,70.68895402658463,438801671
sw,-71.721809387207,-60.7189292907714,4.748318468095196,51.11399439654604,438818338
sw,-71.901008605957,-60.1814956665039,2.0350167157654777,36.9123496772979,438835005
sw,-71.8998336791992,-59.3305969238281,-4.241442231643192,31.513745678013343,438851672
sw,-71.8016815185546,-59.2232933044433,-15.155441532262966,35.936042151453364,438868339
sw,-71.7874984741211,-60.4225845336914,-30.96854552456474,48.59084444404657,438885006
sw,-71.2953491210937,-62.875259399414,-50.97674852691331,65.89582009875096,438901673
sw,-69.8898544311523,-65.3323898315429,-73.60526149148524,83.43784864095582,438918340
sw,-67.9887542724609,-67.3145370483398,-96.7348283431884,97.23714690221549,438935007
sw,-65.7073059082031,-68.8776168823242,-118.16333962063958,104.69047137714279,438951674
sw,-63.651023864746,-70.5170669555664,-136.06110121800265,104.97176154641366,438968341
sw,-61.2371482849121,-72.482437133789,-149.29341511526985,98.90123641600394,438985008
sw,-57.9013710021972,-74.0370788574218,-157.54096971603963,88.44117896815378,439001675
sw,-54.7495498657226,-74.9977493286132,-161.20549904542685,76.01864409383722,439018342
sw,-52.8299598693847,-75.6476364135742,-161.13233569733785,63.8626135636851,439035009
sw,-50.862003326416,-76.2748870849609,-158.2306429135792,53.51438984354409,439051676
sw,-48.2071838378906,-77.1353073120117,-153.11970922069605,45.618590763858975,439068343
sw,-45.4661407470703,-78.1851577758789,-145.9283011157784,40.01510044559896,439085010
sw,-43.0373764038085,-79.0964050292968,-136.30213370619066,36.05232316585338,439101677
sw,-40.9703865051269,-79.8597640991211,-123.58179218787157,32.976371120681776,439118344
sw,-39.1915321350097,-80.4179916381836,-107.06573041931692,30.24986050688427,439135011
sw,-37.7157135009765,-80.9057540893554,-86.28103371816495,27.70844654316023,439151678
sw,-36.7095985412597,-81.3141784667968,-61.21326112174837,25.537356775572537,439168345
sw,-36.2619934082031,-81.6493835449218,-32.46696401013223,24.110998822878756,439185012
sw,-36.2602653503418,-81.8975372314453,-1.337048078946845,23.77208381564867,439201679
sw,-36.763427734375,-82.1639404296875,30.22552766986105,24.633067562019896,439218346
sw,-37.6324272155761,-82.5690078735351,59.76803787167356,26.466379505234467,439235013
sw,-38.8604927062988,-83.1104965209961,84.61878566519796,28.71579930961757,439251680
sw,-40.5761833190918,-83.7387237548828,102.28869596777383,30.618972604620804,439268347
sw,-42.9477157592773,-84.3896865844726,110.94510093066403,31.395474162069632,439285014
sw,-44.909381866455,-84.9999465942382,109.86430176194004,30.4392053190507,439301681
sw,-46.534008026123,-85.5369186401367,99.7392037811865,27.461070149928837,439318348
sw,-48.4257507324218,-85.9508819580078,82.72846683946482,22.549640280175662,439335015
sw,-50.1429252624511,-86.2859573364257,62.18268262818144,16.14144398936299,439351682
sw,-50.7025642395019,-86.558723449707,42.055477941488284,8.909618349849389,439368349
sw,-50.4083137512207,-86.6881408691406,26.098149597862626,1.5890292174647545,439385016
sw,-49.9318923950195,-86.577896118164,17.034060164779582,-5.235797301387847,439401683
sw,-49.7533798217773,-86.2013626098632,15.963574387328034,-11.339357403491821,439418350
sw,-50.213394165039,-85.5996322631836,22.201565381037003,-17.00184178527643,439435017
sw,-51.5093955993652,-84.8976974487304,33.5959449284326,-23.02768262326508,439451684
sw,-52.8758697509765,-84.3077011108398,47.192974536920254,-30.59019662011068,439468351
sw,-53.9628601074218,-83.9355087280273,60.0022099146481,-40.91014232530249,439485018
sw,-55.2136802673339,-83.6058578491211,69.62270675780458,-54.84770860078423,439501685
sw,-56.3514595031738,-83.0660247802734,74.59678740084827,-72.54449156661134,439518352
sw,-57.3639183044433,-81.9775772094726,74.48378967289044,-93.25867146714562,439535019
sw,-58.4295501708984,-79.9567413330078,69.73005462807978,-115.47536114223566,439551686
sw,-59.6433219909668,-76.9903030395507,61.43308780426363,-137.26243324763328,439568353
sw,-60.6421508789062,-73.8329620361328,51.07333012444694,-156.73233576479842,439585020
sw,-61.3523521423339,-70.6764984130859,40.24862008720686,-172.42529962726402,439601687
sw,-61.7791709899902,-67.6680679321289,30.424690278223288,-183.48074661841616,439618354
sw,-62.0457611083984,-64.9268035888671,22.71933666554356,-189.58321456582843,439635021
sw,-62.3289947509765,-62.1918907165527,17.752139743118377,-190.78264193335295,439651688
sw,-62.5447120666503,-59.1033973693847,15.593426803887874,-187.32742667648935,439668355
sw,-62.7422294616699,-55.775104522705,15.827933169391027,-179.59471923640768,439685022
sw,-63.1389541625976,-52.7504692077636,17.718599203659313,-168.10081340382015,439701689
sw,-63.7659645080566,-50.2437477111816,20.42608337630907,-153.50185840146318,439718356
sw,-64.3883895874023,-48.3101806640625,23.2197864406884,-136.50339004073453,439735023
sw,-64.8583602905273,-46.7572212219238,25.61697768714356,-117.67496154012598,439751690
sw,-65.1975555419921,-45.6324882507324,27.414687713918497,-97.25363973677642,439768357
sw,-65.5710983276367,-44.8644561767578,28.624741793773026,-75.05957704593301,439785024
sw,-66.0851898193359,-44.27681350708,29.3598356848406,-50.61743182644858,439801691
sw,-66.6662063598632,-43.7919845581054,29.726463089417866,-23.494069608264596,439818358
sw,-67.1876144409179,-43.8059463500976,29.7605294153074,6.2390948766496415,439835025
sw,-67.6752853393554,-44.2540245056152,29.413788849894544,37.588756152856156,439851692
sw,-68.1680831909179,-45.0599746704101,28.581281911377477,68.45535336409095,439868359
sw,-68.6717147827148,-46.5199699401855,27.15363970101564,95.81602691381521,439885026
sw,-69.1535491943359,-48.8167877197265,25.07602992895065,116.29746368611,439901693
sw,-69.6043014526367,-51.3723373413085,22.39340440209533,127.0235092782456,439918360
sw,-70.0400695800781,-54.1196250915527,19.26192899854043,126.50395175782201,439935027
sw,-70.3355484008789,-56.8722076416015,15.912932055118505,115.277779797143,439951694
sw,-70.5387420654296,-59.4461212158203,12.569257542700814,96.0617771769995,439968361
sw,-70.7331008911132,-60.7687187194824,9.331342162181041,73.28087570125739,439985028
sw,-70.8145446777343,-60.5894699096679,6.065720578296988,52.04901966469658,440001695
sw,-70.7321853637695,-60.1427688598632,2.33680348361136,36.8801729193942,440018362
sw,-70.423599243164,-59.7475776672363,-2.5788275399868885,30.548087970061502,440035029
sw,-70.1752090454101,-60.2225837707519,-9.57068891751338,33.486195888659175,440051696
sw,-70.2075881958007,-62.0058937072753,-19.47207670021131,43.91057819696196,440068363
sw,-70.0302200317382,-64.0301208496093,-32.789571585579814,58.55862723917651,440085030
sw,-69.3535003662109,-65.4621353149414,-49.47327343967818,73.71681227311558,440101697
sw,-68.0318298339843,-66.899429321289,-68.8142624118496,86.16767996409027,440118364
sw,-66.5096588134765,-68.3296890258789,-89.50945349502999,93.80796458657781,440135031
sw,-64.8694839477539,-70.0666580200195,-109.87483616306551,95.86944464057132,440151698
sw,-63.0244445800781,-71.9490661621093,-128.15204022002874,92.80300432007257,440168365
sw,-60.5703926086425,-73.4761123657226,-142.84346184260409,85.93288881315294,440185032
sw,-57.2353553771972,-74.4731292724609,-153.0032575228603,76.99120124000929,440201699
sw,-53.6944274902343,-75.2639007568359,-158.39624799349457,67.64519539136502,440218366
sw,-51.6504669189453,-76.1795196533203,-159.4463609334873,59.13204750427389,440235033
sw,-50.065502166748,-77.2408599853515,-156.96837539777695,52.08822936125838,440251700
sw,-47.5904197692871,-78.2267913818359,-151.7875115145669,46.59251058714295,440268367
sw,-44.8618354797363,-79.1002120971679,-144.41296450639925,42.36322232513779,440285034
sw,-42.4871292114257,-79.8924789428711,-134.88664490415042,39.005500960952624,440301701
sw,-40.4928398132324,-80.6104583740234,-122.82325390501698,36.21041039829663,440318368
sw,-38.7936248779296,-81.2638778686523,-107.58392008589308,33.84930459200913,440335035
sw,-37.3348922729492,-81.734992980957,-88.51623433064808,31.9565512883286,440351702
sw,-36.2380561828613,-82.1383361816406,-65.21364216650305,30.633208219881386,440368369
sw,-35.6362380981445,-82.6235733032226,-37.75871160625449,29.925232406775745,440385036
sw,-35.6001815795898,-83.1156463623046,-6.912836369579472,29.72969068700689,440401703
sw,-36.0168838500976,-83.6067123413086,25.7888044116475,29.76415753665973,440418370
sw,-36.7782287597656,-84.1204376220703,58.07729408041718,29.607617677961695,440435037
sw,-37.9220237731933,-84.6679992675781,87.1581494136454,28.79685003606396,440451704
sw,-39.6748123168945,-85.2049026489257,110.10001378115508,26.946587983880658,440468371
sw,-42.2368965148925,-85.6909790039062,124.3709401964878,23.855997516042375,440485038
sw,-44.5602645874023,-86.1205139160156,128.42322111452685,19.568082139226792,440501705
sw,-46.9308166503906,-86.4313583374023,122.17093651149348,14.361513813199771,440518372
sw,-49.3329811096191,-86.5827560424804,107.19444576370392,8.673145078979243,440535039
sw,-51.3183708190918,-86.5511093139648,86.55808011884575,2.9694063263236288,440551706
sw,-51.9830665588378,-86.4735260009765,64.23141184819885,-2.3999426875515257,440568373
sw,-51.7704582214355,-86.4527130126953,44.23807094221751,-7.327537082425765,440585040
sw,-51.5319175720214,-86.2808456420898,29.775004977949774,-12.022885972130121,440601707
sw,-51.8110008239746,-85.8719482421875,22.580575448602993,-17.018075220198668,440618374
sw,-52.7568550109863,-85.2409973144531,22.737531051613367,-23.096985181100077,440635041
sw,-53.8009147644043,-84.5593643188476,28.915438111439723,-31.146741219948385,440651708
sw,-54.5399093627929,-83.9453430175781,38.89313926580418,-41.94412976752803,440668375
sw,-55.5171356201171,-83.3352584838867,50.143759594528746,-55.918467501279245,440685042
sw,-56.5102882385253,-82.5715255737304,60.31728467479194,-72.96409055136853,440701709
sw,-57.3767127990722,-81.4135971069336,67.55587035304366,-92.38343040719728,440718376
sw,-58.3679962158203,-79.5125656127929,70.65900475355242,-113.00507919782792,440735043
sw,-59.6497497558593,-76.7530899047851,69.1494682998373,-133.4465327008619,440751710
sw,-60.9166221618652,-73.6824188232421,63.278642917398734,-152.41538215018744,440768377
sw,-61.962417602539,-70.6801147460937,53.97348491785487,-168.9156017165205,440785044
sw,-62.7949638366699,-67.7283172607421,42.70071327981187,-182.27561842030906,440801711
sw,-63.3352241516113,-64.8070449829101,31.22993448899467,-192.019560460169,440818378
sw,-63.6184387207031,-61.9327812194824,21.313135991982804,-197.6966070086039,440835045
sw,-63.7388877868652,-58.6765098571777,14.34045023446706,-198.8025053579375,440851712
sw,-63.5972595214843,-55.1277427673339,11.058420910609708,-194.85772710652665,440868379
sw,-63.6644668579101,-51.687271118164,11.433815035283384,-185.59379531821014,440885046
sw,-64.0536422729492,-48.8843994140625,14.709718744690015,-171.11915092329332,440901713
sw,-64.7211380004882,-46.6251564025878,19.639538034473784,-151.9434029795685,440918380
sw,-65.3745574951171,-44.8621444702148,24.822598626218515,-128.82723226686423,440935047
sw,-65.9832611083984,-43.6869621276855,29.033762427323083,-102.53410273974376,440951714
sw,-66.5637969970703,-42.9666595458984,31.454976084667244,-73.62409380582662,440968381
sw,-67.1488800048828,-42.5916442871093,31.76552386131127,-42.42021970660888,440985048
sw,-67.6416931152343,-42.4725265502929,30.10007046391702,-9.20276089468338,441001715
sw,-68.0133438110351,-42.7908248901367,26.917711353518687,25.420697584048003,441018382
sw,-68.3422546386718,-43.4816741943359,22.83696724803575,60.1205549593382,441035049
sw,-68.6798629760742,-44.521614074707,18.48552160145222,92.62592124336302,441051716
sw,-68.9826126098632,-46.1887397766113,14.394775201444897,119.85460628390456,441068383
sw,-69.2470169067382,-48.8553886413574,10.94487626979011,138.46123991370615,441085050
sw,-69.4630126953125,-51.9893836975097,8.34551768909889,145.71210560071827,441101717
sw,-69.6463165283203,-55.2676582336425,6.629377113425574,140.433974483383,441118384
sw,-69.7858581542968,-58.3652305603027,5.639949838049398,123.69472371518475,441135051
sw,-69.8884658813476,-61.0119552612304,5.0094344371666715,98.91032421731344,441151718
sw,-69.9172210693359,-61.6680374145507,4.139194606717254,71.24186871272504,441168385
sw,-69.8721237182617,-61.2112350463867,2.209097396178814,46.4015384398414,441185052
sw,-69.7052764892578,-60.5884246826171,-1.753256652946745,29.23315252702781,441201719
sw,-69.3360900878906,-60.4545707702636,-8.722237118325674,22.54734084252324,441218386
sw,-69.2497024536132,-61.4586563110351,-19.44923203338773,26.592227994857232,441235053
sw,-69.1912612915039,-63.1242179870605,-34.210869994733734,39.27008312479427,441251720
sw,-68.518928527832,-64.5954666137695,-52.61525097540305,56.92151726064891,441268387
sw,-67.1803131103515,-65.7951354980468,-73.55427840147719,75.34341757046832,441285054
sw,-65.5233993530273,-67.170654296875,-95.34478141589587,90.73077002209328,441301721
sw,-63.586929321289,-68.8360900878906,-116.02998898321333,100.3627911141173,441318388
sw,-61.6015243530273,-71.1030654907226,-133.7593804208155,102.97618282626684,441335055
sw,-59.090160369873,-73.3815689086914,-147.14923617985312,98.82331269382871,441351722
sw,-55.7275047302246,-74.8747863769531,-155.53319186413097,89.42733451323224,441368389
sw,-52.3558273315429,-75.6475524902343,-159.0257469167377,77.08100326487063,441385056
sw,-50.5400810241699,-76.289924621582,-158.3574868144606,64.20969713112102,441401723
sw,-49.0036239624023,-77.0363006591796,-154.52177854880287,52.78264858653209,441418390
sw,-46.3861198425293,-77.7858963012695,-148.36923081538535,43.94612914038273,441435057
sw,-43.6305770874023,-78.5739364624023,-140.31698287974055,37.96063383258762,441451724
sw,-41.2673225402832,-79.4342803955078,-130.26627920879113,34.40480249042171,441468391
sw,-39.3838729858398,-80.2189407348632,-117.70809099237906,32.52386906028647,441485058
sw,-37.79292678833,-81.0081176757812,-101.93588213371028,31.577166313028798,441501725
sw,-36.4607925415039,-81.6386260986328,-82.29571402550718,31.070358978588736,441518392
sw,-35.4926872253418,-82.0143661499023,-58.436986758784805,30.820712258934268,441535059
sw,-34.9990272521972,-82.4106216430664,-30.5400354047051,30.871973080595236,441551726
sw,-35.0221328735351,-82.8834686279296,0.5111447864197187,31.325616109403732,441568393
sw,-35.5277061462402,-83.3987655639648,33.05350034401787,32.17158626300887,441585060
sw,-36.4127540588378,-83.9148254394531,64.71127820135555,33.18451866342244,441601727
sw,-37.6500434875488,-84.4776382446289,92.63803636479513,33.91630095561008,441618394
sw,-39.4595260620117,-85.1006317138671,113.93994417820274,33.780626138991956,441635061
sw,-42.2261199951171,-85.7385101318359,126.23393831149241,32.19906058598036,441651728
sw,-44.5706100463867,-86.3203887939453,128.22677300475758,28.763141149935468,441668395
sw,-46.7619361877441,-86.8299789428711,120.15103100669162,23.36377021199413,441685062
sw,-49.0792808532714,-87.2151260375976,103.89888458223444,16.247832396624236,441701729
sw,-51.0031127929687,-87.3597335815429,82.76151751648472,7.980396653485878,441718396
sw,-51.6765174865722,-87.3526306152343,60.7908631320263,-0.6852957253518182,441735063
sw,-51.3301239013671,-87.3045578002929,41.925561647104566,-9.00435794648623,441751730
sw,-51.0501327514648,-87.0009536743164,29.128853622425606,-16.459646652853884,441768397
sw,-51.4090194702148,-86.4404754638671,23.81099449603107,-22.94956751003622,441785064
sw,-52.4372673034668,-85.5690231323242,25.708250853105206,-28.885572926662743,441801731
sw,-53.6091880798339,-84.6556625366211,33.20296484858684,-35.14748593062379,441818398
sw,-54.4679870605468,-83.8893966674804,43.90505012314481,-42.87431853740554,441835065
sw,-55.3458976745605,-83.3146438598632,55.26572239657503,-53.125423221544466,441851732
sw,-56.3919258117675,-82.8005294799804,65.05922650574622,-66.51365403078788,441868399
sw,-57.4779891967773,-81.9365692138671,71.67520974906249,-82.94979350423962,441885066
sw,-58.7226753234863,-80.3781433105468,74.24186091731077,-101.61083872767794,441901733
sw,-60.0871276855468,-77.9668884277343,72.62541161474401,-121.15275160387738,441918400
sw,-61.2302169799804,-75.1319122314453,67.342786273958,-140.07416220258045,441935067
sw,-62.246826171875,-72.2658767700195,59.40846847728999,-157.06717298863975,441951734
sw,-63.1160011291503,-69.4414825439453,50.13116446662131,-171.20996359385435,441968401
sw,-63.769058227539,-66.5692749023437,40.88211654808107,-181.95295223924612,441985068
sw,-64.2781219482421,-63.7017745971679,32.866487075641324,-188.9646682837942,442001735
sw,-64.7500457763671,-60.7203636169433,26.933802868461754,-191.96622970624847,442018402
sw,-65.0904159545898,-57.4436264038085,23.45975018031036,-190.66265174596484,442035069
sw,-65.3989028930664,-54.051097869873,22.320359102564954,-184.7960886295769,442051736
sw,-65.7927856445312,-51.1124153137207,22.96320399517033,-174.2580755563715,442068403
sw,-66.3256683349609,-48.699405670166,24.5606844437124,-159.1630304346958,442085070
sw,-66.9111938476562,-46.6122703552246,26.21032355039984,-139.82275678691678,442101737
sw,-67.4923477172851,-44.9888381958007,27.13278870790881,-116.63821937638917,442118404
sw,-68.0712509155273,-43.8804283142089,26.818409013046164,-89.98571237229773,442135071
sw,-68.535659790039,-43.2378158569335,25.090149615810446,-60.18709517541342,442151738
sw,-68.8479995727539,-42.9811096191406,22.07919475851533,-27.619183881524076,442168405
sw,-69.0456161499023,-43.0523948669433,18.13741730815663,7.046596059262956,442185072
sw,-69.1970825195312,-43.6169166564941,13.72795117635207,42.55485404647445,442201739
sw,-69.3929367065429,-44.525520324707,9.333149997658156,76.86199769283644,442218406
sw,-69.62890625,-45.856101989746,5.398616021687373,107.16383857540835,442235073
sw,-69.8442993164062,-47.8266868591308,2.3036308621903836,130.25513186463652,442251740
sw,-69.9525985717773,-50.7381172180175,0.32942260082079355,143.21555123119438,442268407
sw,-69.9503860473632,-53.865867614746,-0.4000843093597002,144.27491494949533,442285074
sw,-69.8858642578125,-57.2465476989746,-0.0061229336485615245,133.58456954539724,442301741
sw,-69.7655868530273,-60.2060279846191,1.0582340115470712,113.57859916203587,442318408
sw,-69.6853713989257,-61.8297157287597,1.9714019546673118,88.69436686842344,442335075
sw,-69.7162399291992,-62.1187286376953,1.6011213089670358,64.43116104050252,442351742
sw,-69.7934341430664,-61.5195960998535,-1.32596700542162,45.989095786186425,442368409
sw,-69.6081924438476,-61.1766929626464,-7.964445340373904,36.928409367884626,442385076
sw,-69.347785949707,-61.7722854614257,-19.05575377353949,38.307665333803136,442401743
sw,-69.2488403320312,-63.3104591369628,-34.67506716815704,48.572239570025005,442418410
sw,-68.5139236450195,-64.7801818847656,-54.09752872567927,64.16993760975511,442435077
sw,-67.204963684082,-66.6733627319336,-75.84229550426451,80.62525262425319,442451744
sw,-65.3871383666992,-68.2804412841796,-97.90685974207206,93.71028636039281,442468411
sw,-63.5562438964843,-69.9725646972656,-118.14433603276179,100.40304556846237,442485078
sw,-61.5104789733886,-72.028091430664,-134.69133921843456,99.44665164850477,442501745
sw,-58.5680923461914,-74.1089324951171,-146.33914945831887,91.44285216493729,442518412
sw,-55.1485137939453,-75.3405151367187,-152.74662060059802,78.50541009880592,442535079
sw,-52.3439102172851,-75.8645477294921,-154.41576713007305,63.580419990472485,442551746
sw,-50.8138961791992,-76.2421798706054,-152.41145788375385,49.621307636771945,442568413
sw,-49.0967292785644,-76.7737884521484,-147.91066057798733,38.85345222482292,442585080
sw,-46.4999351501464,-77.386978149414,-141.7567872105147,32.33126900730303,442601747
sw,-43.976146697998,-78.0167694091796,-134.19153437271726,29.880157376965645,442618414
sw,-41.8276481628418,-78.7042922973632,-124.83571279387428,30.38250267704248,442635081
sw,-40.0425567626953,-79.4706268310546,-112.8762173395533,32.2708956293939,442651748
sw,-38.4435920715332,-80.3957138061523,-97.36560573484364,34.05626518222354,442668415
sw,-37.1772003173828,-81.2611312866211,-77.55172318752915,34.73552933231854,442685082
sw,-36.2280693054199,-81.850715637207,-53.179957881074344,33.97740566194716,442701749
sw,-35.77978515625,-82.2348937988281,-24.72206356451859,32.062516893456156,442718416
sw,-35.9249458312988,-82.5107192993164,6.5120409478677015,29.634874555864915,442735083
sw,-36.4115333557128,-82.7945327758789,38.41622531243738,27.377946240819245,442751750
sw,-37.3373832702636,-83.146255493164,68.30390243130384,25.73788119933713,442768417
sw,-38.9761428833007,-83.5760879516601,93.29020472837328,24.779473901054214,442785084
sw,-41.1647834777832,-84.0854721069336,110.79364892630787,24.198888340259238,442801751
sw,-43.3671379089355,-84.6395874023437,119.06471228614349,23.459112901353325,442818418
sw,-45.1733665466308,-85.1602935791015,117.61789452158484,21.979635453621253,442835085
sw,-47.3350143432617,-85.5628356933593,107.44789243358903,19.30764458716109,442851752
sw,-49.8040924072265,-85.8262710571289,90.94714351326455,15.218960921915013,442868419
sw,-50.8415184020996,-85.9733810424804,71.49824225777269,9.729894602631841,442885086
sw,-51.348777770996,-86.0861358642578,52.79334699013623,3.031450096509503,442901753
sw,-51.214500427246,-86.1077117919921,38.034261129965124,-4.624804760729388,442918420
sw,-50.9879493713378,-85.8594894409179,29.248635316825585,-13.053913020738781,442935087
sw,-51.3236846923828,-85.2766036987304,26.950563351781774,-22.24127106773432,442951754
sw,-52.6350021362304,-84.5247497558593,30.251189777145886,-32.38670761685018,442968421
sw,-54.1564064025878,-83.715217590332,37.339711390602176,-43.86119593084919,442985088
sw,-54.9966697692871,-82.8872680664062,46.110339207831245,-57.0742875623707,443001755
sw,-55.7641792297363,-81.9504318237304,54.689494219099885,-72.28930796930089,443018422
sw,-56.7468566894531,-80.805061340332,61.71895686553215,-89.45532542596223,443035089
sw,-57.6017608642578,-79.2780838012695,66.39326040500502,-108.12771328376886,443051756
sw,-58.4754486083984,-76.9831161499023,68.34661934697837,-127.51460317861935,443068423
sw,-59.6076202392578,-74.0670852661132,67.5069021575453,-146.62710553227214,443085090
sw,-60.7108078002929,-70.9571456909179,64.00080687715297,-164.45740979447768,443101757
sw,-61.7283821105957,-67.6796417236328,58.13673282386135,-180.09592581067125,443118424
sw,-62.7218551635742,-64.4873123168945,50.43797561604147,-192.74119840227442,443135091
sw,-63.7194633483886,-61.5750389099121,41.66883326298301,-201.631260764345,443151758
sw,-64.5453872680664,-58.4756813049316,32.796531595733995,-205.98300416527172,443168425
sw,-64.8916778564453,-55.0929985046386,24.85942088783484,-205.02500878096612,443185092
sw,-64.9096069335937,-51.6144523620605,18.758969692846904,-198.1450578976097,443201759
sw,-64.9020233154296,-48.363956451416,15.041867901584734,-185.08742006867953,443218426
sw,-65.1770629882812,-45.5751152038574,13.760019120962726,-166.0870247131701,443235093
sw,-65.69140625,-43.5041236877441,14.47013220324799,-141.85262072854303,443251760
sw,-66.2161026000976,-42.2272033691406,16.373101885396448,-113.39434533177578,443268427
sw,-66.6546554565429,-41.4643173217773,18.53587478887821,-81.78268488269687,443285094
sw,-67.0311279296875,-41.1244354248046,20.11850485534817,-47.97225534452259,443301761
sw,-67.4553070068359,-41.0852661132812,20.547505833491847,-12.797155333505776,443318428
sw,-67.9009399414062,-41.3814086914062,19.60873450155516,22.84396043950726,443335095
sw,-68.2681274414062,-42.1306724548339,17.45656842579635,57.70179607089458,443351762
sw,-68.5351333618164,-43.3224906921386,14.547550292027768,89.95122078187623,443368429
sw,-68.7844314575195,-44.9742088317871,11.513864087907182,117.19368069992292,443385096
sw,-69.00537109375,-47.3346290588378,8.999772904333701,136.78393688641253,443401763
sw,-69.0950469970703,-50.5151863098144,7.490946359720189,146.45241146588057,443418430
sw,-69.0680694580078,-53.6132125854492,7.170224613420625,145.05463759743577,443435097
sw,-69.1414489746093,-56.5776672363281,7.8322876941527815,133.18234862360697,443451764
sw,-69.3708190917968,-59.5383377075195,8.880288856594282,113.3681463431592,443468431
sw,-69.6266403198242,-61.064842224121,9.407575659553638,89.72431631908991,443485098
sw,-69.8854141235351,-61.2249641418457,8.344031305787563,67.05039618305824,443501765
sw,-69.9826126098632,-60.8811111450195,4.632868378795144,49.66092308460926,443518432
sw,-69.7165069580078,-60.7539253234863,-2.592751711592151,40.32811055346217,443535099
sw,-69.3418884277343,-61.749454498291,-13.85030937703142,39.70983136803126,443551766
sw,-69.1295471191406,-63.7553367614746,-29.175811155636755,46.42903499236369,443568433
sw,-68.7102279663086,-65.1447219848632,-48.03910695061056,57.6962180520647,443585100
sw,-67.5626525878906,-66.2810592651367,-69.34275720874315,70.18215562618899,443601767
sw,-66.0025558471679,-67.7501754760742,-91.53640157097735,80.83847032617227,443618434
sw,-64.0870132446289,-69.1039276123046,-112.84387643592214,87.48092496770255,443635101
sw,-62.0676574707031,-70.8195419311523,-131.55699171302535,89.08094915871126,443651768
sw,-59.8328666687011,-72.7724533081054,-146.32689588483035,85.78327960086587,443668435
sw,-56.8110237121582,-74.3159713745117,-156.38435405682833,78.68887798066672,443685102
sw,-53.2109870910644,-75.1460494995117,-161.62817265622692,69.45790303869059,443701769
sw,-50.7594604492187,-75.6953506469726,-162.53784707594394,59.825450587993295,443718436
sw,-49.1945724487304,-76.4591903686523,-159.91674632951728,51.16381840379215,443735103
sw,-46.9298973083496,-77.3758163452148,-154.55413256646068,44.22136228147355,443751770
sw,-43.977798461914,-78.1385421752929,-146.9466447491422,39.099343649828604,443768437
sw,-41.2684593200683,-78.9875793457031,-137.18174584165868,35.43097553447547,443785104
sw,-39.1792335510253,-79.7276229858398,-124.98458893824751,32.65860068538595,443801771
sw,-37.564598083496,-80.3615264892578,-109.85874285827077,30.292929513295356,443818438
sw,-36.168098449707,-80.9741744995117,-91.25789753528832,28.071250614852406,443835105
sw,-35.0456504821777,-81.3158798217773,-68.77012835074864,25.983827889129127,443851772
sw,-34.3045425415039,-81.6414031982421,-42.3177699941963,24.187962198608748,443868439
sw,-34.1826400756835,-81.983283996582,-12.359509274923562,22.86357305884671,443885106
sw,-34.533821105957,-82.2754898071289,19.948177790611627,22.0750883045021,443901773
sw,-35.0850105285644,-82.5875701904296,52.691504892553354,21.69207238209372,443918440
sw,-36.1851806640625,-82.9625167846679,83.30270647460071,21.393689839119105,443935107
sw,-38.0608558654785,-83.3674697875976,108.86402563132502,20.751300640243304,443951774
sw,-40.5052986145019,-83.7912979125976,126.59794030472851,19.358365998145626,443968441
sw,-43.0225067138671,-84.2154159545898,134.45671428379373,16.963077652208035,443985108
sw,-45.2257919311523,-84.5573501586914,131.66496493848598,13.55926877518948,444001775
sw,-47.6216506958007,-84.7548828125,119.05583355029839,9.404334377850887,444018442
sw,-49.9177589416503,-84.8242645263671,99.07831738911142,4.954922821799496,444035109
sw,-51.4192428588867,-84.847785949707,75.42378943349918,0.7351599113508382,444051776
sw,-51.8773040771484,-84.8116760253906,52.31497002262102,-2.8296392945997515,444068443
sw,-51.623966217041,-84.6626358032226,33.61379146441388,-5.572850433188141,444085110
sw,-51.2563400268554,-84.467041015625,21.998035323752834,-7.700104142396836,444101777
sw,-51.3037376403808,-84.1470336914062,18.466262081279936,-9.823145014739124,444118444
sw,-52.2370262145996,-83.7518920898437,22.32181600443139,-12.891752230942622,444135111
sw,-53.6514549255371,-83.2991104125976,31.600091508811722,-18.0194238388502,444151778
sw,-54.5069847106933,-82.9548873901367,43.73808802568602,-26.225330037151732,444168445
sw,-55.3138999938964,-82.6803207397461,56.23131616868601,-38.148755983507655,444185112
sw,-56.4886169433593,-82.3256607055664,67.09319709310633,-53.8221433770135,444201779
sw,-57.7468605041503,-81.5329971313476,75.05768115977476,-72.5944282827688,444218446
sw,-58.957763671875,-80.0389328002929,79.56520155884537,-93.25812905534664,444235113
sw,-60.1857833862304,-77.6605529785156,80.61537153645192,-114.3528182787033,444251780
sw,-61.4100875854492,-74.7514038085937,78.57294099742376,-134.5281846755061,444268447
sw,-62.5886650085449,-71.9189910888671,73.99562894488281,-152.80608279065078,444285114
sw,-63.7991714477539,-69.1018981933593,67.52134077031633,-168.62173236256658,444301781
sw,-64.9930953979492,-66.2166137695312,59.8157941605744,-181.63837019639735,444318448
sw,-66.0097961425781,-63.624942779541,51.55270659201116,-191.45454946832206,444335115
sw,-66.8028411865234,-60.7731590270996,43.38949856966689,-197.38473678888664,444351782
sw,-67.3039627075195,-57.3313331604003,35.91536659858977,-198.45374812146946,444368449
sw,-67.7076721191406,-53.5722770690918,29.576282137181753,-193.6236246494174,444385116
sw,-68.0887985229492,-50.2708625793457,24.604855235705887,-182.13753311665326,444401783
sw,-68.540283203125,-47.6477699279785,20.987152477885175,-163.8022625287982,444418450
sw,-68.9782638549804,-45.6963157653808,18.482893721991672,-139.07794390234815,444435117
sw,-69.322639465332,-44.3936614990234,16.693483004877535,-108.96354300932266,444451784
sw,-69.5644454956054,-43.6114082336425,15.159369947200812,-74.77748928912847,444468451
sw,-69.8001251220703,-43.2296600341796,13.46811103487603,-37.97131528941023,444485118
sw,-70.0849456787109,-43.2065391540527,11.358209127315074,-0.07044348724427923,444501785
sw,-70.393081665039,-43.6505584716796,8.801333498160654,37.25576747714339,444518452
sw,-70.6444625854492,-44.5378799438476,6.037755783996375,72.08229947481892,444535119
sw,-70.826171875,-45.8941574096679,3.53779628717063,102.20716598394773,444551786
sw,-70.9489517211914,-47.9113998413085,1.875416047199913,125.3312650193391,444568453
sw,-70.9476623535156,-50.9429244995117,1.528177971612995,139.46756332591255,444585120
sw,-70.7729339599609,-53.7638092041015,2.6506486685220527,143.4924933867224,444601787
sw,-70.6585845947265,-56.634967803955,4.89211425045683,137.65308330410173,444618454
sw,-70.7574462890625,-59.7449493408203,7.33100810630217,123.80988370942862,444635121
sw,-70.9392166137695,-61.6849365234375,8.571145688588569,105.2519456706676,444651788
sw,-71.1145629882812,-62.5942993164062,6.996457204428451,86.05618509946923,444668455
sw,-71.2356872558593,-62.6540565490722,1.1314562623214797,70.14179713225955,444685122
sw,-71.1782760620117,-63.0127868652343,-9.977898331154456,60.31874798253202,444701789
sw,-70.9666366577148,-64.4141311645507,-26.458967408798948,57.657533175690205,444718456
sw,-70.7170944213867,-65.81884765625,-47.470397386285036,61.37936554910665,444735123
sw,-69.4765319824218,-67.1064376831054,-71.28225950247817,69.2537877696247,444751790
sw,-67.5459442138671,-68.6687545776367,-95.58339678116043,78.3210818626427,444768457
sw,-65.3235931396484,-70.2589340209961,-117.94909270386718,85.70016923012454,444785124
sw,-63.2520408630371,-72.1132431030273,-136.34388119177737,89.27486112562787,444801791
sw,-60.7953033447265,-74.1561965942382,-149.52293047656863,88.11426499631334,444818458
sw,-57.6309432983398,-75.7915420532226,-157.2293344239112,82.54965977960856,444835125
sw,-54.3025779724121,-76.8027038574218,-160.13409461395767,73.90770709697559,444851792
sw,-51.9358558654785,-77.349624633789,-159.51890616398111,63.994183745182454,444868459
sw,-50.4226760864257,-77.8871307373046,-156.77483650686614,54.50684715314237,444885126
sw,-48.2671699523925,-78.6862487792968,-152.8740107908928,46.57998958060682,444901793
sw,-45.4458465576171,-79.6687316894531,-148.00580104034455,40.59805820245251,444918460
sw,-42.8118667602539,-80.704116821289,-141.50377489897278,36.29075374457212,444935127
sw,-40.6132202148437,-81.4813385009765,-132.06091916979915,33.00803506678565,444951794
sw,-38.7576560974121,-82.0446853637695,-118.13123308741775,30.028923182496666,444968461
sw,-37.1428451538085,-82.4583206176757,-98.39494945545098,26.790147097432204,444985128
sw,-35.8623809814453,-82.7586822509765,-72.1929200085113,22.991406633035453,445001795
sw,-35.1466636657714,-83.0222854614257,-39.86298380074367,18.596125092792636,445018462
sw,-35.1342277526855,-83.2411727905273,-2.921892025257666,13.774643466684635,445035129
sw,-35.5757789611816,-83.4050140380859,35.956041306703106,8.832687462771782,445051796
sw,-36.4704704284668,-83.4764938354492,73.19547643955356,4.147792568432164,445068463
sw,-38.132339477539,-83.4606704711914,104.81352297412842,0.11661322009519111,445085130
sw,-40.4868087768554,-83.4160232543945,127.10459056200304,-2.894229967511171,445101797
sw,-43.0871505737304,-83.4061965942382,137.40713379431563,-4.60126000464416,445118464
sw,-45.55122756958,-83.4121551513671,134.78157477774383,-4.863025783690811,445135131
sw,-48.3469123840332,-83.3795471191406,120.40284648480379,-3.739321811187054,445151798
sw,-50.8342475891113,-83.3121490478515,97.50369912151804,-1.538640447476718,445168465
sw,-51.8720550537109,-83.2652435302734,70.80195525965412,1.1624461097436163,445185132
sw,-51.6829528808593,-83.3380279541015,45.49821320781071,3.542795341016152,445201799
sw,-51.2050666809082,-83.4758987426757,26.100494898713762,4.608971012652113,445218466
sw,-50.7881965637207,-83.4945297241211,15.435129350665079,3.309632798104235,445235133
sw,-50.9334373474121,-83.287124633789,14.158874863655278,-1.3228754480664644,445251800
sw,-52.1745872497558,-83.035903930664,20.896436138189404,-10.019683399982425,445268467
sw,-53.4945945739746,-82.7793350219726,32.88498763837812,-23.1282802564991,445285134
sw,-54.4020347595214,-82.340347290039,46.83924654402486,-40.49784472855872,445301801
sw,-55.4368324279785,-81.6485900878906,59.73318092596935,-61.43768203042867,445318468
sw,-56.5032081604003,-80.5702209472656,69.30846153578001,-84.78922755996885,445335135
sw,-57.4903182983398,-78.8104476928711,74.27466360681278,-109.12184558876024,445351802
sw,-58.6125984191894,-76.1560363769531,74.27545766115644,-133.00589707701437,445368469
sw,-59.8472099304199,-73.1102523803711,69.72878667621502,-155.26103066107152,445385136
sw,-60.926456451416,-70.0326995849609,61.62580952474495,-175.06451326873494,445401803
sw,-61.8475341796875,-66.7829132080078,51.32836712189397,-191.860117038458,445418470
sw,-62.6781463623046,-63.8341369628906,40.3687010690636,-205.11499611589142,445435137
sw,-63.2447776794433,-60.9454727172851,30.243064004582873,-214.06951480018364,445451804
sw,-63.6287193298339,-57.3793334960937,22.20068641421946,-217.6471564980575,445468471
sw,-63.7220878601074,-53.3274116516113,17.05106091980347,-214.61255700950898,445485138
sw,-63.7095108032226,-49.4859809875488,15.032926849897649,-203.92457846171695,445501805
sw,-63.9360084533691,-46.2834396362304,15.792586505394137,-185.11663472439028,445518472
sw,-64.5020904541015,-43.8119392395019,18.495613061467022,-158.5241709401852,445535139
sw,-65.1266021728515,-42.2581138610839,22.049619980614622,-125.27180243027288,445551806
sw,-65.5825271606445,-41.2640838623046,25.372644138934245,-87.06191469780573,445568473
sw,-65.923225402832,-40.8324432373046,27.630378581342217,-45.892668731782926,445585140
sw,-66.4105453491211,-40.9149856567382,28.389288549214708,-3.8373285762415152,445601807
sw,-67.0762710571289,-41.4580841064453,27.666695779812596,37.048713081983315,445618474
sw,-67.6982498168945,-42.5571022033691,25.878957939905757,74.71787453558372,445635141
sw,-68.0823135375976,-44.0000991821289,23.69655216126719,107.11152027128574,445651808
sw,-68.3128280639648,-46.0298500061035,21.82852157583672,132.24364215361092,445668475
sw,-68.5041351318359,-49.0052299499511,20.78451438014768,148.45364394110447,445685142
sw,-68.6667175292968,-51.8950729370117,20.68419087064142,154.80197675764083,445701809
sw,-68.9333267211914,-55.1011695861816,21.17989129817313,151.4802724878335,445718476
sw,-69.4109420776367,-58.466796875,21.52324506943138,140.04772133077773,445735143
sw,-70.1214294433593,-60.5716133117675,20.75260149005048,123.32634579295383,445751810
sw,-70.7280502319336,-62.048484802246,17.92997445766814,104.89699828621372,445768477
sw,-70.9319839477539,-62.7685661315918,12.33977473168855,88.30342174712933,445785144
sw,-70.8050918579101,-63.039981842041,3.5901287870668215,76.21963999734578,445801811
sw,-70.4205169677734,-64.3142471313476,-8.383716217837163,69.8776025925245,445818478
sw,-69.8965454101562,-66.3300170898437,-23.363819181353502,68.94660249801782,445835145
sw,-69.4573287963867,-67.5445556640625,-40.883020848829716,71.85773345115163,445851812
sw,-68.7045669555664,-68.9191284179687,-60.22382937292666,76.39761280770222,445868479
sw,-67.255142211914,-70.376220703125,-80.40748989244841,80.3471229768453,445885146
sw,-65.7747268676757,-71.9395980834961,-100.22360279942619,81.99897139297073,445901813
sw,-64.3097076416015,-73.6706466674804,-118.34128327092027,80.4710787713748,445918480
sw,-62.1184387207031,-75.259895324707,-133.50979302169318,75.78791887451905,445935147
sw,-58.955265045166,-76.3285903930664,-144.8098342133188,68.73679281125636,445951814
sw,-55.5120315551757,-77.0845184326171,-151.86416084909584,60.548155023912706,445968481
sw,-52.8089942932128,-77.7207717895507,-154.8908653735265,52.499895219198,445985148
sw,-51.2124595642089,-78.5169677734375,-154.53227370785018,45.57397960067238,446001815
sw,-49.3684425354003,-79.4270935058593,-151.51335871760114,40.26894289490119,446018482
sw,-46.8285827636718,-80.3385925292968,-146.29139743681083,36.598682761091595,446035149
sw,-44.1820983886718,-81.1046371459961,-138.8613178676124,34.22948773919597,446051816
sw,-41.9446945190429,-81.7219161987304,-128.77984282356778,32.66758658106923,446068483
sw,-40.0527648925781,-82.2864990234375,-115.35762955578241,31.42079180200266,446085150
sw,-38.5025253295898,-82.7747116088867,-97.92251189669285,30.097971019588705,446101817
sw,-37.3722915649414,-83.2633285522461,-76.07862243007105,28.447686554344624,446118484
sw,-36.6230392456054,-83.7768173217773,-49.92552706063362,26.35523648411693,446135151
sw,-36.3345146179199,-84.2102661132812,-20.221089484427523,23.817313300294888,446151818
sw,-36.4827232360839,-84.5538940429687,11.53258059445646,20.906736245349176,446168485
sw,-37.0042648315429,-84.7861328125,43.11490453969531,17.735610030420716,446185152
sw,-37.9591941833496,-84.9605178833007,71.76575065260874,14.425593487546726,446201819
sw,-39.4318008422851,-85.1095199584961,94.54315165694352,11.09406269592627,446218486
sw,-41.5425682067871,-85.242561340332,108.84009559550982,7.859993029671109,446235153
sw,-43.7805862426757,-85.3724670410156,112.97442937231914,4.863495143573992,446251820
sw,-45.5618019104003,-85.5362167358398,106.70695046284736,2.282785594205301,446268487
sw,-47.6522636413574,-85.6814422607421,91.52321127493245,0.3274979173415283,446285154
sw,-49.6318435668945,-85.7281341552734,70.54740732732019,-0.80845264342392,446301821
sw,-50.4634170532226,-85.721450805664,48.03594260347683,-1.0367930140845758,446318488
sw,-50.1739158630371,-85.6865692138671,28.51630025064927,-0.4891426511556039,446335155
sw,-49.5933227539062,-85.5918960571289,15.773978784997025,0.38159718554970934,446351822
sw,-49.198429107666,-85.4590377807617,11.987104891893146,0.7579299107557927,446368489
sw,-49.2016906738281,-85.240005493164,17.290805851090074,-0.48888480424298875,446385156
sw,-50.3118362426757,-84.9546127319336,29.90407845207773,-4.6308355795044225,446401823
sw,-52.0244255065918,-84.7409591674804,46.73920603058741,-12.814814837868628,446418490
sw,-53.1690216064453,-84.6216735839843,64.24764163413593,-25.748075319457225,446435157
sw,-54.3789710998535,-84.3568420410156,79.21712728838361,-43.428435148597686,446451824
sw,-55.891975402832,-83.7346572875976,89.32262073457893,-65.02400327860741,446468491
sw,-57.3573608398437,-82.5499114990234,93.37193070806558,-88.97774091619057,446485158
sw,-58.8106002807617,-80.6131973266601,91.29047069955001,-113.33681364599225,446501825
sw,-60.3098487854003,-77.839729309082,83.9285286670434,-136.2111243534407,446518492
sw,-61.5108528137207,-74.6860275268554,72.77053773234337,-156.19531508004002,446535159
sw,-62.3954849243164,-71.5389099121093,59.609222613198106,-172.58673253027897,446551826
sw,-63.1152648925781,-68.5475311279296,46.23404893414229,-185.31246106804048,446568493
sw,-63.7245712280273,-65.7543182373046,34.17424179392909,-194.61088700141022,446585160
sw,-64.2125778198242,-63.0036582946777,24.52512702544095,-200.63082701118896,446601827
sw,-64.5999069213867,-59.8467941284179,17.869432749637554,-203.14756508218554,446618494
sw,-64.7836151123046,-56.244514465332,14.287732636676415,-201.52616895248084,446635161
sw,-65.0178070068359,-52.5992240905761,13.440721182928176,-194.92658163700503,446651828
sw,-65.4010848999023,-49.4509658813476,14.699774443165321,-182.6232820735359,446668495
sw,-65.9080505371093,-46.8567428588867,17.296701533636636,-164.2756096640956,446685162
sw,-66.3979949951171,-44.8209266662597,20.45979462739664,-140.0444154122876,446701829
sw,-66.7978210449218,-43.4457664489746,23.509309063253145,-110.55557162153482,446718496
sw,-67.1644592285156,-42.5834426879882,25.905095928041266,-76.79235296760893,446735163
sw,-67.61962890625,-42.1151657104492,27.26196822566647,-40.01663590195113,446751830
sw,-68.1915588378906,-42.0763282775878,27.357179836825985,-1.774648089694637,446768497
sw,-68.7779769897461,-42.5329093933105,26.14232460473748,36.03314546442554,446785164
sw,-69.2750549316406,-43.43013381958,23.75058957691045,71.1058384959251,446801831
sw,-69.6608428955078,-44.8528289794921,20.478686563545633,100.83183776021902,446818498
sw,-69.947265625,-46.9716987609863,16.729952072133692,122.592650276606,446835165
sw,-70.1271667480468,-49.737319946289,12.923913701587475,134.27310709552876,446851832
sw,-70.2654113769531,-52.6143531799316,9.393798259690726,134.86349793538966,446868499
sw,-70.3437271118164,-55.1783866882324,6.297700089630425,124.95789211245224,446885166
sw,-70.4884567260742,-57.7385559082031,3.5615071337350646,106.93998772122492,446901833
sw,-70.642219543457,-59.5379600524902,0.8589917682665151,84.71649325007175,446918500
sw,-70.608642578125,-60.3320808410644,-2.374012115916104,62.99044645483788,446935167
sw,-70.2665176391601,-60.2140655517578,-6.891862251823439,46.22796016866268,446951834
sw,-69.7624130249023,-60.0000038146972,-13.54723892648134,37.60957274495991,446968501
sw,-69.3048629760742,-60.1393737792968,-23.140142258451263,38.30273354523104,446985168
sw,-68.9966278076171,-61.4245414733886,-36.21180282088019,47.296838910331495,447001835
sw,-68.4684143066406,-63.5143890380859,-52.82815298314799,61.83232447513853,447018502
sw,-67.3468933105468,-65.2675628662109,-72.43152805985231,78.23437047626588,447035169
sw,-65.7873611450195,-66.6276473999023,-93.83426698290394,92.84752623026547,447051836
sw,-63.7949981689453,-68.2318801879882,-115.37939605311246,102.80517153471963,447068503
sw,-61.5554809570312,-70.2194213867187,-135.2312274670046,106.49677066865372,447085170
sw,-59.3064384460449,-72.3320159912109,-151.7179701622982,103.7122411420401,447101837
sw,-56.6010513305664,-74.3223800659179,-163.63999301905181,95.49604454081575,447118504
sw,-52.6829376220703,-75.6237106323242,-170.4660529206758,83.76280121310633,447135171
sw,-49.4306030273437,-76.3492202758789,-172.3542756831477,70.75888605487255,447151838
sw,-47.8282089233398,-76.8829116821289,-169.97214388822968,58.50373965000209,447168505
sw,-45.5409851074218,-77.673469543457,-164.16762852845957,48.36793347470303,447185172
sw,-42.5226364135742,-78.5602569580078,-155.62285675815806,40.902615871135296,447201839
sw,-39.7988777160644,-79.4486694335937,-144.6276145658367,35.93576882406013,447218506
sw,-37.6806182861328,-80.2607192993164,-131.03195378744348,32.84968745962871,447235173
sw,-35.829246520996,-80.9206771850586,-114.3517015093054,30.905298160737033,447251840
sw,-34.316909790039,-81.4656066894531,-93.97147617668179,29.495450971515176,447268507
sw,-33.1273498535156,-81.9205627441406,-69.40161346209284,28.265868689959984,447285174
sw,-32.3597259521484,-82.3258819580078,-40.552904165793144,27.10405391186103,447301841
sw,-32.2756652832031,-82.6616897583007,-7.98326021852834,26.039916686688578,447318508
sw,-32.7392272949218,-82.9720611572265,26.940913011967908,25.11934140748075,447335175
sw,-33.5022048950195,-83.3058166503906,62.025925433804865,24.30581522685119,447351842
sw,-34.7433624267578,-83.6341934204101,94.41953144178456,23.44331077206585,447368509
sw,-36.853832244873,-83.9972381591796,120.98515577643762,22.285764618902775,447385176
sw,-39.5349197387695,-84.4019241333007,138.85061079565264,20.574158798522895,447401843
sw,-41.9666366577148,-84.8150329589843,146.0343183892052,18.127789649863324,447418510
sw,-44.4086456298828,-85.1681976318359,141.9971101835112,14.914219373778788,447435177
sw,-47.5196342468261,-85.4137954711914,127.95224918538437,11.071687016548703,447451844
sw,-50.2339515686035,-85.5416564941406,106.79744315427644,6.874353787969012,447468511
sw,-51.1283264160156,-85.6329193115234,82.6123450197021,2.6481439016157107,447485178
sw,-51.058292388916,-85.698257446289,59.79968291601301,-1.3429207446145586,447501845
sw,-50.9398880004882,-85.6318359375,42.10464681421848,-5.014639151343102,447518512
sw,-51.2308692932128,-85.3832321166992,31.830361922691484,-8.557341563088048,447535179
sw,-52.2380676269531,-84.8486251831054,29.497140288346426,-12.477013873859606,447551846
sw,-53.4484634399414,-84.1954193115234,33.99931038057369,-17.55169547341085,447568513
sw,-54.2153091430664,-83.6955337524414,43.11882672477896,-24.684222704741973,447585180
sw,-55.0977325439453,-83.3380279541015,54.16806097294222,-34.666859937404745,447601847
sw,-56.3484420776367,-83.0338973999023,64.56921706847218,-47.922593652920895,447618514
sw,-57.4942741394043,-82.5177993774414,72.2697283277794,-64.32288544253637,447635181
sw,-58.6481094360351,-81.4395675659179,75.97270878931522,-83.16989674101518,447651848
sw,-60.0515365600585,-79.6958847045898,75.2045478447134,-103.36505980923441,447668515
sw,-61.2529869079589,-77.2497406005859,70.25616212006099,-123.69527857474954,447685182
sw,-62.2289123535156,-74.583251953125,62.03370432627123,-143.104434880884,447701849
sw,-63.1330528259277,-71.8598403930664,51.85002175534989,-160.82232671082548,447718516
sw,-63.8452415466308,-69.0105819702148,41.186555769277426,-176.29925234795223,447735183
sw,-64.4029541015625,-66.0461959838867,31.455321322840547,-189.00263987280434,447751850
sw,-64.8222885131836,-63.2822036743164,23.788796485473625,-198.21203080070512,447768517
sw,-65.0448989868164,-60.0630569458007,18.882858814684884,-202.9547248933997,447785184
sw,-65.2288436889648,-56.2935829162597,16.915179445154326,-202.149337559297,447801851
sw,-65.5440521240234,-52.5554885864257,17.554772550452377,-194.90488144080263,447818518
sw,-66.0368957519531,-49.4776000976562,20.062654838235,-180.82759855541192,447835185
sw,-66.524673461914,-47.05073928833,23.460875383480648,-160.17985198730605,447851852
sw,-67.0219116210937,-45.0819931030273,26.729052726867028,-133.82126739331474,447868519
sw,-67.5455627441406,-43.804515838623,28.985407166475024,-102.98217257109644,447885186
sw,-68.0728454589843,-43.0618019104003,29.622533318249598,-68.99895542457128,447901853
sw,-68.5762329101562,-42.7763977050781,28.38556801352471,-33.14563579982124,447918520
sw,-69.0226364135742,-42.8445396423339,25.392073500384914,3.363814324774778,447935187
sw,-69.42431640625,-43.2965202331543,21.09720720298715,39.22001461732115,447951854
sw,-69.7886352539062,-44.2342376708984,16.20807040844588,72.81406667274219,447968521
sw,-70.0930862426757,-45.4474411010742,11.551649150976397,102.13557571589868,447985188
sw,-70.2559967041015,-47.2252311706543,7.905230889358534,124.90618875266287,448001855
sw,-70.2997894287109,-50.1715812683105,5.809021581745874,138.99736043995122,448018522
sw,-70.3005142211914,-53.3042488098144,5.395747466290385,143.05005434022124,448035189
sw,-70.2985229492187,-56.4143829345703,6.283012045500066,137.08711538704125,448051856
sw,-70.3570709228515,-59.4400787353515,7.571094397317676,122.85271358924797,448068523
sw,-70.5250930786132,-61.4733695983886,7.9674920298405825,103.67104709106432,448085190
sw,-70.7488555908203,-62.3704948425293,6.025064360496823,83.77954023859964,448101857
sw,-70.903823852539,-62.1703834533691,0.44566155404820057,67.30362143792132,448118524
sw,-70.7496719360351,-62.1869277954101,-9.620429025001021,57.21168357812999,448135191
sw,-70.3626403808593,-63.4230422973632,-24.349470845592116,54.6231478722881,448151858
sw,-70.0266952514648,-65.2005310058593,-43.14731190672089,58.6986678874052,448168525
sw,-69.072639465332,-66.4764099121093,-64.70927183722735,67.09327418529638,448185192
sw,-67.3144836425781,-68.0930099487304,-87.23474983805832,76.74898033723575,448201859
sw,-65.2515792846679,-69.6536026000976,-108.75486876233722,84.74109473761527,448218526
sw,-63.3252716064453,-71.2353744506836,-127.49492235898032,88.95218201052732,448235193
sw,-61.3311042785644,-73.1201248168945,-142.18372875393013,88.44813845016425,448251860
sw,-58.4054527282714,-74.8494186401367,-152.24282372742584,83.51768511993973,448268527
sw,-54.8953056335449,-75.910041809082,-157.8137820218709,75.4051511920372,448285194
sw,-52.0719604492187,-76.5733108520507,-159.59924918928445,65.83140962363318,448301861
sw,-50.5649757385253,-77.2526473999023,-158.53133051854576,56.45566960951144,448318528
sw,-48.6778831481933,-78.0497817993164,-155.35984395224816,48.44964320555634,448335195
sw,-45.897964477539,-78.8501739501953,-150.32217802319317,42.30735474698091,448351862
sw,-43.1117630004882,-79.8327560424804,-143.03598564838663,37.913114344163915,448368529
sw,-40.7102699279785,-80.7323989868164,-132.64283920476052,34.788665850687856,448385196
sw,-38.7904586791992,-81.4684371948242,-118.1160141919865,32.38676471647563,448401863
sw,-37.2271499633789,-82.0613327026367,-98.60950066403383,30.308939830802537,448418530
sw,-36.0737762451171,-82.4356613159179,-73.76131612429246,28.383627438907485,448435197
sw,-35.3789863586425,-82.7374801635742,-43.91326190628669,26.61300578058557,448451864
sw,-35.2200660705566,-83.0774536132812,-10.23222782370877,25.04948325678289,448468531
sw,-35.5434265136718,-83.3965759277343,25.283897569266514,23.67815869265758,448485198
sw,-36.3548774719238,-83.796760559082,59.94046545902588,22.361627484765933,448501865
sw,-37.6957206726074,-84.2463684082031,90.64138215728066,20.864366779490148,448518532
sw,-39.6137962341308,-84.6492156982421,114.34050789521692,18.93560332255265,448535199
sw,-42.2948951721191,-85.0104522705078,128.5953224357498,16.40705067483617,448551866
sw,-44.5849533081054,-85.3390655517578,132.11255994924622,13.260727449935304,448568533
sw,-46.8394966125488,-85.556396484375,125.14096846634592,9.638125198231021,448585200
sw,-49.228515625,-85.6420745849609,109.57752738895945,5.785679899585413,448601867
sw,-51.2700271606445,-85.6605377197265,88.70998571625547,1.9534481693087853,448618534
sw,-52.0730323791503,-85.6359710693359,66.60679193324142,-1.7222559202536156,448635201
sw,-51.9370384216308,-85.5419158935546,47.27438144709272,-5.318431217426965,448651868
sw,-51.8193206787109,-85.3597869873046,33.804353684706946,-9.179113116215023,448668535
sw,-52.1433525085449,-85.0175247192382,27.769120626367073,-13.904627541629326,448685202
sw,-53.1287231445312,-84.4633178710937,29.045120998939666,-20.267219111931244,448701869
sw,-54.2438087463378,-83.8431167602539,36.07523641749065,-29.055193515252075,448718536
sw,-55.0674438476562,-83.3201293945312,46.42389354862116,-40.86630305195465,448735203
sw,-56.1072692871093,-82.7521362304687,57.41471347590463,-55.898213469908924,448751870
sw,-57.3153686523437,-81.9041061401367,66.67871123585836,-73.80778187617022,448768537
sw,-58.3962821960449,-80.6295318603515,72.52442078392481,-93.70903779000544,448785204
sw,-59.6318473815918,-78.6373596191406,74.11271926867389,-114.33678289721956,448801871
sw,-61.0447807312011,-75.9034881591796,71.45805403902173,-134.32935671734046,448818538
sw,-62.131908416748,-72.9367218017578,65.29136673014436,-152.51829183784372,448835205
sw,-62.9910926818847,-69.8877716064453,56.82386940633645,-168.09847285478781,448851872
sw,-63.6871299743652,-66.8101348876953,47.457768045745595,-180.60908392361318,448868539
sw,-64.2318344116211,-64.0253677368164,38.50002305574824,-189.75749871922267,448885206
sw,-64.7998352050781,-61.2903823852539,30.936127295057126,-195.20660221966565,448901873
sw,-65.2301483154296,-58.0392341613769,25.30440432333719,-196.46501291519692,448918540
sw,-65.5496826171875,-54.4638481140136,21.683267158317204,-192.9523579620513,448935207
sw,-65.9507293701171,-51.1135940551757,19.776404479525453,-184.19717973384252,448951874
sw,-66.4468765258789,-48.3571166992187,19.06091187583042,-170.04000283939808,448968541
sw,-66.9787673950195,-46.0816459655761,18.951989001099104,-150.71742864182488,448985208
sw,-67.4394302368164,-44.405963897705,18.937418515964037,-126.7872621729121,449001875
sw,-67.7332229614257,-43.2755737304687,18.65043117166155,-98.95651603660711,449018542
sw,-67.9324645996093,-42.5422630310058,17.878793802084644,-67.93036809123446,449035209
sw,-68.1773071289062,-42.229694366455,16.536719337095004,-34.38648089785102,449051876
sw,-68.4911041259765,-42.2499656677246,14.636388654726751,0.890298021708611,449068543
sw,-68.81103515625,-42.6598854064941,12.281172874008721,36.76836066944427,449085210
sw,-69.095474243164,-43.5616607666015,9.674774463826807,71.55270627602586,449101877
sw,-69.3339920043945,-44.9626426696777,7.119275743239471,102.94075636735468,449118544
sw,-69.5279083251953,-47.1994514465332,4.972851900030873,128.25556302681755,449135211
sw,-69.6405029296875,-50.2549018859863,3.5537800631815046,144.95921322848034,449151878
sw,-69.6464462280273,-53.3303642272949,3.0027906632366905,151.32525042723952,449168545
sw,-69.5637741088867,-56.1971282958984,3.141110757831843,147.05654711580448,449185212
sw,-69.486587524414,-59.3135604858398,3.377526829500955,133.61803012688375,449201879
sw,-69.4336929321289,-61.7461471557617,2.7160529313654873,114.12065708425766,449218546
sw,-69.4845657348632,-62.9453582763671,-0.10745616552996266,92.72408613073183,449235213
sw,-69.4676666259765,-62.9530220031738,-6.370663805709091,73.6909439151954,449251880
sw,-69.1863937377929,-63.151439666748,-17.04403936163765,60.374882310327976,449268547
sw,-68.7400665283203,-64.3298645019531,-32.48375881378236,54.476210297809935,449285214
sw,-68.3258666992187,-65.8716278076171,-52.225148768722036,55.7972071727405,449301881
sw,-67.1967086791992,-67.0407409667968,-74.95003480444169,62.52178165096642,449318548
sw,-65.3928070068359,-68.387580871582,-98.6649202887152,71.85910977221624,449335215
sw,-63.1189002990722,-69.8041687011718,-121.06757124712684,80.82007621400695,449351882
sw,-60.9256782531738,-71.3130493164062,-140.01532975989056,86.92566657928043,449368549
sw,-58.5825958251953,-73.3204498291015,-153.97077127225833,88.70918570019376,449385216
sw,-55.2449264526367,-75.356575012207,-162.30258965459322,85.92656804809727,449401883
sw,-51.3780975341796,-76.5511932373046,-165.34830830079216,79.43913610557868,449418550
sw,-49.4505615234375,-77.2025680541992,-164.19536492412902,70.80801642438286,449435217
sw,-47.9578170776367,-77.7776641845703,-160.22508297678618,61.73566731281578,449451884
sw,-45.4811744689941,-78.5503768920898,-154.57422824305618,53.55494668685544,449468551
sw,-42.5921058654785,-79.4154815673828,-147.72143082458277,46.94250136279544,449485218
sw,-40.0644950866699,-80.4859313964843,-139.34076353147853,41.922844792843726,449501885
sw,-38.0135192871093,-81.5000305175781,-128.43245131507052,38.097458181580755,449518552
sw,-36.2376365661621,-82.3533248901367,-113.64678366827962,34.952013400259474,449535219
sw,-34.7396163940429,-83.0069503784179,-93.70145364982902,32.095074216194185,449551886
sw,-33.4885215759277,-83.3577270507812,-67.81202765577328,29.346610730772184,449568553
sw,-32.7383995056152,-83.5994186401367,-36.06360086434821,26.68190422052222,449585220
sw,-32.6698341369628,-83.858772277832,0.3531628947399981,24.10292905570846,449601887
sw,-33.1929855346679,-84.1823043823242,39.1133502017403,21.52911796728843,449618554
sw,-34.3197288513183,-84.5816345214843,76.97888939720237,18.771565954946627,449635221
sw,-36.1815528869628,-84.9782791137695,110.26161704752536,15.600355040163194,449651888
sw,-38.8473281860351,-85.3558197021484,135.46059736045984,11.863691127301227,449668555
sw,-41.4759521484375,-85.6748275756836,149.94977155586372,7.59250044188258,449685222
sw,-44.2589263916015,-85.7976531982421,152.55785068972457,3.0319805600515504,449701889
sw,-47.1810646057128,-85.6876602172851,143.88743770431057,-1.4249376397601885,449718556
sw,-49.6675338745117,-85.4989852905273,126.26834953318796,-5.384460504624916,449735223
sw,-51.3772468566894,-85.3578414916992,103.32305181662615,-8.628537964741298,449751890
sw,-52.1064262390136,-85.2201309204101,79.22824909099337,-11.26125376459307,449768557
sw,-52.2451477050781,-84.9595870971679,57.86032656108125,-13.778184482506699,449785224
sw,-52.6948432922363,-84.5414505004882,42.064314324494774,-17.033950704835323,449801891
sw,-53.8333168029785,-83.986343383789,33.241218962222426,-22.102504184179857,449818558
sw,-54.8240966796875,-83.4372329711914,31.316605334428733,-30.04324637723323,449835225
sw,-55.2541732788085,-82.9749374389648,35.0111016814033,-41.61342112125436,449851892
sw,-55.9399719238281,-82.5480194091796,42.2658004532938,-57.00290411171722,449868559
sw,-56.8984642028808,-81.6096954345703,50.698324087438756,-75.69103265771945,449885226
sw,-57.7456245422363,-80.1698684692382,58.02358522939592,-96.50682267041662,449901893
sw,-58.7118415832519,-77.8541717529296,62.41109277885909,-117.90170525068466,449918560
sw,-60.0534896850585,-74.8796463012695,62.75695381975928,-138.3434914892232,449935227
sw,-61.2820205688476,-71.8506469726562,58.83967366804957,-156.66763392341298,449951894
sw,-62.3199310302734,-68.7762756347656,51.32308854381852,-172.22871114803934,449968561
sw,-63.0206108093261,-65.7344055175781,41.584381085477546,-184.79002819191928,449985228
sw,-63.3500328063964,-62.7866249084472,31.38687345008023,-194.2247853840654,450001895
sw,-63.4993133544921,-59.9597396850585,22.47015266741122,-200.20212704265555,450018562
sw,-63.7289161682128,-56.632209777832,16.16380048432059,-202.03783780852572,450035229
sw,-63.8990974426269,-52.9916610717773,13.12494885067597,-198.79667142237514,450051896
sw,-64.0838546752929,-49.5312232971191,13.257751509156588,-189.59248840673715,450068563
sw,-64.4583663940429,-46.5409126281738,15.816665765895303,-173.92618677363947,450085230
sw,-64.9545364379882,-44.0423240661621,19.647342103490036,-151.89161977959284,450101897
sw,-65.5047836303711,-42.4108581542968,23.49034537147725,-124.16467289981861,450118564
sw,-66.0543212890625,-41.4843788146972,26.267429581280556,-91.81344476490369,450135231
sw,-66.5420989990234,-41.1193771362304,27.286785211828786,-56.06010449434479,450151898
sw,-66.9992218017578,-41.0993843078613,26.335004821384388,-18.143472683043154,450168565
sw,-67.4172592163086,-41.4367866516113,23.656274341398838,20.631935677302305,450185232
sw,-67.7811965942382,-42.1210403442382,19.84232246252968,58.68985121192976,450201899
sw,-68.0587921142578,-43.2148323059082,15.666949745673069,93.9594388666276,450218566
sw,-68.2339859008789,-44.9198951721191,11.900533496884734,123.82555258842245,450235233
sw,-68.3571472167968,-47.3113594055175,9.137768896472238,145.39904054191587,450251900
sw,-68.4959640502929,-50.5238456726074,7.667440639378974,156.1268426728084,450268567
sw,-68.6174392700195,-54.0582199096679,7.40477667004264,154.59565536675947,450285234
sw,-68.7023773193359,-57.4440689086914,7.89461767009725,141.24794317423363,450301901
sw,-68.944595336914,-60.5941886901855,8.379586343597051,118.692999749532,450318568
sw,-69.2356643676757,-62.0806503295898,7.914830064572072,91.39499324830614,450335235
sw,-69.4277420043945,-62.0312309265136,5.5034588002827665,64.73905289344172,450351902
sw,-69.3567352294921,-61.4992218017578,0.22959039540887904,43.73864809683367,450368569
sw,-68.8529510498046,-61.3532333374023,-8.619749948989275,31.82488109353331,450385236
sw,-68.4834365844726,-62.3005599975585,-21.43765752300856,30.13617488050488,450401903
sw,-68.2628402709961,-63.8334274291992,-38.18238065670674,37.50252132088529,450418570
sw,-67.5233383178711,-65.0299224853515,-58.287695807365665,51.02669273782892,450435237
sw,-65.9929733276367,-66.3085098266601,-80.6466459526867,66.9753271901213,450451904
sw,-64.1897583007812,-67.5756759643554,-103.70824714179045,81.67821264514426,450468571
sw,-62.2557487487793,-68.9717254638671,-125.68643677890972,92.23854102389954,450485238
sw,-60.2545089721679,-70.8908233642578,-144.84147687464318,96.97406697955675,450501905
sw,-57.5987815856933,-73.0974197387695,-159.7764148158528,95.57402870182631,450518572
sw,-53.8059883117675,-74.7776336669921,-169.68074528453792,88.97636228844932,450535239
sw,-50.0280952453613,-75.8166122436523,-174.43894261318425,78.99234127413705,450551906
sw,-48.1464729309082,-76.5248336791992,-174.53390426064854,67.76253879774048,450568573
sw,-46.2462501525878,-77.3029632568359,-170.75310116608406,57.19444522023486,450585240
sw,-43.3680038452148,-78.0114135742187,-163.81639188106723,48.55041318061251,450601907
sw,-40.2284202575683,-78.7690887451171,-154.09079018410696,42.296289116155776,450618574
sw,-37.717170715332,-79.6599349975586,-141.49107345849757,38.21553387617969,450635241
sw,-35.8616104125976,-80.5708084106445,-125.55636509890698,35.69729747202657,450651908
sw,-34.3127326965332,-81.459602355957,-105.64008852959022,34.06026629945186,450668575
sw,-33.0453186035156,-82.1507034301757,-81.16496795978837,32.78720745368952,450685242
sw,-32.0535736083984,-82.4992523193359,-51.91510070357967,31.604340417034095,450701909
sw,-31.5501461029052,-82.8219223022461,-18.323133057122376,30.41658202930577,450718576
sw,-31.748399734497,-83.2192459106445,18.321121608800773,29.170366998999075,450735243
sw,-32.527847290039,-83.6636199951171,55.826061137798405,27.734517547172615,450751910
sw,-33.8697280883789,-84.1323852539062,91.277035503107,25.863515184620365,450768577
sw,-36.093334197998,-84.6209411621093,121.44152604618019,23.25694367601961,450785244
sw,-38.895034790039,-85.1093521118164,143.3358858723793,19.681486111198822,450801911
sw,-41.5060424804687,-85.5268325805664,154.8303620664359,15.09584141629385,450818578
sw,-44.2996788024902,-85.7623825073242,155.14227236350294,9.719273321838168,450835245
sw,-47.1603889465332,-85.8490447998046,145.083496488785,4.006963066320267,450851912
sw,-49.6845779418945,-85.8417358398437,126.98007885400207,-1.4705663868453898,450868579
sw,-51.3947296142578,-85.7786407470703,104.25527775130142,-6.214111726095018,450885246
sw,-52.1231040954589,-85.5650939941406,80.75657516121333,-9.997141213417306,450901913
sw,-52.3735923767089,-85.1817550659179,59.9954814006592,-13.021914866518726,450918580
sw,-53.0241203308105,-84.7371673583984,44.51235010734734,-15.973601442511914,450935247
sw,-54.2243957519531,-84.2709808349609,35.5336699507188,-19.932574540077752,450951914
sw,-54.9956932067871,-83.7922439575195,32.968026239799904,-26.14013017393175,450968581
sw,-55.4044494628906,-83.3689193725586,35.66366178257898,-35.66322854360337,450985248
sw,-56.2058372497558,-82.9830627441406,41.79786188264308,-49.0538736259971,451001915
sw,-57.2056236267089,-82.2744216918945,49.2896960853612,-66.12401067259978,451018582
sw,-58.0120697021484,-80.9841537475586,56.17213007955207,-85.93498080700265,451035249
sw,-59.0135879516601,-79.0091476440429,60.88904192654431,-107.02606023958487,451051916
sw,-60.2876281738281,-76.3189010620117,62.49581711914357,-127.80382813676536,451068583
sw,-61.4122619628906,-73.4888076782226,60.74807870972035,-146.93406581086202,451085250
sw,-62.4254913330078,-70.6575393676757,56.06783316109687,-163.57047714805043,451101917
sw,-63.2535095214843,-67.6980209350586,49.38876468100265,-177.3325862189781,451118584
sw,-63.8290252685546,-64.8186721801757,41.90748268574321,-188.0703753524537,451135251
sw,-64.3038024902343,-61.996337890625,34.795805559758755,-195.55857412354072,451151918
sw,-64.7635116577148,-58.9419021606445,28.94411538700139,-199.29381940840332,451168585
sw,-65.1003952026367,-55.4075622558593,24.798053033040247,-198.50720411001748,451185252
sw,-65.4295043945312,-51.6856842041015,22.323435906808566,-192.38308284675324,451201919
sw,-65.8568572998046,-48.5563735961914,21.098103421350395,-180.35939831243684,451218586
sw,-66.3990020751953,-45.9627265930175,20.494986592351147,-162.3453702009954,451235253
sw,-66.977310180664,-43.860553741455,19.89590262273662,-138.75214969841835,451251920
sw,-67.4557952880859,-42.522964477539,18.868399214727077,-110.34731841047777,451268587
sw,-67.7522888183593,-41.7498474121093,17.254607176316416,-78.0420737359588,451285254
sw,-67.9214706420898,-41.3841514587402,15.15771513438473,-42.75115843728218,451301921
sw,-68.0644912719726,-41.4032669067382,12.851766523845514,-5.4219996876729555,451318588
sw,-68.2230072021484,-41.763313293457,10.663859977857282,32.76567415063164,451335255
sw,-68.4025115966796,-42.6052093505859,8.874735322862671,70.13307973096816,451351922
sw,-68.6340408325195,-43.8953552246093,7.660552715145311,104.33852669817854,451368589
sw,-68.8903884887695,-45.747631072998,7.071542386407782,132.481440850408,451385256
sw,-69.074722290039,-48.6072654724121,7.026913862491799,151.55507539158447,451401923
sw,-69.161018371582,-51.9255065917968,7.306504977145346,159.18760656031293,451418590
sw,-69.2463836669921,-55.4381866455078,7.534628853486079,154.46244178159117,451435257
sw,-69.3677368164062,-58.8467864990234,7.169131513462937,138.51665769807778,451451924
sw,-69.4618911743164,-61.4463958740234,5.5168887056728675,114.63538742241192,451468591
sw,-69.5214691162109,-62.5156097412109,1.7919205802874885,87.7049759834232,451485258
sw,-69.4887466430664,-62.4684944152832,-4.780516684003919,63.12152796547122,451501925
sw,-69.1761398315429,-62.1843109130859,-14.823047790787648,45.482733922826185,451518592
sw,-68.5067367553711,-62.650333404541,-28.646623479811495,37.49956747790443,451535259
sw,-67.9802856445312,-64.0269699096679,-46.09920920075679,39.476042063187094,451551926
sw,-67.3965759277343,-64.9256057739257,-66.46306719159824,49.46586021070678,451568593
sw,-65.9212265014648,-66.1556320190429,-88.45235557836021,63.96942883417229,451585260
sw,-63.8973083496093,-67.6592941284179,-110.35103053989523,78.90592798351018,451601927
sw,-61.5740318298339,-69.2231903076171,-130.28546849411566,90.5937139220356,451618594
sw,-59.4756813049316,-71.2635726928711,-146.57042273534157,96.53113518239522,451635261
sw,-56.9195404052734,-73.6253128051757,-158.03686823742586,95.83321884435738,451651928
sw,-53.1688232421875,-75.4162292480468,-164.2514416678984,89.24326077944463,451668595
sw,-49.5623550415039,-76.1762466430664,-165.5515503146307,78.72672891182538,451685262
sw,-47.9640464782714,-76.6028442382812,-162.8544559399226,66.77479079661073,451701929
sw,-46.2472915649414,-77.3441696166992,-157.27896049765874,55.65079489848289,451718596
sw,-43.5476455688476,-78.1357650756836,-149.71859282567075,46.83160041984478,451735263
sw,-40.6928634643554,-78.9500350952148,-140.53788928980242,40.799894467470374,451751930
sw,-38.4534187316894,-79.8427505493164,-129.48778998719436,37.18893186725833,451768597
sw,-36.8153381347656,-80.7725067138671,-115.82440082127623,35.15361187670745,451785264
sw,-35.3445701599121,-81.6658401489257,-98.56124899183489,33.789795283014364,451801931
sw,-34.0723648071289,-82.3789825439453,-76.79454841356022,32.44571012886073,451818598
sw,-33.1057167053222,-82.7408294677734,-50.055130200164825,30.840343544211642,451835265
sw,-32.6659393310546,-83.0010299682617,-18.626918239490294,28.993115077846518,451851932
sw,-32.8276939392089,-83.2905960083007,16.249954013905445,27.04326914882862,451868599
sw,-33.4740905761718,-83.6175842285156,52.37133210076722,25.067866968806214,451885266
sw,-34.7837142944335,-84.0521545410156,86.8006331206517,22.98572288881678,451901933
sw,-37.1058654785156,-84.5594406127929,116.32297834948345,20.578369410259185,451918600
sw,-39.8667755126953,-85.0331954956054,138.03523596212227,17.598764744224727,451935267
sw,-42.4690132141113,-85.4572219848632,149.93128848585562,13.90041016482625,451951934
sw,-44.993049621582,-85.7332763671875,151.33164787298665,9.516167002714337,451968601
sw,-47.6589775085449,-85.7652511596679,143.0482619031739,4.644290950823052,451985268
sw,-50.0586814880371,-85.5970077514648,127.24497654918208,-0.455776918122081,452001935
sw,-51.9046897888183,-85.4417724609375,107.02216347566046,-5.614025768426849,452018602
sw,-52.8652191162109,-85.3261413574218,85.81376008051627,-10.883825105745808,452035269
sw,-53.289981842041,-85.0397109985351,66.73775157818561,-16.60529374640192,452051936
sw,-54.0990295410156,-84.5856475830078,52.065682546619065,-23.371478209342804,452068603
sw,-55.3958587646484,-83.9568176269531,42.939551421043134,-31.89929034867183,452085270
sw,-56.2349433898925,-83.1492385864257,39.367647263972366,-42.829548741105256,452101937
sw,-56.859992980957,-82.4014205932617,40.43168147124736,-56.501261325827436,452118604
sw,-57.5975646972656,-81.639419555664,44.59815439695957,-72.76728016947871,452135271
sw,-58.3748207092285,-80.4828338623046,50.051951859498,-90.92993496119192,452151938
sw,-59.2051200866699,-78.720832824707,55.01296355502379,-109.85358290081327,452168605
sw,-60.352855682373,-76.077896118164,58.01692016324587,-128.2442917690629,452185272
sw,-61.6297454833984,-73.0582046508789,58.136343501665635,-144.99748445414974,452201939
sw,-62.6156425476074,-70.1027221679687,55.10591348508969,-159.45709429095882,452218606
sw,-63.3996887207031,-67.1687240600586,49.319892424884145,-171.45429608770627,452235273
sw,-64.04345703125,-64.3031234741211,41.696021852261985,-181.1002324417099,452251940
sw,-64.5187072753906,-61.5786590576171,33.438551921355874,-188.4380542875318,452268607
sw,-64.9651184082031,-58.8014678955078,25.760482446934017,-193.13873733281918,452285274
sw,-65.2855987548828,-55.482795715332,19.62958120400564,-194.40567447638892,452301941
sw,-65.4546203613281,-51.8586349487304,15.58918423022401,-191.14290633150492,452318608
sw,-65.5854949951171,-48.5578575134277,13.68452396719412,-182.30146031724917,452335275
sw,-65.8710861206054,-45.7183952331543,13.50417325836407,-167.2298131386374,452351942
sw,-66.2691497802734,-43.3482208251953,14.322914262246373,-145.86859886362345,452368609
sw,-66.7539291381836,-41.9054374694824,15.307374327104487,-118.72980236877463,452385276
sw,-67.1792526245117,-41.0443458557128,15.727935425027725,-86.7214038720875,452401943
sw,-67.4997329711914,-40.6719627380371,15.121094223972175,-50.95390812763443,452418610
sw,-67.7289581298828,-40.677261352539,13.367542023422,-12.661081177343885,452435277
sw,-67.9039306640625,-40.9650993347168,10.68168295844288,26.71146905648309,452451944
sw,-68.0282821655273,-41.706371307373,7.532544685525727,65.30986631293024,452468611
sw,-68.1277465820312,-42.923168182373,4.525095275061234,100.71932518690626,452485278
sw,-68.2559738159179,-44.7879333496093,2.266482460792046,130.02901598109537,452501945
sw,-68.390151977539,-47.1053581237793,1.231910974617844,150.22363005516422,452518612
sw,-68.4348754882812,-50.5907478332519,1.6387644515502477,158.87775660476862,452535279
sw,-68.3840789794921,-54.1361770629882,3.340459030996883,154.973002462203,452551946
sw,-68.4009170532226,-57.6734008789062,5.7613048776845055,139.54137591367905,452568613
sw,-68.5087585449218,-60.6050415039062,7.900558199649035,115.82636617957523,452585280
sw,-68.680435180664,-61.6900177001953,8.427755862213308,88.7814865446668,452601947
sw,-68.8245697021484,-61.6644592285156,5.871820611645643,63.96999452755731,452618614
sw,-68.7928161621093,-61.2089729309082,-1.116988531390459,46.19217283183702,452635281
sw,-68.3343429565429,-61.259033203125,-13.470646416353587,38.31018555002415,452651948
sw,-67.9138793945312,-62.5853538513183,-31.422063809357088,40.66879337441146,452668615
sw,-67.573486328125,-64.3687973022461,-54.300747441419,51.25298028579131,452685282
sw,-66.4784240722656,-65.6860122680664,-80.4793768617578,66.43232211282907,452701949
sw,-64.7144393920898,-67.0226440429687,-107.5367352500462,81.97769424415304,452718616
sw,-62.3529472351074,-68.3580932617187,-132.65134447842112,94.04855319743947,452735283
sw,-59.8722229003906,-70.0843048095703,-153.1567964466315,99.9611047009201,452751950
sw,-56.8723068237304,-72.433120727539,-167.11579922016102,98.64720558747496,452768617
sw,-53.0411682128906,-74.7936172485351,-173.7400269162226,90.75451971361785,452785284
sw,-49.2305488586425,-76.1697158813476,-173.5065689742309,78.3593185109939,452801951
sw,-47.5351600646972,-76.5448684692382,-167.9034485502508,64.32910305486794,452818618
sw,-46.0304641723632,-76.7308959960937,-158.87306532660008,51.4927771063355,452835285
sw,-43.4729919433593,-77.1266021728515,-148.15906197758372,41.87902284145403,452851952
sw,-40.7378005981445,-77.7641830444336,-136.80133733843059,36.27761698598757,452868619
sw,-38.4946517944335,-78.70458984375,-124.92783487695536,34.24656857901515,452885286
sw,-36.6672744750976,-79.6831741333007,-111.84258169190852,34.505033634594184,452901953
sw,-35.1256828308105,-80.6735076904296,-96.31909049003252,35.51648285073788,452918620
sw,-33.8987693786621,-81.6763763427734,-77.00152412533657,36.03058742148572,452935287
sw,-33.0102081298828,-82.2482223510742,-52.84047145712123,35.40820541262284,452951954
sw,-32.5286865234375,-82.6123886108398,-23.50005158578499,33.66150364166602,452968621
sw,-32.5988388061523,-82.9739074707031,10.334406598536214,31.253928109070696,452985288
sw,-33.1948699951171,-83.2510833740234,46.8248478021005,28.78200082516357,453001955
sw,-34.2266120910644,-83.578140258789,83.09033412248073,26.679486590394973,453018622
sw,-36.1382179260253,-84.0454025268554,115.58658942210022,25.047488640589233,453035289
sw,-38.8881378173828,-84.5882568359375,140.72061057947494,23.64634763746461,453051956
sw,-41.6911010742187,-85.1517257690429,155.5881702367657,22.01804258319874,453068623
sw,-44.5817947387695,-85.650894165039,158.65891321282385,19.66625116666041,453085290
sw,-47.7669143676757,-85.9436874389648,150.21743798636714,16.21683856496119,453101957
sw,-50.5089950561523,-86.0466079711914,132.41202887299252,11.508399132067977,453118624
sw,-52.1218109130859,-86.1586608886718,108.85806944203665,5.601016298240785,453135291
sw,-52.8450126647949,-86.2471466064453,83.87387251953014,-1.279796731749172,453151958
sw,-53.0180015563964,-86.1942520141601,61.55630369283725,-8.837602702512717,453168625
sw,-53.6069297790527,-85.963134765625,44.968612777719606,-16.81415843282047,453185292
sw,-54.8288307189941,-85.3598709106445,35.662847024681774,-25.089300786385298,453201959
sw,-55.6064186096191,-84.5051040649414,33.61434843771067,-33.740763914733435,453218626
sw,-56.0911521911621,-83.7387924194336,37.49549231961464,-43.031264382277925,453235293
sw,-56.8856353759765,-83.1012725830078,45.1428265921326,-53.31033466862092,453251960
sw,-57.8869743347168,-82.4116516113281,54.08251594996918,-64.8607799362758,453268627
sw,-58.8942413330078,-81.3457412719726,62.01971240948939,-77.7584307485204,453285294
sw,-60.2457046508789,-79.8389053344726,67.22536047492133,-91.81487731047021,453301961
sw,-61.7076530456543,-77.6871109008789,68.76856165735285,-106.6261249704526,453318628
sw,-62.7588539123535,-75.2608489990234,66.56208485910098,-121.68379580322427,453335295
sw,-63.586669921875,-72.7797546386718,61.22419807303067,-136.4663640508607,453351962
sw,-64.3055648803711,-70.1854858398437,53.80716137901337,-150.44578233661244,453368629
sw,-64.9236526489257,-67.5142974853515,45.48004208506815,-163.00975051907182,453385296
sw,-65.6084747314453,-64.9359893798828,37.25770693868241,-173.368832981133,453401963
sw,-66.1344985961914,-62.1508102416992,29.83652724034045,-180.54442017716735,453418630
sw,-66.5615158081054,-58.9572792053222,23.551145617505146,-183.49679550428056,453435297
sw,-66.8731231689453,-55.6268119812011,18.429515902323274,-181.36816463431506,453451964
sw,-67.2369537353515,-52.6448669433593,14.305467570227426,-173.73298204897074,453468631
sw,-67.5990676879882,-50.1893005371093,10.945441895065485,-160.7245872736899,453485298
sw,-67.8580856323242,-48.1559028625488,8.152021859875402,-142.96480117639894,453501965
sw,-68.0367584228515,-46.5243873596191,5.819364952506794,-121.3266114762124,453518632
sw,-68.1862335205078,-45.3591079711914,3.9341617310010033,-96.64612404540874,453535299
sw,-68.2485198974609,-44.6163520812988,2.53547576077727,-69.52532019865795,453551966
sw,-68.2383880615234,-44.1494674682617,1.6602364346012464,-40.32767926238438,453568633
sw,-68.2077178955078,-43.9242630004882,1.3036522009417124,-9.385816330600116,453585300
sw,-68.255126953125,-44.1057777404785,1.4148679500998596,22.655118003680236,453601967
sw,-68.4195251464843,-44.7328414916992,1.9296630778316242,54.50817794299126,453618634
sw,-68.6538009643554,-45.7766151428222,2.8192295675231867,84.10144331921485,453635301
sw,-68.9290161132812,-47.3479957580566,4.117350407550196,108.7497648286237,453651968
sw,-69.1744384765625,-49.7591857910156,5.888966441809431,125.66962610928134,453668635
sw,-69.3019485473632,-52.6960067749023,8.126109371324494,132.73284836225653,453685302
sw,-69.2821044921875,-55.7191886901855,10.596085539813563,129.23319395435885,453701969
sw,-69.2426681518554,-58.5384368896484,12.70466668980788,116.38193587703776,453718636
sw,-69.2817230224609,-61.0899505615234,13.452684053327333,97.29382714268766,453735303
sw,-69.5492248535156,-61.824851989746,11.543360141576464,76.37661395304268,453751970
sw,-69.8308486938476,-61.5392265319824,5.643500337359555,58.25640362054174,453768637
sw,-69.8458251953125,-61.2057151794433,-5.26205923331205,46.57713592535927,453785304
sw,-69.6004867553711,-61.643699645996,-21.526436661190665,43.09601625063815,453801971
sw,-69.2961807250976,-63.2696685791015,-42.61689940006278,47.38629940053961,453818638
sw,-68.5079879760742,-64.8301925659179,-67.09357491780953,57.20024015394062,453835305
sw,-66.782730102539,-66.3488388061523,-92.8212413428527,69.28805548137103,453851972
sw,-64.4922256469726,-67.9408111572265,-117.37531612921529,80.34834149622435,453868639
sw,-61.8738288879394,-69.3348846435546,-138.5334359121337,87.8236966116062,453885306
sw,-59.5425643920898,-71.0803756713867,-154.7088858161628,90.37682466380755,453901973
sw,-56.8325309753418,-73.0973510742187,-165.20517370914084,88.00014222354088,453918640
sw,-53.2226982116699,-74.6374130249023,-170.23417106892194,81.79017906182659,453935307
sw,-50.0614395141601,-75.4111251831054,-170.70378517426644,73.47282803608249,453951974
sw,-48.278522491455,-75.9537353515625,-167.83256941826102,64.8200783000501,453968641
sw,-46.175537109375,-76.6701889038086,-162.7009245078988,57.13928647590616,453985308
sw,-43.1775245666503,-77.6612854003906,-155.8854416160594,50.998309574615156,454001975
sw,-40.3104438781738,-78.6226043701171,-147.29664534478562,46.25649839123717,454018642
sw,-38.0183792114257,-79.7281951904296,-136.24811503453705,42.34472896258599,454035309
sw,-36.1354103088378,-80.7230148315429,-121.69649463229807,38.64547301110299,454051976
sw,-34.5206832885742,-81.4938125610351,-102.5672751176299,34.80642508369985,454068643
sw,-33.2471580505371,-82.0738754272461,-78.10400546539766,30.87314733499997,454085310
sw,-32.3053169250488,-82.3472442626953,-48.19614317991906,27.214616377579656,454101977
sw,-31.9716682434082,-82.5410232543945,-13.632964282258387,24.301496678171954,454118644
sw,-32.3781661987304,-82.6954040527343,23.782400563785252,22.44896137266413,454135311
sw,-33.1972312927246,-82.9501571655273,61.319135351745494,21.638184428279416,454151978
sw,-34.5538368225097,-83.3711395263671,95.63436191882072,21.487098112340597,454168645
sw,-36.834861755371,-83.8956146240234,123.29730391232575,21.372930548275125,454185312
sw,-39.5956535339355,-84.4768524169921,141.43984723286079,20.646156296362847,454201979
sw,-42.3070068359375,-85.026496887207,148.39271297024578,18.843217443736417,454218646
sw,-45.0676918029785,-85.3924942016601,144.13650159987344,15.814192352671684,454235313
sw,-47.7782897949218,-85.520881652832,130.41921750528144,11.723814359424608,454251980
sw,-49.7179527282714,-85.4741668701171,110.4674588514374,6.93858090607269,454268647
sw,-50.9537506103515,-85.5029830932617,88.32876708021136,1.8538310134561904,454285314
sw,-51.356834411621,-85.5692443847656,68.00055437412617,-3.2743990681778414,454301981
sw,-51.509422302246,-85.4906387329101,52.58713739538068,-8.445240992304745,454318648
sw,-52.0331573486328,-85.1178207397461,43.73294521352081,-13.955008860955045,454335315
sw,-53.4006767272949,-84.4437408447265,41.48316506904403,-20.35893396701835,454351982
sw,-54.8005218505859,-83.6800003051757,44.55804578622162,-28.350468483338183,454368649
sw,-55.5139122009277,-83.042610168457,50.8814295421613,-38.56696886412095,454385316
sw,-56.4026908874511,-82.4882202148437,58.15694691785114,-51.360698679430854,454401983
sw,-57.6571502685546,-81.80078125,64.3402322520485,-66.61135728850148,454418650
sw,-58.725959777832,-80.7330169677734,67.94528154053934,-83.66919720783925,454435317
sw,-59.875633239746,-79.079231262207,68.18494405252558,-101.48118029405596,454451984
sw,-61.0764541625976,-76.7522659301757,64.97035080733215,-118.87243214225312,454468651
sw,-62.0125045776367,-74.0950469970703,58.802327839392746,-134.87119169475662,454485318
sw,-62.7234573364257,-71.4295196533203,50.59274412548338,-148.92912551717086,454501985
sw,-63.4123840332031,-68.6906661987304,41.45671339250443,-160.929786259989,454518652
sw,-63.9485740661621,-65.9231185913086,32.514457433948074,-170.98017439878856,454535319
sw,-64.4686203002929,-63.2516975402832,24.731191642389312,-179.08990259560076,454551986
sw,-64.8580245971679,-60.610984802246,18.80730872210451,-184.90128600841788,454568653
sw,-65.0798568725586,-57.460334777832,15.118211204102577,-187.61093684636924,454585320
sw,-65.2614440917968,-53.9207191467285,13.699306153114241,-186.1279388053449,454601987
sw,-65.5234985351562,-50.73726272583,14.273743802612588,-179.39303100510662,454618654
sw,-65.9006423950195,-47.9299087524414,16.32001449186216,-166.70557973651094,454635321
sw,-66.3478698730468,-45.5441856384277,19.16935134820746,-147.91586610589732,454651988
sw,-66.8162689208984,-43.8556900024414,22.114162056682304,-123.42605296044701,454668655
sw,-67.2537689208984,-42.7950096130371,24.507156004638055,-94.04629438316357,454685322
sw,-67.6887054443359,-42.2208061218261,25.83876319407447,-60.81733675051489,454701989
sw,-68.1594924926757,-42.0722007751464,25.791202310475327,-24.912423183035113,454718656
sw,-68.6154708862304,-42.2184562683105,24.272439575851873,12.325971278135487,454735323
sw,-69.0169372558593,-42.8242645263671,21.42972620363043,49.24753141221377,454751990
sw,-69.390754699707,-43.8533058166503,17.635239135678713,83.76492791119607,454768657
sw,-69.755126953125,-45.4433135986328,13.432303376773728,113.37482217757638,454785324
sw,-70.0299987792968,-47.6329917907714,9.433696807875135,135.43093649225625,454801991
sw,-70.1207275390625,-50.7597312927246,6.175055193862305,147.67166732103792,454818658
sw,-70.0604400634765,-53.9591026306152,3.9455625511192136,148.8788447235244,454835325
sw,-69.9900970458984,-56.9795532226562,2.63853822315178,139.44496754683485,454851992
sw,-69.9867401123046,-59.9064979553222,1.673963173474842,121.60526656024466,454868659
sw,-69.9889373779296,-61.8889198303222,0.033837888395160144,99.1706895381372,454885326
sw,-69.9419708251953,-62.5006523132324,-3.577762501897166,76.76057605743092,454901993
sw,-69.7457046508789,-62.3500328063964,-10.471712940677502,58.72841635326847,454918660
sw,-69.2952346801757,-62.3290481567382,-21.65601856026718,48.120962346963175,454935327
sw,-68.7716217041015,-63.3433265686035,-37.528011831356785,46.02297385529971,454951994
sw,-68.3361434936523,-65.0685501098632,-57.6525073052666,51.4869782776119,454968661
sw,-67.2865295410156,-66.3869934082031,-80.70429457994926,62.00751701719088,454985328
sw,-65.4137649536132,-67.7021713256836,-104.63092746994802,74.3128413201797,455001995
sw,-63.0515480041503,-69.103157043457,-127.03111304330557,85.20193627891142,455018662
sw,-60.4381103515625,-70.7046890258789,-145.66203306898194,92.2246636834463,455035329
sw,-57.9573936462402,-72.8081130981445,-158.93066395389292,94.09864109830609,455051996
sw,-54.8585319519043,-74.8922576904296,-166.2218369373521,90.82039772465302,455068663
sw,-51.0112762451171,-76.1975173950195,-167.961420747037,83.46999547898615,455085330
sw,-48.7033424377441,-76.8319625854492,-165.3835559898951,73.766123967674,455101997
sw,-47.2959671020507,-77.4408874511718,-160.06046277506366,63.50793995751237,455118664
sw,-44.8443145751953,-78.2479629516601,-153.34860346795222,54.091657694210504,455135331
sw,-41.9929771423339,-79.1874084472656,-145.94900918818382,46.25881036935282,455151998
sw,-39.4790000915527,-80.2230606079101,-137.7218637700689,40.122900671626645,455168665
sw,-37.4097862243652,-81.1677169799804,-127.77351881961008,35.397610143450066,455185332
sw,-35.6066665649414,-81.9273681640625,-114.74257791858034,31.682076154381075,455201999
sw,-34.0575561523437,-82.4581909179687,-97.19279038600703,28.670405843857978,455218666
sw,-32.7027854919433,-82.7311019897461,-74.03758330302553,26.220243740500372,455235333
sw,-31.8228206634521,-82.997444152832,-44.92884121487166,24.295420866631453,455252000
sw,-31.6026954650878,-83.2686538696289,-10.537150905203376,22.8522147097968,455268667
sw,-32.02681350708,-83.5546035766601,27.346184187575915,21.749092918631543,455285334
sw,-33.022476196289,-83.9305648803711,65.93034401496715,20.731052848505445,455302001
sw,-34.6494560241699,-84.3752822875976,101.7732130424013,19.492746419455493,455318668
sw,-37.0461616516113,-84.8352127075195,131.3138598582821,17.78298776214062,455335335
sw,-39.7470512390136,-85.2541809082031,151.50169859520986,15.493471101454608,455352002
sw,-42.5046691894531,-85.5751724243164,160.39930517364155,12.68255820609109,455368669
sw,-45.5751800537109,-85.7207107543945,157.62179017167324,9.51560438344938,455385336
sw,-48.5205497741699,-85.7024459838867,144.49248482116042,6.142195871395532,455402003
sw,-50.6862602233886,-85.6749649047851,123.84569327015403,2.5602783688924435,455418670
sw,-52.0188255310058,-85.6907958984375,99.4919327604656,-1.4758722343748518,455435337
sw,-52.4238319396972,-85.6235046386718,75.46523329583523,-6.464529095471531,455452004
sw,-53.0943450927734,-85.3622360229492,55.25249141828527,-13.07379109476858,455468671
sw,-54.399127960205,-84.8984603881836,41.20795239149403,-21.986332682843564,455485338
sw,-55.0291442871093,-84.2001876831054,34.27099494209187,-33.706597670446335,455502005
sw,-55.3351211547851,-83.5091323852539,33.98977378139885,-48.37399083232808,455518672
sw,-56.0891571044921,-82.7726287841796,38.78053312811616,-65.63403281171715,455535339
sw,-56.9831771850585,-81.7279205322265,46.33935913470204,-84.62395550984115,455552006
sw,-57.693790435791,-80.1272277832031,54.13204235082739,-104.11273553502548,455568673
sw,-58.8430862426757,-77.7945861816406,59.8885312817719,-122.78370500109831,455585340
sw,-60.2985649108886,-74.9029159545898,62.023368429733246,-139.572724609926,455602007
sw,-61.5494117736816,-71.9888458251953,59.90420051892731,-153.92025254776536,455618674
sw,-62.4611740112304,-69.1573715209961,53.90789634444806,-165.80913294512953,455635341
sw,-63.061237335205,-66.2854385375976,45.24812072488093,-175.55148613118448,455652008
sw,-63.4603805541992,-63.5427742004394,35.62230755385911,-183.4138566412882,455668675
sw,-63.8198471069335,-60.9365997314453,26.779608044127226,-189.25914989209912,455685342
sw,-64.1378097534179,-57.768497467041,20.12611756518938,-192.38452935561736,455702009
sw,-64.3724746704101,-54.1824417114257,16.457322309160393,-191.64084174861156,455718676
sw,-64.5706405639648,-50.6721534729003,15.86059628022696,-185.7773735823544,455735343
sw,-64.9386520385742,-47.6691398620605,17.784611511777285,-173.84487426687983,455752010
sw,-65.4907455444336,-45.1371841430664,21.237413528409768,-155.47487796824785,455768677
sw,-66.1034545898437,-43.386245727539,25.05190678415561,-130.93757721559942,455785344
sw,-66.6881332397461,-42.1958694458007,28.149445701388544,-101.0053924642196,455802011
sw,-67.2169647216796,-41.5906333923339,29.743350360050822,-66.74269296371956,455818678
sw,-67.7436447143554,-41.4697837829589,29.450887011714478,-29.362048884097742,455835345
sw,-68.2653350830078,-41.6809387207031,27.311375698032535,9.766692333180975,455852012
sw,-68.6777420043945,-42.291030883789,23.727141100162505,48.96680982437621,455868679
sw,-68.9848861694336,-43.2928428649902,19.350626230321943,86.0755617101225,455885346
sw,-69.3047485351562,-44.8001823425293,14.940473256960768,118.40033788780089,455902013
sw,-69.602554321289,-46.8977928161621,11.206746098556685,142.9532572652423,455918680
sw,-69.7415618896484,-50.1350402832031,8.663261804203696,157.0055519507031,455935347
sw,-69.7626571655273,-53.67915725708,7.505726315679989,158.85057331919487,455952014
sw,-69.7712097167968,-57.1718444824218,7.538173565627877,148.5236003358419,455968681
sw,-69.9103851318359,-60.1778678894043,8.170327348481683,128.17307556597947,455985348
sw,-70.1588058471679,-62.1417579650878,8.496099508513305,101.85783956560687,456002015
sw,-70.4708786010742,-62.5717658996582,7.439409749405491,74.74313769488636,456018682
sw,-70.6722717285156,-62.2794494628906,3.9318183349167017,51.90909673201681,456035349
sw,-70.3968963623046,-62.1064186096191,-2.9170366840496404,37.15957388150434,456052016
sw,-69.8403778076171,-62.8463897705078,-13.678387030192079,32.229557485212894,456068683
sw,-69.6067733764648,-64.3096160888671,-28.495240483278245,36.61674104939437,456085350
sw,-69.218635559082,-65.5389328002929,-47.00794403567999,48.002044563221546,456102017
sw,-68.0816574096679,-66.8476791381836,-68.33633563707748,63.02448233908638,456118684
sw,-66.2786102294921,-68.048599243164,-91.14928729557582,78.12819627101543,456135351
sw,-64.4553527832031,-69.3839950561523,-113.82950267236383,90.27756968031049,456152018
sw,-62.4882888793945,-71.2889099121093,-134.7051476506548,97.44591699188878,456168685
sw,-60.3275527954101,-73.5796279907226,-152.3027611389587,98.85052992836236,456185352
sw,-57.390323638916,-75.425552368164,-165.57760660797794,94.92631182763263,456202019
sw,-53.4984626770019,-76.5586929321289,-174.0713216812132,87.0479125875248,456218686
sw,-50.0345230102539,-77.4235687255859,-177.93103237307417,77.06389779436208,456235353
sw,-48.1925735473632,-78.4205093383789,-177.74162189886965,66.7763697084934,456252020
sw,-45.9713516235351,-79.3263549804687,-174.2037741742063,57.526546975474304,456268687
sw,-42.9158477783203,-80.0744857788086,-167.78710159584188,49.99935125442751,456285354
sw,-39.7798919677734,-81.0491561889648,-158.508277886677,44.26565046626271,456302021
sw,-37.4383163452148,-82.0131378173828,-145.9061057916753,39.99287773778568,456318688
sw,-35.5545425415039,-82.9100875854492,-129.18838839312727,36.70911465583174,456335355
sw,-33.8848266601562,-83.5790481567382,-107.48779262587215,34.01166440376108,456352022
sw,-32.5324554443359,-83.9797592163086,-80.17658090814528,31.658832413471202,456368689
sw,-31.6745414733886,-84.4292297363281,-47.19804070984591,29.54761933781434,456385356
sw,-31.4643936157226,-84.8814010620117,-9.355230899572405,27.628337738868822,456402023
sw,-31.8998794555664,-85.3267288208007,31.521596945374515,25.820003544947873,456418690
sw,-32.9237098693847,-85.7993774414062,72.60423787031992,23.971189121211317,456435357
sw,-34.6162033081054,-86.2339172363281,110.33765767958425,21.8785320402129,456452024
sw,-36.9928245544433,-86.6229858398437,140.94775073562246,19.34678954472572,456468691
sw,-39.9955673217773,-86.9974975585937,161.1169320645538,16.25855658727849,456485358
sw,-42.9287452697753,-87.3167190551757,168.69464700956823,12.619714488149363,456502025
sw,-46.2246360778808,-87.4854965209961,163.2669257632387,8.556224903613575,456518692
sw,-49.3976516723632,-87.5331954956054,146.4095908406569,4.255274046198737,456535359
sw,-51.6897392272949,-87.582893371582,121.5062495685123,-0.13649222591633758,456552026
sw,-52.6834182739257,-87.5807113647461,93.1247946751107,-4.62936133898358,456568693
sw,-52.8274536132812,-87.3440628051757,66.09154926138758,-9.485589733457829,456585360
sw,-53.2210960388183,-86.9189224243164,44.51951868563493,-15.255695492324673,456602027
sw,-54.1746826171875,-86.3326950073242,31.062968980940393,-22.722517037896903,456618694
sw,-54.7993087768554,-85.5939788818359,26.566676435319714,-32.73486165392903,456635361
sw,-55.2370872497558,-85.0145721435546,30.12405950839653,-45.947781689037754,456652028
sw,-55.9093933105468,-84.6101684570312,39.44999090945426,-62.53853561714126,456668695
sw,-56.7062339782714,-83.6827926635742,51.44590480174728,-82.01170782301642,456685362
sw,-57.653564453125,-82.0340576171875,62.84964403487168,-103.20512434913593,456702029
sw,-59.13427734375,-79.7339477539062,70.87304437959261,-124.53658452686523,456718696
sw,-60.9100723266601,-76.6199111938476,73.72415303968992,-144.41382069987344,456735363
sw,-62.3690452575683,-73.4117965698242,70.90739194214139,-161.63413755574692,456752030
sw,-63.4128837585449,-70.4386291503906,63.22284296062845,-175.59162634862525,456768697
sw,-64.1109924316406,-67.5284805297851,52.45825707951174,-186.20351768213257,456785364
sw,-64.4012374877929,-64.5273818969726,40.86197456227446,-193.6129252116024,456802031
sw,-64.722053527832,-61.7079811096191,30.55460131464171,-197.83841128738612,456818698
sw,-65.0921096801757,-58.4843406677246,23.046353026001373,-198.55754800700674,456835365
sw,-65.3561859130859,-54.8491592407226,18.975650477559157,-195.1266896388636,456852032
sw,-65.6896286010742,-51.3461952209472,18.10316956749329,-186.80467070797857,456868699
sw,-66.2025070190429,-48.4962425231933,19.5201137075993,-173.04320586699708,456885366
sw,-66.8493957519531,-45.9695587158203,21.9808350207753,-153.6909241548365,456902033
sw,-67.4580917358398,-44.030834197998,24.252902063420155,-129.03076186518638,456918700
sw,-67.9368209838867,-42.8245162963867,25.391605494462638,-99.6760036845634,456935367
sw,-68.2840805053711,-42.1532020568847,24.885834651481602,-66.42574186556513,456952034
sw,-68.5969848632812,-41.96826171875,22.67286506874118,-30.194084295459483,456968701
sw,-68.8935089111328,-42.1161956787109,19.058539490044943,7.920785771564137,456985368
sw,-69.1434249877929,-42.6771278381347,14.59184560433962,46.44971721228592,457002035
sw,-69.3861465454101,-43.7008895874023,9.931174703617092,83.35952265082045,457018702
sw,-69.5934371948242,-45.1621704101562,5.717936433650359,116.01326149946428,457035369
sw,-69.7267074584961,-47.13570022583,2.4567778106330955,141.41961400419666,457052036
sw,-69.7698593139648,-50.5347480773925,0.398840974825198,156.80682884795544,457068703
sw,-69.7110977172851,-54.2427864074707,-0.5645162801702569,160.40539343885303,457085370
sw,-69.5663375854492,-57.6396179199218,-0.9725465373452677,152.18082921524666,457102037
sw,-69.4123840332031,-61.2063789367675,-1.7932304750901515,134.20268368700368,457118704
sw,-69.2869567871093,-62.9226455688476,-4.315581525795686,110.42017953457596,457135371
sw,-69.2293472290039,-63.3417625427246,-9.927591303515122,85.82557101925035,457152038
sw,-69.0626602172851,-63.1038589477539,-19.80917916042316,65.24120108963831,457168705
sw,-68.3721847534179,-63.6416969299316,-34.60490356049779,52.140272255847876,457185372
sw,-67.7259063720703,-65.106086730957,-54.15942675530753,47.898251954268716,457202039
sw,-66.9014816284179,-66.1068344116211,-77.39607855445476,51.67486435108247,457218706
sw,-65.2835464477539,-67.2072372436523,-102.39787799600666,60.87501058965751,457235373
sw,-62.8849906921386,-68.5892715454101,-126.70795871288783,71.97375193960666,457252040
sw,-60.2591857910156,-69.9546203613281,-147.8018685651445,81.4543138027344,457268707
sw,-57.8600845336914,-71.7189178466796,-163.61936686496426,86.64310136979863,457285374
sw,-54.5472755432128,-73.9618988037109,-173.01049129865592,86.27312730157202,457302041
sw,-50.3000793457031,-75.8028259277343,-175.95957864715774,80.65653442448135,457318708
sw,-47.3088264465332,-76.6816482543945,-173.4951682422616,71.42263322902839,457335375
sw,-46.1437835693359,-77.0319671630859,-167.28234735811688,60.897281349264276,457352042
sw,-44.061725616455,-77.4332504272461,-159.023952635217,51.33020951541419,457368709
sw,-41.0413818359375,-77.9063644409179,-149.89567325362736,44.24187766108071,457385376
sw,-38.2438812255859,-78.7222290039062,-140.21519931629499,40.10574104327572,457402043
sw,-36.1222457885742,-79.7598648071289,-129.41053920237263,38.43005115503262,457418710
sw,-34.4062194824218,-80.7911987304687,-116.22738322929796,38.139921426938756,457435377
sw,-32.9640502929687,-81.8059997558593,-99.08273197419258,38.064008942223644,457452044
sw,-31.6933078765869,-82.5236206054687,-76.49985796818697,37.33039250867661,457468711
sw,-30.8204154968261,-82.9512176513671,-47.5751765493608,35.5530614520716,457485378
sw,-30.4980316162109,-83.3705444335937,-12.407205393986343,32.79686906045971,457502045
sw,-30.759443283081,-83.725112915039,27.611126955117946,29.395990217030718,457518712
sw,-31.5898170471191,-84.0305099487304,69.74034406371017,25.73769531977545,457535379
sw,-33.2590522766113,-84.4390182495117,110.15347357899309,22.106002560519382,457552046
sw,-35.8802070617675,-84.9281997680664,144.50999380528478,18.62781792923512,457568713
sw,-38.9715499877929,-85.4077377319336,168.75906462881767,15.305859430586963,457585380
sw,-42.2144088745117,-85.7855072021484,180.0012586522371,12.083848611071952,457602047
sw,-45.8291206359863,-85.9535903930664,177.19089130255858,8.885675138866556,457618714
sw,-49.1308631896972,-85.8957748413086,161.4753392615506,5.599697493074182,457635381
sw,-51.5014305114746,-85.7847213745117,136.04701088281243,2.022379344973744,457652048
sw,-52.790184020996,-85.7935104370117,105.51536294039649,-2.194570588034984,457668715
sw,-53.1089820861816,-85.7100143432617,74.95660484328991,-7.549131059237938,457685382
sw,-53.6477317810058,-85.5243759155273,48.90567075368252,-14.626559476339093,457702049
sw,-54.7237548828125,-85.1285858154296,30.557780746219144,-23.98054983312936,457718716
sw,-55.0552711486816,-84.3783798217773,21.341973437247034,-35.98760733027689,457735383
sw,-55.2244567871093,-83.5901794433593,20.88733615454261,-50.71034267611407,457752050
sw,-55.8260498046875,-82.7908630371093,27.307786567058578,-67.80797139074917,457768717
sw,-56.5452575683593,-81.6185989379882,37.703961209986105,-86.5344194777216,457785384
sw,-57.1591873168945,-79.9268646240234,48.78446922738028,-105.85348007135852,457802051
sw,-58.1994132995605,-77.571548461914,57.51133061891665,-124.6607530973025,457818718
sw,-59.6768264770507,-74.6243667602539,61.671638155687766,-142.0409448634325,457835385
sw,-61.0279235839843,-71.7013702392578,60.275482121107366,-157.4450129131168,457852052
sw,-62.1558952331543,-68.8513031005859,53.69142822700278,-170.68778582922582,457868719
sw,-62.8379669189453,-65.9587173461914,43.47417206437659,-181.75099366557305,457885386
sw,-63.1250991821289,-63.0459403991699,31.917113805651763,-190.48625138237927,457902053
sw,-63.1772956848144,-60.2023277282714,21.446892004820107,-196.38001444473372,457918720
sw,-63.3009376525878,-56.815315246582,14.026263432046823,-198.5219449208767,457935387
sw,-63.3145637512207,-53.0483093261718,10.722975216762505,-195.81419427660802,457952054
sw,-63.4532356262207,-49.6041603088378,11.543029733352656,-187.32686026992383,457968721
sw,-63.8461990356445,-46.7850685119628,15.54490170665326,-172.62294789428645,457985388
sw,-64.4324417114257,-44.3864822387695,21.175277691556214,-151.8968237566665,458002055
sw,-65.1292419433593,-42.7738800048828,26.715426114012512,-125.87814502562075,458018722
sw,-65.8360443115234,-41.7447319030761,30.71074822300029,-95.579189219729,458035389
sw,-66.4999084472656,-41.2069473266601,32.276514422443526,-62.038790796599926,458052056
sw,-67.0605773925781,-41.0904808044433,31.220684923265097,-26.21036764546944,458068723
sw,-67.4895782470703,-41.2705688476562,27.981671970821516,10.936644985685033,458085390
sw,-67.7821655273437,-41.8196983337402,23.42674257694034,48.14825221280207,458102057
sw,-67.9897155761718,-42.7290077209472,18.583818244544762,83.6008866292568,458118724
sw,-68.2297134399414,-44.1555061340332,14.38158275759237,114.79688097523736,458135391
sw,-68.5237197875976,-46.2924499511718,11.453187805657079,138.79720709849357,458152058
sw,-68.7527389526367,-49.5882835388183,10.027920318093008,152.82322784410306,458168725
sw,-68.8880538940429,-53.1794548034668,9.907724580601942,155.087647407214,458185392
sw,-69.0624923706054,-56.519905090332,10.511857648348652,145.56800768478072,458202059
sw,-69.3058547973632,-59.8949813842773,10.971825017526806,126.391441067128,458218726
sw,-69.5094299316406,-61.7186203002929,10.260732372834958,101.59796867670426,458235393
sw,-69.7423019409179,-61.7957344055175,7.3404767313238075,76.27092447130624,458252060
sw,-69.8530044555664,-61.4116439819335,1.309392048165891,55.28702904735835,458268727
sw,-69.4080123901367,-61.3473663330078,-8.462930972568289,42.12109075296892,458285394
sw,-68.8546371459961,-62.5025100708007,-22.219228242696573,38.126397330173084,458302061
sw,-68.6255187988281,-64.2540969848632,-39.7214877349377,42.49098320255318,458318728
sw,-68.0320205688476,-65.4607467651367,-60.201410579101974,52.77382647305445,458335395
sw,-66.4489822387695,-66.6673431396484,-82.39258804528652,65.7317727306328,458352062
sw,-64.4182434082031,-67.8699645996093,-104.67338855182867,78.13849035349284,458368729
sw,-62.4452095031738,-69.1980743408203,-125.30729139094377,87.41176750451685,458385396
sw,-60.4969062805175,-71.0245513916015,-142.72710396823769,91.98912825156208,458402063
sw,-58.0863761901855,-73.0927200317382,-155.80162451089757,91.45552960700546,458418730
sw,-54.6572113037109,-74.6584930419921,-164.0318084640532,86.4406728158508,458435397
sw,-50.6995964050293,-75.6693115234375,-167.61827626880358,78.31654205613363,458452064
sw,-48.341941833496,-76.5892944335937,-167.33987875708604,68.76713254462845,458468731
sw,-46.9198570251464,-77.5474777221679,-164.23599634285122,59.34938304407839,458485398
sw,-44.5160369873046,-78.3243713378906,-159.19324164464427,51.17066832406185,458502065
sw,-41.5032577514648,-79.0789947509765,-152.61120364901092,44.758419081279065,458518732
sw,-38.7508697509765,-79.9581680297851,-144.27980743867013,40.120929266660085,458535399
sw,-36.5591697692871,-80.7898788452148,-133.4778908699215,36.934748391407574,458552066
sw,-34.7601051330566,-81.6714782714843,-119.21044410845441,34.76417573178593,458568733
sw,-33.218448638916,-82.3406066894531,-100.49580004628037,33.22580550561564,458585400
sw,-31.893009185791,-82.7446136474609,-76.65272710885198,32.049717895749595,458602067
sw,-31.0636978149414,-83.1455688476562,-47.56055579546824,31.042993932314705,458618734
sw,-30.8728199005126,-83.5298919677734,-13.859846442330447,30.006833661007246,458635401
sw,-31.2716903686523,-83.9364166259765,22.950021047388248,28.674331502425826,458652068
sw,-32.1835289001464,-84.4412765502929,60.55702093566943,26.71649403642467,458668735
sw,-33.6796951293945,-84.95166015625,96.04920709336675,23.82274411983702,458685402
sw,-35.8548049926757,-85.4106826782226,126.28903506760177,19.82094427869376,458702069
sw,-38.4578590393066,-85.8253402709961,148.40770482069317,14.77909970914588,458718736
sw,-41.2555389404296,-86.155288696289,160.33592855857268,9.03407271423146,458735403
sw,-44.4274253845214,-86.2459030151367,161.25378456522844,3.1186901036857058,458752070
sw,-47.3670463562011,-86.064582824707,151.83529223025496,-2.402567804138676,458768737
sw,-49.7191314697265,-85.8178405761718,134.1963630993114,-7.1412314138959845,458785404
sw,-51.4082679748535,-85.6639709472656,111.52953709562736,-11.066142144198993,458802071
sw,-52.1315689086914,-85.3798370361328,87.5069775345809,-14.593510853701401,458818738
sw,-52.8972702026367,-84.9938278198242,65.61207862560443,-18.548606887110285,458835405
sw,-54.3242568969726,-84.5231781005859,48.572715965048424,-23.99794415954468,458852072
sw,-55.2544212341308,-83.8921508789062,38.00490153473718,-31.983583513066264,458868739
sw,-55.5218086242675,-83.2829132080078,34.28251644993553,-43.21928878049949,458885406
sw,-55.9845275878906,-82.7457504272461,36.59552313638798,-57.83206506916464,458902073
sw,-56.6692657470703,-81.9557723999023,43.16370438804965,-75.24306825533046,458918740
sw,-57.3168106079101,-80.5809097290039,51.59127821523032,-94.26015193453894,458935407
sw,-58.3782882690429,-78.3666687011718,59.33584451254108,-113.3862793077153,458952074
sw,-59.9013938903808,-75.357795715332,64.22383264116277,-131.2476817263088,458968741
sw,-61.4400596618652,-72.4108734130859,64.90226332119445,-146.9644893912414,458985408
sw,-62.7168807983398,-69.76171875,61.10307921470989,-160.28692686107172,459002075
sw,-63.5738372802734,-67.020881652832,53.63269383842823,-171.42363532557334,459018742
sw,-64.0262756347656,-64.3049087524414,44.08304308583896,-180.64608785667684,459035409
sw,-64.4057846069336,-61.730484008789,34.35553407903765,-187.87309796736344,459052076
sw,-64.7647399902343,-58.733657836914,26.14807345939098,-192.45239984277322,459068743
sw,-64.9297180175781,-55.1381187438964,20.553007065959793,-193.2545774817655,459085410
sw,-65.1361770629882,-51.440746307373,17.861937734244364,-189.03138453485673,459102077
sw,-65.6006622314453,-48.3484382629394,17.60237064098415,-178.85450571533687,459118744
sw,-66.1618881225586,-45.7787284851074,18.76572295791853,-162.42039827161045,459135411
sw,-66.7096862792968,-43.8145294189453,20.140392013035303,-140.09592790280445,459152078
sw,-67.2571945190429,-42.5290908813476,20.647130321364568,-112.726261304319,459168745
sw,-67.7024536132812,-41.7253532409668,19.590254965527095,-81.34369467066887,459185412
sw,-68.0109252929687,-41.352741241455,16.777514953784696,-46.949876214589864,459202079
sw,-68.1891632080078,-41.2861022949218,12.505652451691093,-10.49064576041141,459218746
sw,-68.2777481079101,-41.5561943054199,7.442161788136242,26.965543954450457,459235413
sw,-68.3546905517578,-42.2777252197265,2.448578874001009,63.94910995265265,459252080
sw,-68.4128799438476,-43.4278526306152,-1.6127846895133693,98.38601017950154,459268747
sw,-68.4271545410156,-45.2248268127441,-4.0604998185938195,127.6414906001787,459285414
sw,-68.3930053710937,-48.1337928771972,-4.548399088858778,148.89857834876028,459302081
sw,-68.3166961669921,-51.616886138916,-3.1800528960462664,159.8187414562238,459318748
sw,-68.1764984130859,-54.8496170043945,-0.5649094264097823,159.28961337205578,459335415
sw,-68.1088409423828,-58.0516853332519,2.2083031877685184,147.98639935276276,459352082
sw,-68.1832504272461,-60.8845672607421,3.7005479199272147,128.50230009996966,459368749
sw,-68.2947616577148,-62.5700454711914,2.35261078062606,104.93264147445512,459385416
sw,-68.4022827148437,-62.857925415039,-3.2161770675765733,81.98456126078447,459402083
sw,-68.2316131591796,-62.9359512329101,-13.900685393882899,63.867618443429954,459418750
sw,-67.7344131469726,-63.7665939331054,-29.864737648492937,53.32056690862063,459435417
sw,-67.194580078125,-65.1604461669921,-50.41936267256976,51.079017728554206,459452084
sw,-66.0943984985351,-66.0638046264648,-74.06395020856975,55.90573509438439,459468751
sw,-64.354866027832,-67.3751220703125,-98.69925608209753,65.10133101998495,459485418
sw,-62.0499420166015,-68.7447128295898,-121.98205700419373,75.29466396946633,459502085
sw,-59.7598800659179,-70.2039337158203,-141.75020355279713,83.2942828061401,459518752
sw,-57.5074806213378,-72.0212478637695,-156.42226566421974,86.81421198367705,459535419
sw,-54.2698669433593,-74.1084365844726,-165.27783119534544,84.92865633937372,459552086
sw,-50.4155502319335,-75.6092529296875,-168.541617363421,78.16004224579073,459568753
sw,-47.5682716369628,-76.3766174316406,-167.22190344946068,68.18288976680357,459585420
sw,-46.2122764587402,-76.8734436035156,-162.71514526539767,57.23546406603001,459602087
sw,-44.2421073913574,-77.4640808105468,-156.2914414469401,47.4323830518555,459618754
sw,-41.3673400878906,-77.9540100097656,-148.6551386748141,40.20319846424099,459635421
sw,-38.5274772644043,-78.6559600830078,-139.74585769937372,36.01944050614701,459652088
sw,-36.3068161010742,-79.4319763183593,-128.81678553364605,34.45181090188395,459668755
sw,-34.5615119934082,-80.2406768798828,-114.7069177387077,34.482300736600074,459685422
sw,-33.0365982055664,-81.1930236816406,-96.19332006883418,34.92644628461717,459702089
sw,-31.8772144317626,-82.0109252929687,-72.34669708341447,34.81114589054267,459718756
sw,-31.1769409179687,-82.5406494140625,-42.8507513750364,33.595357779326974,459735423
sw,-31.0282306671142,-82.8744812011718,-8.251483862767913,31.195434070489796,459752090
sw,-31.4375553131103,-83.1230545043945,29.90924925588212,27.855680621787613,459768757
sw,-32.353286743164,-83.4012680053711,69.12744215619159,23.95569211630464,459785424
sw,-33.9622650146484,-83.7854614257812,106.17620516784909,19.848110724270548,459802091
sw,-36.4377632141113,-84.2194137573242,137.55130701723976,15.77860948401535,459818758
sw,-39.561351776123,-84.6372909545898,160.06426426273035,11.882257271994295,459835425
sw,-42.5003814697265,-84.9652633666992,171.46189621163148,8.210101343109775,459852092
sw,-45.6773262023925,-85.0496292114257,170.91831928145058,4.736124505353703,459868759
sw,-48.620792388916,-84.8169250488281,159.2634712534728,1.324818076337801,459885426
sw,-51.1248970031738,-84.6373596191406,138.8750156712863,-2.3185071257830856,459902093
sw,-52.9431953430175,-84.6274337768554,113.24572415550911,-6.667766479626774,459918760
sw,-53.6460380554199,-84.4826049804687,86.32593823049909,-12.328970913119115,459935427
sw,-54.269416809082,-84.2106704711914,61.807060841149934,-19.92319585423572,459952094
sw,-55.4211196899414,-83.7457427978515,42.52438593007167,-29.930953900544953,459968761
sw,-56.2009811401367,-82.9706954956054,30.09919473378187,-42.5439038945729,459985428
sw,-56.4104843139648,-82.0329666137695,24.84382832778559,-57.56679307443682,460002095
sw,-56.7983322143554,-81.041763305664,25.883077179613856,-74.40309656671316,460018762
sw,-57.4348983764648,-79.7583465576171,31.430130579294616,-92.14630017326192,460035429
sw,-57.9556655883789,-77.9398880004882,39.167673203679726,-109.77731358376438,460052096
sw,-58.7509574890136,-75.4410095214843,46.687725335965354,-126.42747791679543,460068763
sw,-59.8868789672851,-72.4653778076171,51.93168777228006,-141.61458164357765,460085430
sw,-61.0953788757324,-69.5591125488281,53.557672875733985,-155.3313719308633,460102097
sw,-62.1287460327148,-66.7660217285156,51.158825420045645,-167.9016864427289,460118764
sw,-62.8734512329101,-63.7986946105957,45.27654552420434,-179.62239402147642,460135431
sw,-63.4549179077148,-60.9461326599121,37.200370369868956,-190.33157878624053,460152098
sw,-63.8418464660644,-58.2545890808105,28.6058854166883,-199.11301794301892,460168765
sw,-64.0951690673828,-54.9090995788574,21.126763944300635,-204.31510842870284,460185432
sw,-64.1605529785156,-50.9091339111328,15.970326780538796,-203.9302558522041,460202099
sw,-64.3036499023437,-47.1079750061035,13.66836666917069,-196.20453834822408,460218766
sw,-64.5965805053711,-43.7823257446289,14.01541366450535,-180.22153123566497,460235433
sw,-64.9681549072265,-41.3896217346191,16.195850133892172,-156.20797203410606,460252100
sw,-65.4251403808593,-39.8551063537597,19.052463216714784,-125.44484021934628,460268767
sw,-65.99365234375,-39.0621681213378,21.416277399067695,-89.85554430623519,460285434
sw,-66.553352355957,-38.8679237365722,22.40896731513686,-51.48142083636958,460302101
sw,-67.0378875732421,-39.0689163208007,21.64379642539951,-12.08298746041116,460318768
sw,-67.4047012329101,-39.5543708801269,19.282510371545808,26.976149656202708,460335435
sw,-67.6490097045898,-40.3837356567382,15.945275697230526,64.55093653592776,460352102
sw,-67.8121185302734,-41.668212890625,12.507809500001692,99.3736360839029,460368769
sw,-67.9475173950195,-43.3716735839843,9.843819605855245,129.7644079154594,460385436
sw,-68.0860214233398,-45.4664230346679,8.576385941662583,153.59918393318327,460402103
sw,-68.2490615844726,-48.9353942871093,8.891068349348846,168.63986315944976,460418770
sw,-68.4329605102539,-52.5863876342773,10.443896708002184,173.17132509676685,460435437
sw,-68.5956954956054,-56.0189514160156,12.377244436130313,166.72828720253082,460452104
sw,-68.7718658447265,-59.7877883911132,13.440285488257304,150.60674791185053,460468771
sw,-69.0248870849609,-62.3507614135742,12.197267620673932,127.89251645931844,460485438
sw,-69.2818832397461,-63.1483726501464,7.292909311557222,102.90474735399114,460502105
sw,-69.3936309814453,-63.1132164001464,-2.2697030849969906,80.19170229951357,460518772
sw,-68.9891281127929,-63.6730194091796,-16.890775634876526,63.42222685240489,460535439
sw,-68.3491439819336,-65.2437667846679,-36.22236072499488,54.565753360891925,460552106
sw,-67.8860397338867,-66.3479919433593,-59.13820120696291,53.606336130107415,460568773
sw,-66.5411376953125,-67.3934173583984,-83.84582555080938,58.7972707616378,460585440
sw,-64.4687118530273,-68.6615600585937,-108.14351479713945,67.28843616829828,460602107
sw,-62.0756759643554,-69.8676223754882,-129.79031429730685,75.91100067839658,460618774
sw,-59.9819717407226,-71.4095230102539,-146.91562330231093,81.93405063942001,460635441
sw,-57.5645065307617,-73.5158386230468,-158.37346496644793,83.64711165143186,460652108
sw,-53.9347763061523,-75.3104476928711,-163.953128752237,80.65273564150519,460668775
sw,-50.2995300292968,-76.3036499023437,-164.37524301514247,73.8003757238473,460685442
sw,-48.2416381835937,-76.9550018310546,-161.0340949691319,64.78379332344832,460702109
sw,-46.8752365112304,-77.6525955200195,-155.5244540809768,55.539892745876536,460718776
sw,-44.6481628417968,-78.2828598022461,-149.101613816993,47.660583235979146,460735443
sw,-41.8849334716796,-78.9090499877929,-142.27886663935342,42.00917202332543,460752110
sw,-39.2443313598632,-79.7986831665039,-134.69968879861247,38.632843738014905,460768777
sw,-37.2052154541015,-80.6733779907226,-125.28237046894745,36.94242320474867,460785444
sw,-35.482135772705,-81.6014556884765,-112.53691767000048,36.043583235650985,460802111
sw,-34.0113067626953,-82.4132537841796,-94.94864150461754,35.074931723014124,460818778
sw,-32.9721488952636,-82.9496002197265,-71.36635992652252,33.43754224190391,460835445
sw,-32.3259620666503,-83.2620391845703,-41.36245183683465,30.86808665084287,460852112
sw,-32.1725311279296,-83.5364990234375,-5.526586948514542,27.38192109568553,460868779
sw,-32.5157012939453,-83.8537521362304,34.36798253189683,23.159995874039097,460885446
sw,-33.3614387512207,-84.2780990600586,75.40124860172348,18.454870701072704,460902113
sw,-35.0383796691894,-84.7491683959961,113.80709375834967,13.552224425231602,460918780
sw,-38.0010261535644,-85.1322402954101,145.54177404998342,8.77267258246008,460935447
sw,-40.9848937988281,-85.3691711425781,167.0342135689148,4.466205737575451,460952114
sw,-44.3039932250976,-85.3684921264648,175.94618860822075,0.9555037919513572,460968781
sw,-47.6091766357421,-85.1720504760742,171.73649704198206,-1.5801080910430831,460985448
sw,-50.4077949523925,-84.9758605957031,155.8622447515532,-3.243601861115061,461002115
sw,-52.7955665588378,-84.9277725219726,131.5456955862275,-4.518490688125005,461018782
sw,-54.0200042724609,-84.8430404663086,103.1535842773442,-6.26861585796895,461035449
sw,-54.6495323181152,-84.6469421386718,75.34325263828029,-9.61515208908849,461052116
sw,-55.7432861328125,-84.365493774414,52.19012276465036,-15.707620253035328,461068783
sw,-56.4751777648925,-83.9963226318359,36.49699793794344,-25.438073781469647,461085450
sw,-56.6979217529296,-83.5437545776367,29.408729140971005,-39.16836217464843,461102117
sw,-57.1575355529785,-83.0827331542968,30.365899059072532,-56.551650663515986,461118784
sw,-57.8001480102539,-82.1661682128906,37.369523104061486,-76.52503368878236,461135451
sw,-58.5092735290527,-80.5826644897461,47.492742575379246,-97.51531977085088,461152118
sw,-59.5549392700195,-78.2735519409179,57.54354712959109,-117.82768423477606,461168785
sw,-61.1725616455078,-75.2242202758789,64.75034856064214,-136.09685495558566,461185452
sw,-62.757022857666,-72.2012176513671,67.32324300698552,-151.62121626515903,461202119
sw,-63.9755897521972,-69.3720245361328,64.75713365023138,-164.4212356366277,461218786
sw,-64.8352279663086,-66.6574096679687,57.80278850547004,-174.97558452693795,461235453
sw,-65.3546752929687,-63.8946723937988,48.12896814192341,-183.74304189831207,461252120
sw,-65.7609710693359,-61.2620315551757,37.79274403755971,-190.6921661156575,461268787
sw,-66.2286071777343,-58.2219657897949,28.681370054680126,-195.0673722334639,461285454
sw,-66.5330810546875,-54.5260276794433,22.072789123195708,-195.50987753701006,461302121
sw,-66.7702331542968,-50.7616958618164,18.40404829202624,-190.4778408101252,461318788
sw,-67.0691680908203,-47.6193809509277,17.2713246289133,-178.76444795931843,461335455
sw,-67.4371871948242,-45.0452079772949,17.632999858416436,-159.87873559512335,461352122
sw,-67.8678588867187,-43.2204933166503,18.151309313856725,-134.14757016623122,461368789
sw,-68.3448715209961,-42.0713691711425,17.585810792960803,-102.55395963053374,461385456
sw,-68.7937622070312,-41.5399093627929,15.144326858279014,-66.4532051989313,461402123
sw,-69.1454925537109,-41.429141998291,10.7072339589341,-27.34435006054117,461418790
sw,-69.3104095458984,-41.6042976379394,4.8694585824140715,13.185103692096154,461435457
sw,-69.3082656860351,-42.1331825256347,-1.213031587240036,53.341241256719705,461452124
sw,-69.1892318725586,-43.2405471801757,-6.138385039873814,90.95047783065459,461468791
sw,-68.9781265258789,-44.9633522033691,-8.662011475518106,123.40923848560436,461485458
sw,-68.7213592529296,-47.0101623535156,-8.09113057599202,147.90594489157192,461502125
sw,-68.4800338745117,-50.6254272460937,-4.57218938958076,161.95325616937103,461518792
sw,-68.3365173339843,-54.2711563110351,0.8084930001300847,164.11363877518951,461535459
sw,-68.4106292724609,-57.7663650512695,6.152534499958444,154.6650886194354,461552126
sw,-68.6809005737304,-61.3097648620605,9.094819103148879,135.90644732437502,461568793
sw,-68.9659271240234,-62.956127166748,7.298766380179635,111.88775922071122,461585460
sw,-69.1800460815429,-63.4667053222656,-1.0099318950208478,87.55663572951204,461602127
sw,-69.0621109008789,-63.3238449096679,-16.597901145479522,67.55862012111419,461618794
sw,-68.4679946899414,-63.862979888916,-38.974835667557734,55.09658129507482,461635461
sw,-67.5902481079101,-65.3585662841796,-66.40249986363091,51.237693679433846,461652128
sw,-66.0797653198242,-66.4966049194336,-96.16673052759387,54.85985170865105,461668795
sw,-63.968765258789,-67.586196899414,-125.06171329814947,63.17841904331501,461685462
sw,-61.2008781433105,-69.0839385986328,-149.98959754068835,72.62905614136773,461702129
sw,-58.5041961669921,-70.5904235839843,-168.54828218934816,79.84134753197286,461718796
sw,-55.3271369934082,-72.5011825561523,-179.47484471094333,82.46783317459192,461735463
sw,-51.2686500549316,-74.5727767944336,-182.83383983850345,79.68293588002031,461752130
sw,-47.384292602539,-75.9245376586914,-179.88341559830192,72.23578707057597,461768797
sw,-45.4673080444335,-76.3892059326171,-172.62311649308032,62.05098505372931,461785464
sw,-43.9832458496093,-76.6862640380859,-163.13373281517283,51.513324325731354,461802131
sw,-41.4165344238281,-77.1094284057617,-152.92375571959778,42.68839336282068,461818798
sw,-38.5515556335449,-77.6135787963867,-142.512863049624,36.74947957513105,461835465
sw,-36.1943283081054,-78.3111801147461,-131.3732068465314,33.78351912479277,461852132
sw,-34.2581062316894,-79.223876953125,-118.19190965585071,32.98823993957559,461868799
sw,-32.6683731079101,-80.1981735229492,-101.32449005944902,33.128980487880625,461885466
sw,-31.3467102050781,-81.1393356323242,-79.30660924867281,33.05115553487965,461902133
sw,-30.525535583496,-81.7913970947265,-51.327737729023234,32.05719980452765,461918800
sw,-30.2223300933837,-82.1504211425781,-17.5957695478632,30.037777959619913,461935467
sw,-30.4693031311035,-82.3787231445312,20.46962607724463,27.357523375169603,461952134
sw,-31.2615242004394,-82.5954666137695,60.26862789782467,24.58872142451897,461968801
sw,-32.7878952026367,-82.8449249267578,98.30899050666298,22.226603497499767,461985468
sw,-35.0976638793945,-83.1590881347656,130.73694467802108,20.499386617617184,462002135
sw,-38.0034866333007,-83.6169662475586,154.03471998977335,19.324834072815662,462018802
sw,-41.1355171203613,-84.1832504272461,165.74268998483382,18.39538847757372,462035469
sw,-44.185546875,-84.676528930664,165.02714028234428,17.324593469298744,462052136
sw,-47.2149848937988,-85.0125732421875,152.93049331695036,15.77523059671078,462068803
sw,-49.6252098083496,-85.155647277832,132.21185033991384,13.514888018023193,462085470
sw,-51.1400070190429,-85.2514572143554,106.79442753734621,10.390938474567873,462102137
sw,-51.7385559082031,-85.3525314331054,80.9547011840474,6.258142170986659,462118804
sw,-52.026023864746,-85.3662567138671,58.47649649295231,0.9089601987060693,462135471
sw,-52.8557968139648,-85.2394714355468,42.005338065327244,-5.952092878972427,462152138
sw,-54.0932006835937,-84.8882522583007,32.75220957007484,-14.670589207717729,462168805
sw,-54.680305480957,-84.3580551147461,30.551247943455774,-25.5445487523583,462185472
sw,-55.0967102050781,-83.7831954956054,34.159414370238665,-38.692476009798945,462202139
sw,-55.9177017211914,-83.0677185058593,41.65743457822419,-53.93299847613867,462218806
sw,-56.8549880981445,-82.1524810791015,50.85177782211468,-70.73397194542243,462235473
sw,-57.689712524414,-80.8021392822265,59.62759846615242,-88.27750014427981,462252140
sw,-58.8929367065429,-78.8869400024414,66.23006003602528,-105.64386404278395,462268807
sw,-60.2085075378418,-76.5155944824218,69.46139288396797,-122.0543943849345,462285474
sw,-61.3741607666015,-73.8823165893554,68.7847924896338,-137.06501626973122,462302141
sw,-62.4215011596679,-71.3061447143554,64.33025976195061,-150.60502986665577,462318808
sw,-63.3426551818847,-68.6240844726562,56.80700202526528,-162.8207249745214,462335475
sw,-64.1418762207031,-65.8765335083007,47.340883270966344,-173.78234263478947,462352142
sw,-64.8788452148437,-63.225284576416,37.26520382894965,-183.19243249446853,462368809
sw,-65.3868255615234,-60.3116035461425,27.894568024895676,-190.24778496574538,462385476
sw,-65.645637512207,-56.9158630371093,20.31004407598833,-193.74199173876653,462402143
sw,-65.8031539916992,-53.160057067871,15.185536671969647,-192.37745920773602,462418810
sw,-65.9942016601562,-49.8853340148925,12.687912358340157,-185.14485965802476,462435477
sw,-66.2243194580078,-47.3016929626464,12.477433371797751,-171.59257688819943,462452144
sw,-66.5990142822265,-45.132640838623,13.814821918169843,-151.8757331321343,462468811
sw,-67.0890121459961,-43.5700531005859,15.75219218146786,-126.60112178035118,462485478
sw,-67.5998458862304,-42.5557212829589,17.359774928232863,-96.59016516133751,462502145
sw,-68.0340499877929,-41.9680099487304,17.930352591929225,-62.71117637175902,462518812
sw,-68.3766479492187,-41.7481536865234,17.11306823503047,-25.88187082644304,462535479
sw,-68.6509933471679,-41.8440055847168,14.952588007283344,12.75452626540642,462552146
sw,-68.8642120361328,-42.4158592224121,11.836366222155345,51.57784825670548,462568813
sw,-69.0624008178711,-43.488540649414,8.370864066268647,88.32599132077691,462585480
sw,-69.2585144042968,-45.3595085144043,5.213777185954787,120.17326121905944,462602147
sw,-69.3955154418945,-47.8406181335449,2.8886434800150953,144.12979933437583,462618814
sw,-69.3668975830078,-51.4413681030273,1.608791626576732,157.70952501989316,462635481
sw,-69.2024307250976,-54.9654235839843,1.1437552917535652,159.6796926992308,462652148
sw,-69.1165695190429,-58.2050628662109,0.7680714468143006,150.624638493538,462668815
sw,-69.0892257690429,-61.2513885498046,-0.6723848035464671,133.0751858781035,462685482
sw,-69.0398178100586,-63.0084686279296,-4.5657717400877615,111.08110397952412,462702149
sw,-68.9811172485351,-63.4613227844238,-12.238445003553622,89.2996059675666,462718816
sw,-68.6392059326171,-63.5167655944824,-24.619451153977693,71.86723475094747,462735483
sw,-67.8845748901367,-64.3460540771484,-41.943805226908,61.42587523954825,462752150
sw,-67.0838012695312,-66.0853881835937,-63.569835439145514,58.617078118630275,462768817
sw,-65.9199447631836,-67.1809997558593,-87.9688342277127,62.16201569255344,462785484
sw,-64.0790176391601,-68.389419555664,-112.91788825425206,69.42546962287796,462802151
sw,-61.6666793823242,-69.795051574707,-135.88415181731528,77.23891347571377,462818818
sw,-58.9098777770996,-71.3291244506836,-154.53069186892012,82.74777178063532,462835485
sw,-56.2319030761718,-73.2279357910156,-167.22004889626297,84.09089481502818,462852152
sw,-52.7217330932617,-75.3043899536132,-173.36997825022402,80.76904202583982,462868819
sw,-48.8440971374511,-76.6215591430664,-173.539255852311,73.61890658028673,462885486
sw,-46.7085762023925,-77.1633682250976,-169.18946761960026,64.40471831171065,462902153
sw,-45.2853698730468,-77.4927673339843,-162.17746029466554,55.16499360056127,462918820
sw,-42.7719001770019,-77.9958572387695,-154.14912019526398,47.550849816734505,462935487
sw,-39.7806892395019,-78.737190246582,-146.05106694512975,42.39393772771685,462952154
sw,-37.2434501647949,-79.781021118164,-137.9044911146154,39.63077127674795,462968821
sw,-35.1967658996582,-80.8427276611328,-128.85248229710666,38.548016039949964,462985488
sw,-33.4645042419433,-81.8045120239257,-117.40606437843722,38.18974161913458,463002155
sw,-31.8684883117675,-82.6709976196289,-101.81003514994008,37.73569948855184,463018822
sw,-30.4344730377197,-83.20166015625,-80.47573368607154,36.71430758029573,463035489
sw,-29.5587196350097,-83.5947647094726,-52.43118827323371,35.01252839517212,463052156
sw,-29.2982807159423,-83.9545745849609,-17.71913204063702,32.73754894710665,463068823
sw,-29.5720119476318,-84.3028793334961,22.34231187973888,30.035808168230364,463085490
sw,-30.4063663482666,-84.7379837036132,65.11653133658922,26.969989625297845,463102157
sw,-31.989065170288,-85.2845764160156,106.87766772072553,23.505056550683157,463118824
sw,-34.4633522033691,-85.8821105957031,143.32141948369775,19.588137742216954,463135491
sw,-37.5055351257324,-86.4110031127929,170.29993785099668,15.255638422305358,463152158
sw,-40.8427009582519,-86.7302627563476,184.64738086478374,10.687333402268031,463168825
sw,-44.4460906982421,-86.7625122070312,184.9062132296887,6.156934378616361,463185492
sw,-47.8857955932617,-86.5613479614257,171.75622390424616,1.8864283016645653,463202159
sw,-50.5447387695312,-86.3177795410156,148.00133183363835,-2.1325736861747107,463218826
sw,-52.334659576416,-86.1925506591796,118.0774589825093,-6.262603142279927,463235493
sw,-53.0485229492187,-86.0279846191406,87.18099941757856,-11.220274548811659,463252160
sw,-53.9834671020507,-85.8119812011718,60.231915490924635,-17.933804701699202,463268827
sw,-54.8887672424316,-85.420295715332,40.92629321037042,-27.294203360338198,463285494
sw,-54.9780845642089,-84.7398834228515,31.087363705515603,-39.87266209885543,463302161
sw,-55.2358894348144,-84.0599746704101,30.43151097242043,-55.688766962454295,463318828
sw,-55.8036079406738,-83.2753295898437,36.77600323870754,-74.10733160215688,463335495
sw,-56.5983581542968,-81.8801345825195,46.63954746088609,-93.9181156456579,463352162
sw,-57.6898002624511,-79.9048233032226,56.112388470254785,-113.60530889926706,463368829
sw,-59.3148803710937,-77.1513290405273,61.80390239928247,-131.74081679171022,463385496
sw,-61.0468673706054,-74.0384902954101,61.63833725812309,-147.36262934225368,463402163
sw,-62.3629417419433,-71.167366027832,55.28927890699947,-160.17554866369045,463418830
sw,-63.0052909851074,-68.3593597412109,44.13251638712417,-170.471125787283,463435497
sw,-63.0623245239257,-65.5939102172851,30.740717547093567,-178.7906369065932,463452164
sw,-62.8496322631835,-62.958698272705,18.091248468585828,-185.48299114147753,463468831
sw,-62.7402267456054,-60.0904121398925,8.74414898891192,-190.36468965620392,463485498
sw,-62.7796287536621,-56.6192474365234,4.232044693368474,-192.63803415553178,463502165
sw,-62.9037399291992,-53.1269645690918,4.803402242363051,-191.0936037899506,463518832
sw,-63.2096786499023,-49.9424667358398,9.530431904212483,-184.4864009569441,463535499
sw,-63.7391967773437,-47.1289176940918,16.688506651148817,-171.9082076590047,463552166
sw,-64.3691024780273,-44.6669921875,24.262153068573483,-153.01034650524915,463568833
sw,-65.0260391235351,-42.9154930114746,30.432418336419484,-128.02755213528337,463585500
sw,-65.6383819580078,-41.8318099975585,33.937275590371165,-97.65472093768604,463602167
sw,-66.2162399291992,-41.2371101379394,34.251720378801544,-62.88854669004894,463618834
sw,-66.7583847045898,-41.0979499816894,31.587290461592854,-24.945807041361157,463635501
sw,-67.2389755249023,-41.3065795898437,26.74695194863478,14.68860096124613,463652168
sw,-67.6095962524414,-41.9667930603027,20.886915755246157,54.12306821434485,463668835
sw,-67.8242645263671,-43.0765647888183,15.238328146048802,90.95164777810297,463685502
sw,-68.000862121582,-44.8726959228515,10.837414262974168,122.3269533431538,463702169
sw,-68.1633758544921,-47.4699554443359,8.306361249465677,145.31328261732114,463718836
sw,-68.2534637451171,-50.9306640625,7.718448751626759,157.502149807043,463735503
sw,-68.2791442871093,-54.2909851074218,8.569141015623766,157.7323058927338,463752170
sw,-68.4234542846679,-57.6953926086425,9.860242076410543,146.65844854150583,463768837
sw,-68.7450866699218,-60.6809043884277,10.28528231269562,126.91087983519215,463785504
sw,-69.0621719360351,-62.3567848205566,8.48088489081801,102.69838355969581,463802171
sw,-69.2457733154296,-62.5510444641113,3.2890090818547395,78.90198902510201,463818838
sw,-69.1778869628906,-62.3929328918457,-6.027705555162646,59.92018125434312,463835505
sw,-68.6299896240234,-62.8635597229003,-19.655520803503624,48.65235368985122,463852172
sw,-67.9776077270507,-64.4388580322265,-37.191967002995725,45.95769405158752,463868839
sw,-67.3580932617187,-65.6995239257812,-57.68917687899983,50.714835187706505,463885506
sw,-66.1820755004882,-66.8425369262695,-79.76665752775624,60.36541193542766,463902173
sw,-64.0923767089843,-68.1405487060546,-101.78809677053366,71.69325058407544,463918840
sw,-61.9667015075683,-69.3820266723632,-122.08790106261874,81.60247910625687,463935507
sw,-60.0389404296875,-70.9422531127929,-139.21279349931174,87.74045367069552,463952174
sw,-57.8380508422851,-73.0114212036132,-152.13579664235488,88.88439802784472,463968841
sw,-54.7398490905761,-74.8291778564453,-160.40770681903015,85.05013648670854,463985508
sw,-51.0870933532714,-75.9518585205078,-164.21090766722355,77.31382147623397,464002175
sw,-48.2222633361816,-76.6875686645507,-164.2702958240888,67.39525953897873,464018842
sw,-46.4177856445312,-77.4289779663086,-161.59796496516051,57.12724564942355,464035509
sw,-44.463768005371,-78.1162643432617,-157.12646608664173,47.980089498274616,464052176
sw,-41.7717247009277,-78.7648239135742,-151.36728154109397,40.78336457233338,464068843
sw,-39.0042343139648,-79.6117172241211,-144.23323769178182,35.69932349273447,464085510
sw,-36.6651191711425,-80.3391189575195,-135.0751947565958,32.40406360191941,464102177
sw,-34.6919288635253,-81.1340179443359,-122.8825407833352,30.367806693642866,464118844
sw,-33.0094909667968,-81.902847290039,-106.5581488339063,29.112018534930236,464135511
sw,-31.6394348144531,-82.3638763427734,-85.20067999665709,28.3533214967719,464152178
sw,-30.7938117980957,-82.6405181884765,-58.362375349588724,28.004608599254766,464168845
sw,-30.4928226470947,-82.9214935302734,-26.265895420788564,28.068182748922595,464185512
sw,-30.670934677124,-83.3260345458984,10.041404311905744,28.497343442892465,464202179
sw,-31.2432804107666,-83.8416442871093,48.63155538130728,29.103305729065855,464218846
sw,-32.398582458496,-84.435562133789,86.78534522352084,29.5473587685282,464235513
sw,-34.4706916809082,-85.0923233032226,121.26651966904392,29.408060126198727,464252180
sw,-37.1549453735351,-85.7457809448242,148.78081898358434,28.277111843456897,464268847
sw,-40.1360702514648,-86.3049850463867,166.55410580474268,25.82984644215725,464285514
sw,-43.2117576599121,-86.6454391479492,172.90247220915006,21.836478718409282,464302181
sw,-46.5344352722168,-86.7492370605468,167.64331159533734,16.117308297896493,464318848
sw,-49.3744277954101,-86.6529769897461,152.22211510490445,8.480951994383611,464335515
sw,-51.4356002807617,-86.6036224365234,129.49842255095197,-1.3003055446512022,464352182
sw,-52.5098800659179,-86.5645904541015,103.23032348236117,-13.441653999318577,464368849
sw,-53.3771896362304,-86.260269165039,77.38949121040297,-28.030490844646113,464385516
sw,-54.8483009338378,-85.652961730957,55.481609797591176,-44.89540871961351,464402183
sw,-55.74072265625,-84.5109939575195,40.01416170172508,-63.526289856369374,464418850
sw,-55.8983039855957,-82.9582290649414,32.17713536946037,-83.09290123913024,464435517
sw,-56.2304077148437,-81.3172836303711,31.746377466002116,-102.56950835370125,464452184
sw,-56.8833351135253,-79.440200805664,37.20732693967384,-120.93611425441492,464468851
sw,-57.5031661987304,-77.2059326171875,46.09317002007253,-137.4046034746297,464485518
sw,-58.4186210632324,-74.2650756835937,55.500928210689416,-151.6048061482679,464502185
sw,-59.9671821594238,-71.0161514282226,62.698607573460706,-163.65589833280617,464518852
sw,-61.4782066345214,-68.1085510253906,65.69441909293681,-174.05776787710278,464535519
sw,-62.7312393188476,-65.0701370239257,63.62880969857539,-183.3903079112559,464552186
sw,-63.6257591247558,-62.1315002441406,56.88667412063013,-191.90281514480836,464568853
sw,-64.2903137207031,-59.3396263122558,46.906198424975095,-199.1615614822105,464585520
sw,-64.8885879516601,-56.1986541748046,35.749447563598544,-203.93814740814403,464602187
sw,-65.2168884277343,-52.3517799377441,25.55864577727588,-204.43583424181668,464618854
sw,-65.3026123046875,-48.3902778625488,18.03626459326322,-198.79589729742042,464635521
sw,-65.3451843261718,-44.9076957702636,14.067667022146619,-185.6820709290577,464652188
sw,-65.5380401611328,-42.1478767395019,13.56661237554245,-164.69627038519474,464668855
sw,-65.8655166625976,-40.2285957336425,15.571786282343226,-136.46442653737023,464685522
sw,-66.3690109252929,-39.0918502807617,18.561850505126746,-102.39581002972444,464702189
sw,-66.9417114257812,-38.5927238464355,20.901440974430418,-64.26852727760112,464718856
sw,-67.5255889892578,-38.5617294311523,21.29833683131075,-23.85528275160694,464735523
sw,-68.1078491210937,-38.8371772766113,19.151899906651217,17.241993062525854,464752190
sw,-68.5272064208984,-39.4835700988769,14.70301655946133,57.50246412438254,464768857
sw,-68.6864166259765,-40.6296424865722,8.947569949271,95.23607718155543,464785524
sw,-68.6417388916015,-42.2697830200195,3.3370402565519623,128.36339188090383,464802191
sw,-68.5156478881836,-44.1117057800293,-0.6540688730557989,154.4263747534726,464818858
sw,-68.4012145996093,-47.5730895996093,-1.9801647339189232,170.94533756005336,464835525
sw,-68.2910461425781,-51.1742248535156,-0.37973369537977314,176.07982761433473,464852192
sw,-68.1637268066406,-54.8021659851074,3.4559922427804244,169.3802797815244,464868859
sw,-68.2094116210937,-58.8699417114257,7.946942495379298,152.31391430768986,464885526
sw,-68.44580078125,-61.2984771728515,10.915624740745441,128.27762446552703,464902193
sw,-68.842903137207,-62.122947692871,10.048471185389058,101.98258114129978,464918860
sw,-69.1682662963867,-62.0793113708496,3.424906482281468,78.3543205233203,464935527
sw,-69.0601730346679,-62.303970336914,-10.009912482218729,61.320083588098996,464952194
sw,-68.6042938232421,-63.7938804626464,-30.141183347389344,52.91535119415884,464968861
sw,-68.0933990478515,-65.1552429199218,-55.621927099678494,52.98546974851792,464985528
sw,-66.6831970214843,-66.0387191772461,-84.07204400620543,59.4919939471022,465002195
sw,-64.5312805175781,-67.5268630981445,-112.50472470203907,69.2293634986806,465018862
sw,-61.8787155151367,-68.7717666625976,-137.8925717914923,78.69931218198853,465035529
sw,-59.5792427062988,-70.2136535644531,-157.74636960920213,84.9331306344297,465052196
sw,-56.8430023193359,-72.2621917724609,-170.57480168751212,86.11311612591803,465068863
sw,-53.2431411743164,-74.3827362060546,-176.12325977497315,81.88666065166142,465085530
sw,-49.72607421875,-75.5990905761718,-175.3310560443308,73.30585942127706,465102197
sw,-47.2221565246582,-76.1176681518554,-169.9938023451259,62.39977668580145,465118864
sw,-45.6418914794921,-76.6101608276367,-162.19402878822794,51.501335123396856,465135531
sw,-43.5867691040039,-77.1303405761718,-153.66095137402948,42.54935153721983,465152198
sw,-40.6897201538085,-77.6221466064453,-145.27037690816297,36.59547487387588,465168865
sw,-37.9622192382812,-78.3025207519531,-136.8372736177108,33.65362913892794,465185532
sw,-35.8564758300781,-79.0635147094726,-127.22092553003651,32.89263724011683,465202199
sw,-34.114273071289,-79.9279174804687,-114.65729004433285,33.05817176214356,465218866
sw,-32.621166229248,-80.7903289794921,-97.2123247136593,32.953613105458416,465235533
sw,-31.423770904541,-81.347785949707,-73.2802092242362,31.816295241342836,465252200
sw,-30.7441883087158,-81.6826858520507,-42.06985668041894,29.484450693580293,465268867
sw,-30.5500431060791,-81.955825805664,-4.010866026025412,26.336375198882592,465285534
sw,-30.8049182891845,-82.2528305053711,39.01357061088548,23.06267455956065,465302201
sw,-31.7121524810791,-82.6159744262695,83.70574524280858,20.374532060277648,465318868
sw,-33.7919120788574,-83.0279388427734,125.73170009430409,18.746173207892834,465335535
sw,-36.8644332885742,-83.4419937133789,160.4268072250192,18.252630802643626,465352202
sw,-40.1938934326171,-83.8410415649414,183.70630169725638,18.519800714302626,465368869
sw,-43.9635429382324,-84.1300430297851,192.96282818076202,18.772735771833347,465385536
sw,-47.7284431457519,-84.2841644287109,187.70276494878888,17.9572345864345,465402203
sw,-50.7958908081054,-84.4443740844726,169.7279699402497,14.912847077129541,465418870
sw,-52.9957046508789,-84.7586517333984,142.79350943855118,8.578278578934453,465435537
sw,-54.1637916564941,-84.9396438598632,111.82576576000734,-1.7978249696567397,465452204
sw,-55.1944427490234,-84.7971572875976,81.9140471456088,-16.4820422837489,465468871
sw,-56.5033645629882,-84.364028930664,57.337499269309326,-35.162165846752764,465485538
sw,-57.1235733032226,-83.3788375854492,40.8412799562327,-56.96086437798447,465502205
sw,-57.3889846801757,-82.0635070800781,33.27526830643101,-80.55318392131818,465518872
sw,-57.7362518310546,-80.6594161987304,33.620349167775196,-104.36065329405825,465535539
sw,-58.2571105957031,-78.7522354125976,39.37473085661142,-126.78897000094537,465552206
sw,-59.0419120788574,-76.2916946411132,47.22886076709433,-146.47767644415342,465568873
sw,-60.5268630981445,-73.1007537841796,53.89730412414615,-162.52003155958363,465585540
sw,-62.2548446655273,-69.7218780517578,56.91371653464707,-174.58974303970166,465602207
sw,-63.6515426635742,-66.6448440551757,55.17299787229145,-182.90812288500206,465618874
sw,-64.4309692382812,-63.5955352783203,49.06036386545084,-188.0311091150227,465635541
sw,-64.5824203491211,-60.627586364746,40.14056866002418,-190.52108471103224,465652208
sw,-64.5155181884765,-57.7786598205566,30.53907070172511,-190.64049009660516,465668875
sw,-64.7284469604492,-54.5760688781738,22.250227543192096,-188.2075082664867,465685542
sw,-65.0474395751953,-51.0942192077636,16.60377410322185,-182.6759114948043,465702209
sw,-65.3715896606445,-47.9000701904296,14.023893637902532,-173.38362200026486,465718876
sw,-65.7236633300781,-45.2814674377441,14.089217534788382,-159.82981404570654,465735543
sw,-66.1400604248046,-43.0141830444335,15.809251272313467,-141.84143200023243,465752210
sw,-66.6402740478515,-41.1540184020996,17.995602904384246,-119.57013682716638,465768877
sw,-67.1407470703125,-40.0074348449707,19.61315256255729,-93.36329726494301,465785544
sw,-67.56201171875,-39.3833847045898,20.027254488730705,-63.62050861544976,465802211
sw,-67.8921661376953,-39.1528015136718,19.104938507727788,-30.75441038231337,465818878
sw,-68.1413192749023,-39.1839866638183,17.171385983316277,4.677713875083052,465835545
sw,-68.3413391113281,-39.5948333740234,14.857669263577094,41.697982180333355,465852212
sw,-68.5485534667968,-40.5787277221679,12.893580983207592,78.61056633567867,465868879
sw,-68.7800979614257,-41.9487609863281,11.898550338891546,112.8610282672993,465885546
sw,-69.0449676513671,-43.7569847106933,12.20996936416933,141.2130474182231,465902213
sw,-69.2852935791015,-46.7265281677246,13.771615043423417,160.3084427731042,465918880
sw,-69.4756622314453,-50.4932403564453,16.093354868400393,167.52407594276892,465935547
sw,-69.7253036499023,-54.4255485534668,18.288240283467783,161.87716147336562,465952214
sw,-70.0621109008789,-58.1526145935058,19.1884039863399,144.63436783048496,465968881
sw,-70.3909835815429,-60.5799865722656,17.529750269304007,119.32202605947246,465985548
sw,-70.7559738159179,-61.1666679382324,12.177157445941363,91.031699697593,466002215
sw,-71.0289993286132,-60.8126029968261,2.3454401022480553,65.20061129854727,466018882
sw,-70.7053604125976,-60.5900001525878,-12.23203661965221,46.284277073074406,466035549
sw,-69.9448623657226,-61.7214698791503,-31.22038505030507,36.78806123618217,466052216
sw,-69.3246688842773,-63.4590644836425,-53.69453850354362,36.94197650718287,466068883
sw,-68.2630767822265,-64.3600006103515,-78.23625557405694,45.00335847584815,466085550
sw,-66.2564620971679,-65.4309921264648,-103.10360767374851,57.9479400311497,466102217
sw,-63.9551277160644,-66.5546493530273,-126.4541191307616,72.26902100966737,466118884
sw,-61.6525726318359,-67.7296600341796,-146.58832836348367,84.69746402173458,466135551
sw,-59.5490531921386,-69.5044403076171,-162.17370479174684,92.76096035537093,466152218
sw,-56.6772918701171,-71.900161743164,-172.42024373248486,95.14598085287197,466168885
sw,-52.8273010253906,-73.8597106933593,-177.18663109802748,91.82113504653198,466185552
sw,-49.1509666442871,-74.9565887451171,-176.97978410989194,83.8857728281184,466202219
sw,-46.9899177551269,-75.7107467651367,-172.8014416866718,73.16756353085478,466218886
sw,-45.0934257507324,-76.5917205810546,-165.8437199678372,61.686311413685914,466235553
sw,-42.5132827758789,-77.3460388183593,-157.12630407436978,51.15597273882941,466252220
sw,-39.3636741638183,-78.0981750488281,-147.21413261211248,42.667052333480775,466268887
sw,-36.8672103881835,-78.7623291015625,-136.1029291223691,36.60367914602055,466285554
sw,-35.0064353942871,-79.3885040283203,-123.2647973306854,32.76329725128816,466302221
sw,-33.4475135803222,-80.1603698730468,-107.79868434297667,30.596530442632492,466318888
sw,-32.0575256347656,-80.9686279296875,-88.64911398855571,29.469985159742507,466335555
sw,-30.9366798400878,-81.4853439331054,-64.88534439389889,28.866034698714554,466352222
sw,-30.4225959777832,-81.8228683471679,-36.02625480863609,28.46796129869503,466368889
sw,-30.4160861968994,-82.1455001831054,-2.3616972078809613,28.130412999856514,466385556
sw,-30.7610626220703,-82.5167999267578,34.81035602766985,27.783362155683776,466402223
sw,-31.6092510223388,-83.0072021484375,73.12235080956839,27.336912755119233,466418890
sw,-33.1970100402832,-83.5697784423828,109.32716582341791,26.63596090711688,466435557
sw,-35.7242355346679,-84.1292419433593,139.7653659981933,25.47372656343675,466452224
sw,-38.6687393188476,-84.6692123413086,161.05091322879795,23.63740575638033,466468891
sw,-41.8039474487304,-85.1385269165039,170.82331303763107,20.945819253927684,466485558
sw,-45.3984832763671,-85.3834457397461,168.35637716818385,17.251221606023332,466502225
sw,-48.5068168640136,-85.3712005615234,154.82457247299692,12.406104680859494,466518892
sw,-50.6872940063476,-85.3837890625,133.113875954172,6.223910095129036,466535559
sw,-51.7189254760742,-85.4929809570312,107.20685952963932,-1.5284962892213763,466552226
sw,-52.1423187255859,-85.4605026245117,81.32354007244847,-11.087293745511197,466568893
sw,-53.1029167175293,-85.2346572875976,59.08548984813307,-22.61139680155105,466585560
sw,-54.665184020996,-84.5908660888671,42.93355439336812,-36.102369181052524,466602227
sw,-55.3840446472168,-83.4313812255859,33.89112424775315,-51.357663253335424,466618894
sw,-55.5264816284179,-82.1630630493164,31.624601690046937,-67.96827699638239,466635561
sw,-56.1130485534668,-80.9727401733398,34.697820303017515,-85.35474192723979,466652228
sw,-56.9063720703125,-79.5431442260742,40.94156460395404,-102.83636755794092,466668895
sw,-57.4790878295898,-77.6568450927734,47.893314549739735,-119.73592719425692,466685562
sw,-58.4475021362304,-75.1154403686523,53.2637465373281,-135.51037124378507,466702229
sw,-59.7678565979003,-72.1574935913086,55.36638177194254,-149.86257939019816,466718896
sw,-60.9688568115234,-69.2724227905273,53.429212828690915,-162.7605503080854,466735563
sw,-61.9047164916992,-66.3534469604492,47.70917993903034,-174.3096967927516,466752230
sw,-62.5259704589843,-63.3303833007812,39.36590244761917,-184.49820142265497,466768897
sw,-62.7747344970703,-60.4594001770019,30.118402971926358,-192.92355086413264,466785564
sw,-62.9744606018066,-57.426025390625,21.77945151784587,-198.65015589128262,466802231
sw,-63.1248817443847,-53.8288345336914,15.800497721350592,-200.30668462427408,466818898
sw,-63.2025260925293,-50.1065864562988,12.949506771059651,-196.4190193322207,466835565
sw,-63.3944091796875,-46.7315979003906,13.194721671208063,-185.8497391202022,466852232
sw,-63.8122329711914,-43.79541015625,15.803060197764008,-168.15341654351067,466868899
sw,-64.3528671264648,-41.5583686828613,19.603535774405252,-143.69830703359565,466885566
sw,-64.9503173828125,-40.1248970031738,23.327814809022655,-113.52303400819434,466902233
sw,-65.5201034545898,-39.3540611267089,25.93061152963299,-79.02396511362716,466918900
sw,-66.0259933471679,-39.1080055236816,26.81259951905907,-41.64255787071037,466935567
sw,-66.5170745849609,-39.2807235717773,25.90678105894864,-2.7116548677740253,466952234
sw,-66.9561157226562,-39.7839965820312,23.628798218488296,36.467427867921316,466968901
sw,-67.3050765991211,-40.7194709777832,20.720274629188317,74.37040565371163,466985568
sw,-67.6021270751953,-42.0752906799316,18.029411817918017,108.98030420719367,467002235
sw,-67.8863372802734,-43.7727279663085,16.27810359012928,137.7090433961124,467018902
sw,-68.1340713500976,-45.8934211730957,15.863093928204249,157.67146596806498,467035569
sw,-68.3017272949218,-49.7650299072265,16.73162809905198,166.3394327402186,467052236
sw,-68.4731369018554,-53.7511749267578,18.359823630752636,162.41516007193758,467068903
sw,-68.838882446289,-57.5127601623535,19.84298674187465,146.59534768758832,467085570
sw,-69.337646484375,-60.7187309265136,20.079492891859736,121.8527020977501,467102237
sw,-69.9181518554687,-61.4972419738769,17.998442052045704,93.00231890028142,467118904
sw,-70.4537124633789,-61.2070617675781,12.761539294583342,65.61069816962673,467135571
sw,-70.3904953002929,-60.7234687805175,3.8795202018582784,44.60955927503827,467152238
sw,-69.6589660644531,-61.0081672668457,-8.773174993615962,33.12381024226427,467168905
sw,-69.0810317993164,-62.6207733154296,-25.007142941049967,31.914199888209353,467185572
sw,-68.5955429077148,-63.9520378112793,-44.36582771273612,39.53499370016706,467202239
sw,-67.6215362548828,-65.0066299438476,-66.13318271610599,53.009800276499845,467218906
sw,-65.964485168457,-66.2639770507812,-89.31476375341501,68.70170025213885,467235573
sw,-64.2232208251953,-67.3454437255859,-112.6400328806073,83.11312422759852,467252240
sw,-62.4282646179199,-68.8431625366211,-134.63192241106796,93.48795022337536,467268907
sw,-60.4482955932617,-70.8929901123046,-153.76954043636783,98.1892042062142,467285574
sw,-57.5877494812011,-73.1130447387695,-168.740801031848,96.85245827463191,467302241
sw,-53.6050148010253,-74.7205429077148,-178.7311994180522,90.30384282518743,467318908
sw,-49.5682678222656,-75.7722015380859,-183.63094337266952,80.24322779746284,467335575
sw,-47.020580291748,-76.7250289916992,-184.02287581227714,68.75234718471417,467352242
sw,-45.0804176330566,-77.504280090332,-180.89496289137014,57.75843218335838,467368909
sw,-42.4218940734863,-77.9275588989257,-175.17367745964987,48.60909096301553,467385576
sw,-39.1808052062988,-78.5700302124023,-167.28202569308013,41.87272511585072,467402243
sw,-36.3773880004882,-79.3663711547851,-156.9030096449914,37.39464003102337,467418910
sw,-34.2398567199707,-80.2390594482421,-143.01487624107253,34.55094415617461,467435577
sw,-32.3279151916503,-81.1603775024414,-124.16368308775424,32.58308613860144,467452244
sw,-30.677225112915,-81.733642578125,-98.89983296617763,30.88578815961013,467468911
sw,-29.4531650543212,-82.018196105957,-66.29603335662276,29.160640245664727,467485578
sw,-28.8733787536621,-82.3424987792968,-26.44656491537691,27.414768736161733,467502245
sw,-28.9872722625732,-82.7800674438476,19.173177173139194,25.845057581080717,467518912
sw,-29.7535686492919,-83.3036804199218,67.60600646509535,24.67675039813846,467535579
sw,-31.4933338165283,-83.8067932128906,114.65161324655354,24.01720283168921,467552246
sw,-34.3855743408203,-84.2496719360351,155.4523135172495,23.759084009848745,467568913
sw,-37.605785369873,-84.6194152832031,185.3409859285595,23.543547552375976,467585580
sw,-40.954116821289,-84.9521331787109,200.78060062083588,22.781195320249363,467602247
sw,-45.0185165405273,-85.2322311401367,200.1763359252055,20.72338220586774,467618914
sw,-48.888313293457,-85.5161590576171,184.34559605659504,16.57234853983325,467635581
sw,-51.6880111694335,-85.8671035766601,156.4901821730974,9.612894481562934,467652248
sw,-53.4279136657714,-86.0943984985351,121.62979587138538,-0.6583151117557434,467668915
sw,-53.9822044372558,-85.9407806396484,85.61146643948402,-14.4328052317379,467685582
sw,-54.5852470397949,-85.429458618164,53.947113900752754,-31.540288853329134,467702249
sw,-55.5137557983398,-84.5542526245117,30.776996968153156,-51.45294127831208,467718916
sw,-55.5187454223632,-83.2768783569336,18.188546475863355,-73.33224151044398,467735583
sw,-55.5151100158691,-81.8732757568359,15.994477374753291,-96.10393321713472,467752250
sw,-55.8990821838378,-80.2890014648437,21.966997129506545,-118.55939232046964,467768917
sw,-56.3468132019043,-78.1430358886718,32.45924120255181,-139.49486606260535,467785584
sw,-56.964729309082,-75.2807464599609,43.29487798470455,-157.89053180900976,467802251
sw,-58.4259529113769,-71.7105331420898,50.7537035405285,-173.09097092822788,467818918
sw,-60.1238555908203,-68.3391342163086,52.437111528558574,-184.90412073497168,467835585
sw,-61.4265365600585,-65.120246887207,47.79165368807806,-193.53590894640107,467852252
sw,-62.1423377990722,-61.954002380371,38.132295900871526,-199.3470331468594,467868919
sw,-62.1811065673828,-58.9234771728515,26.14642988261621,-202.52262915586502,467885586
sw,-61.7652702331543,-55.8452720642089,15.031426688873674,-202.81329980814496,467902253
sw,-61.5776062011718,-52.2070083618164,7.543329878789122,-199.48483275343517,467918920
sw,-61.450584411621,-48.590835571289,5.251746589223998,-191.5100905210844,467935587
sw,-61.5360984802246,-45.4127540588378,8.204375517352366,-177.91168924949267,467952254
sw,-61.9902381896972,-42.7329330444335,15.054802190474826,-158.09541557462637,467968921
sw,-62.6356964111328,-40.7399520874023,23.56393197610331,-132.0398032026331,467985588
sw,-63.4523811340332,-39.3501815795898,31.292671409228515,-100.30025198181899,468002255
sw,-64.3424377441406,-38.64208984375,36.27615884943415,-63.88399372112185,468018922
sw,-65.1391296386718,-38.5448532104492,37.50187886355168,-24.104309157001463,468035589
sw,-65.8063430786132,-38.9224014282226,35.08649848852287,17.488693492654246,468052256
sw,-66.3083724975586,-39.6880378723144,30.13479038443868,59.066441710496996,468068923
sw,-66.6024017333984,-41.0627403259277,24.34548777601947,98.42010463286812,468085590
sw,-66.7450637817382,-42.8532829284668,19.486269200761765,132.91717461968506,468102257
sw,-66.8213272094726,-44.919578552246,16.883835371109495,159.65098059444003,468118924
sw,-66.9273452758789,-47.9861679077148,17.062696148373487,175.86485263298982,468135591
sw,-67.1641159057617,-51.6661376953125,19.621335692905905,179.6168286415035,468152258
sw,-67.6476898193359,-55.7545738220214,23.366662495544844,170.50593142778345,468168925
sw,-68.3797454833984,-59.30908203125,26.653267925940987,150.17351003186317,468185592
sw,-69.2105712890625,-61.6475944519043,27.81404299815465,122.29963220007141,468202259
sw,-69.9085998535156,-62.6812324523925,25.544592592324584,91.96969971764608,468218926
sw,-70.3434753417968,-62.49556350708,19.12873126991457,64.54235992879657,468235593
sw,-70.3135452270507,-62.0928115844726,8.46087857796084,44.384645048187835,468252260
sw,-69.61083984375,-62.8212394714355,-6.093260237992909,33.91831523807005,468268927
sw,-69.065315246582,-64.3468551635742,-23.89372419593962,33.28224956791487,468285594
sw,-68.6253433227539,-65.1698379516601,-44.1722410611719,40.63762988752111,468302261
sw,-67.7755737304687,-66.3574066162109,-66.0751911528221,52.89878799465038,468318928
sw,-66.2387161254882,-67.6703491210937,-88.63022687237739,66.58966205924662,468335595
sw,-64.3456192016601,-68.7815704345703,-110.70835771862528,78.59149429243448,468352262
sw,-62.5087432861328,-70.2426376342773,-131.04625483342488,86.66364238946694,468368929
sw,-60.4222030639648,-72.1760025024414,-148.3597289815077,89.70760622402425,468385596
sw,-57.8278999328613,-73.9644470214843,-161.5438304838607,87.78447244359157,468402263
sw,-54.3116302490234,-75.227798461914,-169.91416121905047,81.91046463809747,468418930
sw,-50.4916458129882,-76.2429962158203,-173.39495741091847,73.6792694822507,468435597
sw,-47.5683135986328,-77.3219451904296,-172.53712965451976,64.80236996926237,468452264
sw,-45.8888854980468,-78.1668472290039,-168.30315463817112,56.68968455450761,468468931
sw,-43.7695541381835,-78.7739334106445,-161.6793205874207,50.18026200545092,468485598
sw,-40.88330078125,-79.5734558105468,-153.2819640358178,45.478705890063125,468502265
sw,-38.124713897705,-80.4862976074218,-143.1228565592092,42.28338818661776,468518932
sw,-36.033348083496,-81.4596252441406,-130.59917323092338,40.03209608647179,468535599
sw,-34.372688293457,-82.3379898071289,-114.67242325991144,38.15914878250699,468552266
sw,-32.9496612548828,-82.9301528930664,-94.16772263807574,36.269539175722734,468568933
sw,-31.8083992004394,-83.3587341308593,-68.13914440281431,34.18666003403591,468585600
sw,-31.1225223541259,-83.7833480834961,-36.2531566657044,31.893802789072563,468602267
sw,-31.0595588684082,-84.2705688476562,0.8766971100970578,29.431970152285416,468618934
sw,-31.6329555511474,-84.78515625,41.490955692052694,26.819584987856278,468635601
sw,-32.754955291748,-85.2998123168945,82.7049600323646,24.03034570913306,468652268
sw,-34.6035575866699,-85.7962570190429,120.79987756447079,21.025742889640917,468668935
sw,-37.2865982055664,-86.2271652221679,151.77749588657682,17.808739380932074,468685602
sw,-40.251235961914,-86.5970001220703,172.0998181369377,14.454508398171228,468702269
sw,-43.5213508605957,-86.8517913818359,179.46356590249985,11.083923343163454,468718936
sw,-47.1504440307617,-86.8919067382812,173.41453056583146,7.772013226775672,468735603
sw,-50.5403137207031,-86.7224884033203,155.60981996508318,4.418996548655461,468752270
sw,-52.6372528076171,-86.5681838989257,129.60258424836115,0.6418867736444139,468768937
sw,-53.6087112426757,-86.5115966796875,100.15478798449277,-4.247861658954109,468785604
sw,-54.0424766540527,-86.4365234375,72.24376441436617,-11.141158024402307,468802271
sw,-55.039939880371,-86.2774276733398,50.04033105804229,-20.913162250872396,468818938
sw,-55.7071952819824,-85.8267440795898,36.1332606427974,-34.149713447226006,468835605
sw,-55.8812866210937,-85.0404586791992,31.16725480387674,-50.9032152321324,468852272
sw,-56.4855155944824,-84.2843399047851,33.926430270289835,-70.56064556453585,468868939
sw,-57.3046264648437,-83.1714553833007,41.79546996272585,-91.8836379820192,468885606
sw,-58.2018508911132,-81.1858825683593,51.470834918713955,-113.23987028793775,468902273
sw,-59.5202713012695,-78.6286315917968,59.7573669240628,-132.98256027137435,468918940
sw,-61.1903533935546,-75.4517669677734,64.27090073205967,-149.8618459216586,468935607
sw,-62.5463638305664,-72.2750167846679,63.886973805636515,-163.30789086300084,468952274
sw,-63.4521293640136,-69.3648300170898,58.83723503450379,-173.45455398558576,468968941
sw,-64.0387268066406,-66.5133056640625,50.45321040318537,-180.8792340108882,468985608
sw,-64.354019165039,-63.6954841613769,40.6626246751459,-186.16933343614764,469002275
sw,-64.6657485961914,-61.0064163208007,31.41100928457153,-189.51353973222942,469018942
sw,-65.1056518554687,-57.8200378417968,24.18050775924803,-190.50506780349585,469035609
sw,-65.4767074584961,-54.2737197875976,19.716465480402956,-188.23735429402885,469052276
sw,-65.8163833618164,-50.9034385681152,17.987845697295832,-181.62717759635586,469068943
sw,-66.2397766113281,-48.0646743774414,18.338667810804818,-169.79647073374764,469085610
sw,-66.7281417846679,-45.5071182250976,19.75267106541333,-152.338335015664,469102277
sw,-67.2552413940429,-43.6422042846679,21.148321690290132,-129.37829239776156,469118944
sw,-67.7173385620117,-42.446475982666,21.634845433458413,-101.45945574861997,469135611
sw,-68.0749969482421,-41.7578506469726,20.684274284825477,-69.3658994996553,469152278
sw,-68.3982238769531,-41.471450805664,18.203120169277366,-34.016455833983116,469168945
sw,-68.6539993286132,-41.4697875976562,14.511714477037007,3.491796950864034,469185612
sw,-68.8426666259765,-41.8664245605468,10.252258619710801,41.709670965794615,469202279
sw,-68.9963989257812,-42.815990447998,6.247641780156585,78.64804748600369,469218946
sw,-69.1948471069336,-44.2870025634765,3.327919380414339,111.73865061272473,469235613
sw,-69.3706359863281,-46.3310203552246,2.1377562800135217,138.07360766181333,469252280
sw,-69.3916320800781,-49.6763916015625,2.9426202016264504,154.94869774245478,469268947
sw,-69.2709426879882,-53.2138137817382,5.466483104659985,160.59263994446445,469285614
sw,-69.1797561645507,-56.4821510314941,8.812349020373464,154.84318278254955,469302281
sw,-69.2243881225586,-60.1190948486328,11.521793616504002,139.49200634707253,469318948
sw,-69.4300460815429,-62.1424560546875,11.804361765236203,118.0973525524823,469335615
sw,-69.8439331054687,-62.9944725036621,7.912455812703427,95.24133080268011,469352282
sw,-70.2596359252929,-62.8735466003418,-1.4257998653208264,75.42982387514841,469368949
sw,-70.0931930541992,-63.4176177978515,-16.641899310297788,61.99946461707357,469385616
sw,-69.4947280883789,-65.071792602539,-37.14723196206873,56.405155251663686,469402283
sw,-68.7631301879882,-66.2581558227539,-61.39907352596259,58.09133112247701,469418950
sw,-66.9765701293945,-67.3894271850586,-87.19658706252214,64.9068579715006,469435617
sw,-64.6880874633789,-68.9496841430664,-112.12405206372999,73.8534890999328,469452284
sw,-62.3279151916503,-70.3818740844726,-134.02052669846236,81.91784702347958,469468951
sw,-60.3391494750976,-72.0236740112304,-151.35869499837668,86.78065419138356,469485618
sw,-57.7706680297851,-74.0342941284179,-163.4588597891321,87.26259006799962,469502285
sw,-54.2680511474609,-75.6017227172851,-170.51594902180653,83.43252402130236,469518952
sw,-50.9675674438476,-76.5317230224609,-173.44286650667442,76.37918277476426,469535619
sw,-48.4484710693359,-77.1837463378906,-173.54219251595882,67.7363902052094,469552286
sw,-46.2148513793945,-77.9795150756836,-172.0535265033935,59.13015412018001,469568953
sw,-43.774600982666,-78.8225936889648,-169.6901536725507,51.73555862753395,469585620
sw,-40.8128662109375,-79.6937026977539,-166.31772137318794,46.069668014280275,469602287
sw,-37.8729248046875,-80.6416091918945,-160.8878491608994,42.03663443732157,469618954
sw,-35.339916229248,-81.5379180908203,-151.6430578775572,39.14445737913603,469635621
sw,-33.1966361999511,-82.3387069702148,-136.52544463353766,36.77069166452227,469652288
sw,-31.4150733947753,-82.9415054321289,-113.6915907178442,34.37094556228474,469668955
sw,-30.040111541748,-83.2785949707031,-82.04402371114469,31.57839251841127,469685622
sw,-29.2639961242675,-83.5903625488281,-41.69742293056888,28.204547148696978,469702289
sw,-29.1405792236328,-83.9512329101562,5.70887716591831,24.192738571796983,469718956
sw,-29.6912422180175,-84.3322677612304,56.9466863958279,19.579784533563032,469735623
sw,-31.2903842926025,-84.7432785034179,107.45978548941333,14.492238775198132,469752290
sw,-33.8765754699707,-85.1501083374023,151.97059310802692,9.162485666364388,469768957
sw,-37.3030128479003,-85.4463729858398,185.36413260048374,3.921839079442967,469785624
sw,-40.8608818054199,-85.5135421752929,203.68460281935913,-0.8713691712207791,469802291
sw,-44.815574645996,-85.2805862426757,205.01549225565967,-4.9790305499098935,469818958
sw,-48.7007865905761,-84.8526992797851,190.00964015693776,-8.466787495239245,469835625
sw,-51.7563514709472,-84.4455795288086,161.89712984735056,-11.843700455437775,469852292
sw,-53.7899055480957,-84.2471466064453,125.91860822981288,-16.072457379913818,469868959
sw,-54.3320732116699,-83.9567489624023,88.28865912287759,-22.405188999669196,469885626
sw,-54.8278274536132,-83.5624618530273,54.94018999729857,-32.06942506377132,469902293
sw,-55.4977340698242,-83.0184020996093,30.36965895340393,-45.89269875167918,469918960
sw,-55.4404983520507,-82.1786804199218,16.85809900572169,-63.98568693534623,469935627
sw,-55.4681129455566,-81.182876586914,14.216690731629425,-85.5954795233238,469952294
sw,-55.8989067077636,-79.550048828125,20.067953254475007,-109.19794313242751,469968961
sw,-56.4656410217285,-77.3544464111328,30.566613597361535,-132.8282082030913,469985628
sw,-57.2498397827148,-74.1343460083007,41.388680669715626,-154.56230906439356,470002295
sw,-58.6511611938476,-70.6072463989257,48.76840552573346,-172.9875069524112,470018962
sw,-60.2097015380859,-67.0889663696289,50.348248948177925,-187.47585167658562,470035629
sw,-61.3878097534179,-63.6953315734863,45.6389354284632,-198.13804883552913,470052296
sw,-61.9641189575195,-60.4895210266113,35.97507886351977,-205.4714212190307,470068963
sw,-61.895221710205,-57.5986289978027,23.98997926353345,-209.86247351960705,470085630
sw,-61.6777839660644,-54.4213905334472,12.779409925854285,-211.1791883763137,470102297
sw,-61.5191268920898,-50.6999053955078,5.015189769463403,-208.64330878265986,470118964
sw,-61.3361053466796,-46.9591026306152,2.264383610469447,-201.02896851842948,470135631
sw,-61.3096160888671,-43.4453887939453,4.680244892953172,-187.07307750116203,470152298
sw,-61.6744766235351,-40.8777770996093,11.10415140613854,-165.898734419786,470168965
sw,-62.3237686157226,-38.945384979248,19.5011658385058,-137.28666605237402,470185632
sw,-63.0883598327636,-37.7154846191406,27.573980063244456,-101.74389650820636,470202299
sw,-63.8597030639648,-37.2363128662109,33.37399653520761,-60.43342050268544,470218966
sw,-64.5969009399414,-37.3524894714355,35.75422230753158,-15.079613919526448,470235633
sw,-65.3116226196289,-37.8904685974121,34.57056051220818,32.065133853177834,470252300
sw,-65.9017105102539,-38.9042053222656,30.610651430277027,78.192027485056,470268967
sw,-66.3130645751953,-40.4977493286132,25.292840011995462,119.9393788565424,470285634
sw,-66.525276184082,-42.4173431396484,20.224545501028437,153.57386858677685,470302301
sw,-66.5877151489257,-44.9849205017089,16.73751716639984,175.46759086267986,470318968
sw,-66.5925598144531,-48.9294166564941,15.523068529763282,182.87265140074766,470335635
sw,-66.6841735839843,-53.1289176940918,16.467004904240003,174.82137516809033,470352302
sw,-66.9788131713867,-57.2704238891601,18.72971078501612,152.82440389989014,470368969
sw,-67.5901489257812,-59.8448944091796,21.040795132423188,121.0022452641779,470385636
sw,-68.5219802856445,-60.9165115356445,22.101594843578848,85.43523574956387,470402303
sw,-69.4292068481445,-60.5973434448242,20.94338567941997,52.82052369681338,470418970
sw,-69.844497680664,-59.6913871765136,17.10313407550009,28.844512731673767,470435637
sw,-69.4502944946289,-59.1734390258789,10.560332843788075,16.8403479112411,470452304
sw,-68.8845291137695,-59.6162147521972,1.4973161640502282,17.19847889393312,470468971
sw,-68.5073318481445,-61.4515266418457,-9.963838614460997,27.676815878590034,470485638
sw,-68.154296875,-63.2426681518554,-23.890760593705895,44.38769073357934,470502305
sw,-67.5757675170898,-64.4545211791992,-40.46433763899056,63.015822968831166,470518972
sw,-66.9241256713867,-65.6944122314453,-59.739810036840844,79.83762027571805,470535639
sw,-65.9601898193359,-66.8976516723632,-81.36826947950057,92.30921241865718,470552306
sw,-64.376480102539,-68.4069519042968,-104.41474214754979,99.21906880657005,470568973
sw,-62.3828163146972,-70.264778137207,-127.36535052491686,100.5369512839952,470585640
sw,-59.9015846252441,-72.2096862792968,-148.34233243469512,97.10851047511527,470602307
sw,-57.1905136108398,-73.5726699829101,-165.47147905474793,90.2981928130151,470618974
sw,-53.9772911071777,-74.79248046875,-177.29368506304274,81.63922620059765,470635641
sw,-50.205207824707,-76.2361068725586,-183.09028553907436,72.5340666594344,470652308
sw,-46.9280395507812,-77.4105529785156,-183.006514498117,64.04323061173788,470668975
sw,-44.8479232788085,-78.088638305664,-177.9178638754381,56.78376510913569,470685642
sw,-42.3651084899902,-78.8017196655273,-169.08264332876297,50.93604072414775,470702309
sw,-39.449909210205,-79.6612243652343,-157.7115941559921,46.34104683303505,470718976
sw,-36.815128326416,-80.5519485473632,-144.602425272867,42.655863844238304,470735643
sw,-34.862377166748,-81.5267868041992,-129.9325074545559,39.51831887717579,470752310
sw,-33.200439453125,-82.2085571289062,-113.23734134426881,36.66634716899963,470768977
sw,-31.713623046875,-82.6792755126953,-93.57003220352756,33.97785717736935,470785644
sw,-30.5039691925048,-83.1398773193359,-69.82207809296521,31.436064011304307,470802311
sw,-29.7300453186035,-83.6484985351562,-41.156939108108375,29.058480940932185,470818978
sw,-29.5723705291748,-84.2113494873046,-7.467212170599657,26.834807701360397,470835645
sw,-29.9544925689697,-84.7099838256836,30.26099411688974,24.70102801493079,470852312
sw,-30.8440322875976,-85.0921630859375,69.79151823557577,22.552385067946965,470868979
sw,-32.2177619934082,-85.4441375732421,107.77575200120486,20.282692735831475,470885646
sw,-34.4514389038085,-85.8043670654296,140.21699400839043,17.83315351848188,470902313
sw,-37.6523399353027,-86.1683578491211,163.21349122553863,15.232622714518548,470918980
sw,-40.8332405090332,-86.5050888061523,173.83427392425276,12.609118104800382,470935647
sw,-44.1333122253418,-86.7252349853515,170.90203849908417,10.154346822288742,470952314
sw,-47.7877159118652,-86.8046340942382,155.43941202646144,8.03600107465653,470968981
sw,-50.306770324707,-86.8209762573242,130.60108958862347,6.275605014920635,470985648
sw,-51.2904167175293,-86.8513565063476,101.05698378483049,4.631901688974196,471002315
sw,-51.5596771240234,-86.9248352050781,71.97555661151185,2.5377702234672888,471018982
sw,-51.6135597229003,-86.9045867919921,47.90963827894531,-0.8729431677823829,471035649
sw,-52.397834777832,-86.7673568725586,31.9206502568996,-6.637254247569458,471052316
sw,-53.3952140808105,-86.4332275390625,25.16025709022839,-15.74960396409947,471068983
sw,-53.7725028991699,-86.0111541748046,26.93339827438286,-28.90362009249479,471085650
sw,-54.5108642578125,-85.5457000732421,35.11318183575703,-46.25094855714333,471102317
sw,-55.4442138671875,-84.8157882690429,46.73092910838094,-67.25410815899203,471118984
sw,-56.2611656188964,-83.5364990234375,58.59795220963808,-90.70518156979635,471135651
sw,-57.311351776123,-81.5615005493164,67.86838048136883,-114.94031186870463,471152318
sw,-58.808967590332,-78.7781372070312,72.48793748758143,-138.20318078051397,471168985
sw,-60.269603729248,-75.5052185058593,71.48661591929664,-159.03175768005974,471185652
sw,-61.4395484924316,-72.3008880615234,65.07626673786969,-176.51177004931859,471202319
sw,-62.3914909362793,-69.1349258422851,54.52905111237021,-190.28982185095768,471218986
sw,-63.0647430419921,-66.0057220458984,41.85186915410755,-200.35325869263923,471235653
sw,-63.3431739807128,-62.9458084106445,29.323034363609036,-206.70164332862143,471252320
sw,-63.645896911621,-59.7575302124023,18.99574456338539,-209.08753518069705,471268987
sw,-63.6645965576171,-56.1714057922363,12.282134354751747,-206.96081112079912,471285654
sw,-63.6171340942382,-52.4375877380371,9.710572229442688,-199.63565886571368,471302321
sw,-63.801643371582,-49.1881256103515,10.904931275404754,-186.57915903699572,471318988
sw,-64.3030929565429,-46.4181861877441,14.77748927634501,-167.66480428034055,471335655
sw,-64.9702453613281,-44.1817893981933,19.86892891982702,-143.27108098448477,471352322
sw,-65.5986557006836,-42.7314147949218,24.728759744625574,-114.20269977356034,471368989
sw,-66.1294174194336,-41.8005027770996,28.227514771994418,-81.50782853555839,471385656
sw,-66.6051635742187,-41.3037033081054,29.73100712503003,-46.30940284156606,471402323
sw,-67.0657806396484,-41.2357292175293,29.124870166731686,-9.74686377525306,471418990
sw,-67.4770355224609,-41.6703033447265,26.724433468376002,26.94671495103049,471435657
sw,-67.8242111206054,-42.6175117492675,23.124125068835315,62.29079244127441,471452324
sw,-68.1813659667968,-43.8215789794921,19.03462052593147,94.44225315650449,471468991
sw,-68.5395126342773,-45.6615943908691,15.137095617687125,121.24009418816678,471485658
sw,-68.8290252685546,-48.5128517150878,11.964328880531697,140.47959865124818,471502325
sw,-68.9942398071289,-51.4404830932617,9.80700872554968,150.38991701249046,471518992
sw,-69.1032638549804,-54.4378471374511,8.644431708949218,150.1846571878353,471535659
sw,-69.1981811523437,-57.5854759216308,8.108012937711113,140.4910085275745,471552326
sw,-69.3146591186523,-60.1360740661621,7.493754492060279,123.4710405166266,471568993
sw,-69.425537109375,-62.0725669860839,5.837878348327147,102.52992672567909,471585660
sw,-69.4950561523437,-62.6859397888183,2.0578761032756323,81.64061742186236,471602327
sw,-69.4368286132812,-62.8427963256835,-4.854965425866437,64.46442179453553,471618994
sw,-69.1065292358398,-63.6875457763671,-15.619995440460876,53.544820531477185,471635661
sw,-68.7204818725586,-65.183609008789,-30.46777516694169,49.8303461962264,471652328
sw,-68.3314666748046,-66.028205871582,-49.003628355979636,52.64213628833622,471668995
sw,-67.2699127197265,-67.1138229370117,-70.18186295509811,60.03173157054696,471685662
sw,-65.3495101928711,-68.4931259155273,-92.4211353971969,69.37293383450638,471702329
sw,-63.3843345642089,-69.8094406127929,-113.85128628756163,78.01765691177508,471718996
sw,-61.4772682189941,-71.4701919555664,-132.63852995162182,83.87405547560515,471735663
sw,-59.3667602539062,-73.5871276855468,-147.3179959082074,85.79648637132476,471752330
sw,-56.3700103759765,-75.2957992553711,-157.0699914594822,83.70900130204977,471768997
sw,-52.8961296081543,-76.3221054077148,-161.88081533347508,78.43685239507863,471785664
sw,-50.0192260742187,-77.0128936767578,-162.52469461897363,71.30539353772842,471802331
sw,-47.9499931335449,-77.8594589233398,-160.3269417875384,63.65531391730364,471818998
sw,-45.7790946960449,-78.7714385986328,-156.7444172366075,56.45722295109687,471835665
sw,-43.187141418457,-79.8314971923828,-152.88758891770215,50.15183006326488,471852332
sw,-40.6187591552734,-80.9731979370117,-149.1386739456728,44.725875706510124,471868999
sw,-38.2655601501464,-81.9106369018554,-144.97389581127905,39.9299546661383,471885666
sw,-36.1101417541503,-82.6549301147461,-139.02266244640558,35.505359177082966,471902333
sw,-34.0813636779785,-83.173469543457,-129.34247378428432,31.318734720520332,471919000
sw,-32.1285057067871,-83.5322494506836,-113.86017896105821,27.37387684812067,471935667
sw,-30.5190715789794,-83.8425674438476,-90.90692686263084,23.736390865996643,471952334
sw,-29.4851284027099,-84.1599731445312,-59.74857086189368,20.439122690931825,471969001
sw,-29.0607986450195,-84.4991149902343,-20.99776255762571,17.428207193624303,471985668
sw,-29.2031669616699,-84.864013671875,23.199354050983573,14.575310106686898,472002335
sw,-29.990156173706,-85.1863098144531,69.27915286535783,11.743169946931179,472019002
sw,-31.9164867401123,-85.3914718627929,112.70591006767664,8.867023342994987,472035669
sw,-34.7551803588867,-85.5193939208984,148.70143027385674,6.011372850213314,472052336
sw,-37.9333915710449,-85.6297378540039,173.13074703802576,3.3756282646145803,472069003
sw,-40.9511337280273,-85.7110214233398,183.35201558678966,1.2423240091139014,472085670
sw,-44.4521408081054,-85.7459640502929,178.82560506773476,-0.12160961414850655,472102337
sw,-47.8283386230468,-85.7563781738281,161.31816366969713,-0.5890202483931335,472119004
sw,-50.5950012207031,-85.7111587524414,134.6155322965361,-0.29306708770517464,472135671
sw,-51.8108940124511,-85.6385726928711,103.7681473429241,0.28995280835894277,472152338
sw,-51.8672180175781,-85.5975341796875,74.03116020078566,0.32899729718365417,472169005
sw,-51.921085357666,-85.5077819824218,49.785531688304324,-1.2786562629154823,472185672
sw,-52.7120971679687,-85.3891372680664,33.75296917618984,-5.726788404189766,472202339
sw,-53.9644470214843,-85.1517639160156,26.700838568050617,-14.046644784882728,472219006
sw,-54.4303092956543,-84.8138275146484,27.632139390708463,-26.832868682746128,472235673
sw,-54.9593276977539,-84.4813232421875,34.296413900377495,-44.022709360312454,472252340
sw,-56.0339469909668,-83.6863937377929,43.81796149003525,-64.80827080828325,472269007
sw,-56.9279594421386,-82.4424591064453,53.290259720666505,-87.7408333055458,472285674
sw,-57.6106376647949,-80.5485534667968,60.25705665702414,-111.03085588486867,472302341
sw,-58.7262687683105,-77.730972290039,63.050674766973344,-132.96681091389902,472319008
sw,-60.1156501770019,-74.4989776611328,60.98129261172276,-152.30466320815611,472335675
sw,-61.2197456359863,-71.3899536132812,54.37148496632938,-168.4638591329205,472352342
sw,-61.9648971557617,-68.3331756591796,44.425352070539525,-181.43395234294286,472369009
sw,-62.4324569702148,-65.3677444458007,32.937977992378784,-191.42951845825237,472385676
sw,-62.6005020141601,-62.627830505371,21.893644295235436,-198.4617884764356,472402343
sw,-62.7174263000488,-59.5873069763183,13.043180175621016,-202.04668431622042,472419010
sw,-62.7728004455566,-56.0515708923339,7.562293401607397,-201.20566085496827,472435677
sw,-62.8020591735839,-52.3216400146484,5.867343355881697,-194.76734638053938,472452344
sw,-62.9480972290039,-48.9407730102539,7.61746076308102,-181.82459109157216,472469011
sw,-63.3184700012207,-46.2773399353027,11.881619421898451,-162.12955614058876,472485678
sw,-63.8430023193359,-44.205467224121,17.410124969901766,-136.2554442569275,472502345
sw,-64.3798370361328,-42.8407478332519,22.93075397483445,-105.48048607099646,472519012
sw,-64.8647842407226,-42.0431823730468,27.39576287044396,-71.4804699848261,472535679
sw,-65.3581466674804,-41.8962860107421,30.134267028539544,-35.98789609125685,472552346
sw,-65.94287109375,-42.0719757080078,30.900435866045697,-0.5685942811209792,472569013
sw,-66.542739868164,-42.8138580322265,29.833950533920643,33.405114640171476,472585680
sw,-67.0025863647461,-43.646312713623,27.358884257912692,64.60967032013322,472602347
sw,-67.3550109863281,-44.514289855957,24.047992412514148,91.57510687075445,472619014
sw,-67.6958465576171,-46.3071708679199,20.4801031091201,112.60694729447954,472635681
sw,-68.0066680908203,-48.7720260620117,17.11843375207772,125.95674855242481,472652348
sw,-68.2439193725586,-51.2956314086914,14.23178752583596,130.25633447148962,472669015
sw,-68.3973770141601,-54.2162780761718,11.868214539339762,125.08467597403684,472685682
sw,-68.5773773193359,-56.807258605957,9.876697327842251,111.43598582426827,472702349
sw,-68.8958740234375,-58.9968795776367,7.960253520315848,91.85332039557633,472719016
sw,-69.1769332885742,-60.304027557373,5.7350227511953715,70.09001095882311,472735683
sw,-69.2934341430664,-60.2206840515136,2.7691638458260637,50.33386121464449,472752350
sw,-69.2147216796875,-59.9265174865722,-1.4104750802997452,36.21744585761691,472769017
sw,-68.8146591186523,-59.909797668457,-7.328488559424917,29.953897198028617,472785684
sw,-68.3208312988281,-60.6831855773925,-15.547471335804376,31.90361920179294,472802351
sw,-67.9500579833984,-62.4425735473632,-26.589457183293664,40.69359523983956,472819018
sw,-67.5081939697265,-63.991455078125,-40.78231963912948,53.777326249435056,472835685
sw,-66.7828826904296,-65.1303634643554,-58.0705741038197,68.17455434435325,472852352
sw,-65.5600891113281,-66.3782806396484,-77.86533184852054,81.13507896946061,472869019
sw,-64.058120727539,-67.7829895019531,-99.00611084203824,90.58860890452532,472885686
sw,-62.2254562377929,-69.4130401611328,-119.8719147188422,95.3678534563883,472902353
sw,-60.1055831909179,-71.4311065673828,-138.63280800170784,95.24947625281858,472919020
sw,-57.5172157287597,-73.3154220581054,-153.5922702902334,90.84963644247681,472935687
sw,-54.1976661682128,-74.6427154541015,-163.5370560275049,83.39051719072599,472952354
sw,-50.8860168457031,-75.5989456176757,-167.98990935913636,74.36601777532283,472969021
sw,-48.3646278381347,-76.5910034179687,-167.2721847772001,65.17676419802008,472985688
sw,-46.3721771240234,-77.5159835815429,-162.34609024007304,56.835323049800344,473002355
sw,-43.8909950256347,-78.3046417236328,-154.4968721966928,49.825642464175964,473019022
sw,-41.1091423034668,-79.2414321899414,-144.9713288342548,44.14102057329568,473035689
sw,-38.4836921691894,-80.1878280639648,-134.67126369567234,39.45770744930504,473052356
sw,-36.6134223937988,-80.9753952026367,-123.94233658861168,35.3592947743482,473069023
sw,-35.1601943969726,-81.638931274414,-112.46725691256633,31.52415137405419,473085690
sw,-33.6487922668457,-82.0902633666992,-99.28666202213162,27.81999735208746,473102357
sw,-32.2603721618652,-82.4286880493164,-82.98729241012182,24.297639986455483,473119024
sw,-31.2317371368408,-82.7450180053711,-62.070679948929055,21.11603705838982,473135691
sw,-30.6983051300048,-83.0771255493164,-35.452470134086695,18.447228297074204,473152358
sw,-30.4839649200439,-83.4689865112304,-2.9810777264178387,16.401097317597934,473169025
sw,-30.6220741271972,-83.8060302734375,34.16892566046515,14.987590297499098,473185692
sw,-31.3166160583496,-84.0275573730468,73.37262292179238,14.113567347839489,473202359
sw,-32.9465827941894,-84.2074203491211,110.80325349854333,13.603173344548727,473219026
sw,-35.7434501647949,-84.4452972412109,142.06769698711216,13.233142757994312,473235693
sw,-38.9282112121582,-84.7212600708007,163.11745746006918,12.778083824204773,473252360
sw,-41.9472198486328,-84.9888229370117,171.20913160219277,12.058229567271429,473269027
sw,-45.3808364868164,-85.260627746582,165.6415965662614,10.975487426609982,473285694
sw,-48.6475410461425,-85.5285873413086,148.04025894821876,9.520338614918291,473302361
sw,-50.8129386901855,-85.7066421508789,122.07417131863467,7.737109262717627,473319028
sw,-51.6596145629882,-85.8303070068359,92.65214081011496,5.648031287306737,473335695
sw,-51.6161651611328,-85.8627014160156,64.81513397448371,3.1535863421506827,473352362
sw,-51.6731758117675,-85.7796554565429,42.65974800180655,-0.057743830482299516,473369029
sw,-52.4192657470703,-85.576675415039,28.615271224021516,-4.549179656851989,473385696
sw,-53.6235961914062,-85.1841964721679,23.24001561924173,-11.088185586229564,473402363
sw,-54.2010498046875,-84.7001724243164,25.486090662887932,-20.495200686707783,473419030
sw,-54.7559967041015,-84.3615341186523,33.23243853006557,-33.40747969059977,473435697
sw,-55.7390632629394,-83.9371871948242,43.86844166659397,-50.02160776729831,473452364
sw,-56.6387329101562,-83.2188720703125,54.78740352851558,-69.9128000955909,473469031
sw,-57.3674163818359,-81.9888381958007,63.74169135657475,-92.02545077816754,473485698
sw,-58.4973526000976,-79.8770751953125,69.07202174193685,-114.87107445551145,473502365
sw,-59.8834724426269,-76.9397811889648,69.84371605842675,-136.87399875231486,473519032
sw,-61.0948600769043,-73.7915725708007,65.90936681204035,-156.72233104686634,473535699
sw,-62.1635475158691,-70.7123718261718,57.88983269888964,-173.5671753672437,473552366
sw,-63.0787925720214,-67.6134948730468,47.05245001612112,-186.98730692977688,473569033
sw,-63.6179656982421,-64.6472625732421,35.08075824977442,-196.7629395409011,473585700
sw,-63.9497642517089,-61.7408256530761,23.763186123905978,-202.6064371782066,473602367
sw,-64.1758728027343,-58.4505004882812,14.659202285570663,-204.01666514647906,473619034
sw,-64.1303024291992,-54.7242622375488,8.816343803731597,-200.344845946856,473635701
sw,-64.0565185546875,-51.1458091735839,6.604918471133143,-191.02955488472662,473652368
sw,-64.2900848388671,-48.1405487060546,7.7099401131262635,-175.8572344863317,473669035
sw,-64.7043533325195,-45.7090301513671,11.277120989309784,-155.0963369457416,473685702
sw,-65.1657485961914,-44.0643768310546,16.16368758457,-129.4390348403452,473702369
sw,-65.5956649780273,-42.9253387451171,21.21567454994716,-99.80367915522179,473719036
sw,-66.0351333618164,-42.1776313781738,25.49644931778711,-67.12962878805888,473735703
sw,-66.574722290039,-41.8178405761718,28.421148600414536,-32.29396865485905,473752370
sw,-67.1628112792968,-41.8343505859375,29.787442511470477,3.7939204169600798,473769037
sw,-67.6348190307617,-42.4370918273925,29.718400663242218,39.96603681116404,473785704
sw,-68.012466430664,-43.4726524353027,28.54683025694529,74.56520214430742,473802371
sw,-68.4441604614257,-44.7029380798339,26.676724262390504,105.36639912795367,473819038
sw,-68.9293136596679,-46.6894760131835,24.45596908971011,129.77179654948844,473835705
sw,-69.3803405761718,-49.6764755249023,22.083091376403093,145.30805296965912,473852372
sw,-69.7325286865234,-52.9220428466796,19.55491849185472,150.32210767830117,473869039
sw,-69.9646606445312,-56.1662101745605,16.652320840030846,144.64804519716336,473885706
sw,-70.1074523925781,-59.2347259521484,12.961807813704874,129.9688984928208,473902373
sw,-70.3035583496093,-61.2852172851562,7.934211565030349,109.66577358521171,473919040
sw,-70.4523468017578,-62.2408905029296,0.9779829142697155,88.12072972018277,473935707
sw,-70.4108657836914,-62.1377067565918,-8.426730452777656,69.65793846137784,473952374
sw,-70.0348358154296,-62.2962570190429,-20.615638861135803,57.47478353331449,473969041
sw,-69.2484893798828,-63.7002182006835,-35.648410556483725,52.93461329230095,473985708
sw,-68.4185409545898,-65.2283782958984,-53.24492917372417,55.43663957258064,474002375
sw,-67.48779296875,-66.3003311157226,-72.75283218605334,62.83327033270848,474019042
sw,-65.8799514770507,-67.8584213256836,-93.15820605368516,72.17827962544891,474035709
sw,-64.0883865356445,-69.2798538208007,-113.16112435280561,80.541595630487,474052376
sw,-62.218578338623,-70.8569259643554,-131.33217689721818,85.68354260152508,474069043
sw,-59.9147491455078,-72.8384323120117,-146.34281893272825,86.46501862735941,474085710
sw,-56.8326301574707,-74.6497573852539,-157.22819852100017,82.93940221690674,474102377
sw,-53.3834762573242,-75.6852645874023,-163.6041801094142,76.13334322843181,474119044
sw,-50.5383491516113,-76.2751998901367,-165.74169147602373,67.59595970400528,474135711
sw,-48.3979339599609,-77.0539932250976,-164.43464420838475,58.870311222798584,474152378
sw,-46.201919555664,-77.9753646850586,-160.686599311921,51.07058306601367,474169045
sw,-43.5363655090332,-78.9442443847656,-155.33170453235775,44.69512297535202,474185712
sw,-40.8179740905761,-79.9280319213867,-148.72848479767472,39.6920769931892,474202379
sw,-38.360008239746,-80.7855224609375,-140.611762156314,35.689458325799684,474219046
sw,-36.36909866333,-81.5338363647461,-130.1155764674828,32.25801765306844,474235713
sw,-34.6662635803222,-82.0914306640625,-115.94371924110315,29.097977033844664,474252380
sw,-33.1464958190918,-82.4207077026367,-96.66449272431781,26.101096626658595,474269047
sw,-31.9735946655273,-82.7413711547851,-71.10583180506495,23.303166741738206,474285714
sw,-31.3008518218994,-83.0666961669921,-38.80241174806491,20.783114105662072,474302381
sw,-31.1978321075439,-83.4047698974609,-0.40728476137865394,18.572121596846983,474319048
sw,-31.5731105804443,-83.7440490722656,42.048800503391845,16.61460450326362,474335715
sw,-32.4586029052734,-84.0891876220703,85.16909014091266,14.789383519497399,474352382
sw,-34.2263984680175,-84.3924789428711,124.55635340330927,12.971085982406397,474369049
sw,-37.1678352355957,-84.6553344726562,155.53459804113848,11.097795956395773,474385716
sw,-40.5221977233886,-84.859016418457,174.1122446385009,9.212138739227255,474402383
sw,-43.8749656677246,-85.0112380981445,177.95724271460847,7.4552939723900336,474419050
sw,-47.5289154052734,-85.1483688354492,167.09870423396382,6.010751255940389,474435717
sw,-50.7565574645996,-85.2186508178711,144.10857054714907,5.011189823128297,474452384
sw,-52.5114936828613,-85.2519149780273,113.648242005933,4.433919482923227,474469051
sw,-52.9077644348144,-85.32861328125,81.45908148814034,4.015723407645696,474485718
sw,-52.6773490905761,-85.4269714355468,53.07419154267212,3.215348802859568,474502385
sw,-52.734130859375,-85.4606704711914,32.64199934190143,1.2420913848215358,474519052
sw,-53.5574531555175,-85.3066482543945,22.20467922504771,-2.8438540490458264,474535719
sw,-54.4443244934082,-84.9642562866211,21.580016659529278,-9.965415352150869,474552386
sw,-55.0241546630859,-84.6917953491211,28.7655142668115,-20.816438337707545,474569053
sw,-55.8980255126953,-84.485237121582,40.64215529084902,-35.64374895898855,474585720
sw,-56.910717010498,-83.9252319335937,53.74376239032957,-54.08975231538898,474602387
sw,-57.8944129943847,-82.9498748779296,64.9278536032683,-75.17140594601204,474619054
sw,-59.0650100708007,-81.3461456298828,71.86538388368608,-97.44056359283267,474635721
sw,-60.5071792602539,-78.8854141235351,73.32261535981748,-119.2985168991933,474652388
sw,-61.8328018188476,-75.8658905029296,69.2349470350843,-139.35631570692385,474669055
sw,-62.8772468566894,-72.8746566772461,60.58355212889663,-156.69135270673718,474685722
sw,-63.7084655761718,-70.0421829223632,49.10043532919402,-170.88602415599053,474702389
sw,-64.1993408203125,-67.2523574829101,36.85517465684742,-181.84008403752114,474719056
sw,-64.4004135131836,-64.4941329956054,25.806908627579507,-189.468962114222,474735723
sw,-64.6827392578125,-61.6530532836914,17.418931815901182,-193.46225670214608,474752390
sw,-64.8058624267578,-58.3165588378906,12.418974997718024,-193.23933173266687,474769057
sw,-64.9473800659179,-54.7600135803222,10.748851647017494,-188.12269966705128,474785724
sw,-65.2398300170898,-51.5308609008789,11.696917167507873,-177.62352668773224,474802391
sw,-65.7141799926757,-48.919334411621,14.161681418448797,-161.67379964505687,474819058
sw,-66.204360961914,-46.8716392517089,16.966049036550533,-140.6814285108995,474835725
sw,-66.6177978515625,-45.3941574096679,19.136523917500735,-115.39628353427644,474852392
sw,-66.9618911743164,-44.4710350036621,20.083174696079,-86.6842402088434,474869059
sw,-67.2813949584961,-43.8777084350585,19.655782557918386,-55.35209230619725,474885726
sw,-67.5852508544921,-43.6267890930175,18.09064204350468,-22.13204747992099,474902393
sw,-67.8646163940429,-43.6800079345703,15.884911282779987,12.155973813554708,474919060
sw,-68.130859375,-44.1980400085449,13.63841517480739,46.34811409063231,474935727
sw,-68.3733673095703,-45.1713905334472,11.89453198956131,78.73771485537942,474952394
sw,-68.5719146728515,-46.5942459106445,11.00205817391497,107.08719646094706,474969061
sw,-68.740852355957,-49.0878143310546,11.013988897193975,128.93512326867068,474985728
sw,-68.9334335327148,-52.3276634216308,11.636739682833213,142.16205758273034,475002395
sw,-69.1248245239257,-55.5240097045898,12.240930147303706,145.6490893404484,475019062
sw,-69.2662734985351,-58.415355682373,11.938948307130204,139.78434879896193,475035729
sw,-69.4721908569336,-61.1585807800293,9.72392186296143,126.5930425676599,475052396
sw,-69.6662902832031,-62.7965126037597,4.650609315419044,109.38637330333822,475069063
sw,-69.7214050292968,-63.5825309753418,-3.9752887469485545,91.99841450176471,475085730
sw,-69.5375595092773,-63.8498191833496,-16.440179100110285,77.84167388294115,475102397
sw,-68.9217453002929,-65.108169555664,-32.53310199585064,69.09183209071378,475119064
sw,-68.131103515625,-66.7996368408203,-51.541371344288166,66.26112552076799,475135731
sw,-67.0443496704101,-67.6744232177734,-72.32922086929435,68.25978302081641,475152398
sw,-65.3325881958007,-68.9426879882812,-93.48420247950115,72.8718718678166,475169065
sw,-63.4653739929199,-70.6261825561523,-113.50982185926766,77.47071229823125,475185732
sw,-61.5642471313476,-72.309829711914,-131.03955926307458,79.77219676313209,475202399
sw,-59.3587303161621,-74.2372283935546,-145.04471167584083,78.4322846092706,475219066
sw,-56.2428283691406,-75.8278732299804,-155.0015091366079,73.3296348116135,475235733
sw,-52.9115676879882,-76.6272430419921,-160.9676412144235,65.45659622499599,475252400
sw,-50.3671798706054,-77.1447372436523,-163.5115188622801,56.46965889466603,475269067
sw,-48.2764587402343,-77.6183090209961,-163.47292351302855,48.07670199588865,475285734
sw,-45.9222030639648,-78.2856369018554,-161.61314175245369,41.49545043480849,475302401
sw,-43.2726936340332,-79.1263046264648,-158.28065698950397,37.16841587308386,475319068
sw,-40.4542617797851,-80.1490707397461,-153.21516189372232,34.79125278537812,475335735
sw,-37.9175567626953,-81.0854873657226,-145.54334602043775,33.57670987552499,475352402
sw,-35.8313102722168,-81.8052825927734,-133.94604711243676,32.60200663211145,475369069
sw,-34.098461151123,-82.3131866455078,-116.9459586797226,31.096207653979427,475385736
sw,-32.6310997009277,-82.7014465332031,-93.2722037540808,28.591625427125123,475402403
sw,-31.6281204223632,-83.0501937866211,-62.26562865346842,24.941839521936643,475419070
sw,-31.184226989746,-83.326789855957,-24.273111544526746,20.258960453315552,475435737
sw,-31.3651447296142,-83.6214523315429,19.052026341485213,14.831167967837397,475452404
sw,-32.0176239013671,-83.8881759643554,64.65021193014654,9.059168774730297,475469071
sw,-33.1976318359375,-84.0509033203125,108.25937364505532,3.4178526884236744,475485738
sw,-35.4829063415527,-84.0709686279296,144.97932975838214,-1.5742882133681433,475502405
sw,-38.8803024291992,-83.9998550415039,170.1581793467184,-5.4008017207145995,475519072
sw,-42.3760948181152,-83.9267578125,180.43322366486507,-7.619827249897025,475535739
sw,-45.8134689331054,-83.8199768066406,174.65029436658085,-7.95816013569688,475552406
sw,-49.3901443481445,-83.6880722045898,154.3598583855899,-6.407558486667787,475569073
sw,-52.2470817565918,-83.5987167358398,123.67336841046404,-3.297362958220603,475585740
sw,-52.977554321289,-83.5873641967773,88.44199344483214,0.6817287536801618,475602407
sw,-52.5613746643066,-83.6647567749023,54.94690089438622,4.519631963808275,475619074
sw,-51.9931526184082,-83.8451843261718,28.486869471037362,6.996827612184621,475635741
sw,-51.9057083129882,-84.0295257568359,12.309227659615198,6.847992982412877,475652408
sw,-52.5712356567382,-84.0005340576171,7.194138130152916,2.953224801062061,475669075
sw,-53.5237770080566,-83.8491668701171,11.730872113727237,-5.472427733466004,475685742
sw,-54.3041381835937,-83.6450729370117,23.06844250968308,-18.718481425450378,475702409
sw,-55.1942863464355,-83.2077713012695,37.8083927153204,-36.47602299907764,475719076
sw,-56.0802612304687,-82.6083526611328,52.756255223622674,-57.82642185428562,475735743
sw,-56.9554710388183,-81.5265502929687,65.38968762555521,-81.35440309963964,475752410
sw,-57.9851646423339,-79.6544799804687,74.04353577406859,-105.39172119375473,475769077
sw,-59.2496223449707,-77.009521484375,77.89754532331744,-128.34305193563816,475785744
sw,-60.5339851379394,-74.0181121826171,76.86923191775352,-148.98729045701154,475802411
sw,-61.7068405151367,-70.9077224731445,71.4826680585751,-166.62879563187207,475819078
sw,-62.9327774047851,-67.8632583618164,62.7370613687526,-181.02438291977717,475835745
sw,-64.0377120971679,-64.9225234985351,51.964326547899375,-192.11831685214443,475852412
sw,-64.7379302978515,-62.0102157592773,40.654451762864156,-199.72164411976408,475869079
sw,-65.1737747192382,-58.940128326416,30.242044036357242,-203.30969452895945,475885746
sw,-65.3347015380859,-55.3893089294433,21.87867784970486,-202.05307960681588,475902413
sw,-65.4718704223632,-51.5634956359863,16.244356448399643,-195.069811556575,475919080
sw,-65.7094268798828,-48.2891616821289,13.455797970929611,-181.76214365444972,475935747
sw,-66.0983428955078,-45.7136573791503,13.102073159650619,-162.05867194998444,475952414
sw,-66.5184020996093,-43.8725128173828,14.39358005213977,-136.44799646681304,475969081
sw,-66.8687744140625,-42.6720275878906,16.37395706474979,-105.82003301214412,475985748
sw,-67.1566543579101,-41.9485359191894,18.13454792010533,-71.24115557844183,476002415
sw,-67.4712905883789,-41.6729316711425,18.986052833645438,-33.817479433745405,476019082
sw,-67.8738555908203,-41.7178993225097,18.564956966071595,5.26102408085588,476035749
sw,-68.2810821533203,-42.1588859558105,16.867162236694053,44.51667569659275,476052416
sw,-68.5995178222656,-43.1414031982421,14.206218151338117,81.95134104279796,476069083
sw,-68.803726196289,-44.4509658813476,11.098581187304449,114.97043412779662,476085750
sw,-68.9403839111328,-46.4161338806152,8.091342497902449,140.6195289739404,476102417
sw,-69.0079269409179,-49.851951599121,5.566019802235192,156.17382793509432,476119084
sw,-68.9579467773437,-53.5679054260253,3.5657854825426774,159.95074706039296,476135751
sw,-68.8936004638671,-57.2339897155761,1.695370333999713,152.05997022263142,476152418
sw,-68.8677062988281,-60.5263557434082,-0.869591851181469,134.75144700636392,476169085
sw,-68.8106460571289,-62.1707725524902,-5.252288693286228,112.12545676514729,476185752
sw,-68.7364044189453,-62.6913909912109,-12.644124290398686,89.20741733517441,476202419
sw,-68.4755554199218,-62.4608993530273,-24.02273260476283,70.66355307136094,476219086
sw,-67.7566604614257,-63.0079689025878,-39.88163334991802,59.604981067862944,476235753
sw,-66.8109970092773,-64.5986022949218,-60.03090636085001,56.8953970690211,476252420
sw,-65.5950164794921,-65.8193130493164,-83.51321910712309,61.15534644335889,476269087
sw,-63.9678649902343,-67.0700531005859,-108.66244667194421,69.38091364866442,476285754
sw,-61.714729309082,-68.6990280151367,-133.3139236741672,77.91601676677872,476302421
sw,-59.2930717468261,-70.2295455932617,-155.14850824740458,83.47874359562438,476319088
sw,-56.4495811462402,-72.2099838256836,-172.1145655179707,83.98735818196448,476335755
sw,-52.685203552246,-74.3106918334961,-182.83241888044708,79.00159955876117,476352422
sw,-49.0163650512695,-75.448501586914,-186.86240948747172,69.68148773819254,476369089
sw,-46.1439170837402,-75.8468780517578,-184.73344481190875,58.28645882440411,476385756
sw,-43.8693618774414,-76.125617980957,-177.7004995177843,47.3823548054808,476402423
sw,-41.2601356506347,-76.487434387207,-167.30548706248808,39.03203609511181,476419090
sw,-38.3298110961914,-77.0312957763671,-154.891449673821,34.246359586436945,476435757
sw,-35.7118301391601,-77.8717727661132,-141.21577407029616,32.85434255159599,476452424
sw,-33.86669921875,-78.8298187255859,-126.24622582686904,33.77758430139156,476469091
sw,-32.3082847595214,-79.8132019042968,-109.16734385990594,35.54987090430963,476485758
sw,-30.9773235321044,-80.79638671875,-88.60153642246384,36.86168717747292,476502425
sw,-29.9211330413818,-81.4448013305664,-63.03145941817818,36.938075222214614,476519092
sw,-29.3466148376464,-81.9238739013671,-31.367427026609036,35.650390880680014,476535759
sw,-29.2665863037109,-82.2874679565429,6.456597263568461,33.37530772725189,476552426
sw,-29.7212142944335,-82.6154708862304,49.02088101244685,30.703936626829766,476569093
sw,-30.7031593322753,-82.9654464721679,93.26125420115,28.139848884399488,476585760
sw,-32.4424362182617,-83.4268112182617,134.7404730566979,25.901880471541322,476602427
sw,-35.6242523193359,-83.9564895629882,168.3786332122984,23.884898960974617,476619094
sw,-39.2799224853515,-84.5343475341796,189.52966086073917,21.76025266436308,476635761
sw,-43.0052909851074,-85.0460739135742,195.1461788960106,19.146348533189858,476652428
sw,-47.1488723754882,-85.3295745849609,184.69243789900864,15.76572387187425,476669095
sw,-50.7829475402832,-85.4161071777343,160.49303533162066,11.528106515806215,476685762
sw,-52.7495994567871,-85.4148254394531,127.34947985048905,6.522853135566239,476702429
sw,-53.1898002624511,-85.4577407836914,91.48435055249016,0.9438172123021669,476719096
sw,-52.9776000976562,-85.4817352294921,59.111881119257,-5.013697088132687,476735763
sw,-53.0762596130371,-85.4249191284179,35.07602826087119,-11.250793903981826,476752430
sw,-53.9019508361816,-85.1529312133789,21.956089483511516,-17.83784640283538,476769097
sw,-54.5537109375,-84.4417648315429,19.833204334286286,-25.046675353115955,476785764
sw,-55.0390129089355,-83.794204711914,26.661551798926798,-33.322402397717056,476802431
sw,-56.0429382324218,-83.2422180175781,39.02491053112632,-43.1807982959367,476819098
sw,-57.1901664733886,-82.6022720336914,53.02304469847975,-55.04543351917369,476835765
sw,-58.1801681518554,-81.7493133544921,65.08034897537206,-69.07862823977078,476852432
sw,-59.3958587646484,-80.4640579223632,72.54571391747643,-85.0786687241678,476869099
sw,-60.8118438720703,-78.6350402832031,74.02681978760111,-102.49067074401096,476885766
sw,-61.9772720336914,-76.191909790039,69.45872540021207,-120.52027506587996,476902433
sw,-62.9178657531738,-73.5096130371093,59.940827051885805,-138.28428299103658,476919100
sw,-63.7358512878418,-70.7624206542968,47.39626697714913,-154.91712815403704,476935767
sw,-64.3155822753906,-67.9232559204101,34.1231204998053,-169.5893374698135,476952434
sw,-64.5501480102539,-65.0165100097656,22.31762476587845,-181.46132066912025,476969101
sw,-64.6358261108398,-62.0860366821289,13.653294246903856,-189.64783784484658,476985768
sw,-64.6724090576171,-58.9895286560058,8.993312797834566,-193.26813320245094,477002435
sw,-64.7200012207031,-55.5389289855957,8.29212740713999,-191.600092756693,477019102
sw,-64.9744796752929,-52.3000106811523,10.702676382486576,-184.27745206804963,477035769
sw,-65.4480361938476,-49.5483322143554,14.855002720553808,-171.42031485941524,477052436
sw,-66.0290451049804,-47.2614974975585,19.22638674634251,-153.60937061611608,477069103
sw,-66.6512374877929,-45.4499702453613,22.500511455330447,-131.69523411345497,477085770
sw,-67.21630859375,-44.1490135192871,23.824029812760262,-106.52612020052689,477102437
sw,-67.6202011108398,-43.320384979248,22.90952719834298,-78.726809065585,477119104
sw,-67.8682098388671,-42.8272323608398,19.98717967483932,-48.647181103578575,477135771
sw,-68.0280303955078,-42.59566116333,15.651757307905811,-16.528792956768342,477152438
sw,-68.1865997314453,-42.6941375732421,10.67099307533002,17.15932636338256,477169105
sw,-68.3413009643554,-43.2858581542968,5.811909235002142,51.35238699307377,477185772
sw,-68.4750823974609,-44.2939949035644,1.7130969951942754,84.16763174648463,477202439
sw,-68.5843811035156,-46.0486717224121,-1.1993186091144281,112.98014630772586,477219106
sw,-68.6485595703125,-48.6215667724609,-2.770922202653149,134.8550782949894,477235773
sw,-68.606948852539,-51.8807907104492,-3.169562576766638,147.26044880160387,477252440
sw,-68.4463500976562,-55.0027351379394,-2.9254975886576804,148.85641608794634,477269107
sw,-68.2663116455078,-58.2512092590332,-2.937848559270399,140.08816318489767,477285774
sw,-68.1108932495117,-61.2200317382812,-4.412611145413779,123.33658217582615,477302441
sw,-67.92724609375,-62.726505279541,-8.706136466912309,102.505332077366,477319108
sw,-67.7679977416992,-62.9821243286132,-17.076705785342053,82.11528901243287,477335775
sw,-67.3856887817382,-62.970043182373,-30.384513238325034,66.17620807123247,477352442
sw,-66.6749420166015,-63.7105026245117,-48.81098099835532,57.21477489161353,477369109
sw,-65.6439666748046,-65.3986358642578,-71.67889518884974,55.77861917306218,477385776
sw,-64.109992980957,-66.591438293457,-97.44083806796358,60.52921910455362,477402443
sw,-62.1300239562988,-67.7440948486328,-123.868239726679,68.81146259364215,477419110
sw,-59.5568923950195,-69.0788345336914,-148.42424551519485,77.46737010346172,477435777
sw,-56.8948402404785,-70.53515625,-168.74992169484426,83.66209735203391,477452444
sw,-53.545597076416,-72.4936981201171,-183.1478899584353,85.54319954993524,477469111
sw,-49.6204490661621,-74.6707000732421,-190.9247938896641,82.60258060948766,477485778
sw,-46.2723197937011,-76.078254699707,-192.46936459211355,75.6589998554723,477502445
sw,-43.6546440124511,-76.5586700439453,-189.01061745832752,66.46278074240179,477519112
sw,-41.321662902832,-76.8887481689453,-182.11475431515146,57.04837608046307,477535779
sw,-38.3870010375976,-77.3405838012695,-173.0896230973145,49.06766176076425,477552446
sw,-35.4334182739257,-78.1215744018554,-162.50277095337506,43.347749853544755,477569113
sw,-32.9717750549316,-79.068115234375,-149.9618728739102,39.809247831450364,477585780
sw,-30.7380638122558,-79.9860687255859,-134.20423820507847,37.71689322279101,477602447
sw,-28.8709888458251,-80.9058151245117,-113.45867739940195,36.10725730401702,477619114
sw,-27.5045223236084,-81.6398696899414,-85.99698582986201,34.200746639860846,477635781
sw,-26.54833984375,-82.0421447753906,-50.76535139647136,31.6514721354029,477652448
sw,-26.1369152069091,-82.3176345825195,-7.9627279050345905,28.57945253709462,477669115
sw,-26.3722476959228,-82.5939788818359,40.582245500383344,25.421337786030737,477685782
sw,-27.2251453399658,-82.918228149414,91.37465574950318,22.69441637606466,477702449
sw,-29.5430030822753,-83.2782440185546,139.64123182632173,20.778238191716877,477719116
sw,-33.367691040039,-83.6775817871093,180.1191236862529,19.78543589816634,477735783
sw,-37.2032089233398,-84.1195068359375,208.0866624627574,19.541115178755184,477752450
sw,-40.7709007263183,-84.4972610473632,220.37653718496526,19.643927574276315,477769117
sw,-45.149673461914,-84.7289047241211,216.1013663618679,19.559309620495526,477785784
sw,-48.8815460205078,-84.9059600830078,196.90048370233384,18.70125993298854,477802451
sw,-51.5061073303222,-85.1613845825195,166.64086746723262,16.483933983304127,477819118
sw,-53.3793411254882,-85.5009841918945,130.63997297814757,12.34984111653649,477835785
sw,-54.4408378601074,-85.6159973144531,94.60244529603247,5.7938024315022725,477852452
sw,-54.9732055664062,-85.537612915039,63.53880047434622,-3.598563493811793,477869119
sw,-55.9384117126464,-85.2925643920898,40.922965832387625,-16.08476148404687,477885786
sw,-56.4436225891113,-84.8433380126953,28.2492536925295,-31.66850970256228,477902453
sw,-56.7623062133789,-84.2598342895507,25.019143789822632,-49.98774959503531,477919120
sw,-57.4056701660156,-83.5304336547851,29.086817732516465,-70.23043345977774,477935787
sw,-58.0427169799804,-82.5133972167968,37.24789338690644,-91.14169912253729,477952454
sw,-58.5679168701171,-80.747688293457,45.95211198094997,-111.177890658834,477969121
sw,-59.6229553222656,-78.3668365478515,52.027712550812375,-128.81103649733302,477985788
sw,-60.9971199035644,-75.2391357421875,53.305981615326786,-142.90434666574308,478002455
sw,-62.2364234924316,-72.1485443115234,49.031397732345475,-153.01068987259077,478019122
sw,-63.1651000976562,-69.5799255371093,39.95721890299222,-159.4466245202844,478035789
sw,-63.5353202819824,-67.135025024414,28.083430370193025,-163.08409799552416,478052456
sw,-63.4214897155761,-64.6273803710937,16.09161976830755,-164.9376344530755,478069123
sw,-63.1603736877441,-62.0113983154296,6.629859026792375,-165.72457398185077,478085790
sw,-63.0230102539062,-59.2819442749023,1.649527390547874,-165.57998175610007,478102457
sw,-63.0998992919921,-56.3243827819824,1.9701711222349167,-164.02142448009099,478119124
sw,-63.2284698486328,-53.4185943603515,7.163985369541624,-160.13895526155017,478135791
sw,-63.5576362609863,-50.8885078430175,15.751365025159542,-152.89746635342357,478152458
sw,-64.1365737915039,-48.581672668457,25.622160507574943,-141.4194437256295,478169125
sw,-64.9184799194336,-46.6107940673828,34.55827819670107,-125.16119788243476,478185792
sw,-65.7946166992187,-45.0691757202148,40.72774642002431,-103.96787672853428,478202459
sw,-66.6698226928711,-44.1441421508789,43.04117917604216,-78.0518638299235,478219126
sw,-67.4338607788086,-43.6189880371093,41.303643396947244,-47.964057451384086,478235793
sw,-67.9553451538086,-43.4645233154296,36.15013263903856,-14.614272528889044,478252460
sw,-68.2815780639648,-43.8747673034668,28.8073789565893,20.64782376873167,478269127
sw,-68.5394973754882,-44.6314964294433,20.76250889074288,55.93890148006567,478285794
sw,-68.7828521728515,-45.7214775085449,13.428130035149156,88.82958500202359,478302461
sw,-68.9889450073242,-47.444766998291,7.8733821377323885,116.51592404279099,478319128
sw,-69.1375198364257,-49.9225921630859,4.654959529496512,136.2310299648606,478335795
sw,-69.1934051513671,-53.0303344726562,3.750773694886084,145.85611709587576,478352462
sw,-69.2324905395507,-56.2934532165527,4.583687248524848,144.57385817932462,478369129
sw,-69.2903747558593,-59.4327545166015,6.121119154704954,133.32741982006513,478385796
sw,-69.4471969604492,-61.8472328186035,7.037135120910535,114.85918133697602,478402463
sw,-69.6943283081054,-63.1793136596679,5.918450658825151,93.22282340126915,478419130
sw,-69.8432540893554,-63.2906150817871,1.4859860223331625,72.85929152239369,478435797
sw,-69.6857604980468,-63.2350807189941,-7.20164737267512,57.52002037509107,478452464
sw,-69.1330261230468,-63.9481239318847,-20.590147284746617,49.40562851898266,478469131
sw,-68.5950927734375,-65.5142974853515,-38.53167340682676,48.80105612716338,478485798
sw,-67.9572677612304,-66.7138519287109,-60.25599979315122,54.27035146122804,478502465
sw,-66.4755172729492,-67.9405212402343,-84.42452708367689,63.25876466151003,478519132
sw,-64.5278701782226,-69.2797546386718,-109.2813725736022,72.8526227647067,478535799
sw,-62.3340835571289,-70.5150299072265,-132.8963246265302,80.4784463998405,478552466
sw,-60.1360855102539,-72.0316772460937,-153.46410660374357,84.40908246260396,478569133
sw,-57.3955879211425,-74.0216369628906,-169.60290830123617,84.01687628937675,478585800
sw,-53.5745201110839,-75.6668243408203,-180.58388998939267,79.754519923198,478602467
sw,-49.849739074707,-76.637466430664,-186.4148511913909,72.87875130181412,478619134
sw,-47.0788459777832,-77.2861709594726,-187.71400957389264,64.9895672703195,478635801
sw,-44.8671989440918,-78.0512390136718,-185.3764467941686,57.52660861354009,478652468
sw,-42.2330017089843,-78.8467712402343,-180.14094039982572,51.39183213176287,478669135
sw,-39.1260223388671,-79.7447814941406,-172.2305403138669,46.81527574387584,478685802
sw,-36.0652084350585,-80.7759552001953,-161.20488871628598,43.471754449165715,478702469
sw,-33.5240135192871,-81.7110137939453,-146.0559161087187,40.754442049368365,478719136
sw,-31.6931838989257,-82.5659484863281,-125.48914377968704,38.06717777996001,478735803
sw,-30.3005390167236,-83.1721801757812,-98.31071795663439,35.02091347544055,478752470
sw,-29.2837772369384,-83.5391387939453,-63.859650392965705,31.4870048400658,478769137
sw,-28.7810344696044,-83.8428573608398,-22.431083032562295,27.533062935509175,478785804
sw,-28.8386135101318,-84.1933975219726,24.39095534668336,23.312370391720332,478802471
sw,-29.5092411041259,-84.6051483154296,73.60745562161537,18.979349197797433,478819138
sw,-31.1249332427978,-85.0154800415039,120.99975045381468,14.66800055557665,478835805
sw,-34.2272720336914,-85.3722152709961,161.6969352868616,10.522106989243605,478852472
sw,-37.8157844543457,-85.6659622192382,191.0478776369939,6.732205246605733,478869139
sw,-41.4345436096191,-85.8320541381836,205.60489655727403,3.529562629768783,478885806
sw,-45.5358352661132,-85.7770156860351,203.9554050047068,1.1105357306590162,478902473
sw,-49.2798957824707,-85.5734024047851,187.15584138906686,-0.4961671730992174,478919140
sw,-52.0034484863281,-85.4451675415039,158.6202498408367,-1.5696104390209125,478935807
sw,-53.7169380187988,-85.4646453857421,123.46467102648725,-2.777960049303368,478952474
sw,-54.2609176635742,-85.3640518188476,87.4699313035029,-5.148420024772853,478969141
sw,-54.7270202636718,-85.1523666381836,55.94245563036732,-9.908801633968451,478985808
sw,-55.8270950317382,-84.844970703125,32.76695232799759,-18.223404354679253,479002475
sw,-56.2296142578125,-84.3746871948242,19.847826144077114,-30.87811369308112,479019142
sw,-56.1729469299316,-83.8924102783203,16.992174140503813,-47.993907422936296,479035809
sw,-56.595588684082,-83.3923873901367,22.180732714858113,-68.86274682271439,479052476
sw,-57.2278327941894,-82.08056640625,32.13151574375659,-91.99169431781888,479069143
sw,-57.7790565490722,-80.1093826293945,43.048774245300486,-115.39102405352213,479085810
sw,-58.8106422424316,-77.2207489013671,51.433036843021334,-137.0488341828367,479102477
sw,-60.3259124755859,-73.8274917602539,54.80736454808436,-155.43452442848755,479119144
sw,-61.7335395812988,-70.5744323730468,52.20777004778146,-169.82847223974326,479135811
sw,-62.7132682800293,-67.5264282226562,44.311463461265745,-180.330013049989,479152478
sw,-63.1490821838378,-64.6023712158203,33.152696921653785,-187.53789634560079,479169145
sw,-62.9974250793457,-61.7494888305664,21.495218964826446,-192.05501869241516,479185812
sw,-62.7388114929199,-58.89013671875,12.046135197316882,-194.05364147911612,479202479
sw,-62.7026252746582,-55.4622840881347,6.748812723896927,-193.09940695462984,479219146
sw,-62.7333908081054,-51.9188919067382,6.353841199615784,-188.2934823396208,479235813
sw,-62.9505424499511,-48.7320823669433,10.358944573012488,-178.6315321059727,479252480
sw,-63.527359008789,-45.9186134338378,17.28467201082318,-163.38644769821636,479269147
sw,-64.2806625366211,-43.7394638061523,25.16086740857578,-142.3427560893104,479285814
sw,-65.0301666259765,-42.2752647399902,32.06146459967568,-115.81703429932516,479302481
sw,-65.722671508789,-41.4556236267089,36.54186194505492,-84.52116225813535,479319148
sw,-66.3796768188476,-41.1020011901855,37.8888051358392,-49.400496891475875,479335815
sw,-67.0239944458007,-41.1804275512695,36.16102784231,-11.57562437278499,479352482
sw,-67.5677185058593,-41.5821266174316,32.053518970118965,27.56047018895045,479369149
sw,-67.9832305908203,-42.3283042907714,26.64719339726903,66.15028571718682,479385816
sw,-68.3046493530273,-43.5518341064453,21.112950496235104,101.73684129028857,479402483
sw,-68.548469543457,-45.5299453735351,16.433753629458977,131.35816419162666,479419150
sw,-68.7324905395507,-48.2863082885742,13.195908025779035,151.97070996587354,479435817
sw,-68.8803253173828,-51.6775894165039,11.48303485811593,161.15704615614985,479452484
sw,-69.0354843139648,-55.3145103454589,10.884807150536002,157.91782751531932,479469151
sw,-69.2258529663086,-58.7209548950195,10.60919807342196,143.25409353144676,479485818
sw,-69.575942993164,-61.5373497009277,9.664181467580619,120.2647298412587,479502485
sw,-69.9542083740234,-62.7186431884765,7.057337787248414,93.62582052439996,479519152
sw,-70.1474838256836,-62.6803588867187,1.9584474159438954,68.54623879099124,479535819
sw,-69.9013214111328,-62.4289054870605,-6.21041055946133,49.51950391897541,479552486
sw,-69.1274948120117,-62.8878555297851,-17.752999225599652,39.297212136475025,479569153
sw,-68.4037017822265,-64.3355636596679,-32.70321910601084,38.41694759773574,479585820
sw,-67.970947265625,-65.447509765625,-50.809052981121894,45.371834917623204,479602487
sw,-67.1066207885742,-66.7024230957031,-71.48844577057856,57.26020142000195,479619154
sw,-65.2458572387695,-68.0588989257812,-93.79907438512,70.63581128198783,479635821
sw,-63.2765655517578,-69.2360610961914,-116.47742194305854,82.30863396965496,479652488
sw,-61.3099708557128,-70.7323303222656,-138.07112237690924,89.945681379599,479669155
sw,-59.137638092041,-72.8468322753906,-157.147053758086,92.40894961816981,479685822
sw,-55.9459800720214,-74.795051574707,-172.53126152568638,89.81219029754877,479702489
sw,-51.9896583557128,-75.9902572631836,-183.51486934327693,83.30281940580284,479719156
sw,-48.568115234375,-76.8112564086914,-189.93957995071986,74.62042336683021,479735823
sw,-46.0276412963867,-77.7462844848632,-192.09373453492532,65.55365762888822,479752490
sw,-43.5824813842773,-78.5577087402343,-190.4325006471904,57.464801005192854,479769157
sw,-40.4823532104492,-79.2508163452148,-185.23835932931178,51.02719691357076,479785824
sw,-37.0829010009765,-80.2337799072265,-176.37357530004468,46.23081029157523,479802491
sw,-34.0888137817382,-81.2743148803711,-163.2157488834087,42.604698632976586,479819158
sw,-31.8836345672607,-82.2201995849609,-144.77489547660363,39.53181964446593,479835825
sw,-30.3334407806396,-82.911750793457,-119.94505697291679,36.518118469056446,479852492
sw,-29.0543346405029,-83.3130264282226,-87.85326580012223,33.32454401586132,479869159
sw,-28.1294345855712,-83.63671875,-48.27836383960237,29.950112063674077,479885826
sw,-27.8145027160644,-84.0027313232421,-2.078736529801921,26.52316661268413,479902493
sw,-28.1920089721679,-84.4410629272461,48.49210422852075,23.183677996854065,479919160
sw,-29.2838630676269,-84.9170455932617,99.73672432582181,20.017897078591197,479935827
sw,-31.5247249603271,-85.3494186401367,146.8524630927784,17.060138188436664,479952494
sw,-35.1980285644531,-85.7197952270507,184.6730478342492,14.334345498730041,479969161
sw,-39.0374412536621,-86.0341491699218,208.68516267922027,11.8892404250484,479985828
sw,-42.7811813354492,-86.2063598632812,216.07027504281757,9.788276569639875,480002495
sw,-47.0907287597656,-86.2114715576171,206.47819697991142,8.04206512534511,480019162
sw,-50.8862571716308,-86.1595687866211,182.28909470166133,6.504572347576358,480035829
sw,-53.413475036621,-86.210952758789,148.24421859971162,4.780482535041375,480052496
sw,-54.51171875,-86.3123092651367,110.49631418694334,2.1957407626930867,480069163
sw,-54.7209205627441,-86.2816390991211,75.31264849583403,-2.137022062506668,480085830
sw,-55.1872215270996,-86.1907501220703,47.78657436194452,-9.15991208519534,480102497
sw,-56.0567169189453,-85.8857192993164,30.904591501624296,-19.64931493488381,480119164
sw,-56.3951339721679,-85.3828125,25.173536538995222,-33.98287901233301,480135831
sw,-56.8644409179687,-84.8193817138671,28.82247647115414,-51.95325027638467,480152498
sw,-57.6417007446289,-84.1205673217773,38.45271210048579,-72.69268425233386,480169165
sw,-58.4798622131347,-82.811767578125,49.947134929004164,-94.7638323444202,480185832
sw,-59.673110961914,-80.6495971679687,59.43785466198946,-116.43301486336026,480202499
sw,-61.3713073730468,-77.9350204467773,64.13804199357766,-136.0695867037386,480219166
sw,-62.9449195861816,-74.7357635498046,62.867344646068744,-152.5381984416198,480235833
sw,-64.0687103271484,-71.6604537963867,56.15493647509496,-165.42241216454704,480252500
sw,-64.5597381591796,-68.7807464599609,45.902135377588415,-174.9730753201425,480269167
sw,-64.5605010986328,-65.9644546508789,34.71295106779034,-181.79652647704853,480285834
sw,-64.5011825561523,-63.2420692443847,25.10674862127041,-186.4228080080197,480302501
sw,-64.7171173095703,-60.364330291748,18.856669035436763,-188.95165503896072,480319168
sw,-65.1269378662109,-57.0150337219238,16.631691325302462,-188.93031367057768,480335835
sw,-65.5769958496093,-53.6472434997558,17.99465984482566,-185.49686165370602,480352502
sw,-66.0545883178711,-50.6352996826171,21.687879434810533,-177.69466256797895,480369169
sw,-66.6883010864257,-47.8278656005859,26.07078514816884,-164.79819510385218,480385836
sw,-67.4125213623046,-45.3101654052734,29.568175206374796,-146.51373504294452,480402503
sw,-68.1289825439453,-43.5781364440918,31.02071392745365,-123.00231145008013,480419170
sw,-68.6757049560546,-42.5485954284668,29.878058037559303,-94.76726889584539,480435837
sw,-69.0718460083007,-41.9839820861816,26.225134791841015,-62.51397951029044,480452504
sw,-69.3604354858398,-41.7910270690918,20.674068160036917,-27.098352980137005,480469171
sw,-69.5690612792968,-41.9096298217773,14.177767893130916,10.375183778605154,480485838
sw,-69.7284927368164,-42.4031867980957,7.8207329798188425,48.34571689281329,480502505
sw,-69.8838500976562,-43.3072052001953,2.6235786653949065,84.6128464277686,480519172
sw,-69.9878005981445,-44.8060150146484,-0.6257099882318161,116.35228817073865,480535839
sw,-70.0456161499023,-47.0884132385253,-1.5145134619113658,140.45635833653907,480552506
sw,-70.0228118896484,-50.4105339050293,-0.12011436544101903,154.1987454010554,480569173
sw,-69.9244918823242,-54.0228385925293,2.9221421275360493,156.06036591467853,480585840
sw,-69.7988815307617,-57.3942832946777,6.432057215300933,146.42581189679996,480602507
sw,-69.7909698486328,-60.9797325134277,8.816126654593562,127.83764425973193,480619174
sw,-70.0263595581054,-62.4211616516113,8.330273739927437,104.61149324436617,480635841
sw,-70.5011138916015,-62.395896911621,3.4383492933819957,81.84582302101747,480652508
sw,-70.6995849609375,-62.1933479309082,-6.8208596652377125,64.12212036198223,480669175
sw,-70.1561126708984,-62.7795600891113,-22.56891370746859,54.35015306913415,480685842
sw,-69.5447311401367,-64.4006729125976,-43.01163497953626,53.15907894240917,480702509
sw,-68.6188125610351,-65.5670700073242,-66.57791636118304,58.99083533744223,480719176
sw,-66.7637023925781,-66.9354019165039,-91.23637676439276,68.77352770484619,480735843
sw,-64.5618133544921,-68.6018676757812,-114.90722483233691,78.89094894795012,480752510
sw,-62.2330360412597,-70.0625228881836,-135.86348032861093,86.1499410809259,480769177
sw,-60.2045173645019,-71.8189315795898,-153.02122960502535,88.51612216489812,480785844
sw,-57.3871536254882,-73.8375244140625,-166.05496238195005,85.47715862988746,480802511
sw,-53.7110977172851,-75.2383422851562,-175.3202491631,77.98094060095049,480819178
sw,-50.7749862670898,-75.9101257324218,-181.59911116724524,67.99074333830184,480835845
sw,-48.443374633789,-76.3727569580078,-185.71474267722036,57.80172500506622,480852512
sw,-45.9457092285156,-76.9860153198242,-188.11344029232927,49.3409686497011,480869179
sw,-42.8503074645996,-77.7032623291015,-188.5564975951876,43.675370341580994,480885846
sw,-39.2350807189941,-78.4687957763671,-186.04363441846303,40.861277252580805,480902513
sw,-35.753807067871,-79.3982467651367,-178.99212167662384,40.13180081338113,480919180
sw,-32.9524421691894,-80.342170715332,-165.59048875065335,40.301829273999964,480935847
sw,-30.8230361938476,-81.2111663818359,-144.208955962797,40.22020554305856,480952514
sw,-29.226505279541,-81.984748840332,-113.78808445063892,39.116267439949176,480969181
sw,-28.0611419677734,-82.4715194702148,-74.18373829413686,36.75206603786802,480985848
sw,-27.4712104797363,-82.8040771484375,-26.459804715258297,33.37220263003874,481002515
sw,-27.5515804290771,-83.1478576660156,26.91864960137578,29.511671461825724,481019182
sw,-28.3245296478271,-83.5482788085937,82.08904978388436,25.75659437396507,481035849
sw,-30.3035831451416,-84.0335693359375,134.09794062091095,22.545230335788123,481052516
sw,-33.5647201538085,-84.5167388916015,177.55620567059367,20.057656946424405,481069183
sw,-37.4047470092773,-84.9480972290039,207.5711265626766,18.195809622286905,481085850
sw,-41.1362342834472,-85.2636032104492,220.75967528500962,16.6237829224368,481102517
sw,-45.6268196105957,-85.4502410888671,216.07632875545397,14.831444193258532,481119184
sw,-49.8722991943359,-85.5903396606445,195.20053756300007,12.198032028963016,481135851
sw,-52.7207717895507,-85.738784790039,162.32168302652576,8.052948327602298,481152518
sw,-53.9901962280273,-85.946533203125,123.32074138809286,1.7438220410814425,481169185
sw,-54.2904891967773,-85.9270629882812,84.54493799198916,-7.280093977774094,481185852
sw,-54.5986595153808,-85.690933227539,51.522697415317104,-19.373477132873283,481202519
sw,-55.6650161743164,-85.1277389526367,27.977813438460156,-34.60504500992137,481219186
sw,-56.1283454895019,-84.2047882080078,15.360032558673167,-52.69150129977943,481235853
sw,-56.0874290466308,-83.216552734375,12.90891416182463,-72.97434564104829,481252520
sw,-56.5866203308105,-82.0830459594726,18.127518241519244,-94.46062062640344,481269187
sw,-57.1695251464843,-80.3021087646484,27.50073853878629,-115.94828270532639,481285854
sw,-57.601806640625,-77.9308242797851,37.30566175397125,-136.23717478185313,481302521
sw,-58.6052360534668,-74.7150726318359,44.378847731514696,-154.37902708548526,481319188
sw,-59.9178504943847,-71.3480834960937,46.716390091957514,-169.867550604879,481335855
sw,-61.0508956909179,-68.1263198852539,43.7975307688835,-182.65967270203356,481352522
sw,-61.7383956909179,-64.9675750732421,36.55900234262204,-192.98161866729797,481369189
sw,-61.9566116333007,-61.7952156066894,27.020552826580452,-200.9860734001441,481385856
sw,-61.786075592041,-58.698371887207,17.66141857677821,-206.4208442188552,481402523
sw,-61.7479629516601,-55.1810035705566,10.728350272698673,-208.48039051972663,481419190
sw,-61.7845344543457,-51.4060134887695,7.672596376726913,-205.92557031663583,481435857
sw,-61.8531951904296,-47.9623489379882,8.857395050071421,-197.4225244460987,481452524
sw,-62.0888023376464,-44.8218727111816,13.581114960374265,-181.9484437011804,481469191
sw,-62.7188529968261,-42.1920280456543,20.367969204428,-159.0965360801856,481485858
sw,-63.5092430114746,-40.4053077697753,27.41544006006224,-129.18214936374582,481502525
sw,-64.2567596435546,-39.3433189392089,33.06374511872762,-93.15810543193278,481519192
sw,-64.8963928222656,-38.9526901245117,36.16808530581875,-52.43456275157155,481535859
sw,-65.5659866333007,-39.1907882690429,36.30027492797006,-8.729504237263873,481552526
sw,-66.2813644409179,-39.8476104736328,33.761252406058986,35.96223604097127,481569193
sw,-66.8620452880859,-40.9465866088867,29.42805372296302,79.2841704348181,481585860
sw,-67.2521362304687,-42.4482040405273,24.482822708252645,118.42180768012577,481602527
sw,-67.4665298461914,-44.4469451904296,20.08646753351037,150.1598475675542,481619194
sw,-67.6155014038086,-46.9213066101074,17.07122448212844,171.23785200094946,481635861
sw,-67.7393188476562,-50.6203880310058,15.727767015864876,179.03617700692223,481652528
sw,-67.9059371948242,-54.9422988891601,15.743461661365647,172.44609786780546,481669195
sw,-68.1892471313476,-59.0893592834472,16.30788461655695,152.60868449451957,481685862
sw,-68.6831893920898,-62.3868942260742,16.350034599128417,123.14725638754898,481702529
sw,-69.3449935913086,-63.094181060791,14.825657509148625,89.644680335612,481719196
sw,-69.9515380859375,-62.5554885864257,10.952073470264862,58.41472188546481,481735863
sw,-70.002571105957,-61.9088134765625,4.308679290985933,34.952075197658004,481752530
sw,-69.1880187988281,-61.7671356201171,-5.21390332028819,22.62202402199393,481769197
sw,-68.4856948852539,-62.9676322937011,-17.55164323456104,22.045464470662218,481785864
sw,-68.0937576293945,-64.3147659301757,-32.58217068858234,31.310318121479842,481802531
sw,-67.5312728881836,-65.4338150024414,-50.13600354431745,46.801891796939735,481819198
sw,-66.3930130004882,-66.7163696289062,-69.90448061363038,64.27631962440384,481835865
sw,-64.7880401611328,-67.8865814208984,-91.31418116990324,79.83850614715523,481852532
sw,-63.2405433654785,-69.253921508789,-113.4511253250179,90.6339836457214,481869199
sw,-61.4149856567382,-71.0467071533203,-135.08919947238923,95.20488547485127,481885866
sw,-59.106517791748,-73.0942001342773,-154.83830237863037,93.53490302421058,481902533
sw,-55.8916091918945,-74.6431121826171,-171.38548373725678,86.8273089567854,481919200
sw,-52.0830192565918,-75.7604064941406,-183.75139503713407,77.07009751998709,481935867
sw,-48.5672073364257,-76.729751586914,-191.44694239313884,66.47585704996185,481952534
sw,-45.9860191345214,-77.5609436035156,-194.43733333970843,56.92847847148504,481969201
sw,-43.5627403259277,-78.0496520996093,-192.91691756554394,49.582898971098516,481985868
sw,-40.4618186950683,-78.66064453125,-187.01034373687352,44.72293452722049,482002535
sw,-36.9706878662109,-79.5694580078125,-176.55440895586796,41.89650204443519,482019202
sw,-33.9707221984863,-80.6236190795898,-161.05236402567974,40.2501446881253,482035869
sw,-31.8537254333496,-81.6954193115234,-139.79405732100435,38.916438068470136,482052536
sw,-30.3399219512939,-82.3487319946289,-112.08557588656554,37.302953672862095,482069203
sw,-29.1590824127197,-82.6677322387695,-77.5433115031682,35.19524082476256,482085870
sw,-28.4426345825195,-83.0512390136718,-36.42406070101911,32.68333504023493,482102537
sw,-28.3465518951416,-83.5338897705078,10.059744058864064,29.99618102158518,482119204
sw,-28.9018096923828,-84.0783081054687,59.5378053348604,27.34442203576911,482135871
sw,-30.290298461914,-84.6563262939453,108.51404771039779,24.834305661978743,482152538
sw,-32.8519248962402,-85.2042541503906,152.7181307787883,22.459050756503377,482169205
sw,-36.4885139465332,-85.6359252929687,187.76638876009147,20.133216156377284,482185872
sw,-40.2713165283203,-85.92138671875,210.0033181413796,17.72481265476211,482202539
sw,-44.1883316040039,-86.0691146850586,217.3067517486383,15.05514403264903,482219206
sw,-48.3951034545898,-86.1423797607421,209.62561106829108,11.864398737083913,482235873
sw,-51.8031425476074,-86.2540435791015,189.08354848765285,7.766622897967432,482252540
sw,-54.0963287353515,-86.3484802246093,159.60015993531985,2.2296722075992492,482269207
sw,-55.6962585449218,-86.2659835815429,126.12001722775067,-5.388806116639422,482285874
sw,-56.806541442871,-86.0128707885742,93.65452060604882,-15.734598094799086,482302541
sw,-58.2365379333496,-85.6240463256836,66.38226907773141,-29.28626312883588,482319208
sw,-59.0910263061523,-84.9335327148437,47.00244921671738,-46.151463217386485,482335875
sw,-59.4436302185058,-84.0940856933593,36.434106539409946,-65.88549712307346,482352542
sw,-59.8366050720214,-83.2115249633789,33.86685782834787,-87.40572211245349,482369209
sw,-60.3625831604003,-81.8064041137695,37.12149354859702,-109.0748220853916,482385876
sw,-61.1415786743164,-79.5873184204101,43.247999775325106,-128.9890699163256,482402543
sw,-62.4719581604003,-76.7496871948242,49.24693483162985,-145.42897651250578,482419210
sw,-63.8989868164062,-73.2587814331054,52.75598156484361,-157.33437553083775,482435877
sw,-65.1176223754882,-70.050308227539,52.5305692022876,-164.6104762955719,482452544
sw,-65.9232864379882,-67.37109375,48.5929763243252,-168.10804928016947,482469211
sw,-66.3380050659179,-64.8936386108398,42.02440645948533,-169.25183847779232,482485878
sw,-66.6198196411132,-62.4099655151367,34.49003129054198,-169.453175822748,482502545
sw,-66.8272857666015,-59.9166946411132,27.66581074368014,-169.54365026707097,482519212
sw,-67.1013717651367,-57.0306167602539,22.74673342677037,-169.4504057807045,482535879
sw,-67.3258972167968,-53.9505043029785,20.16499510278791,-168.21579542445215,482552546
sw,-67.6699066162109,-50.9215431213378,19.56539969648332,-164.31363072210863,482569213
sw,-68.1378707885742,-48.0973663330078,20.00743604807334,-156.10697047096613,482585880
sw,-68.7201385498046,-45.6583213806152,20.308723677661007,-142.27107806960777,482602547
sw,-69.3343734741211,-43.752586364746,19.419354555312882,-122.06363922193226,482619214
sw,-69.8092651367187,-42.5775337219238,16.72181167786435,-95.41996074657088,482635881
sw,-70.0637817382812,-41.9197998046875,12.183662985319932,-62.93254511423298,482652548
sw,-70.1476211547851,-41.6872596740722,6.340080532844937,-25.805177075629913,482669215
sw,-70.1165237426757,-41.7888298034668,0.1328512315450005,14.159425254085336,482685882
sw,-70.0026550292968,-42.3802452087402,-5.335701514140313,54.55221896802176,482702549
sw,-69.8571166992187,-43.532787322998,-9.068942072038384,92.41489819206332,482719216
sw,-69.7414245605468,-45.5382652282714,-10.410007199696917,124.46744752156175,482735883
sw,-69.6452026367187,-48.0130195617675,-9.210397204765533,147.56488860491586,482752550
sw,-69.4723129272461,-51.2585639953613,-5.914079085389571,159.34140484532506,482769217
sw,-69.2830581665039,-54.7636985778808,-1.5444118610492699,158.88735911686953,482785884
sw,-69.2682418823242,-58.4083137512207,2.415170273633804,147.22656664010435,482802551
sw,-69.4105148315429,-61.4669075012207,4.244421945053148,127.35969817273931,482819218
sw,-69.5633850097656,-62.8228225708007,2.2869719301775664,103.74435137069044,482835885
sw,-69.7182693481445,-62.8885040283203,-4.72696633906368,81.28501944034109,482852552
sw,-69.5452575683593,-62.744815826416,-17.40815518643001,64.13054654622977,482869219
sw,-68.9231033325195,-63.49263381958,-35.55204540972071,54.69330746506707,482885886
sw,-68.0952529907226,-65.1776504516601,-58.136950629895075,53.22134116733385,482902553
sw,-66.7038879394531,-66.3265991210937,-83.47856058611964,58.0126275590828,482919220
sw,-64.7849044799804,-67.6211547851562,-109.50902549212796,66.11354398280763,482935887
sw,-62.3012504577636,-69.0440673828125,-134.1222578474929,74.22394886632974,482952554
sw,-59.8258934020996,-70.3880920410156,-155.51022314963248,79.54938676138941,482969221
sw,-57.0789527893066,-72.1066513061523,-172.4148072251131,80.41960905762507,482985888
sw,-53.497817993164,-74.0111465454101,-184.23887104151672,76.56760860266296,483002555
sw,-49.9334526062011,-75.3351669311523,-190.99007439852787,69.02769024748287,483019222
sw,-47.1781616210937,-75.8537902832031,-193.06794816951833,59.68920911127937,483035889
sw,-44.7774429321289,-76.1568832397461,-190.95484769540377,50.641327534690184,483052556
sw,-41.8909606933593,-76.67724609375,-184.92217535713917,43.52396658848581,483069223
sw,-38.5213584899902,-77.3578262329101,-174.86928922686633,39.101071315216856,483085890
sw,-35.3158454895019,-78.1449432373046,-160.3461561141624,37.17664637514728,483102557
sw,-32.7722244262695,-79.1090469360351,-140.71335716744224,36.83141491709038,483119224
sw,-31.063491821289,-80.0851974487304,-115.34160201527064,36.84297970090926,483135891
sw,-29.9554061889648,-80.9733963012695,-83.77863288628349,36.11030294766948,483152558
sw,-29.2632961273193,-81.5850219726562,-45.87260976900721,33.93629076185666,483169225
sw,-29.1360092163085,-81.8567657470703,-1.8747593065518406,30.104702663430075,483185892
sw,-29.7125587463378,-82.0143203735351,47.47240407088157,24.781404897689804,483202559
sw,-31.0692920684814,-82.1612319946289,100.89341262440277,18.335351495689043,483219226
sw,-33.7419700622558,-82.3800430297851,156.63335338062853,11.18498906550721,483235893
