Label,Left_Hip_q,Right_Hip_q,Left_Hip_qd,Right_Hip_qd,SampleTimeFine
fw,-77.0015029907226,-85.53515625,142.137344360351,-36.7894325256347,122947258
fw,-78.8211135864257,-85.1649932861328,111.06423593577547,-73.85099694257052,122963925
fw,-80.5482406616211,-84.2910995483398,107.90935009965473,-100.3881912287593,122980592
fw,-81.4269180297851,-82.8460464477539,104.0078843625457,-126.02705468551281,122997259
fw,-82.3068084716796,-80.837043762207,98.64924572306312,-149.89489354712845,123013926
fw,-83.7140350341796,-78.3759155273437,91.32441848582991,-170.86562439438688,123030593
fw,-84.8398056030273,-75.4621963500976,81.9537783484821,-187.56271152791504,123047260
fw,-85.1738357543945,-72.1996307373046,71.07708178854435,-198.51374847519693,123063927
fw,-85.1932373046875,-68.6033096313476,59.84083918874128,-202.4432987397684,123080594
fw,-85.3230361938476,-64.8571624755859,49.70549571447837,-198.62250754297278,123097261
fw,-85.0474166870117,-61.7150688171386,41.96911479954573,-187.14301059718386,123113928
fw,-84.2493362426757,-59.3363075256347,37.33443786872423,-168.98872094709625,123130595
fw,-83.3693084716796,-57.4284515380859,35.72742403981706,-145.85385499352662,123147262
fw,-82.6643905639648,-55.8291549682617,36.424270691412325,-119.76319438650658,123163929
fw,-82.1429748535156,-54.7412605285644,38.379270799951534,-92.63036787900332,123180596
fw,-81.7480316162109,-53.8766174316406,40.57637098916824,-65.9040681869899,123197263
fw,-81.3727951049804,-53.3132133483886,42.26822443772463,-40.40637868057462,123213930
fw,-80.91455078125,-53.079605102539,43.058910714796994,-16.39198852178548,123230597
fw,-80.3178176879882,-53.1810150146484,42.8654564241643,6.217594042150488,123247264
fw,-79.6397476196289,-53.5031776428222,41.82600595027015,27.523886617364266,123263931
fw,-78.990608215332,-53.867446899414,40.20837148988683,47.38660697642524,123280598
fw,-78.4391937255859,-54.6396408081054,38.33399214064076,65.31306000980554,123297265
fw,-77.9637985229492,-56.4562797546386,36.50066427200543,80.55758936399961,123313932
fw,-77.5518951416015,-58.8641891479492,34.88393093684262,92.3947766319632,123330599
fw,-77.2209320068359,-60.9417495727539,33.419791436161894,100.43393964001575,123347266
fw,-76.9456024169921,-62.7860450744628,31.700862661784313,104.807306011879,123363933
fw,-76.6075210571289,-64.7138214111328,28.932698202107225,106.12847582753896,123380600
fw,-76.1881561279296,-65.519905090332,23.985722175362966,105.24651127443317,123397267
fw,-75.8557968139648,-67.1184539794921,15.546768865232126,102.9313125739986,123413934
fw,-75.8954315185546,-68.7402038574218,2.341963473655321,99.65210822668078,123430601
fw,-76.3317108154296,-70.232925415039,-16.611035497363666,95.54460686842422,123447268
fw,-77.1687622070312,-71.7263870239257,-41.75643984205204,90.55203540983501,123463935
fw,-78.3952407836914,-73.4060821533203,-72.78368136617752,84.63901482664848,123480602
fw,-80.2001800537109,-74.8100433349609,-108.46806565670906,77.95482344348854,123497269
fw,-82.695083618164,-75.6454467773437,-146.6121001843773,70.86347449949184,123513936
fw,-85.6935195922851,-76.1150360107421,-184.14294329368295,63.83899715578959,123530603
fw,-89.0810241699218,-76.7212600708007,-217.41366287252617,57.304862940912074,123547270
fw,-87.4409790039062,-77.6881484985351,-242.72151407712536,51.52509482313127,123563937
fw,-82.7655715942382,-78.7152252197265,-256.9912744281008,46.60698110056162,123580604
fw,-76.8689270019531,-79.45068359375,-258.4789927920025,42.58813384005348,123597271
fw,-72.3096389770507,-80.0630493164062,-247.2690699380136,39.52496489080736,123613938
fw,-69.2457275390625,-80.7427368164062,-225.34271910717925,37.51459069946101,123630605
fw,-66.4889526367187,-81.6102142333984,-196.13512163538996,36.642803718468485,123647272
fw,-63.9152297973632,-82.5006103515625,-163.70679672891072,36.9016764944475,123663939
fw,-61.8047103881835,-83.3552093505859,-131.7963825310269,38.129893698547065,123680606
fw,-60.3696174621582,-84.1389389038086,-103.02709570397604,40.006565885199336,123697273
fw,-59.3833808898925,-84.9254608154296,-78.45223578421329,42.10112987673298,123713940
fw,-58.6822395324707,-85.7319412231445,-57.52189774773846,43.96196887097474,123730607
fw,-58.1240921020507,-86.5192947387695,-38.462044332612464,45.21386418542817,123747274
fw,-57.6280212402343,-87.2681350708007,-18.97083489738653,45.62839511230216,123763941
fw,-57.3166389465332,-87.9515914916992,2.9435543612644164,45.13694411700589,123780608
fw,-57.2775039672851,-88.4841842651367,28.212475561429873,43.77610186605579,123797275
fw,-57.5733795166015,-88.7054748535156,56.270741592190944,41.583540631153376,123813942
fw,-58.5568923950195,-88.5465316772461,85.08937835053091,38.48517540543414,123830609
fw,-61.3750076293945,-88.1256027221679,111.69266885086326,34.219505619603986,123847276
fw,-64.4233932495117,-87.6190414428711,133.00368354874158,28.329612721558913,123863943
fw,-67.4434509277343,-87.1503677368164,146.7292477391278,20.225929432676114,123880610
fw,-69.966079711914,-86.7968597412109,151.97808863863764,9.298119971963752,123897277
fw,-72.2569961547851,-86.6165618896484,149.42463088076724,-4.95653433024775,123913944
fw,-74.2594604492187,-86.6136093139648,141.01710808697854,-22.816045926028842,123930611
fw,-76.2148818969726,-86.6472473144531,129.38006453275383,-44.24180985235213,123947278
fw,-77.989013671875,-86.4775238037109,117.12078602761736,-68.81289128316868,123963945
fw,-80.0387954711914,-85.7746047973632,106.2271715819259,-95.68388725754313,123980612
fw,-81.3427429199218,-84.3546524047851,97.68614584360215,-123.57092892815446,123997279
fw,-82.0585861206054,-82.2038116455078,91.39449298454848,-150.78256532786676,124013946
fw,-83.1655120849609,-79.5034484863281,86.38263863113234,-175.32042864426737,124030613
fw,-84.7397003173828,-76.3723449707031,81.30238845903374,-195.0717036594126,124047280
fw,-86.0073776245117,-72.8277893066406,75.03150154937208,-208.09715094996108,124063947
fw,-86.3984222412109,-69.1293182373046,67.16771955489845,-212.98287447786842,124080614
fw,-86.40283203125,-65.2493133544921,58.201912392395364,-209.17740454797834,124097281
fw,-86.16748046875,-61.8572807312011,49.30121987267431,-197.1997900752995,124113948
fw,-85.5747680664062,-59.2327995300293,41.82432507699692,-178.61138528272542,124130615
fw,-84.9020004272461,-57.1390838623046,36.809884627205676,-155.7110836899505,124147282
fw,-84.3174209594726,-55.3076972961425,34.65741991324878,-131.01762654642116,124163949
fw,-83.8564071655273,-53.9492378234863,35.09283833292078,-106.6888988782793,124180616
fw,-83.3931579589843,-52.9568748474121,37.37155397719627,-84.05460496475537,124197283
fw,-82.7757492065429,-52.0835151672363,40.59092835334339,-63.402703478068574,124213950
fw,-82.0044631958007,-51.3770370483398,43.9732951177573,-44.08346294831779,124230617
fw,-81.1323776245117,-50.8900718688964,47.02140894477644,-24.90170939068542,124247284
fw,-80.3308563232421,-50.5891609191894,49.51581369970935,-4.68046569052875,124263951
fw,-79.640510559082,-50.4647140502929,51.39296243754905,17.17900976852173,124280618
fw,-78.9840316772461,-50.6928024291992,52.58641317397749,40.327092799275015,124297285
fw,-78.3119735717773,-51.1415252685546,52.9141081727533,63.427331910970544,124313952
fw,-77.5432586669921,-52.961082458496,52.057724125158295,84.48983082697363,124330619
fw,-76.7236404418945,-55.985984802246,49.628335215858165,101.47443096032502,124347286
fw,-75.9225997924804,-58.2077407836914,45.27182488816395,112.93264342091783,124363953
fw,-75.1918563842773,-59.9150352478027,38.75246424853053,118.42415860718538,124380620
fw,-74.5708541870117,-62.146484375,29.964486582749224,118.55010628100325,124397287
fw,-74.1883239746093,-63.0839538574218,18.852072650794554,114.633430922354,124413954
fw,-74.2933731079101,-64.6014785766601,5.260301534053831,108.22902265583492,124430621
fw,-74.9352951049804,-66.0212783813476,-11.215029504162972,100.68583582353892,124447288
fw,-75.924819946289,-67.3213806152343,-31.278620697363156,92.91431572055035,124463955
fw,-77.0803909301757,-68.6131134033203,-55.79406131724453,85.39020719918507,124480622
fw,-78.2646484375,-70.2645874023437,-85.41815539901843,78.31573166596297,124497289
fw,-79.7679138183593,-71.6836700439453,-120.08631779794112,71.8064520301106,124513956
fw,-81.9972305297851,-72.3473968505859,-158.52609876068738,65.99121661111569,124530623
fw,-85.0523681640625,-72.8528747558593,-198.01564759949693,60.99043429816438,124547290
fw,-88.3197250366211,-73.4994583129882,-234.55373421853633,56.83030469537842,124563957
fw,-86.8205413818359,-74.4468917846679,-263.48686833042757,53.39312453607832,124580624
fw,-82.2275161743164,-75.5320358276367,-280.4906844047608,50.46344827457644,124597291
fw,-75.7923507690429,-76.6455535888671,-282.66360777132724,47.84374257161474,124613958
fw,-69.8781051635742,-77.6459426879882,-269.39520731923994,45.4562484032427,124630625
fw,-66.0686798095703,-78.5154724121093,-242.6783629216721,43.36326885651185,124647292
fw,-63.3621749877929,-79.5111083984375,-206.697001087805,41.7036361533124,124663959
fw,-61.2965621948242,-80.4365768432617,-166.79850532663897,40.59879459983147,124680626
fw,-59.559585571289,-81.1780242919921,-128.20022242343092,40.087836643707945,124697293
fw,-58.1845588684082,-81.8043212890625,-94.844917495025,40.11743975407258,124713960
fw,-57.063720703125,-82.4184341430664,-68.70617824822386,40.57667130059759,124730627
fw,-56.2416458129882,-83.1125717163086,-49.65394368538688,41.348313254499075,124747294
fw,-55.5933265686035,-83.8235931396484,-35.82353647143283,42.34387596937553,124763961
fw,-55.0544090270996,-84.494873046875,-24.330393272846084,43.4940682727124,124780628
fw,-54.7177581787109,-85.1061096191406,-12.132307947539992,44.68464532233843,124797295
fw,-54.6216964721679,-85.6089401245117,3.1571623927689836,45.65885454778244,124813962
fw,-54.7951049804687,-85.9714889526367,22.670781954071032,45.93636948645364,124830629
fw,-55.149055480957,-86.2380752563476,46.02216886993038,44.80392165545108,124847296
fw,-56.2762565612793,-86.4572372436523,71.42325120386225,41.40699071989612,124863963
fw,-58.3279304504394,-86.6300048828125,96.1530013892559,34.9263206681329,124880630
fw,-60.6471099853515,-86.7602157592773,117.25785611034465,24.780911971607164,124897297
fw,-62.9878959655761,-86.898208618164,132.2996792878517,10.782581175396853,124913964
fw,-65.1645050048828,-87.0349578857421,139.95915085134925,-6.8144336515232835,124930631
fw,-67.8352508544921,-87.0566940307617,140.35264809405388,-27.380681645657173,124947298
fw,-70.6077270507812,-86.7134780883789,134.9937638652924,-50.058608008427036,124963965
fw,-73.0691680908203,-85.8518829345703,126.39681218090038,-73.92303362967918,124980632
fw,-74.7832107543945,-84.3772583007812,117.38789846404488,-98.09004685961001,124997299
fw,-75.7741622924804,-82.4559326171875,110.27970267855098,-121.73781584495147,125013966
fw,-76.4928817749023,-80.1803741455078,106.15742321421388,-144.04272728338924,125030633
fw,-77.6255111694336,-77.5833358764648,104.54686884381765,-164.07038459094179,125047300
fw,-79.3702163696289,-74.8101730346679,103.63467268880893,-180.68549533003588,125063967
fw,-81.5414657592773,-71.7105331420898,101.00213264678948,-192.55318629863694,125080634
fw,-83.6112594604492,-68.4491119384765,94.61261000223783,-198.2886463366493,125097301
fw,-85.0666809082031,-64.9807739257812,83.67108825873764,-196.76276107091718,125113968
fw,-85.2566604614257,-61.1073188781738,69.01702310377681,-187.4929385279322,125130635
fw,-84.788948059082,-58.3420143127441,52.901049514983754,-170.97351022278667,125147302
fw,-84.3162460327148,-56.1686058044433,38.24707418948292,-148.78184189237456,125163969
fw,-83.9589538574218,-54.6428031921386,27.69921284940395,-123.3655053409466,125180636
fw,-83.7779235839843,-53.3571434020996,22.81154553938649,-97.54264137696265,125197303
fw,-83.8722839355468,-52.7399063110351,23.64823893733536,-73.86187416981494,125213970
fw,-84.1615829467773,-52.5089607238769,28.885246786506617,-54.020580207244706,125230637
fw,-84.2114181518554,-52.2886314392089,36.324883656508675,-38.52468448118547,125247304
fw,-83.7179641723632,-51.8900260925293,43.60969295948422,-26.699718548700655,125263971
fw,-82.9425888061523,-51.4884033203125,48.88279081029044,-17.046890313318848,125280638
fw,-82.1758728027343,-51.0452194213867,51.1947763569547,-7.815404281151845,125297305
fw,-81.5505447387695,-50.7692222595214,50.57599525868807,2.4139689244894904,125313972
fw,-81.0557022094726,-50.9968528747558,47.8204904495737,14.332317694757105,125330639
fw,-80.5693054199218,-51.9197158813476,44.108432979307636,27.804598737165847,125347306
fw,-80.1361389160156,-53.1656494140625,40.606869379287915,42.05585957117398,125363973
fw,-79.793228149414,-54.2465095520019,38.15328142316297,56.02236929725915,125380640
fw,-79.4445648193359,-55.1603164672851,37.07600844273169,68.71422854845538,125397307
fw,-78.9424285888671,-56.2933807373046,37.16124767039875,79.47722759114335,125413974
fw,-78.2371063232421,-57.8295059204101,37.74135363189292,88.11231751454211,125430641
fw,-77.4490356445312,-59.8217277526855,37.85225751743463,94.85718833616953,125447308
fw,-76.7708969116211,-61.7076034545898,36.39614005031332,100.24478276307201,125463975
fw,-76.3425140380859,-63.1229629516601,32.26002416466196,104.86134070477493,125480642
fw,-76.1888732910156,-64.5394592285156,24.38096754354794,109.06125810739219,125497309
fw,-76.2957153320312,-66.182746887207,11.794271999442692,112.74137451935606,125513976
fw,-76.6526489257812,-67.89501953125,-6.275781933502102,115.28528380308099,125530643
fw,-77.2038345336914,-69.9161911010742,-30.240573480938224,115.73225614648622,125547310
fw,-78.066665649414,-72.0440063476562,-59.8979044638328,113.12848195494948,125563977
fw,-79.4294357299804,-73.9998550415039,-94.18188848848307,106.93180624405451,125580644
fw,-81.501953125,-75.7462768554687,-131.02333682130373,97.30814015457844,125597311
fw,-84.2188720703125,-77.1775741577148,-167.42453110308242,85.19408456303367,125613978
fw,-87.235725402832,-78.1481170654296,-199.8006121851762,72.0907169353242,125630645
fw,-88.8414077758789,-78.5459289550781,-224.56371127805625,59.66035326836037,125647312
fw,-84.8032608032226,-78.950569152832,-238.8437160006119,49.27747126172515,125663979
fw,-79.147720336914,-79.6315307617187,-241.1623273891873,41.7011434734753,125680646
fw,-75.1408004760742,-80.5248489379882,-231.8335488696102,36.97775521777135,125697313
fw,-72.6204986572265,-81.576431274414,-212.91126688782745,34.5775473718597,125713980
fw,-70.2094650268554,-82.5036010742187,-187.6675444197216,33.67471851161081,125730647
fw,-67.6124954223632,-83.3121185302734,-159.78206470602046,33.44599621393709,125747314
fw,-65.1942367553711,-84.0955505371093,-132.51806237493318,33.290267770214264,125763981
fw,-63.3792037963867,-84.6880187988281,-108.1065348106394,32.928928724034265,125780648
fw,-62.274242401123,-85.1363906860351,-87.44003153712822,32.397167229847796,125797315
fw,-61.4698982238769,-85.6215896606445,-70.08763396701377,31.963431136050303,125813982
fw,-60.5897216796875,-86.2787475585937,-54.60054098256407,32.016281356567866,125830649
fw,-59.6134872436523,-87.0479278564453,-39.0417696459759,32.9408410882611,125847316
fw,-58.9456062316894,-87.7027969360351,-21.621420199903625,34.98621220829477,125863983
fw,-58.7305793762207,-88.1567687988281,-1.2763112618547479,38.12134059693054,125880650
fw,-58.9767036437988,-88.456298828125,21.961578408373356,41.89908560221099,125897317
fw,-59.7061729431152,-88.750244140625,46.901552775734096,45.38058333910785,125913984
fw,-61.1326179504394,-88.9297256469726,71.4387034951056,47.182623373326564,125930651
fw,-62.9636497497558,-88.4945526123046,93.02703500283461,45.67962464239537,125947318
fw,-64.7932052612304,-87.7694549560546,109.25224568093708,39.33022182572946,125963985
fw,-66.9526596069336,-87.1763153076171,118.36876078128529,27.041872870322045,125980652
fw,-69.0118026733398,-86.8848571777343,119.69582001545899,8.466719234430547,125997319
fw,-70.6702423095703,-86.9123153686523,113.81423628595643,-15.856181429997154,126013986
fw,-72.0045013427734,-87.3094253540039,102.54699444252985,-44.54982837501207,126030653
fw,-74.1017608642578,-87.8325576782226,88.72791244692054,-75.62426264959916,126047320
fw,-76.3745651245117,-87.3153305053711,75.76103667176328,-106.81616229282292,126063987
fw,-77.4781188964843,-85.1713638305664,66.97645217729311,-135.94998555759287,126080654
fw,-77.6913986206054,-82.274299621582,64.84444077317693,-161.22104515862875,126097321
fw,-77.6969604492187,-79.2422180175781,70.22625243616271,-181.32978118903233,126113988
fw,-78.485595703125,-76.0023803710937,81.93484004062638,-195.45852966491347,126130655
fw,-79.9095001220703,-72.638801574707,96.846246584429,-203.15201850758737,126147322
fw,-81.7917861938476,-69.3728637695312,110.62365391800279,-204.2013652713511,126163989
fw,-83.7572860717773,-66.1943588256836,118.88329502754294,-198.61355306032576,126180656
fw,-85.6874389648437,-62.8948402404785,118.45977076903246,-186.68461754801723,126197323
fw,-85.6484146118164,-60.1805305480957,108.37516962843955,-169.12388036788087,126213990
fw,-83.9532775878906,-58.1573257446289,90.1838696547174,-147.13966850941097,126230657
fw,-83.0037002563476,-56.1583557128906,67.54284963565078,-122.40971181923359,126247324
fw,-83.2461395263671,-54.3068885803222,45.12067835335486,-96.90227431808039,126263991
fw,-84.1076202392578,-53.1934738159179,27.221933937547416,-72.55917040408815,126280658
fw,-84.6830062866211,-53.0376052856445,16.630175947994424,-50.89730793264446,126297325
fw,-84.5626754760742,-53.2438163757324,14.069629599403026,-32.64046142829757,126313992
fw,-83.7713088989257,-53.2672042846679,18.39740682922984,-17.532213293633674,126330659
fw,-82.8193817138671,-52.9873733520507,27.32435537323524,-4.450863908215905,126347326
fw,-81.8641891479492,-52.7441215515136,38.28647025322527,8.16918923873371,126363993
fw,-81.1171417236328,-52.4307212829589,49.113416411958724,21.752041999764177,126380660
fw,-80.4462661743164,-52.3643035888671,58.31198700928476,37.0632212683458,126397327
fw,-79.6177825927734,-53.3157272338867,64.98744526116904,53.970381832955745,126413994
fw,-78.5911407470703,-55.3690032958984,68.56621448754858,71.56087422622173,126430661
fw,-77.5312042236328,-57.4372940063476,68.5162991697516,88.52286279075743,126447328
fw,-76.5004653930664,-58.9117126464843,64.20293646881343,103.58191996395769,126463995
fw,-75.4967041015625,-60.4343070983886,54.91795658370059,115.79881555937268,126480662
fw,-74.7411346435546,-62.6690368652343,40.03626236987515,124.65273208973066,126497329
fw,-74.4186172485351,-64.1412506103515,19.214107971269172,129.95846799182465,126513996
fw,-74.7546463012695,-66.3086395263671,-7.444340191263813,131.7209699643965,126530663
fw,-75.5567398071289,-67.7836990356445,-39.283689313364626,130.01891818054602,126547330
fw,-76.6347503662109,-69.2705688476562,-75.05093703021682,124.97164909792946,126563997
fw,-78.2925872802734,-71.1841812133789,-112.89292769510737,116.80329318361176,126580664
fw,-80.5541458129882,-73.1901931762695,-150.40718913180976,105.97491587698966,126597331
fw,-83.1900634765625,-75.3052673339843,-184.7808256062754,93.31126056346608,126613998
fw,-85.4928970336914,-76.8677368164062,-213.0556564720044,80.02307365378482,126630665
fw,-86.7251205444336,-77.5950469970703,-232.53490646041598,67.54988201409878,126647332
fw,-84.49462890625,-77.764907836914,-241.29766604888164,57.2326574524806,126663999
fw,-78.7979431152343,-78.1392059326171,-238.70934609719282,49.93325991860122,126680666
fw,-74.5605697631836,-78.8223114013671,-225.73711724819753,45.77420046085195,126697333
fw,-72.0140380859375,-79.9035186767578,-204.87793627254646,44.128698697197464,126714000
fw,-69.7653198242187,-81.1720123291015,-179.64128966776073,43.8713407569728,126730667
fw,-67.2253341674804,-82.2820739746093,-153.7335605397483,43.78128596065169,126747334
fw,-64.7244796752929,-83.2360153198242,-130.213999805416,42.936923971175304,126764001
fw,-62.9361724853515,-83.9267196655273,-110.86031114588059,40.96405957138668,126780668
fw,-61.7847099304199,-84.4508743286132,-95.86728475280678,38.07160796491568,126797335
fw,-60.7089500427246,-84.9638214111328,-83.90999124668257,34.89337655426195,126814002
fw,-59.6205596923828,-85.6085433959961,-72.55534700492186,32.21760296960145,126830669
fw,-58.5512428283691,-86.1946563720703,-58.958763813300976,30.70196676347401,126847336
fw,-57.5309181213378,-86.5045318603515,-40.71147034552752,30.64344610096464,126864003
fw,-56.7858772277832,-86.6382141113281,-16.63452181934006,31.83396729062211,126880670
fw,-56.406982421875,-86.7772979736328,12.70883318425083,33.51657074836166,126897337
fw,-56.608543395996,-87.0300827026367,44.96337319334026,34.45952135753883,126914004
fw,-58.2352867126464,-87.2989807128906,76.45634250504847,33.15833876802015,126930671
fw,-61.2034606933593,-87.4385299682617,103.0933876793018,28.141280284805237,126947338
fw,-63.1679382324218,-87.4761734008789,121.42299217347647,18.307477364922818,126964005
fw,-65.4414443969726,-87.5249633789062,129.55483081000165,3.2001660163017243,126980672
fw,-67.7998123168945,-87.6445770263671,127.67698164048672,-16.869568863128162,126997339
fw,-70.3296737670898,-87.7572021484375,118.05028793178808,-40.884250404630784,127014006
fw,-72.2304229736328,-87.4462585449218,104.49054681515396,-67.33944180396449,127030673
fw,-73.3536682128906,-86.3147506713867,91.45492417436631,-94.54326634863463,127047340
fw,-74.1653823852539,-84.4152069091796,82.94180119113847,-120.89848969093917,127064007
fw,-74.8450012207031,-82.1213150024414,81.48216915174146,-145.08532164132774,127080674
fw,-75.9615020751953,-79.4316940307617,87.50057078555491,-166.10564472854304,127097341
fw,-77.570556640625,-76.5618286132812,99.22794278399596,-183.2039980704263,127114008
fw,-79.6276550292968,-73.2669982910156,113.18682160870657,-195.72940881212102,127130675
fw,-81.8566589355468,-69.6962814331054,125.10837866976367,-203.02586192384624,127147342
fw,-83.8717727661132,-66.1729583740234,131.0392825238432,-204.42528178133662,127164009
fw,-85.5161590576171,-62.6464691162109,128.37076131031205,-199.36921398451017,127180676
fw,-85.9730911254882,-59.4544219970703,116.54880916737473,-187.62398422399866,127197343
fw,-84.455078125,-56.7571792602539,97.27753017789561,-169.5047800053038,127214010
fw,-83.3722686767578,-54.2967987060546,74.11735383197461,-146.00660488728346,127230677
fw,-83.1810302734375,-51.9722557067871,51.53611056613815,-118.76026070408511,127247344
fw,-83.6173706054687,-50.7420959472656,33.67355406708491,-89.78342420579247,127264011
fw,-84.1243438720703,-50.4459228515625,23.22641087451749,-61.07184652716902,127280678
fw,-84.2355728149414,-50.5528411865234,20.838654824919626,-34.15736126251661,127297345
fw,-83.6252670288086,-50.8088607788085,25.175117591961847,-9.807912129360698,127314012
fw,-82.5541305541992,-50.9562759399414,33.57298657690534,11.987012080546748,127330679
fw,-81.4822616577148,-51.0239524841308,42.95745036924152,31.720773724886886,127347346
fw,-80.6278915405273,-51.0498962402343,50.66927436615125,49.89063237539176,127364013
fw,-79.8642196655273,-51.288230895996,54.97075611940568,66.56564628576318,127380680
fw,-79.1685333251953,-52.4656829833984,55.178736231443025,81.22450057822243,127397347
fw,-78.4455642700195,-55.0222816467285,51.51530819133054,92.95615186173816,127414014
fw,-77.7529144287109,-57.8589363098144,44.81583019567373,100.91848203531974,127430681
fw,-77.132209777832,-59.8780136108398,36.203296735369136,104.79862078050796,127447348
fw,-76.6329956054687,-61.7977981567382,26.779319764408193,105.01854448037437,127464015
fw,-76.3202133178711,-62.2545318603515,17.342745618555078,102.58825720926686,127480682
fw,-76.3387680053711,-63.4498214721679,8.146986178485607,98.71724853190392,127497349
fw,-76.636489868164,-65.0198059082031,-1.263692950788649,94.41286767107074,127514016
fw,-77.1629028320312,-66.4281768798828,-12.068952544544079,90.25893809195138,127530683
fw,-77.7788925170898,-67.8078002929687,-25.969351308655536,86.43066511774373,127547350
fw,-78.3749694824218,-69.2906799316406,-44.74622873110374,82.86941964355552,127564017
fw,-79.1488800048828,-70.610237121582,-69.65401401479063,79.48430981298583,127580684
fw,-80.3979034423828,-71.6074752807617,-100.80498921089823,76.27005064967207,127597351
fw,-82.4590682983398,-72.5336837768554,-136.75040291440996,73.3009418545547,127614018
fw,-85.2049026489257,-73.6184005737304,-174.42993654558813,70.63894897251164,127630685
fw,-87.8527908325195,-74.7451171875,-209.5646871051526,68.23835199890155,127647352
fw,-86.8735656738281,-75.7665863037109,-237.4468493548206,65.91713014244588,127664019
fw,-82.7685012817382,-76.8248748779296,-253.9664525370123,63.412606746770294,127680686
fw,-76.611831665039,-78.0513153076171,-256.6238555624094,60.486903666515616,127697353
fw,-71.6322555541992,-79.2270202636718,-245.22412251452363,57.026252107168716,127714020
fw,-68.5432586669921,-80.3703231811523,-221.98933469252367,53.089937121621624,127730687
fw,-66.0455703735351,-81.5179138183593,-191.00035216594753,48.89427617696891,127747354
fw,-63.7756767272949,-82.5446548461914,-157.13301115394117,44.74484858536899,127764021
fw,-62.0316429138183,-83.2255554199218,-124.83945839731032,40.94448403217328,127780688
fw,-60.7749977111816,-83.6973114013671,-97.1448216990534,37.707976597170436,127797355
fw,-59.7534103393554,-84.1744232177734,-75.11235938049691,35.11352310053051,127814022
fw,-58.8063735961914,-84.7868423461914,-57.86776513712856,33.11100641399008,127830689
fw,-58.0647010803222,-85.4596405029296,-43.12646799641188,31.581296657332334,127847356
fw,-57.3885879516601,-86.0918960571289,-28.056575473199022,30.40914646393828,127864023
fw,-56.8718223571777,-86.6246109008789,-10.242606476733936,29.520127656136882,127880690
fw,-56.6256980895996,-87.0068969726562,11.501804464943495,28.853056037904988,127897357
fw,-56.7857551574707,-87.2771759033203,36.687714667557394,28.28028072673383,127914024
fw,-57.3698539733886,-87.4961013793945,63.198833710471426,27.52101611135359,127930691
fw,-59.6404075622558,-87.6999816894531,87.83032814867921,26.097492661181647,127947358
fw,-62.1677551269531,-87.8980178833007,107.16631724516454,23.36045192382092,127964025
fw,-64.5941619873046,-88.0466613769531,118.52941362254604,18.57679358807949,127980692
fw,-66.5017395019531,-88.1389083862304,120.7169772529596,11.049064987236825,127997359
fw,-68.1281204223632,-88.1446990966796,114.33310502156816,0.23431115699932448,128014026
fw,-69.9993591308593,-88.0807189941406,101.67486605230498,-14.15776247572059,128030693
fw,-71.6722869873046,-87.9659652709961,86.24925094817976,-32.09527778473427,128047360
fw,-73.0112609863281,-87.5207748413086,72.04601952908415,-53.187812607815104,128064027
fw,-73.957046508789,-86.455696105957,62.70064696117615,-76.68792175658633,128080694
fw,-74.4465942382812,-84.7936172485351,60.69452733018724,-101.53013883760966,128097361
fw,-75.0291366577148,-82.6266098022461,66.75984675593389,-126.39574957134191,128114028
fw,-76.2241439819336,-80.0478973388671,79.64805139676015,-149.78453315116806,128130695
fw,-77.8706970214843,-77.2446365356445,96.35256967995862,-170.08351180304365,128147362
fw,-79.7666854858398,-74.1111373901367,112.7603480426276,-185.647071401397,128164029
fw,-81.7858963012695,-70.6964111328125,124.59218849166058,-194.9247409948608,128180696
fw,-83.8102722167968,-67.3172607421875,128.42249033958237,-196.66834102626476,128197363
fw,-85.9043273925781,-63.8617973327636,122.54952105831114,-190.2096539977144,128214030
fw,-86.6860733032226,-60.7757682800293,107.49845591879054,-175.740070476642,128230697
fw,-85.4148254394531,-58.1897010803222,85.9817689259599,-154.4795328087347,128247364
fw,-84.9711074829101,-55.9671669006347,62.2500932169285,-128.62428713822175,128264031
fw,-85.6207809448242,-54.3160400390625,40.960913413308,-101.01877380625503,128280698
fw,-86.4559173583984,-53.5054473876953,25.90854255741378,-74.58821864782293,128297365
fw,-86.8782653808593,-53.304874420166,19.060931535596104,-51.66500608758863,128314032
fw,-86.5165405273437,-53.4403343200683,20.240174712436733,-33.411037782456305,128330699
fw,-85.5477218627929,-53.5350532531738,27.50547627062284,-19.546113192485663,128347366
fw,-84.2268829345703,-53.3692207336425,38.00603415788516,-8.51643436813524,128364033
fw,-83.0243377685546,-52.9015045166015,48.919454358977696,1.9106554032126406,128380700
fw,-82.2049026489257,-52.3498458862304,58.13146224872155,13.807500674378309,128397367
fw,-81.4561920166015,-51.9735412597656,64.48909224704447,28.299977415348827,128414034
fw,-80.46533203125,-52.2320709228515,67.66283432778843,45.13511408582424,128430701
fw,-79.3718795776367,-53.8272476196289,67.78627822882036,62.77536673225406,128447368
fw,-78.2966613769531,-56.3486175537109,65.06621508115124,78.97499557390395,128464035
fw,-77.2689437866211,-58.3921699523925,59.4988935885091,91.58745832330796,128480702
fw,-76.4644088745117,-59.7119522094726,50.74633903730933,99.27144930664315,128497369
fw,-75.9255294799804,-61.1753005981445,38.164273399990954,101.85195505686457,128514036
fw,-75.5749130249023,-62.5998306274414,20.944029803943444,100.27870952963583,128530703
fw,-75.5865249633789,-63.9252586364746,-1.6728919707862318,96.2783652807652,128547370
fw,-76.1310882568359,-65.6264572143554,-30.141867679984266,91.84818412136174,128564037
fw,-77.2090301513671,-66.5244827270507,-64.35177140291754,88.71746488703451,128580704
fw,-78.7777328491211,-67.3632354736328,-103.38127715998132,87.87697692173454,128597371
fw,-80.9202194213867,-68.1733093261718,-145.31914863528198,89.27900612180142,128614038
fw,-83.4517440795898,-69.1506042480468,-187.21440401899707,91.81577100146272,128630705
fw,-85.7450408935546,-70.7358474731445,-225.23522529537644,93.64179536682926,128647372
fw,-85.9040451049804,-72.886734008789,-255.10062260507206,92.79454047566605,128664039
fw,-83.3975296020507,-75.2777099609375,-272.7934781854218,87.92405822805698,128680706
fw,-78.7961654663086,-77.1741104125976,-275.46345556711157,78.84939979229624,128697373
fw,-71.9212265014648,-78.2778854370117,-262.29710264429883,66.69464202857512,128714040
fw,-67.7384490966796,-78.7211837768554,-235.03119807887145,53.530611326059194,128730707
fw,-64.868049621582,-78.8496322631836,-197.81846316795438,41.676326998162274,128747374
fw,-62.7772331237793,-79.2929000854492,-156.37333559082637,32.96603321240798,128764041
fw,-61.5219955444335,-79.8613357543945,-116.62938727800623,28.277084731302708,128780708
fw,-61.0586547851562,-80.4325485229492,-83.34316237844553,27.461150999760264,128797375
fw,-60.3440170288085,-81.0309753417968,-59.07914107676472,29.628957924026068,128814042
fw,-59.4232559204101,-81.7796554565429,-43.84459453319392,33.608266168128075,128830709
fw,-58.5708808898925,-82.628921508789,-35.41204618765509,38.364929855984215,128847376
fw,-57.9140701293945,-83.4353256225586,-30.16525181258988,43.230665842923315,128864043
fw,-57.3697357177734,-84.1460952758789,-24.193249643570713,47.881986375565916,128880710
fw,-56.9806861877441,-84.8013763427734,-14.345874322499462,52.12391396167055,128897377
fw,-56.7052383422851,-85.4036026000976,0.9821469289236213,55.60974873154489,128914044
fw,-56.5036926269531,-85.8803024291992,21.493944337559856,57.643793695953164,128930711
fw,-56.9093360900878,-86.0735549926757,45.129152044726005,57.16505669283743,128947378
fw,-58.6585540771484,-85.9791717529296,68.66391485843137,52.92559899665556,128964045
fw,-60.8845176696777,-85.8125915527343,88.6166142502654,43.79910467961118,128980712
fw,-63.0930404663085,-85.7393417358398,102.202052068228,29.113117736011162,128997379
fw,-64.9512634277343,-85.7854614257812,108.0560694859009,8.898549654252053,129014046
fw,-66.2862396240234,-86.0030670166015,106.53980481912282,-16.018591019618942,129030713
fw,-68.4809799194336,-86.3817138671875,99.58229777813966,-44.11108961467946,129047380
fw,-70.0196304321289,-86.6038513183593,90.15128185669849,-73.40700613221522,129064047
fw,-70.860969543457,-86.024429321289,81.51275724090783,-101.84096918635024,129080714
fw,-71.5488662719726,-84.2749557495117,76.46451651971134,-127.6033859472617,129097381
fw,-72.7932434082031,-81.8650817871093,76.72449490086515,-149.38700900106878,129114048
fw,-74.4743881225586,-79.3496170043945,82.60808376196772,-166.46114266728148,129130715
fw,-76.327163696289,-76.8535995483398,93.0347403730578,-178.5686775420825,129147382
fw,-78.1643905639648,-74.0946273803711,105.80682310582888,-185.71695895981523,129164049
fw,-79.9227218627929,-70.8569946289062,118.05933223059517,-187.9781095457598,129180716
fw,-81.5698165893554,-67.7017364501953,126.79770040923233,-185.39729532563655,129197383
fw,-83.4152526855468,-64.4468917846679,129.47733279742295,-178.0387013274838,129214050
fw,-85.4411315917968,-61.4918937683105,124.57921798216785,-166.12260056523945,129230717
fw,-87.1693878173828,-59.1827507019043,112.08401052026014,-150.16544969765954,129247384
fw,-86.6040267944336,-57.2230110168457,93.68153399107115,-131.04298230654683,129264051
fw,-85.6878433227539,-55.3261337280273,72.54932626749631,-109.93774389843706,129280718
fw,-85.6169815063476,-53.7917556762695,52.64901212948708,-88.17695904880343,129297385
fw,-86.0690689086914,-52.8151702880859,37.69613203301541,-66.99571534385825,129314052
fw,-86.4453201293945,-52.3838119506835,30.14095222908061,-47.280473886722305,129330719
fw,-86.1577453613281,-52.3453063964843,30.530167447257003,-29.36909597737595,129347386
fw,-85.3438949584961,-52.3994445800781,37.47078482729317,-12.994170066413044,129364053
fw,-84.0819931030273,-52.4112434387207,48.17069797001059,2.569819940090978,129380720
fw,-82.5650482177734,-52.3337860107421,59.31555334723863,18.167565514672805,129397387
fw,-81.1319808959961,-52.2944030761718,67.95197884390086,34.33849399668513,129414054
fw,-79.9539642333984,-52.3851737976074,72.09990806783617,50.98003740423348,129430721
fw,-78.9150390625,-53.2617301940918,70.96228239376177,67.26482041395873,129447388
fw,-77.9461517333984,-55.495620727539,64.76075275182767,81.87968780686,129464055
fw,-77.1161499023437,-57.7937545776367,54.335147346240994,93.5004315724676,129480722
fw,-76.4863204956054,-59.0370330810546,40.676783909358875,101.29398810133866,129497389
fw,-76.1716537475586,-60.4097328186035,24.537961351780247,105.23331710444477,129514056
fw,-76.2742156982421,-62.2046585083007,6.208026502736173,106.11636146120324,129530723
fw,-76.7243728637695,-64.1685028076171,-14.502849209923278,105.30828955878691,129547390
fw,-77.4855499267578,-65.7714538574218,-38.07231187075014,104.29857460443667,129564057
fw,-78.3206176757812,-66.6809387207031,-64.90955026050572,104.19081383064055,129580724
fw,-79.451057434082,-67.4984741210937,-94.92595037250045,105.26869271794943,129597391
fw,-81.1455001831054,-68.4208755493164,-127.16647814861147,106.80375793991831,129614058
fw,-83.4845809936523,-70.0846862792968,-159.64183197474205,107.23840570692417,129630725
fw,-85.6569290161132,-72.4462966918945,-189.45549778775964,104.75416593637286,129647392
fw,-86.499153137207,-75.2247848510742,-213.23842122120806,98.0505326615113,129664059
fw,-84.8769989013671,-77.3755493164062,-227.8210532818422,87.00986288484981,129680726
fw,-81.4053649902343,-78.5840988159179,-231.00303081257942,72.92005279368014,129697393
fw,-75.9389495849609,-78.7703704833984,-222.2193907178264,58.11034064485404,129714060
fw,-72.2809219360351,-78.6294479370117,-202.86813778036648,45.14516556523545,129730727
fw,-70.1532974243164,-78.9233932495117,-176.11833019235448,35.94679170844891,129747394
fw,-68.1407699584961,-79.8030853271484,-146.1927932304782,31.237181215315466,129764061
fw,-66.6513290405273,-80.8381195068359,-117.33816391609363,30.49834233840148,129780728
fw,-65.5966262817382,-81.6233978271484,-92.81912195339414,32.38329304677147,129797395
fw,-64.5209350585937,-82.2785415649414,-74.23908477650205,35.329363892246974,129814062
fw,-63.3833770751953,-83.0493469238281,-61.347164156813356,38.10194985077306,129830729
fw,-62.3972206115722,-83.8504333496093,-52.328372790271665,40.09047877334145,129847396
fw,-61.5836791992187,-84.6210556030273,-44.44926115764352,41.310295452982906,129864063
fw,-60.9501304626464,-85.3859939575195,-34.86778140066922,42.1768702810726,129880730
fw,-60.4984703063964,-86.1566696166992,-21.410217290883114,43.18267758644817,129897397
fw,-60.0846824645996,-86.8330001831054,-3.1466177082765174,44.60964900345769,129914064
fw,-59.7655029296875,-87.2230072021484,19.361124142351148,46.360774264022034,129930731
fw,-60.137939453125,-87.2830734252929,44.206620346751066,47.92729656812072,129947398
fw,-62.1217308044433,-87.1802673339843,68.66024143874893,48.46076544380005,129964065
fw,-64.5931396484375,-87.0456085205078,89.92270352895105,46.90739242569383,129980732
fw,-66.5409164428711,-86.8861846923828,105.86983373018391,42.174290479540005,129997399
fw,-68.3502807617187,-86.6175994873046,115.54368756755551,33.3106895370811,130014066
fw,-69.9490585327148,-86.2327270507812,119.2585800480049,19.686983691557554,130030733
fw,-71.9557189941406,-86.0403747558593,118.35012379718192,1.1426627160668898,130047400
fw,-74.0604095458984,-86.2384948730468,114.70243853928748,-21.933118617796854,130064067
fw,-75.8748703002929,-86.7191390991211,110.20733803072874,-48.61288344900168,130080734
fw,-77.6998672485351,-87.0646896362304,106.27827334769663,-77.53021439646383,130097401
fw,-78.9484100341796,-86.6415328979492,103.51384274359393,-107.03588265152682,130114068
fw,-79.9657897949218,-85.216438293457,101.59342927577308,-135.36932868871068,130130735
fw,-81.4076080322265,-82.9173965454101,99.46186721739913,-160.81318620608366,130147402
fw,-83.4967575073242,-80.1435241699218,95.78652269119793,-181.81765680855085,130164069
fw,-85.9141464233398,-77.0284118652343,89.55245863652954,-197.10057310568882,130180736
fw,-87.9217071533203,-73.5658264160156,80.56052517715527,-205.7395207307283,130197403
fw,-88.8194885253906,-70.0735168457031,69.5942910733132,-207.26662462235635,130214070
fw,-88.9442672729492,-66.499771118164,58.16036404039735,-201.75359101482138,130230737
fw,-88.6084442138671,-63.3020973205566,47.921154244696844,-189.84773701966984,130247404
fw,-88.0898208618164,-60.5747756958007,40.1000479194978,-172.71097663172037,130264071
fw,-87.482307434082,-58.1059913635253,35.141274235642776,-151.83665485073809,130280738
fw,-86.7247543334961,-56.2638778686523,32.752321389769726,-128.76752513923586,130297405
fw,-86.0147399902343,-54.971881866455,32.25186678097499,-104.78988427832537,130314072
fw,-85.3136215209961,-53.9090461730957,33.0132653629262,-80.7078036753531,130330739
fw,-84.5815277099609,-52.8992500305175,34.78429372615829,-56.78729287536059,130347406
fw,-83.9680480957031,-52.1486511230468,37.749834005764505,-32.89969657351179,130364073
fw,-83.430305480957,-51.8474388122558,42.32646492468413,-8.810906840700522,130380740
fw,-82.8576507568359,-51.8122978210449,48.786012935628804,15.499623067253847,130397407
fw,-82.1804428100586,-52.0786437988281,56.86509953136919,39.6189047161441,130414074
fw,-81.3207244873046,-52.7711486816406,65.51403680626382,62.671471076699206,130430741
fw,-80.2305679321289,-54.0883255004882,72.88000351736163,83.50334877527631,130447408
fw,-78.9670944213867,-56.6534118652343,76.53614193688547,101.01469740993238,130464075
fw,-77.6784973144531,-59.2210807800293,73.89426111019412,114.50037556835026,130480742
fw,-76.5532684326171,-61.0428504943847,62.69692369742917,123.83490052809304,130497409
fw,-75.7971115112304,-63.0289802551269,41.480189068399405,129.40469573463724,130514076
fw,-75.5856323242187,-64.1661911010742,9.922326532789334,131.82335095287144,130530743
fw,-76.1648025512695,-66.3125610351562,-30.96903104747914,131.58240832755536,130547410
fw,-77.5863189697265,-67.68505859375,-78.84366908556201,128.817295594152,130564077
fw,-79.6042251586914,-69.0334701538086,-130.16023510968677,123.3016232573724,130580744
fw,-82.307876586914,-70.783462524414,-180.48981489868248,114.67589995317142,130597411
fw,-85.4791870117187,-72.8953399658203,-224.967269288729,102.81973608640006,130614078
fw,-87.1948852539062,-75.2775344848632,-258.88691474498825,88.20982117602928,130630745
fw,-84.9554672241211,-76.6726837158203,-278.4137178777545,72.0836687503352,130647412
fw,-79.9495773315429,-76.9966354370117,-281.32036610445607,56.283012255381266,130664079
fw,-73.1968383789062,-76.9820404052734,-267.57501697101765,42.79282752322733,130680746
fw,-69.5341796875,-77.2442855834961,-239.54656715192186,33.15897422918227,130697413
fw,-66.8701477050781,-77.95263671875,-201.65095619453058,28.044976888854908,130714080
fw,-64.8473434448242,-79.023941040039,-159.4622563043024,27.11496010349411,130730747
fw,-63.4124526977539,-79.7564239501953,-118.546124397293,29.259431069446926,130747414
fw,-62.2617721557617,-80.4140090942382,-83.37760219161544,33.0297999325105,130764081
fw,-61.1568603515625,-81.0838317871093,-56.62822435015156,37.092392789395056,130780748
fw,-60.2517852783203,-81.6925811767578,-38.93304606655977,40.548147700479845,130797415
fw,-59.7883911132812,-82.4379730224609,-29.089861123930845,43.043889413391085,130814082
fw,-59.5739212036132,-83.238655090332,-24.5608548501907,44.68649218659616,130830749
fw,-59.2970886230468,-84.1152114868164,-22.13778898679023,45.83637785001172,130847416
fw,-58.903148651123,-84.9236450195312,-18.65300624974004,46.87904496232694,130864083
fw,-58.4509506225585,-85.4278717041015,-11.629303935257788,48.047667987544926,130880750
fw,-57.9559059143066,-85.6139450073242,0.24354662144352657,49.32194655773154,130897417
fw,-57.7721519470214,-85.6378097534179,16.91124188826412,50.39480444938633,130914084
fw,-58.8327903747558,-85.7740402221679,37.091572075210244,50.693954683898724,130930751
fw,-60.5563201904296,-86.0486450195312,58.70236246852781,49.45540709790683,130947418
fw,-62.1589965820312,-86.2625198364257,79.43304980332529,45.84758634183109,130964085
fw,-63.8538475036621,-86.2242584228515,97.26832190862768,39.12864302330887,130980752
fw,-65.0049667358398,-86.0064926147461,110.82600702580073,28.797080178272495,130997419
fw,-66.7552337646484,-85.9169692993164,119.48475887538274,14.688116622508156,131014086
fw,-69.1450042724609,-86.0849838256836,123.36496041968282,-3.012571604788237,131030753
fw,-71.3906936645507,-86.4332275390625,123.23299997575971,-23.828971647076155,131047420
fw,-73.9307098388671,-86.7262496948242,120.34477050438292,-47.08897625807504,131064087
fw,-76.2589721679687,-86.701057434082,116.19780161591589,-72.00674649559089,131080754
fw,-77.8891830444336,-85.9864425659179,112.17550796116882,-97.72386272227926,131097421
fw,-78.9851150512695,-84.5496826171875,109.14061949533821,-123.30362131430783,131114088
fw,-80.1263046264648,-82.6047973632812,107.11955307445348,-147.6923117104677,131130755
fw,-81.4971694946289,-80.2610626220703,105.2475693203807,-169.67752028805018,131147422
fw,-83.3771209716796,-77.5695877075195,102.07159211520442,-187.8880528122936,131164089
fw,-85.6101913452148,-74.3258514404296,96.1515861014346,-200.88328878793004,131180756
fw,-87.8270568847656,-70.7729187011718,86.74002176903481,-207.3567213452148,131197423
fw,-88.4932479858398,-67.1024551391601,74.24361781919333,-206.42685921708855,131214090
fw,-88.0491638183593,-63.3621635437011,60.23732957012069,-197.92863288906187,131230757
fw,-87.8045654296875,-60.2368240356445,46.99405444548202,-182.58352817837897,131247424
fw,-87.4568557739257,-57.7601928710937,36.72398403493373,-161.945099381521,131264091
fw,-87.0442886352539,-55.9441184997558,30.854279905560766,-138.09248276361612,131280758
fw,-86.5558776855468,-54.3605308532714,29.64114172466191,-113.14794548218265,131297425
fw,-86.0366134643554,-53.32958984375,32.227457066199,-88.77396978669479,131314092
fw,-85.2985610961914,-52.5573997497558,37.05785710043424,-65.82216574428413,131330759
fw,-84.3568725585937,-51.7776336669921,42.44092174132357,-44.255913391618414,131347426
fw,-83.4457015991211,-51.1739501953125,47.03596886990196,-23.373106079793907,131364093
fw,-82.6087188720703,-50.8439826965332,50.115348976444494,-2.249354168194777,131380760
fw,-81.8348541259765,-50.8523826599121,51.56649778838367,19.755310868740217,131397427
fw,-81.112060546875,-51.1975975036621,51.69966874849586,42.6031828957232,131414094
fw,-80.3619766235351,-51.9054412841796,50.9768416958854,65.43619674747359,131430761
fw,-79.5390548706054,-52.9613342285156,49.76541890159193,86.73941647324796,131447428
fw,-78.7246704101562,-55.4836273193359,48.17124452300174,104.7633694329641,131464095
fw,-78.0023117065429,-58.4271049499511,45.95680400951187,118.05519716123173,131480762
fw,-77.3713302612304,-60.5971183776855,42.52748754361539,125.88762866311102,131497429
fw,-76.8063507080078,-62.630443572998,36.972335880595736,128.40898661668575,131514096
fw,-76.3561248779296,-63.409912109375,28.159205252084604,126.47431842369095,131530763
fw,-76.1594619750976,-65.1155090332031,14.89155896013096,121.2790653444966,131547430
fw,-76.4218978881836,-66.9806900024414,-3.8698553163172784,113.99206616525522,131564097
fw,-77.0243301391601,-68.1628952026367,-28.73022585773329,105.53353317335284,131580764
fw,-77.7919998168945,-69.417739868164,-59.56106931321362,96.52823890380917,131597431
fw,-78.8813781738281,-70.8173675537109,-95.24291000789978,87.37722815844347,131614098
fw,-80.6289367675781,-72.1338348388671,-133.54604834919877,78.36935142899469,131630765
fw,-83.2042541503906,-73.4125137329101,-171.24539458162334,69.77333153580524,131647432
fw,-85.7144012451171,-74.5645599365234,-204.5155147628526,61.88014457558706,131664099
fw,-86.6415328979492,-75.2245941162109,-229.566849059002,54.99029216223312,131680766
fw,-84.13525390625,-75.7599792480468,-243.3996315889474,49.35976591821763,131697433
fw,-78.8299942016601,-76.4260330200195,-244.49186757805285,45.133896935752944,131714100
fw,-74.3683471679687,-77.3058013916015,-233.21367486285223,42.30494301169261,131730767
fw,-71.5687026977539,-78.3887252807617,-211.80225353307097,40.717683327218296,131747434
fw,-69.1881713867187,-79.4494171142578,-183.86618011712105,40.12040643914623,131764101
fw,-66.8287277221679,-80.3291549682617,-153.5666995501962,40.23534985862759,131780768
fw,-64.5709686279296,-81.0578002929687,-124.73227706783402,40.81784560133962,131797435
fw,-62.7712821960449,-81.6015548706054,-100.13654334829974,41.684907090475654,131814102
fw,-61.6570129394531,-82.0862655639648,-81.06330297822554,42.71110517271687,131830769
fw,-60.8916702270507,-82.7412643432617,-67.1922899206436,43.803973769548655,131847436
fw,-60.1621170043945,-83.5382308959961,-56.800571056966554,44.87601140875297,131864103
fw,-59.4150505065918,-84.3301620483398,-47.25249063735958,45.82161948600853,131880770
fw,-58.7035789489746,-84.9677963256836,-35.70709075505736,46.492699049195664,131897437
fw,-58.1084632873535,-85.4405746459961,-19.907925468242667,46.66320238067523,131914104
fw,-57.6910438537597,-85.7903442382812,1.131332827325167,45.98877909109371,131930771
fw,-57.4627571105957,-86.0542984008789,26.739521190432033,43.9899785346266,131947438
fw,-57.7796516418457,-86.2192306518554,54.64018882400458,40.09329461332708,131964105
fw,-60.1066436767578,-86.2962493896484,81.47030428727027,33.741585907291,131980772
fw,-62.7864112854003,-86.3291244506836,103.63849220396663,24.5438472579627,131997439
fw,-64.6852493286132,-86.3874053955078,118.2659513620143,12.399640649696375,132014106
fw,-66.5424499511718,-86.5867767333984,123.9268587124533,-2.468706101109616,132030773
fw,-68.6875762939453,-87.0060501098632,120.99981791485294,-19.603694361579517,132047440
fw,-70.880142211914,-87.3924102783203,111.58248866260396,-38.48308938798685,132064107
fw,-72.8287124633789,-87.1680068969726,99.0207739152275,-58.68307835908712,132080774
fw,-74.4401779174804,-86.3044509887695,87.15058865353024,-79.93811955768251,132097441
fw,-75.3968505859375,-85.026611328125,79.38907989887394,-102.0520583634913,132114108
fw,-75.9007873535156,-83.4147415161132,77.86651641348492,-124.69447947601401,132130775
fw,-76.6876831054687,-81.2664413452148,82.83036177620221,-147.177853759748,132147442
fw,-77.979263305664,-78.6569137573242,92.52686740374973,-168.32312676721014,132164109
fw,-79.8926315307617,-75.6703796386718,103.64765692442535,-186.48649593501634,132180776
fw,-82.1258544921875,-72.2345581054687,112.25131421127857,-199.76405655141363,132197443
fw,-84.411880493164,-68.4589157104492,114.90651913301082,-206.33709832416946,132214110
fw,-86.7422561645507,-64.4866180419921,109.71979424617346,-204.8782530290739,132230777
fw,-87.8702697753906,-61.3482208251953,96.93180011742214,-194.91286663924325,132247444
fw,-86.9601135253906,-58.6625213623046,78.88183777355849,-177.0314607254626,132264111
fw,-86.5193557739257,-55.9611740112304,59.32850795117586,-152.8814356043533,132280778
fw,-86.5275726318359,-53.5442695617675,42.33383924963747,-124.91448052698651,132297445
fw,-86.6653442382812,-52.0679244995117,31.088778740355963,-95.91616230542773,132314112
fw,-86.8036499023437,-51.7090263366699,27.087056281310257,-68.40245010518035,132330779
fw,-86.5562210083007,-51.617992401123,29.908159637255622,-44.037744044456694,132347446
fw,-85.5627059936523,-51.5887336730957,37.61436355564766,-23.272759605951407,132364113
fw,-84.2188110351562,-51.4576263427734,47.52954000975213,-5.361685164915015,132380780
fw,-83.1385345458984,-51.2055587768554,57.06052327371153,11.213712726263896,132397447
fw,-82.1590805053711,-51.0632247924804,64.27914944048321,28.050534653423558,132414114
fw,-81.0941314697265,-51.320701599121,68.1475969242272,46.11457929671857,132430781
fw,-80.0885696411132,-51.6060142517089,68.43600674168303,65.28027052917287,132447448
fw,-79.1498641967773,-52.7996711730957,65.46962818221097,84.2965621778143,132464115
fw,-78.2606506347656,-55.6467323303222,59.84155396691761,101.19046477968318,132480782
fw,-77.3953094482421,-58.5157814025878,52.175158583435234,113.93905776579666,132497449
fw,-76.6014175415039,-60.54780960083,42.96195334359567,121.12673223409318,132514116
fw,-75.9966354370117,-62.487133026123,32.46207863018508,122.33121232938136,132530783
fw,-75.6155395507812,-63.3316192626953,20.644745705473163,118.14067659638063,132547450
fw,-75.4843292236328,-65.0432434082031,7.160503671875083,109.88669687359096,132564117
fw,-75.7946548461914,-66.4628677368164,-8.637326254582614,99.26710089075449,132580784
fw,-76.5567016601562,-67.6419296264648,-27.58628178772341,88.00283586280545,132597451
fw,-77.4797439575195,-68.7531585693359,-50.49276947754292,77.58716257308798,132614118
fw,-78.4745407104492,-69.9090805053711,-77.80119787511173,69.11984687816751,132630785
fw,-79.8228912353515,-70.6874160766601,-109.22232552373333,63.20146188171878,132647452
fw,-81.9964141845703,-71.2803344726562,-143.4427879548265,59.88048560206195,132664119
fw,-84.8802947998046,-72.0568771362304,-178.0459331939071,58.67428081976672,132680786
fw,-87.6805801391601,-72.9657669067382,-209.7244806186988,58.69659095102199,132697453
fw,-87.1820068359375,-74.0103759765625,-234.78438116496642,58.89695359395445,132714120
fw,-83.733154296875,-75.3012619018554,-249.86151867006612,58.35967309297106,132730787
fw,-78.8585891723632,-76.7626419067382,-252.70701275849862,56.56213712047124,132747454
fw,-73.1741333007812,-77.9672622680664,-242.83653577334476,53.49367255300699,132764121
fw,-69.3309173583984,-78.9405746459961,-221.81061950917697,49.59299226181163,132780788
fw,-66.6082687377929,-79.8312301635742,-192.97921015701726,45.54299415615723,132797455
fw,-64.4989013671875,-80.5995178222656,-160.70564250620743,42.01826175712297,132814122
fw,-62.7446861267089,-81.3245010375976,-129.2974958485923,39.4835470338816,132830789
fw,-61.3923759460449,-81.9548263549804,-101.98478173721891,38.10044149491811,132847456
fw,-60.3747062683105,-82.5348968505859,-80.24729702403522,37.74740800694028,132864123
fw,-59.346809387207,-83.2276382446289,-63.65385237821222,38.11978999906988,132880790
fw,-58.4002342224121,-83.9565887451171,-50.21612963103855,38.856790158469416,132897457
fw,-57.7001495361328,-84.6343612670898,-37.12885531694347,39.64092283598532,132914124
fw,-57.1700210571289,-85.227798461914,-21.68608728067428,40.23351309995477,132930791
fw,-56.7893829345703,-85.6778564453125,-2.135789397391285,40.44395319617325,132947458
fw,-56.645580291748,-85.9989471435546,21.744048983297894,40.0651058695821,132964125
fw,-56.7815399169921,-86.227424621582,48.50258182304677,38.82256671436728,132980792
fw,-58.3444938659668,-86.3682708740234,75.3590898947178,36.37270815097074,132997459
fw,-61.246238708496,-86.4493942260742,98.94533282878943,32.3525440388668,133014126
fw,-63.5483207702636,-86.4748001098632,116.22216694621048,26.453101231176827,133030793
fw,-65.7136535644531,-86.4682540893554,125.28073681200696,18.474658426057797,133047460
fw,-67.420166015625,-86.4631576538086,125.79914276739345,8.33328199402543,133064127
fw,-69.5495223999023,-86.465705871582,119.07436756402505,-3.983095416832137,133080794
fw,-71.4273147583007,-86.4621124267578,107.68760124992272,-18.479726894403758,133097461
fw,-73.1047439575195,-86.3597106933593,94.92442031186872,-35.19498742959571,133114128
fw,-74.707046508789,-85.9392471313476,84.07434325225263,-54.17540777629932,133130795
fw,-75.8158493041992,-85.1049499511718,77.72658784592527,-75.3734319143268,133147462
fw,-76.5097045898437,-83.8470001220703,77.186174666069,-98.49123001016271,133164129
fw,-77.5463485717773,-82.1526794433593,82.14388567778592,-122.82172807791405,133180796
fw,-78.9676284790039,-80.030029296875,90.71175879768694,-147.14729876006692,133197463
fw,-80.5161437988281,-77.4939498901367,99.86122326139764,-169.7475356897793,133214130
fw,-82.2657394409179,-74.621223449707,106.18963376921245,-188.54752174371936,133230797
fw,-84.1883697509765,-71.2603454589843,106.83694913860735,-201.41100304669942,133247464
fw,-86.2815322875976,-67.5869827270507,100.31357291927215,-206.5451512810938,133264131
fw,-87.1833877563476,-63.5584640502929,86.99656499632434,-202.9340398260326,133280798
fw,-86.5075607299804,-60.4319038391113,69.11390168344045,-190.674104806986,133297465
fw,-85.9685745239257,-57.8547019958496,50.17454114872158,-171.08089475184732,133314132
fw,-85.9623107910156,-55.5798950195312,33.99301578864925,-146.49303904421484,133330799
fw,-86.0270462036132,-53.8617248535156,23.623148261625055,-119.79609467563233,133347466
fw,-86.0607528686523,-52.5544624328613,20.561165149663676,-93.77983297562794,133364133
fw,-86.0002212524414,-52.103515625,24.46794064915698,-70.49752222354162,133380800
fw,-85.4871597290039,-51.7876510620117,33.450089375648346,-50.80968562970824,133397467
fw,-84.5118789672851,-51.3974533081054,44.73679950863838,-34.2627019021891,133414134
fw,-83.4467163085937,-50.9514350891113,55.48067943818501,-19.364843214268614,133430801
fw,-82.3914489746093,-50.5684204101562,63.4248642665472,-4.192514564217035,133447468
fw,-81.3214874267578,-50.3112068176269,67.28361091163931,12.863076909316376,133464135
fw,-80.2552490234375,-50.4292488098144,66.81210821796596,32.4586695377753,133480802
fw,-79.2525558471679,-50.7028770446777,62.63164579223782,53.9936945983854,133497469
fw,-78.4365310668945,-51.8099899291992,55.90812936678681,75.75349155174706,133514136
fw,-77.7791137695312,-54.5388755798339,47.97462060869153,95.4585385666458,133530803
fw,-77.1923675537109,-57.6001739501953,39.9706946015943,111.01089192276352,133547470
fw,-76.7154159545898,-59.5950393676757,32.556151089093404,121.13238856343317,133564137
fw,-76.370979309082,-61.2389793395996,25.742146420309425,125.63854353052642,133580804
fw,-76.135627746582,-62.9921379089355,18.864950963601665,125.28062245862901,133597471
fw,-76.0082397460937,-63.9996032714843,10.70650687878279,121.3004350361442,133614138
fw,-76.0911636352539,-65.6827163696289,-0.2554336523008075,114.94783891388192,133630805
fw,-76.4412002563476,-67.2545547485351,-15.504313702160042,107.17093516832742,133647472
fw,-76.9572601318359,-68.4704666137695,-36.10270581173788,98.55882544785747,133664139
fw,-77.7353286743164,-70.21826171875,-62.33969541909849,89.48137649750066,133680806
fw,-79.0665435791015,-71.7531967163086,-93.4850464945087,80.29127517871585,133697473
fw,-81.1650009155273,-72.7266693115234,-127.72039206615305,71.45242160378336,133714140
fw,-83.9327926635742,-73.5599365234375,-162.28686316322492,63.524009975295,133730807
fw,-86.7156829833984,-74.3456115722656,-193.84220361269294,57.023372227168984,133747474
fw,-88.3208923339843,-75.028579711914,-218.97938241227317,52.2579896591386,133764141
fw,-85.4567031860351,-75.8724288940429,-234.8316725801577,49.22162532317666,133780808
fw,-80.5836181640625,-76.7853622436523,-239.66034942793422,47.602097557473925,133797475
fw,-75.5143508911132,-77.8027725219726,-233.2804021827188,46.88857083874629,133814142
fw,-72.12841796875,-78.8477783203125,-217.16237593960815,46.52657280091756,133830809
fw,-69.4387741088867,-79.8160781860351,-194.1149577461481,46.060604111840064,133847476
fw,-67.0314102172851,-80.7655868530273,-167.60596251210913,45.2221095270997,133864143
fw,-64.8122406005859,-81.5437850952148,-140.92951359959656,43.95001874980705,133880810
fw,-63.0302963256835,-82.2417221069336,-116.47544691610062,42.357189461778184,133897477
fw,-61.576000213623,-82.9031677246093,-95.29278608710618,40.67095710489142,133914144
fw,-60.4536437988281,-83.5789260864257,-77.02808432662914,39.17611972657625,133930811
fw,-59.4882354736328,-84.2360534667968,-60.22090342542034,38.17271145624911,133947478
fw,-58.7490882873535,-84.7867355346679,-42.86793361985414,37.936536504366345,133964145
fw,-58.1811218261718,-85.2561264038086,-23.117579910847915,38.65669742337066,133980812
fw,-57.8879013061523,-85.6675872802734,0.07328855273807303,40.33677730275628,133997479
fw,-57.9538497924804,-86.0078659057617,26.49137102728239,42.67969595742924,134014146
fw,-58.3305320739746,-86.2545089721679,54.56394435260918,45.00678261396837,134030813
fw,-59.5544357299804,-86.3956069946289,81.65943250480606,46.26656572473626,134047480
fw,-62.4250526428222,-86.4553604125976,104.73494115300704,45.16290950579953,134064147
fw,-64.9378356933593,-86.416145324707,121.15065478512241,40.38810893503612,134080814
fw,-67.1753005981445,-86.2982635498046,129.39816081015547,30.90475367500831,134097481
fw,-69.023681640625,-86.1783828735351,129.52037484742837,16.198211652442023,134114148
fw,-71.2419281005859,-86.1407012939453,123.12123539634116,-3.572307368832185,134130815
fw,-73.3175430297851,-86.2846984863281,112.99449374955786,-27.56587108948415,134147482
fw,-75.4161758422851,-86.5441360473632,102.47757827206432,-54.39544160042314,134164149
fw,-76.8064727783203,-86.6068572998046,94.66474578387748,-82.36872017983902,134180816
fw,-77.7622680664062,-85.9556198120117,91.63693928274009,-109.7690345770827,134197483
fw,-78.5346145629882,-84.3615341186523,93.89633994831915,-135.10032783818087,134214150
fw,-79.7446823120117,-81.9802169799804,100.19343085761606,-157.22994634446607,134230817
fw,-81.5943527221679,-79.1459121704101,107.85667306645547,-175.39579567194835,134247484
fw,-83.8859939575195,-76.1268997192382,113.57900572688312,-189.09528677229966,134264151
fw,-86.3291244506836,-72.9331359863281,114.44112509469137,-197.92500534482855,134280818
fw,-88.1731872558593,-69.7493896484375,108.84136030193156,-201.46754627476025,134297485
fw,-87.1225433349609,-66.5691986083984,97.01040202874572,-199.30525240387587,134314152
fw,-85.8888626098632,-62.8605690002441,80.92150463130575,-191.17672302834376,134330819
fw,-85.5000305175781,-59.4225997924804,63.62458218238751,-177.20423373213535,134347486
fw,-85.369888305664,-56.6688537597656,48.25767502085521,-158.05734830336743,134364153
fw,-85.1537017822265,-54.7583961486816,37.11770996840812,-134.92995361239426,134380820
fw,-84.7199172973632,-53.3681297302246,31.129727315341558,-109.30209660642771,134397487
fw,-84.0423126220703,-52.6069145202636,29.858058809110428,-82.58041431866175,134414154
fw,-83.0391998291015,-52.0066108703613,31.96164743263929,-55.784663877460005,134430821
fw,-81.9507980346679,-51.4911193847656,35.83006162966166,-29.429893326515852,134447488
fw,-81.151008605957,-51.0717849731445,40.111612957634875,-3.6567887965167456,134464155
fw,-80.6182479858398,-51.0024871826171,43.950724417610154,21.460349306251224,134480822
fw,-80.1055526733398,-51.4974136352539,46.92146987223928,45.584519264987705,134497489
fw,-79.5084762573242,-52.2898483276367,48.78699534974922,67.93146419664896,134514156
fw,-78.7868347167968,-53.3070831298828,49.261980295175945,87.33091741841267,134530823
fw,-77.8859252929687,-55.5436096191406,47.90049882179245,102.53059345143178,134547490
fw,-76.9588470458984,-58.3580741882324,44.12684739388464,112.63289488396777,134564157
fw,-76.2260589599609,-60.4352340698242,37.3424563629291,117.48218836213006,134580824
fw,-75.8589859008789,-62.1710205078125,27.022078217738045,117.82463479834418,134597491
fw,-75.9245681762695,-63.850486755371,12.755267355189826,115.1554995988662,134614158
fw,-76.3664779663086,-65.2726211547851,-5.744110094301495,111.30100728116685,134630825
fw,-77.0392456054687,-66.6554565429687,-28.59567773247497,107.87858202520356,134647492
fw,-77.798713684082,-67.396240234375,-55.625667850618505,105.81001441875915,134664159
fw,-78.8586959838867,-68.6240081787109,-86.1650361891334,105.04478937973883,134680826
fw,-80.5629348754882,-69.990982055664,-118.85433616799966,104.60218515129736,134697493
fw,-82.9743499755859,-71.9900436401367,-151.571225341214,102.95347515905733,134714160
fw,-85.6146545410156,-74.2853927612304,-181.56935573677066,98.63937249740293,134730827
fw,-87.6461563110351,-76.2532730102539,-205.84818685525022,90.89671473912749,134747494
fw,-86.5151901245117,-77.6646499633789,-221.7000594385234,80.02981912982946,134764161
fw,-82.9673995971679,-78.3955917358398,-227.32138865867103,67.35583559921844,134780828
fw,-77.5393371582031,-78.7891464233398,-222.3240012602082,54.746822155398775,134797495
fw,-73.6652297973632,-79.1854095458984,-207.95405095430203,43.97897546801917,134814162
fw,-71.3736114501953,-79.8088684082031,-186.8718972481723,36.176480761132225,134830829
fw,-69.3633346557617,-80.736328125,-162.49886678889612,31.569398369474705,134847496
fw,-67.4441604614257,-81.7591476440429,-138.1303360837376,29.621185477681315,134864163
fw,-65.6738586425781,-82.6435852050781,-116.11944274001252,29.413241667713038,134880830
fw,-64.1111602783203,-83.3019180297851,-97.38793890778439,30.08047775949271,134897497
fw,-62.8322639465332,-83.7953720092773,-81.37632677463571,31.10559907339487,134914164
fw,-61.7456703186035,-84.2232131958007,-66.4010076798649,32.377481993587025,134930831
fw,-60.87646484375,-84.6929702758789,-50.29160257444533,34.03981196553469,134947498
fw,-60.1951332092285,-85.2378234863281,-31.13513467465033,36.23831445017065,134964165
fw,-59.6770858764648,-85.7814178466796,-7.9397779685091825,38.890331613285305,134980832
fw,-59.416088104248,-86.1949157714843,18.9558297872144,41.56263500275332,134997499
fw,-59.8180313110351,-86.471694946289,47.85333167516579,43.48669992602112,135014166
fw,-61.3068237304687,-86.6476058959961,76.07716839022277,43.693065496822456,135030833
fw,-64.3063583374023,-86.7099075317382,100.66863137232448,41.217055483734434,135047500
fw,-66.6889266967773,-86.6634063720703,119.16732156919753,35.31465378691842,135064167
fw,-68.7737197875976,-86.5623092651367,130.21397340049901,25.627660419626416,135080834
fw,-70.73388671875,-86.4347610473632,133.7903236069659,12.252630035380287,135097501
fw,-72.8060760498046,-86.3482666015625,131.0715564074487,-4.302322011064208,135114168
fw,-74.9422378540039,-86.3740997314453,124.00374791746468,-23.25231688007877,135130835
fw,-76.7974548339843,-86.4025115966796,114.76927752155416,-43.71097421646471,135147502
fw,-78.5388107299804,-86.1670227050781,105.28331979995907,-64.84306677911614,135164169
fw,-79.9742202758789,-85.5582962036132,96.82441001288285,-85.94445946294297,135180836
fw,-80.9807586669921,-84.4819717407226,89.86875121201886,-106.43169974677596,135197503
fw,-82.1186294555664,-82.7854766845703,84.1637596230823,-125.76040013574601,135214170
fw,-83.7139434814453,-80.5621032714843,79.02137331484353,-143.31718879850135,135230837
fw,-85.5112686157226,-78.0532989501953,73.73333144468096,-158.3385961006671,135247504
fw,-86.8119888305664,-75.2910537719726,67.94346535336544,-169.90491567167663,135264171
fw,-87.5412216186523,-72.1961135864257,61.81293573243776,-177.0397265809736,135280838
fw,-87.8460540771484,-68.8781204223632,55.90981629123428,-178.91196321734319,135297505
fw,-87.7542343139648,-65.3662490844726,50.8999290162174,-175.08740428246654,135314172
fw,-87.2936935424804,-62.5342979431152,47.21974247944607,-165.73058477320117,135330839
fw,-86.5333251953125,-60.3778762817382,44.90651267877687,-151.65267313261648,135347506
fw,-85.6958465576171,-58.7628097534179,43.65362951849985,-134.15649949437073,135364173
fw,-84.851936340332,-57.1813430786132,43.02572165661827,-114.72160649466312,135380840
fw,-84.1672286987304,-55.692584991455,42.692581564197546,-94.64237402540397,135397507
fw,-83.6696472167968,-54.7986106872558,42.55725753070666,-74.7432169521196,135414174
fw,-83.2088088989257,-54.1167831420898,42.73308210465085,-55.258144760645685,135430841
fw,-82.618179321289,-53.6660537719726,43.40927092260143,-35.91038533510832,135447508
fw,-81.8820266723632,-53.3510704040527,44.68962057498081,-16.175593151278157,135464175
fw,-81.1070251464843,-53.1094627380371,46.48179348337701,4.343290782055723,135480842
fw,-80.3735656738281,-52.9290657043457,48.47401245880472,25.553548052166988,135497509
fw,-79.6303787231445,-53.1758651733398,50.191331285182365,46.670972339936704,135514176
fw,-78.8475265502929,-53.9108695983886,51.095899857693844,66.29600134105765,135530843
fw,-78.0538482666015,-55.8883094787597,50.68917111188446,82.78608639078158,135547510
fw,-77.2493743896484,-58.8992958068847,48.58235846479243,94.801409883919,135564177
fw,-76.4963607788086,-60.945026397705,44.516401165918865,101.78723143237771,135580844
fw,-75.8300552368164,-62.4045639038085,38.328332158026846,104.15664305398205,135597511
fw,-75.3060607910156,-63.4518585205078,29.874256160156502,103.08222604707034,135614178
fw,-74.9936981201171,-64.1313858032226,18.93031505133102,100.01380724101604,135630845
fw,-75.005012512207,-65.7550277709961,5.104512235370954,96.17258754639664,135647512
fw,-75.4805755615234,-67.1624450683593,-12.195298472003872,92.24894953091248,135664179
fw,-76.3184204101562,-68.4019317626953,-33.685460762575666,88.39037356965368,135680846
fw,-77.3076095581054,-69.7648696899414,-59.98536948887619,84.41298887571627,135697513
fw,-78.5139236450195,-71.2949905395507,-91.26196288172514,80.08721685486427,135714180
fw,-80.1895065307617,-72.4575271606445,-126.82363359937587,75.35122000900967,135730847
fw,-82.513313293457,-73.4103164672851,-164.80999668123638,70.37073659212342,135747514
fw,-85.1927871704101,-74.3343048095703,-202.13644094036516,65.45349606126612,135764181
fw,-87.0145645141601,-75.0933761596679,-234.80076723313482,60.89693111895518,135780848
fw,-85.3407897949218,-75.8012542724609,-258.56004640163746,56.86431661676473,135797515
fw,-80.7714614868164,-76.5924453735351,-269.86301794980835,53.347587527955895,135814182
fw,-74.1913452148437,-77.6840209960937,-266.79826985702186,50.217811342218276,135830849
fw,-69.6084671020507,-78.7478408813476,-249.73651794774082,47.32097932325545,135847516
fw,-66.4762649536132,-79.7680511474609,-221.3849572085726,44.564633680687194,135864183
fw,-63.9206047058105,-80.8999252319336,-186.17032881121244,41.95840850935116,135880850
fw,-61.8288879394531,-81.7567901611328,-149.1369755618699,39.602038852897344,135897517
fw,-60.2873077392578,-82.4219512939453,-114.72557964495239,37.6383215455056,135914184
fw,-59.360855102539,-82.9767761230468,-85.80335231234274,36.199005762604045,135930851
fw,-58.3998374938964,-83.5644073486328,-63.19117138289107,35.37090891334761,135947518
fw,-57.6163749694824,-84.2513732910156,-45.765001366145704,35.19673837617105,135964185
fw,-56.9824867248535,-84.9277725219726,-31.05404812389925,35.70072850696398,135980852
fw,-56.4962730407714,-85.5360412597656,-16.14305164145,36.907011186005626,135997519
fw,-56.13228225708,-86.0840377807617,1.3735108704600258,38.8177995984649,136014186
fw,-56.1183471679687,-86.5490646362304,22.637189873935274,41.34328279034762,136030853
fw,-56.4402732849121,-86.8947982788086,47.1686783085494,44.20901911416875,136047520
fw,-57.1868934631347,-87.0904693603515,73.00552458636498,46.88681548774075,136064187
fw,-59.5091361999511,-87.1167678833007,97.29605128861115,48.59038162688219,136080854
fw,-62.9300498962402,-86.9829330444336,117.16348004594853,48.3527523630656,136097521
fw,-65.2109298706054,-86.7510452270507,130.54774890485876,45.1731295398976,136114188
fw,-67.4504852294921,-86.4943542480468,136.73647625044285,38.19961086892447,136130855
fw,-69.1717224121093,-86.1759796142578,136.43224648718922,26.905957388804428,136147522
fw,-71.5074081420898,-85.880012512207,131.39626106073098,11.221677841232294,136164189
fw,-73.76220703125,-85.8879623413086,123.84429225761055,-8.418386418630064,136180856
fw,-75.2958450317382,-86.281005859375,115.80207044393141,-31.123383772752295,136197523
fw,-76.8253097534179,-86.8575134277343,108.59324160216451,-55.68550775950454,136214190
fw,-78.0416717529296,-87.0493240356445,102.58533217721188,-80.76746040792139,136230857
fw,-79.4723052978515,-86.3520278930664,97.26227542483011,-105.07901347381313,136247524
fw,-81.4307479858398,-84.7159881591796,91.60483538138237,-127.4925104385473,136264191
fw,-83.7218704223632,-82.427131652832,84.64822103101115,-147.07788460214007,136280858
fw,-85.6455841064453,-79.8780288696289,75.9982950182436,-163.07360683152334,136297525
fw,-86.7205734252929,-77.2526245117187,66.08672445610482,-174.83808552160585,136314192
fw,-87.3167190551757,-74.2375869750976,56.05521013260543,-181.83789928244363,136330859
fw,-87.4719085693359,-70.958740234375,47.33134548658396,-183.71408762325657,136347526
fw,-87.4729232788086,-67.4613800048828,41.09831104365145,-180.42040451711492,136364193
fw,-87.7311706542968,-64.4071578979492,37.89278382792059,-172.36650880521785,136380860
fw,-88.0630569458007,-62.0336990356445,37.48310845525364,-160.46576666718477,136397527
fw,-87.9461441040039,-60.0489616394043,39.03779600071609,-146.01396701092625,136414194
fw,-87.3668594360351,-58.0998382568359,41.470519597669856,-130.4017368773691,136430861
fw,-86.6735153198242,-56.299030303955,43.7983921659595,-114.74289712943337,136447528
fw,-86.001106262207,-55.2455444335937,45.383312138697484,-99.54313786873965,136464195
fw,-85.2813415527343,-54.3315925598144,46.00605116368805,-84.532504247128,136480862
fw,-84.5426788330078,-53.3133583068847,45.800090651061225,-68.74995773136969,136497529
fw,-83.7912368774414,-52.2075614929199,45.112660328009596,-50.89750148128078,136514196
fw,-83.0459060668945,-51.3720932006835,44.35800812439371,-29.881687793057345,136530863
fw,-82.2976531982421,-50.930248260498,43.90001969710359,-5.370328412176693,136547530
fw,-81.5359649658203,-50.8375511169433,43.97181672959504,21.838972648109355,136564197
fw,-80.8154983520507,-51.2964172363281,44.62415620716596,49.795250754449334,136580864
fw,-80.1396865844726,-52.49263381958,45.69468793239698,75.76554973182196,136597531
fw,-79.4428100585937,-54.5956764221191,46.79934949096636,96.91680319963545,136614198
fw,-78.6648864746093,-57.373664855957,47.354063368397306,111.09990524847643,136630865
fw,-77.8249282836914,-59.7726249694824,46.630415391334765,117.46284569101309,136647532
fw,-76.9732055664062,-61.8824501037597,43.833505410427506,116.66068285057734,136664199
fw,-76.2115249633789,-63.0817413330078,38.17484889127773,110.58213839286802,136680866
fw,-75.6674575805664,-63.679328918457,28.91263642589536,101.71334762527026,136697533
fw,-75.5428771972656,-64.9401626586914,15.353249846530112,92.40474778982045,136714200
fw,-75.9567184448242,-66.0844650268554,-3.1545606279131277,84.31847439183741,136730867
fw,-76.8065948486328,-67.1011276245117,-27.168449165347166,78.21365917981466,136747534
fw,-77.7749557495117,-68.4822998046875,-56.97932750861772,74.05693096711495,136764201
fw,-78.9101409912109,-69.6395187377929,-92.30221213499435,71.3214197173622,136780868
fw,-80.5164337158203,-70.5680160522461,-131.90715602595245,69.3081984723626,136797535
fw,-82.7907257080078,-71.5375747680664,-173.34884993065782,67.37839091911337,136814202
fw,-85.4482650756836,-72.6795349121093,-212.9739461002676,65.07132287859946,136830869
fw,-86.7171173095703,-73.6697845458984,-246.32185434220918,62.14394351646994,136847536
fw,-84.1868209838867,-74.4923095703125,-268.90964645347344,58.57158696134277,136864203
fw,-79.1778030395507,-75.4277267456054,-277.24596594974247,54.52301990485474,136880870
fw,-72.8281936645507,-76.5052719116211,-269.79280161163655,50.30431929790284,136897537
fw,-68.3919982910156,-77.4532394409179,-247.53847118482906,46.272919690927544,136914204
fw,-65.1371002197265,-78.4667587280273,-213.9218327345178,42.74287658186852,136930871
fw,-62.8023681640625,-79.5683822631836,-174.06823126279764,39.913976751214506,136947538
fw,-61.2682647705078,-80.3570785522461,-133.56578851420036,37.849065104699044,136964205
fw,-60.0877227783203,-81.0082931518554,-97.17804289406394,36.502395964387084,136980872
fw,-59.3024978637695,-81.6252288818359,-67.87902961508185,35.78391170799379,136997539
fw,-58.5018463134765,-82.3040542602539,-46.44691357284761,35.637048344784645,137014206
fw,-57.6750679016113,-83.0313720703125,-31.652690856292715,36.10353075223754,137030873
fw,-57.1064338684082,-83.7645187377929,-20.909894574472037,37.34396506187344,137047540
fw,-56.7710609436035,-84.4296493530273,-11.154695615858301,39.58748486142826,137064207
fw,-56.6783409118652,-85.0041732788086,0.28690751466928166,43.00672959644345,137080874
fw,-56.846336364746,-85.4883804321289,15.038465609898427,47.55027091403256,137097541
fw,-57.1965026855468,-85.9134750366211,33.337184939735856,52.79405448133338,137114208
fw,-57.624771118164,-86.2868576049804,54.06660078245023,57.87792046068621,137130875
fw,-58.9204444885253,-86.5230102539062,75.13234157981975,61.56779678081674,137147542
fw,-61.4543762207031,-86.5399475097656,94.08139310479486,62.440353561484166,137164209
fw,-63.6965637207031,-86.3285369873046,108.79180067473673,59.14537590102467,137180876
fw,-65.8354873657226,-85.9910812377929,118.0264083868472,50.67893281788249,137197543
fw,-67.0219116210937,-85.6521072387695,121.69326136957073,36.60233823469984,137214210
fw,-69.3451919555664,-85.4370498657226,120.77118093918489,17.160448832875588,137230877
fw,-71.9591369628906,-85.4410400390625,116.9663577194466,-6.723830122070273,137247544
fw,-73.7778854370117,-85.8575973510742,112.20965669256816,-33.58036573970051,137264211
fw,-75.0312881469726,-86.7863616943359,108.10881722411325,-61.62705678254035,137280878
fw,-76.0569076538086,-87.625129699707,105.48632453861134,-89.06140501822925,137297545
fw,-77.4688186645507,-87.0708999633789,104.15359904887674,-114.3353960137235,137314212
fw,-79.2374954223632,-85.1852493286132,103.03445729547188,-136.33673373872224,137330879
fw,-81.3087615966796,-82.7372894287109,100.63061774902948,-154.4288205208354,137347546
fw,-83.4920578002929,-80.0452880859375,95.67177682695252,-168.35539970484072,137364213
fw,-85.5102233886718,-77.3074188232421,87.69694836243573,-178.06852809398694,137380880
fw,-87.0877227783203,-74.2054367065429,77.32604337607172,-183.5665365964593,137397547
fw,-87.8455123901367,-71.0333709716796,66.09973067734158,-184.81867755407185,137414214
fw,-87.7617416381836,-67.7762374877929,55.94415353041992,-181.80643230838677,137430881
fw,-87.3261413574218,-64.5356903076171,48.480580372078585,-174.6464228295971,137447548
fw,-87.0408477783203,-61.8098793029785,44.471076658147744,-163.7086552479751,137464215
fw,-86.7534561157226,-59.5874519348144,43.62678189027052,-149.63762707808291,137480882
fw,-86.1685638427734,-57.6858367919921,44.833012775913375,-133.23251175956472,137497549
fw,-85.2816696166992,-56.0674705505371,46.65783706685667,-115.22226193082743,137514216
fw,-84.4152450561523,-54.9425468444824,47.905864904212095,-96.03702492740982,137530883
fw,-83.6913986206054,-53.930923461914,47.996341685750394,-75.69354997650863,137547550
fw,-83.0642700195312,-52.99800491333,47.05277616821321,-53.87198615700354,137564217
fw,-82.4374542236328,-52.3186073303222,45.72271900277154,-30.181926306169707,137580884
fw,-81.843276977539,-51.983642578125,44.840440846359975,-4.5302092773333635,137597551
fw,-81.2340240478515,-51.9473571777343,45.074491839863775,22.550972839614765,137614218
fw,-80.5892562866211,-52.3997077941894,46.674013816906815,49.75756541248164,137630885
fw,-79.8908081054687,-53.3163871765136,49.36979198970579,75.13826758464297,137647552
fw,-79.1123733520507,-55.1941146850585,52.42696136161574,96.48881469586031,137664219
fw,-78.2322463989257,-58.0427360534668,54.80439774071528,111.90733321526326,137680886
fw,-77.3052291870117,-60.4088592529296,55.35730150781549,120.31822826726467,137697553
fw,-76.3747329711914,-62.3549613952636,53.02172987473711,121.76358971698743,137714220
fw,-75.4995803833007,-64.0190353393554,46.93663479216675,117.35322388682447,137730887
fw,-74.8448257446289,-64.759536743164,36.48468486576447,108.91477869858151,137747554
fw,-74.611587524414,-66.183853149414,21.264152529901363,98.50516242915347,137764221
fw,-74.9510040283203,-67.479263305664,1.0359957013915986,87.96856939823536,137780888
fw,-75.7351760864257,-68.3215026855468,-24.287965751898792,78.65989982978554,137797555
fw,-76.6566314697265,-69.3733139038086,-54.55630986186832,71.35428158476569,137814222
fw,-77.8177337646484,-70.6459197998046,-89.17636060420163,66.29292295186582,137830889
fw,-79.4778976440429,-71.5826950073242,-126.8620703963668,63.29368019465427,137847556
fw,-81.991340637207,-72.4216537475586,-165.45504782538399,61.87243926139562,137864223
fw,-85.1933975219726,-73.1946182250976,-201.9483488917859,61.35965301567318,137880890
fw,-87.9779357910156,-74.0978240966796,-232.7869957513793,61.027379627232676,137897557
fw,-86.375503540039,-75.2640304565429,-254.43254035877007,60.238992176269136,137914224
fw,-82.2069931030273,-76.5172271728515,-264.0940796316089,58.59783278001872,137930891
fw,-76.6617813110351,-77.7018890380859,-260.45345884543406,56.0381616896269,137947558
fw,-71.3068084716796,-78.760009765625,-244.15492434754333,52.80946444517149,137964225
fw,-67.7665786743164,-79.8982849121093,-217.83296416195773,49.355137217014224,137980892
fw,-65.3519668579101,-80.9901504516601,-185.57216805785416,46.14047172106223,137997559
fw,-63.3928527832031,-81.8322296142578,-151.9116506563396,43.50240728712837,138014226
fw,-61.8339080810546,-82.5874404907226,-120.70617407662746,41.57121121705194,138030893
fw,-60.7623558044433,-83.2644577026367,-94.21623960246572,40.27864636713347,138047560
fw,-59.6680068969726,-83.9451141357421,-72.70215445642526,39.43822403033513,138064227
fw,-58.6640090942382,-84.6311569213867,-54.61567865240315,38.86155245270973,138080894
fw,-57.9261398315429,-85.2674102783203,-37.3010250021567,38.460717297374735,138097561
fw,-57.4108619689941,-85.8781585693359,-17.98506245803564,38.289742841150435,138114228
fw,-57.0874710083007,-86.4196395874023,5.225996564784338,38.50406489019669,138130895
fw,-56.9931488037109,-86.8165435791015,32.62060382762015,39.25426200336552,138147562
fw,-57.3221321105957,-87.03759765625,62.63959289743557,40.55805333272446,138164229
fw,-58.5356903076171,-87.0795974731445,92.21200390775874,42.19946894651498,138180896
fw,-62.0124015808105,-86.9417495727539,117.59490566815836,43.6884376116254,138197563
fw,-65.3555221557617,-86.6861953735351,135.4602206183165,44.29023029099576,138214230
fw,-67.9337158203125,-86.4145050048828,143.85890179219118,43.11494052093006,138230897
fw,-69.9827117919921,-86.1359405517578,142.73589921643247,39.24834058512252,138247564
fw,-71.9726104736328,-85.7537002563476,133.8618180104107,31.90373136341083,138264231
fw,-74.1415710449218,-85.3746261596679,120.27269853488215,20.571834933390566,138280898
fw,-75.5462188720703,-85.2017593383789,105.44590998085418,5.139699585182327,138297565
fw,-76.9438705444336,-85.3307113647461,92.46014617840267,-14.052091183775701,138314232
fw,-78.3014755249023,-85.7176055908203,83.33948197393197,-36.23196064554631,138330899
fw,-79.211067199707,-86.1114349365234,78.71257979899646,-60.2926967117735,138347566
fw,-80.2535781860351,-86.2438125610351,77.84378946016217,-84.93012141551334,138364233
fw,-81.6592254638671,-85.6823043823242,79.01296972794812,-108.78826886106607,138380900
fw,-83.5139694213867,-84.1714935302734,80.13627379655509,-130.58159053833458,138397567
fw,-85.4528350830078,-81.9595108032226,79.4453987596059,-149.17815549951902,138414234
fw,-86.8628768920898,-79.4714660644531,76.0127709766262,-163.64372825735913,138430901
fw,-87.8567962646484,-76.8035125732421,69.9573472053828,-173.26587127484677,138447568
fw,-88.2454299926757,-73.8339767456054,62.28288132442967,-177.59248915609888,138464235
fw,-88.1210098266601,-70.5776290893554,54.4365881247738,-176.51199206154882,138480902
fw,-87.7483139038086,-67.0940246582031,47.771852243214575,-170.36177288167426,138497569
fw,-87.3733367919921,-64.2959213256836,43.1188905847999,-159.99768693636966,138514236
fw,-86.9388046264648,-62.1504478454589,40.6079354673028,-146.73571598750527,138530903
fw,-86.0084533691406,-60.5934982299804,39.775505031502426,-132.12125943307996,138547570
fw,-85.1990280151367,-59.2568168640136,39.86595148161384,-117.57217689031803,138564237
fw,-84.4040603637695,-57.6632766723632,40.173183695811495,-104.01571114090474,138580904
fw,-83.7195281982421,-56.3167991638183,40.27917234438989,-91.64759742873741,138597571
fw,-83.1140518188476,-55.3221893310546,40.11939063466172,-79.89190896786839,138614238
fw,-82.5352325439453,-54.4272232055664,39.893188224437736,-67.57686632382894,138630905
fw,-81.931411743164,-53.5243988037109,39.89467026546039,-53.29261604488603,138647572
fw,-81.3003311157226,-52.7480926513671,40.34914404471746,-35.8558448291008,138664239
fw,-80.6495132446289,-52.1405563354492,41.31190329587663,-14.76491489335465,138680906
fw,-80.0146331787109,-51.9116668701171,42.64449236694821,9.49573215271749,138697573
fw,-79.3382110595703,-52.3927879333496,44.05047449438428,35.42375616549902,138714240
fw,-78.5979614257812,-53.4599075317382,45.137687729153505,60.786000833111764,138730907
fw,-77.8458480834961,-55.5171012878418,45.47530253121892,83.15737287571817,138747574
fw,-77.1441802978515,-57.9594955444335,44.625555890438044,100.53781228105872,138764241
fw,-76.5200576782226,-59.8584747314453,42.145851320393355,111.8290913234701,138780908
fw,-75.9452056884765,-61.7596244812011,37.571119535416855,117.00652179753062,138797575
fw,-75.3865051269531,-63.4706687927246,30.393398988626657,116.95420553392563,138814242
fw,-74.9634399414062,-64.5844497680664,20.054452560787364,113.07386578618474,138830909
fw,-74.9623489379882,-66.3194808959961,5.964517021049694,106.84947511121126,138847576
fw,-75.5791549682617,-67.9001083374023,-12.435514599649164,99.52567138331798,138864243
fw,-76.5108566284179,-68.9455184936523,-35.54336990958346,91.9694093840368,138880910
fw,-77.4526138305664,-70.2138061523437,-63.38008930331635,84.69155952871664,138897577
fw,-78.5428314208984,-71.5504379272461,-95.31864626052592,77.95317409338057,138914244
fw,-80.2539825439453,-72.5555648803711,-129.85111048089428,71.8775934136987,138930911
fw,-82.9601516723632,-73.4821624755859,-164.52762190308607,66.51958245437535,138947578
fw,-86.0908432006836,-74.4013595581054,-196.16956404573017,61.88651378607083,138964245
fw,-88.7249755859375,-75.3031616210937,-221.36679621274084,57.93917737894645,138980912
fw,-86.0638885498046,-76.3137741088867,-237.16270409729077,54.60118120194213,138997579
fw,-81.215347290039,-77.2183685302734,-241.7511730389946,51.78256293219937,139014246
fw,-75.7699966430664,-78.0920333862304,-234.97084814161784,49.40222010419794,139030913
fw,-72.7475662231445,-78.9892654418945,-218.40446262462672,47.393840117914166,139047580
fw,-70.4843444824218,-80.0098571777343,-195.00577312346348,45.696446820855456,139064247
fw,-68.0802154541015,-81.1196899414062,-168.36121618934084,44.24464150521539,139080914
fw,-65.4419174194336,-81.9765014648437,-141.83862717059492,42.9718993141486,139097581
fw,-63.349437713623,-82.6423263549804,-117.88216281279438,41.82782674504991,139114248
fw,-61.9849319458007,-83.2670211791992,-97.60507820660546,40.80192443613086,139130915
fw,-60.9997863769531,-83.9562301635742,-80.7183470503124,39.94631137333925,139147582
fw,-60.09614944458,-84.6409072875976,-65.77441066401249,39.38803700880019,139164249
fw,-59.2378005981445,-85.2384414672851,-50.67532238127255,39.31340599498683,139180916
fw,-58.4546928405761,-85.7677459716796,-33.35012859284494,39.9045028213108,139197583
fw,-57.8687095642089,-86.2307968139648,-12.448759671855807,41.22601102340075,139214250
fw,-57.6051063537597,-86.5982589721679,12.134827698122843,43.094078781286655,139230917
fw,-57.8818931579589,-86.822265625,39.07687574955834,44.98577099150849,139247584
fw,-58.8595123291015,-86.8640670776367,65.85864608768073,46.045694733991205,139264251
fw,-61.4006233215332,-86.7027740478515,89.37669013286958,45.2119618487862,139280918
fw,-63.6684684753418,-86.3608932495117,106.75250653999395,41.433328234079426,139297585
fw,-65.638687133789,-85.9485626220703,116.09293228672793,33.90877051162825,139314252
fw,-67.3859634399414,-85.5894470214843,116.98270728691159,22.27003675567352,139330919
fw,-69.0774917602539,-85.3647308349609,110.60384571930004,6.651477596547735,139347586
fw,-71.1026458740234,-85.2926406860351,99.49563443589854,-12.362751138095154,139364253
fw,-72.9851150512695,-85.2799224853515,87.03263514337705,-33.87881444834238,139380920
fw,-74.2932968139648,-85.2213134765625,76.71474333104804,-56.86118830423498,139397587
fw,-74.875862121582,-85.0280380249023,71.38439399435278,-80.2733151941346,139414254
fw,-75.3223876953125,-84.5305557250976,72.53329184177204,-103.15983603461929,139430921
fw,-76.2993774414062,-83.4504013061523,79.89404870170026,-124.66669684974873,139447588
fw,-77.8920440673828,-81.6002426147461,91.46947397522165,-144.014279426435,139464255
fw,-79.8558273315429,-79.1659851074218,104.02319833006281,-160.44803978242965,139480922
fw,-81.7319107055664,-76.3779602050781,113.90138238927692,-173.19622595669506,139497589
fw,-83.5221328735351,-73.3844680786132,117.95800390400481,-181.46779353490567,139514256
fw,-85.3800964355468,-70.428482055664,114.34809096896853,-184.5209469187069,139530923
fw,-86.2819595336914,-67.5193405151367,103.0040698511343,-181.8146296336038,139547590
fw,-85.4220886230468,-64.3400573730468,85.67802502580227,-173.21726388709354,139564257
fw,-84.3205947875976,-61.6703987121582,65.51442058733831,-159.19975534631237,139580924
fw,-83.9742279052734,-59.5255432128906,46.23580354343808,-140.9120513760443,139597591
fw,-83.9324035644531,-57.8403778076171,31.162918396697467,-120.064417376545,139614258
fw,-83.9789810180664,-56.6187515258789,22.3774548279117,-98.60718257451579,139630925
fw,-84.0081558227539,-55.8874549865722,20.299568848514813,-78.29053925992382,139647592
fw,-83.77294921875,-55.4235038757324,23.79559862816675,-60.24514738874451,139664259
fw,-83.1945571899414,-55.0022735595703,30.730424709544234,-44.730179180905594,139680926
fw,-82.2740249633789,-54.540225982666,38.72698482228866,-31.145747000451088,139697593
fw,-81.413459777832,-54.0869941711425,45.85114862256238,-18.3170192356952,139714260
fw,-80.7384490966796,-53.7504348754882,51.009577662251644,-4.959772934107206,139730927
fw,-80.0100631713867,-53.6836929321289,53.98916901673923,9.829966724963922,139747594
fw,-79.2730484008789,-53.9505653381347,55.20889401673018,26.22979988709369,139764261
fw,-78.550048828125,-54.5169410705566,55.336532102016164,43.60605252683849,139780928
fw,-77.8399276733398,-55.7922286987304,54.92447678074842,60.714697484885576,139797595
fw,-77.0639038085937,-57.9081535339355,54.16520298457328,76.10555620202834,139814262
fw,-76.2540512084961,-59.5874938964843,52.799022797926554,88.56538304855113,139830929
fw,-75.4511489868164,-61.3115539550781,50.15416469537436,97.42215248889758,139847596
fw,-74.6583557128906,-62.6116561889648,45.27280097727404,102.60703211627002,139864263
fw,-73.9595184326171,-63.790298461914,37.07388473133375,104.49604639934027,139880930
fw,-73.5957489013671,-65.5624084472656,24.51702537564198,103.65469314912659,139897597
fw,-73.7078094482421,-67.1380538940429,6.753692496438678,100.62851453059592,139914264
fw,-74.2568969726562,-68.5833740234375,-16.725976740259263,95.86350145489756,139930931
fw,-75.1336364746093,-70.2360458374023,-45.93367829466753,89.75208840333674,139947598
fw,-76.352912902832,-71.9595642089843,-80.20956760453008,82.73429620940922,139964265
fw,-78.1754150390625,-73.256118774414,-118.07075007952903,75.36317980744562,139980932
fw,-80.7751235961914,-74.1072387695312,-157.15217355046147,68.27247045300305,139997599
fw,-83.9352493286132,-74.7408218383789,-194.31705766711886,62.049595005040835,140014266
fw,-87.3183212280273,-75.5767059326171,-225.9848815560258,57.081871035882386,140030933
fw,-89.0037765502929,-76.4925231933593,-248.67092647952813,53.46187726918172,140047600
fw,-84.2276229858398,-77.4381332397461,-259.6614742476957,50.998073712186304,140064267
fw,-78.3253860473632,-78.2539596557617,-257.66776559507827,49.31465167632563,140080934
fw,-73.9358596801757,-79.11572265625,-243.24096413237808,47.98698600911086,140097601
fw,-71.0582885742187,-80.0624923706054,-218.75618464460004,46.6617058796326,140114268
fw,-68.4382705688476,-81.1864852905273,-187.9197620373769,45.135164497558655,140130935
fw,-65.857177734375,-82.2806243896484,-154.94721286998833,43.385283719887475,140147602
fw,-63.7218208312988,-83.0277633666992,-123.67009630145662,41.55982735977675,140164269
fw,-62.2960166931152,-83.5731887817382,-96.80661334146636,39.9280100830338,140180936
fw,-61.2991256713867,-84.1410064697265,-75.53638193384407,38.81104755515329,140197603
fw,-60.6549491882324,-84.7956085205078,-59.43469668085834,38.51380595409537,140214270
fw,-59.9477500915527,-85.5393676757812,-46.76241464096103,39.270821258787855,140230937
fw,-59.1305656433105,-86.2934494018554,-35.04911430512668,41.19884084442025,140247604
fw,-58.5090866088867,-86.9881210327148,-21.83971929601911,44.23581034824053,140264271
fw,-58.1384201049804,-87.5744857788086,-5.421522930899059,48.05935364736692,140280938
fw,-58.101993560791,-88.0451583862304,14.659298732997902,52.010232746614584,140297605
fw,-58.3170852661132,-88.3425903320312,37.43403507352826,55.07351441211969,140314272
fw,-59.3905868530273,-88.2791061401367,60.750699372481954,55.96802999224157,140330939
fw,-61.5791435241699,-87.7334213256836,81.85305123139885,53.35723101658706,140347606
fw,-63.4722442626953,-86.9811782836914,98.1324220358032,46.138958202312715,140364273
fw,-65.4348449707031,-86.3103408813476,107.83272114005875,33.72774914253837,140380940
fw,-67.0257568359375,-85.900032043457,110.51807151264784,16.234874545105097,140397607
fw,-68.7991333007812,-85.9110794067382,107.20495953369971,-5.517457567742896,140414274
fw,-70.9228286743164,-86.2929763793945,100.1562533623583,-30.155569767687815,140430941
fw,-72.863037109375,-86.9039001464843,92.38887819971433,-56.03866991812731,140447608
fw,-74.4597015380859,-87.3184661865234,86.97250558398954,-81.58130073570557,140464275
fw,-75.3109512329101,-86.7301483154296,86.23582861407249,-105.51724593871792,140480942
fw,-75.9288787841796,-85.2013092041015,91.06228464138009,-127.02760830348201,140497609
fw,-77.0099029541015,-83.0721359252929,100.50338960274985,-145.69981298131924,140514276
fw,-78.6387481689453,-80.510383605957,111.89972597703081,-161.34222171362555,140530943
fw,-80.6922760009765,-77.7013854980468,121.55619166990972,-173.73341603615467,140547610
fw,-83.1205444335937,-74.7071990966796,125.81936113036919,-182.41692078813318,140564277
fw,-85.5547637939453,-71.657974243164,122.23651090883904,-186.647180400418,140580944
fw,-86.7821655273437,-68.8014678955078,110.40762995074914,-185.54599823800686,140597611
fw,-85.8064270019531,-65.4921951293945,92.20759524595535,-178.44697709273916,140614278
fw,-85.2428894042968,-62.1312675476074,71.25585320486549,-165.31042934521327,140630945
fw,-85.0017776489257,-59.3199806213378,51.7952281743196,-147.02300517794052,140647612
fw,-84.9351959228515,-57.4456138610839,37.39158895515153,-125.40401410300969,140664279
fw,-84.9347686767578,-56.1569862365722,29.94291292469012,-102.8460501552397,140680946
fw,-84.7918853759765,-55.4730415344238,29.336631597627576,-81.68135691507608,140697613
fw,-84.2467346191406,-55.1243362426757,33.803564817215346,-63.50240431009917,140714280
fw,-83.183853149414,-54.6026191711425,40.74143806688168,-48.703275677475865,140730947
fw,-82.0276489257812,-53.8309249877929,47.63998990683735,-36.42903052407273,140747614
fw,-81.2335739135742,-53.0212707519531,52.767815831333095,-24.959523430901264,140764281
fw,-80.4960632324218,-52.3771629333496,55.43894999504034,-12.38425776782506,140780948
fw,-79.7038040161132,-52.0442657470703,55.87629299427167,2.680154446421993,140797615
fw,-78.9247055053711,-51.9876861572265,54.83193576930523,20.58163429847468,140814282
fw,-78.1055603027343,-52.1341209411621,53.159032592511174,40.50039937198304,140830949
fw,-77.3287353515625,-53.4020118713378,51.47483125740643,60.72694906412523,140847616
fw,-76.6289596557617,-55.6658782958984,49.969905122598504,79.24110041515812,140864283
fw,-75.9807205200195,-57.8483161926269,48.35577174243045,94.36881089700573,140880950
fw,-75.2973937988281,-59.381118774414,45.918098285564334,105.26138524144964,140897617
fw,-74.5531234741211,-60.9795265197753,41.64272361595235,112.025872613497,140914284
fw,-73.8871536254882,-62.7370910644531,34.38692606092016,115.49871170964411,140930951
fw,-73.5096740722656,-64.081802368164,23.070640113728814,116.80059470502404,140947618
fw,-73.6066818237304,-65.8533935546875,6.8663591574794465,116.86728022061848,140964285
fw,-74.0592422485351,-67.1210632324218,-14.624576244106125,116.12187599401243,140980952
fw,-74.6818618774414,-68.3858337402343,-41.2163470619818,114.38454714289728,140997619
fw,-75.626106262207,-70.0192108154296,-72.02080234560091,111.0399031054182,141014286
fw,-77.0802993774414,-71.9575576782226,-105.40567917938763,105.40653843212777,141030953
fw,-79.2411346435546,-74.1679000854492,-139.07665910390463,97.1762005728874,141047620
fw,-81.7727127075195,-75.9915084838867,-170.31059841420148,86.73514156843152,141064287
fw,-84.2879028320312,-76.812759399414,-196.3253466545607,75.19751776738467,141080954
fw,-86.4317932128906,-77.0712890625,-214.7323289663012,64.09974951669105,141097621
fw,-85.5703506469726,-77.3822631835937,-223.99091612913654,54.87949873848383,141114288
fw,-81.3062057495117,-77.8820724487304,-223.75916958753683,48.383704160519514,141130955
fw,-77.4722824096679,-78.8233108520507,-215.0194471427901,44.63208155590792,141147622
fw,-74.8563232421875,-80.0105056762695,-199.8878608770162,42.92114414935396,141164289
fw,-72.2300033569336,-81.1618881225586,-181.11841247762948,42.18604908926126,141180956
fw,-69.3957901000976,-82.1542282104492,-161.43852442745148,41.43832688570789,141197623
fw,-66.9175338745117,-82.8669128417968,-142.91415175498852,40.09991902428636,141214290
fw,-65.1229553222656,-83.4430999755859,-126.5093450583676,38.13149010904967,141230957
fw,-63.7161865234375,-84.0249252319336,-111.93081566585832,35.95449797643359,141247624
fw,-62.2189445495605,-84.7036514282226,-97.7879442744997,34.24307321040898,141264291
fw,-60.830997467041,-85.3738708496093,-82.0487650407307,33.68210448370051,141280958
fw,-59.6147575378418,-85.8605728149414,-62.70680293499676,34.754944727760694,141297625
fw,-58.5851364135742,-86.1876754760742,-38.50003305364946,37.577033768772665,141314292
fw,-57.90132522583,-86.4647674560546,-9.478858315668562,41.77403741409291,141330959
fw,-57.8354530334472,-86.698501586914,22.764879495822157,46.42297710208838,141347626
fw,-58.5473442077636,-86.7910003662109,55.31409313983512,50.10108238726329,141364293
fw,-60.9452667236328,-86.5951538085937,84.56049895141041,51.082073115427725,141380960
fw,-63.3639183044433,-86.0652847290039,107.08461307665883,47.672149860956296,141397627
fw,-65.1527099609375,-85.411880493164,120.51936092311885,38.61075961036137,141414294
fw,-67.1942901611328,-84.9312896728515,124.15028295721218,23.4140163970993,141430961
fw,-69.4642868041992,-84.8903656005859,119.11111594399445,2.5426992450964443,141447628
fw,-71.6298294067382,-85.3239593505859,108.15546046770638,-22.66547208346934,141464295
fw,-73.2247619628906,-86.0701141357421,95.06863995573075,-50.2761955023582,141480962
fw,-74.4380645751953,-86.9527130126953,83.8380338713567,-78.15956090748091,141497629
fw,-75.2059555053711,-87.3837890625,77.75225977430057,-104.39170667248267,141514296
fw,-75.9268417358398,-86.4700851440429,78.63933396922755,-127.55149880044426,141530963
fw,-77.2417907714843,-84.3587493896484,86.4433419893698,-146.8472155784619,141547630
fw,-78.9941101074218,-81.6934051513671,99.2578909984631,-162.05838113697928,141564297
fw,-81.1055221557617,-78.8078918457031,113.80632503767795,-173.32763599874335,141580964
fw,-83.224365234375,-75.7487411499023,126.2385898382749,-180.88051858880223,141597631
fw,-85.1509170532226,-72.6088180541992,133.04937077016714,-184.7776569732101,141614298
fw,-86.8136520385742,-69.4910125732421,131.91635295268583,-184.8005877127496,141630965
fw,-86.7957000732421,-66.4217987060546,122.281432725609,-180.52978724273393,141647632
fw,-84.7203598022461,-63.1823120117187,105.52981986282465,-171.59651244934213,141664299
fw,-83.395263671875,-60.2163162231445,84.68027473241494,-158.00402519115246,141680966
fw,-82.8731689453125,-57.7398529052734,63.61871540865935,-140.36069890339277,141697633
fw,-82.8660354614257,-55.7166900634765,46.073540745604625,-119.88554708347415,141714300
fw,-82.9699325561523,-54.5228881835937,34.657795107135634,-98.14081535095578,141730967
fw,-82.792251586914,-54.176170349121,30.29650608118394,-76.578201046272,141747634
fw,-82.1978302001953,-54.0047416687011,32.20361012524482,-56.09237453801188,141764301
fw,-81.2129821777343,-53.5295639038085,38.35251782520082,-36.79806403271132,141780968
fw,-79.9090347290039,-52.8008880615234,46.20893025711606,-18.157065480580588,141797635
fw,-78.695442199707,-52.1255416870117,53.43670789308516,0.588632384520677,141814302
fw,-77.7921600341796,-51.4937705993652,58.35409696242746,19.88343263285874,141830969
fw,-77.0390319824218,-51.6472969055175,60.06033904634893,39.49145146420339,141847636
fw,-76.3101959228515,-53.0056228637695,58.297230598874954,58.4841909551058,141864303
fw,-75.5556182861328,-55.6190299987793,53.19093691548371,75.58467994004785,141880970
fw,-74.8021621704101,-57.8583908081054,45.012274668867086,89.67685407015317,141897637
fw,-74.1952590942382,-59.1497650146484,34.02581982303798,100.20672357021284,141914304
fw,-73.7971572875976,-60.3636207580566,20.423450212462523,107.28818199457743,141930971
fw,-73.6839828491211,-62.0931701660156,4.299661698480651,111.51441399959316,141947638
fw,-74.0561981201171,-63.8778076171875,-14.364426509890784,113.62416512555227,141964305
fw,-74.9520416259765,-65.7194213867187,-35.7023569262911,114.1953871955181,141980972
fw,-76.1742324829101,-67.4986724853515,-59.907261905695435,113.46963599859124,141997639
fw,-77.5779647827148,-68.8998870849609,-87.07716525046033,111.33206139575756,142014306
fw,-79.3082962036132,-70.4155654907226,-116.96067180097776,107.42812594505332,142030973
fw,-81.4929656982421,-71.949592590332,-148.67167745632094,101.37985350798273,142047640
fw,-84.1939086914062,-73.705337524414,-180.49486533922337,93.0451059414718,142064307
fw,-87.300064086914,-75.5201034545898,-209.90729303109288,82.73476909664454,142080974
fw,-88.5947265625,-76.7605590820312,-233.8890264739036,71.28693996483538,142097641
fw,-84.85205078125,-77.3845443725586,-249.50371558683383,59.93010267871936,142114308
fw,-79.4815292358398,-77.9009017944336,-254.61960301022503,49.95791472769649,142130975
fw,-73.7926559448242,-78.4643325805664,-248.5419886087182,42.34186806382796,142147642
fw,-69.9896163940429,-79.2832794189453,-232.2961573247416,37.45293060103468,142164309
fw,-67.3345184326171,-80.3973083496093,-208.3979280313867,35.013030031877015,142180976
fw,-65.2041625976562,-81.4643173217773,-180.16559874135,34.283434960867766,142197643
fw,-63.0592384338378,-82.3357391357421,-150.83808097661026,34.390261438057465,142214310
fw,-60.8265647888183,-82.8791351318359,-122.82856359307189,34.643357576693944,142230977
fw,-59.0859603881835,-83.3721466064453,-97.33631144755189,34.73367973620854,142247644
fw,-57.790298461914,-83.9522705078125,-74.36095722829222,34.76478629541557,142264311
fw,-57.0643615722656,-84.6623764038086,-53.02899302663801,35.14120886883547,142280978
fw,-56.5470657348632,-85.3894348144531,-32.09148613127342,36.37099709486011,142297645
fw,-56.1730880737304,-85.9446487426757,-10.454896953648564,38.842110849833475,142314312
fw,-56.0515251159668,-86.3390579223632,12.378831218303821,42.62251000534854,142330979
fw,-56.2884826660156,-86.6656951904296,36.07129737252929,47.32764945577433,142347646
fw,-57.0835342407226,-86.9235534667968,59.47895354447585,52.094284939067855,142364313
fw,-58.9081497192382,-87.0326461791992,80.958398320829,55.683148192050204,142380980
fw,-61.1644477844238,-86.8942337036132,98.85161064242936,56.69985253218703,142397647
fw,-63.3866577148437,-86.5299987792968,111.9804156503144,53.88367262207851,142414314
fw,-65.5258865356445,-86.0209350585937,119.97144606471994,46.38585173005974,142430981
fw,-67.1062850952148,-85.5596618652343,123.30850586315117,33.9567845772365,142447648
fw,-68.8382186889648,-85.3360366821289,123.1282676125046,16.98812794381598,142464315
fw,-71.0084762573242,-85.4077835083007,120.8675008137974,-3.5967372520075527,142480982
fw,-73.2962875366211,-85.6317977905273,117.88888171710536,-26.56077917087787,142497649
fw,-75.456558227539,-85.8719482421875,115.17067084248315,-50.60577895266752,142514316
fw,-76.7957916259765,-85.9385681152343,113.09981763706499,-74.58362643395981,142530983
fw,-78.182991027832,-85.5268783569336,111.39962900771913,-97.61364133442974,142547650
fw,-79.8428192138671,-84.4567031860351,109.23409986113593,-119.08622227212004,142564317
fw,-81.5146026611328,-82.8192749023437,105.50896374351365,-138.56694394464765,142580984
fw,-83.4041748046875,-80.6310119628906,99.31388048662791,-155.64610781035572,142597651
fw,-85.3440704345703,-78.1738357543945,90.36036140064417,-169.80167495470863,142614318
fw,-86.9177093505859,-75.4295196533203,79.22982327459944,-180.3485035258947,142630985
fw,-87.4844131469726,-72.3793792724609,67.29511191272032,-186.5233958085499,142647652
fw,-87.4223022460937,-68.9849472045898,56.31056821793529,-187.70041639921823,142664319
fw,-87.1359786987304,-65.2491226196289,47.82549970549371,-183.65827636708585,142680986
fw,-86.8167266845703,-62.727481842041,42.67710422251617,-174.76946246176152,142697653
fw,-86.397232055664,-60.6587142944335,40.79154555116923,-161.9954550028068,142714320
fw,-85.5684432983398,-58.8231315612793,41.368789708560726,-146.6626237067476,142730987
fw,-84.5313339233398,-56.8444366455078,43.33248475048528,-130.10364477352147,142747654
fw,-83.6078186035156,-54.9799346923828,45.803075758910865,-113.30447804152699,142764321
fw,-82.8405380249023,-53.7314262390136,48.36623708033934,-96.67656041473631,142780988
fw,-82.1173553466796,-52.8053970336914,51.039077021896176,-80.01839262784415,142797655
fw,-81.3978729248046,-51.8616638183593,53.99864560837125,-62.679049956182595,142814322
fw,-80.6786499023437,-50.8659782409668,57.24340051430228,-43.88738571201232,142830989
fw,-79.8923645019531,-50.0531387329101,60.3677304311767,-23.15347674641598,142847656
fw,-78.9452056884765,-49.7065048217773,62.55643300356267,-0.6019090892901333,142864323
fw,-77.8828964233398,-49.9265213012695,62.796555107499096,22.900884351125335,142880990
fw,-76.808235168457,-50.7982292175293,60.2094555019277,45.89358256568693,142897657
fw,-75.8073120117187,-52.4427680969238,54.36171639392964,66.69906691404735,142914324
fw,-74.9210891723632,-54.2212181091308,45.428230528580116,83.89479221828377,142930991
fw,-74.3208770751953,-55.8543090820312,34.13928631317821,96.69672887685724,142947658
fw,-74.115966796875,-57.6661415100097,21.520854609216173,105.12300602723948,142964325
fw,-74.2220764160156,-59.6074562072753,8.510153307290635,109.90044936995888,142980992
fw,-74.5132598876953,-61.3034362792968,-4.423575365506797,112.17188375059239,142997659
fw,-74.9073486328125,-62.903938293457,-17.516990510548567,113.11436541669084,143014326
fw,-75.4855346679687,-64.4144515991211,-31.713130642791135,113.58558156204693,143030993
fw,-76.3506317138671,-66.1142044067382,-48.3998363620804,113.89322689925088,143047660
fw,-77.3945846557617,-67.6884613037109,-68.93925391350798,113.74313255436196,143064327
fw,-78.6285247802734,-69.1388549804687,-94.10494453463282,112.37618151218614,143080994
fw,-80.2048950195312,-70.6489562988281,-123.58174149806625,108.86113226439332,143097661
fw,-82.2522506713867,-72.4737396240234,-155.6891276979728,102.47263312870054,143114328
fw,-84.7122802734375,-74.458267211914,-187.4521626189798,93.0475705867815,143130995
fw,-86.6592407226562,-76.1132888793945,-215.06456467716598,81.18964571159763,143147662
fw,-85.9959106445312,-76.9897155761718,-234.68215284360906,68.21528126442588,143164329
fw,-81.86474609375,-77.3900604248046,-243.37259896535824,55.82539722468696,143180996
fw,-75.2553405761718,-77.6951522827148,-239.95034010405735,45.614205809090386,143197663
fw,-71.6970825195312,-78.1372299194336,-225.38880849977247,38.61081643965107,143214330
fw,-69.4702453613281,-78.8919372558593,-202.59916866754838,35.034824267991944,143230997
fw,-67.3171463012695,-79.9228210449218,-175.61005018053277,34.34370072459772,143247664
fw,-65.2195968627929,-80.9970016479492,-148.44812000676836,35.521153762757315,143264331
fw,-63.2924079895019,-81.987319946289,-124.1246836164852,37.46722510876175,143280998
fw,-61.51806640625,-82.8444290161132,-104.03139498085523,39.33453552916984,143297665
fw,-60.0861663818359,-83.5671844482421,-87.84919296571063,40.70388109795296,143314332
fw,-58.87154006958,-84.2405090332031,-73.90671454161803,41.57323609834108,143330999
fw,-57.7715034484863,-84.9496841430664,-59.83396707794212,42.20632547918585,143347666
fw,-56.9041557312011,-85.6493606567382,-43.3269981203258,42.9219775378015,143364333
fw,-56.3078918457031,-86.2578582763671,-22.842523233232534,43.90074746055379,143381000
fw,-56.0243759155273,-86.7462310791015,1.934053779303543,45.05900498972834,143397667
fw,-56.1211013793945,-87.1001815795898,29.957142666537656,46.013027783521615,143414334
fw,-56.9513359069824,-87.2983245849609,59.06335937716013,46.13429477094262,143431001
fw,-58.8937034606933,-87.2943420410156,86.52805281439294,44.67880264656284,143447668
fw,-62.0523872375488,-87.0839538574218,109.77165643257992,40.954636046306334,143464335
fw,-64.2306365966796,-86.7625122070312,126.98408520932138,34.47755443392095,143481002
fw,-66.2966003417968,-86.4908905029296,137.460607075217,25.0638832923635,143497669
fw,-68.2785949707031,-86.3867568969726,141.57115145572865,12.83030649468527,143514336
fw,-70.2722091674804,-86.4855346679687,140.446924256506,-1.8929876746962655,143531003
fw,-72.2016372680664,-86.6934051513671,135.56313826088552,-18.69164008879472,143547670
fw,-74.806770324707,-86.7792510986328,128.38089655488082,-37.17528324482618,143564337
fw,-77.3371505737304,-86.5292053222656,120.1214049473477,-57.01120576116951,143581004
fw,-79.1892166137695,-85.9208602905273,111.65625765967498,-77.86700828255593,143597671
fw,-80.3506088256836,-85.0349731445312,103.46808579699565,-99.2910045477583,143614338
fw,-81.4347076416015,-83.6479110717773,95.66986095912178,-120.58941611475291,143631005
fw,-82.8270950317382,-81.6006164550781,88.11074508475966,-140.7608362791923,143647672
fw,-84.6179885864257,-79.1516723632812,80.57879128134707,-158.52616023655733,143664339
fw,-86.1782302856445,-76.3903656005859,73.03840584503124,-172.46393105691362,143681006
fw,-87.1648941040039,-73.331802368164,65.78178789456516,-181.23836707180072,143697673
fw,-87.5897903442382,-70.0768814086914,59.393397851406135,-183.88503502996505,143714340
fw,-87.487678527832,-66.5077819824218,54.52422622964575,-180.0878636793131,143731007
fw,-86.983772277832,-63.4216384887695,51.58539767419573,-170.3503617159692,143747674
fw,-86.3818817138671,-61.3781852722168,50.52431858801488,-155.96603316144632,143764341
fw,-85.5498809814453,-59.7712860107421,50.80564969768954,-138.7541436776543,143781008
fw,-84.4758605957031,-58.1797637939453,51.60807135210774,-120.62668329475481,143797675
fw,-83.5227966308593,-56.4971084594726,52.134674058696135,-103.12683496294515,143814342
fw,-82.8097763061523,-55.1374282836914,51.887114830778245,-87.08166414287076,143831009
fw,-82.2064056396484,-54.319465637207,50.791725613523504,-72.45833450334345,143847676
fw,-81.5112915039062,-53.6226119995117,49.153472942675684,-58.453124944369094,143864343
fw,-80.7247085571289,-52.8746109008789,47.4914262573671,-43.79677030457931,143881010
fw,-79.9444503784179,-52.1324119567871,46.33882951715962,-27.21261929573515,143897677
fw,-79.2673645019531,-51.5911216735839,46.07442104285386,-7.908488226436926,143914344
fw,-78.6438522338867,-51.456745147705,46.81678455966267,14.053896529931208,143931011
fw,-77.9711990356445,-51.9206466674804,48.384645795960516,37.64961709310803,143947678
fw,-77.2431564331054,-53.0225067138671,50.31118309263175,61.09693169584513,143964345
fw,-76.4831619262695,-55.1108741760253,51.89662906792282,82.31749145142729,143981012
fw,-75.7184295654296,-57.1753120422363,52.285948774760016,99.48721575593116,143997679
fw,-74.9809036254882,-59.0572853088378,50.56303645887116,111.47957061978852,144014346
fw,-74.2506942749023,-61.1948280334472,45.85493322027737,118.05605901116515,144031013
fw,-73.5282745361328,-63.2460556030273,37.43573440475971,119.77169879063527,144047680
fw,-73.0122451782226,-64.5413742065429,24.812962190647387,117.67485531895291,144064347
fw,-72.9753112792968,-66.0969772338867,7.778734582003136,112.94275115999916,144081014
fw,-73.4436798095703,-67.5858764648437,-13.578038708635539,106.59250963614636,144097681
fw,-74.2554321289062,-68.9263839721679,-38.87941767887726,99.35222920777731,144114348
fw,-75.3258819580078,-70.6936645507812,-67.45473495922246,91.69308751254472,144131015
fw,-76.8936920166015,-72.2607269287109,-98.30771322891432,83.95078335284464,144147682
fw,-78.916633605957,-73.1796417236328,-130.07041934574156,76.43798885837563,144164349
fw,-81.5283126831054,-73.9563980102539,-160.99016694121985,69.48007508641754,144181016
fw,-84.4394454956054,-74.7145080566406,-189.00260692261085,63.37123124475679,144197683
fw,-87.5932006835937,-75.5728530883789,-211.92657915729532,58.30087416600423,144214350
fw,-88.0294036865234,-76.4944458007812,-227.7812947482178,54.30692699724891,144231017
fw,-84.0804977416992,-77.3693389892578,-235.1784992601537,51.28005902111314,144247684
fw,-79.2524108886718,-78.2461242675781,-233.6869604149151,49.00647162307268,144264351
fw,-75.0098876953125,-79.1074905395507,-224.02748306814777,47.22346967255786,144281018
fw,-71.9795837402343,-80.2146987915039,-207.97557445416902,45.67131901651096,144297685
fw,-69.2490615844726,-81.3748626708984,-187.94748801080027,44.137743042733334,144314352
fw,-66.5116806030273,-82.2983169555664,-166.38146518162935,42.494345862604064,144331019
fw,-64.2567138671875,-83.253547668457,-145.1151768414284,40.72199137023981,144347686
fw,-62.5793876647949,-84.2574844360351,-124.95575442491916,38.92365228658916,144364353
fw,-61.0538520812988,-85.196533203125,-105.56600461190243,37.32352425941835,144381020
fw,-59.6784515380859,-85.960464477539,-85.69754642784609,36.24178896284798,144397687
fw,-58.4541397094726,-86.5542373657226,-63.71026015950987,36.02475048769571,144414354
fw,-57.3852005004882,-87.0826797485351,-38.23474491304094,36.92011319335867,144431021
fw,-56.801586151123,-87.5728759765625,-8.78032503912494,38.92015393486988,144447688
fw,-56.8195915222168,-87.949966430664,23.907400366358903,41.63060137251542,144464355
fw,-57.6338386535644,-88.1459655761718,57.86639925993607,44.23399186060085,144481022
fw,-59.5289306640625,-88.1107330322265,90.3202300724517,45.591491261665205,144497689
fw,-62.6678123474121,-87.7501449584961,118.3314269383148,44.47463829246541,144514356
fw,-65.0263519287109,-87.1277847290039,139.48267763174857,39.860305312619815,144531023
fw,-67.4756927490234,-86.4889373779296,152.36338620752048,31.18586035462053,144547690
fw,-70.0198822021484,-86.0688095092773,156.7397017574366,18.468233261748384,144564357
fw,-72.4669494628906,-85.985855102539,153.42594925026356,2.2426222345438562,144581024
fw,-74.3239593505859,-86.18212890625,143.97427510386112,-16.6475980117806,144597691
fw,-76.4886016845703,-86.4132461547851,130.3210596266573,-37.314763382831025,144614358
fw,-78.678726196289,-86.4433975219726,114.48800408231708,-59.03019332963596,144631025
fw,-80.8170547485351,-86.1012268066406,98.36725771213612,-81.28619575879041,144647692
fw,-82.0733108520507,-85.3106994628906,83.56449502212689,-103.70435899026614,144664359
fw,-82.8258666992187,-83.8746566772461,71.26614066366274,-125.84558903457771,144681026
fw,-83.6158905029296,-81.7186431884765,62.13328524897269,-147.01503799483328,144697693
fw,-84.6261215209961,-79.0942230224609,56.25936402369739,-166.1529533387586,144714360
fw,-85.4546432495117,-76.1432037353515,53.22251487935334,-181.87109900341392,144731027
fw,-86.0650787353515,-72.8386993408203,52.22694677812506,-192.6497164841197,144747694
fw,-86.6748046875,-69.3310546875,52.29860793785735,-197.16000019154112,144764361
fw,-86.9540023803711,-65.7250061035156,52.49523272195304,-194.62636832407262,144781028
fw,-86.6600036621093,-62.6350898742675,52.09571419542489,-185.1075322194882,144797695
fw,-85.9456558227539,-60.2523765563964,50.735617346505954,-169.5820064124338,144814362
fw,-85.16455078125,-58.2195358276367,48.45842440873101,-149.78403394848797,144831029
fw,-84.4165802001953,-56.4212532043457,45.66485836750178,-127.82557726997764,144847696
fw,-83.869400024414,-54.9181785583496,42.967973223476356,-105.71352933499027,144864363
fw,-83.5850982666015,-54.096378326416,40.99440719629954,-84.90115504561685,144881030
fw,-83.3235092163086,-53.4337692260742,40.198270730812645,-66.00306279000921,144897697
fw,-82.8179931640625,-52.762092590332,40.75428883217081,-48.76400373261936,144914364
fw,-82.0509033203125,-52.1459655761718,42.56183905053512,-32.302815838844396,144931031
fw,-81.1578903198242,-51.677635192871,45.33642594611915,-15.561181588477279,144947698
fw,-80.3259048461914,-51.3744888305664,48.722822150057574,2.194549063785994,144964365
fw,-79.5636444091796,-51.439640045166,52.361145842664946,21.000953169768223,144981032
fw,-78.8262557983398,-51.8982238769531,55.87367904757737,40.09886543892039,144997699
fw,-78.0863876342773,-52.7932662963867,58.7916356256801,58.15698443505367,145014366
fw,-77.2913589477539,-54.8572235107421,60.47730264382415,73.74290793651653,145031033
fw,-76.3924560546875,-57.0875396728515,60.10105340232542,85.85740139930093,145047700
fw,-75.4589920043945,-58.7830390930175,56.70633763286035,94.30334059648489,145064367
fw,-74.5969085693359,-60.1375274658203,49.354126345788906,99.72098825112201,145081034
fw,-73.8363189697265,-61.4855422973632,37.30153279532029,103.27231711678455,145097701
fw,-73.3242263793945,-62.6507225036621,20.15380474053717,106.12016342327787,145114368
fw,-73.3491897583007,-63.9571189880371,-2.0583578465613552,108.93344563880872,145131035
fw,-74.1539993286132,-65.8665542602539,-28.887101111611813,111.6224982463963,145147702
fw,-75.4055862426757,-67.5838470458984,-59.5271828335786,113.39814747545185,145164369
fw,-76.9506072998046,-69.5142364501953,-92.86712128130549,113.11486374619622,145181036
fw,-78.9672775268554,-71.4208526611328,-127.48743370362267,109.7578078409434,145197703
fw,-81.4047698974609,-73.3986434936523,-161.61478638602694,102.89355769276926,145214370
fw,-84.2139587402343,-75.2477874755859,-193.09853239826933,92.92314705457534,145231037
fw,-87.0586242675781,-76.5131301879882,-219.50266636255688,81.04175978496696,145247704
fw,-87.9652938842773,-77.09619140625,-238.38413955443102,68.91060770340154,145264371
fw,-84.0888519287109,-77.3700866699218,-247.7564417480732,58.159128472297795,145281038
fw,-78.4319152832031,-77.8092422485351,-246.62905756395165,49.91147957329348,145297705
fw,-73.6545028686523,-78.5735092163086,-235.41505415521772,44.5218208559254,145314372
fw,-70.7988586425781,-79.7058563232421,-215.9899225143222,41.604341517259584,145331039
fw,-68.5003814697265,-81.1155090332031,-191.31348902339477,40.31033864871023,145347706
fw,-65.9684753417968,-82.4125061035156,-164.7311257134983,39.70809205235512,145364373
fw,-63.3600730895996,-83.2060165405273,-139.20706364136043,39.10348539393781,145381040
fw,-61.4905967712402,-83.762092590332,-116.72766690238056,38.19584715818581,145397707
fw,-60.1110610961914,-84.1935043334961,-97.99932942871978,37.056093304036686,145414374
fw,-58.9400939941406,-84.7169494628906,-82.45972084269013,35.99154688746254,145431041
fw,-57.8212547302246,-85.3933029174804,-68.56413993624926,35.385472230191525,145447708
fw,-56.7560844421386,-86.0300979614257,-54.274565647182854,35.56842212767625,145464375
fw,-55.9244766235351,-86.5811614990234,-37.64359459800426,36.72874123160803,145481042
fw,-55.5679283142089,-87.0755767822265,-17.360167447362997,38.842691174812096,145497709
fw,-55.5834655761718,-87.4992294311523,6.869362194137568,41.614809014565736,145514376
fw,-55.9750785827636,-87.7804412841796,34.190193254410545,44.44715634347877,145531043
fw,-56.8376502990722,-87.8368072509765,62.744074363276994,46.47184616978834,145547710
fw,-58.6953201293945,-87.6318130493164,90.05391632908568,46.66845340969617,145564377
fw,-61.0920600891113,-87.2119598388671,113.55363677020554,44.05269711524555,145581044
fw,-63.3442687988281,-86.7025375366211,131.12854004042245,37.885508873024214,145597711
fw,-65.6418685913086,-86.2516937255859,141.53203872964457,27.833578768984914,145614378
fw,-67.9288101196289,-86.0020370483398,144.59350074856377,14.024974220386605,145631045
fw,-70.1589584350586,-86.0046768188476,141.2006049480351,-3.017545444140962,145647712
fw,-73.0513763427734,-86.2256622314453,133.08533028803626,-22.534604304006294,145664379
fw,-75.4371566772461,-86.4350357055664,122.45350059953688,-43.713342335279066,145681046
fw,-76.9696273803711,-86.3288040161132,111.50418434530951,-65.823303285165,145697713
fw,-77.9264450073242,-85.9046630859375,101.92305541406097,-88.25927183564978,145714380
fw,-78.8975372314453,-85.0655670166015,94.4915843633981,-110.49075261183094,145731047
fw,-80.1342239379882,-83.5573425292968,88.96869060947175,-131.95787996255987,145747714
fw,-81.7966079711914,-81.3041687011718,84.3230151642075,-151.9685270117101,145764381
fw,-83.6354217529296,-78.6886672973632,79.24635434513173,-169.64153160313,145781048
fw,-85.2931442260742,-75.7853469848632,72.74667928671632,-183.92330312306734,145797715
fw,-86.6614151000976,-72.5641098022461,64.58008899671326,-193.69173956722955,145814382
fw,-87.245864868164,-69.2599105834961,55.354574472583295,-197.9458363478524,145831049
fw,-87.097412109375,-65.7071533203125,46.284904991598566,-196.0491633436598,145847716
fw,-86.7124710083007,-62.5370826721191,38.72728444619841,-187.9556716243761,145864383
fw,-86.5612258911132,-60.1246528625488,33.70560413869309,-174.32476458441573,145881050
fw,-86.4676437377929,-57.9428596496582,31.619821515757526,-156.4559424605514,145897717
fw,-86.2156600952148,-55.7238616943359,32.21869229653032,-136.03645340004434,145914384
fw,-85.8767852783203,-53.9207878112793,34.79014555210323,-114.76236064877314,145931051
fw,-85.4414749145507,-53.0693168640136,38.442718299521296,-93.93576873766214,145947718
fw,-84.943130493164,-52.257957458496,42.35013249570678,-74.15763102030262,145964385
fw,-84.3671340942382,-51.5295104980468,45.889646233765056,-55.22652311494015,145981052
fw,-83.6549835205078,-50.8717231750488,48.677006601906406,-36.30395490056076,145997719
fw,-82.8527069091796,-50.4028816223144,50.54314457707676,-16.31689823634736,146014386
fw,-81.9889373779296,-50.179141998291,51.494825474895286,5.524759062340305,146031053
fw,-81.0997848510742,-50.2857856750488,51.67123586686555,29.26984666205595,146047720
fw,-80.319580078125,-50.6896362304687,51.28335538189927,53.9925376523421,146064387
fw,-79.6734542846679,-51.5897750854492,50.523998201419516,77.88672172080365,146081054
fw,-79.1009521484375,-53.7459106445312,49.460266786771534,98.68553000080469,146097721
fw,-78.4307861328125,-56.3261756896972,47.944474781371675,114.27978018033734,146114388
fw,-77.5815124511718,-58.5057144165039,45.580884760239734,123.3157754160516,146131055
fw,-76.6644592285156,-61.1205787658691,41.75829897149835,125.54901101031845,146147722
fw,-75.9028625488281,-62.1431732177734,35.72169750739879,121.83520105459121,146164389
fw,-75.4861373901367,-63.5784835815429,26.640485143276333,113.80160472373532,146181056
fw,-75.5916137695312,-64.9991455078125,13.654022052106502,103.36808780931496,146197723
fw,-76.1096878051757,-66.2012023925781,-4.076214828298996,92.3123431962623,146214390
fw,-76.8167648315429,-67.454719543457,-27.24303029271863,82.00070499999016,146231057
fw,-77.5850677490234,-68.7513885498046,-56.14914511144525,73.29809808497714,146247724
fw,-78.636360168457,-69.6065368652343,-90.3649980543987,66.59604007202363,146264391
fw,-80.2665328979492,-70.2013702392578,-128.40291337879626,61.88616324044421,146281058
fw,-82.7346725463867,-70.8616561889648,-167.57230962528448,58.844957924629064,146297725
fw,-85.5959396362304,-71.9161300659179,-204.15136025640322,56.93979143141659,146314392
fw,-87.0169219970703,-73.0124435424804,-233.91236822830768,55.57239118831899,146331059
fw,-84.7406692504882,-73.9300689697265,-252.91867495242005,54.2396845581578,146347726
fw,-80.1406860351562,-74.7538833618164,-258.4125172528744,52.65572622047467,146364393
fw,-74.3376159667968,-75.6113128662109,-249.5526504225981,50.78503191380335,146381060
fw,-70.6351776123046,-76.5277862548828,-227.75590059734068,48.78410248122407,146397727
fw,-67.998908996582,-77.5271301269531,-196.48534157200132,46.8944446000155,146414394
fw,-65.7158279418945,-78.6191253662109,-160.51187160271223,45.343439590768796,146431061
fw,-63.7015342712402,-79.5419540405273,-124.86774391101919,44.28805612901315,146447728
fw,-62.1086235046386,-80.3607788085937,-93.79465528830639,43.804302031416384,146464395
fw,-61.2938537597656,-81.0781707763671,-69.94094977464259,43.90563730612077,146481062
fw,-60.7552642822265,-81.7652206420898,-53.95519424755548,44.57096007780227,146497729
fw,-60.0701293945312,-82.5176162719726,-44.52621596262356,45.76663282762385,146514396
fw,-59.4021224975585,-83.2963027954101,-38.84167521024493,47.44865816424745,146531063
fw,-58.7715797424316,-84.0272903442382,-33.36277311876987,49.533274240981825,146547730
fw,-58.2109146118164,-84.6632232666015,-24.746606118128412,51.834410104837694,146564397
fw,-57.7984428405761,-85.1923751831054,-10.710532393417472,53.9850634768492,146581064
fw,-57.3876190185546,-85.5896682739257,9.364050408491147,55.37695393221042,146597731
fw,-57.3231544494628,-85.826416015625,34.24802051696273,55.156872330837345,146614398
fw,-58.0845108032226,-85.9803924560546,61.1746503643383,52.30484011399899,146631065
fw,-60.8148918151855,-86.1090698242187,86.58596721863903,45.793588020690976,146647732
fw,-63.4888343811035,-86.1707534790039,107.10696263454786,34.79978166725839,146664399
fw,-65.5264892578125,-86.127685546875,120.44193518113482,18.913361431565864,146681066
fw,-67.115005493164,-86.1521377563476,125.91848152802757,-1.7190821152581974,146697733
fw,-69.0962524414062,-86.4063186645507,124.55567371386009,-26.36928543910581,146714400
fw,-71.7508392333984,-86.7994308471679,118.6998920760969,-53.83648870164962,146731067
fw,-73.8801498413086,-86.6861953735351,111.36050080153997,-82.65577918536815,146747734
fw,-75.3159561157226,-85.3598251342773,105.39618725166422,-111.32794668088695,146764401
fw,-76.3340377807617,-83.1018676757812,102.72049836925476,-138.48171355176697,146781068
fw,-77.1058120727539,-80.5236053466796,103.73267662952688,-162.9096957288439,146797735
fw,-78.472785949707,-77.8338317871093,107.17996685050872,-183.48475726044347,146814402
fw,-80.4568634033203,-75.0380706787109,110.55869300765127,-199.0369996362121,146831069
fw,-82.7070693969726,-71.7920303344726,110.97405435694706,-208.31348645928594,146847736
fw,-84.9446029663086,-68.135383605957,106.18614445718946,-210.11886853244476,146864403
fw,-86.6515197753906,-64.0533676147461,95.46974651554795,-203.64301698702377,146881070
fw,-86.5844268798828,-60.458812713623,79.9610819825154,-188.86374541316593,146897737
fw,-85.9996337890625,-57.94429397583,62.345696322665,-166.83820793473,146914404
fw,-85.5686264038086,-55.7269172668457,45.994354361253684,-139.7163405880685,146931071
fw,-85.2642669677734,-53.9547805786132,33.87560104162157,-110.41412828231759,146947738
fw,-85.1011962890625,-52.8866348266601,27.658789529425015,-82.01392361437192,146964405
fw,-85.028823852539,-52.6415519714355,27.3251496613806,-57.0587851798866,146981072
fw,-84.8121643066406,-52.5914001464843,31.37932638428491,-36.95634088394193,146997739
fw,-84.1103820800781,-52.3976783752441,37.51294022137819,-21.694097968353987,147014406
fw,-83.174819946289,-52.089614868164,43.419629837229564,-9.98016879364215,147031073
fw,-82.436050415039,-51.7629585266113,47.45036531414513,0.22354900744274936,147047740
fw,-81.6726608276367,-51.4596977233886,48.91641951434543,10.956317794519414,147064407
fw,-80.9052963256836,-51.3678550720214,48.02314568256805,23.563212012266792,147081074
fw,-80.2806854248046,-51.5218048095703,45.55566236007606,38.29160472660336,147097741
fw,-79.7542419433593,-52.5972938537597,42.48206821761861,54.30993777323234,147114408
fw,-79.2334899902343,-54.9526329040527,39.60445148568272,70.11304342979572,147131075
fw,-78.7254257202148,-57.0623321533203,37.323618871252876,84.12025441604062,147147742
fw,-78.2132415771484,-58.468017578125,35.53019901625769,95.20183651418485,147164409
fw,-77.7091979980468,-59.9812316894531,33.60544202454692,102.9342065562978,147181076
fw,-77.2418899536132,-61.7825317382812,30.5058761795316,107.54419245183952,147197743
fw,-76.8894119262695,-63.5067176818847,24.90897864337912,109.64738675004396,147214410
fw,-76.7550964355468,-65.1709518432617,15.40510304292952,109.93576811762381,147231077
fw,-76.8969421386718,-66.8822860717773,0.7281965664343415,108.93410393272144,147247744
fw,-77.3389053344726,-68.4701232910156,-19.981937914645037,106.8797426340887,147264411
fw,-78.0446548461914,-69.9899978637695,-46.905876646435054,103.7278702585722,147281078
fw,-79.2053756713867,-71.409309387207,-79.30505897216489,99.25492980575028,147297745
fw,-80.9399948120117,-72.6900405883789,-115.38848805371896,93.22075799063542,147314412
fw,-83.4386978149414,-74.0093383789062,-152.36340955573598,85.54512070756,147331079
fw,-86.3630981445312,-75.3961944580078,-186.71960587130988,76.44974394724122,147347746
fw,-88.8621978759765,-76.5263671875,-214.74123589055912,66.51462634931586,147364413
fw,-86.1996078491211,-77.2795791625976,-233.17511847531327,56.610309086240484,147381080
fw,-81.39404296875,-77.7920684814453,-239.92160380650384,47.70785031383454,147397747
fw,-75.7305755615234,-78.2593688964843,-234.56130855084066,40.62538987425369,147414414
fw,-72.5239486694336,-78.8927841186523,-218.5202404099432,35.80939486821988,147431081
fw,-70.3410873413086,-79.7105560302734,-194.7606272740242,33.23863217740868,147447748
fw,-67.9973449707031,-80.6043853759765,-167.06446789365665,32.482521882205404,147464415
fw,-65.5864639282226,-81.5482559204101,-139.1464207993686,32.87765940723722,147481082
fw,-63.7399826049804,-82.4541091918945,-113.87298561450345,33.74457064713248,147497749
fw,-62.3300743103027,-83.1482009887695,-92.7737178955675,34.567252199682585,147514416
fw,-61.2571601867675,-83.7508544921875,-75.90561998856646,35.09122143836807,147531083
fw,-60.3186378479003,-84.4304275512695,-62.04793435213721,35.336067098372666,147547750
fw,-59.5032844543457,-85.1519241333007,-49.159668245466385,35.541037781396824,147564417
fw,-58.8231048583984,-85.8076858520507,-34.99841678983162,36.0613932454481,147581084
fw,-58.3550453186035,-86.3798828125,-17.769287250895484,37.2260278008973,147597751
fw,-58.2015380859375,-86.8575134277343,3.3413014363831923,39.17301195931129,147614418
fw,-58.3085556030273,-87.2351531982421,27.87891208975269,41.69959523031698,147631085
fw,-58.7836151123046,-87.5303421020507,54.16905472322368,44.17860412181306,147647752
fw,-59.9790000915527,-87.7533645629882,79.71230750700225,45.58635372876423,147664419
fw,-62.7442970275878,-87.7851257324218,101.83796213070407,44.655860507283755,147681086
fw,-65.5848693847656,-87.5167541503906,118.42374862127625,40.125919434393175,147697753
fw,-67.8763275146484,-87.0967407226562,128.43701975186025,31.020060452145195,147714420
fw,-69.8761749267578,-86.8118667602539,132.10806509936046,16.875501873732812,147731087
fw,-71.330207824707,-86.8460159301757,130.7017790505644,-2.141847155812671,147747754
fw,-73.2200927734375,-87.2089385986328,126.02102556938448,-25.26038330783503,147764421
fw,-75.5110244750976,-87.7063751220703,119.85347664308894,-51.24186900011627,147781088
fw,-77.5122528076171,-87.9143753051757,113.53722507405043,-78.58299695072284,147797755
fw,-79.2733078002929,-87.0468673706054,107.72781456622559,-105.71902243048336,147814422
fw,-80.4270629882812,-85.1754989624023,102.37776787798877,-131.1827526099305,147831089
fw,-81.6959915161132,-82.598876953125,96.91280250988532,-153.69549295746643,147847756
fw,-83.4580078125,-79.7643203735351,90.56961875334713,-172.19177199929157,147864423
fw,-85.4033050537109,-76.7325897216796,82.81011586635786,-185.8037765924806,147881090
fw,-86.9394454956054,-73.4521865844726,73.66365540562366,-193.84875505398153,147897757
fw,-87.7114181518554,-70.0603637695312,63.83747190636498,-195.86124871599083,147914424
fw,-87.8366241455078,-66.5911712646484,54.520893957660554,-191.68340436408724,147931091
fw,-87.5297927856445,-63.306770324707,46.96075877837766,-181.58020880086568,147947758
fw,-87.0462036132812,-60.673973083496,42.00889455736445,-166.30998519467775,147964425
fw,-86.5206985473632,-58.4117698669433,39.85284265735577,-147.08123868239332,147981092
fw,-85.8002624511718,-56.4461402893066,40.031846144791274,-125.3694698269997,147997759
fw,-85.0560531616211,-54.9769134521484,41.68872256145604,-102.62944911798726,148014426
fw,-84.3489608764648,-54.0524711608886,43.909839016370405,-79.989349251624,148031093
fw,-83.659439086914,-53.3047103881835,46.001099278274104,-58.033672692119175,148047760
fw,-82.995491027832,-52.7722396850585,47.612068743715525,-36.76391873202081,148064427
fw,-82.3377914428711,-52.4681816101074,48.70204863708552,-15.769982768554872,148081094
fw,-81.6499557495117,-52.3918228149414,49.402993201950444,5.432832033814057,148097761
fw,-80.9256362915039,-52.3521499633789,49.85805889070776,27.01727234227751,148114428
fw,-80.1664123535156,-52.6401138305664,50.1011771818786,48.55993230020979,148131095
fw,-79.3674926757812,-53.1668472290039,50.00566689406023,68.99374970247715,148147762
fw,-78.5586547851562,-54.9407272338867,49.290137740373325,86.85250328112654,148164429
fw,-77.7543640136718,-58.0491142272949,47.546896908012926,100.73420605782671,148181096
fw,-77.0002899169921,-60.27294921875,44.25922345885334,109.78605263571573,148197763
fw,-76.3910903930664,-62.054515838623,38.79421291063154,113.97952281506517,148214430
fw,-75.9974212646484,-63.2084693908691,30.385713454787542,114.04916025262325,148231097
fw,-75.8967514038086,-64.4619903564453,18.144944770798265,111.15414733530523,148247764
fw,-76.119644165039,-66.0171356201171,1.1448045287280777,106.45769832000863,148264431
fw,-76.6834945678711,-67.5254745483398,-21.389223228893933,100.822142575738,148281098
fw,-77.4536209106445,-68.8918838500976,-49.7854586096329,94.71465887250751,148297765
fw,-78.5322952270507,-70.4598541259765,-83.58779485655822,88.29773459847893,148314432
fw,-80.1511001586914,-71.8720169067382,-121.28306760635957,81.60613095939367,148331099
fw,-82.6206817626953,-72.9048843383789,-160.22464277638647,74.7049978522377,148347766
fw,-85.7085571289062,-73.8634185791015,-196.84874206779267,67.7655428679156,148364433
fw,-88.0251388549804,-74.7129974365234,-227.19713253002274,61.05358317789099,148381100
fw,-85.8536682128906,-75.5106430053711,-247.66117120140407,54.86747124992471,148397767
fw,-81.1323928833007,-76.3666458129882,-255.77925712701915,49.46825320790009,148414434
fw,-75.006362915039,-77.1852340698242,-250.86593042825976,45.027994909852914,148431101
fw,-71.3780288696289,-78.0541152954101,-234.24807640064884,41.6046107125868,148447768
fw,-68.8902969360351,-78.8838577270507,-208.976783700712,39.14431011391145,148464435
fw,-66.4985427856445,-79.8523178100586,-179.07524866650792,37.5114219506183,148481102
fw,-63.922061920166,-80.8281021118164,-148.5715554204528,36.54005414272792,148497769
fw,-61.7160263061523,-81.6105651855468,-120.62080312732031,36.09069461255651,148514436
fw,-60.3282470703125,-82.2115707397461,-96.9304628047537,36.08826495663011,148531103
fw,-59.3291969299316,-82.8245468139648,-77.56995246026165,36.52722958671753,148547770
fw,-58.5637779235839,-83.556884765625,-61.15805814583399,37.44702202004118,148564437
fw,-57.9188156127929,-84.3169708251953,-45.37704431382002,38.888333023623325,148581104
fw,-57.2673301696777,-84.9780044555664,-27.71666342120112,40.8335265973086,148597771
fw,-56.7591590881347,-85.5821685791015,-6.291226836425884,43.13011366107132,148614438
fw,-56.6196022033691,-86.176643371582,19.47508123434479,45.409421601063954,148631105
fw,-56.875431060791,-86.7251205444336,48.498942919796335,47.03426234333635,148647772
fw,-57.704116821289,-87.1719512939453,78.15990984782289,47.11669990318504,148664439
fw,-60.4337348937988,-87.4736175537109,104.89713969509069,44.62788097961847,148681106
fw,-63.2306289672851,-87.6603393554687,125.12545606317316,38.584764702250304,148697773
fw,-65.7627868652343,-87.7113265991211,136.1950477220325,28.262719166891465,148714440
fw,-67.98779296875,-87.6793975830078,137.10524569351188,13.365306205333038,148731107
fw,-70.1559371948242,-87.8027801513671,128.78568035391464,-5.907756394556596,148747774
fw,-72.0237045288086,-88.1408081054687,113.91024742088717,-28.916947335469697,148764441
fw,-73.8241271972656,-88.1257019042968,96.32748184707484,-54.735110941458444,148781108
fw,-75.2495422363281,-87.0081405639648,80.24654320541785,-82.32412271010843,148797775
fw,-76.2693634033203,-85.1320419311523,69.33651001131797,-110.65280438635956,148814442
fw,-76.7419128417968,-82.9372787475586,65.90944327603543,-138.70166403953434,148831109
fw,-77.4329833984375,-80.3047485351562,70.3661872256073,-165.35969191811202,148847776
fw,-78.4738464355468,-77.4242553710937,81.06038454355087,-189.2824820264438,148864443
fw,-80.0190124511718,-74.2301940917968,94.6554448925874,-208.81879453529325,148881110
fw,-81.9161911010742,-70.4037704467773,106.92217146590428,-222.10296253378937,148897777
fw,-83.8313369750976,-66.0523605346679,113.797731753558,-227.3478602158744,148914444
fw,-85.5251693725586,-61.3489570617675,112.4464984142991,-223.27449327135915,148931111
fw,-86.4425659179687,-58.1563377380371,102.04846415436357,-209.52656075572324,148947778
fw,-85.4417724609375,-55.5933074951171,84.08698956331375,-186.9005286858417,148964445
fw,-84.3550720214843,-53.1374168395996,62.01278772173578,-157.2920098715309,148981112
fw,-83.9958038330078,-50.9677925109863,40.32976592420638,-123.36739524427179,148997779
fw,-84.1896820068359,-49.8965759277343,23.353042725152164,-88.05014470629925,149014446
fw,-84.7495422363281,-49.6813163757324,14.041245006031216,-53.950530732722974,149031113
fw,-85.1901779174804,-49.7109375,13.301453062083079,-22.887527251036687,149047780
fw,-85.0973587036132,-50.095230102539,19.981398179037228,4.352654921492987,149064447
fw,-84.2601089477539,-50.4816856384277,31.48554193713766,27.933869464361937,149081114
fw,-83.06884765625,-50.8613510131835,44.71794337390574,48.586370253726614,149097781
fw,-82.0746231079101,-51.2490425109863,56.971577733911765,67.0676728870704,149114448
fw,-81.2574920654296,-51.6082572937011,66.47207162888633,83.69097536820395,149131115
fw,-80.4027786254882,-52.857120513916,72.47686006338388,98.13211144009938,149147782
fw,-79.4144668579101,-55.8863639831543,75.01871498023341,109.60678189399296,149164449
fw,-78.2845382690429,-58.9790382385253,74.48075469673721,117.31986925096245,149181116
fw,-77.1846389770507,-61.0224876403808,71.18398398531518,120.93277826825532,149197783
fw,-76.3533782958984,-63.0711441040039,65.10367931153638,120.78790183292767,149214450
fw,-75.6791915893554,-64.2422180175781,55.76360800545976,117.78650579105714,149231117
fw,-74.9858627319336,-65.4373092651367,42.31222665516339,113.02290221219253,149247784
fw,-74.4206924438476,-66.8728790283203,23.754583282325772,107.3936526295121,149264451
fw,-74.3491287231445,-68.5115814208984,-0.7152878544329803,101.37387962233693,149281118
fw,-74.8022079467773,-69.9061965942382,-31.360385336939242,95.03167240033447,149297785
fw,-75.702392578125,-71.1750335693359,-67.6101025204755,88.22339409175993,149314452
fw,-77.2625579833984,-72.2823867797851,-107.90388525567688,80.84225967565993,149331119
fw,-79.5250701904296,-73.2520751953125,-149.71457150681994,72.9959407797816,149347786
fw,-82.4218215942382,-74.1604995727539,-189.76690086831923,65.04550491195798,149364453
fw,-85.2022933959961,-74.9557571411132,-224.43649996789782,57.512765521039526,149381120
fw,-86.52587890625,-75.6728820800781,-250.2883676637192,50.92013187292017,149397787
fw,-84.255126953125,-76.2786254882812,-264.6878232656467,45.64295617626313,149414454
fw,-78.8368072509765,-76.9695281982421,-266.3751632778734,41.831227971126616,149431121
fw,-73.3323593139648,-77.8408813476562,-255.83916585338548,39.416412829070374,149447788
fw,-69.9224243164062,-78.7654418945312,-235.3089474940199,38.181389931291115,149464455
fw,-67.2357101440429,-79.7616119384765,-208.28028646768388,37.84951221630381,149481122
fw,-64.6896667480468,-80.7140808105468,-178.68577692330058,38.14969563495938,149497789
fw,-62.2913055419921,-81.4986419677734,-149.98017228655212,38.83778373410278,149514456
fw,-60.2253379821777,-82.2227706909179,-124.42805521730509,39.687741128582445,149531123
fw,-58.5324478149414,-82.9038391113281,-102.76535165403205,40.4877720077183,149547790
fw,-57.3058204650878,-83.6218872070312,-84.26236576583268,41.068901654014006,149564457
fw,-56.2255058288574,-84.2422409057617,-67.1188003570252,41.35963207328146,149581124
fw,-55.3069229125976,-84.6986236572265,-49.074783466387196,41.4250669318089,149597791
fw,-54.6289176940918,-85.0264587402343,-28.09982172093524,41.441641913455356,149614458
fw,-54.4150772094726,-85.2697296142578,-3.0113482544065002,41.588516547700294,149631125
fw,-54.6540222167968,-85.4604187011718,26.11613620896166,41.885585181305416,149647792
fw,-55.1853523254394,-85.6326446533203,57.852200929885434,42.04528322399068,149664459
fw,-56.6329765319824,-85.7897872924804,89.65721124418475,41.40938096616136,149681126
fw,-59.325267791748,-85.9003677368164,118.42570139122536,39.0114775593568,149697793
fw,-61.7930030822753,-85.9158706665039,141.19210845028218,33.75708207202507,149714460
fw,-64.5424575805664,-85.8201293945312,155.81170280600656,24.669148622748185,149731127
fw,-67.2196044921875,-85.6857070922851,161.4404745560936,11.126172563770748,149747794
fw,-70.0916290283203,-85.6760025024414,158.70563504864748,-6.971944043924308,149764461
fw,-72.8612747192382,-85.8301239013671,149.5410751755119,-29.14652672410802,149781128
fw,-75.4139785766601,-86.0904464721679,136.72779287051054,-54.394263941027205,149797795
fw,-77.2931594848632,-86.0922012329101,123.23145080477575,-81.32950911010474,149814462
fw,-78.6274337768554,-85.357925415039,111.48286157055246,-108.37414452666624,149831129
fw,-79.5188369750976,-83.8123397827148,102.79397214237454,-133.9454007099875,149847796
fw,-80.6231079101562,-81.4912338256836,97.10423735217915,-156.59554435316718,149864463
fw,-82.2490081787109,-78.7324523925781,93.17304600557836,-175.07865699621365,149881130
fw,-84.3049163818359,-75.7693557739257,89.1778172705172,-188.35552078044432,149897797
fw,-86.2890167236328,-72.5047302246093,83.50643679827314,-195.58344645798422,149914464
fw,-87.3774337768554,-69.2414169311523,75.43590274157005,-196.1527332365274,149931131
fw,-87.1996307373046,-65.7797546386718,65.42690336869971,-189.8079490164047,149947798
fw,-86.7756042480468,-62.4921607971191,54.92841985252641,-176.83177678223225,149964465
fw,-86.3253402709961,-59.6368064880371,45.800251737655465,-158.2015467790845,149981132
fw,-85.9564971923828,-57.4428749084472,39.61693094239882,-135.60013311207786,149997799
fw,-85.5112686157226,-55.8529052734375,37.13804762973872,-111.20362216631123,150014466
fw,-85.0361557006836,-54.6889457702636,38.122525397638256,-87.26423403806038,150031133
fw,-84.4971847534179,-54.1946792602539,41.50296928638471,-65.6086346243562,150047800
fw,-83.8126144409179,-53.7976417541503,45.80411278639531,-47.227595349587574,150064467
fw,-82.9619674682617,-53.3563995361328,49.6285994067779,-32.11500240720332,150081134
fw,-82.0812377929687,-52.7294311523437,52.04399751274775,-19.424553190838747,150097801
fw,-81.1757736206054,-52.1031227111816,52.76653476550956,-7.8850359771284415,150114468
fw,-80.3495025634765,-51.7684135437011,52.1198204702309,3.6919216600360314,150131135
fw,-79.6929092407226,-51.6712837219238,50.818706981536664,16.01098480322553,150147802
fw,-79.0842056274414,-52.1206016540527,49.66783940464345,29.14219523820998,150164469
fw,-78.3877563476562,-53.2983016967773,49.26848489281188,42.646131827750175,150181136
fw,-77.6646957397461,-54.6902084350585,49.80617378247898,55.87882099377339,150197803
fw,-76.9841766357421,-55.7608222961425,50.95908058160851,68.30987865427052,150214470
fw,-76.2659378051757,-56.8268165588378,51.93421294030257,79.70395480399908,150231137
fw,-75.4528427124023,-58.2837142944335,51.611096052010296,90.10429415158944,150247804
fw,-74.5433807373046,-60.0467414855957,48.751223795054685,99.65871639171463,150264471
fw,-73.6880264282226,-61.658332824707,42.21785069506945,108.386880160516,150281138
fw,-73.1944732666015,-63.3863677978515,31.152301969236653,115.99325305523536,150297805
fw,-73.1459426879882,-65.1512298583984,15.076365896010131,121.80504761017505,150314472
fw,-73.4847183227539,-67.1962661743164,-6.0717663835567635,124.87516754358123,150331139
fw,-74.1238327026367,-69.2041778564453,-31.930935161596306,124.23965524740908,150347806
fw,-75.0779418945312,-71.2897644042968,-61.70347588925114,119.26334012885596,150364473
fw,-76.4014892578125,-73.2657699584961,-94.13015127349182,109.9632207207447,150381140
fw,-78.2863235473632,-75.1820983886718,-127.48761901269599,97.18523132192294,150397807
fw,-80.9606704711914,-76.5113296508789,-159.65783005919795,82.53837967583799,150414474
fw,-83.8928909301757,-77.2671661376953,-188.29997690542078,68.06289496206409,150431141
fw,-86.8435287475586,-77.4469451904296,-211.11920224532167,55.71192511131802,150447808
fw,-87.530029296875,-77.6182785034179,-226.19617084225877,46.82074312482837,150464475
fw,-83.8895874023437,-78.107551574707,-232.32241796413433,41.768403681804614,150481142
fw,-79.298583984375,-79.0449600219726,-229.266648440432,39.96928926265469,150497809
fw,-75.6588516235351,-80.2877883911132,-217.88211602983995,40.188820996569596,150514476
fw,-72.9478988647461,-81.5152511596679,-199.98627256604837,41.03618220269128,150531143
fw,-70.0403213500976,-82.5095977783203,-178.0149430233007,41.427071113712785,150547810
fw,-66.9587936401367,-83.2295532226562,-154.5334852443053,40.85605414146868,150564477
fw,-64.747932434082,-83.7496643066406,-131.7218622514557,39.428537781786986,150581144
fw,-63.4846153259277,-84.3212509155273,-110.94007172774829,37.70594982020085,150597811
fw,-62.5196800231933,-84.9539566040039,-92.46808629654565,36.4650238327519,150614478
fw,-61.5096054077148,-85.6378555297851,-75.5084791201505,36.45717297867072,150631145
fw,-60.3711814880371,-86.207649230957,-58.49921624219216,38.20628999230321,150647812
fw,-59.316909790039,-86.5796737670898,-39.68759985261972,41.84471976246589,150664479
fw,-58.6184616088867,-86.8569564819336,-17.805643575966503,46.98512791594385,150681146
fw,-58.3960838317871,-87.137954711914,7.371099442554232,52.655719558596594,150697813
fw,-58.6906471252441,-87.41162109375,34.77122213093593,57.35414607804905,150714480
fw,-59.890281677246,-87.3330307006836,62.172212116931966,59.264921367767265,150731147
fw,-61.8272132873535,-86.6236190795898,86.7046275759651,56.62728774134181,150747814
fw,-63.6739807128906,-85.767707824707,105.56858690395103,48.16455993099486,150764481
fw,-65.6752166748046,-85.2035140991211,116.76231644149341,33.439682738152754,150781148
fw,-67.6707534790039,-84.9358139038086,119.63624302512719,13.015040526493657,150797815
fw,-70.146743774414,-84.9078063964843,115.14171988315512,-11.641334717401962,150814482
fw,-72.7075576782226,-85.2417755126953,105.70569807913725,-38.4807806903849,150831149
fw,-74.2790832519531,-85.9933242797851,94.72616263060955,-65.34094348037763,150847816
fw,-74.8522109985351,-86.6623458862304,85.77153074464188,-90.42195963152864,150864483
fw,-75.2033309936523,-86.1374588012695,81.68009289540366,-112.62541613533269,150881150
fw,-76.3470687866211,-84.8711547851562,83.8315120452657,-131.64166622676274,150897817
fw,-78.2570877075195,-83.2552032470703,91.8242789320315,-147.75830388570606,150914484
fw,-80.3783111572265,-81.1164627075195,103.6381628388075,-161.47638149194802,150931151
fw,-82.3345108032226,-78.4927520751953,116.1826271771303,-173.09983989600798,150947818
fw,-84.1059188842773,-75.4573669433593,126.03750624993714,-182.4621699851009,150964485
fw,-85.6123275756836,-72.1181259155273,130.20655786414335,-188.88083910404015,150981152
fw,-86.7239227294921,-68.7909164428711,126.76714927907398,-191.33249346886058,150997819
fw,-86.3584747314453,-65.3161544799804,115.33591862513167,-188.7663904671469,151014486
fw,-84.4607696533203,-62.0724334716796,97.26078472824116,-180.43960113235548,151031153
fw,-82.8075103759765,-59.4976196289062,75.43958584769197,-166.16393632309402,151047820
fw,-82.3273468017578,-57.1418495178222,53.72135640102133,-146.3930073685182,151064487
fw,-82.361701965332,-55.1172828674316,35.98679942794211,-122.13530807768396,151081154
fw,-82.6081924438476,-53.9278526306152,25.163908809990794,-94.73638842941406,151097821
fw,-82.7030334472656,-53.4153938293457,22.503660543118023,-65.61359073179335,151114488
fw,-82.4109268188476,-53.2043190002441,27.35946084340127,-36.04197576014385,151131155
fw,-81.6195831298828,-53.1713790893554,37.52171210791673,-7.0708926716438185,151147822
fw,-80.2996368408203,-53.1002807617187,49.95509655117258,20.409792928625436,151164489
fw,-78.7491149902343,-53.1219673156738,61.660169925201906,45.51971384689639,151181156
fw,-77.4342346191406,-53.7606658935546,70.37217812973836,67.28286094786544,151197823
fw,-76.2655334472656,-55.1541290283203,74.90617112970388,84.68733147377117,151214490
fw,-75.2063293457031,-57.3192558288574,75.10691575642969,96.93805657393605,151231157
fw,-74.2285995483398,-60.1840629577636,71.49796524818153,103.79894188389885,151247824
fw,-73.2456893920898,-62.5392227172851,64.79777667726957,105.83004234523871,151264491
fw,-72.5276794433593,-64.3191680908203,55.473832852282705,104.34402724719811,151281158
fw,-72.1255187988281,-65.0223770141601,43.46300049186273,101.04128595776744,151297825
fw,-71.7764129638671,-65.7699203491211,28.127070632628175,97.46254874331912,151314492
fw,-71.54052734375,-67.3128814697265,8.45049712612785,94.50835839620342,151331159
fw,-71.6902847290039,-68.8271484375,-16.573812283686216,92.24195611530504,151347826
fw,-72.3143615722656,-70.1383666992187,-47.47637032194137,90.04223598676221,151364493
fw,-73.3484191894531,-71.5235900878906,-83.8927463774145,87.00797025901541,151381160
fw,-75.1278381347656,-72.8324432373046,-124.31886754428054,82.42186931019016,151397827
fw,-77.7701644897461,-73.9567413330078,-166.1230598465469,76.08542162705234,151414494
fw,-81.4298477172851,-74.9819946289062,-205.83299251823723,68.41010864792571,151431161
fw,-85.3593215942382,-75.6754379272461,-239.64374364512196,60.260657823975144,151447828
fw,-88.3325805664062,-76.1995773315429,-264.04164524436015,52.64506657632241,151464495
fw,-85.6047973632812,-76.6916732788086,-276.426258437711,46.39154164715812,151481162
fw,-80.6854858398437,-77.2813034057617,-275.62533395680686,41.93291863693181,151497829
fw,-75.0934219360351,-78.1714096069336,-262.20134380551104,39.25760168742399,151514496
fw,-70.9923858642578,-79.2462158203125,-238.44310612150372,38.015252806247915,151531163
fw,-68.0230102539062,-80.4745941162109,-207.9724238233268,37.70983925615566,151547830
fw,-65.5207824707031,-81.5265350341796,-175.00757276329404,37.88910651440916,151564497
fw,-63.2827606201171,-82.1559295654296,-143.46288767729686,38.25739818393781,151581164
fw,-61.3928833007812,-82.6199874877929,-116.13252530348586,38.690346428694916,151597831
fw,-60.175853729248,-83.2191314697265,-94.17037233758893,39.18543270108252,151614498
fw,-59.210350036621,-83.9636688232421,-76.98174073372084,39.80442498085264,151631165
fw,-58.2455787658691,-84.7287979125976,-62.54188160599649,40.63849702151546,151647832
fw,-57.3088264465332,-85.3436965942382,-48.06712067631228,41.78119554150822,151664499
fw,-56.4582633972168,-85.8111419677734,-30.88232826586962,43.273071339532805,151681166
fw,-55.8193664550781,-86.2217178344726,-9.26591395047366,45.0053689761831,151697833
fw,-55.6122550964355,-86.6177139282226,16.961091564032063,46.61788418118327,151714500
fw,-55.8145332336425,-86.9326782226562,46.282276593435995,47.457085095827566,151731167
fw,-57.2080574035644,-87.0628204345703,75.83159328247359,46.648363345024485,151747834
fw,-60.3285751342773,-86.9628829956054,102.14194252424487,43.28556189275771,151764501
fw,-62.7428436279296,-86.6268157958984,122.05645842450019,36.67945286546064,151781168
fw,-65.0377960205078,-86.1545791625976,133.5054105906812,26.566690184050294,151797835
fw,-66.8633041381836,-85.8751678466796,135.9280684889598,13.184498062734896,151814502
fw,-68.7837524414062,-86.0909423828125,130.2869263675681,-2.8310860686167927,151831169
fw,-70.6844329833984,-86.6564254760742,118.7719799046143,-20.683347387533427,151847836
fw,-72.7479400634765,-87.1073455810546,104.34359440819442,-39.6789538970398,151864503
fw,-74.7977828979492,-87.136245727539,90.22104956881451,-59.39248665382824,151881170
fw,-76.2431716918945,-86.6851272583007,79.35986540943696,-79.65970825985961,151897837
fw,-76.9774627685546,-85.7662200927734,73.941462402486,-100.41796446237014,151914504
fw,-77.7608337402343,-84.2753295898437,74.93741095496031,-121.48260323782529,151931171
fw,-78.9033813476562,-82.1324386596679,81.86044145524369,-142.36236154183905,151947838
fw,-80.4162826538086,-79.6208114624023,92.8120979783549,-162.18073907335534,151964505
fw,-82.2391357421875,-76.6793365478515,104.86390433428318,-179.71920793136354,151981172
fw,-84.1698150634765,-73.2961807250976,114.7051732976973,-193.56083357019466,151997839
fw,-86.1455307006836,-69.7974090576171,119.41015715928353,-202.29514021876258,152014506
fw,-87.5803909301757,-66.4815139770507,117.14416551756536,-204.73956896287268,152031173
fw,-87.0439529418945,-63.5295028686523,107.63699501776259,-200.13604546549078,152047840
fw,-85.3526992797851,-60.5992279052734,92.2937954365339,-188.29156057951073,152064507
fw,-84.1050491333007,-57.6444969177246,73.88946180561658,-169.6411552154782,152081174
fw,-83.419448852539,-55.0247383117675,55.90063149334496,-145.21365181145853,152097841
fw,-83.0926055908203,-53.265151977539,41.64398940101279,-116.48603302873184,152114508
fw,-83.1249389648437,-52.3406600952148,33.46363053806661,-85.14218359190684,152131175
fw,-83.0847702026367,-51.9436874389648,32.20342036796685,-52.80324192820312,152147842
fw,-82.6248016357421,-51.7728805541992,37.108233728365455,-20.831562310170348,152164509
fw,-81.6911087036132,-51.6650352478027,46.154525279904604,9.713207376376085,152181176
fw,-80.2247314453125,-51.6077842712402,56.670058380493565,37.9691913900026,152197843
fw,-78.6439514160156,-52.1716232299804,66.01817316784167,63.112938147648734,152214510
fw,-77.3292694091796,-53.4027442932128,72.12595812670166,84.27800396940171,152231177
fw,-76.2767715454101,-55.1237754821777,73.72318738471242,100.63798585922521,152247844
fw,-75.3941268920898,-57.6626930236816,70.28670354236525,111.63541941547079,152264511
fw,-74.5773773193359,-60.1907005310058,61.79229795461924,117.23710152252049,152281178
fw,-73.8333511352539,-62.011116027832,48.41976589293093,118.06248538825943,152297845
fw,-73.4262924194336,-63.8075103759765,30.334897047507432,115.2886903626194,152314512
fw,-73.4388656616211,-64.7135391235351,7.61603451785957,110.35078108712257,152331179
fw,-73.8493194580078,-65.9801712036132,-19.663923369954713,104.55910857151464,152347846
fw,-74.6388244628906,-67.2633590698242,-51.23332994508862,98.78856168121875,152364513
fw,-75.6980361938476,-68.1694259643554,-86.36355022411588,93.35010327536848,152381180
fw,-77.4063110351562,-69.679443359375,-123.65088945700145,88.07073173594384,152397847
fw,-79.9413604736328,-71.3062973022461,-160.9368973239914,82.52954766259853,152414514
fw,-83.232421875,-72.863525390625,-195.43281759776497,76.34899533779743,152431181
fw,-86.4945755004882,-74.0873718261718,-224.05252099915333,69.4283101421239,152447848
fw,-87.852424621582,-74.8794021606445,-243.8989809856442,62.034471884238826,152464515
fw,-84.8312683105468,-75.5177154541015,-252.8160601034063,54.72894871288291,152481182
fw,-80.1742477416992,-76.2891006469726,-249.89871929921603,48.179578963863825,152497849
fw,-74.5736541748046,-77.0972900390625,-235.82748398669733,42.9495112791138,152514516
fw,-71.2351150512695,-78.0201339721679,-212.87777933379218,39.34934589891338,152531183
fw,-69.1187667846679,-78.9691467285156,-184.51607163656158,37.395293728677416,152547850
fw,-67.1203155517578,-79.8255615234375,-154.65106165093354,36.86483946731868,152564517
fw,-64.9712829589843,-80.5654525756836,-126.76760391710178,37.40712876267268,152581184
fw,-63.1137619018554,-81.1636734008789,-103.21239515522147,38.65683347226911,152597851
fw,-61.8233413696289,-81.7409133911132,-84.80876789383319,40.313458578512105,152614518
fw,-60.8675384521484,-82.3843612670898,-70.84697804448494,42.17234340594255,152631185
fw,-60.09321975708,-83.1377639770507,-59.409432197706,44.115083689824814,152647852
fw,-59.3580131530761,-83.8801956176757,-47.949766328751664,46.07471267890386,152664519
fw,-58.5399475097656,-84.5169906616211,-34.01231537556412,47.98585719963658,152681186
fw,-57.8363227844238,-85.0594635009765,-15.938643302266248,49.72508110078648,152697853
fw,-57.5169639587402,-85.5413055419921,6.618209980590926,51.05203181621101,152714520
fw,-57.6506423950195,-85.9473495483398,32.530084262243896,51.57362690507408,152731187
fw,-58.4807090759277,-86.2625198364257,59.45482338821259,50.75710898155028,152747854
fw,-60.9359016418457,-86.4303665161132,84.46349842163418,48.00346435013727,152764521
fw,-63.4348907470703,-86.4249496459961,104.83847647464133,42.764486545880104,152781188
fw,-65.6658248901367,-86.2827453613281,118.77256422595362,34.66066654379771,152797855
fw,-67.6366424560546,-86.1302642822265,125.74051888421477,23.5503759782709,152814522
fw,-69.1389999389648,-86.1091690063476,126.46079616142258,9.520500013019932,152831189
fw,-71.0651931762695,-86.2675476074218,122.53344158764705,-7.193174098800948,152847856
fw,-73.0,-86.5515670776367,115.93433870629637,-26.30973682168742,152864523
fw,-74.9384841918945,-86.6874923706054,108.5346959600412,-47.56788293637512,152881190
fw,-76.947883605957,-86.4389419555664,101.74067033803,-70.70310295413998,152897857
fw,-78.4121780395507,-85.6911544799804,96.28008470742634,-95.33098409679526,152914524
fw,-79.4522476196289,-84.4338760375976,92.14002240379016,-120.78046513865614,152931191
fw,-80.4512023925781,-82.5206298828125,88.66839150405231,-145.95447702084317,152947858
fw,-81.8624267578125,-79.9676132202148,84.84942489098046,-169.29611027430832,152964525
fw,-83.7277145385742,-77.0462341308593,79.71349675994743,-188.90794614042358,152981192
fw,-85.3981094360351,-73.7374496459961,72.76195430729199,-202.82606105167756,152997859
fw,-86.6113586425781,-70.0008163452148,64.23965391537968,-209.4026409831944,153014526
fw,-87.2425308227539,-66.0129928588867,55.12474617048807,-207.70723184369677,153031193
fw,-87.1364517211914,-62.2757873535156,46.82175913594388,-197.8246639720817,153047860
fw,-86.6459655761718,-59.7714576721191,40.67917063408198,-180.9311911694094,153064527
fw,-86.2912368774414,-57.6757431030273,37.53257046179994,-159.09072301986737,153081194
fw,-86.1022796630859,-55.8209152221679,37.455965308196134,-134.8136565841066,153097861
fw,-85.79248046875,-54.054141998291,39.79843684747208,-110.50618659610018,153114528
fw,-85.3883666992187,-52.9207038879394,43.452718445933336,-87.96392301003429,153131195
fw,-84.8795623779296,-52.1216506958007,47.217748787914786,-68.03669288624732,153147862
fw,-84.2361221313476,-51.5070304870605,50.11236924018425,-50.54408061578348,153164529
fw,-83.5046615600586,-51.0147399902343,51.5536613744905,-34.46709177423821,153181196
fw,-82.7120742797851,-50.5608367919921,51.38628706018647,-18.37487327747598,153197863
fw,-81.9604110717773,-50.2023468017578,49.80128813186751,-0.9726879489561879,153214530
fw,-81.2819671630859,-50.1391983032226,47.200357834872314,18.395189312493066,153231197
fw,-80.6671752929687,-50.2643852233886,44.05186459637233,39.45736662624804,153247864
fw,-80.1075973510742,-50.985294342041,40.764409224920286,61.05207701836054,153264531
fw,-79.5006027221679,-53.2336959838867,37.585951374634874,81.48350572917765,153281198
fw,-78.8417053222656,-55.9975395202636,34.526540374698754,99.05627565561679,153297865
fw,-78.2412948608398,-57.9487266540527,31.300087307816284,112.55729069811508,153314532
fw,-77.8143844604492,-59.5314712524414,27.285238093055376,121.48237575888452,153331199
fw,-77.5672912597656,-61.3366584777832,21.517220017549626,125.95333615965247,153347866
fw,-77.4843139648437,-62.5291862487793,12.7370873052154,126.44310666451956,153364533
fw,-77.7059936523437,-64.5638427734375,-0.46773719781193385,123.50483803694314,153381200
fw,-78.3067016601562,-66.608657836914,-19.407148000238536,117.64754431583556,153397867
fw,-79.0631942749023,-68.0024032592773,-44.92290556844682,109.37474547433278,153414534
fw,-79.9048385620117,-69.6021575927734,-76.97149933678784,99.29654590433577,153431201
fw,-81.2818832397461,-70.9091644287109,-114.2696005631197,88.19897746729382,153447868
fw,-83.4933547973632,-71.8922882080078,-154.1490897213978,77.00280864285874,153464535
fw,-86.0458679199218,-72.8777160644531,-192.74470156208332,66.621079037806,153481202
fw,-87.0101089477539,-73.6325302124023,-225.55200355783202,57.78256519247765,153497869
fw,-84.5030364990234,-74.2316818237304,-248.2778666512106,50.901300010905,153514536
fw,-79.4870452880859,-75.0992126464843,-257.79710056756426,46.042766825175065,153531203
fw,-73.3761520385742,-76.0789260864257,-252.9513809551974,42.98925142334895,153547870
fw,-69.8846435546875,-77.1863327026367,-234.91539537717242,41.36623715246491,153564537
fw,-67.2795715332031,-78.2300949096679,-206.96202283736272,40.77462870435528,153581204
fw,-64.8017272949218,-79.2282257080078,-173.67599317411495,40.88290037554117,153597871
fw,-62.4864997863769,-80.0202560424804,-139.87552430885881,41.4588110989778,153614538
fw,-60.7631721496582,-80.5412368774414,-109.57216453633887,42.34699765092095,153631205
fw,-59.5552062988281,-80.984390258789,-85.22159000221684,43.41857394574204,153647872
fw,-58.6436233520507,-81.635498046875,-67.38876140795391,44.52912724444718,153664539
fw,-57.8876571655273,-82.5680847167968,-54.84714714705255,45.51514338454388,153681206
fw,-57.1759529113769,-83.5840301513671,-45.06018305992898,46.231346506032565,153697873
fw,-56.3959197998046,-84.431770324707,-34.93298656099907,46.597430006728686,153714540
fw,-55.7913970947265,-85.1189422607421,-21.669873719439664,46.610588284814746,153731207
fw,-55.495304107666,-85.7091522216796,-3.5438704348604713,46.3029489459835,153747874
fw,-55.4712524414062,-86.2370376586914,19.605338790231933,45.661801864451355,153764541
fw,-55.6383399963378,-86.7055130004882,46.27415047656925,44.55379850074504,153781208
fw,-57.1452140808105,-87.1087646484375,73.6353867731757,42.687505851993855,153797875
fw,-59.7366867065429,-87.4313583374023,98.23645644694942,39.62341166217928,153814542
fw,-61.8061828613281,-87.6328887939453,116.86491404407894,34.81900346551431,153831209
fw,-64.0218429565429,-87.7493591308593,127.33889787467638,27.692395200044373,153847876
fw,-65.9753723144531,-87.7886581420898,129.02131234524896,17.697646309200348,153864543
fw,-68.197769165039,-87.7726211547851,122.96212422736193,4.413174419257031,153881210
fw,-70.3509292602539,-87.8848342895507,111.6725640145805,-12.360846662307015,153897877
fw,-72.3674163818359,-88.0800094604492,98.58985581571147,-32.51585640451506,153914544
fw,-73.8418502807617,-88.0326843261718,87.32133288976735,-55.587509135878065,153931211
fw,-74.5483474731445,-87.1938323974609,80.79939485123914,-80.76494221208824,153947878
fw,-75.1514892578125,-85.569465637207,80.53583892647784,-106.94858165782998,153964545
fw,-76.2841033935546,-83.3849411010742,86.19185880714203,-132.82704989777557,153981212
fw,-77.8333969116211,-80.7837142944336,95.62761051170739,-156.9434187509926,153997879
fw,-79.6440811157226,-78.0155792236328,105.45940607911078,-177.74481973900126,154014546
fw,-81.6410675048828,-74.9511642456054,111.9897876986863,-193.64436161813836,154031213
fw,-83.7975540161132,-71.53173828125,112.25586348690493,-203.14585345756677,154047880
fw,-86.1301116943359,-68.1166687011718,104.89851351356491,-205.06658762404743,154064547
fw,-87.3232192993164,-64.5065689086914,90.58922980761729,-198.8378393923379,154081214
fw,-86.937271118164,-61.0655174255371,71.85974867003432,-184.7918415427206,154097881
fw,-86.7276229858398,-58.2826042175293,52.360090542338405,-164.3001089783255,154114548
fw,-86.8383865356445,-56.0343589782714,35.78218239568038,-139.64672061340974,154131215
fw,-87.0744400024414,-54.3700370788574,24.829716769057132,-113.60611472095721,154147882
fw,-87.2391967773437,-53.4151458740234,20.593662709188667,-88.81354495101058,154164549
fw,-87.1653823852539,-52.9268569946289,22.505966286204576,-67.11385546852992,154181216
fw,-86.5741195678711,-52.5206451416015,28.7985698059502,-49.10763660855843,154197883
fw,-85.6536865234375,-52.0114059448242,37.21965256348926,-34.064872961442504,154214550
fw,-84.7938766479492,-51.3641929626464,45.718286129911824,-20.255792372805708,154231217
fw,-83.9771194458007,-50.820945739746,52.887377262285234,-5.600008810354461,154247884
fw,-83.0351409912109,-50.6090202331543,58.09054129026457,11.579827962647997,154264551
fw,-82.0319366455078,-50.8040122985839,61.32111998172901,31.947959313382416,154281218
fw,-81.074348449707,-51.1457633972168,62.90689696746376,54.884313353306574,154297885
fw,-80.1956100463867,-52.3267784118652,63.18061573111034,78.63391917938421,154314552
fw,-79.2516632080078,-54.9298019409179,62.20967911341152,100.81815675310008,154331219
fw,-78.2514190673828,-57.7854843139648,59.641831497359696,119.117759370478,154347886
fw,-77.3307037353515,-59.6287879943847,54.68745423640837,131.86984421784217,154364553
fw,-76.5960845947265,-62.0645790100097,46.228738008961294,138.37071439456514,154381220
fw,-76.0843200683593,-63.0816688537597,33.02714577412788,138.83131197958693,154397887
fw,-75.9215927124023,-65.0375900268554,13.994258975891128,134.0982039446269,154414554
fw,-76.2420043945312,-66.9986495971679,-11.50929117143819,125.3268073434861,154431221
fw,-76.9347152709961,-68.2810363769531,-43.38586569042883,113.74900021250791,154447888
fw,-77.9548187255859,-69.8388519287109,-80.57517504251629,100.5717729948555,154464555
fw,-79.5739135742187,-71.5195541381836,-120.95816224149817,86.95616641743712,154481222
fw,-82.1215209960937,-72.6616134643554,-161.45939864946604,73.99738227368202,154497889
fw,-85.2379074096679,-73.6005325317382,-198.38532914853477,62.65429679111443,154514556
fw,-87.4467239379882,-74.3009719848632,-227.97239520917665,53.633339499829745,154531223
fw,-85.8558502197265,-74.7803192138671,-247.05142128058583,47.27977951104077,154547890
fw,-81.3475799560546,-75.6379241943359,-253.68717126099304,43.536981028463245,154564557
fw,-75.7241897583007,-76.6565475463867,-247.62782894502533,42.000404328489935,154581224
fw,-72.2695617675781,-77.8153533935546,-230.4085019842891,42.045983402685565,154597891
fw,-69.7697525024414,-78.9230880737304,-205.03138799452236,42.98294323239319,154614558
fw,-67.2240295410156,-79.8874435424804,-175.2956491202353,44.183164428347396,154631225
fw,-64.6327362060546,-80.7821578979492,-144.9872588130591,45.1639129861402,154647892
fw,-62.4746131896972,-81.4780883789062,-117.16271530068296,45.625714815103905,154664559
fw,-61.047378540039,-82.0247497558593,-93.6738520609092,45.45784276913373,154681226
fw,-60.0758666992187,-82.6217422485351,-74.97823680480204,44.723644342550955,154697893
fw,-59.3082618713378,-83.383316040039,-60.227335770811564,43.634453152176846,154714560
fw,-58.6739425659179,-84.2281036376953,-47.60746854554318,42.513248211583715,154731227
fw,-57.8753013610839,-84.9605636596679,-34.88175048392547,41.73718766935532,154747894
fw,-57.2533874511718,-85.4990234375,-20.031916534055586,41.643371239232934,154764561
fw,-57.0503959655761,-85.9008407592773,-1.8531610834985854,42.398094078746716,154781228
fw,-57.196792602539,-86.2547225952148,19.653105954406996,43.8618769125986,154797895
fw,-57.5339698791503,-86.5983810424804,43.20179222677545,45.5070992490069,154814562
fw,-58.6147575378418,-86.8461380004882,66.49606951924187,46.43971026859766,154831229
fw,-60.7516975402832,-86.9252166748046,86.78838258503124,45.53958422728445,154847896
fw,-62.8056526184082,-86.8398742675781,101.58303533208912,41.685473495858865,154864563
fw,-64.8186340332031,-86.6264724731445,109.2850822839514,33.99597878363789,154881230
fw,-66.3299255371093,-86.3800430297851,109.62199047451793,22.01305424029213,154897897
fw,-67.9280624389648,-86.2785873413086,103.74736033487864,5.77888505247918,154914564
fw,-70.2424850463867,-86.4085006713867,94.02669744191856,-14.202202213667457,154931231
fw,-71.9974746704101,-86.601318359375,83.55773497516302,-37.08569508925132,154947898
fw,-72.8972473144531,-86.6858901977539,75.5025356712988,-61.83898507922602,154964565
fw,-73.3681030273437,-86.3325958251953,72.34846923929723,-87.37056777076877,154981232
fw,-74.1821365356445,-85.3083190917968,75.27262872376762,-112.60316011228218,154997899
fw,-75.5337600708007,-83.6011657714843,83.801784647119,-136.4857652409067,155014566
fw,-77.3071670532226,-81.2627944946289,95.88943769322698,-157.96549717074055,155031233
fw,-79.2359771728515,-78.5753707885742,108.39872749916573,-175.95644358266526,155047900
fw,-81.0869216918945,-75.4639663696289,117.8599873922969,-189.3471815140334,155064567
fw,-82.9385910034179,-72.1135559082031,121.31540621492842,-197.07942725315334,155081234
fw,-84.9725494384765,-68.9503631591796,117.06276661793098,-198.30730353184418,155097901
fw,-86.7961883544921,-65.7674560546875,105.12926163234467,-192.6133630598028,155114568
fw,-86.7716598510742,-62.5220909118652,87.33384566325897,-180.2218995241517,155131235
fw,-86.4431228637695,-59.7473411560058,66.86591329584103,-162.12378603791754,155147902
fw,-86.6775741577148,-57.4035873413085,47.4512080860872,-140.02670413663284,155164569
fw,-86.9980850219726,-55.5134086608886,32.35239085192482,-116.08556414986303,155181236
fw,-87.2109069824218,-54.5453338623046,23.549906053417438,-92.44688430555455,155197903
fw,-87.0160064697265,-54.0389900207519,21.38339123109848,-70.72905595441537,155214570
fw,-86.4221496582031,-53.715648651123,24.732620920852337,-51.616553953954096,155231237
fw,-85.4746856689453,-53.3496398925781,31.596386653832642,-34.73509269964165,155247904
fw,-84.5519104003906,-52.7526473999023,39.799555822083754,-18.885699548863073,155264571
fw,-83.7955322265625,-52.1410827636718,47.56542418103676,-2.577125914726578,155281238
fw,-82.9923782348632,-51.8921585083007,53.80120738397011,15.330637824249841,155297905
fw,-82.043472290039,-52.2108154296875,58.08631250694231,35.111719819877386,155314572
fw,-81.0872497558593,-52.8194770812988,60.45682576138479,55.98166945709961,155331239
fw,-80.1345901489257,-53.941104888916,61.115290670966395,76.29641170131703,155347906
fw,-79.1826782226562,-56.3825607299804,60.1741297479227,94.06394784755366,155364573
fw,-78.1669082641601,-58.976089477539,57.4936130631769,107.56846749492861,155381240
fw,-77.2133712768554,-60.8599586486816,52.62660752050598,115.86092729202508,155397907
fw,-76.4273986816406,-62.5757637023925,44.84934340657008,118.93538894133131,155414574
fw,-75.8834991455078,-63.3880157470703,33.24946039575265,117.56688633080253,155431241
fw,-75.7284774780273,-65.1234893798828,16.857540147948495,112.94400307468433,155447908
fw,-76.088150024414,-66.8393630981445,-5.169487490953098,106.29061066972871,155464575
fw,-76.7539901733398,-67.940185546875,-33.297720929673886,98.61708993326177,155481242
fw,-77.6270370483398,-69.2133102416992,-67.30810560540283,90.63680162728627,155497909
fw,-78.8450088500976,-70.7169418334961,-105.99489642904568,82.80424637698937,155514576
fw,-80.7793884277343,-71.8583450317382,-146.98971884386066,75.40336780016793,155531243
fw,-83.6672058105468,-73.1599349975586,-186.8413145784792,68.6252564647095,155547910
fw,-86.4294967651367,-74.1916275024414,-221.42458229733745,62.6060556662337,155564577
fw,-86.8827285766601,-74.8258895874023,-246.6481000693281,57.42982347895095,155581244
fw,-83.3231506347656,-75.6905746459961,-259.32046103358226,53.119801476969506,155597911
fw,-77.4259338378906,-76.6371765136718,-257.95213621718983,49.639461993150945,155614578
fw,-72.330810546875,-77.6973648071289,-243.23123265915228,46.909883952289825,155631245
fw,-69.506233215332,-78.7735443115234,-217.96100844513109,44.8355498145843,155647912
fw,-67.439468383789,-79.8831787109375,-186.41925291664495,43.326099974777215,155664579
fw,-65.3210830688476,-80.9004211425781,-153.33472106856067,42.30590375153216,155681246
fw,-63.0876502990722,-81.5478057861328,-122.82428996546041,41.70926595532962,155697913
fw,-61.3802757263183,-82.1043014526367,-97.60101073215425,41.46529277295158,155714580
fw,-60.2002983093261,-82.7149581909179,-78.60514549662079,41.48504775833803,155731247
fw,-59.2696418762207,-83.470962524414,-65.05814739209397,41.667517187862785,155747914
fw,-58.4828186035156,-84.2803955078125,-54.86099155240921,41.92861847609101,155764581
fw,-57.7441902160644,-85.0054244995117,-45.23127306672638,42.23355811511822,155781248
fw,-56.9761428833007,-85.6361465454101,-33.454305721039,42.599669280297675,155797915
fw,-56.399055480957,-86.2142105102539,-17.599935530554323,43.05064624143258,155814582
fw,-56.1425819396972,-86.703369140625,2.9536093502861784,43.535110310902205,155831249
fw,-56.2428283691406,-87.1226806640625,27.323121319384807,43.84782732454107,155847916
fw,-56.7428169250488,-87.4726104736328,53.31759140604033,43.59292815386403,155864583
fw,-58.9224700927734,-87.7181015014648,77.99233188191432,42.20723068474325,155881250
fw,-61.3266639709472,-87.7978897094726,98.4094244436089,39.03444053891026,155897917
fw,-63.2964363098144,-87.7174987792968,112.37678337560907,33.42416200731399,155914584
fw,-65.1731185913086,-87.5800628662109,118.94947489130713,24.829770286994215,155931251
fw,-66.7032699584961,-87.4479446411132,118.58162293256646,12.890607366404584,155947918
fw,-68.577896118164,-87.4156341552734,112.94911504166197,-2.5052684529907854,155964585
fw,-70.8401718139648,-87.5669937133789,104.54043358168026,-21.17955125527973,155981252
fw,-72.843994140625,-87.7975311279296,96.11418780851042,-42.649645614841596,155997919
fw,-74.2409515380859,-87.7725296020507,90.09747082572511,-66.15004926243024,156014586
fw,-74.9223175048828,-87.0091934204101,88.00957460271405,-90.6897071468131,156031253
fw,-75.8386001586914,-85.433609008789,90.04382312362769,-115.13260158004226,156047920
fw,-77.1960678100586,-83.2117004394531,94.96467654052444,-138.2789371162885,156064587
fw,-78.9296493530273,-80.5280075073242,100.41652843604092,-158.92597664540438,156081254
fw,-80.9330673217773,-77.6944122314453,103.60151910368644,-175.9039427642879,156097921
fw,-82.9444274902343,-74.6570434570312,102.13720709578241,-188.10858437386122,156114588
fw,-85.1467590332031,-71.4251022338867,94.82408580875635,-194.5724135097203,156131255
fw,-86.9823455810546,-68.2460250854492,82.06723157560663,-194.6099037970286,156147922
fw,-87.4542388916015,-64.6501846313476,65.79848098094499,-188.0279546044468,156164589
fw,-87.2614822387695,-61.4375457763671,48.911684838193025,-175.32842883818734,156181256
fw,-87.0111541748046,-58.9070281982421,34.405950023414285,-157.78633423628781,156197923
fw,-87.0319213867187,-56.9335174560546,24.54926881046316,-137.30628947905927,156214590
fw,-87.1839523315429,-55.2724952697753,20.355389998030375,-116.04515618935386,156231257
fw,-87.3640365600586,-54.2262878417968,21.514600137683487,-95.89659287270503,156247924
fw,-87.3162002563476,-53.5110244750976,26.722417875031073,-78.00680152322153,156264591
fw,-86.8686294555664,-52.805793762207,34.21265167319388,-62.49735317999745,156281258
fw,-86.2543106079101,-51.9414634704589,42.27348619311429,-48.50776488417866,156297925
fw,-85.5174713134765,-51.0642356872558,49.59220573378351,-34.55756185684882,156314592
fw,-84.6690292358398,-50.4890098571777,55.38214878103095,-19.108611840244482,156331259
fw,-83.7621917724609,-50.2752532958984,59.335907421741844,-1.13641722460801,156347926
fw,-82.8401794433593,-50.315559387207,61.48671049612314,19.47792714957994,156364593
fw,-81.9236755371093,-50.5961875915527,62.04798102335289,41.857045400856904,156381260
fw,-80.9728088378906,-51.8353004455566,61.267435952207364,64.36051417304276,156397927
fw,-79.9708862304687,-54.05712890625,59.3041547184159,85.05700284468222,156414594
fw,-79.0056076049804,-56.1343879699707,56.12589271800062,102.26096084161179,156431261
fw,-78.155044555664,-57.7714691162109,51.427396489739344,114.93284795598487,156447928
fw,-77.475112915039,-59.4922409057617,44.58176983347126,122.81069806776632,156464595
fw,-76.9688568115234,-61.4023094177246,34.64862522142081,126.27432262159644,156481262
fw,-76.7365417480468,-62.9571952819824,20.467822298121664,126.0575955971378,156497929
fw,-76.9004974365234,-64.8570861816406,0.8610472437939681,122.9570021252761,156514596
fw,-77.4742126464843,-66.5923309326171,-25.05700729074642,117.64154455947238,156531263
fw,-78.2835006713867,-67.9233093261718,-57.49156832764571,110.59679251857027,156547930
fw,-79.3352813720703,-69.385513305664,-95.58638802974316,102.17670651671008,156564597
fw,-81.0342407226562,-70.776741027832,-137.17441594591207,92.70816182444416,156581264
fw,-83.7213745117187,-72.2453079223632,-178.7972996478564,82.5900798281107,156597931
fw,-86.4975891113281,-73.7803115844726,-216.07984065873458,72.34059474928237,156614598
fw,-86.7085418701171,-74.6732025146484,-244.44271986586187,62.566532517262885,156631265
fw,-83.5252227783203,-75.1402587890625,-260.02390937232326,53.859739856637056,156647932
fw,-78.1052932739257,-75.9031829833984,-260.59244631150574,46.66037589868207,156664599
fw,-72.5440826416015,-76.8560791015625,-246.1921012583886,41.15103562826624,156681266
fw,-69.0374069213867,-77.9207077026367,-219.27337654735337,37.236272216283034,156697933
fw,-66.7793045043945,-78.9033813476562,-184.20346643659656,34.619471880127364,156714600
fw,-64.9978332519531,-79.7158126831054,-146.26993159416278,32.94001461713613,156731267
fw,-63.529441833496,-80.2629013061523,-110.4962289161436,31.908143719085764,156747934
fw,-62.2933349609375,-80.5756072998046,-80.63706808211097,31.384081810834704,156764601
fw,-61.2152519226074,-80.916389465332,-58.60485756212718,31.382619898714132,156781268
fw,-60.2745475769043,-81.453140258789,-44.392105394191354,32.022451115823834,156797935
fw,-59.6271095275878,-82.176399230957,-36.40368419141774,33.4566466638988,156814602
fw,-59.1200294494628,-82.9221954345703,-32.0423418613382,35.80854184433295,156831269
fw,-58.6667976379394,-83.527099609375,-28.38893588109996,39.112865594540764,156847936
fw,-58.2256278991699,-84.0258483886718,-22.849169292623362,43.251722028324906,156864603
fw,-57.897663116455,-84.4821090698242,-13.669868903284009,47.88872275019836,156881270
fw,-57.6703071594238,-84.9480209350586,-0.2502422258561337,52.42743428155733,156897937
fw,-57.5825729370117,-85.4658203125,16.803710471976068,56.02975063215294,156914604
fw,-58.174934387207,-86.0115966796875,35.89527579699852,57.715197468142605,156931271
fw,-59.904685974121,-86.5174407958984,54.876216685760234,56.53008623467381,156947938
fw,-61.402473449707,-86.8271942138671,71.59236975770081,51.74217929048784,156964605
fw,-62.7078094482421,-86.8339920043945,84.3822585283269,42.998580823707556,156981272
fw,-63.7122917175293,-86.6744003295898,92.40740550322826,30.391741379843506,156997939
fw,-65.1228866577148,-86.6566696166992,95.77656258123875,14.409670673636258,157014606
fw,-67.2131958007812,-86.9075698852539,95.4934854224007,-4.210810614582471,157031273
fw,-69.408935546875,-87.3085632324218,93.26145733435499,-24.673420707130596,157047940
fw,-71.1531448364257,-87.6772918701171,91.14446825138853,-46.28687727246137,157064607
fw,-72.4689178466796,-87.5888900756836,91.08544837454367,-68.54928293870363,157081274
fw,-73.2877655029296,-86.6940002441406,94.34942074586922,-91.12595617572842,157097941
fw,-74.5398406982421,-85.1791152954101,101.04999938936503,-113.72750562281264,157114608
fw,-76.2030029296875,-83.1937255859375,109.95150710180617,-135.92589073899134,157131275
fw,-78.1420974731445,-80.7637557983398,118.67367075227291,-156.97082186666893,157147942
fw,-80.1824569702148,-78.0761184692382,124.28936088032174,-175.68124274778427,157164609
fw,-82.3843917846679,-75.0465545654296,124.16574297956149,-190.48005436725595,157181276
fw,-84.8868026733398,-71.7099838256836,116.80818208592282,-199.61030738048652,157197943
fw,-87.1582107543945,-68.2357101440429,102.44187369086292,-201.51738205723086,157214610
fw,-87.6005325317382,-64.3761978149414,83.11350793489017,-195.31194373126382,157231277
fw,-87.1849212646484,-61.1154251098632,62.22383081086736,-181.16587367350746,157247944
fw,-87.2233581542968,-58.4224472045898,43.59982373787811,-160.47499017764966,157264611
fw,-87.4558639526367,-56.356575012207,30.411835045737664,-135.67687310385472,157281278
fw,-87.5907669067382,-54.7317657470703,24.32667603832006,-109.72943956013295,157297945
fw,-87.6839599609375,-53.8967704772949,25.19612476528585,-85.38591482063224,157314612
fw,-87.2452316284179,-53.5443305969238,31.351431027744137,-64.48893804448258,157331279
fw,-86.0917510986328,-53.0543365478515,40.32871348706464,-47.51791537878006,157347946
fw,-84.8737869262695,-52.299949645996,49.705162143823415,-33.550373469925724,157364613
fw,-83.8961334228515,-51.5908470153808,57.73329318643009,-20.658129135647545,157381280
fw,-82.9547729492187,-51.1475028991699,63.59361103991097,-6.606796094129994,157397947
fw,-81.9647674560546,-50.993236541748,67.26504358375709,10.369893998565866,157414614
fw,-81.0098800659179,-51.1186370849609,69.1510824562605,30.958083241944827,157431281
fw,-80.1426849365234,-51.4222946166992,69.65190199616784,54.48819998836169,157447948
fw,-79.2057800292968,-52.5206642150878,68.84596589097666,79.06896758321396,157464615
fw,-78.0436172485351,-55.0069923400878,66.37196856074617,102.08474826099747,157481282
fw,-76.7553253173828,-57.7466354370117,61.51480818544489,120.89014860925188,157497949
fw,-75.5415267944336,-59.7788543701171,53.42355288748006,133.46245753684835,157514616
fw,-74.6028518676757,-61.8284492492675,41.34969181228372,138.80271600491236,157531283
fw,-74.1229858398437,-62.786693572998,24.806183906771015,137.0093012185275,157547950
fw,-74.2723922729492,-64.7359542846679,3.6065512109031896,129.09884459977715,157564617
fw,-75.095588684082,-66.5528564453125,-22.179755116790023,116.71832528815924,157581284
fw,-76.3181457519531,-67.8113784790039,-52.26478816129909,101.8558509008331,157597951
fw,-77.5801696777343,-68.8891677856445,-86.08405732542116,86.57882947775796,157614618
fw,-79.1253280639648,-70.0735855102539,-122.62213718953491,72.78208995066782,157631285
fw,-81.3652801513671,-70.8494873046875,-160.19814139556263,61.93630200716096,157647952
fw,-84.3587493896484,-71.8132553100586,-196.35173129569603,54.863643898650686,157664619
fw,-87.3948898315429,-72.6055068969726,-227.95905236541813,51.601145091017926,157681286
fw,-86.8383865356445,-73.1915206909179,-251.63092282448562,51.418578805553125,157697953
fw,-83.2910995483398,-74.2598114013671,-264.3469994296715,53.02454546229229,157714620
fw,-78.0512619018554,-75.722053527832,-264.1902720625969,54.92891211664924,157731287
fw,-72.4626388549804,-77.3076553344726,-250.97316041974264,55.860217603031266,157747954
fw,-68.4678497314453,-78.7933502197265,-226.51440396220704,55.10051921115457,157764621
fw,-65.5591278076171,-79.9754028320312,-194.39052498403998,52.623493512567016,157781288
fw,-63.3535346984863,-80.7728500366211,-159.1643233054589,48.99750291549543,157797955
fw,-61.6219940185546,-81.2960891723632,-125.30443374897507,45.106259690233706,157814622
fw,-60.5702667236328,-81.7528076171875,-96.13282835997818,41.80439011390831,157831289
fw,-59.8305740356445,-82.3242950439453,-73.11829403570864,39.639280217521595,157847956
fw,-58.9344100952148,-83.0990295410156,-55.70916676331313,38.73005722957799,157864623
fw,-58.1097869873046,-83.9050369262695,-41.731486131195005,38.81698803253867,157881290
fw,-57.4465637207031,-84.6033020019531,-28.219681911395863,39.418422089834664,157897957
fw,-56.869888305664,-85.1841964721679,-12.433984683215598,39.99889182069291,157914624
fw,-56.559715270996,-85.6595458984375,7.223354684035343,40.07518000674098,157931291
fw,-56.5545272827148,-86.01513671875,30.649129333616507,39.24269761318911,157947958
fw,-56.9283218383789,-86.306900024414,56.00026867981751,37.15121441511175,157964625
fw,-58.7297630310058,-86.5121002197265,80.19823567886193,33.47140528665458,157981292
fw,-61.4985809326171,-86.5793228149414,99.83702133262028,27.87634300881367,157997959
fw,-63.7686691284179,-86.5515670776367,112.21632501554271,20.0392465483142,158014626
fw,-65.6797714233398,-86.4829788208007,116.17449840313152,9.642107782149433,158031293
fw,-67.4781341552734,-86.3454284667968,112.47413782444177,-3.599683933052807,158047960
fw,-69.7361373901367,-86.2223968505859,103.65041988679319,-19.882577140344438,158064627
fw,-71.6564254760742,-86.0430526733398,93.38131599604758,-39.225581104006615,158081294
fw,-72.5516891479492,-85.5572814941406,85.53856793848287,-61.36592284749188,158097961
fw,-73.0579986572265,-84.5927047729492,83.14763982085493,-85.67447714063579,158114628
fw,-73.9009628295898,-83.0900497436523,87.53181909254911,-111.1185990046527,158131295
fw,-75.4487228393554,-81.0956954956054,97.89874920267627,-136.280414356682,158147962
fw,-77.4411087036132,-78.6825942993164,111.51138282185477,-159.42822851784413,158164629
fw,-79.4890670776367,-75.96044921875,124.40488732769636,-178.64563080651433,158181296
fw,-81.6226730346679,-72.7285842895507,132.45128584563992,-192.0333032093492,158197963
fw,-83.7685394287109,-69.2169799804687,132.49225728424068,-197.99025910299656,158214630
fw,-85.9772262573242,-65.8642883300781,123.25266669518672,-195.54550711839738,158231297
fw,-86.3626708984375,-62.6605262756347,105.78347345943423,-184.66367779011347,158247964
fw,-85.2018814086914,-59.9441871643066,83.26407779619205,-166.41807794702873,158264631
fw,-85.0121383666992,-57.5891036987304,60.15403067655491,-142.9334820008943,158281298
fw,-85.4155044555664,-55.7012252807617,40.91792503264185,-117.05260065446119,158297965
fw,-85.8434371948242,-54.5314903259277,28.754090963727055,-91.76285673317092,158314632
fw,-85.9034652709961,-54.0945510864257,24.791702532090152,-69.51091469825228,158331299
fw,-85.3969573974609,-53.9391708374023,28.02631715164809,-51.60079657517035,158347966
fw,-84.327392578125,-53.7729225158691,35.941181132443454,-37.88369586661777,158364633
fw,-82.9822311401367,-53.3056716918945,45.49126810640925,-26.87948848008857,158381300
fw,-81.9253768920898,-52.570026397705,54.038661728323966,-16.328767169840653,158397967
fw,-81.0685119628906,-51.9075736999511,59.932027274891205,-4.010639507476529,158414634
fw,-80.1312408447265,-51.6646881103515,62.63082714103427,11.450570482248628,158431301
fw,-79.1429748535156,-51.8615188598632,62.46698968552806,30.072616572657708,158447968
fw,-78.3083877563476,-52.4661750793457,60.232471862594764,50.476098438618344,158464635
fw,-77.590591430664,-54.1109466552734,56.773161097898736,70.32880658303277,158481302
fw,-76.889907836914,-56.649429321289,52.70279570234004,87.10953206347749,158497969
fw,-76.1089248657226,-58.8639106750488,48.2740635842458,98.90815597485512,158514636
fw,-75.2941589355468,-60.5284690856933,43.38392926092135,104.96770246036117,158531303
fw,-74.5693893432617,-62.4674339294433,37.65579722590577,105.7888869123639,158547970
fw,-73.9505386352539,-63.3983306884765,30.53627177153985,102.80742439764623,158564637
fw,-73.6194381713867,-64.9391250610351,21.367319723921984,97.82039990532246,158581304
fw,-73.6995697021484,-66.294448852539,9.433823714931902,92.40483665717953,158597971
fw,-74.0479354858398,-67.3674850463867,-5.978535963874845,87.52994325294918,158614638
fw,-74.540412902832,-68.5252456665039,-25.470739280537078,83.45756876370473,158631305
fw,-75.1657943725586,-69.9713134765625,-49.34574164846986,79.9083759164901,158647972
fw,-76.1458282470703,-71.4347229003906,-77.38626294596003,76.38163482986482,158664639
fw,-77.7067260742187,-72.6927490234375,-108.67535542597251,72.47544977752186,158681306
fw,-80.1384124755859,-73.4725646972656,-141.54653384688902,68.07663740975241,158697973
fw,-83.3503494262695,-74.1226501464843,-173.7091683974733,63.36988645400745,158714640
fw,-86.6671676635742,-75.000991821289,-202.53195808625327,58.71121610986062,158731307
fw,-88.861343383789,-75.9362258911132,-225.42380243067933,54.463298661527524,158747974
fw,-85.9124679565429,-76.7750015258789,-240.24643130037512,50.875894044862925,158764641
fw,-81.4243927001953,-77.5951538085937,-245.70276486688957,48.04132071099571,158781308
fw,-76.1612319946289,-78.4493713378906,-241.6309971510373,45.909194704021864,158797975
fw,-72.3798904418945,-79.4288558959961,-229.10276915793176,44.329798509839534,158814642
fw,-69.3828964233398,-80.5330505371093,-210.23423218419762,43.10361549830427,158831309
fw,-66.3996658325195,-81.5595245361328,-187.7101845171231,42.02738994667565,158847976
fw,-63.6663055419921,-82.4066619873046,-164.14531172483618,40.93423004324206,158864643
fw,-61.636432647705,-83.2222824096679,-141.47457146590668,39.727494159954446,158881310
fw,-59.9649505615234,-84.0126419067382,-120.54696620896763,38.407843471739014,158897977
fw,-58.5004768371582,-84.7537994384765,-101.02978847536849,37.087806299043514,158914644
fw,-57.1153755187988,-85.4222640991211,-81.64972508157886,35.97938113740243,158931311
fw,-55.9397544860839,-86.0096359252929,-60.71238924808413,35.33804177183388,158947978
fw,-55.1450958251953,-86.5537185668945,-36.76365123978934,35.36124646038114,158964645
fw,-54.691967010498,-87.0304794311523,-9.208413058277923,36.067135972819955,158981312
fw,-54.5920906066894,-87.434097290039,21.296340738191663,37.20170326448941,158997979
fw,-55.0273857116699,-87.8251647949218,52.80587676719019,38.222649315502416,159014646
fw,-56.58980178833,-88.1809158325195,82.4473126435913,38.38081603867883,159031313
fw,-59.4576454162597,-88.2859420776367,107.0908429547653,36.877257388819395,159047980
fw,-61.8775787353515,-88.0836791992187,124.13539711021795,33.037859319380054,159064647
fw,-64.1344985961914,-87.8293075561523,132.164775087361,26.438881850895044,159081314
fw,-66.0383071899414,-87.6679611206054,131.28847537154613,16.942442811493983,159097981
fw,-68.0665664672851,-87.6481475830078,123.11186888983737,4.646744600826179,159114648
fw,-69.653564453125,-87.7832717895507,110.39916802087653,-10.204998717359157,159131315
fw,-71.6342849731445,-88.0100326538086,96.54049731115538,-27.301976178287457,159147982
fw,-73.8662872314453,-88.2201766967773,84.91880576808215,-46.29409620461355,159164649
fw,-75.0074462890625,-88.0454559326171,78.24609835095674,-66.7694570603328,159181316
fw,-75.3883819580078,-87.1426162719726,77.95275452162173,-88.2051431658492,159197983
fw,-75.9915771484375,-85.4298400878906,83.77093657172797,-109.92102973474435,159214650
fw,-77.2310028076171,-83.1270217895507,93.68857619343407,-131.05457705536102,159231317
fw,-79.0486297607421,-80.4996185302734,104.38742359837143,-150.5604849358433,159247984
fw,-81.1957168579101,-77.6617050170898,112.11524126144752,-167.2372509080066,159264651
fw,-83.4679336547851,-74.5895080566406,113.7618444094886,-179.79463304975673,159281318
fw,-85.7944869995117,-71.4572830200195,107.80455536371407,-186.9866385185475,159297985
fw,-86.9831237792968,-68.3967666625976,94.80278628551116,-187.82448051239987,159314652
fw,-86.7118759155273,-65.0222091674804,77.25023370662991,-181.84565883798962,159331319
fw,-86.26513671875,-61.5253601074218,58.80789962488182,-169.36083700508286,159347986
fw,-85.7944869995117,-58.834171295166,43.17676403420124,-151.5601577202838,159364653
fw,-85.4616241455078,-56.9463806152343,33.01922716066083,-130.37442673598957,159381320
fw,-85.2694015502929,-55.5361938476562,29.313128125744765,-108.07178681973264,159397987
fw,-85.0966415405273,-54.7910842895507,31.32492518244943,-86.69345174461577,159414654
fw,-84.6313705444336,-54.1855163574218,37.1243928263957,-67.52349099957044,159431321
fw,-83.8753280639648,-53.4893226623535,44.36516341496495,-50.79390295640011,159447988
fw,-83.1001052856445,-52.7329902648925,51.00562514441281,-35.742015923688314,159464655
fw,-82.3742980957031,-52.1087570190429,55.740797218395876,-21.002118743108007,159481322
fw,-81.4932403564453,-51.7515716552734,58.0857250285869,-5.188806483523189,159497989
fw,-80.5839538574218,-51.6721267700195,58.199041980097824,12.53245996979913,159514656
fw,-79.7143783569336,-51.9736862182617,56.5978934873863,32.076485545966335,159531323
fw,-78.8840103149414,-52.4730720520019,53.890853309155304,52.38658160259078,159547990
fw,-78.1363677978515,-53.7400474548339,50.58906460661628,71.7133957447364,159564657
fw,-77.4900207519531,-56.0648117065429,46.997981969680325,88.12980750090159,159581324
fw,-76.9509811401367,-58.2985687255859,43.167441323791266,100.09862925376781,159597991
fw,-76.4220581054687,-59.9103698730468,38.88119788143265,106.88269961713462,159614658
fw,-75.7566452026367,-61.3956336975097,33.67778475417084,108.65634850777833,159631325
fw,-75.0706253051757,-62.3208122253418,26.896159457221053,106.31918970484632,159647992
fw,-74.7011413574218,-64.1450958251953,17.73401044239489,101.14176115401749,159664659
fw,-74.8057250976562,-65.5872573852539,5.309852635570221,94.41101028199841,159681326
fw,-75.3107452392578,-66.7417449951171,-11.258916591246429,87.19087791161488,159697993
fw,-76.1386108398437,-67.879638671875,-32.725923843264155,80.22909322745551,159714660
fw,-77.1390533447265,-69.2921142578125,-59.500041433111974,73.97877477918502,159731327
fw,-78.4698410034179,-70.5265579223632,-91.3536396225828,68.67389369436144,159747994
fw,-80.3271026611328,-71.3934707641601,-127.13039746000234,64.39597214528018,159764661
fw,-82.9673767089843,-72.0325393676757,-164.57573621227874,61.09757698559998,159781328
fw,-86.1454772949218,-72.7001419067382,-200.40984642871152,58.596873138163396,159797995
fw,-88.9728317260742,-73.6645126342773,-230.70833844273787,56.591463330448654,159814662
fw,-86.3201217651367,-74.7227935791015,-251.57172985294997,54.72768900951753,159831329
fw,-81.6392364501953,-75.7340698242187,-259.97211255878636,52.71311510179996,159847996
fw,-75.7868957519531,-76.6747283935546,-254.57206092713076,50.418313804485166,159864663
fw,-70.9334487915039,-77.5429306030273,-236.24505040465255,47.913923970902104,159881330
fw,-67.8677368164062,-78.4944686889648,-208.0536471988896,45.42711523562949,159897997
fw,-65.5718688964843,-79.4828338623046,-174.60669884225555,43.24590989830779,159914664
fw,-63.692771911621,-80.3046646118164,-140.96112167096143,41.62027133071443,159931331
fw,-62.2406463623046,-81.0301437377929,-111.41542529130646,40.69979110431127,159947998
fw,-61.0581436157226,-81.7228012084961,-88.56143008560778,40.523670731365776,159964665
fw,-59.8645133972168,-82.4475860595703,-72.83792618364686,41.05415551328134,159981332
fw,-58.8079376220703,-83.2443389892578,-62.654465148643595,42.225399496005586,159997999
fw,-57.8213920593261,-84.0522918701171,-54.99957174961717,43.97024615627426,160014666
fw,-56.86275100708,-84.8306274414062,-46.34774468019019,46.194984276180726,160031333
fw,-56.096393585205,-85.5239868164062,-33.63691863127318,48.69919388068762,160048000
fw,-55.6491928100585,-86.0694122314453,-15.092839156990248,51.07373088687149,160064667
fw,-55.409065246582,-86.4802474975586,9.282703019262735,52.63501959475622,160081334
fw,-55.4959564208984,-86.8140792846679,37.67455278081067,52.45166127820519,160098001
fw,-56.600845336914,-87.0905380249023,66.88906031908579,49.486520431146396,160114668
fw,-59.1691246032714,-87.1943969726562,93.16614010259941,42.82593926942328,160131335
fw,-61.5946884155273,-87.0953903198242,113.1560165080532,31.921138879998455,160148002
fw,-63.7136039733886,-87.0001678466796,124.78254875771636,16.75066442547611,160164669
fw,-65.6378402709961,-87.1104583740234,127.75048073992556,-2.1600644927704886,160181336
fw,-68.2084426879882,-87.3229217529296,123.57596875913652,-23.865931156092323,160198003
fw,-70.5372314453125,-87.354995727539,115.15581011670531,-47.21805887461013,160214670
fw,-72.0540466308593,-86.8899536132812,105.9894672629354,-71.08036430834363,160231337
fw,-73.0107498168945,-85.8434371948242,99.23877663495595,-94.47285764253694,160248004
fw,-73.7591705322265,-84.3227005004882,96.86880061992669,-116.61103989916519,160264671
fw,-75.1452255249023,-82.3124465942382,99.12600369422158,-136.85435868584426,160281338
fw,-77.0119552612304,-79.8269729614257,104.52770042056943,-154.60265506210388,160298005
fw,-79.1242065429687,-77.0748596191406,110.36837476725786,-169.18886215292173,160314672
fw,-81.1242752075195,-74.1095809936523,113.5725271140018,-179.81777966398994,160331339
fw,-83.0065307617187,-70.8983154296875,111.62497604557835,-185.59625497635065,160348006
fw,-84.7898559570312,-67.7301635742187,103.31437016329907,-185.68079235689063,160364673
fw,-85.6994400024414,-64.3317413330078,89.1003792288349,-179.52636150625486,160381340
fw,-85.4860763549804,-61.2477836608886,71.01698255294187,-167.16311803140977,160398007
fw,-85.004409790039,-58.9206352233886,52.13880602130433,-149.38558110203604,160414674
fw,-84.8966217041015,-57.0744438171386,35.759432994528225,-127.74641005148202,160431341
fw,-84.9842529296875,-55.5743255615234,24.527527252536423,-104.31251691086116,160448008
fw,-85.1168136596679,-54.5650482177734,19.80609419743749,-81.23339171125228,160464675
fw,-85.2132110595703,-54.2977333068847,21.438153881461062,-60.24672079459843,160481342
fw,-85.0467834472656,-54.2048950195312,27.95111823616107,-42.28060717052668,160498009
fw,-84.5423889160156,-54.0022888183593,37.08185770013536,-27.29573286005816,160514676
fw,-83.8441314697265,-53.6994476318359,46.419062191361846,-14.438269374636693,160531343
fw,-82.9888839721679,-53.2806854248046,53.96439857849996,-2.4584754360918715,160548010
fw,-82.027229309082,-53.0473251342773,58.486324880120314,9.76185201363173,160564677
fw,-81.108169555664,-53.1045036315918,59.63007651371742,22.780276963919423,160581344
fw,-80.247200012207,-53.5251388549804,57.81358944898183,36.430593318009976,160598011
fw,-79.5408248901367,-55.0368881225585,53.971807367172104,49.97773908154909,160614678
fw,-78.9655227661132,-57.0126876831054,49.22222732758024,62.498984342634614,160631345
fw,-78.4428405761718,-58.3770866394043,44.524469271919,73.29549056988442,160648012
fw,-77.9636993408203,-59.3873825073242,40.39888492640522,82.13549449006122,160664679
fw,-77.4676971435546,-60.7588691711425,36.75248198870032,89.23525717960298,160681346
fw,-76.9639205932617,-62.333209991455,32.83715213415777,95.02661547072641,160698013
fw,-76.5673599243164,-63.6732368469238,27.3422940382815,99.85064768054733,160714680
fw,-76.4029159545898,-65.3079605102539,18.607468883497653,103.72289995635634,160731347
fw,-76.4579315185546,-66.9412155151367,4.930804326436823,106.26452482977649,160748014
fw,-76.7671508789062,-68.5753784179687,-15.06047532982186,106.8224986422931,160764681
fw,-77.4614486694336,-70.4647369384765,-42.02591845240306,104.73230969402667,160781348
fw,-78.6287689208984,-72.2491378784179,-75.58183450707647,99.62383809705362,160798015
fw,-80.4394760131836,-73.8487854003906,-114.10640292428587,91.65146075242494,160814682
fw,-82.973762512207,-75.093276977539,-154.75607386358152,81.55363365100371,160831349
fw,-86.1145095825195,-75.9093627929687,-193.7409179251788,70.51240228539523,160848016
fw,-89.1915740966796,-76.595832824707,-226.85829324573703,59.86480733817988,160864683
fw,-86.4705276489257,-77.3659515380859,-250.22387510141772,50.77591891658195,160881350
fw,-81.5210800170898,-78.084732055664,-261.0700414143182,43.98725542835945,160898017
fw,-75.4889831542968,-78.7918090820312,-258.41070818651286,39.70847288650431,160914684
fw,-71.4799194335937,-79.6044311523437,-243.3378462286949,37.657863565687414,160931351
fw,-68.7613906860351,-80.5123748779296,-218.7856811867485,37.21181176478412,160948018
fw,-66.2531051635742,-81.5185546875,-188.79046579576456,37.60583739740842,160964685
fw,-63.858341217041,-82.4595184326171,-157.48527838432017,38.13270960806668,160981352
fw,-61.6439552307128,-83.22998046875,-128.15761390008848,38.296222533506665,160998019
fw,-59.9391174316406,-83.8441619873046,-102.62492995803036,37.896907408046964,161014686
fw,-58.8804779052734,-84.5303421020507,-81.03814671491243,37.043663044237356,161031353
fw,-58.2246932983398,-85.3235855102539,-62.104771560714596,36.09680645056468,161048020
fw,-57.5593719482421,-86.0724029541015,-43.65504312526126,35.55086605671157,161064687
fw,-56.800853729248,-86.6963729858398,-23.42325033368688,35.8672861865237,161081354
fw,-56.2286796569824,-87.2382049560546,0.1403684106741553,37.279673160690436,161098021
fw,-56.0980567932128,-87.7054443359375,27.251840413088967,39.61719279519846,161114688
fw,-56.3921470642089,-88.1183090209961,56.57231948183883,42.20901435641259,161131355
fw,-58.4913368225097,-88.5415573120117,85.47756277383992,43.92509559040185,161148022
fw,-61.3682327270507,-88.8058166503906,110.74235224388258,43.36983462402294,161164689
fw,-63.7915649414062,-88.535400390625,129.4071846950945,39.187597067516975,161181356
fw,-66.2517166137695,-87.9707794189453,139.537123339712,30.38902084702832,161198023
fw,-68.2870025634765,-87.5733566284179,140.65876958275516,16.591259049365856,161214690
fw,-70.3614807128906,-87.5652236938476,133.8138325126728,-1.9043594265330428,161231357
fw,-72.3328704833984,-87.8615570068359,121.2970601683393,-24.21003887337583,161248024
fw,-74.2738800048828,-88.1347045898437,106.1947965829208,-49.07136975728501,161264691
fw,-76.1657180786132,-87.717414855957,91.82251748579867,-75.1190177325798,161281358
fw,-77.5385284423828,-86.3773956298828,81.12839412714736,-101.06649456894287,161298025
fw,-78.2691497802734,-84.4113845825195,76.12880462288007,-125.8040235969643,161314692
fw,-79.0462875366211,-81.9522171020507,77.47287912816066,-148.38425382451723,161331359
fw,-80.0700759887695,-79.2278289794921,84.25667310304242,-167.93520362810278,161348026
fw,-81.4043350219726,-76.1897659301757,94.17843940804853,-183.56227025044356,161364693
fw,-82.9943695068359,-72.7713241577148,104.04025096631086,-194.3086389602152,161381360
fw,-84.6072921752929,-69.1872863769531,110.49828176910852,-199.22397442381174,161398027
fw,-85.9522323608398,-65.7749328613281,110.88946479094045,-197.54460696914634,161414694
fw,-86.1123428344726,-62.4873390197753,103.93260053388734,-188.93204454571836,161431361
fw,-84.7872238159179,-59.6699676513671,90.11367717579122,-173.67867688497304,161448028
fw,-83.4168548583984,-57.2255744934082,71.62146003385244,-152.7897064047324,161464695
fw,-82.705078125,-55.2188491821289,51.811200522079275,-127.88818269483863,161481362
fw,-82.510513305664,-53.7526359558105,34.326776132107206,-100.94828295900037,161498029
fw,-82.6336135864257,-52.7481880187988,22.144198525334552,-73.91904821033216,161514696
fw,-82.8593063354492,-52.3312110900878,16.839345124741442,-48.341218759403056,161531363
fw,-82.8113861083984,-52.3266258239746,18.30130439996433,-25.07488738816999,161548030
fw,-82.3531723022461,-52.4507942199707,24.94600171004919,-4.237098203808311,161564697
fw,-81.4384231567382,-52.4505157470703,34.30743286216321,14.61172111640645,161581364
fw,-80.3225708007812,-52.3027839660644,43.76880572585062,32.08967020178467,161598031
fw,-79.4428100585937,-52.3215980529785,51.18448049688012,48.577654661330335,161614698
fw,-78.771614074707,-52.9798583984375,55.22971378719547,63.959729617369554,161631365
fw,-78.1169052124023,-54.7842292785644,55.447575274774216,77.65127239295225,161648032
fw,-77.3759078979492,-57.3029861450195,52.07145787052668,88.89673834266384,161664699
fw,-76.6387634277343,-59.2020263671875,45.74198762485479,97.16468715568426,161681366
fw,-76.0707168579101,-60.6147727966308,37.21399772999783,102.41550324085108,161698033
fw,-75.7018661499023,-62.1101875305175,27.10371371402238,105.10646914871806,161714700
fw,-75.4929962158203,-63.5840415954589,15.696608027814705,105.96092111380352,161731367
fw,-75.5788345336914,-64.9108123779296,2.8332980365957887,105.64825739410325,161748034
fw,-76.0601959228515,-66.5054855346679,-12.097940823963722,104.53855795898542,161764701
fw,-76.7873001098632,-67.9908142089843,-30.028081330759317,102.63020276305359,161781368
fw,-77.6334838867187,-69.2671508789062,-51.917812757866734,99.65725828148263,161798035
fw,-78.7057037353515,-70.8454971313476,-78.34422777179628,95.3107615867183,161814702
fw,-80.2007751464843,-72.3439407348632,-109.06142669281128,89.47388136611175,161831369
fw,-82.2437210083007,-73.7824935913086,-142.6808680559792,82.37464874694324,161848036
fw,-84.7622451782226,-75.0049972534179,-176.61626590133633,74.59397778169576,161864703
fw,-87.3948135375976,-75.8578948974609,-207.37941458209198,66.9220496574411,161881370
fw,-87.0542984008789,-76.4560928344726,-231.21468271614404,60.11686421762436,161898037
fw,-83.0008697509765,-77.0981826782226,-244.94628335678797,54.66113590370089,161914704
fw,-77.1555099487304,-77.8400726318359,-246.80788963961052,50.61707837371877,161931371
fw,-72.2883529663086,-78.8388442993164,-236.96695575903763,47.63898156610376,161948038
fw,-69.3699874877929,-80.0686111450195,-217.50682730899527,45.13844030006744,161964705
fw,-67.1085662841796,-81.3252487182617,-191.81940464718417,42.53638932285027,161981372
fw,-64.9935226440429,-82.3909149169921,-163.61443879634447,39.50469619431523,161998039
fw,-62.835823059082,-83.100959777832,-135.91240751183253,36.1077061133759,162014706
fw,-61.035903930664,-83.5978317260742,-110.36015636025512,32.79514312826865,162031373
fw,-59.5745582580566,-84.0722579956054,-87.04120607446337,30.254302514390666,162048040
fw,-58.6073684692382,-84.6301651000976,-64.7690604782836,29.17645583309383,162064707
fw,-58.0626411437988,-85.2590560913086,-41.731474626610265,30.009827626923595,162081374
fw,-57.63720703125,-85.846076965332,-16.29804719330017,32.75948047325551,162098041
fw,-57.2529144287109,-86.3303527832031,12.219683150922304,36.87270323826515,162114708
fw,-57.0461997985839,-86.7233200073242,43.072071173937466,41.235559774155185,162131375
fw,-57.4687271118164,-87.1101913452148,74.02228134923047,44.30010065427341,162148042
fw,-59.9790878295898,-87.4524765014648,101.81920942741577,44.34419400854278,162164709
fw,-63.4942245483398,-87.5290832519531,123.08389753510191,39.82596304962133,162181376
fw,-66.0816192626953,-87.3049240112304,135.31761032304158,29.746034659024176,162198043
fw,-68.1793746948242,-87.1232223510742,137.67467983960603,13.905047512895155,162214710
fw,-70.2460479736328,-87.2067031860351,131.249618171486,-7.033952671463701,162231377
fw,-72.578872680664,-87.5213241577148,118.82921268797725,-31.701992883302143,162248044
fw,-74.2069549560546,-87.5984954833984,104.2274617382976,-58.34348348004638,162264711
fw,-75.3220672607421,-86.8749465942382,91.39810161558795,-85.1874496801324,162281378
fw,-76.6553039550781,-85.3548507690429,83.53478797203925,-110.75191732834156,162298045
fw,-77.6966247558593,-83.3653182983398,82.35588070516384,-133.9986743463952,162314712
fw,-78.9104232788086,-80.900764465332,87.72970979077547,-154.31431230201835,162331379
fw,-80.3193130493164,-78.0437316894531,97.7245760018755,-171.35092486681577,162348046
fw,-82.0429306030273,-75.0731353759765,109.07906690821892,-184.8012570366593,162364713
fw,-84.0269622802734,-71.9088134765625,117.99949276826582,-194.20348608494933,162381380
fw,-86.0595092773437,-68.4164733886718,121.11456486829734,-198.86635005903855,162398047
fw,-87.4950942993164,-64.8520355224609,116.36471679149578,-197.96843934448458,162414714
fw,-86.4759674072265,-61.0566596984863,103.58994282906906,-190.815787248968,162431381
fw,-84.6686248779296,-58.1344528198242,84.62556832722771,-177.1627869669452,162448048
fw,-84.0363845825195,-55.5393981933593,62.83682735373207,-157.455990573248,162464715
fw,-84.0635681152343,-53.3566970825195,42.20672101844318,-132.88029564148442,162481382
fw,-84.2220611572265,-51.8812828063964,26.267680842811245,-105.16514678110032,162498049
fw,-84.3623657226562,-51.1514663696289,17.23685084393662,-76.20696384141698,162514716
fw,-84.1969451904296,-51.087776184082,15.625252535488261,-47.644174588254494,162531383
fw,-83.5885238647461,-51.1428985595703,20.38699951766025,-20.55315140141204,162548050
fw,-82.5947723388671,-51.094123840332,29.46409095988081,4.60584052193547,162564717
fw,-81.5798416137695,-51.0978965759277,40.46304332562658,27.772932187193444,162581384
fw,-80.7694625854492,-51.2647552490234,51.21086982529238,48.918075103236106,162598051
fw,-80.0061340332031,-51.7424545288085,60.05232363694356,67.71818609558274,162614718
fw,-79.1416473388671,-52.6362648010253,65.8945092728517,83.4718631116455,162631385
fw,-78.0906219482421,-54.9526748657226,68.10125766769656,95.3246900908648,162648052
fw,-76.9496002197265,-58.3721275329589,66.35192724583972,102.70427195828549,162664719
fw,-75.9831161499023,-60.5488891601562,60.529665245525166,105.72198238623467,162681386
fw,-75.2626037597656,-61.8074951171875,50.64593796791976,105.28830495788509,162698053
fw,-74.669677734375,-62.9766311645507,36.780971686762044,102.84437511344709,162714720
fw,-74.2653350830078,-63.546775817871,19.027180119853593,99.83992877274095,162731387
fw,-74.3882827758789,-64.9378662109375,-2.554769606512023,97.22770005270405,162748054
fw,-75.1426162719726,-66.5698471069336,-27.93753632758005,95.21110399969733,162764721
fw,-76.3474197387695,-67.898452758789,-57.048585944837505,93.32474211340123,162781388
fw,-77.7206268310546,-69.2714920043945,-89.58842224500145,90.76333069565575,162798055
fw,-79.4544525146484,-70.868537902832,-124.76799355971255,86.79008452227674,162814722
fw,-81.7646255493164,-72.2666473388671,-161.05127755392206,81.0614629456217,162831389
fw,-84.7886505126953,-73.567398071289,-196.03290549565668,73.76631217514478,162848056
fw,-88.0610427856445,-74.5338821411132,-226.5703215933749,65.5576937343595,162864723
fw,-87.6858978271484,-75.0369491577148,-249.22235655128708,57.32970630946225,162881390
fw,-83.4675750732421,-75.5926208496093,-260.9438084193176,49.93853980636459,162898057
fw,-77.6500473022461,-76.3312377929687,-259.87306877201075,43.973719839456294,162914724
fw,-72.1170654296875,-77.3163528442382,-245.9575706030093,39.65297770757242,162931391
fw,-68.9162063598632,-78.398193359375,-221.15079937480172,36.85804765636637,162948058
fw,-66.7842483520507,-79.3887786865234,-189.04467507311668,35.273548847911336,162964725
fw,-64.8778610229492,-80.27490234375,-154.03803305139002,34.55868851523561,162981392
fw,-62.8964462280273,-80.926887512207,-120.33860121468415,34.480733766903484,162998059
fw,-61.3104286193847,-81.4031219482421,-91.12289633219434,34.965934188321576,163014726
fw,-60.1095924377441,-81.8788757324218,-68.05128863224562,36.06487737311415,163031393
fw,-59.3622932434082,-82.4318542480468,-51.17531232719429,37.86574828790643,163048060
fw,-58.9024467468261,-83.1007308959961,-39.17485912484994,40.4019216993812,163064727
fw,-58.4388542175293,-83.7760925292968,-29.830080664300656,43.58584044193784,163081394
fw,-58.003921508789,-84.3791122436523,-20.625620623378676,47.17560413706936,163098061
fw,-57.6449394226074,-84.9232559204101,-9.37433752484501,50.76613675275975,163114728
fw,-57.4969482421875,-85.4065017700195,5.2627767635376195,53.80059848086107,163131395
fw,-57.5964851379394,-85.8295593261718,23.474477909194192,55.60854709641798,163148062
fw,-58.2773323059082,-86.121223449707,44.28625105936243,55.47918785847239,163164729
fw,-59.812084197998,-86.2370986938476,65.83451566579036,52.76546998650992,163181396
fw,-61.550365447998,-86.176025390625,85.84300434578387,46.99598802766423,163198063
fw,-63.5169334411621,-85.9848327636718,102.15782329382832,37.95991935613086,163214730
fw,-65.3386688232421,-85.7947616577148,113.19605657233755,25.73393989247268,163231397
fw,-67.0362548828125,-85.7437057495117,118.21991824105413,10.638711434124888,163248064
fw,-68.8378295898437,-85.9045639038086,117.42754814976276,-6.86108839691979,163264731
fw,-70.7537612915039,-86.2244644165039,111.90247418795579,-26.27539187135042,163281398
fw,-72.9133529663086,-86.4938507080078,103.46088422126911,-47.17753164687311,163298065
fw,-75.0933761596679,-86.4409790039062,94.39723279011736,-69.224230215788,163314732
fw,-76.6070175170898,-85.8416442871093,87.10364884361796,-92.09541121883261,163331399
fw,-77.5879211425781,-84.5898132324218,83.5694810221617,-115.37518880585009,163348066
fw,-78.5076904296875,-82.763671875,84.84995131085964,-138.41809491806612,163364733
fw,-79.5333404541015,-80.4893798828125,90.67111609429972,-160.25154022808024,163381400
fw,-80.8569030761718,-77.854751586914,99.34715135229354,-179.56083918658246,163398067
fw,-82.5919418334961,-74.6316909790039,108.10530438186568,-194.78948355222818,163414734
fw,-84.4946899414062,-70.8858795166015,113.77887797489082,-204.35962351459398,163431401
fw,-86.3897933959961,-67.280029296875,113.69620715091563,-206.97435900806698,163448068
fw,-87.1141891479492,-63.8902320861816,106.50886271721535,-201.92106845327226,163464735
fw,-85.8080062866211,-61.1192245483398,92.69103052872015,-189.28068966287105,163481402
fw,-84.3759460449218,-58.3836708068847,74.51712221906894,-169.9724471241667,163498069
fw,-83.7807006835937,-55.82954788208,55.482263125202614,-145.61066408279538,163514736
fw,-83.7961349487304,-54.0433654785156,39.32978268020607,-118.19750925748538,163531403
fw,-84.1084442138671,-53.0094604492187,29.00886008393205,-89.7173896486223,163548070
fw,-84.2481002807617,-52.4899520874023,25.91924006516958,-61.738188004152754,163564737
fw,-83.8193740844726,-52.2021713256835,29.681139026044324,-35.1472184193917,163581404
fw,-82.849365234375,-52.0766220092773,38.45217567894475,-10.126168554398493,163598071
fw,-81.4893417358398,-51.9492530822753,49.605134978951206,13.611642120359924,163614738
fw,-80.1587524414062,-51.8097038269043,60.47592929284117,36.40893406716078,163631405
fw,-79.1110000610351,-52.1451225280761,68.92485155127333,58.25161777189501,163648072
fw,-78.1611099243164,-53.28515625,73.58772117908445,78.54444129149009,163664739
fw,-77.178970336914,-54.7789230346679,73.84450291683844,96.18722840888108,163681406
fw,-76.1051483154296,-57.3051223754882,69.62590212901861,109.92484078609841,163698073
fw,-75.0626754760742,-60.1009864807128,61.18612692793653,118.81040607664164,163714740
fw,-74.2368774414062,-62.0117034912109,48.919823348090645,122.56419738179436,163731407
fw,-73.7246398925781,-63.7327079772949,33.24366753418573,121.66673512399277,163748074
fw,-73.5033798217773,-64.1764297485351,14.532186977965738,117.16855064640293,163764741
fw,-73.6329269409179,-65.734375,-6.904610128276351,110.34382237203087,163781408
fw,-74.2992935180664,-67.385498046875,-30.803473559304393,102.36816124528934,163798075
fw,-75.2961807250976,-68.1486740112304,-56.884448056141466,94.14066534896983,163814742
fw,-76.5912933349609,-69.4064331054687,-84.74206601136673,86.26255723110705,163831409
fw,-78.2429885864257,-70.9001922607421,-113.71263474331555,79.11016989916337,163848076
fw,-80.3721008300781,-72.1893768310546,-142.76491562998086,72.92340522918424,163864743
fw,-83.267578125,-73.4088287353515,-170.4712882325611,67.8522948716962,163881410
fw,-86.3594894409179,-74.3068389892578,-195.0968716778482,63.94489948301697,163898077
fw,-88.4511184692382,-75.1042785644531,-214.80535276672848,61.10362437754648,163914744
fw,-85.9007873535156,-75.9628295898437,-227.94602803638196,59.06032195165909,163931411
fw,-81.8919219970703,-76.9293212890625,-233.36624389930017,57.40845247271799,163948078
fw,-77.0977935791015,-78.0320129394531,-230.67708988022343,55.69421055727043,163964745
fw,-73.5425567626953,-79.2241134643554,-220.38764394853615,53.53471596702813,163981412
fw,-70.7765655517578,-80.32177734375,-203.84076998364299,50.72023045624035,163998079
fw,-67.8365020751953,-81.5603637695312,-182.94746255734333,47.26971052933593,164014746
fw,-64.6006393432617,-82.6031036376953,-159.79065866380577,43.42967984689392,164031413
fw,-62.3507843017578,-83.3312683105468,-136.20016963038196,39.620237494888464,164048080
fw,-61.1215744018554,-83.8791351318359,-113.38967855590208,36.33862363182001,164064747
fw,-60.1348838806152,-84.4317245483398,-91.73795808751473,34.038661809082306,164081414
fw,-59.0639991760253,-85.0130844116211,-70.79445633358655,33.01249647994528,164098081
fw,-58.0728492736816,-85.5066986083984,-49.55057040872747,33.29956218161328,164114748
fw,-57.3261680603027,-85.9426193237304,-26.92527369293035,34.6371900296264,164131415
fw,-56.911766052246,-86.3661193847656,-2.3141195178729377,36.460483219783534,164148082
fw,-56.9736557006835,-86.7698440551757,23.9933994822727,37.961208485403745,164164749
fw,-57.4911155700683,-87.1097793579101,50.688035479534776,38.214229927625674,164181416
fw,-58.7460632324218,-87.2461547851562,75.66993750345398,36.361100523313794,164198083
fw,-61.1120872497558,-87.1087646484375,96.57287064062848,31.806959534919162,164214750
fw,-63.6016693115234,-86.8337478637695,111.41340145273477,24.360534883851187,164231417
fw,-65.8205490112304,-86.6254806518554,119.1433615224045,14.250810813071759,164248084
fw,-67.7483215332031,-86.6693344116211,119.92454630718265,1.9943609333022887,164264751
fw,-69.0348129272461,-86.9394454956054,115.064965598409,-11.849739922701772,164281418
fw,-70.4641494750976,-87.2455825805664,106.68992246577074,-26.94248244912103,164298085
fw,-72.4931411743164,-87.2820739746093,97.29169821321729,-43.32577743834397,164314752
fw,-74.4512481689453,-86.9870223999023,89.2788426868621,-61.390058440178535,164331419
fw,-76.2137298583984,-86.3405609130859,84.57153824144308,-81.6324488155557,164348086
fw,-77.5517654418945,-85.1784210205078,84.2421042217532,-104.28177058506036,164364753
fw,-78.3057327270507,-83.4166793823242,88.22534434232635,-128.93147479455897,164381420
fw,-79.1999816894531,-80.9497451782226,95.19280895954896,-154.32651454521573,164398087
fw,-80.4637908935546,-78.0315933227539,102.72025721828882,-178.39703629803722,164414754
fw,-82.3650436401367,-74.6614990234375,107.81850029406708,-198.55150764006876,164431421
fw,-84.8753204345703,-70.7259140014648,107.75160521553481,-212.16761504544777,164448088
fw,-87.2779693603515,-66.4984741210937,100.90731551231896,-217.1649259284727,164464755
fw,-88.264045715332,-62.2385215759277,87.40672671245609,-212.51036487213167,164481422
fw,-87.2983245849609,-59.1237182617187,69.19966966469893,-198.5066276032834,164498089
fw,-86.6200332641601,-56.8132820129394,49.574281081171094,-176.76445407421224,164514756
fw,-86.4244537353515,-54.762279510498,32.23586157513192,-149.85837119696043,164531423
fw,-86.1669769287109,-52.7773284912109,20.2780189926825,-120.76533384660529,164548090
fw,-86.0380020141601,-51.5048332214355,15.400840884727764,-92.23518331688673,164564757
fw,-86.002082824707,-50.9137268066406,17.615426442061697,-66.23828963271256,164581424
fw,-85.7990951538086,-50.604507446289,25.472042042381588,-43.61366183276138,164598091
fw,-85.0898513793945,-50.5031356811523,36.6562047865215,-24.013487071418083,164614758
fw,-84.0751113891601,-50.3698234558105,48.69253077999092,-6.185848212350663,164631425
fw,-83.0844268798828,-50.3156967163085,59.50994476768164,11.456253302358077,164648092
fw,-82.1207733154296,-50.3822746276855,67.72897313213771,30.138084183190678,164664759
fw,-81.1785583496093,-50.5047569274902,72.66971126209145,50.12889330245441,164681426
fw,-80.2092971801757,-50.8577308654785,74.18038419914834,70.47849777442843,164698093
fw,-79.1712570190429,-52.4118041992187,72.41484598898937,89.22082382086663,164714760
fw,-78.0795745849609,-55.2345352172851,67.65141265316446,104.01028444175755,164731427
fw,-76.9564895629882,-57.9108924865722,60.182521908983134,112.96516385283793,164748094
fw,-75.9694595336914,-59.9186630249023,50.25353857536195,115.3776951021602,164764761
fw,-75.3210144042968,-62.1789283752441,38.011589234136736,111.99528980869438,164781428
fw,-75.0502471923828,-62.7511329650878,23.443042289229478,104.76948102685219,164798095
fw,-75.085823059082,-63.7408027648925,6.315568965688711,96.20162115518596,164814762
fw,-75.5087051391601,-64.8825302124023,-13.826903887079027,88.56483177667737,164831429
fw,-76.319839477539,-65.7760848999023,-37.5617804775896,83.28890037209831,164848096
fw,-77.3938751220703,-66.8253173828125,-65.35084928617118,80.68406117900224,164864763
fw,-78.7768402099609,-67.9068756103515,-97.19574747061203,80.0322619709,164881430
fw,-80.4779586791992,-69.0592346191406,-132.2749013457227,79.96202893681401,164898097
fw,-82.8182067871093,-70.4893493652343,-168.69505818632854,78.96663895525123,164914764
fw,-85.6332702636718,-72.0304565429687,-203.49079099008387,75.91216301664235,164931431
fw,-87.3754959106445,-73.7538070678711,-232.95221615506276,70.39679625877625,164948098
fw,-85.3736114501953,-74.7926177978515,-253.26942027759378,62.86183273117387,164964765
fw,-81.1787109375,-75.3923110961914,-261.3772586788471,54.42271078684819,164981432
fw,-74.7242736816406,-75.9102249145507,-255.7859015703829,46.48203937132444,164998099
fw,-70.2880401611328,-76.5438995361328,-237.12120353657204,40.27257868083826,165014766
fw,-67.5669403076171,-77.4779510498046,-208.13744708097482,36.50539982927117,165031433
fw,-65.4150161743164,-78.5036239624023,-173.14356858708155,35.24168039317387,165048100
fw,-63.7236442565918,-79.4237289428711,-137.0274840918814,35.99703153866908,165064767
fw,-62.0427284240722,-80.1786956787109,-104.21217715884295,37.99083869434257,165081434
fw,-60.5260276794433,-80.8033752441406,-77.84444091928668,40.419018080011455,165098101
fw,-59.3832511901855,-81.4655151367187,-59.36380537007188,42.657761462793694,165114768
fw,-58.6658477783203,-82.2683334350586,-48.44932356797676,44.36204884051635,165131435
fw,-58.1617927551269,-83.1117706298828,-43.26864145148968,45.467682453948484,165148102
fw,-57.7398452758789,-83.9105072021484,-40.94882302149678,46.12463510060396,165164769
fw,-57.187686920166,-84.6063842773437,-38.20077828720797,46.591009377428946,165181436
fw,-56.3799781799316,-85.1918487548828,-32.01774192312507,47.11439085385959,165198103
fw,-55.6034507751464,-85.7066421508789,-20.330767829115725,47.825264082756924,165214770
fw,-54.9573249816894,-86.1711120605468,-2.4732683136354563,48.66215736380865,165231437
fw,-55.3678131103515,-86.6254272460937,20.67595952875802,49.33857802396547,165248104
fw,-56.9037170410156,-87.0451507568359,46.91819122164951,49.35141752865643,165264771
fw,-58.2849159240722,-87.3560333251953,73.25605569547486,48.02492120535327,165281438
fw,-59.8190078735351,-87.4063339233398,96.54978935834255,44.58539384608717,165298105
fw,-61.6378059387207,-87.2163848876953,114.14125501597997,38.26545369060901,165314772
fw,-63.5592613220214,-86.9384155273437,124.33792732872405,28.435195897607727,165331439
fw,-65.8699798583984,-86.6857147216796,126.71159444938898,14.74591735616781,165348106
fw,-68.3039779663086,-86.5719451904296,122.18987290634324,-2.746654329856744,165364773
fw,-70.7038116455078,-86.666633605957,112.91361626874352,-23.525730812422314,165381440
fw,-72.5249099731445,-87.0413055419921,101.84113496717062,-46.661356103422804,165398107
fw,-73.5331268310546,-87.2841567993164,92.13187269808164,-70.96506378500352,165414774
fw,-74.3864517211914,-86.6390838623046,86.42861189698034,-95.2035151934172,165431441
fw,-75.6898040771484,-85.0870590209961,86.22649973880918,-118.28855226341754,165448108
fw,-77.20166015625,-83.0287780761718,91.51288035893901,-139.36789185123627,165464775
fw,-79.0037384033203,-80.6031799316406,100.77652316380384,-157.79014035824142,165481442
fw,-80.8594436645507,-77.9334335327148,111.36929724597297,-172.98274392087853,165498109
fw,-82.5870666503906,-74.8698272705078,120.11895191971328,-184.32579285303774,165514776
fw,-84.3050842285156,-71.5986633300781,124.0592686794556,-191.1064366027372,165531443
fw,-85.9965515136718,-68.5770797729492,121.1404396752952,-192.60025410356408,165548110
fw,-86.6890869140625,-65.4180145263671,110.77722327548418,-188.2668598033952,165564777
fw,-85.4203796386718,-62.1907920837402,94.08542862167822,-177.98981197622064,165581444
fw,-84.2891387939453,-59.2913703918457,73.68856624258014,-162.25420373930677,165598111
fw,-83.9866638183593,-56.8598327636718,53.086907663798584,-142.15800386658847,165614778
fw,-84.2800216674804,-55.2318572998046,35.751790084114575,-119.20876982001059,165631445
fw,-84.5532073974609,-54.26655960083,24.245886647401633,-94.95308957831168,165648112
fw,-84.3803329467773,-53.597900390625,19.67543868031069,-70.57659249966333,165664779
fw,-83.8444519042968,-53.1282615661621,21.63441981384286,-46.645328625548046,165681446
fw,-82.940315246582,-52.7500381469726,28.58514252376089,-23.111175913969625,165698113
fw,-81.9529190063476,-52.3747978210449,38.454726565221435,0.4060865192396484,165714780
fw,-81.0823822021484,-52.1368560791015,49.18873627110827,24.170788913869202,165731447
fw,-80.2656860351562,-52.2947578430175,59.08753373333483,47.911357762093495,165748114
fw,-79.3915634155273,-53.1851119995117,66.89045122754798,70.62598037043558,165764781
fw,-78.475471496582,-54.5375938415527,71.68826167927692,90.72657563523205,165781448
fw,-77.3888854980468,-56.8713302612304,72.7880098872455,106.48873789253624,165798115
fw,-76.1684036254882,-59.7806510925293,69.62580459844045,116.63091663030579,165814782
fw,-75.0130615234375,-62.2737312316894,61.75715117127645,120.77181098776828,165831449
fw,-74.1566009521484,-63.9095611572265,48.89546164944604,119.5599509984437,165848116
fw,-73.6842041015625,-64.5101623535156,30.948874630603992,114.42652403374265,165864783
fw,-73.6245498657226,-65.9591903686523,8.026923678293338,107.09809594857353,165881450
fw,-74.1547241210937,-67.4449920654296,-19.57042672898745,99.1034547040012,165898117
fw,-75.1707153320312,-68.5169601440429,-51.33896527225882,91.46498743541446,165914784
fw,-76.5851974487304,-69.6854095458984,-86.4916102105672,84.63546640260004,165931451
fw,-78.408706665039,-70.8644256591796,-123.81320888150344,78.62506457901581,165948118
fw,-80.6728363037109,-72.0168838500976,-161.50498495603927,73.21305716533845,165964785
fw,-83.5661163330078,-73.2005157470703,-197.12063808560256,68.14726518095941,165981452
fw,-86.3797225952148,-74.3220062255859,-227.6984486751046,63.27429507955949,165998119
fw,-87.0050048828125,-75.2145156860351,-250.14274602625878,58.58709202240783,166014786
fw,-83.7237091064453,-76.0222702026367,-261.81792306938144,54.20336647348543,166031453
fw,-77.9576568603515,-76.7554855346679,-261.21337687729545,50.297952284354096,166048120
fw,-72.6434478759765,-77.5193786621093,-248.45388968819717,47.01635648210046,166064787
fw,-69.6702194213867,-78.4453430175781,-225.4265307978914,44.4019117706306,166081454
fw,-67.2412033081054,-79.4332809448242,-195.42053675473755,42.367653202504115,166098121
fw,-64.8236465454101,-80.4327087402343,-162.3857873753645,40.72697492155448,166114788
fw,-62.4902229309082,-81.2011795043945,-130.0697556981529,39.2684132560503,166131455
fw,-60.8180694580078,-81.7493820190429,-101.29393593332554,37.83823545163421,166148122
fw,-59.6425247192382,-82.3128814697265,-77.51995547455662,36.39622092627381,166164789
fw,-58.834732055664,-83.0017395019531,-58.74280578232598,35.03082820407917,166181456
fw,-58.3229331970214,-83.7022552490234,-43.688723594985134,33.93843967301921,166198123
fw,-57.8875198364257,-84.284065246582,-30.267530488343695,33.37355029946048,166214790
fw,-57.5030136108398,-84.7420806884765,-16.197959170572748,33.571018769591745,166231457
fw,-57.196678161621,-85.1514358520507,0.3182458935549974,34.644803694695604,166248124
fw,-57.1090393066406,-85.5146789550781,20.03315596454029,36.48323528486917,166264791
fw,-57.1938438415527,-85.8457946777343,42.36124517282464,38.675717601858466,166281458
fw,-58.0116539001464,-86.1203155517578,65.46741075729909,40.50529469939504,166298125
fw,-60.5266494750976,-86.2910766601562,86.73302568848813,41.02268659329105,166314792
fw,-62.7631225585937,-86.3493957519531,103.4631050755532,39.18958273638086,166331459
fw,-64.8923950195312,-86.3060989379882,113.60092060832224,34.05635340688923,166348126
fw,-66.6646652221679,-86.2364654541015,116.22352039487657,24.931871020043,166364793
fw,-68.13037109375,-86.2214584350586,111.70328475718752,11.511620660260848,166381460
fw,-69.8635864257812,-86.34521484375,101.56042856561731,-6.052960454767788,166398127
fw,-71.6040496826171,-86.6443328857421,88.11424685197066,-27.146690082215983,166414794
fw,-73.0068359375,-87.0260620117187,74.04480878812706,-50.74146482117649,166431461
fw,-73.8310165405273,-87.2139282226562,61.94393625603584,-75.50259679731828,166448128
fw,-74.2694473266601,-86.7266159057617,53.91513511057205,-99.94418364828175,166464795
fw,-75.0344772338867,-85.1491317749023,51.283684709913715,-122.61471675444214,166481462
fw,-76.171516418457,-82.8716506958007,54.466929984463995,-142.27660318750517,166498129
fw,-77.6390380859375,-80.1738128662109,63.00775294815678,-158.03312738375283,166514796
fw,-79.1990661621093,-77.2388839721679,75.71467795387191,-169.36634868362557,166531463
fw,-80.6298217773437,-74.0958938598632,90.82927385912645,-176.08078483247357,166548130
fw,-82.0386886596679,-71.0723342895507,106.17874826076894,-178.18709175535426,166564797
fw,-83.5824432373046,-68.2997512817382,119.34129284775432,-175.78761791224437,166581464
fw,-85.1940078735351,-65.3321304321289,127.89776079363051,-169.02538148178962,166598131
fw,-86.7079467773437,-62.6443176269531,129.82401398995745,-158.12401776411377,166614798
fw,-87.3274612426757,-60.2811317443847,123.9932145380063,-143.491994544978,166631465
fw,-85.6160888671875,-58.1439170837402,110.64563493734579,-125.82091777250527,166648132
fw,-83.4322128295898,-56.3367881774902,91.60860802633346,-106.10134205395094,166664799
fw,-82.2647247314453,-54.8647346496582,70.07549047375782,-85.51137226630777,166681466
fw,-82.4522857666015,-54.0051040649414,49.90564749391229,-65.18670182911254,166698133
fw,-83.3356781005859,-53.6710166931152,34.632827298191685,-45.938097772072794,166714800
fw,-83.5663604736328,-53.6663665771484,26.539081848085296,-28.026288546612815,166731467
fw,-82.806640625,-53.6948852539062,26.145261073628106,-11.111174136958109,166748134
fw,-81.5897827148437,-53.6329193115234,32.274297078919325,5.557736612139032,166764801
fw,-80.2673034667968,-53.35835647583,42.57819022493586,22.744525657019036,166781468
fw,-78.9896011352539,-53.1720314025878,54.2442656844326,40.77165333874664,166798135
fw,-78.0528182983398,-53.4020614624023,64.5934436997664,59.21703342831382,166814802
fw,-77.275405883789,-54.6067199707031,71.41626887611945,76.93486077984494,166831469
fw,-76.2945938110351,-57.5471305847168,73.05753536736471,92.42447357761446,166848136
fw,-75.0858001708984,-60.3771934509277,68.36377747574561,104.38068042243104,166864803
fw,-73.9540252685546,-62.2980270385742,56.61459955982573,112.14419831909989,166881470
fw,-73.2148971557617,-62.9479446411132,37.49941766617709,115.82839768047688,166898137
fw,-73.0876693725586,-64.1215591430664,11.138175209824999,116.10178422085896,166914804
fw,-73.6608428955078,-66.0288467407226,-21.879028870176946,113.80310962859986,166931471
fw,-74.9136199951171,-67.4305419921875,-60.44598207719362,109.6175244684169,166948138
fw,-76.5626983642578,-68.5805130004882,-102.88612940719446,103.9478387902075,166964805
fw,-78.6996536254882,-70.319221496582,-146.90033323278564,96.98248758262399,166981472
fw,-81.5613403320312,-72.0398406982421,-189.56364184858677,88.87647476786857,166998139
fw,-85.0093536376953,-73.7769699096679,-227.4486673539813,79.93426916439898,167014806
fw,-88.1477661132812,-75.0939712524414,-256.9458015287377,70.6983931802413,167031473
fw,-86.4471969604492,-75.8336181640625,-274.7973082216427,61.89639263227831,167048140
fw,-81.7842178344726,-76.4747848510742,-278.7752862673137,54.26795389779971,167064807
fw,-75.0228958129882,-77.2622833251953,-268.3306788756849,48.352317564244416,167081474
fw,-70.354248046875,-78.1630249023437,-244.96255699524275,44.33372103915499,167098141
fw,-67.6928634643554,-79.4007492065429,-212.0822081442221,42.01239000393432,167114808
fw,-65.6665802001953,-80.6018371582031,-174.3245045477824,40.909576288417576,167131475
fw,-63.9426803588867,-81.5776214599609,-136.50959258326844,40.45722737256792,167148142
fw,-62.2120285034179,-82.3665542602539,-102.60868934192969,40.191480731456664,167164809
fw,-60.9329032897949,-82.8485717773437,-75.02516076491159,39.876020602552,167181476
fw,-59.9196739196777,-83.2780990600586,-54.33385412478757,39.52016127077192,167198143
fw,-59.4459838867187,-83.8794860839843,-39.458742254905864,39.30593739813126,167214810
fw,-59.1626815795898,-84.6612396240234,-28.180724172555376,39.471773280677425,167231477
fw,-58.816062927246,-85.4498596191406,-17.840580831095647,40.2006793332039,167248144
fw,-58.4564971923828,-86.0680694580078,-6.093297188433939,41.53519123993522,167264811
fw,-58.2092094421386,-86.4867630004882,8.442576651186954,43.31540425403127,167281478
fw,-58.0931701660156,-86.7822875976562,25.799238946300342,45.13195335387098,167298145
fw,-58.2131423950195,-87.050178527832,44.658661346219986,46.30124825586649,167314812
fw,-60.1066970825195,-87.247932434082,62.76196675515715,45.88648081559643,167331479
fw,-62.3061065673828,-87.2799072265625,77.61659636215091,42.787566048035266,167348146
fw,-64.0838165283203,-87.1575851440429,87.26546942635929,35.904390561086366,167364813
fw,-65.7026748657226,-86.939826965332,90.85219135925324,24.35116321695548,167381480
fw,-66.6462783813476,-86.7350540161132,88.81077042792704,7.676891105927948,167398147
fw,-68.1575469970703,-86.761001586914,82.66887639984171,-13.96492657685089,167414814
fw,-69.7611923217773,-87.093032836914,74.5815982022971,-39.75020402629682,167431481
fw,-70.5884933471679,-87.4408264160156,66.75908921477289,-68.25084536947365,167448148
fw,-70.9934005737304,-87.0278396606445,60.94264461220619,-97.62367190053307,167464815
fw,-71.5195999145507,-85.44482421875,58.061268428366496,-125.87117044389606,167481482
fw,-72.6590347290039,-83.0836944580078,58.162178662540846,-151.1017392233446,167498149
fw,-74.1043853759765,-80.3431701660156,60.62737117344981,-171.72622492683305,167514816
fw,-75.6329574584961,-77.3652114868164,64.57752695864069,-186.56449137022204,167531483
fw,-77.0816879272461,-74.0415878295898,69.28615896939014,-194.87999521368562,167548150
fw,-78.3099670410156,-70.4712982177734,74.43289744517469,-196.38426367662953,167564817
fw,-79.5263137817382,-67.0201644897461,80.10959397139568,-191.24230925022314,167581484
fw,-80.816162109375,-63.5859489440918,86.6047085564097,-180.07580912688178,167598151
fw,-82.1839065551757,-61.0723419189453,94.07565070080376,-163.93196931452735,167614818
fw,-83.5681838989257,-59.019733428955,102.24922216598573,-144.18543356204592,167631485
fw,-84.9307479858398,-56.9407119750976,110.27150519216951,-122.3672490478672,167648152
fw,-86.0513229370117,-55.2355461120605,116.77829141137617,-99.94538432101993,167664819
fw,-86.5560531616211,-54.0135383605957,120.19067062756304,-78.09605340089541,167681486
fw,-85.9708557128906,-53.3765563964843,119.16807384239084,-57.509795703409196,167698153
fw,-84.4191436767578,-53.1196670532226,113.08588506212453,-38.28536910596888,167714820
fw,-82.5130310058593,-52.9654350280761,102.36831767639266,-19.97015573915806,167731487
fw,-80.9173431396484,-52.794635772705,88.52573477921992,-1.7814630658215973,167748154
fw,-79.9103622436523,-52.7364120483398,73.83238399969696,17.021414029730824,167764821
fw,-79.3957595825195,-52.9689674377441,60.715363675332284,36.723359910835946,167781488
fw,-79.081314086914,-53.5725669860839,51.05157088814619,56.85473848509907,167798155
fw,-78.7415618896484,-54.4100837707519,45.62046515467727,76.14949630139277,167814822
fw,-78.1280288696289,-55.7333641052246,43.90446815943045,92.82120799487991,167831489
fw,-77.1292037963867,-58.2009086608886,44.29009272053109,105.09493575868818,167848156
fw,-75.8600387573242,-61.0657386779785,44.567455627423534,111.80759898795085,167864823
fw,-74.7326126098632,-63.3957824707031,42.52388596515455,112.8243260286219,167881490
fw,-74.046630859375,-63.7973289489746,36.42021516071651,109.07595710725631,167898157
fw,-73.8277053833007,-64.816177368164,25.221894196980774,102.2033522113749,167914824
fw,-74.0217361450195,-65.8531417846679,8.584241812648893,93.99308352304926,167931491
fw,-74.5597152709961,-67.0995559692382,-13.304074544228973,85.86980530353121,167948158
fw,-75.3302612304687,-68.045051574707,-39.881112336933604,78.63337188426003,167964825
fw,-76.3159103393554,-69.2777252197265,-70.27955403778166,72.47595388820092,167981492
fw,-77.7350769042968,-70.3619003295898,-103.29166580411002,67.19074324578078,167998159
fw,-79.8153762817382,-71.3380584716796,-137.2965536459782,62.43585486455117,168014826
fw,-82.7763748168945,-72.1925582885742,-170.24187531567242,57.93946357496122,168031493
fw,-86.1346664428711,-73.2073059082031,-199.7438412937382,53.595704207139974,168048160
fw,-88.6115341186523,-74.0963287353515,-223.31588878102292,49.46361915889357,168064827
fw,-86.5048141479492,-74.8357543945312,-238.69634233298513,45.71069071881799,168081494
fw,-82.4184036254882,-75.6059875488281,-244.22685589272731,42.538285210562464,168098161
fw,-77.2104034423828,-76.4324188232421,-239.21190344779944,40.11216178910202,168114828
fw,-73.3983688354492,-77.3710861206054,-224.15686239658757,38.5131772132131,168131495
fw,-70.6939849853515,-78.4059524536132,-200.7801469280562,37.719064200193856,168148162
fw,-68.0900192260742,-79.3499069213867,-171.76348862566826,37.61984021573615,168164829
fw,-65.5858306884765,-80.1302413940429,-140.30763887815854,38.056445147949205,168181496
fw,-63.5197410583496,-80.7278671264648,-109.6155157065647,38.86248928508381,168198163
fw,-62.2128524780273,-81.2077560424804,-82.40507242919574,39.89136895685497,168214830
fw,-61.4545669555664,-81.7563171386718,-60.51285738035746,41.0250444460717,168231497
fw,-61.0274200439453,-82.4203720092773,-44.63619971006402,42.17431517612885,168248164
fw,-60.6314468383789,-83.1064224243164,-34.267513701769815,43.28092815664009,168264831
fw,-60.1778335571289,-83.7560653686523,-27.859851277035144,44.32019282232445,168281498
fw,-59.7474708557128,-84.3280181884765,-23.213633455159307,45.29235561779764,168298165
fw,-59.4002227783203,-84.8515167236328,-18.010041746538263,46.19288758632005,168314832
fw,-58.9440078735351,-85.3262176513671,-10.36666939613556,46.964078410771556,168331499
fw,-58.3775329589843,-85.7210311889648,0.7262097546714675,47.442104495939226,168348166
fw,-58.3773002624511,-85.9937133789062,15.208112516297371,47.316767854412674,168364833
fw,-59.5388946533203,-86.1668167114257,32.042955762404674,46.11573353342629,168381500
fw,-60.9416275024414,-86.2533645629882,49.55943220226968,43.21786846535673,168398167
fw,-62.2494926452636,-86.234130859375,65.90152944219071,37.89725773885843,168414834
fw,-63.2646484375,-86.1556549072265,79.43475763596226,29.400814601818297,168431501
fw,-64.2626571655273,-86.078987121582,89.02038935688641,17.062248447938092,168448168
fw,-65.7051239013671,-86.1067581176757,94.16474325093436,0.4470478834190135,168464835
fw,-67.5288391113281,-86.298583984375,95.09358636299044,-20.49339721582416,168481502
fw,-69.817512512207,-86.6160354614257,92.76626375439619,-45.297766192363355,168498169
fw,-71.9366836547851,-86.8277587890625,88.77777355643973,-72.94660289590925,168514836
fw,-73.1955413818359,-86.5079498291015,85.07742222549469,-101.92229467057379,168531503
fw,-73.835090637207,-85.0591430664062,83.5006326506336,-130.3761386494269,168548170
fw,-74.7958984375,-82.6951599121093,85.23017944118273,-156.36079934535599,168564837
fw,-76.0613021850586,-79.8763809204101,90.38494467923483,-178.06229273315438,168581504
fw,-77.766242980957,-76.825325012207,97.9100167950201,-193.97654603366925,168598171
fw,-79.7392578125,-73.5297012329101,105.82410621131488,-203.01605520174473,168614838
fw,-81.8035125732421,-70.0214538574218,111.74408088193621,-204.57230137063667,168631505
fw,-83.7890853881836,-66.6797943115234,113.5221014436399,-198.5694549152738,168648172
fw,-85.5135879516601,-63.3774147033691,109.8194153545655,-185.5197136367164,168664839
fw,-86.901870727539,-60.7769355773925,100.48002850127567,-166.5527234698945,168681506
fw,-87.4556274414062,-58.5780372619628,86.62260916981326,-143.37038547072433,168698173
fw,-86.9974288940429,-56.5921630859375,70.42227905912435,-118.08787921670306,168714840
fw,-86.5993576049804,-55.0040550231933,54.61287790642977,-92.9538240175764,168731507
fw,-86.6844177246093,-54.0570335388183,41.816522298279175,-69.98188660371825,168748174
fw,-86.9452056884765,-53.6571311950683,33.88405660303612,-50.56596495182002,168764841
fw,-86.8222045898437,-53.5277023315429,31.457905199367453,-35.185167409767786,168781508
fw,-86.0794372558593,-53.391860961914,33.90580612064431,-23.31259447117332,168798175
fw,-85.038330078125,-53.1655654907226,39.63291109824358,-13.599481006450667,168814842
fw,-83.9081573486328,-52.7785453796386,46.63176227856507,-4.314744566178946,168831509
fw,-82.8222274780273,-52.3153800964355,53.05329410997176,6.085512773496432,168848176
fw,-81.7857513427734,-52.0426864624023,57.60719530219169,18.453530745221602,168864843
fw,-80.8661041259765,-52.315990447998,59.69679777832176,32.699425604628146,168881510
fw,-80.0210418701171,-53.4405403137207,59.305369780975425,47.891539895624284,168898177
fw,-79.1732177734375,-55.2809219360351,56.730496942510854,62.65670786530896,168914844
fw,-78.2944030761718,-56.9289016723632,52.28958335281241,75.69632337148362,168931511
fw,-77.4847259521484,-58.0503921508789,46.09562497437809,86.19245772275379,168948178
fw,-76.8086547851562,-59.2685241699218,37.95055916139708,93.9558416718206,168964845
fw,-76.3118362426757,-60.9365997314453,27.35342521953627,99.31040827705787,168981512
fw,-76.0682830810546,-62.4596824645996,13.593666716199825,102.82243140789106,168998179
fw,-76.2373123168945,-64.3136520385742,-4.100582863566994,105.0118538478428,169014846
fw,-76.8005828857421,-65.9089202880859,-26.375800644922094,106.14715319162549,169031513
fw,-77.7239837646484,-67.3350753784179,-53.53503170564445,106.17066715362157,169048180
fw,-79.0602798461914,-68.9265441894531,-85.30343219597326,104.7570873702193,169064847
fw,-80.9576950073242,-70.4640808105468,-120.61698019380674,101.4763747301555,169081514
fw,-83.4913558959961,-72.0730895996093,-157.4999171144311,96.00902543544338,169098181
fw,-86.4813079833984,-73.7092819213867,-193.10482728092742,88.34748624958131,169114848
fw,-89.0037765502929,-75.2899932861328,-223.97161016872982,78.91679920715552,169131515
fw,-86.271125793457,-76.5088729858398,-246.5204399860144,68.56280791863956,169148182
fw,-81.8991622924804,-77.1917877197265,-257.73005783678815,58.39140674254711,169164849
fw,-76.1305160522461,-77.5897521972656,-255.86521507479011,49.49854308584451,169181516
fw,-71.0160217285156,-78.2351684570312,-241.03027997880702,42.688426968043906,169198183
fw,-67.9202194213867,-79.3136978149414,-215.31019854859483,38.29524778818816,169214850
fw,-65.6518020629882,-80.4328308105468,-182.37976232312133,36.175444157007725,169231517
fw,-63.8078536987304,-81.2067260742187,-146.6813679390161,35.84964393855284,169248184
fw,-62.1525573730468,-81.8483810424804,-112.4507629931003,36.70801096750292,169264851
fw,-60.7048797607421,-82.4879074096679,-82.89541386266109,38.18843718264374,169281518
fw,-59.5782585144043,-83.1094055175781,-59.716072841888575,39.87789215852178,169298185
fw,-58.8798866271972,-83.7621536254882,-43.0126137352061,41.532674015953525,169314852
fw,-58.615924835205,-84.5010757446289,-31.515456311535917,43.039972679585986,169331519
fw,-58.3382377624511,-85.2575302124023,-23.048927072273656,44.35105872269797,169348186
fw,-58.0190963745117,-85.8894882202148,-15.128639003785864,45.412618552441685,169364853
fw,-57.6524925231933,-86.2830047607421,-5.585765178884063,46.113788259931866,169381520
fw,-57.3760757446289,-86.4849319458007,6.907441788443927,46.258418595974625,169398187
fw,-57.1808967590332,-86.6397857666015,22.538843474652147,45.56724930624798,169414854
fw,-58.0934028625488,-86.7714767456054,40.36922000902377,43.70895841991308,169431521
fw,-59.9420204162597,-86.7872772216796,58.64773492710599,40.34853276470457,169448188
fw,-61.4563293457031,-86.676040649414,75.3109438810089,35.190588377117344,169464855
fw,-63.0273475646972,-86.5551986694336,88.48456096900522,27.995580707888813,169481522
fw,-64.2634506225586,-86.4932327270507,96.83944838743687,18.564523064506776,169498189
fw,-65.6608123779296,-86.5184478759765,99.75486253327638,6.714089250424934,169514856
fw,-67.2466888427734,-86.6211318969726,97.33450648898003,-7.720590149695907,169531523
fw,-69.1656417846679,-86.8057327270507,90.34422226822072,-24.82779073119702,169548190
fw,-71.0533447265625,-86.934455871582,80.10006358565174,-44.50952350283416,169564857
fw,-72.1436691284179,-86.8236236572265,68.28908091913421,-66.35829015456072,169581524
fw,-72.6227035522461,-86.2685470581054,56.707238156664,-89.57407001744099,169598191
fw,-73.2004470825195,-85.0338668823242,46.95264864529965,-112.96408581291205,169614858
fw,-73.7265396118164,-83.071060180664,40.16610440941692,-135.03696564815897,169631525
fw,-74.3470916748046,-80.5328216552734,36.91024893088955,-154.1697706028322,169648192
fw,-75.1034164428711,-77.6865310668945,37.21947187302674,-168.80825901920602,169664859
fw,-76.0050735473632,-74.7722778320312,40.776040495377224,-177.66480548546576,169681526
fw,-77.1272583007812,-71.5721282958984,47.117157015686224,-179.89558901421498,169698193
fw,-78.3959808349609,-68.5298538208007,55.77135386850367,-175.2495280765392,169714860
fw,-79.4722518920898,-65.7948226928711,66.26011914483772,-164.17365103514774,169731527
fw,-80.3577804565429,-63.2632942199707,77.96990966920578,-147.84062787693003,169748194
fw,-81.3916625976562,-61.1550483703613,89.97578634223834,-128.05405660701345,169764861
fw,-82.7611541748046,-59.5420455932617,100.94341464223137,-107.00229065774772,169781528
fw,-84.3434219360351,-58.5246887207031,109.2201531451689,-86.87597260708966,169798195
fw,-85.868049621582,-57.7329177856445,113.14951308203612,-69.4242857599466,169814862
fw,-86.9057312011718,-57.1072311401367,111.5414885339537,-55.57013991559861,169831529
fw,-86.6440963745117,-56.6186866760253,104.14771195581946,-45.20668934822767,169848196
fw,-85.2387771606445,-56.1184310913085,91.95538913403342,-37.25199889985654,169864863
fw,-83.9254302978515,-55.5475959777832,77.14394908078843,-29.96431858191728,169881530
fw,-83.1414489746093,-55.0139541625976,62.64725345263246,-21.443074762311035,169898197
fw,-82.8542556762695,-54.7192039489746,51.40973615858204,-10.182767109152802,169914864
fw,-82.6818008422851,-54.7494316101074,45.559256430807025,4.473761043966197,169931531
fw,-82.1386566162109,-55.0368461608886,45.7732072610818,22.111923066018306,169948198
fw,-81.2549743652343,-55.5831451416015,51.05234655169152,41.319820498766866,169964865
fw,-80.1393356323242,-56.5550994873046,58.96607850034634,60.048719837822695,169981532
fw,-78.8417739868164,-58.05220413208,66.26698415204113,76.16754968112707,169998199
fw,-77.4109725952148,-59.9386253356933,69.66377598537815,88.05462768304972,170014866
fw,-75.9690399169921,-62.0327682495117,66.52223609036474,95.0415059738662,170031533
fw,-74.8183898925781,-63.5296478271484,55.320428305425466,97.5554745467918,170048200
fw,-74.3167037963867,-64.602180480957,35.7839009469622,96.90511301894026,170064867
fw,-74.4739227294921,-65.7200164794921,8.733628329588074,94.78580518350522,170081534
fw,-75.1548614501953,-67.0313034057617,-24.23837337821091,92.68750450125847,170098201
fw,-76.3406524658203,-67.8800888061523,-61.11989234692277,91.414878607312,170114868
fw,-78.1219406127929,-68.9969406127929,-99.73846600202303,90.87766908529068,170131535
fw,-80.324722290039,-70.2130508422851,-137.8835133465428,90.21091132443706,170148202
fw,-82.910171508789,-71.7616882324218,-173.32322207464955,88.17598074271297,170164869
fw,-85.8556594848632,-73.4525070190429,-203.80612995725934,83.700207903988,170181536
fw,-88.2474365234375,-75.2275619506836,-227.15198051975756,76.36090755821316,170198203
fw,-86.4452667236328,-76.5585021972656,-241.49930288238937,66.6320510142829,170214870
fw,-81.8850708007812,-77.0253829956054,-245.6918767600999,55.7949106939402,170231537
fw,-76.1090469360351,-77.1294555664062,-239.67669286093874,45.546599576204976,170248204
fw,-72.4421463012695,-77.4240188598632,-224.70992491106452,37.46844357683905,170264871
fw,-69.8409194946289,-78.1639862060546,-203.20008551593804,32.57051110019307,170281538
fw,-67.2580032348632,-79.1714248657226,-178.17566627745262,31.074839204149814,170298205
fw,-64.9292373657226,-80.0979385375976,-152.5516916753801,32.474372264660616,170314872
fw,-62.9095878601074,-80.9949035644531,-128.45368679869085,35.7874286523284,170331539
fw,-61.0761337280273,-81.8050231933593,-106.80340177976949,39.87626261506707,170348206
fw,-59.7692108154296,-82.564468383789,-87.25152895347217,43.715103765616604,170364873
fw,-58.8334732055664,-83.341682434082,-68.44034448063154,46.545597188100736,170381540
fw,-58.1578407287597,-84.1159057617187,-48.518380837261155,47.91327153062556,170398207
fw,-57.5744400024414,-84.8434143066406,-25.7921510277024,47.618509715826775,170414874
fw,-57.0806808471679,-85.4412994384765,0.6331371604673082,45.63214850224585,170431541
fw,-56.8571853637695,-85.8659210205078,30.396434610483976,42.02022658747137,170448208
fw,-57.3585205078125,-86.1796112060546,61.76591068633314,36.901295447927374,170464875
fw,-59.6502342224121,-86.4677047729492,91.9426316477861,30.43285726857718,170481542
fw,-62.3088989257812,-86.738296508789,117.71656492376634,22.801792516323605,170498209
fw,-64.7528610229492,-86.9755401611328,136.26965214561747,14.18814026291845,170514876
fw,-67.2779541015625,-87.1515350341796,145.8694720406869,4.689320759210849,170531543
fw,-69.6203079223632,-87.1907653808593,146.26218638319747,-5.7726934397798955,170548210
fw,-72.1192398071289,-87.0533065795898,138.7003091595724,-17.50709251721384,170564877
fw,-74.098388671875,-86.7706909179687,125.6498441112874,-31.015980319022038,170581544
fw,-76.0214233398437,-86.3323822021484,110.27655682460814,-46.84011913022556,170598211
fw,-77.7992630004882,-85.5800857543945,95.82432651645766,-65.32194571494516,170614878
fw,-79.1122970581054,-84.4158782958984,84.99478464718693,-86.36390886446172,170631545
fw,-79.9639129638671,-82.8191680908203,79.43363786170906,-109.270136211647,170648212
fw,-80.9407119750976,-80.6837768554687,79.4260393755531,-132.73129340991034,170664879
fw,-82.1957626342773,-78.085693359375,83.88308325476265,-154.9632259054754,170681546
fw,-83.8256530761718,-75.1334609985351,90.643710788594,-173.96391993256105,170698213
fw,-85.5943298339843,-71.7092742919921,97.02900879944082,-187.8270306587543,170714880
fw,-87.1815872192382,-68.1777954101562,100.5090406423765,-195.04546032554094,170731547
fw,-87.9364547729492,-64.7968597412109,99.31408942462491,-194.74777052776264,170748214
fw,-87.1167678833007,-61.8121795654296,92.84743553985864,-186.82732010214718,170764881
fw,-85.4555435180664,-59.2434005737304,81.81209776085292,-171.94616592870153,170781548
fw,-84.1264419555664,-56.7870445251464,68.0263770485953,-151.41820431557053,170798215
fw,-83.2782440185546,-54.6205101013183,53.96766401963101,-126.99198512378912,170814882
fw,-82.9561691284179,-53.1018753051757,42.15228412231034,-100.56300614795333,170831549
fw,-82.9356155395507,-52.1183319091796,34.516317179131825,-73.8576148097221,170848216
fw,-82.7704010009765,-51.6534461975097,31.97593339297312,-48.151652316590784,170864883
fw,-82.1852798461914,-51.5887222290039,34.29180621874922,-24.10402699181891,170881550
fw,-81.167984008789,-51.6123733520507,40.252335270352724,-1.7739480494516444,170898217
fw,-79.9736328125,-51.6408462524414,48.07436787100265,19.162855255664198,170914884
fw,-78.9184875488281,-51.7960586547851,55.85661611205231,39.06488339332962,170931551
fw,-78.0463562011718,-52.2647705078125,61.938077578698866,57.97900929625345,170948218
fw,-77.1723861694336,-53.2011413574218,65.09005016691329,75.45174389836323,170964885
fw,-76.1954879760742,-54.5608558654785,64.55306115425365,90.59591235463411,170981552
fw,-75.14111328125,-57.2013053894043,59.97452464889732,102.39878407094454,170998219
fw,-74.1862411499023,-60.1259231567382,51.30092402750228,110.13547013317728,171014886
fw,-73.5099029541015,-61.8250350952148,38.65466015307691,113.68491931890716,171031553
fw,-73.2373123168945,-63.2406959533691,22.211018182509868,113.58962981385423,171048220
fw,-73.343505859375,-64.0509490966796,2.096251412238378,110.84302124162143,171064887
fw,-73.8228302001953,-65.7694396972656,-21.658088654297078,106.53558691418397,171081554
fw,-74.797134399414,-67.4544219970703,-49.06641930726395,101.53980533090414,171098221
fw,-76.1673736572265,-68.7518234252929,-80.0273218732205,96.35026128460234,171114888
fw,-77.922607421875,-69.8943405151367,-114.0698815191264,91.09336257584818,171131555
fw,-80.1885528564453,-71.0555953979492,-150.07744780756786,85.65449095768723,171148222
fw,-82.8927307128906,-72.3185272216796,-186.0960245571355,79.85353671088701,171164889
fw,-86.0078659057617,-73.6163558959961,-219.34272709966442,73.6076911170191,171181556
fw,-88.340705871582,-74.845474243164,-246.49557927487473,67.03413780273056,171198223
fw,-85.44482421875,-75.9198455810546,-264.2692134119883,60.462650814696694,171214890
fw,-80.5010910034179,-76.7979660034179,-270.173335059597,54.35245997967272,171231557
fw,-74.0727844238281,-77.4234085083007,-263.2383999121408,49.14078380833871,171248224
fw,-69.7503280639648,-78.218147277832,-244.4299866658472,45.08508561938406,171264891
fw,-66.8491821289062,-79.2964324951171,-216.5317620817134,42.17576763841928,171281558
fw,-64.4054183959961,-80.5146713256836,-183.47577407653375,40.16853271030652,171298225
fw,-62.4129257202148,-81.5613632202148,-149.3401953323165,38.72229061718838,171314892
fw,-60.6542587280273,-82.3332290649414,-117.36639764599433,37.569828445850256,171331559
fw,-59.3344764709472,-82.9316711425781,-89.30493700603903,36.63528148752542,171348226
fw,-58.3125305175781,-83.5391693115234,-65.24736047517901,36.048313451489236,171364893
fw,-57.7280960083007,-84.1871948242187,-43.938421361053905,36.05774535934199,171381560
fw,-57.3160743713378,-84.8286972045898,-23.444599779600185,36.88358849033898,171398227
fw,-56.9337310791015,-85.3981094360351,-1.98233849969728,38.557372357217275,171414894
fw,-56.6373634338378,-85.8588714599609,21.32791001090786,40.79787441391886,171431561
fw,-56.4232864379882,-86.2015075683593,46.01359280281551,42.963196211521236,171448228
fw,-57.3094215393066,-86.4829788208007,70.2749772688542,44.10810704150354,171464895
fw,-60.3031120300293,-86.7138366699218,91.50597328353072,43.149406070229816,171481562
fw,-62.7899627685546,-86.7861251831054,107.14198964383495,39.10233983632304,171498229
fw,-64.9207992553711,-86.6601791381836,115.52242464447495,31.31440310410169,171514896
fw,-66.777359008789,-86.5218811035156,116.45692422310623,19.613322997427822,171531563
fw,-68.3774642944336,-86.5363235473632,111.33065646792694,4.316731068696144,171548230
fw,-70.1959686279296,-86.6551971435546,102.76954955748263,-13.889948726623858,171564897
fw,-71.9285202026367,-86.7519454956054,94.00637438229067,-34.145769364987174,171581564
fw,-73.3095016479492,-86.6597671508789,88.12117862701952,-55.59456262549152,171598231
fw,-74.4871749877929,-86.1803283691406,87.31806047282556,-77.49230391986238,171614898
fw,-75.5340576171875,-85.2069549560546,92.38419417705306,-99.2236044360175,171631565
fw,-77.1173782348632,-83.5757293701171,102.4554746471754,-120.24593467493033,171648232
fw,-79.0860443115234,-81.3907241821289,115.16260750656348,-139.99570569948943,171664899
fw,-81.0649948120117,-78.7895202636718,127.14685987998726,-157.7909429668416,171681566
fw,-83.1232223510742,-75.897476196289,134.84371550818486,-172.764969550089,171698233
fw,-85.1759033203125,-72.709976196289,135.36815633105385,-183.86848652335223,171714900
fw,-87.0812072753906,-69.5714416503906,127.30422986415005,-189.97362925409456,171731567
fw,-86.8294830322265,-66.4640731811523,111.19413516652038,-190.08951341390087,171748234
fw,-85.0124588012695,-63.000259399414,89.54786736333547,-183.65092622285047,171764901
fw,-84.2998580932617,-59.8577995300293,66.29079978157448,-170.7846454978608,171781568
fw,-84.4647369384765,-57.20751953125,45.7500835614139,-152.42526976561632,171798235
fw,-85.0026092529296,-55.2570304870605,31.487964623629097,-130.18152708078384,171814902
fw,-85.0919647216796,-54.0917739868164,25.392723769992614,-105.9511359880539,171831569
fw,-84.510383605957,-53.4416732788085,27.345607887450722,-81.40522903187711,171848236
fw,-83.3404464721679,-53.0439414978027,35.53065062724871,-57.54500390314561,171864903
fw,-81.8792648315429,-52.52880859375,47.184629287303025,-34.52375781653029,171881570
fw,-80.5202484130859,-51.9734458923339,59.43962511221204,-11.822285671820966,171898237
fw,-79.493408203125,-51.6173286437988,69.94661629838474,11.289364149547053,171914904
fw,-78.5210189819336,-51.7243041992187,77.13604480943664,35.19963695098816,171931571
fw,-77.4519577026367,-52.4726066589355,80.16181627006311,59.547201354351856,171948238
fw,-76.3309020996093,-53.5271034240722,78.69029275057775,83.12501325204019,171964905
fw,-75.1928558349609,-55.585350036621,72.69897700715502,104.13153835572714,171981572
fw,-74.0192489624023,-58.5920753479003,62.37216213116367,120.66256289367787,171998239
fw,-73.0313720703125,-60.4436836242675,48.08610954840631,131.2444734810663,172014906
fw,-72.3622741699218,-62.4377517700195,30.416347149451887,135.20875710036646,172031573
fw,-72.0774536132812,-64.5469284057617,10.094737774964583,132.80034693662742,172048240
fw,-72.3256607055664,-66.132827758789,-12.115128765283542,125.04128682135747,172064907
fw,-73.1457290649414,-67.8419647216796,-35.595420274231266,113.4571755906103,172081574
fw,-74.4009628295898,-69.3597183227539,-60.02656345109889,99.78326684347226,172098241
fw,-75.9969940185546,-70.6105880737304,-85.42328356628485,85.72185514989218,172114908
fw,-77.8754119873046,-71.9137344360351,-111.99474991878097,72.76472059465931,172131575
fw,-80.0981369018554,-72.813606262207,-139.83788202827165,62.05849880169528,172148242
fw,-82.6065216064453,-73.3038940429687,-168.55132044826965,54.292749068752975,172164909
fw,-85.4810104370117,-73.8265151977539,-196.91402827351493,49.62232191088738,172181576
fw,-88.4400329589843,-74.5156097412109,-222.78280507402306,47.66700711401861,172198243
fw,-87.2873306274414,-75.4246978759765,-243.31702337793052,47.62634864283059,172214910
fw,-83.186897277832,-76.4420318603515,-255.54046523500165,48.49813395134637,172231577
fw,-77.92724609375,-77.3752136230468,-257.11808789294304,49.33178917106712,172248244
fw,-72.1291046142578,-78.4185333251953,-247.1016122864999,49.43063636428285,172264911
fw,-68.5401000976562,-79.594253540039,-226.35067988444547,48.451222369245066,172281578
fw,-65.9402770996093,-80.8351593017578,-197.42849846328562,46.40154764671584,172298245
fw,-63.7273597717285,-81.8772811889648,-163.9856145756539,43.57337007210449,172314912
fw,-61.8433609008789,-82.5657119750976,-129.8610142416687,40.44543362618591,172331579
fw,-60.3274688720703,-83.0509033203125,-98.21512879460666,37.58154496204041,172348246
fw,-59.2299537658691,-83.5059585571289,-70.94300728899955,35.537555262445814,172364913
fw,-58.5470428466796,-84.0028915405273,-48.47963545117532,34.783969579455686,172381580
fw,-58.1601257324218,-84.5249633789062,-29.98749000228171,35.6390202522686,172398247
fw,-57.8998985290527,-85.0650177001953,-13.836845805385021,38.196734415475255,172414914
fw,-57.7286567687988,-85.6247177124023,1.758548897595642,42.241134448260794,172431581
fw,-57.6639556884765,-86.1116867065429,18.11555748932022,47.16416695282269,172448248
fw,-57.7698516845703,-86.4298782348632,35.633723290085925,51.93344651222516,172464915
fw,-58.2706184387207,-86.5145187377929,53.65695769177802,55.16236341903085,172481582
fw,-60.0772056579589,-86.3495559692382,70.69070943519769,55.30841974509044,172498249
fw,-62.1757850646972,-85.9486541748046,84.90002759172194,50.97472810139325,172514916
fw,-64.0896759033203,-85.4755401611328,94.70789007194263,41.23790258630769,172531583
fw,-65.6872177124023,-85.1293106079101,99.28428336593662,25.89956569905547,172548250
fw,-66.7304077148437,-85.0507049560546,98.78693184585859,5.574490957434386,172564917
fw,-68.419563293457,-85.3120727539062,94.33360127408024,-18.41835544377977,172581584
fw,-70.3764038085937,-85.7823486328125,87.77041409951414,-44.328937833581165,172598251
fw,-71.9274749755859,-86.1902389526367,81.31283225927366,-70.33019881281713,172614918
fw,-73.0715026855468,-86.1077117919921,77.11275399096762,-94.85349910831997,172631585
fw,-73.9204025268554,-85.2666244506836,76.805058057666,-116.82126304066979,172648252
fw,-75.0768966674804,-83.6351776123046,81.11840051314913,-135.72546015858444,172664919
fw,-76.5988082885742,-81.4290542602539,89.65365760867923,-151.53946708089157,172681586
fw,-78.243408203125,-78.8264846801757,100.90319351906467,-164.49243581227793,172698253
fw,-80.00341796875,-76.0330963134765,112.51889553644313,-174.77672458243762,172714920
fw,-81.8402938842773,-72.9200439453125,121.7771340115982,-182.28974390774434,172731587
fw,-83.6715774536132,-69.8611831665039,126.15597054864608,-186.51484808701696,172748254
fw,-85.4740753173828,-66.7785263061523,123.92359031988254,-186.60859866234017,172764921
fw,-86.4621124267578,-63.4939727783203,114.61878026071298,-181.68623624163553,172781588
fw,-85.6169815063476,-60.501609802246,99.28716432230473,-171.20807784910727,172798255
fw,-84.2349700927734,-57.8958396911621,80.35199962423683,-155.3094970050872,172814922
fw,-83.5546646118164,-55.6810760498046,61.08125353829507,-134.92470151931255,172831589
fw,-83.4686813354492,-54.1635665893554,44.75989946040821,-111.63372482668068,172848256
fw,-83.6062850952148,-53.2742271423339,33.82198796970454,-87.27597314674367,172864923
fw,-83.6009521484375,-52.7636833190918,29.247909503049158,-63.470483899870814,172881590
fw,-83.2901916503906,-52.5311088562011,30.44086570632318,-41.22389831620014,172898257
fw,-82.5306625366211,-52.4016609191894,35.602445318077656,-20.776811963202046,172914924
fw,-81.383316040039,-52.1916351318359,42.42921169060722,-1.7477428621860271,172931591
fw,-80.1861495971679,-51.9934768676757,48.84406357139936,16.48572883642036,172948258
fw,-79.3450317382812,-52.103946685791,53.49828010421829,34.330681586866355,172964925
fw,-78.6769943237304,-52.6487350463867,55.90860275455231,51.64798280342049,172981592
fw,-78.0339889526367,-53.6269607543945,56.25797801496834,67.69880620587679,172998259
fw,-77.3388671875,-55.6090278625488,55.009248268614016,81.39803003693,173014926
fw,-76.5230178833007,-58.1686859130859,52.51274603186765,91.75820615604958,173031593
fw,-75.7347869873046,-60.0267753601074,48.7410554335191,98.30986001265234,173048260
fw,-75.1434860229492,-61.8601036071777,43.204220372946374,101.29375191335697,173064927
fw,-74.7006759643554,-62.7057876586914,35.03247732772022,101.54319807134712,173081594
fw,-74.2645416259765,-63.9337692260742,23.179240020495133,100.13882689497706,173098261
fw,-74.0126342773437,-65.5581817626953,6.686035703921254,98.02122163633611,173114928
fw,-74.2519226074218,-67.3074264526367,-15.050036364567418,95.73300951506572,173131595
fw,-74.9142303466796,-68.6981353759765,-42.059615265058866,93.36200751024279,173148262
fw,-76.0585250854492,-70.1940765380859,-73.67274816219536,90.65189208722312,173164929
fw,-77.8824081420898,-71.3564834594726,-108.49528356060966,87.19571289616152,173181596
fw,-80.3936920166015,-72.4551620483398,-144.48738408949924,82.6337074148883,173198263
fw,-83.5254364013671,-73.6963500976562,-179.12939156955719,76.80905300262725,173214930
fw,-86.7005767822265,-75.1131286621093,-209.6582009670907,69.86115487016318,173231597
fw,-88.9714965820312,-76.2969589233398,-233.36696924954157,62.24198061831747,173248264
fw,-85.9353408813476,-76.9625854492187,-247.97002814800604,54.640283529027,173264931
fw,-81.0518722534179,-77.3533706665039,-252.01393059788464,47.818341020669656,173281598
fw,-75.4920272827148,-77.8167037963867,-245.25031606397175,42.40955797368886,173298265
fw,-71.9716491699218,-78.6152648925781,-228.8199770676743,38.75767773566516,173314932
fw,-69.1379852294921,-79.6028060913086,-205.11250544211293,36.862183910366234,173331599
fw,-66.3027648925781,-80.4998474121093,-177.28958943383677,36.436507708745744,173348266
fw,-63.9697647094726,-81.282241821289,-148.61099528287937,37.03181175465308,173364933
fw,-62.1871109008789,-81.981460571289,-121.77229711491864,38.16629976039432,173381600
fw,-60.6914901733398,-82.6262664794921,-98.430033985959,39.42381405254634,173398267
fw,-59.4761199951171,-83.2947769165039,-79.00828248876431,40.515040629175495,173414934
fw,-58.4291954040527,-83.9755325317382,-62.80047125821907,41.307289614804745,173431601
fw,-57.5839653015136,-84.6138076782226,-48.316174127293415,41.825333840271945,173448268
fw,-56.9685173034668,-85.2117767333984,-33.77730608170533,42.21982348604563,173464935
fw,-56.6249809265136,-85.7538375854492,-17.645681083799474,42.70148412750195,173481602
fw,-56.4806098937988,-86.2154541015625,0.9353542361258506,43.448716846157176,173498269
fw,-56.5403366088867,-86.5999908447265,21.883129361953824,44.507064615322264,173514936
fw,-56.9950637817382,-86.8973922729492,44.164583098419634,45.70513693149055,173531603
fw,-58.460765838623,-87.0808029174804,66.04138696532186,46.610355701364796,173548270
fw,-60.2839660644531,-87.107681274414,85.50999943435217,46.53992099850364,173564937
fw,-62.2611579895019,-86.9523315429687,100.80869792161853,44.630173518300815,173581604
fw,-64.3561630249023,-86.6457290649414,110.8389752635023,39.9545179297097,173598271
fw,-66.0254898071289,-86.2616271972656,115.38825331803918,31.66994433004846,173614938
fw,-67.7096633911132,-85.954116821289,115.12505100041442,19.167428281102683,173631605
fw,-69.4051895141601,-85.8618011474609,111.41716183794763,2.2023714555834757,173648272
fw,-71.4289855957031,-85.9847793579101,106.05497791986592,-19.014158252669468,173664939
fw,-73.6052551269531,-86.2126083374023,100.93918634912022,-43.77780336414025,173681606
fw,-75.4441909790039,-86.5034103393554,97.75001207555778,-70.91873261630082,173698273
fw,-76.7081832885742,-86.4558563232421,97.60421869031131,-98.90350350347956,173714940
fw,-77.861213684082,-85.4870300292968,100.74564733942717,-126.0080607280795,173731607
fw,-79.3094406127929,-83.3534469604492,106.37047037105133,-150.53535659487417,173748274
fw,-80.9205474853515,-80.4041290283203,112.69986454993573,-171.02452546253892,173764941
fw,-82.6639328002929,-77.1785736083984,117.35245443835564,-186.38945992198654,173781608
fw,-84.5691375732421,-73.8229293823242,117.9628375784073,-195.9499579874011,173798275
fw,-86.4674224853515,-70.8077850341796,112.89034364525234,-199.3735802463735,173814942
fw,-87.1028137207031,-68.1091613769531,101.80066214597447,-196.5997626629487,173831609
fw,-85.7925338745117,-65.0228271484375,85.90484676710743,-187.8284532129905,173848276
fw,-84.7591781616211,-61.6386680603027,67.72486524585479,-173.60209387122148,173864943
fw,-84.4570159912109,-58.5383491516113,50.419775804277116,-154.91675331332877,173881610
fw,-84.2030258178711,-56.4761619567871,36.89300930396627,-133.23451518478336,173898277
fw,-83.7671585083007,-55.2062492370605,29.005701261255574,-110.2983579009153,173914944
fw,-83.2173690795898,-54.2960395812988,27.171611079169324,-87.7668674487789,173931611
fw,-82.575454711914,-53.6533241271972,30.43252457579268,-66.80911939766072,173948278
fw,-81.8326873779296,-53.1018333435058,36.91445509129428,-47.844212217443875,173964945
fw,-80.9693450927734,-52.4432487487793,44.445162189747634,-30.550746066606614,173981612
fw,-80.0960693359375,-51.8230857849121,51.10852719375708,-14.148939499730707,173998279
fw,-79.2318801879882,-51.5192985534668,55.59292581291859,2.1627489103065356,174014946
fw,-78.3582077026367,-51.633674621582,57.30005697523266,18.79851781500385,174031613
fw,-77.500617980957,-51.8946342468261,56.26361221683926,35.5681899772471,174048280
fw,-76.6878890991211,-52.9434623718261,52.958488925721255,51.730763143581406,174064947
fw,-75.8981246948242,-54.8431777954101,48.069599979666194,66.28067337462433,174081614
fw,-75.2589569091796,-56.5012245178222,42.26229745673861,78.32983500177977,174098281
fw,-74.8441925048828,-57.7758598327636,35.97862410087361,87.4138050515794,174114948
fw,-74.5946426391601,-59.2125511169433,29.28263971097781,93.60200934599803,174131615
fw,-74.3716354370117,-61.0998001098632,21.78398888463471,97.39678167383406,174148282
fw,-74.1259078979492,-62.4935340881347,12.665185041533762,99.49583713180766,174164949
fw,-73.9943161010742,-63.8514022827148,0.8173885924400003,100.52726019652769,174181616
fw,-74.2361526489257,-65.6383361816406,-14.938472221988322,100.85333549073823,174198283
fw,-74.9583206176757,-67.2855987548828,-35.58517950073976,100.50058347314504,174214950
fw,-76.1754760742187,-68.8119201660156,-61.63471636377242,99.22187359380582,174231617
fw,-77.7855453491211,-70.3597030639648,-92.87327534649953,96.65015022277913,174248284
fw,-79.7767868041992,-71.6547088623046,-128.15677929440332,92.48043695184604,174264951
fw,-82.2320175170898,-72.9560241699218,-165.31140741164776,86.62074174896314,174281618
fw,-85.2262802124023,-74.1939392089843,-201.21815703300436,79.27347831867586,174298285
fw,-88.4812240600586,-75.5244598388671,-232.15414944412703,70.93417309748014,174314952
fw,-86.954833984375,-76.7637634277343,-254.405361014843,62.313027206536404,174331619
fw,-81.8668975830078,-77.6169357299804,-265.0594915421018,54.19614495738579,174348286
fw,-75.1643829345703,-77.9933242797851,-262.7654986347129,47.27613449044271,174364953
fw,-71.1447982788086,-78.4588317871093,-248.17450208251796,41.999997770559105,174381620
fw,-68.3002319335937,-79.2914123535156,-223.83838639521218,38.48960947344832,174398287
fw,-65.6006317138671,-80.3242950439453,-193.55331354233783,36.56616778610927,174414954
fw,-63.2544174194335,-81.2458190917968,-161.37838001666924,35.861488631996785,174431621
fw,-61.1146202087402,-82.0358047485351,-130.67249854428,35.96063942180457,174448288
fw,-59.3499450683593,-82.6786346435546,-103.42894541234229,36.51818574802054,174464955
fw,-58.2930564880371,-83.3053436279296,-80.03710670350269,37.316429672108555,174481622
fw,-57.5564002990722,-84.0379409790039,-59.469706899890284,38.262668735067955,174498289
fw,-56.8974266052246,-84.8176040649414,-39.81353341670548,39.3380554725947,174514956
fw,-56.3694496154785,-85.5256958007812,-19.009217900993246,40.51507455531999,174531623
fw,-55.9676284790039,-86.1006774902343,4.38042835889911,41.66355764107469,174548290
fw,-55.8128395080566,-86.5288696289062,30.582467558732386,42.47195098142166,174564957
fw,-56.0997505187988,-86.8380126953125,58.39363038894178,42.41664011085315,174581624
fw,-58.1279716491699,-87.1161575317382,85.42058514788035,40.80612438789914,174598291
fw,-61.0202140808105,-87.3747482299804,108.7184991233101,36.901450164954,174614958
fw,-63.3405036926269,-87.4867477416992,125.61279830037915,30.07671969108902,174631625
fw,-65.5224227905273,-87.5170669555664,134.42595139886885,19.955754916064542,174648292
fw,-67.613784790039,-87.6314010620117,134.89831691045416,6.466630823445789,174664959
fw,-69.8570480346679,-87.7458038330078,128.2346192000442,-10.200949652494938,174681626
fw,-71.8403244018554,-87.6484832763671,116.8275279909333,-29.69416134485107,174698293
fw,-73.6793975830078,-87.1854782104492,103.75906261105084,-51.57879895298361,174714960
fw,-75.3960723876953,-86.3570175170898,92.18137612492465,-75.34711410562754,174731627
fw,-76.7784576416015,-85.0577926635742,84.67349713639891,-100.345874431763,174748294
fw,-77.6087188720703,-83.2092971801757,82.68060699151108,-125.67112518229233,174764961
fw,-78.591796875,-80.7923278808593,86.15878691707428,-150.0980164831303,174781628
fw,-79.8176956176757,-78.011734008789,93.54158446945029,-172.09914442423712,174798295
fw,-81.3988265991211,-74.8943405151367,102.08729946655933,-189.97105875195663,174814962
fw,-83.2282180786132,-71.1680755615234,108.56091470850232,-202.05625492562274,174831629
fw,-85.0750656127929,-67.3213195800781,110.09254746184207,-207.0225716030372,174848296
fw,-86.4426193237304,-63.5394058227539,104.98307760715498,-204.14065804873943,174864963
fw,-86.4234619140625,-60.5057373046875,93.22253509706104,-193.4882196974798,174881630
fw,-85.3056488037109,-57.96187210083,76.54999820185967,-176.01871467174564,174898297
fw,-84.4914932250976,-55.4494323730468,58.00711776708553,-153.46242914723425,174914964
fw,-84.0081558227539,-53.2329597473144,41.0985545816639,-128.06385554952422,174931631
fw,-83.8461685180664,-51.8422508239746,28.818996691149614,-102.18981067869025,174948298
fw,-83.9244003295898,-51.0668678283691,22.867151575204957,-77.8752685206522,174964965
fw,-83.9111175537109,-50.6402206420898,23.30049413198898,-56.41391840417023,174981632
fw,-83.4253234863281,-50.3903350830078,28.71368336876661,-38.124626569162466,174998299
fw,-82.4105453491211,-50.0455017089843,36.82509935856478,-22.396068608000608,175014966
fw,-81.2634048461914,-49.568504333496,45.21858589096879,-8.020925390794503,175031633
fw,-80.2887344360351,-49.3329811096191,51.968257138262466,6.2856181980442365,175048300
fw,-79.4893035888671,-49.327163696289,55.96935819435867,21.371995896339698,175064967
fw,-78.7950134277343,-49.5976257324218,56.94607389629245,37.33555271672833,175081634
fw,-78.1364364624023,-50.8370704650878,55.22884145065766,53.52169972527574,175098301
fw,-77.4412841796875,-52.7705116271972,51.44165793233244,68.81831338102603,175114968
fw,-76.7450714111328,-54.4742927551269,46.21712352865485,82.10001192214548,175131635
fw,-76.1057205200195,-55.9137687683105,39.99909149564215,92.6225638827022,175148302
fw,-75.5543746948242,-57.4925575256347,32.937862237246364,100.21567111811085,175164969
fw,-75.1117706298828,-59.3831138610839,24.85315079987677,105.23525338523508,175181636
fw,-74.8841247558593,-61.1665649414062,15.239613291158044,108.33928221383094,175198303
fw,-74.9774932861328,-62.7308769226074,3.30972127895533,110.19871696441864,175214970
fw,-75.4616165161132,-64.5051879882812,-11.906584173140422,111.25185278237221,175231637
fw,-76.2149658203125,-66.3488159179687,-31.375150300862206,111.57691574234693,175248304
fw,-77.080940246582,-68.0698471069336,-55.771312946724535,110.90768149723566,175264971
fw,-78.2603149414062,-69.8092193603515,-85.12953999529822,108.76660066480147,175281638
fw,-79.987434387207,-71.153450012207,-118.52262815217739,104.66044906123477,175298305
fw,-82.3826904296875,-72.6575469970703,-153.89774416914594,98.28265788444996,175314972
fw,-85.4023666381836,-74.2083587646484,-188.17975157991214,89.67965379912054,175331639
fw,-88.6064758300781,-75.8596572875976,-217.68669670875965,79.3445876540825,175348306
fw,-87.2444458007812,-77.1053466796875,-238.8121305306732,68.19875544980148,175364973
fw,-82.666259765625,-77.7320327758789,-248.8366368324916,57.432882324562975,175381640
fw,-76.457763671875,-78.0014572143554,-246.6500857699947,48.229270930442674,175398307
fw,-72.3661727905273,-78.4450531005859,-233.12801564759067,41.45419512736888,175414974
fw,-69.821907043457,-79.3766937255859,-210.97099679020312,37.44399197931798,175431641
fw,-67.4418792724609,-80.4973678588867,-184.0088622003568,35.969947466530684,175448308
fw,-65.1885681152343,-81.4197006225586,-156.2005559170443,36.3786444197984,175464975
fw,-63.0361862182617,-82.2842864990234,-130.673037496096,37.82945029189037,175481642
fw,-61.1771507263183,-83.0661697387695,-109.0803671380525,39.53179339158493,175498309
fw,-59.7443161010742,-83.8123016357421,-91.40677520304597,40.91268097078531,175514976
fw,-58.7743301391601,-84.5708618164062,-76.19706423146842,41.68577723400696,175531643
fw,-57.7299156188964,-85.3281097412109,-61.11807489403897,41.825977049994115,175548310
fw,-56.8767280578613,-86.049331665039,-43.7153514756646,41.47475982585148,175564977
fw,-56.2718811035156,-86.6990966796875,-22.200074420827967,40.81382442310365,175581644
fw,-55.853515625,-87.1990051269531,3.918828119584798,39.947690943188924,175598311
fw,-55.7929229736328,-87.5529556274414,33.53259492275383,38.829084741985895,175614978
fw,-56.4045829772949,-87.8248977661132,64.07521865611584,37.2440692896274,175631645
fw,-58.8683700561523,-88.0122985839843,92.10898966010527,34.85025594957574,175648312
fw,-61.5988121032714,-88.0606307983398,114.20228855713263,31.239112012111107,175664979
fw,-64.0401992797851,-87.9924087524414,127.83035659437726,25.984486043716824,175681646
fw,-66.1571960449218,-88.0013961791992,132.01709361881947,18.653382581807673,175698313
fw,-68.0999679565429,-88.1486053466796,127.54685707662544,8.788713606480417,175714980
fw,-70.0677719116211,-88.368896484375,116.73953703368986,-4.092442594412134,175731647
fw,-71.8852081298828,-88.6068878173828,102.9043730557089,-20.434397845221984,175748314
fw,-73.4612503051757,-88.7225189208984,89.62949564193644,-40.494146470732595,175764981
fw,-74.6946868896484,-88.4672393798828,80.05337369098666,-64.14648815137285,175781648
fw,-75.5128784179687,-87.3262176513671,76.24493387962123,-90.72256014422699,175798315
fw,-76.5931091308593,-85.3574600219726,78.804796949884,-118.95697498285608,175814982
fw,-78.0662384033203,-82.8041839599609,86.77269909966091,-147.07174541601776,175831649
fw,-79.7427291870117,-79.8732299804687,97.8678614420757,-172.9710654875754,175848316
fw,-81.5117492675781,-76.6268997192382,109.01146017131119,-194.49522504224052,175864983
fw,-83.2752075195312,-72.8527069091796,117.01732636123896,-209.68932087078278,175881650
fw,-84.9994735717773,-69.0747146606445,119.31005624941365,-217.06005714646815,175898317
fw,-86.3737716674804,-65.6614685058593,114.53048647960514,-215.80020316981282,175914984
fw,-86.4376754760742,-62.4123916625976,102.89888844054525,-205.95350460118945,175931651
fw,-85.4511489868164,-59.1401290893554,86.2280622736307,-188.4816481495977,175948318
fw,-84.659912109375,-55.9594955444335,67.53594900365111,-165.18619213265453,175964985
fw,-84.2188720703125,-53.5771903991699,50.315256449330526,-138.445136901853,175981652
fw,-84.1886367797851,-52.3039360046386,37.64632074220578,-110.76774425400725,175998319
fw,-84.1840896606445,-51.5517425537109,31.42065778207819,-84.25510776252659,176014986
fw,-83.8889694213867,-51.0331993103027,31.919370468681286,-60.135444450198165,176031653
fw,-83.1238784790039,-50.6876602172851,37.8632005213636,-38.55819346633848,176048320
fw,-82.0631561279296,-50.2542457580566,46.87890090617174,-18.75114501441819,176064987
fw,-80.8319396972656,-49.6555976867675,56.19069928752049,0.4977254345451822,176081654
fw,-79.6421432495117,-49.4002838134765,63.30173177562348,20.20984404272077,176098321
fw,-78.5573501586914,-49.4959526062011,66.48112327940822,40.68268560416121,176114988
fw,-77.6027603149414,-50.2450447082519,64.97472449934057,61.265937492686774,176131655
fw,-76.7210388183593,-52.20703125,58.955999300321956,80.53227358656572,176148322
fw,-75.8806991577148,-54.5525321960449,49.29212663912725,96.75957860401843,176164989
fw,-75.2191314697265,-56.4392967224121,37.213387668407655,108.51360848577596,176181656
fw,-74.8329620361328,-58.019905090332,23.95887275310955,115.10070327612026,176198323
fw,-74.7240676879882,-59.7821464538574,10.452897180246769,116.75135271909353,176214990
fw,-74.8876190185546,-61.9398231506347,-2.9408080214367835,114.52399087615865,176231657
fw,-75.3549041748046,-63.2541694641113,-16.538103769798834,110.00366342112889,176248324
fw,-76.0960693359375,-64.9027099609375,-31.280559877281743,104.8952599943978,176264991
fw,-76.9481506347656,-66.4250106811523,-48.48556550830934,100.60870854747876,176281658
fw,-77.9490127563476,-67.7451400756836,-69.42571212212744,97.92627088379002,176298325
fw,-79.2798767089843,-68.862190246582,-94.82486963993223,96.82780317845295,176314992
fw,-81.1484298706054,-69.9279479980468,-124.40701105300492,96.52550006996834,176331659
fw,-83.6868667602539,-71.5076904296875,-156.64153389487956,95.72280835292953,176348326
fw,-86.5486145019531,-73.3572845458984,-188.78843144552067,93.05333246833386,176364993
fw,-88.8288116455078,-75.3474349975586,-217.276092885064,87.57816473224614,176381660
fw,-86.1267776489257,-76.9206619262695,-238.367327505333,79.16329887652991,176398327
fw,-81.8128814697265,-78.0444869995117,-248.99193223970727,68.576530904349,176414994
fw,-75.7192077636718,-78.6783447265625,-247.54343728675667,57.25180279354941,176431661
fw,-71.1487350463867,-79.0867462158203,-234.3793240072119,46.819158082068064,176448328
fw,-68.3363723754882,-79.62646484375,-211.79750349220822,38.60380715606346,176464995
fw,-65.9038314819336,-80.3938293457031,-183.4334310742862,33.29581078197809,176481662
fw,-63.885643005371,-81.1887588500976,-153.26515782012046,30.889556913977785,176498329
fw,-62.3276901245117,-81.9728775024414,-124.57732458257763,30.858084797383093,176514996
fw,-60.8618774414062,-82.6899261474609,-99.22628973527269,32.437523626183555,176531663
fw,-59.4834632873535,-83.3686904907226,-77.40294308822777,34.88424517406404,176548330
fw,-58.4483604431152,-84.0352096557617,-57.90550106989933,37.61517092771322,176564997
fw,-57.7719268798828,-84.6529846191406,-38.78730931294229,40.212776374114654,176581664
fw,-57.2420654296875,-85.2615814208984,-18.164536060728388,42.33835954458287,176598331
fw,-56.910961151123,-85.8306884765625,5.048107726287414,43.629688616128576,176614998
fw,-56.8669281005859,-86.3099746704101,30.67602673644652,43.653880494876375,176631665
fw,-57.3451499938964,-86.6583633422851,57.23285079419055,41.94885638573395,176648332
fw,-59.1970062255859,-86.8570785522461,82.3041371355255,38.13531812366829,176664999
fw,-62.0970878601074,-86.9028167724609,103.25125520328018,32.03946633748322,176681666
fw,-64.4341125488281,-86.9112396240234,117.99438355079161,23.75409149672419,176698333
fw,-66.5564880371093,-86.9928665161132,125.59831953230764,13.59014882626966,176715000
fw,-68.3343734741211,-87.0586929321289,126.4765644905351,1.9237066289859335,176731667
fw,-70.3093185424804,-87.0380630493164,122.1966631430216,-11.000389649055316,176748334
fw,-71.9546813964843,-86.913833618164,115.01145894727225,-25.215791037310918,176765001
fw,-73.6935729980468,-86.6781692504882,107.2924250462689,-41.05220134803426,176781668
fw,-75.6794662475586,-86.2571792602539,101.01155531883077,-58.99282963675596,176798335
fw,-77.5386123657226,-85.4546813964843,97.35667050389657,-79.40733859664863,176815002
fw,-78.6647109985351,-84.1924819946289,96.51851023336681,-102.24783686295139,176831669
fw,-79.7510299682617,-82.3777694702148,97.67685794761273,-126.8123192427181,176848336
fw,-81.1470565795898,-79.9819793701171,99.21621245758621,-151.65997134608298,176865003
fw,-82.7898025512695,-77.1546630859375,99.172808237627,-174.7205645780228,176881670
fw,-84.6230545043945,-73.839729309082,95.83468908046596,-193.5930412263319,176898337
fw,-86.251480102539,-70.231330871582,88.32460854501184,-205.98467134287822,176915004
fw,-87.054702758789,-66.4724349975586,76.95876061737829,-210.20201765743903,176931671
fw,-86.8566436767578,-62.4727478027343,63.23124165298868,-205.5716999689315,176948338
fw,-86.2620010375976,-59.3856544494628,49.40856619780428,-192.65915094479703,176965005
fw,-85.7384185791015,-56.931900024414,37.86975624752493,-173.19067915333486,176981672
fw,-85.4668045043945,-54.8644714355468,30.423485266207287,-149.672414941987,176998339
fw,-85.2883224487304,-53.1486473083496,27.832674032546233,-124.80467271015387,177015006
fw,-85.1126403808593,-51.9863014221191,29.68812051005975,-100.86026649192185,177031673
fw,-84.827522277832,-51.074405670166,34.641601679233894,-79.20384440834928,177048340
fw,-84.1331481933593,-50.2568588256835,40.88701262027606,-60.08404358411835,177065007
fw,-83.1285324096679,-49.5522308349609,46.7052711438555,-42.75037162485831,177081674
fw,-82.1222915649414,-49.0539398193359,50.887066006082655,-25.85277344849352,177098341
fw,-81.2659225463867,-48.7562179565429,52.915131263035455,-8.000684412698554,177115008
fw,-80.6523742675781,-48.7114944458007,52.893353703733474,11.684318996492822,177131675
fw,-80.1753311157226,-49.0100440979003,51.304474380431174,33.18240719670551,177148342
fw,-79.6221389770507,-49.7220077514648,48.72153366975674,55.46789708089196,177165009
fw,-78.8922576904296,-51.0673904418945,45.580692040340296,76.71392933722505,177181676
fw,-78.0505752563476,-53.0212974548339,42.064876924804366,94.75127044101394,177198343
fw,-77.2263412475586,-55.0568389892578,38.08470932457201,107.64326253189206,177215010
fw,-76.5894393920898,-56.9064025878906,33.30776278465767,114.2041519988952,177231677
fw,-76.2268524169921,-58.7057075500488,27.192060231873963,114.31768821267002,177248344
fw,-76.0737152099609,-60.5836753845214,19.0128371550897,108.99041900443214,177265011
fw,-76.0357055664062,-62.3329277038574,7.906389259477868,100.15476867171422,177281678
fw,-76.2029342651367,-63.6162033081054,-7.032180389381037,90.28545159139247,177298345
fw,-76.6698455810546,-65.0136184692382,-26.576138484374283,81.90751797228924,177315012
fw,-77.394302368164,-66.1507110595703,-51.13198242997551,77.07495558905764,177331679
fw,-78.4832534790039,-67.128303527832,-80.48975559450079,76.90298845722829,177348346
fw,-80.182502746582,-67.9496459960937,-113.62809285954401,81.25098564780419,177365013
fw,-82.3943710327148,-68.8848648071289,-148.6424162551622,88.66423337374147,177381680
fw,-84.7765197753906,-70.2705764770507,-182.84144923785374,96.65970771930293,177398347
fw,-86.261001586914,-72.2099533081054,-213.02369436784164,102.35431541066374,177415014
fw,-85.4023208618164,-74.4690856933593,-235.91725526299905,103.29662166972771,177431681
fw,-82.5541915893554,-76.7866744995117,-248.74256492914574,98.24028033681337,177448348
fw,-77.8528060913086,-78.8002243041992,-249.81693782424955,87.56895952446811,177465015
fw,-72.3202819824218,-80.095718383789,-239.0524566024708,73.18650118577315,177481682
fw,-68.756233215332,-80.5967559814453,-218.1467258482666,57.8903724809651,177498349
fw,-65.8775177001953,-80.5560684204101,-190.30742693807022,44.462302911311404,177515016
fw,-63.1730422973632,-80.7573471069336,-159.51203135685103,34.831955030299135,177531683
fw,-61.8131103515625,-81.3898620605468,-129.50315419131206,29.629197638471773,177548350
fw,-61.0392227172851,-82.3409652709961,-102.84158799915234,28.253373102701985,177565017
fw,-60.0544319152832,-83.3512344360351,-80.33023200998754,29.353927979902178,177581684
fw,-58.8409347534179,-84.2720108032226,-60.999001489741694,31.459143307193223,177598351
fw,-57.7738189697265,-85.0929641723632,-42.649665818616896,33.47598924944891,177615018
fw,-57.0268669128418,-85.8131484985351,-22.770037618226088,34.89491638419199,177631685
fw,-56.8100128173828,-86.4056091308593,0.48521586434857106,35.691875991415785,177648352
fw,-56.8663063049316,-86.9039001464843,27.55100877524,36.044960355256016,177665019
fw,-56.9824638366699,-87.3562545776367,57.16341839996871,36.02881834896912,177681686
fw,-58.1796150207519,-87.780532836914,86.61260485331897,35.41717050640297,177698353
fw,-61.50728225708,-88.0443572998046,112.46806679980773,33.64676698221113,177715020
fw,-64.5054168701171,-88.0826568603515,131.55039884788764,29.91891170038216,177731687
fw,-67.0153350830078,-88.0585174560546,141.82661958416475,23.369856133192904,177748354
fw,-69.0449066162109,-88.0990600585937,142.9416031888842,13.239793921912115,177765021
fw,-71.2512435913086,-88.1707305908203,136.2602752687595,-0.9997686156724277,177781688
fw,-73.2384948730468,-88.2199630737304,124.47984353502588,-19.564002170283235,177798355
fw,-75.1499938964843,-88.0311965942382,110.97466763788957,-42.30125461726179,177815022
fw,-77.1439819335937,-87.2894973754882,99.04323135354765,-68.6525432740499,177831689
fw,-78.7813034057617,-85.7222213745117,91.1919420783136,-97.62181402397952,177848356
fw,-79.5873184204101,-83.6050262451171,88.57035272691806,-127.76701538227684,177865023
fw,-80.1984558105468,-81.0573425292968,90.6804689133625,-157.22938109221562,177881690
fw,-81.3658065795898,-78.1600952148437,95.4819267242389,-183.82442103862664,177898357
fw,-83.1851654052734,-74.8514404296875,99.9474681293356,-205.2215293794507,177915024
fw,-85.4238891601562,-70.9938583374023,100.97359618996518,-219.22737662786096,177931691
fw,-87.5520782470703,-67.0275497436523,96.38182610856592,-224.15063767938926,177948358
fw,-87.7659454345703,-62.9603004455566,85.65940480175433,-219.17144028545167,177965025
fw,-87.0902709960937,-59.5839538574218,70.15377005309323,-204.59913416595904,177981692
fw,-86.8154373168945,-56.721134185791,52.64078363322053,-181.90845494780447,177998359
fw,-86.5159759521484,-54.1155166625976,36.44114831501074,-153.50324860298682,178015026
fw,-86.2642974853515,-52.3522186279296,24.434719857296358,-122.24305725217134,178031693
fw,-86.2234268188476,-51.2590217590332,18.33153659612507,-90.84580540182205,178048360
fw,-86.2290344238281,-50.7457580566406,18.4115863978417,-61.32782817765224,178065027
fw,-85.8103942871093,-50.474925994873,23.733358156548526,-34.64909498805508,178081694
fw,-84.9024658203125,-50.3718948364257,32.63696143295676,-10.685625573765632,178098361
fw,-83.8641281127929,-50.3128013610839,43.29402937486538,11.446749338824219,178115028
fw,-82.8867721557617,-50.3864440917968,54.09477159545868,32.815387800216214,178131695
fw,-81.9798736572265,-50.8022117614746,63.7789981346119,54.03790588659633,178148362
fw,-81.1097869873046,-51.3977546691894,71.35120612357201,74.82397490982466,178165029
fw,-80.1669692993164,-52.4229583740234,75.90820107274192,93.87216046804559,178181696
fw,-79.0767059326171,-54.6933364868164,76.51888821341493,109.17981141476074,178198363
fw,-77.7605438232421,-57.4966278076171,72.23916125816486,118.6674027455835,178215030
fw,-76.4790954589843,-59.6970100402832,62.2596821819118,120.8896226580616,178231697
fw,-75.564712524414,-61.6662330627441,46.11614332027522,115.57098401849152,178248364
fw,-75.15234375,-63.5044975280761,23.869539359885117,103.78599132942618,178265031
fw,-75.2547988891601,-64.2069015502929,-3.8107842071489624,87.75130063308275,178281698
fw,-75.8731613159179,-65.3612365722656,-35.67988610913924,70.32779578512283,178298365
fw,-76.9825363159179,-65.6749877929687,-70.04316420758828,54.395897517013104,178315032
fw,-78.6712493896484,-66.0187683105468,-104.93603700712197,42.26953143374475,178331699
fw,-80.8560485839843,-66.3894577026367,-138.3216041980362,35.28110167971028,178348366
fw,-83.5000457763671,-66.8799133300781,-168.2799761861947,33.62432103301137,178365033
fw,-86.2145233154296,-67.731704711914,-193.168213806895,36.48309748633436,178381700
fw,-87.3256301879882,-68.8876876831054,-211.73327406279927,42.395812608050136,178398367
fw,-85.1212692260742,-70.1591567993164,-223.1710627595254,49.72508393468751,178415034
fw,-81.8296661376953,-71.3159866333007,-227.14398736678405,57.06842698283578,178431701
fw,-78.2270965576171,-72.3657836914062,-223.7836175048543,63.484403545312844,178448368
fw,-74.3460159301757,-73.4530792236328,-213.69747147350276,68.50375990557995,178465035
fw,-71.2232818603515,-74.6985931396484,-197.97032730988974,71.99138193788396,178481702
fw,-68.1312637329101,-76.1219711303711,-178.122271442461,73.97220828791768,178498369
fw,-65.1168899536132,-77.6067657470703,-155.9792065409597,74.51761309044804,178515036
fw,-62.8234672546386,-79.180679321289,-133.43082400428415,73.72969215800543,178531703
fw,-61.2506637573242,-80.6269302368164,-112.09112842994041,71.7963074924644,178548370
fw,-60.1379661560058,-81.8282394409179,-92.93130177821934,69.0509935938498,178565037
fw,-59.1952209472656,-82.8310546875,-76.003656499915,65.97361770975637,178581704
fw,-58.4458465576171,-83.699951171875,-60.38353056378713,63.10452274764459,178598371
fw,-57.8094635009765,-84.5492172241211,-44.40403966225086,60.89446701755942,178615038
fw,-57.3322792053222,-85.5271835327148,-26.164108091897024,59.547900839195236,178631705
fw,-57.0211791992187,-86.5761184692382,-4.191123205285759,58.92095778562332,178648372
fw,-56.8855018615722,-87.5154876708984,21.9308385843462,58.50992697311173,178665039
fw,-57.0293540954589,-88.1678390502929,51.17628228082819,57.52944961936282,178681706
fw,-58.0672645568847,-88.4189682006836,81.10104869261303,55.05350705238451,178698373
fw,-60.4920349121093,-88.2524719238281,108.32203316106684,50.18456146871267,178715040
fw,-63.370319366455,-87.8032302856445,129.34369241173874,42.21904817644572,178731707
fw,-66.3531341552734,-87.2642669677734,141.48143736276015,30.779210610753886,178748374
fw,-68.6594543457031,-86.8658142089843,143.58918093785013,15.88052439412727,178765041
fw,-70.8017959594726,-86.933120727539,136.37890609470955,-2.089191160168992,178781708
fw,-72.9525375366211,-87.4994735717773,122.271081626326,-22.478499883806165,178798375
fw,-74.8941345214843,-88.265396118164,104.84999718795954,-44.53148252648332,178815042
fw,-76.2964477539062,-88.613655090332,88.07264957883832,-67.5321099249604,178831709
fw,-77.1167297363281,-87.7341079711914,75.40933597238498,-90.8720726568403,178848376
fw,-77.5248031616211,-86.0425491333007,69.10659877262074,-114.01652091003226,178865043
fw,-78.4267425537109,-83.8539810180664,69.75136718039352,-136.39100998706274,178881710
fw,-79.9071655273437,-81.3128509521484,76.24874494784382,-157.24923113061553,178898377
fw,-81.6931228637695,-78.2215042114257,86.2035159539975,-175.59053163798706,178915044
fw,-83.4375915527343,-74.77734375,96.56930547052542,-190.17787330304006,178931711
fw,-84.997314453125,-71.1804962158203,104.36808032099445,-199.6699114775931,178948378
fw,-86.3524551391601,-67.9421997070312,107.30945660630518,-202.8418732960721,178965045
fw,-87.006118774414,-64.7874069213867,104.21350559065684,-198.84436237865188,178981712
fw,-86.3717269897461,-61.5658302307128,95.20211135048879,-187.43885101945457,178998379
fw,-85.1091995239257,-58.4939804077148,81.64853465512543,-169.1440800372057,179015046
fw,-84.1460952758789,-55.9336357116699,65.88667562514954,-145.22957937480084,179031713
fw,-83.5443878173828,-54.1809577941894,50.71523745334245,-117.51974876743203,179048380
fw,-83.3202133178711,-53.1857223510742,38.79052054218959,-88.03614565798235,179065047
fw,-83.1864929199218,-52.7576370239257,32.05172051940655,-58.58427675318362,179081714
fw,-82.9004669189453,-52.5106544494628,31.32700611943904,-30.43585023804913,179098381
fw,-82.3454818725586,-52.351318359375,36.21671352568092,-4.231168995270547,179115048
fw,-81.4862442016601,-52.2444267272949,45.26256280533017,19.866304063606634,179131715
fw,-80.406135559082,-52.3840065002441,56.32619108846406,41.84487302322246,179148382
fw,-79.2127456665039,-53.0857429504394,67.05039029367951,61.507489187343545,179165049
fw,-77.9294891357421,-53.9072723388671,75.2766458888562,78.28445764894414,179181716
fw,-76.6202621459961,-55.5387420654296,79.33304461761756,91.28898520879959,179198383
fw,-75.3859558105468,-58.0741348266601,78.1628882298013,99.59819905611995,179215050
fw,-74.3052139282226,-60.0849571228027,71.3133728283996,102.63699558819869,179231717
fw,-73.4703521728515,-61.8871955871582,58.83335444020126,100.49470347367587,179248384
fw,-72.9345397949218,-62.6029205322265,41.137435738595734,94.04710583673145,179265051
fw,-72.6256790161132,-63.798713684082,18.88359473047961,84.86088904860117,179281718
fw,-72.6952743530273,-65.3715896606445,-7.1104742801004885,74.94403335035506,179298385
fw,-73.2142715454101,-66.7961273193359,-35.912143149205235,66.41674201813917,179315052
fw,-74.1783447265625,-67.4374160766601,-66.49717072570186,61.139380168826584,179331719
fw,-75.7949142456054,-68.0185852050781,-97.77198519021294,60.32160090589616,179348386
fw,-77.99853515625,-68.5858001708984,-128.60391443748188,64.18236043627766,179365053
fw,-80.6970520019531,-69.5523910522461,-157.85062951730825,71.78655738072347,179381720
fw,-83.5898361206054,-70.9949722290039,-184.37021374908736,81.1784121258341,179398387
fw,-86.2893295288086,-73.0108795166015,-207.00441825856504,89.83844672495697,179415054
fw,-87.4241256713867,-75.044204711914,-224.5593018404897,95.35178397204498,179431721
fw,-85.1472396850586,-76.8451461791992,-235.83838942514157,96.0703423431333,179448388
fw,-81.636001586914,-78.5009384155273,-239.78288430519203,91.54298844214884,179465055
fw,-77.1663208007812,-79.9762268066406,-235.72454761245928,82.5778537654075,179481722
fw,-72.8184509277343,-81.2497863769531,-223.67594807494748,70.93743106769455,179498389
fw,-69.5062408447265,-82.3001022338867,-204.5192163524212,58.78857693910507,179515056
fw,-66.0602264404296,-82.9193344116211,-179.9601850332651,48.0990899527161,179531723
fw,-63.339241027832,-83.4483261108398,-152.19954941826614,40.17510761715995,179548390
fw,-62.1441268920898,-84.0805282592773,-123.39597740398301,35.46856432060994,179565057
fw,-61.5306968688964,-84.8136367797851,-95.10405878387854,33.67240747627361,179581724
fw,-60.8230247497558,-85.5522994995117,-67.91652066151771,34.009587652662255,179598391
fw,-60.0052604675293,-86.2440185546875,-41.486424700592714,35.5623607576775,179615058
fw,-59.3109169006347,-86.9088897705078,-14.950082293970263,37.507058496058114,179631725
fw,-58.6982383728027,-87.5477600097656,12.415719684279882,39.197499508523,179648392
fw,-58.7739906311035,-88.0554962158203,40.585297086831964,40.12702095172739,179665059
fw,-59.6984481811523,-88.3610000610351,68.49148058301316,39.84697864519227,179681726
fw,-61.7602157592773,-88.308120727539,94.1775347984205,37.912917031215564,179698393
fw,-64.5288696289062,-87.8942031860351,115.32953575661249,33.88744528343746,179715060
fw,-66.9746932983398,-87.3690872192382,129.97002377987303,27.38472314365506,179731727
fw,-69.4256362915039,-86.9645614624023,137.04861433117046,18.120845242551155,179748394
fw,-71.5669708251953,-86.7901458740234,136.74021435796914,5.942895578641074,179765061
fw,-73.5565872192382,-86.8450164794921,130.39868214544785,-9.165987184337077,179781728
fw,-75.3478164672851,-87.1320114135742,120.23320512202875,-27.08779212091933,179798395
fw,-77.2971496582031,-87.5629806518554,108.82928739783466,-47.55661745331201,179815062
fw,-79.2130737304687,-87.7875137329101,98.6294151176002,-70.12532183452512,179831729
fw,-80.7943572998046,-87.1867294311523,91.45677462958895,-94.12495112838971,179848396
fw,-81.7875289916992,-85.4530868530273,88.14853933169934,-118.63992447959902,179865063
fw,-82.6132888793945,-83.0963592529296,88.37402089132975,-142.5165221837569,179881730
fw,-83.8343887329101,-80.3792495727539,90.71635604881007,-164.40923827919178,179898397
fw,-85.2648468017578,-77.3319549560546,93.05101872380838,-182.86308403453802,179915064
fw,-86.5790328979492,-73.8743896484375,93.15532095082914,-196.43392829855983,179931731
fw,-87.2738037109375,-70.3531494140625,89.37840982693537,-203.85233719389882,179948398
fw,-86.5540618896484,-66.8785171508789,81.1537151222909,-204.22624716306228,179965065
fw,-85.4882049560546,-63.237491607666,69.17659802622516,-197.25206940933373,179981732
fw,-84.7149124145507,-59.9345550537109,55.18673163285212,-183.37207725649347,179998399
fw,-84.1470336914062,-57.3012428283691,41.44087817747059,-163.79823925636836,180015066
fw,-83.7806396484375,-55.1634559631347,30.071927625778873,-140.3431752062393,180031733
fw,-83.5196533203125,-53.6011619567871,22.553004165600164,-115.06410456668526,180048400
fw,-83.3514709472656,-52.5862579345703,19.41958218091325,-89.8086711450498,180065067
fw,-83.1463394165039,-51.9087791442871,20.29302630254051,-65.80859707523635,180081734
fw,-82.6694717407226,-51.3696403503418,24.147081819706976,-43.46770367084764,180098401
fw,-81.9535369873046,-50.977252960205,29.693319812278204,-22.431166310385787,180115068
fw,-81.1432800292968,-50.7769165039062,35.7427985337541,-1.9238741436055422,180131735
fw,-80.3473663330078,-50.7270965576171,41.43110730805928,18.755295019902487,180148402
fw,-79.6363754272461,-50.8460617065429,46.26096086572015,39.76110626236843,180165069
fw,-79.0252304077148,-51.3078689575195,49.99167169385135,60.4326496607241,180181736
fw,-78.3805236816406,-52.5250396728515,52.45510343453853,79.34356673212307,180198403
fw,-77.6115570068359,-55.0474586486816,53.3857011433724,94.66836426167428,180215070
fw,-76.7544403076171,-57.5725860595703,52.324034845172555,104.72695909663445,180231737
fw,-75.9558181762695,-59.2336349487304,48.611510043573055,108.49043400899987,180248404
fw,-75.3499679565429,-60.6040573120117,41.46230620154138,105.864666913181,180265071
fw,-74.963134765625,-62.1517868041992,30.087874591224082,97.69655034418042,180281738
fw,-74.7405776977539,-63.42626953125,13.852607774648316,85.57382549238159,180298405
fw,-74.8378524780273,-65.1803970336914,-7.558263132269296,71.52939843323486,180315072
fw,-75.3263168334961,-66.1584320068359,-33.98378327380978,57.71993852350448,180331739
fw,-76.1966247558593,-66.5352249145507,-64.68034925137435,46.10062975086974,180348406
fw,-77.77685546875,-66.6422805786132,-98.29847965310672,38.12167343046493,180365073
fw,-80.1708908081054,-66.7583389282226,-132.9619045280062,34.515618654403816,180381740
fw,-83.1134262084961,-67.4562835693359,-166.4355449278183,35.26346459366306,180398407
fw,-86.1242446899414,-68.5706253051757,-196.3409918406159,39.773101057895886,180415074
fw,-88.5427703857421,-69.9365844726562,-220.37842571427134,47.196028488922536,180431741
fw,-86.1946563720703,-71.1875839233398,-236.54520560945153,56.72356720196524,180448408
fw,-82.4108200073242,-72.2368011474609,-243.37216889842975,67.70986696247074,180465075
fw,-78.314956665039,-73.3504486083984,-240.1892471638055,79.56950551872394,180481742
fw,-73.5650405883789,-74.5776214599609,-227.37466952172304,91.53108104015244,180498409
fw,-69.7550506591796,-76.0209579467773,-206.47590661912665,102.41755627765059,180515076
fw,-66.8068161010742,-77.6605682373046,-180.07768960312436,110.62538376299352,180531743
fw,-64.6726303100586,-79.6411743164062,-151.3678874350489,114.39132943541117,180548410
fw,-63.0619621276855,-82.0714797973632,-123.48354189290637,112.30370008282546,180565077
fw,-61.6236343383789,-84.6106414794921,-98.82595717299543,103.88312937881068,180581744
fw,-60.5053253173828,-86.6080627441406,-78.55420627841733,89.98320202107878,180598411
fw,-59.7343978881835,-87.5277328491211,-62.40333273833079,72.79059905354171,180615078
fw,-58.9676933288574,-87.6720733642578,-48.87205668388782,55.34763141459073,180631745
fw,-58.2731323242187,-87.6277694702148,-35.7262724783616,40.72430198973837,180648412
fw,-57.794563293457,-87.6346282958984,-20.687770066282045,31.131508622667702,180665079
fw,-57.4131278991699,-87.7897262573242,-2.130563974195656,27.300539596769976,180681746
fw,-57.0724868774414,-87.9709777832031,20.40025481403269,28.33806623607149,180698413
fw,-58.0169372558593,-87.9064102172851,45.990512843739175,32.06753155331792,180715080
fw,-59.7860946655273,-87.5419387817382,72.53234907415396,35.690502590635276,180731747
fw,-61.5217971801757,-86.9991912841796,97.21052425059627,36.518475992158514,180748414
fw,-63.5284042358398,-86.570068359375,117.15044039404721,32.54989038876126,180765081
fw,-65.2914657592773,-86.3726425170898,130.06305968365587,22.764923236114605,180781748
fw,-67.6298675537109,-86.431411743164,134.76411145325437,7.129815273339937,180798415
fw,-70.4098281860351,-86.6522750854492,131.4886255225899,-13.605289872666036,180815082
fw,-73.2207412719726,-86.9313278198242,121.93273619914112,-38.194284747956964,180831749
fw,-75.5261001586914,-87.1122207641601,108.9600644123731,-65.16622163444147,180848416
fw,-76.6168441772461,-86.8089218139648,95.96716059768853,-93.02374030621435,180865083
fw,-76.9814147949218,-85.6825790405273,86.02852405049835,-120.35597865415895,180881750
fw,-77.6697998046875,-83.8214035034179,81.07454746620196,-145.8766957657207,180898417
fw,-78.8565902709961,-81.4084930419921,81.39399719223368,-168.40879686199176,180915084
fw,-80.5837173461914,-78.5838851928711,85.64550826930116,-186.84680608249312,180931751
fw,-82.5874404907226,-75.3498153686523,91.36181328069934,-200.13999351000274,180948418
fw,-84.4468460083007,-71.9507141113281,95.74929171608134,-207.33864942220373,180965085
fw,-86.2935028076171,-68.5148696899414,96.50900553507557,-207.72351021821856,180981752
fw,-87.7686614990234,-64.8943710327148,92.44122458416689,-200.99609696118733,180998419
fw,-88.4156417846679,-61.5540428161621,83.69544846881443,-187.46267955599384,181015086
fw,-87.9766769409179,-58.7894248962402,71.64011945773201,-168.12122279965246,181031753
fw,-87.5634536743164,-56.3568153381347,58.42380498819757,-144.5782397021565,181048420
fw,-87.3162765502929,-54.5058555603027,46.37330131632656,-118.7800100387786,181065087
fw,-87.2363586425781,-53.3221588134765,37.411743608194925,-92.61671614657739,181081754
fw,-86.8557739257812,-52.5920486450195,32.66301262958826,-67.51788029007425,181098421
fw,-86.0477981567382,-52.1601181030273,32.331997783671405,-44.1788274114905,181115088
fw,-85.0401458740234,-51.881420135498,35.84042405309799,-22.527485648181553,181131755
fw,-84.0835494995117,-51.5840988159179,42.10721630437959,-1.961859021541335,181148422
fw,-83.2483215332031,-51.369026184082,49.835128964717434,18.213578842493238,181165089
fw,-82.3698501586914,-51.6107673645019,57.70664249072439,38.30791601963672,181181756
fw,-81.3306808471679,-52.2121925354003,64.46631361763146,57.90228900503631,181198423
fw,-80.2211151123046,-53.0091438293457,68.9274509052172,75.78453404933055,181215090
fw,-79.1360168457031,-54.7615356445312,69.96364831888914,90.19924164496491,181231757
fw,-78.0901947021484,-57.1210784912109,66.53471014973373,99.33591348974593,181248424
fw,-77.0588226318359,-58.7959632873535,57.76800944748597,101.8873915964395,181265091
fw,-76.1136016845703,-59.9816284179687,43.082849056883944,97.48960907338636,181281758
fw,-75.481704711914,-61.3011245727539,22.316885395275406,86.91478362427274,181298425
fw,-75.4603118896484,-62.4102325439453,-4.196483258252442,71.98890387960967,181315092
fw,-76.2280502319336,-63.8861083984375,-35.63170760160692,55.27474925072406,181331759
fw,-77.6067810058593,-64.466682434082,-70.74521677098166,39.585659024054785,181348426
fw,-79.494026184082,-64.3638687133789,-107.9709570099953,27.410983353696203,181365093
fw,-81.9168701171875,-64.2607727050781,-145.48292248490984,20.373408078175366,181381760
fw,-84.517593383789,-64.2156600952148,-181.20592255624754,18.877172203052236,181398427
fw,-86.6682205200195,-64.7153701782226,-212.8119820685947,22.086958447054688,181415094
fw,-86.5158615112304,-65.7519073486328,-237.78436579967806,28.2732013286666,181431761
fw,-83.8495788574218,-67.1988677978515,-253.63748118050867,35.41058992985651,181448428
fw,-80.0608673095703,-68.5679702758789,-258.33269657030536,41.804590125221786,181465095
fw,-74.9840469360351,-69.4411849975586,-250.82781069854735,46.51337021365657,181481762
fw,-69.3050460815429,-70.0440826416015,-231.5756393797256,49.43687714609473,181498429
fw,-66.2711105346679,-70.7348709106445,-202.7226606940057,51.10138977827602,181515096
fw,-64.2061691284179,-71.5660095214843,-167.83212028808575,52.28938259555815,181531763
fw,-62.5248985290527,-72.5070419311523,-131.15988578664889,53.69453034558447,181548430
fw,-61.1909408569335,-73.64208984375,-96.718731268715,55.72517501153884,181565097
fw,-60.1614189147949,-74.8359756469726,-67.44020467306133,58.48474038130415,181581764
fw,-59.4021911621093,-75.9866561889648,-44.66522635753617,61.87603757649669,181598431
fw,-59.0716896057128,-77.1319961547851,-28.054788213387628,65.73814910248127,181615098
fw,-59.1189231872558,-78.2784881591796,-15.896572955658915,69.93387447885529,181631765
fw,-59.1237182617187,-79.4107437133789,-5.7135697707968,74.34754849559997,181648432
fw,-58.8964538574218,-80.6074447631836,4.965296129805503,78.80384530946962,181665099
fw,-58.4495506286621,-81.9225997924804,17.85481929640374,82.95632355604278,181681766
fw,-58.2692947387695,-83.2927627563476,33.39150698448956,86.20689001927423,181698433
fw,-58.8583297729492,-84.6553344726562,50.616071484250256,87.70303423321069,181715100
fw,-60.9857063293457,-85.9603729248046,67.51833473925458,86.42892050875233,181731767
fw,-63.1280708312988,-87.0756454467773,81.7269493077026,81.37417999889935,181748434
fw,-65.0095825195312,-87.7922058105468,91.28392060898804,71.74196227524813,181765101
fw,-66.4183807373046,-88.0152511596679,95.2252211746526,57.149536841510596,181781768
fw,-67.5817489624023,-87.8711929321289,93.80332173234635,37.77766912035172,181798435
fw,-69.2239685058593,-87.7567672729492,88.350015437512,14.433361285823802,181815102
fw,-70.9630584716796,-87.9488143920898,80.8871104729388,-11.497958363598986,181831769
fw,-72.1511764526367,-88.39892578125,73.61756227667733,-38.2165377128894,181848436
fw,-72.7755889892578,-88.401741027832,68.4146551174244,-63.767129175760495,181865103
fw,-73.3231124877929,-87.3520355224609,66.41980239310011,-86.34163270288423,181881770
fw,-74.4158782958984,-85.7242813110351,67.85254589453142,-104.55753971207217,181898437
fw,-76.0090713500976,-83.7268676757812,72.08750968550022,-117.64895011059743,181915104
fw,-77.7823104858398,-81.4235763549804,77.95574998566323,-125.53043131906348,181931771
fw,-79.4898300170898,-78.8925170898437,84.1354016336127,-128.72431080503785,181948438
fw,-80.9768142700195,-76.209602355957,89.47317921431438,-128.16987324099196,181965105
fw,-82.3216705322265,-73.5793838500976,93.13923217179176,-124.95747120274528,181981772
fw,-83.5391998291015,-71.225959777832,94.619737714215,-120.05310215574941,181998439
fw,-84.6865539550781,-68.9128875732421,93.63164076280354,-114.0923642861965,182015106
fw,-85.8016128540039,-66.4820175170898,90.06216101647739,-107.31029342072328,182031773
fw,-86.738296508789,-64.4712677001953,83.99128986730706,-99.62611159418243,182048440
fw,-87.1108016967773,-62.8311691284179,75.77956928523106,-90.8368157857533,182065107
fw,-86.7731781005859,-61.4138565063476,66.14119041763668,-80.82860461374594,182081774
fw,-86.1354293823242,-60.2788162231445,56.11164484382898,-69.71627575717646,182098441
fw,-85.6658248901367,-59.4490509033203,46.86943053305135,-57.8618181232028,182115108
fw,-85.4517974853515,-58.9289894104003,39.455581821084095,-45.77903888216015,182131775
fw,-85.2553787231445,-58.5464477539062,34.50278303876332,-33.977326568179556,182148442
fw,-84.8125457763671,-58.2714462280273,32.09450860744257,-22.818930105982435,182165109
fw,-84.0905685424804,-58.0480575561523,31.816391655678572,-12.453694376218582,182181776
fw,-83.2967681884765,-57.8738861083984,32.97063180442449,-2.858111027442534,182198443
fw,-82.591064453125,-57.7404174804687,34.852595488891524,6.042624619064277,182215110
fw,-81.9928588867187,-57.7384529113769,36.97355146281999,14.231269178912923,182231777
fw,-81.4607009887695,-57.9189453125,39.154043001272115,21.511917111982918,182248444
fw,-80.9290161132812,-58.3848686218261,41.478192625612216,27.539785063669832,182265111
fw,-80.3271560668945,-59.1514892578125,44.15486752721198,31.974994959027065,182281778
fw,-79.6345291137695,-60.015884399414,47.35669220614674,34.70092510638356,182298445
fw,-78.8388977050781,-60.679271697998,51.101089383550004,36.00014159315483,182315112
fw,-77.9574127197265,-61.182315826416,55.210131709991025,36.58555330415693,182331779
