Label,Left_Hip_q,Right_Hip_q,Left_Hip_qd,Right_Hip_qd,SampleTimeFine
iw,-65.2705841064453,-78.1715850830078,-211.986083984375,14.5325307846069,873245597
iw,-62.9606018066406,-78.046272277832,-138.57916077825894,-18.488722050143803,873262264
iw,-61.4715270996093,-78.1965026855468,-117.11314778969763,-3.1467992575912676,873278931
iw,-60.3984680175781,-78.8980712890625,-96.83210665621066,10.65619880111375,873295598
iw,-58.9300956726074,-79.7633590698242,-78.66716169649216,21.679036447750274,873312265
iw,-57.5649719238281,-80.3416671752929,-62.97663711058156,29.284795100510852,873328932
iw,-56.8511657714843,-80.7978363037109,-49.45666333555772,33.53789125575633,873345599
iw,-56.614574432373,-81.3472366333007,-37.210783372614564,35.11625351260744,873362266
iw,-56.4036445617675,-81.9382781982421,-24.95041987924263,35.078382824344146,873378933
iw,-56.1133232116699,-82.4589385986328,-11.297139004038891,34.5632360676061,873395600
iw,-55.8665428161621,-82.9442367553711,4.859532027828404,34.50955299933618,873412267
iw,-55.7754783630371,-83.4943161010742,24.033003729849163,35.46545063796368,873428934
iw,-56.5947113037109,-84.0897445678711,45.94442864751287,37.52467013325188,873445601
iw,-58.0184898376464,-84.6912307739257,69.5347314206846,40.37980339025107,873462268
iw,-59.8465194702148,-85.2196807861328,93.17960252342024,43.441507704768405,873478935
iw,-61.91792678833,-85.64990234375,115.02699212808868,45.9569024261856,873495602
iw,-63.9993019104003,-86.0069351196289,133.34843000539288,47.07996863318611,873512269
iw,-66.3335647583007,-86.3278503417968,146.82217210457824,45.89179440243204,873528936
iw,-68.9773864746093,-86.5863723754882,154.7144688542477,41.413047592197586,873545603
iw,-71.738052368164,-86.7235641479492,156.95626262240287,32.66770159660071,873562270
iw,-74.6593399047851,-86.7408142089843,154.114700404356,18.833532641252827,873578937
iw,-77.2670211791992,-86.7160415649414,147.2515790351054,-0.5370274059563964,873595604
iw,-79.4550857543945,-86.6502838134765,137.67283912801648,-25.293059096634483,873612271
iw,-81.1720352172851,-86.5030212402343,126.6149108022942,-54.546269197651306,873628938
iw,-82.5666885375976,-85.8401412963867,114.96433373654875,-86.6821996618858,873645605
iw,-83.8854141235351,-84.3109436035156,103.12538620779345,-119.53107040596046,873662272
iw,-85.2789306640625,-82.1040496826171,91.10542658175993,-150.64894301015661,873678939
iw,-86.8448333740234,-79.4168090820312,78.78779382167875,-177.63042237614928,873695606
iw,-87.8969955444336,-76.4672164916992,66.2586126116033,-198.3875375533209,873712273
iw,-87.9233093261718,-73.2552642822265,54.01204866670348,-211.3692357671945,873728940
iw,-87.8036727905273,-69.3984985351562,42.9146288222011,-215.72723003368887,873745607
iw,-87.6842956542968,-65.0975112915039,33.939265898825056,-211.4310732006891,873762274
iw,-87.4368515014648,-62.222240447998,27.80690387823751,-199.3067322166833,873778941
iw,-87.0278396606445,-59.4944801330566,24.718829601217152,-180.9563983076415,873795608
iw,-86.5230636596679,-56.8475952148437,24.302220297269955,-158.5374467768374,873812275
iw,-85.9547500610351,-54.5879821777343,25.772916498737352,-134.41893785950094,873828942
iw,-85.3457107543945,-53.1814498901367,28.218911152899697,-110.7690237924938,873845609
iw,-84.7008438110351,-52.1424255371093,30.874081298577927,-89.15535679282686,873862276
iw,-84.038330078125,-51.1519432067871,33.28315746627618,-70.26323799945021,873878943
iw,-83.4260711669921,-50.2426300048828,35.322631179946725,-53.82746926206988,873895610
iw,-82.8729095458984,-49.4878501892089,37.10192114539741,-38.81486317562481,873912277
iw,-82.3185501098632,-48.9215240478515,38.80286810049074,-23.80949201973018,873928944
iw,-81.6812896728515,-48.7197570800781,40.51917834144086,-7.488890459975319,873945611
iw,-80.9665145874023,-48.5891075134277,42.13931129614389,10.938633099631335,873962278
iw,-80.2570877075195,-48.7761306762695,43.291272320977995,31.44551093183393,873978945
iw,-79.5864639282226,-49.6293640136718,43.34901063792224,53.114505436235326,873995612
iw,-78.9724731445312,-50.9771347045898,41.49214327747759,74.30247090532244,874012279
iw,-78.3783645629882,-52.5106964111328,36.80835979357367,92.99581928903658,874028946
iw,-77.845962524414,-54.1671333312988,28.423383567302643,107.2696947667686,874045613
iw,-77.4849472045898,-56.0685691833496,15.635511909019385,115.74871317181052,874062280
iw,-77.4469528198242,-58.18994140625,-1.9723030172826799,117.98021286490426,874078947
iw,-77.8689498901367,-60.2970886230468,-24.461700436131427,114.64853072354957,874095614
iw,-78.8419189453125,-62.439167022705,-51.50763991958184,107.56748761029725,874112281
iw,-80.340950012207,-64.5088195800781,-82.38241402039927,99.3999392840154,874128948
iw,-82.2937545776367,-65.8109664916992,-115.92318675547851,93.09407276989175,874145615
iw,-84.3116683959961,-66.7112426757812,-150.47015831128934,91.11196809541661,874162282
iw,-85.8040008544921,-67.3924942016601,-183.8056802787432,94.63864469511705,874178949
iw,-85.9028015136718,-68.2132263183593,-213.17351296689955,103.0419059048065,874195616
iw,-84.1394348144531,-69.6092147827148,-235.48092384051085,113.83802513410403,874212283
iw,-80.9943771362304,-71.6378860473632,-247.75338040021143,123.27861622947958,874228950
iw,-76.5355377197265,-74.3094406127929,-247.81016790914236,127.44883288068284,874245617
iw,-71.2081298828125,-77.3688049316406,-234.98669726930467,123.54522073359435,874262284
iw,-67.0760421752929,-80.5640182495117,-210.6183554028595,110.88013123189819,874278951
iw,-63.4976539611816,-82.7301864624023,-178.00896989853644,91.20595740702245,874295618
iw,-61.3195343017578,-83.2692108154296,-141.77046078448637,68.18129764611159,874312285
iw,-61.1265335083007,-82.4003295898437,-106.67944873918802,46.1511940527244,874328952
iw,-60.9665374755859,-81.4427795410156,-76.42491323874883,28.732500817334873,874345619
iw,-60.5250244140625,-81.4581756591796,-52.69771915449191,17.794813553211718,874362286
iw,-59.6336669921875,-82.0567626953125,-34.94776307187743,13.221357886273386,874378953
iw,-58.6943702697753,-82.8060073852539,-20.86445613255305,13.436805830405731,874395620
iw,-58.1507339477539,-83.5858001708984,-7.3610631369820645,16.340532519042913,874412287
iw,-57.9436149597168,-84.3801956176757,8.30728267481433,20.167833493333557,874428954
iw,-58.1948509216308,-85.0653381347656,27.650949061059258,23.934017869252205,874445621
iw,-58.5819931030273,-85.5552520751953,50.51537472982722,27.379589119411666,874462288
iw,-59.6373481750488,-85.8294143676757,75.18983821702531,30.577956994310565,874478955
iw,-62.0392913818359,-86.1302185058593,98.98007903739216,33.48400556517799,874495622
iw,-64.6206283569336,-86.6222381591796,119.04349850916604,35.66490408562037,874512289
iw,-67.4684219360351,-86.9648208618164,133.21229270143596,36.31173790244462,874528956
iw,-69.5242462158203,-86.8699417114257,140.546756510624,34.4715423896824,874545623
iw,-71.8210906982421,-86.5853424072265,141.47453840404074,29.34601111952379,874562290
iw,-74.1219100952148,-86.4649810791015,137.52724091807113,20.508258691149294,874578957
iw,-76.3108139038086,-86.5513381958007,130.8051263920587,7.966095151246378,874595624
iw,-78.2343597412109,-86.7303848266601,123.34683107574538,-7.909804192980925,874612291
iw,-79.9918594360351,-86.842788696289,116.57356994541921,-26.52107336689835,874628958
iw,-81.237922668457,-86.6509323120117,110.94946703454549,-47.165321906144065,874645625
iw,-82.5460205078125,-85.9571228027343,105.95772483032432,-69.10374390545694,874662292
iw,-84.1191711425781,-84.8861846923828,100.4197074342117,-91.5661382215561,874678959
iw,-86.0004119873046,-83.4176635742187,93.07349350095394,-113.71469394030001,874695626
iw,-87.7179260253906,-81.5183029174804,83.21004069340083,-134.5999459403648,874712293
iw,-87.7741088867187,-79.1718597412109,71.10363171622386,-153.1419032031662,874728960
iw,-87.3315658569336,-76.5788345336914,58.02921784332953,-168.16310573390157,874745627
iw,-87.7037353515625,-73.7005920410156,45.835704758893,-178.4913236256131,874762294
iw,-87.9385375976562,-70.4907531738281,36.2617341579948,-183.13350667197142,874778961
iw,-87.6731719970703,-66.8183975219726,30.312225974505388,-181.49352424877975,874795628
iw,-86.9255294799804,-63.894432067871,27.972470299248275,-173.57089667758464,874812295
iw,-86.0110092163086,-61.4069480895996,28.34758367854079,-160.06051400980076,874828962
iw,-85.1001586914062,-59.3187179565429,30.102461289327614,-142.2957796169948,874845629
iw,-84.4018936157226,-57.30366897583,31.96573571398182,-122.03159498280881,874862296
iw,-84.0158157348632,-55.7252120971679,33.09017420285853,-101.11742474976347,874878963
iw,-83.6985778808593,-54.6481094360351,33.18052828220454,-81.14157310897217,874895630
iw,-83.2521820068359,-53.7575302124023,32.42243219235691,-63.13458258678416,874912297
iw,-82.7021179199218,-52.9705429077148,31.309664870399686,-47.40666306094356,874928964
iw,-82.0944595336914,-52.4771919250488,30.459413545764505,-33.56220323518783,874945631
iw,-81.4777450561523,-52.1068992614746,30.457090482020142,-20.69020586342564,874962298
iw,-80.8624038696289,-51.7342453002929,31.72774188986863,-7.685929628280733,874978965
iw,-80.2937240600586,-51.5219078063964,34.4169113992665,6.375711167373314,874995632
iw,-79.7712249755859,-51.443504333496,38.27970388798407,21.917073025635997,875012299
iw,-79.2040405273437,-51.6180419921875,42.60435775009941,38.688137131906544,875028966
iw,-78.5344085693359,-52.530216217041,46.213495497188156,55.81811483866215,875045633
iw,-77.7227096557617,-53.985107421875,47.57755089714782,72.0820087245439,875062300
iw,-76.8106613159179,-55.5608863830566,45.04060614584105,86.28805869956653,875078967
iw,-75.9314575195312,-57.1574554443359,37.114306903720006,97.6376712138812,875095634
iw,-75.3223419189453,-58.9300460815429,22.764051463803522,105.92380597975553,875112301
iw,-75.2957000732421,-60.8697853088378,1.6126871478032556,111.50736114315525,875128968
iw,-75.9244384765625,-62.6106986999511,-25.976213347920005,115.09869719404637,875145635
iw,-77.0661163330078,-64.2170104980468,-58.919989113127116,117.43323912721047,875162302
iw,-78.528335571289,-66.1046524047851,-95.49218715242968,118.95360002301821,875178969
iw,-80.4275970458984,-67.7402725219726,-133.4080621449062,119.60105604018591,875195636
iw,-82.6982498168945,-69.2715301513671,-169.92238030026664,118.78730841248785,875212303
iw,-84.7968521118164,-70.7448425292968,-201.98984936687444,115.574209255283,875228970
iw,-85.7249298095703,-72.5464324951171,-226.5533520385848,109.03649207620674,875245637
iw,-84.5536727905273,-74.7446594238281,-240.9915879447649,98.71507051990423,875262304
iw,-80.9196166992187,-76.8405227661132,-243.67779423414345,84.99800512859821,875278971
iw,-74.7682266235351,-78.1119689941406,-234.49282492477224,69.2399543315088,875295638
iw,-71.3744277954101,-78.4624557495117,-215.05767164695942,53.503073933876266,875312305
iw,-69.4349899291992,-78.2496795654296,-188.496036019722,39.97189292339867,875328972
iw,-67.5112380981445,-78.1541748046875,-158.73621433434346,30.27455294504438,875345639
iw,-65.5433807373046,-78.6513061523437,-129.59186627579703,25.011035059999276,875362306
iw,-63.6691665649414,-79.6372299194336,-103.94670672784943,23.688564186387914,875378973
iw,-62.1408004760742,-80.6017532348632,-83.26694341618132,25.056352446977783,875395640
iw,-61.0413551330566,-81.2717056274414,-67.49498127887217,27.64829699878534,875412307
iw,-60.3528976440429,-81.8833999633789,-55.26459114948953,30.283822598966537,875428974
iw,-59.8263854980468,-82.4926147460937,-44.34769880226178,32.34881751394602,875445641
iw,-59.3339309692382,-83.036865234375,-32.24863101301272,33.81037858283354,875462308
iw,-58.8727874755859,-83.5919494628906,-16.854608515226378,35.03157352868582,875478975
iw,-58.4545822143554,-84.1962661743164,2.9780508624348965,36.50296962861004,875495642
iw,-58.3192558288574,-84.7387313842773,27.047592187705064,38.5952608077707,875512309
iw,-58.8344459533691,-85.154670715332,53.76863760760206,41.388702346772575,875528976
iw,-60.9733581542968,-85.4005355834961,80.5191204430031,44.58654589111866,875545643
iw,-63.1992073059082,-85.5807037353515,104.29146798947303,47.49681038193369,875562310
iw,-65.3010787963867,-85.7660369873046,122.4542004705647,49.07201448514649,875578977
iw,-67.3693542480468,-85.9848327636718,133.39924623673323,48.01365227993017,875595644
iw,-69.7039337158203,-86.1871032714843,136.91171647791492,42.95596690099471,875612311
iw,-72.5934753417968,-86.2950897216796,134.19463309346256,32.72820264872397,875628978
iw,-75.2390441894531,-86.2105941772461,127.55271423155574,16.657288448563733,875645645
iw,-76.8911590576171,-86.07763671875,119.78950641480255,-5.168667265266149,875662312
iw,-78.1411056518554,-86.0475540161132,113.43907548776637,-31.775232619102017,875678979
iw,-79.2152786254882,-86.2757949829101,110.03635955465592,-61.38986164135724,875695646
iw,-80.5654373168945,-86.1050949096679,109.66867542553517,-91.74780695947283,875712313
iw,-82.2775497436523,-84.8414764404296,110.98646719823778,-120.52854612252969,875728980
iw,-84.2634887695312,-82.8380966186523,111.69441965829904,-145.7720276531064,875745647
iw,-86.0977630615234,-80.4254684448242,109.36847833766258,-166.13168135739832,875762314
iw,-87.0072250366211,-77.7224578857421,102.32883018153407,-180.90099494754116,875778981
iw,-86.2721786499023,-74.8591918945312,90.27972746353072,-189.85694237278582,875795648
iw,-84.9343032836914,-71.7736663818359,74.49763488950285,-193.03912063733725,875812315
iw,-84.2887954711914,-68.8138732910156,57.48822122531889,-190.59555261566655,875828982
iw,-84.4178390502929,-65.7945251464843,42.21387738099017,-182.77640555044945,875845649
iw,-84.8962326049804,-62.6721038818359,31.163838922291582,-170.06983730134442,875862316
iw,-85.011474609375,-59.6545639038085,25.615600451252373,-153.38520931125285,875878983
iw,-84.4887924194336,-57.0744857788085,25.358992285218026,-134.13894350308348,875895650
iw,-83.4430618286132,-55.5893516540527,28.94879197176155,-114.12335777889405,875912317
iw,-82.3525085449218,-54.5792732238769,34.32658841722531,-95.14335121888821,875928984
iw,-81.4826736450195,-53.8564720153808,39.525726641369516,-78.54041087888483,875945651
iw,-80.8149185180664,-53.0606575012207,43.19444151697452,-64.80531152801792,875962318
iw,-80.068000793457,-52.0221633911132,44.80195583253657,-53.45453055412865,875978985
iw,-79.3334503173828,-50.8918647766113,44.54186085983369,-43.226552882963574,875995652
iw,-78.7194747924804,-50.1062660217285,43.043898452808605,-32.51578373883597,876012319
iw,-78.1892929077148,-49.7610893249511,41.02969027867707,-19.87947228883774,876028986
iw,-77.6268157958984,-49.4517860412597,39.021866064587826,-4.456388904592468,876045653
iw,-76.9943389892578,-49.5779800415039,37.169241412511774,13.801205391035289,876062320
iw,-76.3634719848632,-50.3695945739746,35.20308570215246,34.10593791594111,876078987
iw,-75.7865676879882,-51.5049858093261,32.503054084031135,54.99080483299718,876095654
iw,-75.3325729370117,-52.4994926452636,28.232911959955686,74.57991690805713,876112321
iw,-75.006118774414,-53.4876708984375,21.50511554797101,90.91725441609992,876128988
iw,-74.7993774414062,-54.9349632263183,11.541867746234146,102.32394233054671,876145655
iw,-74.8094100952148,-56.9826507568359,-2.190261393468168,107.76966630310466,876162322
iw,-75.0916595458984,-59.2919654846191,-19.8882383044371,107.21396945212791,876178989
iw,-75.7195892333984,-61.6752433776855,-41.37260828460767,101.81279002707957,876195656
iw,-76.8707504272461,-63.8048400878906,-66.09898922104222,93.85292141730487,876212323
iw,-78.6024322509765,-64.9717102050781,-93.20502849570492,86.32430801399114,876228990
iw,-80.6056442260742,-65.7426452636718,-121.56221674005035,82.16918021782728,876245657
iw,-82.7130966186523,-66.3549499511718,-149.80083815125604,83.40274130671762,876262324
iw,-84.8592071533203,-67.2840576171875,-176.29985156553053,90.39905175597485,876278991
iw,-86.5536041259765,-68.7162628173828,-199.17648010426902,101.6167575362445,876295658
iw,-86.0647811889648,-70.4036712646484,-216.34788999970488,113.90360860504981,876312325
iw,-83.3953857421875,-72.3937606811523,-225.74049779235114,123.32654917943442,876328992
iw,-80.2444381713867,-74.7557830810546,-225.6769503563162,126.30140163980481,876345659
iw,-75.880500793457,-77.595474243164,-215.3838715185584,120.69185346453051,876362326
iw,-71.707160949707,-80.5160598754882,-195.4631385877898,106.52922971860623,876378993
iw,-68.247085571289,-82.5493392944336,-168.106235926709,86.08415240899207,876395660
iw,-65.469970703125,-83.2891387939453,-136.86368170071577,63.211006145977436,876412327
iw,-64.5635375976562,-82.7363967895507,-105.93100214311453,42.15776374848241,876428994
iw,-64.513671875,-82.1449203491211,-79.1260083590479,26.276900646519533,876445661
iw,-64.2045135498046,-82.0965423583984,-58.899192132137635,17.137685091155767,876462328
iw,-63.5373382568359,-82.5757217407226,-45.738173950785104,14.358071521511462,876478995
iw,-62.5799560546875,-83.1985931396484,-38.17594769770298,16.138858703224816,876495662
iw,-61.6249809265136,-83.7985916137695,-33.37284043175211,20.185249918029687,876512329
iw,-60.7836418151855,-84.5264663696289,-28.04187303047042,24.588522013902338,876528996
iw,-60.2940635681152,-85.2762756347656,-19.408669140392494,28.332948846875944,876545663
iw,-60.000431060791,-85.829231262207,-5.938048128539898,31.308089819084618,876562330
iw,-59.8610000610351,-86.2406311035156,12.333113604371933,33.93040250937529,876578997
iw,-60.6203880310058,-86.6271057128906,33.89558461286486,36.61947346225872,876595664
iw,-62.0978050231933,-87.1306457519531,56.23043333935943,39.389802542444606,876612331
iw,-63.5854148864746,-87.7572021484375,76.48398077735199,41.72163871081815,876628998
iw,-64.8922882080078,-87.9517822265625,92.17111045558252,42.721946664888726,876645665
iw,-66.1500167846679,-87.5176162719726,101.75010253109589,41.45496638475011,876662332
iw,-68.4514389038086,-87.0540313720703,104.9733798181887,37.268908787920545,876678999
iw,-70.9602279663086,-86.7842941284179,102.96298799966594,29.98309654875605,876695666
iw,-73.2062835693359,-86.672866821289,97.97343510582209,19.89081480514866,876712333
iw,-74.5106811523437,-86.6513366699218,92.8348563854479,7.618493786452197,876729000
iw,-75.1786956787109,-86.6941757202148,90.16310711922227,-6.07785807904789,876745667
iw,-75.7758560180664,-86.7341537475586,91.55210221187373,-20.503867205323747,876762334
iw,-77.1123962402343,-86.7698974609375,97.03339563518051,-35.158578303544395,876779001
iw,-79.0198974609375,-86.8157424926757,105.02453676455923,-49.786593292284536,876795668
iw,-81.2535858154296,-86.7369155883789,112.80774130971253,-64.34789350620738,876812335
iw,-83.5233459472656,-86.3510055541992,117.37934856461432,-78.91640789153792,876829002
iw,-85.702896118164,-85.4842987060546,116.38683550383243,-93.53535480159132,876845669
iw,-87.7996673583984,-84.1360244750976,108.85998042206232,-108.07428400457316,876862336
iw,-88.4198379516601,-82.2849502563476,95.51980044880628,-122.13696581829359,876879003
iw,-87.4373092651367,-80.1062622070312,78.57251212687473,-135.0531903952967,876895670
iw,-87.1837387084961,-77.7001876831054,61.0451497718086,-145.95894125265878,876912337
iw,-87.5979232788086,-75.2612838745117,45.875399094079015,-153.94466362582253,876929004
iw,-87.7760467529296,-72.6816711425781,35.07607395770475,-158.23949054072907,876945671
iw,-87.2845916748046,-69.8863830566406,29.278971607256807,-158.39504654734156,876962338
iw,-86.1413650512695,-67.301513671875,27.80043570863243,-154.42573694878146,876979005
iw,-84.9334564208984,-64.5944671630859,29.139026032873414,-146.85404357991027,876995672
iw,-84.0612564086914,-62.1732673645019,31.64547696025062,-136.61503583042062,877012339
iw,-83.5549087524414,-60.6038513183593,34.08219779431471,-124.8117139969534,877029006
iw,-83.161376953125,-59.429874420166,35.89848231445412,-112.38061637551172,877045673
iw,-82.6914825439453,-57.9823150634765,37.20141926394899,-99.79095589450365,877062340
iw,-82.0077819824218,-56.2929382324218,38.514566314753104,-86.90819659707931,877079007
iw,-81.2179412841796,-54.7364997863769,40.45126722671776,-73.08419068160718,877095674
iw,-80.4647140502929,-53.7030334472656,43.405460286822574,-57.43459255794255,877112341
iw,-79.7313232421875,-53.0855178833007,47.32095276732635,-39.19976854504041,877129008
iw,-78.9725952148437,-52.6037979125976,51.56994525992216,-18.08399604834033,877145675
iw,-78.1833724975586,-52.2856063842773,54.95746804700497,5.501983798777375,877162342
iw,-77.3103561401367,-52.520881652832,55.858400108880915,30.346833826216585,877179009
iw,-76.3860168457031,-53.0545997619628,52.476000658736076,54.53135927244521,877195676
iw,-75.5078964233398,-54.3093223571777,43.18338400549947,75.72090660965748,877212343
iw,-74.8185195922851,-55.768756866455,26.880717331190436,91.62285659484319,877229010
iw,-74.6097259521484,-57.119873046875,3.2853259995282413,100.52282814621037,877245677
iw,-75.0255508422851,-58.7402000427246,-26.91914851319666,101.78088993626325,877262344
iw,-76.0286178588867,-60.7910423278808,-62.114256745190225,96.16190369020015,877279011
iw,-77.590591430664,-63.321060180664,-99.9514856591946,85.88232594368247,877295678
iw,-80.05029296875,-64.684585571289,-137.67941083882278,74.28524358330483,877312345
iw,-83.2089309692382,-64.9353866577148,-172.51344733499184,65.13683149484419,877329012
iw,-86.3477325439453,-65.2390670776367,-201.9593778193457,61.678279692951676,877345679
iw,-87.3686447143554,-65.7587127685546,-224.02173876902393,65.70473495924098,877362346
iw,-85.1815490722656,-66.8439102172851,-237.28209041357235,76.98129424164466,877379013
iw,-81.9615859985351,-68.4472427368164,-240.89919078578916,93.20738852949201,877395680
iw,-77.9013290405273,-70.3798141479492,-234.61658816524812,110.55717304398428,877412347
iw,-73.9175567626953,-72.3693084716796,-218.83251128952358,124.64591956849114,877429014
iw,-71.1714782714843,-74.4258117675781,-194.71559166616248,131.66448145768723,877445681
iw,-68.4693374633789,-77.001838684082,-164.29327892914625,129.39431013178572,877462348
iw,-65.3611831665039,-80.117317199707,-130.4227867934441,117.83728586027966,877479015
iw,-62.6583404541015,-82.7187576293945,-96.55959899437823,99.25386396990793,877495682
iw,-61.6799278259277,-83.8071975708007,-66.26589321516364,77.5274507303478,877512349
iw,-62.0408287048339,-83.2349700927734,-42.49016306898556,56.98982434007165,877529016
iw,-62.8375091552734,-81.9970779418945,-26.80139201653057,41.09461285933496,877545683
iw,-63.2200889587402,-81.568977355957,-18.880582495200223,31.457371942941613,877562350
iw,-62.6723480224609,-82.1297760009765,-16.53950125630802,27.654040702836717,877579017
iw,-61.6592254638671,-83.0886611938476,-16.333848728504982,27.812978842705476,877595684
iw,-60.7296180725097,-83.6633605957031,-14.578172757982509,29.655584700626076,877612351
iw,-60.0311279296875,-84.0366516113281,-8.403015004976023,31.466512411853994,877629018
iw,-59.9229316711425,-84.5389785766601,3.4995072319914353,32.58695417338225,877645685
iw,-60.6478385925293,-85.1485366821289,20.64388155318194,33.315886818216555,877662352
iw,-61.8611679077148,-85.9077758789062,41.03026998433684,34.387401261253686,877679019
iw,-63.0585250854492,-86.5486145019531,61.769915768626966,36.33601429245196,877695686
iw,-64.2864685058593,-86.9853286743164,79.83167871218619,39.0428687869234,877712353
iw,-65.7713851928711,-87.0099792480468,92.72169691823603,41.625164000931576,877729020
iw,-67.2599639892578,-86.4724731445312,98.98837966937519,42.66509600615218,877745687
iw,-69.2895278930664,-85.6024322509765,98.50598441350232,40.64340717746135,877762354
iw,-71.6668090820312,-84.8146514892578,92.5093559010649,34.38998863608376,877779021
iw,-72.9982376098632,-84.38232421875,83.35722462569424,23.3933734634346,877795688
iw,-73.7705078125,-84.3218383789062,74.03734789066286,7.891252196830312,877812355
iw,-74.3768768310546,-84.5288314819336,67.50599699117974,-11.248202239084511,877829022
iw,-75.3179550170898,-84.9334945678711,66.02967667836982,-32.78216184187668,877845689
iw,-76.6622543334961,-85.4837799072265,70.70319043447333,-55.388952837896646,877862356
iw,-78.3424758911132,-85.898452758789,81.24318078601523,-77.91427935260157,877879023
iw,-80.0390853881836,-85.8159561157226,96.05559339197822,-99.50872605665046,877895690
iw,-81.6585693359375,-84.950927734375,112.51612293211508,-119.63925236166563,877912357
iw,-83.269905090332,-83.260009765625,127.40479202728653,-137.99616597932666,877929024
iw,-85.0275268554687,-81.0305404663086,137.4641007112497,-154.3400010846769,877945691
iw,-86.8246688842773,-78.4176025390625,140.05000887665733,-168.33892030093804,877962358
iw,-87.3816223144531,-75.6201248168945,133.78917915484837,-179.44670377623135,877979025
iw,-85.0656051635742,-72.9837188720703,119.0697180218953,-186.87058327361893,877995692
iw,-82.6095733642578,-70.3066482543945,98.1450051769754,-189.67010655057592,878012359
iw,-81.7868499755859,-67.2619476318359,74.69511106867996,-186.9971716528865,878029026
iw,-82.2889175415039,-63.6828269958496,52.88816193764353,-178.42514064625723,878045693
iw,-83.2702865600586,-60.2605209350585,36.234266065089436,-164.24089425671698,878062360
iw,-83.3829269409179,-57.5407371520996,26.670145118370538,-145.53918833797198,878079027
iw,-82.2599868774414,-55.9705543518066,24.232132927912236,-124.01390067236943,878095694
iw,-80.6216201782226,-55.0352210998535,27.394601393851282,-101.48166824330005,878112361
iw,-79.2869644165039,-54.3262252807617,33.839415465206464,-79.32519551175142,878129028
iw,-78.4385986328125,-53.6525840759277,41.266625175391624,-58.108949240249274,878145695
iw,-77.9329528808593,-52.7074165344238,47.925311580969165,-37.55194802911858,878162362
iw,-77.4251022338867,-51.6785087585449,52.754047773878895,-16.875653530756143,878179029
iw,-76.7276153564453,-51.0274963378906,55.22482050651778,4.6311511516664,878195696
iw,-75.810302734375,-51.1177253723144,55.07881035051068,27.084505223121763,878212363
iw,-74.8707046508789,-51.6909065246582,52.11570405971262,49.74097677326452,878229030
iw,-73.9922409057617,-53.0131645202636,46.10617439401646,71.09613567907068,878245697
iw,-73.2473983764648,-54.9295578002929,36.80894007067245,89.289167637337,878262364
iw,-72.8010711669921,-56.6431274414062,24.031143072817933,102.64740946840409,878279031
iw,-72.7837142944336,-58.118366241455,7.678179648319194,110.18190754366495,878295698
iw,-73.1377563476562,-59.9160041809082,-12.224025051971406,111.89935197497991,878312365
iw,-73.8656921386718,-62.1183395385742,-35.51428422310421,108.87391550580823,878329032
iw,-74.845947265625,-64.0857849121093,-61.85576177435218,103.071763972852,878345699
iw,-76.2210617065429,-65.9235763549804,-90.6543736530591,96.93920922647122,878362366
iw,-78.1461105346679,-66.7557983398437,-120.95473651294289,92.7966756421857,878379033
iw,-80.5596237182617,-67.380615234375,-151.35886987142464,92.15509183249232,878395700
iw,-83.3074264526367,-67.9553146362304,-180.01657318600468,95.16159630879274,878412367
iw,-85.7901992797851,-68.9426193237304,-204.72311958850102,100.41688398119726,878429034
iw,-87.0851669311523,-70.6610946655273,-223.14475577834304,105.32543846609157,878445701
iw,-85.3801803588867,-73.0341720581054,-233.17724297495835,106.94178001369865,878462368
iw,-82.0755844116211,-75.7033996582031,-233.40882748144048,103.04035304600036,878479035
iw,-76.9711456298828,-77.9733963012695,-223.59117322688462,92.98899208863976,878495702
iw,-72.7650756835937,-79.4087905883789,-204.9437353538337,78.04391600097267,878512369
iw,-69.9215469360351,-79.791015625,-180.09865375593756,60.91567889673701,878529036
iw,-67.5600662231445,-79.4886169433593,-152.59469425184054,44.78339070556029,878545703
iw,-66.2090301513671,-79.3276062011718,-126.02253793089501,32.19468810140803,878562370
iw,-65.3192672729492,-79.9777221679687,-103.09672021004137,24.332176364202972,878579037
iw,-64.2918701171875,-80.9892349243164,-84.97870676232002,20.918955117328398,878595704
iw,-62.9487800598144,-81.7192153930664,-71.08202276105503,20.700712694674404,878612371
iw,-61.5974349975585,-82.1043472290039,-59.409423431892186,22.183694292119906,878629038
iw,-60.6247100830078,-82.6603775024414,-47.289754427152346,24.25820331882743,878645705
iw,-60.0522193908691,-83.2825088500976,-32.2724937796902,26.474107021807587,878662372
iw,-59.772045135498,-83.9007263183593,-12.925361484730644,28.938062926477876,878679039
iw,-59.3515319824218,-84.5038223266601,10.665822762302858,31.96145040607485,878695706
iw,-59.0553817749023,-85.0233078002929,36.81958932716713,35.65444434020917,878712373
iw,-60.4919929504394,-85.4447402954101,62.63990286641651,39.63834527930807,878729040
iw,-63.1273880004882,-85.6808090209961,84.77500513323736,42.9683270187144,878745707
iw,-65.1585235595703,-85.6817626953125,100.34130844818395,44.26778636464675,878762374
iw,-66.8805999755859,-85.5822601318359,107.72709711986494,42.0107280609688,878779041
iw,-68.3707580566406,-85.5317840576171,107.04157205944884,34.86353151609907,878795708
iw,-70.3420028686523,-85.6155471801757,100.11635427887842,22.003172845100842,878812375
iw,-72.1974945068359,-85.8293228149414,90.09865634511492,3.347740400249177,878829042
iw,-73.7501373291015,-86.1168746948242,80.74074885729081,-20.346351246195454,878845709
iw,-74.8861236572265,-86.4783554077148,75.5167564979885,-47.54915353324906,878862376
iw,-75.5311813354492,-86.6015472412109,76.73327821488625,-76.18869173999997,878879043
iw,-76.3065338134765,-85.7448120117187,84.84411069804308,-104.01443278032647,878895710
iw,-77.6312789916992,-83.7590103149414,98.18410413743115,-129.0086946625817,878912377
iw,-79.3583755493164,-81.2344055175781,113.26140342986362,-149.72664094841815,878929044
iw,-81.3875122070312,-78.435676574707,125.59823957933746,-165.45268067161024,878945711
iw,-83.7355575561523,-75.6167907714843,130.9398523345124,-176.12163307109557,878962378
iw,-86.3888168334961,-72.8928604125976,126.51590872932097,-182.0471395292993,878979045
iw,-87.6783065795898,-70.1847534179687,111.97476576261992,-183.58535938087687,878995712
iw,-85.8329849243164,-67.4732971191406,89.64639767957948,-180.89584113986848,879012379
iw,-85.4130706787109,-64.501220703125,63.958329087307085,-173.9204296361936,879029046
iw,-86.4404220581054,-61.5474433898925,40.12745436516992,-162.59613940904896,879045713
iw,-87.4688949584961,-58.816120147705,22.57368854534242,-147.19523611673546,879062380
iw,-87.5854110717773,-56.1740608215332,13.66107627731075,-128.60619169770217,879079047
iw,-87.132698059082,-54.059829711914,13.2386205080808,-108.3753978977719,879095714
iw,-86.0043334960937,-53.061180114746,19.08345746406187,-88.4260286475112,879112381
iw,-84.6229476928711,-52.7326316833496,27.95518453778625,-70.52351853348725,879129048
iw,-83.6193618774414,-52.5596237182617,36.76123225131287,-55.7002400432688,879145715
iw,-83.2042541503906,-52.0146865844726,43.38477492242086,-43.903916085008234,879162382
iw,-82.8342895507812,-51.0096855163574,46.96480816291071,-34.048183667843475,879179049
iw,-82.1278305053711,-49.9775810241699,47.68880663973606,-24.454719607329036,879195716
iw,-81.3156967163086,-49.1432800292968,46.32507779178388,-13.490253135704755,879212383
iw,-80.5882568359375,-48.6992874145507,43.738509999118236,-0.1240419542670693,879229050
iw,-80.0718154907226,-49.3415451049804,40.54883254324681,15.801591903422198,879245717
iw,-79.5775299072265,-50.6800804138183,36.985727140063716,33.631664277092675,879262384
iw,-78.9799880981445,-51.8696098327636,32.91892145598108,52.173646179903756,879279051
iw,-78.3824234008789,-52.5890312194824,27.99996538476156,70.00777175109197,879295718
iw,-77.9072952270507,-53.3695755004882,21.837427864355,85.71401662554965,879312385
iw,-77.559326171875,-54.6602363586425,14.134994802365458,98.01797664459292,879329052
iw,-77.3470001220703,-56.5219764709472,4.748718580024411,105.93274793311916,879345719
iw,-77.3523712158203,-58.6452293395996,-6.344735499871181,108.94920869125627,879362386
iw,-77.7280807495117,-60.7262153625488,-19.143571948626775,107.24041006323334,879379053
iw,-78.4844512939453,-62.5438995361328,-33.72891323015972,101.77705365437079,879395720
iw,-79.4145202636718,-64.433609008789,-50.32041039015947,94.25006929662639,879412387
iw,-80.4736633300781,-65.8368606567382,-69.22218469476371,86.75803404569656,879429054
iw,-81.6904754638671,-66.7060546875,-90.63853395896923,81.30724271361852,879445721
iw,-83.1077270507812,-67.3953628540039,-114.39607949702567,79.25615639482791,879462388
iw,-84.4554290771484,-68.3069381713867,-139.66339389935325,80.88317846457096,879479055
iw,-85.2327270507812,-69.4231338500976,-164.78753857145827,85.2405999208732,879495722
iw,-84.9263076782226,-70.7801284790039,-187.35729212522662,90.37369264099785,879512389
iw,-83.2480239868164,-72.4287033081054,-204.5509961153878,93.86329265125993,879529056
iw,-80.3570480346679,-74.2245025634765,-213.73483262964265,93.54030592225992,879545723
iw,-75.7488327026367,-76.0441589355468,-213.1645069340399,88.156442830623,879562390
iw,-72.1387634277343,-77.7350234985351,-202.55859691065254,77.79386602368628,879579057
iw,-69.5110855102539,-78.7934875488281,-183.318148097445,63.86484356700539,879595724
iw,-66.9631042480468,-79.203857421875,-158.28753883845258,48.68571576065169,879612391
iw,-64.7071838378906,-79.2675323486328,-131.12604348455167,34.771124121163346,879629058
iw,-63.4096336364746,-79.3502044677734,-105.48713444762085,24.11260682494864,879645725
iw,-62.4852905273437,-79.7336959838867,-84.23550339535153,17.709193100638693,879662392
iw,-61.6173095703125,-80.2593688964843,-68.89325590661225,15.494081464330907,879679059
iw,-60.3843154907226,-80.8657760620117,-59.42960131366669,16.61807138233923,879695726
iw,-59.214973449707,-81.5407943725586,-54.40873258980384,19.90867305426638,879712393
iw,-58.2597999572753,-82.1994094848632,-51.415803968469724,24.288869243686037,879729060
iw,-57.723030090332,-82.7790908813476,-47.63108252264282,29.00684073536153,879745727
iw,-57.3063888549804,-83.3013381958007,-40.43055990693667,33.64383620263333,879762394
iw,-56.5919113159179,-83.8217849731445,-27.925499080331885,37.9698074925273,879779061
iw,-55.9780693054199,-84.3853912353515,-9.37081831969008,41.764545118855644,879795728
iw,-55.827880859375,-84.9815597534179,14.632624375681656,44.70681652090296,879812395
iw,-56.8256950378418,-85.4952392578125,42.20733624347221,46.37523353595721,879829062
iw,-58.3924407958984,-85.8571624755859,70.55032605498945,46.33766008209041,879845729
iw,-59.9294471740722,-86.1396865844726,96.49384011102894,44.26400016643856,879862396
iw,-61.6577453613281,-86.4678115844726,117.14737224900358,39.99605355096945,879879063
iw,-63.7855339050293,-86.8700637817382,130.49069423836656,33.5410447086509,879895730
iw,-66.5153350830078,-87.2267456054687,135.8131848537472,24.999616743541807,879912397
iw,-69.3977813720703,-87.4862747192382,133.90884096195697,14.470533187938692,879929064
iw,-72.2051391601562,-87.7044143676757,126.94371060181413,1.9812775131303944,879945731
iw,-73.9306640625,-87.8940200805664,117.95744431040536,-12.52072206012196,879962398
iw,-75.0527725219726,-88.0323867797851,110.07025960328285,-29.107129819856514,879979065
iw,-75.9472045898437,-87.9389190673828,105.60484805826253,-47.75585378665198,879995732
iw,-77.315315246582,-87.2729415893554,105.41388175421314,-68.22402880977779,880012399
iw,-79.1509704589843,-86.1189956665039,108.65875076350132,-89.95009548207499,880029066
iw,-81.3548202514648,-84.5529174804687,113.12321761563214,-112.01811486098221,880045733
iw,-83.4721374511718,-82.6198806762695,115.95060823141321,-133.19901068871187,880062400
iw,-85.4313430786132,-80.1597671508789,114.55848078720847,-152.06606583404357,880079067
iw,-87.2879028320312,-77.2306671142578,107.45137593413543,-167.1684571366446,880095734
iw,-87.9735794067382,-73.9332733154296,94.70134580486082,-177.23467791086,880112401
iw,-86.9825439453125,-70.7328414916992,77.9603495036435,-181.36935280879874,880129068
iw,-86.4263153076171,-67.7446136474609,59.99149884324121,-179.20919881855656,880145735
iw,-86.6864242553711,-64.9724807739257,43.85235372677298,-171.01680211545377,880162402
iw,-87.1383056640625,-62.2325401306152,31.998810247400364,-157.70069026688185,880179069
iw,-87.0702972412109,-59.5103683471679,25.630078382227182,-140.74416959550703,880195736
iw,-86.364761352539,-57.3886985778808,24.506650943634455,-122.01451783247359,880212403
iw,-85.1174163818359,-55.9041481018066,27.268281362317776,-103.43977808642087,880229070
iw,-83.9626541137695,-54.9766502380371,32.064755515146494,-86.59895599653044,880245737
iw,-83.20263671875,-54.3014450073242,37.205519668097935,-72.34452708531708,880262404
iw,-82.6040573120117,-53.439655303955,41.58042761629827,-60.605950426675356,880279071
iw,-81.9387588500976,-52.3115577697753,44.75345896598961,-50.47156645193255,880295738
iw,-81.1996231079101,-51.1202774047851,46.78643388402042,-40.53247559408291,880312405
iw,-80.5117111206054,-50.4178237915039,47.93690962336029,-29.36150609618979,880329072
iw,-79.8898315429687,-50.2084007263183,48.38040295372691,-15.957913706074244,880345739
iw,-79.131103515625,-50.2163696289062,48.05939575505335,-0.028370064297360886,880362406
iw,-78.214614868164,-50.3325805664062,46.691735270610074,17.945396408411227,880379073
iw,-77.235855102539,-50.6144866943359,43.901637692985325,36.83678723324011,880395740
iw,-76.3377914428711,-51.5985221862793,39.38799373868596,55.153850064200434,880412407
iw,-75.6317520141601,-53.1123657226562,33.035066473223964,71.39936532463827,880429074
iw,-75.2020492553711,-54.4344024658203,24.90410715667623,84.42135929197764,880445741
iw,-75.0700225830078,-55.8483848571777,15.105340316224417,93.65831281196427,880462408
iw,-75.2233810424804,-57.5937461853027,3.6106850015191516,99.21459536736297,880479075
iw,-75.5656509399414,-59.4440383911132,-9.897384825575758,101.75897260630194,880495742
iw,-76.1351928710937,-60.9425201416015,-26.050151553666026,102.2904724441317,880512409
iw,-76.8557891845703,-62.4197807312011,-45.641751621671816,101.84398004133831,880529076
iw,-77.8473205566406,-64.2245101928711,-69.31871342611383,101.21375379931219,880545743
iw,-79.1840209960937,-65.8758544921875,-97.18859607016847,100.75876298239668,880562410
iw,-81.0155487060546,-67.2045516967773,-128.46673990976075,100.32528771853961,880579077
iw,-83.260009765625,-68.1277999877929,-161.28496080695678,99.29760832105038,880595744
iw,-85.4136657714843,-69.2997436523437,-192.75637761051223,96.77780229507823,880612411
iw,-86.5034103393554,-70.9325103759765,-219.33825004933328,91.88263024077833,880629078
iw,-84.9800720214843,-72.9638137817382,-237.46857536285833,84.10171160202907,880645745
iw,-81.0565719604492,-74.6880722045898,-244.36907694708628,73.5965423132835,880662412
iw,-74.9064636230468,-75.4921112060546,-238.80998519374492,61.29333139414813,880679079
iw,-71.0999526977539,-75.8338546752929,-221.56672782215682,48.688164156564255,880695746
iw,-68.7776184082031,-76.0114135742187,-195.3491541763759,37.421674625619595,880712413
iw,-66.5810089111328,-76.3125305175781,-164.18010055996177,28.80157827796269,880729080
iw,-64.5573806762695,-76.9532012939453,-132.4369005153182,23.47169213320019,880745747
iw,-62.9288749694824,-77.8218765258789,-103.88477077518264,21.33982379114933,880762414
iw,-61.7789916992187,-78.6208190917968,-80.97209764273498,21.748918002989555,880779081
iw,-60.5947151184082,-79.2595901489257,-64.51109540629818,23.78133376816159,880795748
iw,-59.617259979248,-79.7495346069336,-53.73750658921658,26.56224350321382,880812415
iw,-58.879638671875,-80.1999359130859,-46.66751422252357,29.46535635669259,880829082
iw,-58.1948051452636,-80.6502532958984,-40.64017228906829,32.18706883991844,880845749
iw,-57.7124404907226,-81.1626892089843,-32.93286248235943,34.709226701085704,880862416
iw,-57.3525047302246,-81.7508392333984,-21.34923733334497,37.197691627990594,880879083
iw,-57.0813446044921,-82.3172531127929,-4.690174588328577,39.88342871970578,880895750
iw,-56.9242134094238,-82.8317184448242,16.97415200506282,42.95595678509829,880912417
iw,-57.3679122924804,-83.3008117675781,42.29709322075906,46.47951521474292,880929084
iw,-58.9061279296875,-83.7280502319336,68.93689431530059,50.329683127875114,880945751
iw,-60.7793006896972,-84.1617889404296,94.07724956831598,54.14556124458626,880962418
iw,-62.7890014648437,-84.5964431762695,115.06149626963926,57.29862588002951,880979085
iw,-64.9073944091796,-85.0013122558593,129.97967954141808,58.890017276298785,880995752
iw,-67.2452316284179,-85.3259658813476,138.0705606132027,57.797145508431775,881012419
iw,-70.1021575927734,-85.5049438476562,139.85431143863323,52.79068903592959,881029086
iw,-73.1064147949218,-85.4974212646484,136.9611323933357,42.7289201704272,881045753
iw,-75.2644653320312,-85.3231201171875,131.66689991848378,26.80843245845709,881062420
iw,-76.8027572631836,-85.1656875610351,126.21723507101873,4.8176579528709675,881079087
iw,-77.8753356933593,-85.0958786010742,122.11874107901052,-22.682356150890065,881095754
iw,-79.261116027832,-85.2238998413086,119.64618231471682,-54.32065297770897,881112421
iw,-81.1439056396484,-85.3544692993164,117.78352417230198,-88.05511829478009,881129088
iw,-83.3732757568359,-84.8064956665039,114.66535979499363,-121.45909923250106,881145755
iw,-85.7071914672851,-83.0398178100586,108.37665499795706,-152.07272718580245,881162422
iw,-87.682014465332,-80.5790252685546,97.80712761370269,-177.71868286686532,881179089
iw,-88.0084533691406,-77.8912658691406,83.21996337408639,-196.71613847825583,881195756
iw,-87.3708801269531,-74.9935684204101,66.29945296621565,-207.99121734535845,881212423
iw,-87.2586898803711,-71.5929412841796,49.647985311053425,-211.13189745609498,881229090
iw,-87.4159393310546,-67.6697845458984,35.92920102990063,-206.4311278268036,881245757
iw,-87.6024932861328,-63.8573036193847,27.00247044854037,-194.9072420353327,881262424
iw,-87.4675064086914,-60.8882751464843,23.389552747524323,-178.23554942857905,881279091
iw,-86.6171340942382,-58.4557838439941,24.255313308733893,-158.52583633439582,881295758
iw,-85.4788818359375,-56.6835784912109,27.85229826332305,-137.9480461470795,881312425
iw,-84.5674362182617,-55.03023147583,32.19386605617724,-118.29684649399967,881329092
iw,-83.8852844238281,-53.4457244873046,35.66936637605999,-100.63442020915387,881345759
iw,-83.262336730957,-52.1450996398925,37.40088005911829,-85.13150855849709,881362426
iw,-82.7140121459961,-50.8686866760253,37.29139257902741,-71.1555563677715,881379093
iw,-82.2072448730468,-49.6550712585449,35.83922292896528,-57.57001624523458,881395760
iw,-81.6714096069336,-48.8158836364746,33.845136975717594,-43.14485216112552,881412427
iw,-81.1194458007812,-48.3578643798828,32.12347521349897,-26.954804196090524,881429094
iw,-80.5482406616211,-48.1925048828125,31.28227105531294,-8.661495156151656,881445761
iw,-80.011604309082,-48.1778717041015,31.593576540841106,11.378537218533118,881462428
iw,-79.4764556884765,-48.5486335754394,32.95011086939509,32.1896883062952,881479095
iw,-78.8709716796875,-49.5892143249511,34.89530400447745,52.40793185298117,881495762
iw,-78.1990051269531,-51.0250816345214,36.709476477144776,70.60379122117337,881512429
iw,-77.5039825439453,-52.3521423339843,37.528181579533666,85.6098627849649,881529096
iw,-76.8660583496093,-53.8061027526855,36.4628461008545,96.76468280816346,881545763
iw,-76.3252944946289,-55.7558937072753,32.69683109545968,104.01638948177057,881562430
iw,-75.9403839111328,-57.8275032043457,25.544696953267582,107.87418423494859,881579097
iw,-75.7794418334961,-59.53804397583,14.482621374727573,109.23028681107668,881595764
iw,-75.8711776733398,-61.0372200012207,-0.8267808263860413,109.09983995212184,881612431
iw,-76.278335571289,-62.4276580810546,-20.489567264986835,108.34853151417242,881629098
iw,-76.9622344970703,-64.263687133789,-44.30269730633547,107.48587477742232,881645765
iw,-78.0344085693359,-66.1828002929687,-71.65455462794417,106.57788759659775,881662432
iw,-79.5419921875,-67.761604309082,-101.43942348683925,105.28506068422601,881679099
iw,-81.6968383789062,-68.9667739868164,-132.03301280395166,102.99497766309995,881695766
iw,-84.4023132324218,-70.3280334472656,-161.3667329182057,99.01513975786365,881712433
iw,-87.1964874267578,-71.9629440307617,-187.1141249303536,92.80119687888593,881729100
iw,-88.5644149780273,-73.8585510253906,-206.97858473393768,84.18407256146045,881745767
iw,-85.6226119995117,-75.4221496582031,-219.05315598976406,73.52552479320836,881762434
iw,-81.3050308227539,-76.219497680664,-222.19804404483844,61.71863448631489,881779101
iw,-76.6492385864257,-76.6168823242187,-216.34141998370004,49.99741887087961,881795768
iw,-73.7067337036132,-76.9167861938476,-202.5835673064812,39.613105401502025,881812435
iw,-71.2943954467773,-77.3344268798828,-183.0244001348851,31.508400526818736,881829102
iw,-68.7079849243164,-78.0934982299804,-160.34192567373364,26.119498772750216,881845769
iw,-66.1149291992187,-78.9814910888671,-137.25022374046063,23.36225730075023,881862436
iw,-64.3434982299804,-79.7926559448242,-115.98756731043281,22.768470011870253,881879103
iw,-62.9276733398437,-80.4237594604492,-97.93968891137705,23.68608541522365,881895770
iw,-61.8103103637695,-80.9285354614257,-83.45201861151088,25.460955972971146,881912437
iw,-60.6313095092773,-81.3897705078125,-71.85456714777786,27.556247932239014,881929104
iw,-59.4934196472168,-81.8388671875,-61.69381332943909,29.606150403053245,881945771
iw,-58.5409049987793,-82.3321533203125,-51.123674552554924,31.4228392028416,881962438
iw,-57.8971099853515,-82.897232055664,-38.369043365625444,32.97779246468423,881979105
iw,-57.5187797546386,-83.486572265625,-22.16254115441968,34.36885136046192,881995772
iw,-57.3890876770019,-84.0719299316406,-2.069878846199705,35.77306242379042,882012439
iw,-57.6007499694824,-84.5990905761718,21.353159771329278,37.38012140177337,882029106
iw,-58.488182067871,-85.0205535888671,46.600128545546426,39.305587138977856,882045773
iw,-59.687889099121,-85.4346466064453,71.44793246483454,41.49497767541577,882062440
iw,-61.1443748474121,-85.8843460083007,93.35237127413721,43.64263245763933,882079107
iw,-62.8852195739746,-86.3934860229492,109.94483731208688,45.154540389028014,882095774
iw,-64.9892959594726,-86.8557739257812,119.54993376273134,45.17771929363623,882112441
iw,-67.08203125,-87.1469955444336,121.62667074670074,42.70292774277144,882129108
iw,-69.9311981201171,-87.3416290283203,117.01944308687156,36.72989827570952,882145775
iw,-72.6429672241211,-87.5033874511718,107.90411490869862,26.469947643290617,882162442
iw,-74.0017471313476,-87.5736007690429,97.36070101638238,11.548392287059999,882179109
iw,-74.5235214233398,-87.5972747802734,88.61980473179021,-7.843466483855863,882195776
iw,-75.0269393920898,-87.6839599609375,84.18408716436228,-30.90235873556324,882212443
iw,-76.218391418457,-87.7386016845703,85.12400309315998,-56.30997927591232,882229110
iw,-77.9575119018554,-87.0329132080078,90.80303029407989,-82.45983865348347,882245777
iw,-80.0272064208984,-85.4553756713867,99.11480059032124,-107.74034216505545,882262444
iw,-81.9660034179687,-83.4421081542968,107.12016868357142,-130.76963926548322,882279111
iw,-83.6960296630859,-81.1105117797851,111.86172146139255,-150.50396787930498,882295778
iw,-85.5546798706054,-78.4483413696289,111.1313509287831,-166.21035379314665,882312445
iw,-87.3698348999023,-75.5864181518554,104.02394868514573,-177.36227347144205,882329112
iw,-88.2281188964843,-72.6100082397461,91.16883557575107,-183.54610174854295,882345779
iw,-87.2645568847656,-69.6349334716796,74.57828491007014,-184.4496659034228,882362446
iw,-86.7218856811523,-66.3025283813476,57.12067971371809,-179.95596536076263,882379113
iw,-87.0924224853515,-62.9746665954589,41.736696715419775,-170.30427272059518,882395780
iw,-87.5263061523437,-60.3360595703125,30.636241453877034,-156.2309287509056,882412447
iw,-87.3091430664062,-58.1188659667968,24.759380310059644,-138.9911209716256,882429114
iw,-86.4025115966796,-56.1561698913574,23.694220961422978,-120.20448767549547,882445781
iw,-85.2929382324218,-54.751350402832,26.046835627652197,-101.54318612292269,882462448
iw,-84.4918899536132,-53.873233795166,30.065913233121922,-84.35376239174357,882479115
iw,-83.8618621826171,-53.1473579406738,34.248401382395144,-69.34331894409758,882495782
iw,-83.2069625854492,-52.2032737731933,37.71526418428056,-56.4487309286236,882512449
iw,-82.5470428466796,-51.0193405151367,40.282851775822515,-44.94107107536764,882529116
iw,-81.9188613891601,-50.0829429626464,42.27944032674256,-33.720302082721076,882545783
iw,-81.3483505249023,-49.7754478454589,44.22379323365305,-21.68184968197146,882562450
iw,-80.7306365966796,-49.8314208984375,46.49457756526465,-8.031955132042947,882579117
iw,-79.9471740722656,-49.9953575134277,49.09430069885354,7.5157189883220585,882595784
iw,-79.0290298461914,-50.2041778564453,51.565208994792506,24.66826734497675,882612451
iw,-78.0708923339843,-50.5046195983886,53.062109868942365,42.588967763787046,882629118
iw,-77.1617202758789,-51.4260520935058,52.54377401646644,60.02997340743729,882645785
iw,-76.2904434204101,-52.8739166259765,49.02031898684145,75.55327481807535,882662452
iw,-75.4253463745117,-54.2490043640136,41.787835132859456,87.80718107541706,882679119
iw,-74.6907882690429,-55.6262741088867,30.586993242922365,95.79911733974029,882695786
iw,-74.2587661743164,-57.0810585021972,15.637917937727886,99.10718067032144,882712453
iw,-74.3316650390625,-58.6854438781738,-2.4654016023129857,98.00074726767913,882729120
iw,-74.9784164428711,-60.2751960754394,-22.96985294247029,93.4633658325625,882745787
iw,-76.0151290893554,-61.7755699157714,-45.20450684950104,87.10895089641235,882762454
iw,-77.3884963989257,-63.5549240112304,-68.73864635837177,80.96738262436207,882779121
iw,-78.9581451416015,-64.9039154052734,-93.36690696034057,77.11799145860614,882795788
iw,-80.5748519897461,-65.9101257324218,-118.9005711120054,77.19112191510476,882812455
iw,-82.2437973022461,-66.3892593383789,-144.83527988218847,81.83631018252753,882829122
iw,-83.9775466918945,-67.0742568969726,-170.03924237872914,90.33538375400094,882845789
iw,-85.5047378540039,-68.2786712646484,-192.62747053341135,100.56219411035578,882862456
iw,-85.6930694580078,-70.106948852539,-210.14150079835628,109.41248255555318,882879123
iw,-83.5930557250976,-72.5215225219726,-220.0504856529061,113.6557810310165,882895790
iw,-80.0303268432617,-75.118911743164,-220.45911222380929,110.96645587980359,882912457
iw,-75.150390625,-77.4577255249023,-210.7941765722242,100.76807852734954,882929124
iw,-71.8026428222656,-79.3413925170898,-192.19664718153646,84.5428579175548,882945791
iw,-69.092414855957,-80.0862503051757,-167.4143400135189,65.42940836499723,882962458
iw,-66.8434371948242,-79.8159790039062,-140.1682850672378,47.21037537548322,882979125
iw,-65.6968994140625,-79.2769622802734,-114.17597552129803,33.068313176908276,882995792
iw,-65.0597076416015,-79.4798355102539,-92.15263807717112,24.617983479531173,883012459
iw,-64.2789077758789,-80.2669448852539,-75.12138313903166,21.605489402495405,883029126
iw,-63.0400848388671,-81.0525207519531,-62.25235124577507,22.344387809374695,883045793
iw,-61.7507629394531,-81.5969772338867,-51.26589706555865,24.621685698274856,883062460
iw,-60.898323059082,-82.1481781005859,-39.24754764222693,26.639046212296858,883079127
iw,-60.435863494873,-82.7038116455078,-23.60850265502249,27.610561398481767,883095794
iw,-60.2905845642089,-83.2690658569336,-2.9162626558306424,27.839675644907192,883112461
iw,-60.0860366821289,-83.8092880249023,22.61465784539893,28.32607206840826,883129128
iw,-60.0089988708496,-84.2564544677734,51.091314263808044,30.119840147820376,883145795
iw,-61.7414054870605,-84.6522827148437,79.3891827816396,33.6992990499919,883162462
iw,-64.8243179321289,-85.0610046386718,103.97171738942647,38.59599157414351,883179129
iw,-67.2057876586914,-85.2849502563476,121.84417523510012,43.36365821557191,883195796
iw,-69.4299011230468,-85.2207870483398,131.3373955501859,45.85402072723752,883212463
iw,-71.467788696289,-85.0349731445312,132.48337206336214,43.68051176791642,883229130
iw,-73.7809143066406,-84.9494552612304,126.90915463590666,34.74044535707705,883245797
iw,-75.7139587402343,-85.0143814086914,117.33397344682433,17.699541504869522,883262464
iw,-77.484504699707,-85.1667785644531,106.83802884793396,-7.624994039980074,883279131
iw,-79.0071640014648,-85.3894729614257,98.08974378435907,-40.041621651554635,883295798
iw,-80.0382614135742,-85.6458969116211,92.70852952744954,-76.99155461723923,883312465
iw,-81.061408996582,-85.4975891113281,90.91594056346096,-114.84573907434942,883329132
iw,-82.4369659423828,-83.9913635253906,91.57673509562292,-149.4921099604784,883345799
iw,-84.2046127319336,-81.2159347534179,92.63846933704116,-177.11184804235185,883362466
iw,-86.0891418457031,-77.765640258789,91.8553245370655,-194.9475372096761,883379133
iw,-87.9873428344726,-73.9998397827148,87.57382173958224,-201.83476991384921,883395800
iw,-88.7329864501953,-70.4981002807617,79.3178610264224,-198.33070038535053,883412467
iw,-87.7694549560546,-67.5081253051757,67.96508358540807,-186.40891666296505,883429134
iw,-87.3257064819336,-65.2317199707031,55.445748949438325,-168.8444641109726,883445801
iw,-87.3318557739257,-63.4075088500976,44.07524378719378,-148.51921826256546,883462468
iw,-87.3412628173828,-61.2591285705566,35.77917645699305,-127.88353407703647,883479135
iw,-87.0854339599609,-58.95357131958,31.510748814194624,-108.70570576747059,883495802
iw,-86.4431228637695,-56.8109550476074,31.067120313474838,-92.08038957474493,883512469
iw,-85.4570922851562,-55.5832366943359,33.33236675645911,-78.54906124210234,883529136
iw,-84.2892074584961,-54.882999420166,36.80028453211889,-68.18438558247378,883545803
iw,-83.2816619873046,-54.4072227478027,40.13866175574387,-60.592760771478424,883562470
iw,-82.504280090332,-53.5894737243652,42.57637776266425,-54.90288591797583,883579137
iw,-81.7925949096679,-52.5597763061523,44.00045341997966,-49.84301824495272,883595804
iw,-81.1012344360351,-51.6572341918945,44.78207986707259,-43.95265437258228,883612471
iw,-80.5238571166992,-51.0317573547363,45.44876700053957,-35.886827711375574,883629138
iw,-79.9731521606445,-50.6289749145507,46.354037619456705,-24.721260096077053,883645805
iw,-79.2520141601562,-50.3993530273437,47.47037392780785,-10.172649422277054,883662472
iw,-78.3052291870117,-50.3096771240234,48.3663893591341,7.316820401877967,883679139
iw,-77.2654800415039,-50.543041229248,48.35117743988921,26.647317408084803,883695806
iw,-76.3093872070312,-51.4277725219726,46.705953345829904,46.26828015178649,883712473
iw,-75.523696899414,-52.8454513549804,42.899977990495465,64.47742467208772,883729140
iw,-74.9483642578125,-54.0625267028808,36.710618051169014,79.73411034621235,883745807
iw,-74.5410614013671,-55.2362174987793,28.21883784703528,90.907012651808,883762474
iw,-74.2915573120117,-56.6383323669433,17.702693151349568,97.41477437273427,883779141
iw,-74.2119827270507,-58.3409576416015,5.481271575446705,99.27155557299082,883795808
iw,-74.3498916625976,-60.0324172973632,-8.234016715773139,97.07377482875086,883812475
iw,-74.8129272460937,-61.5170211791992,-23.435471117853226,91.94700118454557,883829142
iw,-75.5704727172851,-62.9798278808593,-40.33313192220411,85.44000014589398,883845809
iw,-76.5980758666992,-64.6058883666992,-59.2732539930125,79.3379339863555,883862476
iw,-77.9454193115234,-65.8567428588867,-80.56588208912943,75.37811902017563,883879143
iw,-79.5975265502929,-66.866096496582,-104.24943995080679,74.88498726620432,883895810
iw,-81.6526412963867,-67.6263427734375,-129.84478854756475,78.3900871172772,883912477
iw,-84.1037979125976,-68.4741592407226,-156.16898884572342,85.35331958841456,883929144
iw,-86.6848907470703,-69.7122497558593,-181.28392728470152,94.12113224469124,883945811
iw,-88.6610412597656,-71.3259506225586,-202.64417203326465,102.21374112917502,883962478
iw,-86.5003890991211,-73.2494354248046,-217.47701674013817,106.92555293747422,883979145
iw,-82.94287109375,-75.3423919677734,-223.36708802002696,106.09203673728437,883995812
iw,-78.5256881713867,-77.5239486694336,-218.9281436603123,98.78191100375517,884012479
iw,-73.6220397949218,-79.5783462524414,-204.3537524981445,85.66034568416401,884029146
iw,-70.5642318725586,-80.8505630493164,-181.60680529729308,68.8540141773921,884045813
iw,-68.4148406982421,-81.2278823852539,-154.09416718991133,51.3213307235734,884062480
iw,-66.9664840698242,-81.1555404663086,-125.87011230109542,35.939096675075575,884079147
iw,-66.0985336303711,-81.3424530029296,-100.62065753410585,24.659644485209157,884095814
iw,-65.2418670654296,-82.0204391479492,-80.77680593294734,18.07044079242983,884112481
iw,-64.0836105346679,-82.7832489013671,-67.03974134420393,15.49253261586632,884129148
iw,-62.543846130371,-83.2956008911132,-58.42449073041285,15.49965028890497,884145815
iw,-61.3741607666015,-83.7889022827148,-52.73669651447253,16.578121890638368,884162482
iw,-60.5876502990722,-84.3572921752929,-47.27679851785773,17.6494404767719,884179149
iw,-60.1073303222656,-84.9129638671875,-39.55399093222731,18.299693698399896,884195816
iw,-59.7947540283203,-85.4150848388671,-27.85852840491608,18.71091377218706,884212483
iw,-59.3105697631835,-85.799331665039,-11.617188718435667,19.397761593903535,884229150
iw,-58.8991813659668,-86.1405487060546,8.503426108212789,20.89111878757762,884245817
iw,-59.0404891967773,-86.5055999755859,30.767541704359246,23.484707879994986,884262484
iw,-60.4743728637695,-86.8388214111328,52.80364083258789,27.10038244476266,884279151
iw,-62.4710350036621,-87.1383743286132,72.21180674959678,31.268539141877703,884295818
iw,-64.3078155517578,-87.4435806274414,87.16962772894874,35.18845340278595,884312485
iw,-65.8373565673828,-87.7327270507812,96.84000146989501,37.83377158133097,884329152
iw,-67.1480712890625,-87.9869537353515,101.46471424450566,38.085965516114356,884345819
iw,-68.6244583129882,-88.1082458496093,102.16358355557034,34.89194840076196,884362486
iw,-70.2876434326171,-87.9491958618164,100.56072993040722,27.438187446226973,884379153
iw,-72.304458618164,-87.6950531005859,98.37450674440451,15.315768643920327,884395820
iw,-74.1958999633789,-87.6353683471679,97.05574089096211,-1.364493117233413,884412487
iw,-75.6999130249023,-87.7968215942382,97.5024208096961,-21.944586057305727,884429154
iw,-76.9908981323242,-87.954360961914,99.8649299759666,-45.293995277723624,884445821
iw,-78.3803939819336,-87.716812133789,103.47984872688255,-69.97138346181391,884462488
iw,-80.0855712890625,-86.7745666503906,106.98669946165693,-94.43607915908315,884479155
iw,-81.8849487304687,-85.1039123535156,108.65139321579856,-117.26186034112538,884495822
iw,-83.6561584472656,-82.7928771972656,106.84698188701927,-137.30385310781747,884512489
iw,-85.4797058105468,-80.0494995117187,100.56710609084543,-153.77624295032433,884529156
iw,-87.1148605346679,-77.1740493774414,89.81010922776689,-166.21966525214975,884545823
iw,-87.7745513916015,-74.2704544067382,75.68974731525653,-174.37634846161447,884562490
iw,-87.5213241577148,-71.3864593505859,60.202147662803256,-178.03867683941374,884579157
iw,-87.3789291381836,-68.6018905639648,45.69549502497521,-176.9668039253734,884595824
iw,-87.6554870605468,-65.2220230102539,34.21187087603961,-170.9532712400063,884612491
iw,-87.8144760131836,-62.1006469726562,26.93826756307386,-160.03763083237664,884629158
iw,-87.4077682495117,-59.4480972290039,23.965782391661868,-144.77359434162975,884645825
iw,-86.7068786621093,-57.2424201965332,24.4208372866314,-126.38914732386625,884662492
iw,-86.1132507324218,-55.5842132568359,26.874030859016013,-106.70531483353578,884679159
iw,-85.5479049682617,-54.6181259155273,29.838893536664433,-87.78462552906927,884695826
iw,-84.9628524780273,-54.2857017517089,32.18108482405116,-71.410866450593,884712493
iw,-84.3437957763671,-53.7003211975097,33.33708852517138,-58.59208738934962,884729160
iw,-83.7670288085937,-52.87446975708,33.330655182653985,-49.28213895670568,884745827
iw,-83.254653930664,-52.0120811462402,32.634856356573074,-42.426877543940584,884762494
iw,-82.8213272094726,-51.2543640136718,31.950629367812393,-36.307896606975554,884779161
iw,-82.3785171508789,-50.7486763000488,31.970380111537334,-29.05273220426235,884795828
iw,-81.8173904418945,-50.4224014282226,33.17961913369156,-19.14839018756291,884812495
iw,-81.1746826171875,-50.1844406127929,35.72788537819904,-5.823503906126796,884829162
iw,-80.4801025390625,-50.2631149291992,39.37797114688573,10.78153615214194,884845829
iw,-79.7334747314453,-51.0020675659179,43.52602760154348,29.679019482179637,884862496
iw,-78.9346771240234,-52.0292892456054,47.278023871267735,49.297482669967515,884879163
iw,-78.1012573242187,-53.1799201965332,49.567528365659385,67.85929352017912,884895830
iw,-77.2656021118164,-54.3670425415039,49.299871441643724,83.76584445304742,884912497
iw,-76.4820022583007,-55.855655670166,45.50508167560216,95.9018600923537,884929164
iw,-75.7912063598632,-57.788776397705,37.4779230484865,103.81010833872467,884945831
iw,-75.2993087768554,-59.8236656188964,24.881730943476395,107.72061328589567,884962498
iw,-75.1401214599609,-61.4891967773437,7.79705033667912,108.43648818838145,884979165
iw,-75.363784790039,-62.9714889526367,-13.292430560279069,107.0973758179864,884995832
iw,-76.0304870605468,-64.7232589721679,-37.56796377966748,104.86996906655466,885012499
iw,-77.1261672973632,-66.0822296142578,-63.97441284299264,102.63899552384426,885029166
iw,-78.5944900512695,-67.2292327880859,-91.31967075396501,100.77624671765683,885045833
iw,-80.4275741577148,-68.2339096069336,-118.35051841699716,99.05373073158069,885062500
iw,-82.5727081298828,-69.573974609375,-143.79668440103916,96.74586336579475,885079167
iw,-84.9509658813476,-71.4161224365234,-166.39582091098845,92.92229503827674,885095834
iw,-87.2373580932617,-73.5963363647461,-184.9294168284084,86.85671661223822,885112501
iw,-87.3501892089843,-75.410903930664,-198.30316462999204,78.39661762075681,885129168
iw,-84.4061279296875,-76.274787902832,-205.6866683887934,68.11958853735214,885145835
iw,-80.4964294433593,-76.57080078125,-206.68794886679143,57.18672419460038,885162502
iw,-76.8308868408203,-76.6933364868164,-201.49716514508066,46.95761588085414,885179169
iw,-74.0916213989257,-77.0647583007812,-190.92382837064739,38.55377778694494,885195836
iw,-71.3921127319336,-77.7611694335937,-176.29059289731615,32.56575084730626,885212503
iw,-68.4696426391601,-78.7071304321289,-159.20992308393875,28.999004298681324,885229170
iw,-65.9902648925781,-79.6903305053711,-141.30835954252416,27.424209268108402,885245837
iw,-64.1456298828125,-80.4654159545898,-123.95870224846576,27.21822069170558,885262504
iw,-62.5799903869628,-81.0448760986328,-108.06183810831982,27.779789558452393,885279171
iw,-61.0706672668457,-81.5361099243164,-93.91350814065997,28.654458832976196,885295838
iw,-59.6830749511718,-81.9615631103515,-81.18684273084789,29.564666746514366,885312505
iw,-58.4963035583496,-82.4059143066406,-69.04030034665539,30.382055285463036,885329172
iw,-57.5268058776855,-82.9479598999023,-56.32919472399161,31.086759388702678,885345839
iw,-56.9743309020996,-83.5051803588867,-41.878089032606894,31.73837515906454,885362506
iw,-56.6790161132812,-84.0257492065429,-24.768413195071027,32.453749205821225,885379173
iw,-56.5055389404296,-84.4427871704101,-4.599582226621376,33.369497948540335,885395840
iw,-56.61474609375,-84.7563400268554,18.32099338823296,34.57409393168161,885412507
iw,-56.9129600524902,-85.036750793457,42.912238144151594,36.019273160872864,885429174
iw,-58.0093917846679,-85.3283996582031,67.42718185065212,37.44426665465414,885445841
iw,-59.8559532165527,-85.6252059936523,89.74737532678975,38.35122797322953,885462508
iw,-61.8421325683593,-85.9453201293945,107.81409725712115,38.05217401353937,885479175
iw,-63.9594612121582,-86.2210464477539,120.0899587639401,35.77764320197039,885495842
iw,-65.8938827514648,-86.3813934326171,125.93029864083718,30.812266339223704,885512509
iw,-67.9590682983398,-86.3791198730468,125.7744437005012,22.61547991265731,885529176
iw,-70.6865921020507,-86.3927764892578,121.11089292295894,10.898958806305913,885545843
iw,-73.3314971923828,-86.4615020751953,114.20138148888175,-4.3432284780376555,885562510
iw,-74.6815567016601,-86.5967102050781,107.57997684293272,-22.835945884859115,885579177
iw,-75.5693130493164,-86.6771011352539,103.40857947825933,-44.03686688958275,885595844
iw,-76.7086486816406,-86.3789138793945,102.86112332944552,-67.15612749374046,885612511
iw,-78.4183654785156,-85.5343704223632,105.75426985255463,-91.18852582202764,885629178
iw,-80.4133529663086,-84.1448593139648,110.57922338719088,-114.96709444467955,885645845
iw,-82.4647750854492,-82.2400512695312,114.94037697097687,-137.237706558554,885662512
iw,-84.4845962524414,-79.8711547851562,116.261140523579,-156.74471481663767,885679179
iw,-86.2915496826171,-77.1436691284179,112.54498724653618,-172.31652022709804,885695846
iw,-87.717414855957,-73.9813842773437,102.98467501701455,-182.94715240793806,885712513
iw,-87.646987915039,-70.7054977416992,88.26043945682648,-187.87796989461867,885729180
iw,-86.376480102539,-67.6568603515625,70.43431143098248,-186.68587502233126,885745847
iw,-85.8985519409179,-64.7174377441406,52.437446380843184,-179.37943926591677,885762514
iw,-86.1351776123046,-61.9073448181152,37.26979355575172,-166.49104417679692,885779181
iw,-86.45751953125,-59.1311874389648,27.15646456074676,-149.12986987122045,885795848
iw,-86.5153045654296,-56.637336730957,22.957560134259108,-128.936494586899,885812515
iw,-85.9605636596679,-54.872013092041,24.047312284376606,-107.88139191594956,885829182
iw,-84.8234329223632,-53.8885154724121,28.68524745116484,-87.90035306102185,885845849
iw,-83.6149749755859,-53.2861061096191,34.696779976672794,-70.4486413048367,885862516
iw,-82.6649475097656,-52.7109107971191,40.172550312313376,-56.13020183941799,885879183
iw,-81.9822311401367,-51.9712028503418,43.93194802965797,-44.56064966044736,885895850
iw,-81.3507537841796,-51.0411567687988,45.6383186769023,-34.538301490712215,885912517
iw,-80.6406478881836,-50.2174034118652,45.611836450663766,-24.470054289719236,885929184
iw,-79.9677124023437,-49.8173217773437,44.483277290499096,-12.899233110992103,885945851
iw,-79.3617477416992,-49.7854423522949,42.845088845325364,1.0413013219681149,885962518
iw,-78.7433776855468,-49.8914527893066,41.011090776202686,17.37835849050942,885979185
iw,-78.1236190795898,-50.2295341491699,38.93164438050011,35.296322058468775,885995852
iw,-77.4718399047851,-51.2815971374511,36.253007538272094,53.35628323497364,886012519
iw,-76.8268356323242,-52.8137779235839,32.4689430822274,69.85612190128684,886029186
iw,-76.2815704345703,-54.1161231994628,27.093708125764714,83.22202622925153,886045853
iw,-75.8372802734375,-55.4748191833496,19.789245780494046,92.32754347837779,886062520
iw,-75.5973281860351,-56.9765090942382,10.40309745655385,96.68163629458269,886079187
iw,-75.6905212402343,-58.5692291259765,-1.0890355036693475,96.48678959127913,886095854
iw,-76.1407775878906,-60.1476898193359,-14.700821685403668,92.60189546410179,886112521
iw,-76.8895645141601,-61.6536521911621,-30.545871449955936,86.43719716190483,886129188
iw,-77.8426513671875,-63.3387908935546,-48.86695479035874,79.77909652696847,886145855
iw,-79.0208358764648,-64.8339462280273,-69.9353462018145,74.52250620938777,886162522
iw,-80.3881683349609,-65.8914031982421,-93.82482614147399,72.30168367347567,886179189
iw,-82.1477279663086,-66.5310440063476,-120.12389909984174,74.06387596587568,886195856
iw,-84.3231811523437,-67.1979293823242,-147.6895861868329,79.70273229155451,886212523
iw,-86.6907424926757,-68.2857131958007,-174.55179403880243,87.91164053951302,886229190
iw,-88.0152511596679,-69.894790649414,-198.04964913999208,96.38304819698114,886245857
iw,-85.9745483398437,-71.9166183471679,-215.2289850121429,102.36364109768313,886262524
iw,-82.4591827392578,-74.0051193237304,-223.458134171041,103.42804993761146,886279191
iw,-77.8477554321289,-76.0406341552734,-221.13082386070624,98.2283500798866,886295858
iw,-73.1840744018554,-78.1029281616211,-208.24322758063474,86.96024636095987,886312525
iw,-70.2338027954101,-79.7008514404296,-186.61120971275446,71.36451207222844,886329192
iw,-67.8667755126953,-80.205696105957,-159.58461756805423,54.23256155310433,886345859
iw,-65.9526596069336,-80.047607421875,-131.30087828308072,38.56973831027153,886362526
iw,-64.8084869384765,-80.0297393798828,-105.70299802828688,26.72052362728543,886379193
iw,-63.9628372192382,-80.5981979370117,-85.62914902002271,19.787513435371686,886395860
iw,-62.9970359802246,-81.3399810791015,-72.23799305452229,17.5403285359135,886412527
iw,-61.5398902893066,-82.0079956054687,-64.90420432157457,18.780421595843073,886429194
iw,-60.147289276123,-82.6537780761718,-61.55949845658281,21.939921255946818,886445861
iw,-59.0178565979003,-83.2496490478515,-59.32592929747268,25.642017977068004,886462528
iw,-58.1455497741699,-83.809097290039,-55.238378266805704,29.030802424178287,886479195
iw,-57.5899848937988,-84.3565979003906,-46.88646232295884,31.8170492137885,886495862
iw,-56.9729080200195,-84.916389465332,-32.877810146552086,34.10719338122977,886512529
iw,-56.407600402832,-85.4535217285156,-13.081157356190511,36.14199788830596,886529196
iw,-56.2914237976074,-85.9981231689453,11.368556063078403,38.06395701749531,886545863
iw,-57.1473007202148,-86.4908370971679,38.305397011524235,39.78239052802369,886562530
iw,-58.7145614624023,-86.8607635498046,64.97234483818602,40.94735104343934,886579197
iw,-60.2732238769531,-87.160415649414,88.5748509449279,41.0047387169925,886595864
iw,-61.8782691955566,-87.5145492553711,106.82421460707762,39.2942661248878,886612531
iw,-63.6061515808105,-87.9085617065429,118.36441321204403,35.161015168167275,886629198
iw,-65.9164352416992,-88.1625137329101,123.02229004605775,28.064392603051477,886645865
iw,-68.3634262084961,-88.1771545410156,121.85077371570705,17.67385828971717,886662532
iw,-71.1232986450195,-88.1158142089843,116.93567984665724,3.938716361483403,886679199
iw,-72.9772491455078,-88.0922775268554,110.94607122243318,-12.88261539896452,886695866
iw,-74.0136260986328,-88.0449600219726,106.47069861538648,-32.24351626124909,886712533
iw,-74.9266052246093,-87.6729965209961,105.2923975520112,-53.37824506015277,886729200
iw,-76.3880615234375,-86.6222915649414,107.83732737205658,-75.40264475727537,886745867
iw,-78.2635726928711,-85.1031112670898,113.01620089622604,-97.41657692682942,886762534
iw,-80.4445724487304,-83.2322769165039,118.5394646334036,-118.5723458142527,886779201
iw,-82.5560531616211,-81.058120727539,121.61228550857444,-138.0833986830724,886795868
iw,-84.5277557373046,-78.5785980224609,119.79089260498566,-155.17543185970848,886812535
iw,-86.4145050048828,-75.8556442260742,111.74830221716834,-169.01687859739351,886829202
iw,-87.4573211669921,-72.9332656860351,97.7341684755875,-178.68947615818612,886845869
iw,-86.7729339599609,-69.9382629394531,79.58846525824717,-183.2572072588442,886862536
iw,-86.2941436767578,-66.8655319213867,60.276912419542455,-181.95797608398914,886879203
iw,-86.5882110595703,-63.5388679504394,43.0624341321186,-174.48360725296743,886895870
iw,-87.0400466918945,-60.5922698974609,30.575867477183245,-161.25054300825806,886912537
iw,-87.0023880004882,-58.0371894836425,24.115783022157647,-143.52832626351508,886929204
iw,-86.3153915405273,-56.0395050048828,23.424597262637015,-123.3166613268637,886945871
iw,-85.265754699707,-54.8285980224609,26.982261247754764,-102.95056927023448,886962538
iw,-84.3025360107421,-54.0409126281738,32.643331786450055,-84.53377070998556,886979205
iw,-83.5978317260742,-53.4066123962402,38.33479137190484,-69.39315484207117,886995872
iw,-82.9061889648437,-52.6442985534668,42.56893612138815,-57.758591836637024,887012539
iw,-82.0683059692382,-51.6252632141113,44.65582212714844,-48.78873833540602,887029206
iw,-81.1937484741211,-50.5385437011718,44.63431488174509,-40.92343510240472,887045873
iw,-80.4788665771484,-49.6700439453125,43.02071700615271,-32.41753740444891,887062540
iw,-80.0292663574218,-49.3224449157714,40.49440245331435,-21.860457192550832,887079207
iw,-79.578628540039,-49.2002143859863,37.62427521115528,-8.524861931535074,887095874
iw,-78.9262542724609,-49.2604217529296,34.705297875388155,7.519869292886271,887112541
iw,-78.243537902832,-49.9096755981445,31.72672679063875,25.50432932477055,887129208
iw,-77.6946029663086,-50.843765258789,28.444294842508015,44.18835774698986,887145875
iw,-77.2847137451171,-51.6977844238281,24.497668577211634,62.13413857591904,887162542
iw,-76.947021484375,-52.6778945922851,19.514160285321587,77.95561868097467,887179209
iw,-76.6702270507812,-54.0747833251953,13.161948865935704,90.51565043915359,887195876
iw,-76.5313262939453,-55.9091072082519,5.143757400509225,99.07394415077918,887212543
iw,-76.6664047241211,-57.7566757202148,-4.854359677248353,103.39320925026469,887229210
iw,-77.1140670776367,-59.5397224426269,-17.22467150266214,103.79416070777916,887245877
iw,-77.9017257690429,-61.2342720031738,-32.46065434105519,101.13686136502774,887262544
iw,-78.9446411132812,-62.9660949707031,-51.09060753156318,96.7091925471282,887279211
iw,-80.2134246826171,-64.8478927612304,-73.49385703922421,92.01646451934154,887295878
iw,-81.7543334960937,-66.3882369995117,-99.61831798923834,88.48246319504274,887312545
iw,-83.5997238159179,-67.4368362426757,-128.67523254929557,87.09836249353269,887329212
iw,-85.8070297241211,-68.1389007568359,-158.92888839951559,88.09885228609856,887345879
iw,-87.8424224853515,-69.1311950683593,-187.70348513986454,90.78669631016209,887362546
iw,-87.0759124755859,-70.4794998168945,-211.68773628162594,93.62471124388577,887379213
iw,-83.9057159423828,-72.1750183105468,-227.53630710038212,94.63731022071703,887395880
iw,-79.4106140136718,-74.0722427368164,-232.65949780548908,92.03334120257426,887412547
iw,-73.9938812255859,-75.9782943725586,-225.98430690850412,84.84415742121018,887429214
iw,-70.4904251098632,-77.5750503540039,-208.41359403617923,73.33164782389967,887445881
iw,-67.7833709716796,-78.518684387207,-182.769178235109,58.9882726427924,887462548
iw,-65.5201339721679,-78.7121047973632,-153.18620257905593,44.105333426857,887479215
iw,-63.6412086486816,-78.6281967163086,-124.13832061493316,31.065345537734704,887495882
iw,-62.5698890686035,-78.8535385131836,-99.39634227130637,21.634575012797022,887512549
iw,-61.650333404541,-79.3248977661132,-81.21471275872909,16.52598519734651,887529216
iw,-60.5121040344238,-79.7943725585937,-69.94100382698534,15.37154239925138,887545883
iw,-59.0966148376464,-80.3634262084961,-64.1074815592363,17.060254311709503,887562550
iw,-57.8955039978027,-81.0616302490234,-60.93036446983388,20.259321205932878,887579217
iw,-56.955638885498,-81.7750244140625,-57.05036213208243,23.894218970523948,887595884
iw,-56.2062530517578,-82.3536605834961,-49.32439577738471,27.416518720327716,887612551
iw,-55.5180397033691,-82.7594680786132,-35.511544263967174,30.79797940038911,887629218
iw,-54.9997749328613,-83.0950546264648,-14.746359978181436,34.30561064203681,887645885
iw,-55.0286636352539,-83.4573822021484,12.267472885853074,38.18779545288481,887662552
iw,-55.7388877868652,-83.8814697265625,43.37515112086172,42.41018695118385,887679219
iw,-57.1398811340332,-84.3496551513671,75.38499153936692,46.529783928616325,887695886
iw,-58.8912315368652,-84.7902297973632,104.7041058195019,49.72140082491626,887712553
iw,-61.126838684082,-85.1919708251953,128.0699741758083,50.9128314757522,887729220
iw,-63.7755737304687,-85.5721206665039,143.2285606391393,48.9667286299137,887745887
iw,-66.5426254272461,-85.925422668457,149.41479013392478,42.86495305303052,887762554
iw,-69.2290954589843,-86.1529006958007,147.51987646231802,31.879884746686816,887779221
iw,-72.1806488037109,-86.2240600585937,139.8811015773748,15.729637315085556,887795888
iw,-74.4232025146484,-86.186538696289,129.7052512929003,-5.298905085865354,887812555
iw,-75.7579498291015,-86.1667175292968,120.23446376529165,-30.29882650308136,887829222
iw,-76.790771484375,-86.0755920410156,113.86472537402712,-57.81037491074278,887845889
iw,-78.1388931274414,-85.3564529418945,111.48753300230385,-86.02469260509301,887862556
iw,-79.8949279785156,-83.6859283447265,112.28902587839323,-113.0819628533763,887879223
iw,-81.9666213989257,-81.4867782592773,114.09546553136585,-137.36285470265415,887895890
iw,-84.1745986938476,-79.220100402832,114.15816458743245,-157.6610348142852,887912557
iw,-86.232666015625,-76.9046096801757,110.11599517402675,-173.18434425470082,887929224
iw,-87.8611907958984,-74.3069152832031,100.81912020634002,-183.43195884179784,887945891
iw,-87.7013549804687,-71.2547988891601,86.74834337259871,-188.06581454603887,887962558
iw,-86.6765747070312,-67.9276123046875,69.89278097886142,-186.88612324004762,887979225
iw,-86.5213775634765,-64.448974609375,53.121769950836224,-179.9405034653412,887995892
iw,-86.9115524291992,-61.2447776794433,39.26586822679399,-167.69941605644087,888012559
iw,-87.2910919189453,-58.7421073913574,30.243025646864698,-151.1770899033626,888029226
iw,-86.9137725830078,-56.7394561767578,26.557083878001066,-131.89469052825453,888045893
iw,-85.7924346923828,-55.2013092041015,27.335092289535872,-111.65630511777036,888062560
iw,-84.4964447021484,-53.8463668823242,30.82915274037575,-92.19501002544176,888079227
iw,-83.5580139160156,-52.7786483764648,35.11843358971124,-74.8021112977262,888095894
iw,-82.9405899047851,-51.970718383789,38.70712113192966,-60.05820624442961,888112561
iw,-82.3718795776367,-51.242576599121,40.82360837269546,-47.74834448995284,888129228
iw,-81.7546844482421,-50.561408996582,41.395919061093856,-36.98563488561864,888145895
iw,-81.205207824707,-49.9803962707519,40.8079069716624,-26.50684219541678,888162562
iw,-80.7089767456054,-49.5650787353515,39.58571160235829,-15.055953163097387,888179229
iw,-80.0863037109375,-49.4804153442382,38.13888249210072,-1.7510901493681692,888195896
iw,-79.3250274658203,-49.5108337402343,36.62106930526136,13.659094232275876,888212563
iw,-78.5458908081054,-49.8147850036621,34.911109939604515,30.709438014002735,888229230
iw,-77.8204345703125,-50.7394752502441,32.66899008178025,48.317658261458234,888245897
iw,-77.2369995117187,-51.9549407958984,29.407533649702945,65.03667871606775,888262564
iw,-76.9034652709961,-53.3020095825195,24.540571483769654,79.3873293359751,888279231
iw,-76.7756271362304,-54.8673706054687,17.405643285021373,90.18136018739034,888295898
iw,-76.7268829345703,-56.632583618164,7.2900776078583,96.75899149707591,888312565
iw,-76.7847366333007,-58.3883628845214,-6.504219404372872,99.10134337407376,888329232
iw,-77.0945968627929,-59.8727149963378,-24.54091538036867,97.81609007026165,888345899
iw,-77.8350982666015,-61.2275161743164,-47.086909970479596,94.02107611682402,888362566
iw,-79.058235168457,-62.7823219299316,-73.93966156836171,89.15948613453588,888379233
iw,-80.7516708374023,-64.5740890502929,-104.27969694943152,84.76993130625155,888395900
iw,-82.8421249389648,-65.7614517211914,-136.57957463679352,82.2173793754093,888412567
iw,-85.11376953125,-66.6308364868164,-168.60077529198028,82.3937637294754,888429234
iw,-86.9378433227539,-67.4548568725586,-197.51639624784895,85.43655458523081,888445901
iw,-86.369888305664,-68.6093139648437,-220.19882559898804,90.56480377921498,888462568
iw,-83.6921157836914,-70.0738143920898,-233.6905336141293,96.14364407648124,888479235
iw,-79.8617935180664,-71.7195434570312,-235.8195138888339,100.03049196742866,888495902
iw,-74.734260559082,-73.5458679199218,-225.8319773838168,100.14917954655014,888512569
iw,-70.5435943603515,-75.406135559082,-204.83054337357981,95.13266472582346,888529236
iw,-67.8644714355468,-77.2673187255859,-175.79648503740947,84.81879093213331,888545903
iw,-65.7785339355468,-78.81005859375,-143.08968321684546,70.40500344074049,888562570
iw,-64.104621887207,-79.7046356201171,-111.51977871239087,54.17142878982419,888579237
iw,-63.1710739135742,-79.9993057250976,-85.25222713884104,38.84050480912273,888595904
iw,-62.7804298400878,-79.95654296875,-66.86816996646762,26.79292445476654,888612571
iw,-62.1333770751953,-79.8965454101562,-56.83776895967062,19.42764100262643,888629238
iw,-60.9848823547363,-80.0893859863281,-53.53651085493914,16.89503608113118,888645905
iw,-59.751594543457,-80.5793228149414,-53.774501413118784,18.271551845330038,888662572
iw,-58.5748023986816,-81.3295745849609,-53.666205402938736,22.061087972722433,888679239
iw,-57.6407814025878,-82.2036666870117,-49.593405044916054,26.79056991695066,888695906
iw,-57.0452575683593,-83.0208511352539,-39.027782052560354,31.46123058765456,888712573
iw,-56.5383071899414,-83.6538391113281,-21.053020118476343,35.71088429136114,888729240
iw,-56.2825508117675,-84.1324234008789,3.4890123123257633,39.67968905794754,888745907
iw,-56.4397888183593,-84.5364990234375,32.2347529482943,43.68764244351881,888762574
iw,-57.7260360717773,-84.9308624267578,61.86459438194301,47.883383921148194,888779241
iw,-60.0187225341796,-85.2886505126953,88.8747816660933,52.00320673480918,888795908
iw,-62.316665649414,-85.5107955932617,110.36503730983924,55.31027831781762,888812575
iw,-64.4204864501953,-85.5809707641601,124.63194989975385,56.706257983637194,888829242
iw,-66.1990661621093,-85.5655364990234,131.42301643380202,54.95520530524574,888845909
iw,-68.198860168457,-85.5011138916015,131.82928764147024,48.94614476871968,888862576
iw,-70.7186431884765,-85.3948745727539,127.89960950807401,37.93495074874559,888879243
iw,-73.6181030273437,-85.243423461914,122.09293591891998,21.72594412803074,888895910
iw,-75.2361068725586,-85.1301574707031,116.66891643801704,0.7638310497323326,888912577
iw,-76.0275192260742,-85.2368774414062,113.1173483682835,-23.88990876749936,888929244
iw,-77.1866683959961,-85.7326278686523,111.76712835816663,-50.71002879209717,888945911
iw,-79.0731582641601,-86.3161315917968,111.73230037928444,-77.97057771639395,888962578
iw,-81.3302307128906,-86.1113357543945,111.26964703196353,-104.05063745730342,888979245
iw,-83.4889221191406,-84.7695846557617,108.45331297262162,-127.68123888444198,888995912
iw,-85.3360366821289,-82.7547836303711,101.92270283263089,-148.0441169608729,889012579
iw,-86.7942352294921,-80.5301437377929,91.42394347329923,-164.6972431570726,889029246
iw,-87.4557876586914,-77.9954452514648,77.9511179587116,-177.38643278496718,889045913
iw,-87.5504760742187,-75.2048263549804,63.44695655533237,-185.8578340182747,889062580
iw,-87.4667282104492,-72.0757217407226,50.181339622224534,-189.78060999178274,889079247
iw,-87.4823913574218,-68.7360687255859,40.03997602930932,-188.82594518733407,889095914
iw,-87.5335922241211,-65.0533294677734,33.98476643341807,-182.86129288802292,889112581
iw,-87.1626205444336,-62.021484375,31.87270355634372,-172.15285950478432,889129248
iw,-86.2606353759765,-59.7544517517089,32.66668765669849,-157.46106972110024,889145915
iw,-85.2843322753906,-57.860984802246,34.9094166726172,-139.96951542720316,889162582
iw,-84.5500030517578,-55.8732223510742,37.24106573038751,-121.07189021013461,889179249
iw,-83.9870910644531,-53.9939346313476,38.76289519691913,-102.09802853083205,889195916
iw,-83.4714736938476,-52.8060913085937,39.15496789837347,-84.06365665699198,889212583
iw,-82.9552764892578,-51.8423881530761,38.57598722128558,-67.50154260758556,889229250
iw,-82.398811340332,-50.9493789672851,37.44595790381478,-52.4066646758614,889245917
iw,-81.7777709960937,-50.2607192993164,36.22055890100977,-38.30823944290123,889262584
iw,-81.0935821533203,-49.7174758911132,35.22945360149786,-24.45492091364816,889279251
iw,-80.4138488769531,-49.4387626647949,34.60084475605576,-10.068828633080985,889295918
iw,-79.7255325317382,-49.4061431884765,34.25631138339796,5.395573950334484,889312585
iw,-79.0714035034179,-49.5036697387695,33.94426871279358,22.0522743779067,889329252
iw,-78.4949569702148,-50.1310310363769,33.284686849845336,39.49274637431058,889345919
iw,-78.0038070678711,-51.1044921875,31.811645540879763,56.82456497566064,889362586
iw,-77.5704345703125,-52.1729049682617,29.012875719788603,72.8290952569298,889379253
iw,-77.1342620849609,-53.5461349487304,24.369578827982284,86.20188387310927,889395920
iw,-76.7335662841796,-55.2831840515136,17.394885196484616,95.82753379773469,889412587
iw,-76.5158615112304,-57.0675582885742,7.662082975360426,101.040278767055,889429254
iw,-76.6495056152343,-58.7300910949707,-5.184966592647327,101.82435886848862,889445921
iw,-77.2306976318359,-60.6090774536132,-21.431241641462776,98.91125647064484,889462588
iw,-78.1378479003906,-62.5883293151855,-41.2699052411233,93.73395238942715,889479255
iw,-79.283203125,-64.3373947143554,-64.72314450166772,88.20592708224154,889495922
iw,-80.6863327026367,-65.4734191894531,-91.48696309321784,84.31979868412341,889512589
iw,-82.5170669555664,-66.3727340698242,-120.72849914707447,83.62155755380819,889529256
iw,-84.7776794433593,-67.131103515625,-150.9111658535796,86.6966406014846,889545923
iw,-87.1447372436523,-68.1760864257812,-179.74437076024836,92.85556461651014,889562590
iw,-87.9545516967773,-69.6485824584961,-204.3414077770959,100.1820854014868,889579257
iw,-85.497200012207,-71.4310302734375,-221.62544496154803,105.99761080040818,889595924
iw,-81.7317199707031,-73.5279006958007,-228.95220862001614,107.6413679172826,889612591
iw,-76.8923034667968,-75.9098434448242,-224.8221397917728,103.33007079567345,889629258
iw,-72.4174499511718,-78.2255706787109,-209.4619376328615,92.79906011423697,889645925
iw,-69.3539276123046,-79.990364074707,-185.02797707995765,77.47100802704546,889662592
iw,-66.8090209960937,-80.74658203125,-155.27703057986764,60.05211601106134,889679259
iw,-65.0521163940429,-80.5514068603515,-124.7435482141972,43.68030879950823,889695926
iw,-64.3396072387695,-80.3482437133789,-97.66038205013355,30.95083568594366,889712593
iw,-63.8423652648925,-80.6963195800781,-76.9627356195399,23.206277658558307,889729260
iw,-63.0334892272949,-81.3434524536132,-63.68471423367,20.348350467435893,889745927
iw,-61.5868415832519,-82.0671234130859,-56.91252616433461,21.178043192353407,889762594
iw,-60.1390228271484,-82.8146820068359,-54.256653355816276,24.045073768615975,889779261
iw,-59.0345954895019,-83.5245513916015,-52.63507101949277,27.499518321450033,889795928
iw,-58.2247352600097,-84.1760711669921,-49.09680696603256,30.700319684186297,889812595
iw,-57.656940460205,-84.7469635009765,-41.46891007321893,33.48334975074677,889829262
iw,-57.0537986755371,-85.2346954345703,-28.720075980681248,36.143890880330964,889845929
iw,-56.5997276306152,-85.7275848388671,-11.029748125048197,39.08444230460771,889862596
iw,-56.8429641723632,-86.34130859375,10.393639162986462,42.49426008704553,889879263
iw,-58.0165786743164,-86.9571456909179,33.66870495854124,46.173912064797506,889895930
iw,-59.3488388061523,-87.3689498901367,56.665529885126794,49.53434141249355,889912597
iw,-60.5914230346679,-87.5584030151367,77.38278101451817,51.7292297377451,889929264
iw,-61.6688652038574,-87.6488189697265,94.20118595857893,51.84832074980329,889945931
iw,-63.0394210815429,-87.5888900756836,106.01631163406633,49.10593528601838,889962598
iw,-65.0113906860351,-87.2524871826171,112.31564435312607,42.9827339737236,889979265
iw,-67.1064758300781,-86.95361328125,113.2573909978265,33.30183173532785,889995932
iw,-69.5036926269531,-86.8241806030273,109.7384566449871,20.23806174035956,890012599
iw,-71.8385772705078,-86.8193130493164,103.36783933313029,4.272809079646504,890029266
iw,-73.5010375976562,-86.8713150024414,96.25215814121044,-13.887088297188388,890045933
iw,-74.2467269897461,-87.096206665039,90.57205282694797,-33.41283790262199,890062600
iw,-75.2110900878906,-87.6549072265625,88.04471767339113,-53.47371511942434,890079267
iw,-76.6488037109375,-87.9699172973632,89.45263974501896,-73.36262577109116,890095934
iw,-78.3603515625,-87.2526245117187,94.40932798764419,-92.59663652617672,890112601
iw,-80.11865234375,-85.7386474609375,101.43713450626228,-110.94779556734862,890129268
iw,-81.7565765380859,-83.7305221557617,108.3209635701363,-128.37242943562586,890145935
iw,-83.384292602539,-81.3180923461914,112.63755410656914,-144.84591897387816,890162602
iw,-85.2386016845703,-78.6576919555664,112.34622855879797,-160.15323551300207,890179269
iw,-86.9673995971679,-75.7595062255859,106.32648480235481,-173.71277036960225,890195936
iw,-87.5693283081054,-72.7724685668945,94.73725017228178,-184.51469764501797,890212603
iw,-86.2390670776367,-69.6827011108398,79.07086449419194,-191.23433862028148,890229270
iw,-85.5220184326171,-66.3385238647461,61.825484807029795,-192.53304714363722,890245937
iw,-85.6981201171875,-62.6095314025878,45.843828375222756,-187.48462013322967,890262604
iw,-85.9180297851562,-59.3609085083007,33.52106073200345,-175.98464699176733,890279271
iw,-85.6624374389648,-56.4658164978027,26.172346830204205,-158.96024984826616,890295938
iw,-85.0553359985351,-54.4278488159179,23.794155247579692,-138.2440015053032,890312605
iw,-84.174560546875,-53.1606636047363,25.273946617831573,-116.10772996306092,890329272
iw,-83.3551559448242,-52.3987312316894,28.909597313856555,-94.60856585257659,890345939
iw,-82.6656265258789,-51.5581970214843,33.000548306652355,-74.99636544122234,890362606
iw,-82.0410537719726,-50.6350784301757,36.298345161150394,-57.41423406133918,890379273
iw,-81.3806228637695,-49.6861724853515,38.20861090671262,-41.00131426709931,890395940
iw,-80.699234008789,-48.884464263916,38.74733529424828,-24.344606209343663,890412607
iw,-80.0286331176757,-48.5694007873535,38.32437520932384,-6.102852615835199,890429274
iw,-79.5111618041992,-48.4957695007324,37.45036228223555,14.414937704553559,890445941
iw,-79.1786727905273,-48.8485794067382,36.458170726194126,36.895575307825574,890462608
iw,-78.8715362548828,-49.8132171630859,35.313004379773474,59.98788905815049,890479275
iw,-78.3785629272461,-51.3768882751464,33.55824693064864,81.58717963676101,890495942
iw,-77.706314086914,-53.2972335815429,30.403463617785057,99.34702977966813,890512609
iw,-77.0146179199218,-55.3199386596679,24.91202696391123,111.268142507988,890529276
iw,-76.5248031616211,-57.3134422302246,16.209872144532383,116.20379431182022,890545943
iw,-76.4364242553711,-59.3944396972656,3.637222474147164,114.16154811305034,890562610
iw,-76.8850173950195,-61.2870025634765,-13.193220858589838,106.34656988711052,890579277
iw,-77.7470092773437,-63.0877799987793,-34.40673941650493,94.95254785328979,890595944
iw,-78.8407211303711,-64.5323410034179,-59.87635559087795,82.74752665164462,890612611
iw,-80.2482070922851,-65.6374359130859,-89.1635662835399,72.5283603076345,890629278
iw,-82.040168762207,-66.4330596923828,-121.36952181666652,66.53845718215499,890645945
iw,-84.0447769165039,-67.0752334594726,-154.94446389411766,65.96164270625297,890662612
iw,-85.8465957641601,-67.8341598510742,-187.55811292442777,70.61283445999462,890679279
iw,-86.3838348388671,-68.9993286132812,-216.1525291609038,78.92868030601967,890695946
iw,-84.4789810180664,-70.5176620483398,-237.27205331355822,88.30381911684357,890712613
iw,-81.1377410888671,-72.338394165039,-247.68827604038466,95.72352450884257,890729280
iw,-76.3172988891601,-74.2318115234375,-245.21726856744468,98.54186490763468,890745947
iw,-70.8216552734375,-76.0354843139648,-229.49446734045839,95.19095085625547,890762614
iw,-67.3375549316406,-77.7474670410156,-202.40086929773483,85.61121264375477,890779281
iw,-64.7179107666015,-79.1334228515625,-167.89996424733735,71.26625274205306,890795948
iw,-62.9460334777832,-79.9152374267578,-131.25364167856168,54.72855255711049,890812615
iw,-61.8476791381835,-80.139533996582,-97.83337484408413,38.96006077784008,890829282
iw,-61.4708099365234,-80.103286743164,-71.89452493484752,26.517163694704735,890845949
iw,-60.9718894958496,-80.0887069702148,-55.6769135536965,18.93491390658647,890862616
iw,-59.9867057800293,-80.3943634033203,-49.06375943597557,16.47225112547155,890879283
iw,-58.8529052734375,-81.0259628295898,-49.83936068461525,18.258404543202047,890895950
iw,-57.6007194519043,-81.7965621948242,-54.40393918922542,22.734783638947388,890912617
iw,-56.2375183105468,-82.5513381958007,-58.69471187126953,28.199166265511675,890929284
iw,-55.2155799865722,-83.2362747192382,-59.05499872432066,33.26008811481337,890945951
iw,-54.429344177246,-83.8057479858398,-52.86920725086977,37.08413706106966,890962618
iw,-53.8755989074707,-84.3033981323242,-38.89200371463378,39.419926313451484,890979285
iw,-53.8478202819824,-84.7627716064453,-17.29608030625164,40.46005231558084,890995952
iw,-54.2237663269043,-85.1822052001953,10.484630973105304,40.630260521166875,891012619
iw,-54.7945518493652,-85.557502746582,42.03541707258378,40.378279971407885,891029286
iw,-55.6790046691894,-85.7908096313476,74.31419140017849,39.999477393119,891045953
iw,-57.2239799499511,-85.9402542114257,104.06471022736959,39.51123941241264,891062620
iw,-59.3423080444335,-86.0977096557617,128.28974437873157,38.58545520547344,891079287
iw,-61.9195861816406,-86.2660369873046,144.7554325554675,36.55835817836542,891095954
iw,-64.9229125976562,-86.4096984863281,152.4408655199473,32.537452861138085,891112621
iw,-68.0126953125,-86.5059280395507,151.80036151942218,25.6034321383852,891129288
iw,-71.063247680664,-86.5351943969726,144.70812314088838,15.067333129776198,891145955
iw,-73.2420425415039,-86.5268936157226,134.0248706638491,0.7090397470308016,891162622
iw,-74.4855651855468,-86.647834777832,122.8543169763819,-17.087351943323778,891179289
iw,-75.4677810668945,-86.9130172729492,113.69855940858073,-37.361297676022495,891195956
iw,-76.8227920532226,-86.9557342529296,107.80025219943208,-58.77077684624401,891212623
iw,-78.6453704833984,-86.4153213500976,104.91272378832812,-79.89276510239262,891229290
iw,-80.8208236694336,-85.3063125610351,103.57295268020106,-99.52370068315962,891245957
iw,-82.9892196655273,-83.7472763061523,101.75109228872394,-116.87642326433537,891262624
iw,-84.7742309570312,-81.7767486572265,97.61869647287654,-131.616501094937,891279291
iw,-86.2732238769531,-79.4493408203125,90.1684294710424,-143.74575260219706,891295958
iw,-87.4961013793945,-76.844367980957,79.50831382246517,-153.39294457622114,891312625
iw,-88.1311416625976,-74.129768371582,66.78050948791942,-160.59514074652228,891329292
iw,-88.082763671875,-71.4426803588867,53.76682423279876,-165.15041239984274,891345959
iw,-87.9939727783203,-68.831314086914,42.32317646235523,-166.6014399550741,891362626
iw,-88.1272735595703,-65.7784805297851,33.83034688675479,-164.37093726094946,891379293
iw,-88.0529861450195,-62.7651786804199,28.844449817340255,-158.01279562983532,891395960
iw,-87.4645690917968,-60.2311363220214,27.058976126584795,-147.48293247783693,891412627
iw,-86.5965957641601,-58.1358261108398,27.563144397647537,-133.3071820258139,891429294
iw,-85.9211044311523,-56.3147201538085,29.258172752700332,-116.55744467041674,891445961
iw,-85.4153366088867,-55.0226249694824,31.244456680510954,-98.62878690583678,891462628
iw,-84.9059906005859,-54.2259864807128,33.04034990024106,-80.8954818158832,891479295
iw,-84.3463973999023,-53.3745002746582,34.59375961607787,-64.37269744805643,891495962
iw,-83.7743682861328,-52.5604591369628,36.13593039644433,-49.503791167424964,891512629
iw,-83.2542495727539,-51.8427467346191,37.967386229825266,-36.13666008707294,891529296
iw,-82.730728149414,-51.3746528625488,40.26311522451154,-23.67702062398365,891545963
iw,-82.0489730834961,-51.1964073181152,42.956848610761504,-11.351392906647362,891562630
iw,-81.2167816162109,-51.1726493835449,45.727033262911235,1.5032935473534481,891579297
iw,-80.3120498657226,-51.34273147583,48.06940605746123,15.19481630449947,891595964
iw,-79.3776245117187,-51.5985527038574,49.413854119718096,29.529081948939364,891612631
iw,-78.4976654052734,-52.032127380371,49.23600385877511,43.799991349825966,891629298
iw,-77.7261199951171,-52.9229278564453,47.127011364833436,56.93270784526985,891645965
iw,-76.994888305664,-54.0527038574218,42.80824468629117,67.76045409480017,891662632
iw,-76.3051223754882,-55.3788299560546,36.09806678776549,75.36721600400229,891679299
iw,-75.7838592529296,-56.9777679443359,26.84907409899107,79.39187157180835,891695966
iw,-75.5820922851562,-58.6840019226074,14.878748366662178,80.18698289139313,891712633
iw,-75.6637344360351,-59.8891563415527,-0.07887277275387218,78.7669062938145,891729300
iw,-76.0675277709961,-60.6848983764648,-18.367874413229966,76.55444761596397,891745967
iw,-76.790054321289,-61.6663856506347,-40.32210508993684,75.01266451276653,891762634
iw,-77.8106155395507,-63.0823783874511,-66.08496919897865,75.28594270585761,891779301
iw,-79.1944427490234,-64.6017227172851,-95.36561210940187,77.94720274401575,891795968
iw,-81.0464782714843,-66.0300369262695,-127.19994506857769,82.88037897409014,891812635
iw,-83.4577331542968,-66.9055023193359,-159.8086223786666,89.27856223783104,891829302
iw,-86.0542449951171,-67.7835388183593,-190.63675873447409,95.74517117147471,891845969
iw,-87.4092025756836,-69.0871658325195,-216.62239662491757,100.52236419846658,891862636
iw,-85.3221130371093,-70.9563369750976,-234.68472514673175,101.87239398489271,891879303
iw,-81.6447372436523,-73.2843933105468,-242.35811066770432,98.56673587627802,891895970
iw,-76.1237335205078,-75.2394790649414,-238.42731582070647,90.33298630426555,891912637
iw,-71.8671493530273,-76.7329177856445,-223.36316922681792,78.05979377209664,891929304
iw,-69.2272872924804,-77.6770477294921,-199.3697698290601,63.6268199913843,891945971
iw,-66.762954711914,-77.9058609008789,-169.97371434613743,49.387005106845635,891962638
iw,-64.5163040161132,-77.9957580566406,-139.26459969321243,37.49147235715922,891979305
iw,-62.7577514648437,-78.563117980957,-111.01963991609139,29.319859005379683,891995972
iw,-61.6388702392578,-79.4749603271484,-87.95069720689789,25.22182934998415,892012639
iw,-60.7640342712402,-80.3036346435546,-71.23792920752481,24.624932780357177,892029306
iw,-59.717300415039,-80.9527816772461,-60.425080414186674,26.40740659602717,892045973
iw,-58.6445732116699,-81.5987472534179,-53.67000683509254,29.352066602064937,892062640
iw,-57.7806701660156,-82.2931213378906,-48.271221791624285,32.5102192692693,892079307
iw,-57.1633377075195,-82.9580612182617,-41.34100641547106,35.37783341038834,892095974
iw,-56.672004699707,-83.6144790649414,-30.482998201410428,37.871892105547765,892112641
iw,-56.1791954040527,-84.2394561767578,-14.34896120593441,40.16115217146394,892129308
iw,-55.9816589355468,-84.8061218261718,7.025997944962456,42.43844387391915,892145975
iw,-56.127758026123,-85.3055572509765,32.18390637072259,44.71939000843619,892162642
iw,-57.4254455566406,-85.7346496582031,58.52967131006489,46.724376177489845,892179309
iw,-59.0041694641113,-86.083137512207,82.89811709954229,47.86346681156816,892195976
iw,-60.8882484436035,-86.4082794189453,102.27533580648553,47.31334778579277,892212643
iw,-63.0792503356933,-86.7138366699218,114.49595966875162,44.15878120244831,892229310
iw,-65.1839294433593,-86.9354171752929,118.74419881658447,37.566392194068996,892245977
iw,-67.245864868164,-87.0292892456054,115.74153118514967,26.9587185895718,892262644
iw,-69.5531616210937,-87.0407104492187,107.58051132818844,12.15635669437932,892279311
iw,-71.0930252075195,-87.0973434448242,97.24221615520463,-6.543217703637353,892295978
iw,-71.8614349365234,-87.3361206054687,87.90814814975933,-28.374872266679233,892312645
iw,-72.6457138061523,-87.5656280517578,82.23765686197318,-52.21054516128664,892329312
iw,-74.1860580444336,-87.1301727294921,81.80043783591877,-76.73920030192149,892345979
iw,-76.0745315551757,-85.6960678100586,86.79952457619382,-100.6714921544219,892362646
iw,-77.9084396362304,-83.606689453125,96.10968440769267,-122.90160525044448,892379313
iw,-79.6185073852539,-81.3120574951171,107.55915512197194,-142.57099201243187,892395980
iw,-81.293701171875,-78.8449554443359,118.3571337843113,-159.0231464423838,892412647
iw,-82.9895553588867,-76.1502456665039,125.60367193851039,-171.69572790536358,892429314
iw,-84.8000183105468,-73.1273956298828,126.8514121686338,-180.03229251487767,892445981
iw,-86.9556045532226,-69.7997665405273,120.6715060822705,-183.48547974256462,892462648
iw,-88.4691619873046,-66.2954864501953,107.11076166964945,-181.63055835720303,892479315
iw,-86.6896209716796,-62.8127365112304,87.86427507486609,-174.3441227547764,892495982
iw,-85.7442169189453,-60.4860038757324,66.00224522267321,-161.96595336110082,892512649
iw,-86.0579223632812,-58.462963104248,45.228629119659026,-145.372482341328,892529316
iw,-86.9420700073242,-56.3247680664062,28.871044769558615,-125.93182221552055,892545983
iw,-87.3958663940429,-54.0617294311523,18.972165495399448,-105.34314175362542,892562650
iw,-86.952392578125,-52.6000633239746,15.841848537428774,-85.3694986259555,892579317
iw,-85.8256149291992,-51.9915924072265,18.223052320072405,-67.48309637072711,892595984
iw,-84.6585998535156,-51.7729225158691,23.945008351078414,-52.49006631667271,892612651
iw,-83.7964782714843,-51.5657691955566,30.74650736300926,-40.266272690110455,892629318
iw,-83.1647109985351,-51.0926284790039,36.93846309511646,-29.748343145497856,892645985
iw,-82.5473861694336,-50.4123992919921,41.70817932329939,-19.24522032418109,892662652
iw,-81.875129699707,-49.7803802490234,45.04650616442319,-6.998314665300279,892679319
iw,-81.1832504272461,-49.615737915039,47.412178896764395,8.198089743897444,892695986
iw,-80.5522766113281,-49.8235855102539,49.30140221349693,26.536020776320644,892712653
iw,-79.8695449829101,-50.4300003051757,50.87895181750079,47.04926495426095,892729320
iw,-79.0105667114257,-51.7323341369628,51.77659982567372,67.82383002072591,892745987
iw,-78.0382080078125,-53.3664321899414,51.09674213040759,86.48472232533037,892762654
iw,-77.1159362792968,-54.9698104858398,47.592180119220004,100.8048108778553,892779321
iw,-76.3460235595703,-56.5407485961914,39.94683235953207,109.26650645740894,892795988
iw,-75.8244323730468,-58.370491027832,27.06991782774759,111.44437805721184,892812655
iw,-75.6505279541015,-60.4141769409179,8.33510748377082,108.1349684213871,892829322
iw,-75.9693603515625,-62.0347824096679,-16.2694912902011,101.20916113651467,892845989
iw,-76.7735977172851,-63.3657417297363,-46.08212085284073,93.20190522009499,892862656
iw,-78.1133193969726,-64.7051696777343,-79.78081678288652,86.70235913536031,892879323
iw,-80.0166473388671,-65.5346984863281,-115.44808475257759,83.66802454312703,892895990
iw,-82.4164657592773,-66.1273040771484,-150.67576409206546,84.83823731813098,892912657
iw,-84.9300918579101,-66.744155883789,-182.71641827294573,89.43774937177328,892929324
iw,-86.9033279418945,-67.8665695190429,-208.70430618161595,95.31733084617231,892945991
iw,-86.5813827514648,-69.7361602783203,-225.97537185484978,99.5632842738418,892962658
iw,-83.9653778076171,-72.3265380859375,-232.49679501792585,99.43774884381304,892979325
iw,-79.8679885864257,-74.9590606689453,-227.35831874520522,93.346738820113,892995992
iw,-74.5901107788086,-76.8064880371093,-211.18890812523676,81.46215920743664,893012659
iw,-71.5611877441406,-77.7281417846679,-186.29802536224284,65.71715121264072,893029326
iw,-69.3602676391601,-77.6946868896484,-156.3801532572273,49.14355076670163,893045993
iw,-67.7749557495117,-77.2964172363281,-125.78660056409448,34.81860725769228,893062660
iw,-66.7174377441406,-77.4071884155273,-98.57045919134711,24.87304208435363,893079327
iw,-65.9061584472656,-78.2749938964843,-77.61593516793666,19.967327355883803,893095994
iw,-65.0069427490234,-79.2896499633789,-64.11714768175693,19.388750768060092,893112661
iw,-63.6086654663085,-79.8882141113281,-57.521445924500966,21.616492897768087,893129328
iw,-62.2175407409668,-80.3314132690429,-55.88340011012243,25.025474981086063,893145995
iw,-61.1406364440918,-80.8606872558593,-56.459390051214264,28.421604368685358,893162662
iw,-60.4727554321289,-81.4093856811523,-56.348161693131686,31.25581965810503,893179329
iw,-59.853660583496,-81.9835433959961,-53.03950519423123,33.53632739641839,893195996
iw,-59.001365661621,-82.5675659179687,-44.81442784404927,35.56808867956971,893212663
iw,-58.1842498779296,-83.1095275878906,-30.986780231266895,37.67329821209589,893229330
iw,-57.731834411621,-83.5937194824218,-11.977063633289998,40.00210342739449,893245997
iw,-58.0058059692382,-83.9151763916015,10.798059957751592,42.46601086786722,893262664
iw,-58.9611663818359,-84.0546340942382,35.21365320271818,44.76022414022418,893279331
iw,-60.1779479980468,-84.1432495117187,58.844791919692156,46.41556900733614,893295998
iw,-61.413516998291,-84.3233947753906,79.40140010453182,46.83926680744814,893312665
iw,-62.7213287353515,-84.6134414672851,95.10343847977948,45.344716030827904,893329332
iw,-64.3975143432617,-84.8796768188476,104.95118029541476,41.20103666342389,893345999
iw,-66.571792602539,-84.9599380493164,108.87818134878924,33.731160501536536,893362666
iw,-68.8436050415039,-84.9195098876953,107.77373029493322,22.455378142216016,893379333
iw,-70.658935546875,-84.9214401245117,103.34610085110984,7.239787306847836,893396000
iw,-72.048225402832,-85.0708923339843,97.80978033181414,-11.607421651400939,893412667
iw,-73.3193664550781,-85.4365768432617,93.43361769207756,-33.33429161490839,893429334
iw,-74.7973098754882,-85.8765029907226,92.04894955518365,-56.84408919607272,893446001
iw,-76.4551620483398,-85.9761047363281,94.6396985908473,-80.8621498827469,893462668
iw,-78.187873840332,-85.3266372680664,101.10727408130465,-104.11464492591915,893479335
iw,-79.9117813110351,-83.841682434082,110.25098550646449,-125.46524340816138,893496002
iw,-81.5651550292968,-81.8019256591796,119.96521301478899,-143.9798211103853,893512669
iw,-83.2297210693359,-79.5178451538086,127.63569442702475,-158.92411754595997,893529336
iw,-84.9385223388671,-76.9517517089843,130.69850559482455,-169.72932873486437,893546003
iw,-86.5087966918945,-73.9302978515625,127.28300877534497,-175.97107677332926,893562670
iw,-86.5766906738281,-70.6837463378906,116.79435124035513,-177.39035105225344,893579337
iw,-84.7461853027343,-67.612808227539,100.2376270778114,-173.95100194472732,893596004
iw,-83.5003128051757,-65.1255645751953,80.10348569742078,-165.90270556700614,893612671
iw,-83.3985366821289,-62.8722953796386,59.764713776638764,-153.81813181079823,893629338
iw,-83.8945617675781,-60.5264244079589,42.544358652277815,-138.58706558718757,893646005
iw,-84.1029586791992,-58.0742492675781,30.794013458162883,-121.35362724696378,893662672
iw,-83.4175415039062,-56.202091217041,25.33984927956672,-103.37396505757941,893679339
iw,-82.3826446533203,-55.1369934082031,25.48318915499642,-85.78164344569576,893696006
iw,-81.3462829589843,-54.5648193359375,29.482675152318436,-69.3004312023432,893712673
iw,-80.4326095581054,-54.1792678833007,35.25180987989015,-54.01461469499513,893729340
iw,-79.6450653076171,-53.7209243774414,40.97246270818595,-39.333934962746696,893746007
iw,-78.916389465332,-53.0370750427246,45.43255393846755,-24.232328981640286,893762674
iw,-78.237678527832,-52.2371978759765,48.05489884044872,-7.714982909641505,893779341
iw,-77.6745300292968,-51.7543640136718,48.709185249166765,10.656485684306922,893796008
iw,-77.0973281860351,-52.0160789489746,47.45102651027224,30.403050907763074,893812675
iw,-76.3825073242187,-52.7181739807128,44.313960845405326,50.09894298192032,893829342
iw,-75.6070022583007,-54.1673469543457,39.217963153124145,67.70482551707391,893846009
iw,-74.9420623779296,-56.1115036010742,31.986089077341976,81.14546521057976,893862676
iw,-74.4529876708984,-57.7044792175293,22.41239377536051,88.9238171489034,893879343
iw,-74.2131118774414,-58.8921813964843,10.317819811208581,90.56911896326766,893896010
iw,-74.4115447998046,-60.1769523620605,-4.438346134313157,86.80383789885187,893912677
iw,-75.0088958740234,-61.7158088684082,-21.97823822088522,79.42376014843164,893929344
iw,-75.8265075683593,-63.1146697998046,-42.409827456358805,70.95347183449195,893946011
iw,-76.877197265625,-64.420166015625,-65.76741365744368,64.15069337053104,893962678
iw,-78.27783203125,-65.268569946289,-91.87090430350479,61.425077539086914,893979345
iw,-80.1205673217773,-65.9748916625976,-120.1331242296171,64.25152609223551,893996012
iw,-82.430191040039,-66.475227355957,-149.38011463463755,72.6983380730123,894012679
iw,-84.9557342529296,-67.1998596191406,-177.7601869529989,85.22414668974722,894029346
iw,-87.107551574707,-68.464973449707,-202.80818274192524,98.88128086906372,894046013
iw,-86.9708251953125,-70.3957138061523,-221.71122121891992,109.9693264804296,894062680
iw,-84.1417465209961,-72.8303833007812,-231.7868824968106,115.02392896491173,894079347
iw,-80.3550872802734,-75.4362640380859,-231.11892988021754,111.86321583222615,894096014
iw,-74.9633865356445,-77.7118301391601,-219.19920343958606,100.33100605168582,894112681
iw,-71.0232238769531,-79.3417282104492,-197.3395785114353,82.43222820327694,894129348
iw,-68.301887512207,-80.0503921508789,-168.62252331147775,61.75530776157136,894146015
iw,-66.4428482055664,-79.76611328125,-137.30226501143386,42.35618608611478,894162682
iw,-65.5487060546875,-79.3323287963867,-107.80014833445642,27.51930085310991,894179349
iw,-65.0087432861328,-79.5836868286132,-83.62451312864383,18.878100228889902,894196016
iw,-64.1327667236328,-80.3096542358398,-66.57902286060983,16.210226407893966,894212683
iw,-62.8104209899902,-80.918228149414,-56.49547862095849,17.902878574900434,894229350
iw,-61.4726867675781,-81.3099365234375,-51.5153771139773,21.79741937915052,894246017
iw,-60.4356575012207,-81.7796554565429,-48.757137346671996,26.018157524104755,894262684
iw,-59.7739639282226,-82.3108367919921,-45.12333603945447,29.48233274126474,894279351
iw,-59.3134307861328,-82.8449249267578,-38.03316409263924,31.98331858106793,894296018
iw,-58.8858489990234,-83.3853302001953,-25.951912182651746,33.92731440697146,894312685
iw,-58.3293304443359,-83.8777542114257,-8.662463257899715,35.915082752365514,894329352
iw,-58.1255302429199,-84.3396759033203,12.742310367528813,38.370800005687116,894346019
iw,-58.7994041442871,-84.7303237915039,36.14642712044837,41.34615208842737,894362686
iw,-60.3543243408203,-84.8642425537109,58.93021778481084,44.51685107817505,894379353
iw,-62.1966857910156,-84.7279357910156,78.60158352284114,47.29879929128799,894396020
iw,-63.7827606201171,-84.5524520874023,93.3655886450306,48.98277102218886,894412687
iw,-65.2549438476562,-84.5640106201171,102.4781979411565,48.82263289629226,894429354
iw,-66.9170150756836,-84.7407760620117,106.3173571521037,46.078213533946645,894446021
iw,-68.8722305297851,-84.8787994384765,106.20026309830041,40.061014579649104,894462688
iw,-71.0189971923828,-84.7964401245117,104.02365373657327,30.228425372356067,894479355
iw,-72.8266220092773,-84.5250778198242,101.8037589849297,16.326582513901144,894496022
iw,-74.1425094604492,-84.3905944824218,101.18684374682122,-1.4708398803070264,894512689
iw,-75.4118270874023,-84.5914077758789,103.01973043644531,-22.50233104357594,894529356
iw,-77.0101928710937,-85.1393356323242,107.0937164900704,-45.684806570726835,894546023
iw,-78.8347549438476,-85.71728515625,112.16065774077056,-69.69427422796599,894562690
iw,-80.9037017822265,-85.7986755371093,116.2488747637619,-93.19157128765383,894579357
iw,-83.0063095092773,-85.1846847534179,117.2086661895902,-115.00628506689826,894596024
iw,-84.9899978637695,-83.786750793457,113.3408114216473,-134.22387003523204,894612691
iw,-86.7490615844726,-81.675064086914,103.93446167705152,-150.17694736740708,894629358
iw,-87.8143005371093,-79.0338592529296,89.56191553089634,-162.38292150564465,894646025
iw,-87.6352920532226,-76.1023941040039,72.03386872278527,-170.47759801001894,894662692
iw,-87.0562973022461,-73.1697235107421,54.00152128427947,-174.1802459351252,894679359
iw,-86.8228149414062,-70.518814086914,38.294185720734966,-173.31039876059197,894696026
iw,-86.7801055908203,-67.5971145629882,27.17918569993804,-167.8644702588713,894712693
iw,-86.7561111450195,-64.4628372192382,21.780671648989312,-158.13694723883503,894729360
iw,-86.5248641967773,-61.7949638366699,21.85541862584691,-144.83150549017537,894746027
iw,-85.8788223266601,-59.7098884582519,25.99619553834953,-129.0783894132624,894762694
iw,-84.8805999755859,-58.0567092895507,32.16804341945287,-112.29450045455515,894779361
iw,-83.9392547607421,-56.86962890625,38.358215989232676,-95.89656756689858,894796028
iw,-83.2702560424804,-56.0087623596191,43.09816917483014,-80.96258586350606,894812695
iw,-82.701171875,-55.0641860961914,45.70280488993255,-67.9773037527427,894829362
iw,-82.035285949707,-53.9526557922363,46.2134859641879,-56.76723490791192,894846029
iw,-81.3125762939453,-52.8802604675293,45.146543731986675,-46.64544218938161,894862696
iw,-80.6185607910156,-52.0734405517578,43.187474102907004,-36.695025193896704,894879363
iw,-79.9928817749023,-51.6584014892578,40.939314021550345,-26.074531019303905,894896030
iw,-79.3874816894531,-51.4822921752929,38.77384660229123,-14.246211933450384,894912697
iw,-78.8194732666015,-51.3591995239257,36.78430198601422,-1.0828760677384386,894929364
iw,-78.2666931152343,-51.4658164978027,34.812660868600894,13.140251575760184,894946031
iw,-77.7009353637695,-52.104206085205,32.51962561617332,27.835302176890725,894962698
iw,-77.1810684204101,-52.9688758850097,29.470592169953914,42.229990466054915,894979365
iw,-76.7652053833007,-53.7185478210449,25.21819592470647,55.49105316493272,894996032
iw,-76.4256515502929,-54.6506805419921,19.367592426204833,66.81496265667953,895012699
iw,-76.1600952148437,-55.928783416748,11.614581623206146,75.48873798733946,895029366
iw,-76.0683517456054,-57.4151649475097,1.7509185362627042,80.94932209569902,895046033
iw,-76.2924880981445,-58.8510704040527,-10.360933596125873,82.86913509964921,895062700
iw,-76.8461761474609,-60.2310180664062,-24.827518212488094,81.27055633182975,895079367
iw,-77.6841125488281,-61.7724723815918,-41.7474012595834,76.64145741996926,895096034
iw,-78.7674407958984,-63.4146194458007,-61.182369359233306,70.00000255001136,895112701
iw,-80.0869369506836,-64.6978378295898,-83.05902108779635,62.84714819974519,895129368
iw,-81.6910629272461,-65.4242172241211,-107.01764870347083,56.962870306673594,895146035
iw,-83.6735534667968,-65.854377746582,-132.2593721920427,54.05594010710787,895162702
iw,-85.9636688232421,-66.5086898803711,-157.45723111715608,55.34812670407842,895179369
iw,-87.7560653686523,-67.5312423706054,-180.786732212958,61.2180743560506,895196036
iw,-86.6410675048828,-68.7925186157226,-200.10440796876122,71.01670213041959,895212703
iw,-83.6504135131836,-70.2312698364257,-213.26893359072994,83.10801203825591,895229370
iw,-79.7763748168945,-71.7383041381836,-218.55926358960158,95.12908981445204,895246037
iw,-75.6430358886718,-73.3384323120117,-215.09831098397623,104.427854753337,895262704
iw,-72.0406188964843,-75.1049270629882,-203.15650240301568,108.61683892889494,895279371
iw,-69.3443222045898,-77.1799545288086,-184.21884957256927,106.1507441569112,895296038
iw,-66.2734222412109,-79.8380966186523,-160.76263480989047,96.78980643165944,895312705
iw,-63.4292297363281,-82.1379013061523,-135.7781484472319,81.78097168357516,895329372
iw,-62.0316429138183,-82.9465942382812,-112.13194202681657,63.626436710417586,895346039
iw,-61.2557334899902,-82.6009445190429,-91.91687366769511,45.4441016206054,895362706
iw,-60.6617393493652,-82.1074829101562,-75.96491886267046,30.114159417575433,895379373
iw,-59.6554412841796,-82.0396194458007,-63.689816819457256,19.534460592404592,895396040
iw,-58.2509613037109,-82.4407501220703,-53.33768885454548,14.270778320415092,895412707
iw,-57.0814170837402,-83.1028900146484,-42.57471598649685,13.69547549020539,895429374
iw,-56.4951019287109,-83.8323287963867,-29.21540772571353,16.48092184072902,895446041
iw,-56.4001007080078,-84.6105651855468,-11.865092290821083,21.18456516281768,895462708
iw,-56.5666313171386,-85.3537139892578,9.68550061473468,26.67917116341897,895479375
iw,-56.8719139099121,-85.8974533081054,34.37809154697935,32.300628231172,895496042
iw,-57.777603149414,-86.2247772216796,60.106086603799625,37.72681557302609,895512709
iw,-59.2780838012695,-86.4381713867187,84.17855331772333,42.70258338695336,895529376
iw,-61.2546272277832,-86.5774383544921,103.93528265783907,46.762745545422824,895546043
iw,-63.3644866943359,-86.5833282470703,117.38305336922667,49.08107689272917,895562710
iw,-65.5331649780273,-86.5112075805664,123.70497909400456,48.50969550743593,895579377
iw,-67.899543762207,-86.4296035766601,123.51112710860428,43.7976780761531,895596044
iw,-70.5375366210937,-86.3653030395507,118.74578894487249,33.91530757166171,895612711
iw,-72.8274230957031,-86.3447875976562,112.23389517036043,18.37762531552471,895629378
iw,-73.8766174316406,-86.4357528686523,106.93708600457586,-2.5358164704823847,895646045
iw,-74.6642532348632,-86.6382675170898,105.09729250049625,-27.73427370303988,895662712
iw,-75.876724243164,-86.8584518432617,107.53220726745755,-55.46074389640127,895679379
iw,-77.7429046630859,-86.5976867675781,113.34164212742402,-83.59320578382219,895696046
iw,-79.9442749023437,-85.4400100708007,120.1545027559536,-110.02063378349855,895712713
iw,-82.1721115112304,-83.5853118896484,124.84956232733269,-132.98687181219748,895729380
iw,-84.2708740234375,-81.1785583496093,124.52137604538923,-151.30576313659157,895746047
iw,-85.9273452758789,-78.4787902832031,117.39829886034461,-164.39934217381284,895762714
iw,-86.7456283569336,-75.6607055664062,103.44671582929175,-172.17845422647713,895779381
iw,-86.115966796875,-72.7720336914062,84.478670034178,-174.84243254906457,895796048
iw,-85.4103851318359,-70.028450012207,63.70103733214034,-172.69886637546924,895812715
iw,-85.6130065917968,-67.2152709960937,44.805260579545646,-166.08714748516226,895829382
iw,-86.2567596435546,-64.2302169799804,30.874475443679202,-155.43432785459333,895846049
iw,-86.5465087890625,-61.7158813476562,23.496737089389427,-141.3976401360967,895862716
iw,-86.012580871582,-59.4707717895507,22.420811989368744,-124.98942420911219,895879383
iw,-84.8357849121093,-57.736572265625,25.862924674447328,-107.57316145299549,895896050
iw,-83.5703201293945,-56.5623435974121,31.28591019708232,-90.67529000264919,895912717
iw,-82.7960357666015,-55.8542976379394,36.29214906334149,-75.65176377048823,895929384
iw,-82.2770233154296,-55.3241882324218,39.286859247700164,-63.33322244499336,895946051
iw,-81.6819076538086,-54.5680046081543,39.735914894466625,-53.800892160233936,895962718
iw,-80.9824142456054,-53.4379348754882,38.04059388164536,-46.394446005906765,895979385
iw,-80.3728790283203,-52.3637962341308,35.176759234502576,-39.94555600675659,895996052
iw,-79.9722442626953,-51.8088417053222,32.270400047790616,-33.13058091056456,896012719
iw,-79.6607360839843,-51.6664695739746,30.240229839750008,-24.805338127727182,896029386
iw,-79.2516784667968,-51.5324440002441,29.57746937559959,-14.232468167375782,896046053
iw,-78.7609100341796,-51.3589477539062,30.278329544652657,-1.1854970594733127,896062720
iw,-78.2344970703125,-51.5964813232421,31.90430807361718,14.04368022677549,896079387
iw,-77.6676864624023,-52.3710060119628,33.723270399634636,30.70434003339834,896096054
iw,-77.0301284790039,-53.28023147583,34.88054694604088,47.69287265783706,896112721
iw,-76.3835754394531,-53.9837913513183,34.55721268080872,63.68963801477626,896129388
iw,-75.8162765502929,-54.8782577514648,32.0844196931186,77.32156446675032,896146055
iw,-75.373420715332,-56.4557762145996,26.99607550530175,87.35996835916913,896162722
iw,-75.1212615966796,-58.4887351989746,19.019062834853145,92.95710491454756,896179389
iw,-75.1156005859375,-60.3645858764648,8.01926832498133,93.88601298479475,896196056
iw,-75.2972869873046,-61.9709014892578,-6.06346701912645,90.70558295033845,896212723
iw,-75.7389068603515,-63.4753952026367,-23.254742904405266,84.76791335378623,896229390
iw,-76.5141677856445,-64.9801788330078,-43.532159181189996,78.02489789051948,896246057
iw,-77.6497268676757,-66.2182998657226,-66.75003255745555,72.64899436756863,896262724
iw,-79.16796875,-67.1809844970703,-92.51321310444861,70.53553376732297,896279391
iw,-81.0738143920898,-67.9524993896484,-120.02870922484803,72.79536236161145,896296058
iw,-83.4452209472656,-68.8113250732421,-147.9787749531814,79.37352956180821,896312725
iw,-86.0516662597656,-69.9275741577148,-174.47073643594553,88.92701575137612,896329392
iw,-88.4584579467773,-71.4952163696289,-197.12408940489522,99.04567203358445,896346059
iw,-87.350112915039,-73.4465560913086,-213.34614239958043,106.80720341543767,896362726
iw,-83.9831771850586,-75.5909729003906,-220.8094869436493,109.54517229945583,896379393
iw,-79.9905624389648,-77.8809432983398,-218.06669330510593,105.61765631873591,896396060
iw,-75.0791854858398,-79.8549728393554,-205.13304323404068,94.92963082899277,896412727
iw,-71.1295013427734,-81.1681213378906,-183.79056089477768,79.00976845130515,896429394
iw,-68.5106582641601,-81.4934768676757,-157.39322016449134,60.57910253436538,896446061
iw,-67.2296829223632,-81.1922607421875,-130.1226799196894,42.74353223334836,896462728
iw,-66.7225036621093,-80.9681320190429,-105.89465686713868,28.110325173039094,896479395
iw,-66.0499801635742,-81.2755508422851,-87.303945299807,18.16727203845654,896496062
iw,-64.8275451660156,-81.8337707519531,-74.99908933462605,13.130757473751899,896512729
iw,-63.0203247070312,-82.4208374023437,-67.69068176831497,12.238481612623488,896529396
iw,-61.4935455322265,-82.9692153930664,-62.73209927224566,14.273369560664666,896546063
iw,-60.3892478942871,-83.5486450195312,-57.013574705531965,18.055918403217742,896562730
iw,-59.7356948852539,-84.1602783203125,-47.861683293285154,22.728271843921423,896579397
iw,-59.1539802551269,-84.7361297607421,-33.71379066532935,27.795044984940063,896596064
iw,-58.5564765930175,-85.2744064331054,-14.45471125321399,32.998378693364685,896612731
iw,-58.4018211364746,-85.7558288574218,8.607221360562123,38.144985459705296,896629398
iw,-59.132999420166,-86.1287002563476,33.090594285945,42.97671677637438,896646065
iw,-60.6730422973632,-86.2734832763671,56.12985801716947,47.11871611506082,896662732
iw,-62.2309112548828,-86.2272720336914,75.05661015528433,50.08982690042927,896679399
iw,-63.6724586486816,-86.1614074707031,87.99917657410596,51.34178419949704,896696066
iw,-64.915657043457,-86.1957473754882,94.26219443355045,50.3059701387918,896712733
iw,-66.5155181884765,-86.2102890014648,94.43083876212276,46.44977248786026,896729400
iw,-68.3794708251953,-85.9988021850586,90.21848284629328,39.3556550898429,896746067
iw,-70.4356536865234,-85.6302719116211,84.10538604291892,28.82376993609661,896762734
iw,-71.5815277099609,-85.3245849609375,78.81926813615551,14.971798693008836,896779401
iw,-72.0211868286132,-85.2078094482421,76.73306121508828,-1.7146771050188803,896796068
iw,-72.824462890625,-85.3947448730468,79.30925610530682,-20.423077476915203,896812735
iw,-74.4741592407226,-86.0289154052734,86.75076484196572,-40.15486462741347,896829402
iw,-76.4622955322265,-86.9381637573242,97.96751193974984,-59.92894905617743,896846069
iw,-78.6386108398437,-87.512580871582,110.85044578530396,-78.97394379705207,896862736
iw,-80.7071151733398,-87.1133041381836,122.74142412104767,-96.83380402980123,896879403
iw,-82.5212631225586,-85.7640914916992,130.9630341569572,-113.34810786955757,896896070
iw,-84.1884994506836,-83.8345489501953,133.31705594915005,-128.52248396042663,896912737
iw,-85.8174591064453,-81.5035934448242,128.5124554097581,-142.3445427211541,896929404
iw,-87.0150909423828,-78.8934020996093,116.49063363543769,-154.61037519198172,896946071
iw,-86.4311370849609,-76.1163330078125,98.57479901360787,-164.81577141696184,896962738
iw,-85.0226364135742,-73.477294921875,77.33342443604494,-172.15239223535218,896979405
iw,-84.5845565795898,-70.8074569702148,56.08464270283389,-175.6358657877692,896996072
iw,-85.0226821899414,-67.6990966796875,38.10492259065477,-174.3654069414068,897012739
iw,-85.5830535888671,-64.2248458862304,25.77845923002267,-167.85882280501534,897029406
iw,-85.5387649536132,-61.1432723999023,20.010001023075603,-156.33841466571513,897046073
iw,-84.7713851928711,-58.7291831970214,20.13816242310894,-140.81460006471167,897062740
iw,-83.68994140625,-57.2535438537597,24.362558234169246,-122.87346834031786,897079407
iw,-82.5104598999023,-56.301700592041,30.469273023800167,-104.21155065139749,897096074
iw,-81.7358474731445,-55.5395927429199,36.53590086019018,-86.09991944011968,897112741
iw,-81.2421875,-54.5952720642089,41.359847255282304,-69.01250965250226,897129408
iw,-80.6910552978515,-53.4671173095703,44.52134185180133,-52.58404003613971,897146075
iw,-80.0351257324218,-52.3097648620605,46.16081809949417,-35.90938211975746,897162742
iw,-79.3718109130859,-51.5627632141113,46.63959735928625,-18.04392784612874,897179409
iw,-78.7007904052734,-51.4234085083007,46.24627908186286,1.508459023440287,897196076
iw,-77.9175033569336,-51.8098487854003,45.0426911352833,22.501288569306617,897212743
iw,-77.125503540039,-52.4787101745605,42.85993947047431,43.924840784739295,897229410
iw,-76.4152679443359,-53.5672225952148,39.39214630210874,64.23139501442394,897246077
iw,-75.7936553955078,-55.150634765625,34.310829858403146,81.71077377685585,897262744
iw,-75.3149795532226,-56.6437377929687,27.337493441961715,94.90063157786685,897279411
iw,-75.0175704956054,-58.0809707641601,18.251062600037127,102.93050821126495,897296078
iw,-75.0071334838867,-59.8572387695312,6.848551938365289,105.73160411328907,897312745
iw,-75.3154602050781,-61.5996742248535,-7.095578644757808,104.07810059209599,897329412
iw,-75.8220138549804,-63.2252502441406,-23.822171186201263,99.4484390561723,897346079
iw,-76.472671508789,-65.0981750488281,-43.503792606626945,93.71252393742583,897362746
iw,-77.4407958984375,-66.1431427001953,-66.09434606110248,88.68243468131894,897379413
iw,-78.7798156738281,-66.7724685668945,-91.15916392458935,85.61847068149258,897396080
iw,-80.5761489868164,-67.4382095336914,-117.75056320636435,84.84010058670303,897412747
iw,-82.849609375,-68.4825973510742,-144.38321951807646,85.60769843835823,897429414
iw,-85.2146377563476,-70.0843505859375,-169.1346398957687,86.37341082678815,897446081
iw,-87.1644821166992,-72.0781173706054,-189.86659203888965,85.3529674156072,897462748
iw,-86.8774490356445,-74.0546722412109,-204.54283892243404,81.21336315884122,897479415
iw,-83.9157562255859,-75.5674362182617,-211.59947085768417,73.59721298940342,897496082
iw,-79.6360626220703,-76.389175415039,-210.2950310500783,63.26577579860877,897512749
iw,-76.1239776611328,-76.7354431152343,-200.9384457207343,51.81283441941258,897529416
iw,-73.5534515380859,-76.8579406738281,-184.89961049147524,41.090928671466166,897546083
iw,-70.9525375366211,-77.147476196289,-164.37290615722608,32.603017054285175,897562750
iw,-68.3629989624023,-77.8458557128906,-141.95479254228127,27.099097341145058,897579417
iw,-66.3701782226562,-78.887092590332,-120.1507290432287,24.49945507977361,897596084
iw,-65.0825958251953,-79.8655776977539,-100.92373403969223,24.111931646293524,897612751
iw,-63.8987007141113,-80.4853897094726,-85.36915254831334,24.996912212755877,897629418
iw,-62.4693336486816,-80.9380874633789,-73.57318920479229,26.308678419491,897646085
iw,-61.4138298034668,-81.2878112792968,-64.67903734417374,27.500019792303338,897662752
iw,-60.5860061645507,-81.6481399536132,-57.13981702345384,28.36860777259831,897679419
iw,-59.8639602661132,-82.1194763183593,-49.10052094408277,28.993077562238458,897696086
iw,-59.1853446960449,-82.6712112426757,-38.834470582128944,29.62731470437758,897712753
iw,-58.4809684753418,-83.2231216430664,-25.153354107345383,30.600390531105944,897729420
iw,-58.0434875488281,-83.6729354858398,-7.704245173359496,32.23298237032295,897746087
iw,-58.0885200500488,-83.9879074096679,12.926271080135814,34.75557712554625,897762754
iw,-58.937156677246,-84.2451705932617,35.3423526618925,38.213134244965396,897779421
iw,-60.242618560791,-84.5157012939453,57.675865451566885,42.36115594248823,897796088
iw,-61.6394653320312,-84.8227462768554,78.03297127432947,46.58282681525776,897812755
iw,-63.2306671142578,-85.1299896240234,94.92267908834539,49.86933623280561,897829422
iw,-64.9708938598632,-85.3922805786132,107.56135377295486,50.898328336557896,897846089
iw,-66.9063949584961,-85.5727386474609,115.99717142815025,48.221472714834576,897862756
iw,-69.2926483154296,-85.5886535644531,121.04101300172626,40.53927655590119,897879423
iw,-72.0236434936523,-85.462532043457,124.01181790556168,27.008265755280856,897896090
iw,-74.01025390625,-85.3477325439453,126.32385049966237,7.502162613677842,897912757
iw,-75.4244384765625,-85.414306640625,128.98953850796832,-17.25479611979963,897929424
iw,-76.9293823242187,-85.6909790039062,132.18229432128354,-45.73986453152037,897946091
iw,-78.8384552001953,-85.9651718139648,135.04610655478808,-75.87466950643575,897962758
iw,-81.0726013183593,-85.4702606201171,135.89019740250905,-105.39812564306496,897979425
iw,-83.4518051147461,-83.8891677856445,132.76374935334402,-132.25460718687947,897996092
iw,-85.7113876342773,-81.6881866455078,124.23530211179889,-154.87330803613807,898012759
iw,-87.3754959106445,-79.2293395996093,110.08930835360243,-172.26492583688196,898029426
iw,-87.0306091308593,-76.5740280151367,91.64962246243404,-183.94962752908967,898046093
iw,-86.2735443115234,-73.6154479980468,71.55475891525239,-189.8057407371031,898062760
iw,-86.4052810668945,-70.307373046875,53.01592448408405,-189.9477276205179,898079427
iw,-86.7103271484375,-66.6154403686523,38.817181000488674,-184.69658814644646,898096094
iw,-86.7836227416992,-63.5842819213867,30.45802922174583,-174.62820449234286,898112761
iw,-86.2654571533203,-61.0020675659179,27.795556677318213,-160.62585534908084,898129428
iw,-85.1096038818359,-58.7516059875488,29.3151854954465,-143.85562381352452,898146095
iw,-83.7215576171875,-56.8460388183593,32.8652638375122,-125.62358118000168,898162762
iw,-82.6025695800781,-55.3486442565918,36.495372226965166,-107.1338726575433,898179429
iw,-82.0436706542968,-54.3207283020019,39.03907207140425,-89.22197684600977,898196096
iw,-81.77734375,-53.4642524719238,40.255490550454304,-72.16851928386798,898212763
iw,-81.3381652832031,-52.3707618713378,40.57575831265146,-55.686220502824604,898229430
iw,-80.7169799804687,-51.4524154663085,40.66229184104804,-39.10831552305906,898246097
iw,-80.0653457641601,-51.0213356018066,41.01480992476902,-21.718667077070453,898262764
iw,-79.2925109863281,-50.9436836242675,41.76770846830099,-3.1041749644033767,898279431
iw,-78.4512481689453,-51.053237915039,42.694640924969605,16.58986668472879,898296098
iw,-77.6856002807617,-51.434154510498,43.34106704243285,36.57731944739117,898312765
iw,-77.0399551391601,-52.0545234680175,43.178824602458164,55.546079618894815,898329432
iw,-76.5090103149414,-53.3425903320312,41.7107983581812,71.94915594971286,898346099
iw,-76.0135421752929,-55.2537384033203,38.51273021115959,84.40344521991577,898362766
iw,-75.4466171264648,-56.9896965026855,33.24207997360903,92.08183287181484,898379433
iw,-74.8382110595703,-58.4500885009765,25.648351057164863,94.96874798369929,898396100
iw,-74.4094009399414,-59.9658317565918,15.593565264307426,93.88991857616554,898412767
iw,-74.3176498413086,-61.6657752990722,3.0646893463329854,90.30923023338688,898429434
iw,-74.6493530273437,-62.7222290039062,-11.842289143404663,85.96310288867004,898446101
iw,-75.3492355346679,-63.9484062194824,-28.96238861248443,82.44246683240227,898462768
iw,-76.2389221191406,-65.2842636108398,-48.09301535854308,80.8320701057226,898479435
iw,-77.3491134643554,-66.4032669067382,-68.97841696536415,81.48758467693153,898496102
iw,-78.6738357543945,-67.504280090332,-91.23433794885258,83.98753614251963,898512769
iw,-80.3788452148437,-68.387710571289,-114.23948504225736,87.25894800642833,898529436
iw,-82.6386795043945,-69.5627975463867,-137.04718783218715,89.85297608115307,898546103
iw,-85.1957244873046,-71.0669174194336,-158.36983901221916,90.32751984831728,898562770
iw,-87.7726974487304,-72.8913269042968,-176.66670884263382,87.65975768252817,898579437
iw,-88.4866485595703,-74.6168136596679,-190.3389543976169,81.57061435904801,898596104
iw,-85.4951553344726,-75.6649093627929,-198.01071095439843,72.63569393236604,898612771
iw,-81.8054733276367,-76.1934967041015,-198.8452460228539,62.11951013831535,898629438
iw,-77.907356262207,-76.584228515625,-192.80974772481596,51.58639567404205,898646105
iw,-75.0110244750976,-77.0252456665039,-180.78460743509194,42.44291820864843,898662772
iw,-72.6865234375,-77.6345672607421,-164.44484876840002,35.58682650708103,898679439
iw,-70.30322265625,-78.4821090698242,-145.92248838764377,31.270649093980825,898696106
iw,-68.0057220458984,-79.4593963623046,-127.34206606592323,29.184769928398527,898712773
iw,-66.427131652832,-80.3638153076171,-110.35744621516433,28.68278797194869,898729440
iw,-65.1676177978515,-81.0465393066406,-95.80387578638543,29.039956897774967,898746107
iw,-63.929889678955,-81.5668106079101,-83.54544448967974,29.65266712894868,898762774
iw,-62.6607627868652,-81.9845962524414,-72.55835296536206,30.13517017315368,898779441
iw,-61.6457557678222,-82.3743209838867,-61.23857101544617,30.32243196576099,898796108
iw,-60.7953147888183,-82.785530090332,-47.864556507963194,30.220030749811567,898812775
iw,-60.178955078125,-83.2050018310546,-31.10367624386727,29.942928737731677,898829442
iw,-59.7171440124511,-83.6291427612304,-10.438392003054668,29.664064298744194,898846109
iw,-59.6389389038085,-84.0263061523437,13.596967830496238,29.57057198011035,898862776
iw,-60.2436027526855,-84.3545532226562,39.439477786170194,29.814851675356962,898879443
iw,-61.6865463256835,-84.6225814819336,64.78937388472139,30.452549805780226,898896110
iw,-63.2630233764648,-84.8889465332031,87.10339375145887,31.373365427018403,898912777
iw,-65.19580078125,-85.1891632080078,104.16258087807003,32.24390993293571,898929444
iw,-67.1627960205078,-85.4632720947265,114.57047843969114,32.48707860689261,898946111
iw,-69.2265319824218,-85.6540908813476,118.06647873528651,31.316995472444304,898962778
iw,-71.2747497558593,-85.7153167724609,115.59116956636234,27.835283796304765,898979445
iw,-73.3298797607421,-85.6337203979492,109.09205315380197,21.178422540699312,898996112
iw,-75.2676849365234,-85.4698715209961,101.1012847774499,10.691479499245006,899012779
iw,-76.5861129760742,-85.316177368164,94.15818739605996,-3.907165547757241,899029446
iw,-77.7878646850586,-85.1956405639648,90.19373127086789,-22.41004267410142,899046113
iw,-78.733642578125,-84.9952774047851,90.03097882892314,-44.088549721812974,899062780
iw,-80.0550918579101,-84.5442504882812,93.1562799471809,-67.7620279682629,899079447
iw,-81.7017517089843,-83.7517700195312,97.85734026326698,-91.95793540921126,899096114
iw,-83.5950698852539,-82.5140991210937,101.71451313063216,-115.12464303499478,899112781
iw,-85.5011596679687,-80.8201599121093,102.31339610397728,-135.84142621309266,899129448
iw,-87.0806732177734,-78.6702804565429,97.97073837908455,-152.97372880500998,899146115
iw,-88.0737991333007,-76.1201019287109,88.25870966342777,-165.74492877258035,899162782
iw,-87.4969635009765,-73.2438888549804,74.16858076282415,-173.72825059749883,899179449
iw,-86.6900939941406,-70.3045959472656,57.85331133244441,-176.79063394221984,899196116
iw,-86.6639938354492,-67.3827667236328,42.01324967719743,-175.03400346204216,899212783
iw,-86.997688293457,-64.5413589477539,29.116918401326625,-168.77260058361023,899229450
iw,-87.0614242553711,-61.978645324707,20.727400388594535,-158.55649424250876,899246117
iw,-86.6141815185546,-59.5195808410644,17.1736035322993,-145.2100075046498,899262784
iw,-85.8211135864257,-57.3664512634277,17.658294842504503,-129.82275247721955,899279451
iw,-85.1103210449218,-55.7592697143554,20.70702419042705,-113.63670748705884,899296118
iw,-84.5110549926757,-54.7073554992675,24.739331251126718,-97.82315506204517,899312785
iw,-83.9124679565429,-53.7923278808593,28.540005986506397,-83.21399342286595,899329452
iw,-83.2211837768554,-52.7858238220214,31.497258612996156,-70.09644211515311,899346119
iw,-82.5572967529296,-51.7078895568847,33.58822524170481,-58.16327272940135,899362786
iw,-82.0077972412109,-50.7754440307617,35.1763755552293,-46.6409412936003,899379453
iw,-81.5459518432617,-50.3587226867675,36.723813712386615,-34.54405172841576,899396120
iw,-81.0542907714843,-50.2149009704589,38.52224974461517,-20.97243938859164,899412787
iw,-80.4697036743164,-50.1187744140625,40.521732498718706,-5.380450593123882,899429454
iw,-79.7904739379882,-50.163948059082,42.29610751286085,12.226428979158062,899446121
iw,-79.0515365600586,-50.4330978393554,43.139516466816126,31.201886206298315,899462788
iw,-78.24951171875,-51.2038917541503,42.250674492189425,50.307627266087266,899479455
iw,-77.3958663940429,-52.561279296875,38.93924436763425,67.91264084813297,899496122
iw,-76.6626968383789,-53.883804321289,32.78490849878668,82.31225348507259,899512789
iw,-76.2084045410156,-55.2617225646972,23.69618976387693,92.09511590567527,899529456
iw,-76.0670700073242,-56.9187316894531,11.851616415905042,96.47329172257957,899546123
iw,-76.2629699707031,-58.667194366455,-2.448042561269201,95.50632055136877,899562790
iw,-76.77734375,-60.2025718688964,-18.94841847801498,90.1742143068818,899579457
iw,-77.5218429565429,-61.5699348449707,-37.54926865836722,82.2743515502157,899596124
iw,-78.438232421875,-63.0679855346679,-58.29043364997913,74.13689361667544,899612791
iw,-79.6608352661132,-64.3137588500976,-81.2038831283909,68.1792947043983,899629458
iw,-81.2240371704101,-65.1540832519531,-106.07531201099597,66.35704958061555,899646125
iw,-83.2181167602539,-65.6786499023437,-132.19709689963048,69.61750563917172,899662792
iw,-85.4096145629882,-66.3099594116211,-158.20286711166784,77.51353622306382,899679459
iw,-87.1478958129882,-67.4711532592773,-182.05787103657016,88.14551980084086,899696126
iw,-86.7863006591796,-69.221809387207,-201.25167657138104,98.53292748170325,899712793
iw,-84.2797470092773,-71.2566909790039,-213.2031851139741,105.3734808736311,899729460
iw,-80.7839279174804,-73.3239212036132,-215.83166331607123,105.98804679312188,899746127
iw,-76.1436157226562,-75.5484085083007,-208.1678595697938,99.15119243484179,899762794
iw,-72.2350463867187,-77.6586074829101,-190.8060256777224,85.51635347808717,899779461
iw,-69.6407165527343,-78.9804916381836,-165.992034800454,67.46185141956369,899796128
iw,-67.6483001708984,-79.0714950561523,-137.2476550355404,48.38096271203246,899812795
iw,-66.2626419067382,-78.4975509643554,-108.61159841621662,31.656873964657038,899829462
iw,-65.4602355957031,-78.5241241455078,-83.73295951268325,19.704346599930716,899846129
iw,-64.7848205566406,-79.0489273071289,-65.0989948744177,13.43108104786186,899862796
iw,-63.8362121582031,-79.6428298950195,-53.60935160775834,12.270434922516573,899879463
iw,-62.6283149719238,-80.1497268676757,-48.571150017199265,14.679272043862188,899896130
iw,-61.6578140258789,-80.6893463134765,-48.04769193236684,18.827308592797074,899912797
iw,-60.7507553100585,-81.1709899902343,-49.404798682319296,23.1926631620599,899929464
iw,-60.0175704956054,-81.5725173950195,-49.889604149324484,26.885340114866928,899946131
iw,-59.3875198364257,-81.9136428833007,-47.127391757887665,29.667039412727814,899962798
iw,-58.7187538146972,-82.2632751464843,-39.484858027170844,31.755102154562756,899979465
iw,-58.1954383850097,-82.6455001831054,-26.286079953965658,33.5522864871385,899996132
iw,-57.9778976440429,-83.1034622192382,-7.8762407740340725,35.42556698437066,900012799
iw,-58.1290702819824,-83.5619430541992,14.472177596756651,37.59042301786501,900029466
iw,-58.7947463989257,-83.9267807006836,38.80444214173224,40.084778407474026,900046133
iw,-60.0317840576171,-84.1736221313476,62.84505832380007,42.77716276868215,900062800
iw,-61.7175483703613,-84.4109725952148,84.40765897394967,45.36130341095151,900079467
iw,-63.5289573669433,-84.7093963623046,101.76696978448872,47.32971310749699,900096134
iw,-65.2333450317382,-85.0704574584961,113.91795014572266,47.95956552857705,900112801
iw,-67.0855560302734,-85.380142211914,120.68538752608184,46.35659766250801,900129468
iw,-69.2569274902343,-85.5125350952148,122.68792677093508,41.580316200965314,900146135
iw,-71.9269104003906,-85.4963760375976,121.17696383003134,32.833649174139424,900162802
iw,-74.0824508666992,-85.4183273315429,117.76428696622206,19.6675985421051,900179469
iw,-75.5810089111328,-85.3577194213867,114.05663062727794,2.1405501054571743,900196136
iw,-76.8647155761718,-85.3841247558593,111.25656704982974,-19.11891460273749,900212803
iw,-78.572509765625,-85.519790649414,109.84307049177376,-42.97406320630526,900229470
iw,-80.4888000488281,-85.6499481201171,109.45360954527048,-67.96099202843662,900246137
iw,-82.3584594726562,-85.2197189331054,109.0266764325582,-92.54038205095438,900262804
iw,-84.0821533203125,-83.9562606811523,107.1662379433897,-115.33817697834161,900279471
iw,-85.6847076416015,-82.1447448730468,102.61577780334328,-135.2933955383652,900296138
iw,-87.2443008422851,-80.1454315185546,94.70382074546231,-151.67583764083457,900312805
iw,-88.099365234375,-77.9660568237304,83.63303376231028,-164.00453936111245,900329472
iw,-87.5435409545898,-75.4217910766601,70.51746567310083,-171.94789128959255,900346139
iw,-86.7667465209961,-72.4160079956054,57.130744173917236,-175.28619792967623,900362806
iw,-86.4844207763671,-69.3046035766601,45.41683317841357,-173.96755401386918,900379473
iw,-86.589241027832,-66.1702804565429,36.91401656705014,-168.22082089715252,900396140
iw,-86.6342468261718,-63.3301429748535,32.30308517671329,-158.6466704929153,900412807
iw,-86.0919494628906,-61.0206794738769,31.263004626359226,-146.211661952935,900429474
iw,-84.9456176757812,-59.0406494140625,32.69394711889111,-132.11438384787849,900446141
iw,-83.7011337280273,-57.3163871765136,35.20264838137726,-117.55093117338396,900462808
iw,-82.7728424072265,-55.7810554504394,37.62918801999775,-103.45149337440023,900479475
iw,-82.1140518188476,-54.5586776733398,39.393787572052204,-90.27400419851263,900496142
iw,-81.5303497314453,-53.328514099121,40.549836071441675,-77.92306990589815,900512809
iw,-80.9436645507812,-52.0278892517089,41.57250369904492,-65.82111579254087,900529476
iw,-80.3146896362304,-51.0630378723144,43.0118816829026,-53.108561319991715,900546143
iw,-79.6535110473632,-50.3789024353027,45.16195708410163,-38.9116290714319,900562810
iw,-78.9450073242187,-49.988483428955,47.85762908964017,-22.607228257383554,900579477
iw,-78.1466522216796,-49.9192924499511,50.447095613237096,-4.031634191067336,900596144
iw,-77.2526245117187,-50.0643424987793,51.92561716928418,16.3972695462722,900612811
iw,-76.3228454589843,-50.383014678955,51.173572099172446,37.66284158541353,900629478
iw,-75.39794921875,-51.0509033203125,47.22050826477413,58.2542345978617,900646145
iw,-74.5718002319336,-52.2551040649414,39.45656878524694,76.40008492223897,900662812
iw,-74.0122985839843,-53.8816566467285,27.73140019710565,90.40897101139156,900679479
iw,-73.8009567260742,-55.6251945495605,12.315601578844127,99.0510678982578,900696146
iw,-73.9682006835937,-57.1940231323242,-6.255632563245776,101.88604378652661,900712813
iw,-74.6099777221679,-58.8379821777343,-27.39467013859152,99.44845213316695,900729480
iw,-75.7106018066406,-60.6428794860839,-50.64204905735801,93.2361942295307,900746147
iw,-77.0449981689453,-62.4708709716796,-75.73224963613656,85.48422803302711,900762814
iw,-78.6766052246093,-63.8461036682128,-102.49904507103588,78.73515326790546,900779481
iw,-80.6375045776367,-64.6612701416015,-130.63657383003257,75.25830897029454,900796148
iw,-83.0131225585937,-65.3107681274414,-159.39462713487342,76.43284642693439,900812815
iw,-85.4679336547851,-66.0625076293945,-187.3247801180647,82.27361197990128,900829482
iw,-87.0840911865234,-67.3568267822265,-212.19750329168616,91.28930017769768,900846149
iw,-86.0639877319336,-69.0563049316406,-231.1829734483112,100.78460045095625,900862816
iw,-83.0754470825195,-71.0503158569336,-241.33162615900375,107.5692754576814,900879483
iw,-79.0028457641601,-73.1922912597656,-240.29811595631594,108.8816155519737,900896150
iw,-73.5904083251953,-75.531509399414,-227.13079619756064,103.23979378488771,900912817
iw,-69.4103012084961,-77.7804870605468,-202.84659495686304,90.9365620708279,900929484
iw,-66.5121612548828,-79.229507446289,-170.5109382702656,73.9907983264259,900946151
iw,-64.5027923583984,-79.7507629394531,-134.6937023353055,55.545720919165596,900962818
iw,-63.6170463562011,-79.5281448364257,-100.42197458085478,38.91264711100768,900979485
iw,-63.5388679504394,-79.4726028442382,-71.96571139662171,26.612280809211956,900996152
iw,-63.1856727600097,-79.7246704101562,-51.86137878682955,19.76825400937752,901012819
iw,-62.3218841552734,-80.2724533081054,-40.47678988244852,18.041902653652095,901029486
iw,-61.1198196411132,-80.998306274414,-36.20330912713652,20.05384024938732,901046153
iw,-60.0425071716308,-81.7568817138671,-36.1323974021891,24.050358118464022,901062820
iw,-59.2586250305175,-82.4649581909179,-36.93630029229509,28.522343679813684,901079487
iw,-58.8202590942382,-83.0996170043945,-35.673733189154966,32.565547394054725,901096154
iw,-58.3969383239746,-83.652603149414,-30.343764449111845,35.9197169733821,901112821
iw,-57.9669570922851,-84.1547775268554,-20.133496001716683,38.76340720908445,901129488
iw,-57.6397895812988,-84.6406173706054,-5.386986361805088,41.415332771325325,901146155
iw,-57.9031257629394,-85.1287460327148,12.641982471583223,44.085143113070515,901162822
iw,-59.0162620544433,-85.5071258544921,32.17250388311708,46.7486624025961,901179489
iw,-60.1916923522949,-85.6406326293945,51.3135540779014,49.140649132171355,901196156
iw,-61.3002586364746,-85.6287536621093,68.40956194154586,50.80708397787664,901212823
iw,-62.3496437072753,-85.6414489746093,82.24712269420766,51.15983798137914,901229490
iw,-63.3787956237793,-85.677001953125,92.1294680278362,49.51556851810592,901246157
iw,-64.9791870117187,-85.6470184326171,97.8847567355866,45.141512077403696,901262824
iw,-66.7786178588867,-85.5269165039062,99.87166531410276,37.34240663423346,901279491
iw,-69.3871688842773,-85.3605041503906,98.98249212025758,25.600001314055696,901296158
iw,-71.4910202026367,-85.2409515380859,96.57322072069087,9.738088650324514,901312825
iw,-72.6476669311523,-85.2591400146484,94.23884886491666,-9.9437328438135,901329492
iw,-73.5068130493164,-85.5415725708007,93.42778752093307,-32.628895486949865,901346159
iw,-74.9158477783203,-86.1682510375976,95.00435718178015,-57.07115916163222,901362826
iw,-76.6153259277343,-86.7903289794921,98.9326916722857,-81.79773242831295,901379493
iw,-78.3430938720703,-86.4854278564453,104.21787359349372,-105.36425523084475,901396160
iw,-80.1839447021484,-85.0470657348632,109.13558141081715,-126.57165785205844,901412827
iw,-81.9627609252929,-83.0003890991211,111.68284850965836,-144.57269252364176,901429494
iw,-83.8212814331054,-80.5785675048828,110.12869307049698,-158.84962504160458,901446161
iw,-85.7566528320312,-77.9038848876953,103.52698349104863,-169.103511219452,901462828
iw,-87.4461822509765,-75.0606613159179,92.05723918412292,-175.12895931103742,901479495
iw,-88.1490325927734,-72.0790710449218,77.08195052072281,-176.74491648675007,901496162
iw,-87.8113479614257,-69.2443008422851,60.86638782818114,-173.82033929139146,901512829
iw,-87.7929153442382,-66.3787155151367,46.006286522914095,-166.38998760483156,901529496
iw,-88.0475616455078,-63.5758056640625,34.72618910285829,-154.81391212791564,901546163
iw,-88.0315933227539,-61.0647048950195,28.287982012837496,-139.90503109293968,901562830
iw,-87.5723114013671,-58.9152526855468,26.72582723890248,-122.94428972907983,901579497
iw,-86.7193832397461,-57.2508888244628,28.99244410237084,-105.53277333442404,901596164
iw,-85.7858276367187,-56.0146751403808,33.42706991581721,-89.29187947147074,901612831
iw,-84.8932418823242,-55.2459869384765,38.333216314036484,-75.49340694616667,901629498
iw,-84.0562057495117,-54.5233688354492,42.442749963528804,-64.7472992334437,901646165
iw,-83.2914199829101,-53.5045318603515,45.12865160441037,-56.8674234258503,901662832
iw,-82.5930786132812,-52.3293800354003,46.35120852378158,-50.96942569749272,901679499
iw,-81.924819946289,-51.2264823913574,46.42114054201728,-45.758079470508925,901696166
iw,-81.2868881225586,-50.3875770568847,45.70808658201131,-39.887766092942414,901712833
iw,-80.6229858398437,-49.9177665710449,44.4136926967428,-32.26967444100464,901729500
iw,-79.8562927246093,-49.6055908203125,42.481453880507644,-22.249821178443376,901746167
iw,-79.0346984863281,-49.4655532836914,39.65237413775031,-9.65307100076008,901762834
iw,-78.2464599609375,-49.7553329467773,35.618629871606025,5.260753826254711,901779501
iw,-77.5847015380859,-50.3243141174316,30.1951024775297,21.867969542682577,901796168
iw,-77.0827407836914,-50.7030410766601,23.42985189218996,39.23688841610726,901812835
iw,-76.793098449707,-51.0031967163085,15.605264804980731,56.16833327222999,901829502
iw,-76.7393035888671,-51.6912078857421,7.127237273210897,71.26879031856569,901846169
iw,-76.8604507446289,-53.0557098388671,-1.657430158566443,83.12229221035068,901862836
iw,-77.0553970336914,-54.9727973937988,-10.649721125703785,90.58546349511548,901879503
iw,-77.3449478149414,-56.7586708068847,-20.125964195536675,93.14434654253458,901896170
iw,-77.9315338134765,-58.1764869689941,-30.75604258655363,91.2013770836092,901912837
iw,-78.7366638183593,-59.9030952453613,-43.49249499877073,86.1565068855744,901929504
iw,-79.7222595214843,-61.7873039245605,-59.33909911777038,80.20501383450025,901946171
iw,-80.9124603271484,-62.9747619628906,-79.03382001708067,75.85847616532362,901962838
iw,-82.3914031982421,-63.7529602050781,-102.70623835791075,75.27989256993307,901979505
iw,-84.1234741210937,-64.4330520629882,-129.58976645828744,79.60155497601029,901996172
iw,-85.8738403320312,-65.4290771484375,-157.87646368991807,88.44260292839883,902012839
iw,-86.7221908569336,-66.8245315551757,-184.79227656081696,99.82341226898424,902029506
iw,-85.4162292480468,-68.5454177856445,-206.9406418159429,110.57078564003727,902046173
iw,-82.5156555175781,-70.6231613159179,-220.90746451875498,117.15200814040855,902062840
iw,-78.5225296020507,-73.0924377441406,-224.03676180096298,116.7218969457597,902079507
iw,-73.6322631835937,-76.0247268676757,-215.18880037042788,108.06285464442806,902096174
iw,-70.135871887207,-78.5386199951171,-195.229282745652,92.08054223203226,902112841
iw,-67.2673187255859,-79.8309555053711,-167.03070940733812,71.62140836128715,902129508
iw,-64.8523483276367,-79.6922912597656,-134.91410959533812,50.61220259167598,902146175
iw,-63.9203262329101,-78.8473587036132,-103.66145551945095,32.81685510201891,902162842
iw,-63.646198272705,-78.6198043823242,-77.3899361979328,20.70673712246123,902179509
iw,-63.2240447998046,-79.2898330688476,-58.63203259126624,14.900013331989111,902196176
iw,-62.2611579895019,-80.3090667724609,-47.89078839242906,14.34322646347496,902212843
iw,-60.9184799194335,-81.233657836914,-43.762804629506505,17.052229245068478,902229510
iw,-59.8049850463867,-81.9690856933593,-43.51850293756792,21.009855619608537,902246177
iw,-58.9661903381347,-82.5756149291992,-43.89954185555277,24.829965392760165,902262844
iw,-58.6084747314453,-83.0773468017578,-41.88898454137742,27.98529517937212,902279511
iw,-58.1558570861816,-83.4771270751953,-35.29738577845894,30.628469824883567,902296178
iw,-57.3842163085937,-83.874038696289,-23.10607970216365,33.197263763422626,902312845
iw,-56.9046516418457,-84.4193878173828,-5.561324028827113,36.03428470533271,902329512
iw,-57.2418136596679,-85.1326904296875,15.971820426126785,39.17957724075331,902346179
iw,-58.4057464599609,-85.7630310058593,39.36292053754063,42.36937603983197,902362846
iw,-59.854076385498,-86.125862121582,62.19236745158234,45.166315325868915,902379513
iw,-61.332462310791,-86.3403396606445,82.22304040308562,47.10561967599742,902396180
iw,-62.6415634155273,-86.605354309082,97.7541505250534,47.774201724267044,902412847
iw,-64.1335220336914,-86.9589538574218,107.814360740663,46.809837322216886,902429514
iw,-65.961196899414,-87.1718826293945,112.22482636701082,43.86511253901548,902446181
iw,-67.9354400634765,-87.1026763916015,111.58487876421901,38.59339610182879,902462848
iw,-70.4344863891601,-86.8712539672851,107.19660684435675,30.685560296772675,902479515
iw,-72.5556488037109,-86.6437530517578,100.89315017444498,19.9457218532711,902496182
iw,-73.8583297729492,-86.5067138671875,94.72665090623565,6.369146297208562,902512849
iw,-74.7527313232421,-86.5017852783203,90.5306444998818,-9.815739131592814,902529516
iw,-75.9307022094726,-86.6577835083007,89.46371030157258,-28.162146821333316,902546183
iw,-77.4316253662109,-86.9158020019531,91.69304737099381,-48.07113613682528,902562850
iw,-79.1093368530273,-86.989875793457,96.34106998927552,-68.87872724220813,902579517
iw,-80.8535537719726,-86.4449920654296,101.71866371644614,-89.92236609683599,902596184
iw,-82.5669250488281,-85.1473159790039,105.77119583339807,-110.55672382767968,902612851
iw,-84.2144012451171,-83.2875289916992,106.61293665557233,-130.11781524993552,902629518
iw,-85.8933486938476,-81.1143646240234,103.02110699490605,-147.8641827898372,902646185
iw,-87.0998458862304,-78.6763458251953,94.77785970248542,-162.93968879239202,902662852
iw,-87.3451690673828,-75.9135055541992,82.7725604508688,-174.39985953520502,902679519
iw,-86.6525039672851,-72.9388046264648,68.81496235096569,-181.32461952237912,902696186
iw,-86.3192138671875,-69.8417892456054,55.177391078011695,-183.0081664036594,902712853
iw,-86.436294555664,-66.5448150634765,43.97810529945904,-179.1787067843542,902729520
iw,-86.4707489013671,-63.39448928833,36.601267894691595,-170.16969087731152,902746187
iw,-86.0799407958984,-60.6445388793945,33.36344647567375,-156.95694966791916,902762854
iw,-85.1281356811523,-58.3931121826171,33.54943924641117,-141.0068726365582,902779521
iw,-83.9451141357421,-56.7203521728515,35.7835446377207,-123.94850146286424,902796188
iw,-82.9303665161132,-55.4580192565918,38.560944057873385,-107.16223639243373,902812855
iw,-82.1271057128906,-54.2843513488769,40.71589370855086,-91.42893039937296,902829522
iw,-81.4633712768554,-52.9589691162109,41.66595532561069,-76.77239776587882,902846189
iw,-80.8430099487304,-51.5743675231933,41.39487259812745,-62.55411909428684,902862856
iw,-80.2723159790039,-50.4537925720214,40.24742676936235,-47.77761597421613,902879523
iw,-79.7210922241211,-49.8057479858398,38.66023435105851,-31.485924316159544,902896190
iw,-79.1326828002929,-49.6121444702148,36.939268789976495,-13.123435705110877,902912857
iw,-78.5355072021484,-49.7073135375976,35.14309696770557,7.2262928687885655,902929524
iw,-77.8994064331054,-49.8496322631835,33.072536448842634,28.76255631818963,902946191
iw,-77.2947387695312,-50.4317626953125,30.327868974351205,50.052161486348844,902962858
iw,-76.8435592651367,-51.6563529968261,26.385358513368903,69.26397523799596,902979525
iw,-76.5690460205078,-53.1841278076171,20.6612977452454,84.5205781474141,902996192
iw,-76.4008255004882,-54.6385078430175,12.55817255576551,94.30402834677128,903012859
iw,-76.3412857055664,-56.1986236572265,1.5060539747480584,97.83198225867477,903029526
iw,-76.535415649414,-57.9163360595703,-12.985307147524454,95.32466168484943,903046193
iw,-77.1335296630859,-59.5754165649414,-31.256531162728376,88.1018361177318,903062860
iw,-78.0377807617187,-61.3799324035644,-53.41149889703877,78.46437327910935,903079527
iw,-79.3248748779296,-62.7219848632812,-79.2168410715497,69.33151517053572,903096194
iw,-81.1089706420898,-63.3373756408691,-107.99461203702667,63.64734078487141,903112861
iw,-83.163589477539,-63.9004096984863,-138.52213959327662,63.65043242928193,903129528
iw,-85.0510635375976,-64.3854064941406,-168.9661165597129,70.19239408082568,903146195
iw,-86.1648788452148,-65.4307479858398,-196.8962496288284,82.33521379600836,903162862
iw,-85.4409561157226,-66.8930511474609,-219.4405613772493,97.40954379091143,903179529
iw,-82.8755569458007,-68.6419219970703,-233.63924148882174,111.5830980128565,903196196
iw,-79.1113204956054,-70.6655654907226,-237.0020177577225,120.82487885294026,903212863
iw,-74.3997421264648,-73.1463241577148,-228.17451899080226,122.01743863360768,903229530
iw,-70.4728240966796,-76.050048828125,-207.51503380096523,113.89985610240268,903246197
iw,-67.3399581909179,-78.7290420532226,-177.34440369159822,97.53195831181377,903262864
iw,-64.3622360229492,-80.3895721435546,-141.7018581976868,76.07276821220512,903279531
iw,-62.5106964111328,-80.4822921752929,-105.59497351656026,53.87530279685526,903296198
iw,-62.4636192321777,-79.6756820678711,-73.90662326097643,35.17121064231228,903312865
iw,-62.5851402282714,-79.1715316772461,-50.25658959686612,22.82484522872102,903329532
iw,-62.4137496948242,-79.2751770019531,-36.1629775815262,17.635267272979743,903346199
iw,-61.73482131958,-79.9419708251953,-30.769248514957365,18.424591047188102,903362866
iw,-60.7762947082519,-80.9000091552734,-31.20879384566728,22.798624824937168,903379533
iw,-59.8117980957031,-81.9740982055664,-33.460496079867646,28.194748613070242,903396200
iw,-59.1998672485351,-82.9158477783203,-33.41308313950438,32.76710491970855,903412867
iw,-58.7431983947753,-83.5783767700195,-27.845897399407875,35.79801960110975,903429534
iw,-58.2389831542968,-83.9865036010742,-15.112415928639015,37.57176724568833,903446201
iw,-57.8839263916015,-84.3490982055664,4.584897166181388,38.87872563936615,903462868
iw,-58.2185668945312,-84.8192672729492,29.35134750230764,40.437268097405266,903479535
iw,-59.6299209594726,-85.5762329101562,56.13128916138281,42.49263042266293,903496202
iw,-61.6536865234375,-86.3143768310546,81.47329228842568,44.71429103172177,903512869
iw,-63.7178382873535,-86.6133193969726,102.32381120819407,46.35207264053091,903529536
iw,-65.303466796875,-86.6029281616211,116.64429340383619,46.51062423778503,903546203
iw,-67.0471267700195,-86.6792297363281,123.72653071606611,44.39846267086214,903562870
iw,-69.5280151367187,-86.9407272338867,124.19148701439015,39.475669709057726,903579537
iw,-71.9678955078125,-87.2033386230468,119.72763144910697,31.50319881305038,903596204
iw,-74.0378112792968,-87.2596893310546,112.63807785941061,20.536865421887597,903612871
iw,-75.4796066284179,-87.2008895874023,105.26855615613833,6.900606309466767,903629538
iw,-76.3584518432617,-87.1706314086914,99.424154914902,-8.857696443166695,903646205
iw,-77.5082092285156,-87.3566970825195,95.93112337365956,-26.043826976415474,903662872
iw,-79.107795715332,-87.6569900512695,94.4965762716235,-43.93420866290158,903679539
iw,-81.0094680786132,-87.6742630004882,93.92882872148965,-61.907963483708166,903696206
iw,-82.8554306030273,-86.9304428100586,92.64099930046396,-79.54483576829026,903712873
iw,-84.5653457641601,-85.5931396484375,89.2504065520416,-96.64158180404594,903729540
iw,-86.0762405395507,-83.8689575195312,83.06343045141183,-113.13050358609911,903746207
iw,-87.2884902954101,-81.8606719970703,74.29720486852612,-128.92694249375114,903762874
iw,-87.9814224243164,-79.5838394165039,63.99186246891112,-143.76437430061284,903779541
iw,-88.1752319335937,-77.089599609375,53.666150240459395,-157.08309703514624,903796208
iw,-88.2155685424804,-74.3792877197265,44.84102708926987,-168.02334604953268,903812875
iw,-88.2778549194336,-71.3961410522461,38.58931724161174,-175.54424103432254,903829542
iw,-88.3025741577148,-68.0796432495117,35.256465478424666,-178.65169815925114,903846209
iw,-87.9109954833984,-64.8720932006836,34.43610360163628,-176.67668024434823,903862876
iw,-87.0668869018554,-62.169189453125,35.190284626150415,-169.5135680439554,903879543
iw,-86.0976104736328,-59.5384254455566,36.41404872287118,-157.726155724526,903896210
iw,-85.4300537109375,-57.1899681091308,37.19935836870484,-142.46440603041145,903912877
iw,-84.9689254760742,-55.5225067138671,37.07572475914292,-125.19785288768311,903929544
iw,-84.4831008911132,-54.2085151672363,36.076427303721,-107.33918021548429,903946211
iw,-83.8726348876953,-52.9058113098144,34.653590812770176,-89.87846229137614,903962878
iw,-83.2392044067382,-51.6312713623046,33.502770967811706,-73.15095337231641,903979545
iw,-82.6340942382812,-50.7437553405761,33.35352097859031,-56.81400474111524,903996212
iw,-81.9811019897461,-50.1067695617675,34.76082662049285,-40.037427130729654,904012879
iw,-81.2780990600586,-49.6364631652832,37.917692935980135,-21.851622647324835,904029546
iw,-80.6037216186523,-49.4056816101074,42.509105759640235,-1.5624723592596284,904046213
iw,-79.9747009277343,-49.4685173034668,47.63660549958174,20.875458050996777,904062880
iw,-79.3206710815429,-49.787612915039,51.85024940072141,44.638569210115534,904079547
iw,-78.4983139038086,-50.4451141357421,53.317824487055134,68.05781943462753,904096214
iw,-77.4866790771484,-51.6096801757812,50.12961157320346,88.92541496238591,904112881
iw,-76.4265670776367,-53.5572853088378,40.68478202363192,105.04053553827549,904129548
iw,-75.6103744506836,-56.1340370178222,24.05672757554494,114.85350516834951,904146215
iw,-75.4077606201171,-58.4138259887695,0.22238223139706592,117.99866129361519,904162882
iw,-76.0461349487304,-60.2951354980468,-29.916394120748212,115.51255668248243,904179549
iw,-77.4550476074218,-62.1479110717773,-64.70689298850905,109.63112940062,904196216
iw,-79.3891372680664,-63.8998680114746,-102.02053411538449,103.20438124112256,904212883
iw,-81.7535247802734,-65.16552734375,-139.5026540995872,98.89171585157118,904229550
iw,-84.1188354492187,-66.1909103393554,-174.71109322523628,98.36703810308656,904246217
iw,-85.9311981201171,-67.2291412353515,-205.14897086992698,101.77030516379065,904262884
iw,-86.2313232421875,-68.468032836914,-228.29020622224652,107.5961604588188,904279551
iw,-84.4045867919921,-70.2550964355468,-241.73706517131558,113.1046407705514,904296218
iw,-81.0692367553711,-72.5331802368164,-243.60153921323868,115.17949202734019,904312885
iw,-76.1703720092773,-75.2398529052734,-233.0695703261598,111.3868606665646,904329552
iw,-71.2280044555664,-77.9002227783203,-210.94578461682445,100.87176991135927,904346219
iw,-68.107192993164,-79.6246795654296,-179.8877905248062,84.7424571030624,904362886
iw,-65.8808670043945,-80.2879943847656,-144.10994534261258,65.76216845705046,904379553
iw,-64.7444763183593,-80.0892257690429,-108.555682564284,47.446476634446086,904396220
iw,-64.2936172485351,-79.8188018798828,-77.7819829657313,32.925690405814606,904412887
iw,-63.9817695617675,-79.9807052612304,-54.92845518095559,24.031758934595473,904429554
iw,-63.402473449707,-80.5375595092773,-41.10081974949356,20.943649336870866,904446221
iw,-62.4982261657714,-81.1981735229492,-35.32671507855544,22.449014126326183,904462888
iw,-61.4458770751953,-81.9572448730468,-35.0320768815266,26.61436614936059,904479555
iw,-60.5354423522949,-82.7015304565429,-36.829761220591884,31.532086513460218,904496222
iw,-59.9340095520019,-83.376708984375,-37.36193996510586,35.8572954000303,904512889
iw,-59.4923973083496,-84.0188980102539,-33.989118021705835,38.99961975453901,904529556
iw,-59.0542526245117,-84.5743713378906,-25.218844712084437,41.00348662146742,904546223
iw,-58.8323936462402,-85.0720825195312,-10.855904869335303,42.261207364956945,904562890
iw,-58.8117599487304,-85.4879837036132,8.095758117757166,43.22129190220953,904579557
iw,-59.3605461120605,-85.6301345825195,29.729882330072805,44.19437921095573,904596224
iw,-60.5364379882812,-85.4513244628906,51.66883988014329,45.27165576832348,904612891
iw,-61.8965873718261,-85.2020492553711,71.5445785843156,46.31075043511555,904629558
iw,-63.2676315307617,-85.1375961303711,87.43651138509789,46.93868109547465,904646225
iw,-64.7758331298828,-85.2017593383789,98.19166079564559,46.55740799328443,904662892
iw,-66.5055770874023,-85.1731033325195,103.59135274225241,44.3767621674876,904679559
iw,-68.2741394042968,-84.9622650146484,104.36108410959808,39.50856407724231,904696226
iw,-70.6638641357421,-84.676155090332,102.02740122028953,31.129404939492126,904712893
iw,-72.7292785644531,-84.4258499145507,98.61976423356943,18.679759972883566,904729560
iw,-73.8008346557617,-84.282112121582,96.22987450571303,2.0406765749849294,904746227
iw,-74.8028411865234,-84.3371505737304,96.49592492149502,-18.371501225947853,904762894
iw,-76.3122329711914,-84.727310180664,100.14737644899198,-41.62950798432081,904779561
iw,-78.1709594726562,-85.3448638916015,106.76464442008175,-66.43808612540451,904796228
iw,-80.1862640380859,-85.8122177124023,114.84503320469865,-91.353468108715,904812895
iw,-82.2140426635742,-85.5176925659179,122.15936776212091,-115.00937883140396,904829562
iw,-84.1484756469726,-84.0995025634765,126.29956929292052,-136.27977433934802,904846229
iw,-85.9156799316406,-81.90087890625,125.28537978100954,-154.33672098354995,904862896
iw,-87.237564086914,-79.3604507446289,118.10079956707358,-168.60362448856569,904879563
iw,-87.2704315185546,-76.7328948974609,105.0399466710107,-178.64462325523573,904896230
iw,-85.7245559692382,-73.994400024414,87.75385184993561,-184.06021229220346,904912897
iw,-84.4805145263671,-71.1806945800781,68.92887958125395,-184.46541215099847,904929564
iw,-84.4485397338867,-68.2227401733398,51.62396996438046,-179.59717488778415,904946231
iw,-84.9710235595703,-64.8619995117187,38.43868935949007,-169.53115342120518,904962898
iw,-85.1718826293945,-61.6999359130859,30.802014136622102,-154.90821204892825,904979565
iw,-84.4245223999023,-59.3115272521972,28.662747066857573,-137.02562748576122,904996232
iw,-83.1015853881836,-57.8529586791992,30.69586551629237,-117.68234157033007,905012899
iw,-81.9551925659179,-56.7614135742187,34.903409879456326,-98.781869875477,905029566
iw,-81.0903854370117,-55.7974739074707,39.328603643096585,-81.8273669510352,905046233
iw,-80.3111953735351,-54.9185791015625,42.60144541649277,-67.50846214568813,905062900
iw,-79.5367202758789,-53.9139022827148,44.160992275357685,-55.54342608918773,905079567
iw,-78.8241806030273,-52.8904800415039,44.15630742002031,-44.83269834239128,905096234
iw,-78.2442321777343,-51.9980239868164,43.13672935403415,-33.86058231932491,905112901
iw,-77.7874603271484,-51.4510498046875,41.68120639441358,-21.20233805649958,905129568
iw,-77.3258819580078,-51.3448829650878,40.10035678382209,-5.978373272939659,905146235
iw,-76.6913909912109,-51.2808609008789,38.294553626794304,11.862605486832827,905162902
iw,-75.9821548461914,-51.7117729187011,35.785645297979954,31.485456919450453,905179569
iw,-75.3585510253906,-52.6890640258789,31.879501575237576,51.330509153897104,905196236
iw,-74.8617324829101,-53.9183540344238,25.881022020892654,69.44648292924413,905212903
iw,-74.4799194335937,-55.2072982788085,17.28099326219247,83.91651717886941,905229570
iw,-74.2651672363281,-56.7339820861816,5.858071025785373,93.28959619070686,905246237
iw,-74.3744125366211,-58.5166816711425,-8.325062179379437,96.93841307211659,905262904
iw,-74.8992843627929,-60.3454132080078,-25.014994556975047,95.27858523154958,905279571
iw,-75.8088607788086,-62.2867164611816,-43.901268766402694,89.79249145846396,905296238
iw,-77.0643463134765,-63.9754180908203,-64.7219449412842,82.81337141114858,905312905
iw,-78.5953674316406,-65.0785598754882,-87.27732200891737,77.06318714153407,905329572
iw,-80.3152770996093,-65.9459152221679,-111.32137805366786,75.00893947496296,905346239
iw,-82.2428359985351,-66.790657043457,-136.3532205753907,78.18435404668308,905362906
iw,-84.4744415283203,-67.7853698730468,-161.3836997986274,86.67378248494084,905379573
iw,-86.6431655883789,-69.1486892700195,-184.78493754780104,98.93833467000468,905396240
iw,-87.4419784545898,-70.7735214233398,-204.32937052201783,112.07931157995814,905412907
iw,-85.2748641967773,-72.7258987426757,-217.48507925696447,122.51071608761686,905429574
iw,-81.7987670898437,-75.0870819091796,-221.95695220276193,126.89042840189566,905446241
iw,-77.4758224487304,-77.8706741333007,-216.3593810709754,123.06821560350318,905462908
iw,-73.0278778076171,-80.6249313354492,-200.80727285137425,110.7676494497621,905479575
iw,-69.6277999877929,-82.4367294311523,-177.1733117333972,91.75269164912191,905496242
iw,-67.0110168457031,-83.3706665039062,-148.83187047813237,69.365642682964,905512909
iw,-65.6747894287109,-83.4152221679687,-119.89237551916297,47.5504202201828,905529576
iw,-65.2742233276367,-83.0899353027343,-94.14204621283237,29.703947174020048,905546243
iw,-64.8483428955078,-83.0392303466796,-74.05930429269317,17.792709824700125,905562910
iw,-63.9245681762695,-83.3670883178711,-60.24612152532177,12.053261914836563,905579577
iw,-62.4670944213867,-83.8255615234375,-51.459871088949384,11.321230872471371,905596244
iw,-61.1836395263671,-84.3031616210937,-45.186438722336476,13.759824173149203,905612911
iw,-60.4037361145019,-84.9175109863281,-38.509068646108155,17.629050343417223,905629578
iw,-60.0138664245605,-85.62109375,-28.973660601275753,21.792008395538325,905646245
iw,-59.6603698730468,-86.2633590698242,-15.220174173575469,25.830989814576178,905662912
iw,-59.3072166442871,-86.7372131347656,2.73525649517514,29.835786690644195,905679579
iw,-59.379165649414,-87.0400466918945,23.587079908632003,34.04335164965599,905696246
iw,-60.6531105041503,-87.2646255493164,45.145889388351264,38.520030813338515,905712913
iw,-62.3682670593261,-87.2086639404296,64.94575078395378,43.004387772116154,905729580
iw,-64.0166091918945,-86.688850402832,80.87685123161675,46.92152029388466,905746247
iw,-65.4782333374023,-86.0507278442382,91.65854737046568,49.49838605531826,905762914
iw,-66.7611083984375,-85.618537902832,97.03715867553872,49.8930962664291,905779581
iw,-68.429443359375,-85.3651504516601,97.704782416911,47.2943221757579,905796248
iw,-70.2454071044921,-85.0589447021484,95.0211132287677,41.00454020069542,905812915
iw,-71.9412460327148,-84.5711135864257,90.64341537912317,30.543186656289,905829582
iw,-73.1679000854492,-84.1125717163086,86.1519930786295,15.778847844098717,905846249
iw,-74.1349182128906,-83.9459228515625,82.74134605752259,-2.9472125009260397,905862916
iw,-75.2671585083007,-84.1037979125976,81.0414882458063,-24.767907833645673,905879583
iw,-76.8522338867187,-84.5096282958984,81.11399633511175,-48.35202612372759,905896250
iw,-78.5946960449218,-85.1292266845703,82.61259581330715,-72.08199045594999,905912917
iw,-80.2579727172851,-85.6348037719726,85.02861207256278,-94.30778960771276,905929584
iw,-81.78759765625,-85.4206314086914,87.90490827908572,-113.61525068227833,905946251
iw,-83.1579971313476,-84.1858825683593,90.92678769644586,-129.0449227797143,905962918
iw,-84.4063034057617,-82.2105865478515,93.86912722056655,-140.20977768601344,905979585
iw,-85.5548553466796,-79.8517150878906,96.45337046418247,-147.28142563270762,905996252
iw,-86.4200744628906,-77.3760833740234,98.21040831964828,-150.84487609955693,906012919
iw,-86.828742980957,-74.9474105834961,98.44313091424574,-151.6590906890555,906029586
iw,-86.5220489501953,-72.7231750488281,96.34109656094307,-150.3958976006547,906046253
iw,-85.6002044677734,-70.5115585327148,91.23403144037142,-147.44731951800432,906062920
iw,-84.3132171630859,-68.1356353759765,82.90192379537939,-142.87435335155286,906079587
iw,-82.8579788208007,-65.6984176635742,71.81471437496327,-136.51401414615373,906096254
iw,-81.7098083496093,-63.2674980163574,59.17987907885143,-128.1861174348166,906112921
iw,-81.0918197631836,-61.1544342041015,46.739987515305685,-117.88846666736171,906129588
iw,-80.7743759155273,-59.5953483581543,36.363049490633486,-105.87519604936236,906146255
iw,-80.5403823852539,-58.4461326599121,29.559127998941918,-92.57938678676759,906162922
iw,-80.2464981079101,-57.4548568725585,27.09022621686279,-78.42947350722015,906179589
iw,-79.7237167358398,-56.6023178100585,28.799962332710262,-63.66709389389619,906196256
iw,-78.9639511108398,-55.8936195373535,33.698300480738666,-48.27154695029077,906212923
iw,-78.0750732421875,-55.3100547790527,40.241231750234995,-32.041338654740514,906229590
iw,-77.2345581054687,-54.8676376342773,46.68895737801828,-14.809212849171564,906246257
iw,-76.4749679565429,-54.5590591430664,51.428099766079534,3.294745149110988,906262924
iw,-75.7674026489257,-54.5585212707519,53.19146434383256,21.647370769474055,906279591
iw,-74.9821166992187,-55.0031356811523,51.16778494405379,39.10726928441658,906296258
iw,-74.153450012207,-56.0774230957031,45.02888745126744,54.20680339354632,906312925
iw,-73.423843383789,-57.7827262878418,34.90100692249331,65.52043455707269,906329592
iw,-72.9535598754882,-59.3127403259277,21.286650515879003,72.08657144968564,906346259
iw,-72.8625869750976,-60.6075897216796,4.9309756659731825,73.72934995679849,906362926
iw,-73.180191040039,-61.8239097595214,-13.361615473223322,71.16993847687178,906379593
iw,-73.9281387329101,-63.0153732299804,-32.924932987599774,65.90700115196657,906396260
iw,-75.0358810424804,-64.0867919921875,-53.37963775288057,59.924851345241834,906412927
iw,-76.372085571289,-65.1920700073242,-74.66729974054132,55.31677211695709,906429594
iw,-77.8403167724609,-66.0942840576171,-96.93432058190137,53.89651531784461,906446261
iw,-79.5546569824218,-66.9192199707031,-120.28434408518895,56.84625604749963,906462928
iw,-81.703369140625,-67.6172790527343,-144.4722483426307,64.44115328782881,906479595
iw,-84.2155532836914,-68.4288635253906,-168.64270930610837,75.901597249597,906496262
iw,-86.6444473266601,-69.5932464599609,-191.21210550310266,89.43366022185332,906512929
iw,-87.5582427978515,-71.111831665039,-209.96352502541797,102.50023695011446,906529596
iw,-85.2817077636718,-72.9251174926757,-222.38333517965307,112.31120273594009,906546263
iw,-81.965835571289,-74.9771194458007,-226.21345656127676,116.44752457060406,906562930
iw,-77.8639450073242,-77.1593017578125,-220.11755508562354,113.4707853401185,906579597
iw,-72.8578033447265,-79.2136764526367,-204.26995282466487,103.34109029862387,906596264
iw,-69.0823974609375,-80.8547973632812,-180.61893537204628,87.49080004078073,906612931
iw,-66.623176574707,-81.9284133911132,-152.62226714850792,68.4890592881793,906629598
iw,-65.4901733398437,-82.3108596801757,-124.43592781820226,49.370763257384056,906646265
iw,-65.0789337158203,-82.3614883422851,-99.78928535159682,32.84376950152512,906662932
iw,-64.532112121582,-82.5056915283203,-80.95390286883965,20.653908923514834,906679599
iw,-63.3649559020996,-82.9051666259765,-68.1936801493475,13.325230355648934,906696266
iw,-61.6748313903808,-83.3769760131836,-59.87746029254211,10.323480527809517,906712933
iw,-60.217227935791,-83.8287353515625,-53.16024249206849,10.50724556328683,906729600
iw,-59.2645606994628,-84.3243865966796,-44.94175725163739,12.63448379227585,906746267
iw,-58.7760543823242,-84.8580627441406,-32.771713540355705,15.72051761460202,906762934
iw,-58.4877586364746,-85.3638000488281,-15.465190645059845,19.156857193638054,906779601
iw,-58.3509826660156,-85.7455978393554,6.668924150675842,22.62225991282102,906796268
iw,-58.9001235961914,-85.9341735839843,31.97207388057556,25.890005748902148,906812935
iw,-60.2952156066894,-85.9842910766601,57.87067680440666,28.64369751783441,906829602
iw,-61.8626098632812,-85.8938217163086,81.47835854700052,30.37695857262367,906846269
iw,-63.4220924377441,-85.7579040527343,100.2241664488794,30.40004198622665,906862936
iw,-65.099868774414,-85.7002182006836,112.37954735248186,27.933447067653642,906879603
iw,-67.3414993286132,-85.7930450439453,117.39819532848996,22.248707061010318,906896270
iw,-69.6679611206054,-85.9986038208007,116.02165569251399,12.819260428391654,906912937
iw,-72.1319885253906,-86.2124481201171,110.1242794157533,-0.5430110107888222,906929604
iw,-73.8208847045898,-86.3587417602539,102.29619656244958,-17.583458858794895,906946271
iw,-74.7066192626953,-86.4064254760742,95.22369075952969,-37.555844765731614,906962938
iw,-75.5700073242187,-86.1767425537109,91.01431154275043,-59.25923727199686,906979605
iw,-76.8600387573242,-85.3998489379882,90.67151447361533,-81.18189884674221,906996272
iw,-78.5938568115234,-84.1019287109375,93.89134490178824,-101.74108637908272,907012939
iw,-80.5906295776367,-82.328010559082,99.23329803523296,-119.56381101044289,907029606
iw,-82.6233901977539,-80.1605377197265,104.57883429364114,-133.7229698876474,907046273
iw,-84.3715515136718,-77.7285766601562,107.71235542825323,-143.8465257004226,907062940
iw,-85.8198928833007,-75.1242446899414,106.86579693068211,-150.05789572120355,907079607
iw,-87.0198135375976,-72.4887008666992,101.12490011865071,-152.7690224221749,907096274
iw,-87.6830291748046,-70.1006393432617,90.6483064775231,-152.40992924525736,907112941
iw,-86.9275741577148,-67.9382781982421,76.67073130192826,-149.21460022016413,907129608
iw,-85.9940109252929,-65.4892883300781,61.26574524913504,-143.17079080733637,907146275
iw,-85.6242218017578,-62.9831275939941,46.876467121294674,-134.17176394430427,907162942
iw,-85.6292419433593,-60.5619201660156,35.703977251832,-122.30214297587861,907179609
iw,-85.6247634887695,-58.5493659973144,29.132969249743095,-108.10380874321974,907196276
iw,-85.2694015502929,-57.1823844909668,27.397437761619056,-92.65924771268014,907212943
iw,-84.5204544067382,-56.2664680480957,29.60815811132453,-77.41258526230078,907229610
iw,-83.594612121582,-55.7423439025878,34.11658293340034,-63.77794784483776,907246277
iw,-82.6257934570312,-55.3094062805175,39.059739902754075,-52.6899031135399,907262944
iw,-81.7605056762695,-54.7965850830078,42.88213539113297,-44.2800843735031,907279611
iw,-80.9763565063476,-54.165958404541,44.67207390616473,-37.81032742718832,907296278
iw,-80.2847747802734,-53.4847908020019,44.2435043944739,-31.888146987568728,907312945
iw,-79.6843948364257,-52.9088058471679,41.99070507570668,-24.88534358958809,907329612
iw,-79.1654586791992,-52.5898513793945,38.607359271492186,-15.417506674285898,907346279
iw,-78.7135162353515,-52.5095710754394,34.7823106297591,-2.7386595152658355,907362946
iw,-78.2723693847656,-52.7656211853027,30.966748575751442,13.049010750315784,907379613
iw,-77.8120727539062,-53.4090957641601,27.265343588818528,31.002635453974953,907396280
iw,-77.3280639648437,-54.2332611083984,23.45357450994669,49.53438220810391,907412947
iw,-76.8475341796875,-55.1360168457031,19.081643931226065,66.73083343470341,907429614
iw,-76.5255966186523,-56.2421379089355,13.6048113335089,80.72573201438458,907446281
iw,-76.3991928100586,-57.7696800231933,6.486105769811127,90.06723433398965,907462948
iw,-76.5109481811523,-59.6513404846191,-2.754449770467105,94.02890747658935,907479615
iw,-76.8647689819336,-61.318733215332,-14.533759506815793,92.81052246118445,907496282
iw,-77.469367980957,-62.970962524414,-29.205639196934722,87.57357448701386,907512949
iw,-78.3396987915039,-64.663818359375,-47.02483531592651,80.27429501979465,907529616
iw,-79.4959564208984,-66.0720901489257,-68.0513410928824,73.29448066889175,907546283
iw,-80.9462280273437,-67.1058654785156,-92.00401389899648,68.91835798211852,907562950
iw,-82.8317718505859,-67.6826477050781,-118.10557137268029,68.7559858696147,907579617
iw,-85.1069564819336,-68.2991638183593,-144.98103407666198,73.26055228445588,907596284
iw,-87.5660324096679,-69.2784423828125,-170.67155564003232,81.50230375684089,907612951
iw,-88.510498046875,-70.6885757446289,-192.80657697421432,91.31666101432106,907629618
iw,-85.7174224853515,-72.5691833496093,-208.94347947875065,99.83572108523076,907646285
iw,-82.0176086425781,-74.802864074707,-217.03585549786496,104.2763472906759,907662952
iw,-77.8382568359375,-76.9654312133789,-215.93115282820568,102.75035096029845,907679619
iw,-73.5250625610351,-78.7660598754882,-205.74493078731578,94.8312201670978,907696286
iw,-70.5434188842773,-80.2276458740234,-187.9519131472736,81.67826243225568,907712953
iw,-67.7898330688476,-81.1892700195312,-165.1052095066868,65.66721735425077,907729620
iw,-65.5360107421875,-81.4911880493164,-140.22805857272522,49.65608077360934,907746287
iw,-64.1548309326171,-81.5085144042968,-116.05262089517579,36.15507300707493,907762954
iw,-63.2476692199707,-81.7913970947265,-94.34598209384491,26.70398739564474,907779621
iw,-62.4542808532714,-82.3460693359375,-75.54392674437624,21.66209004837924,907796288
iw,-61.1946449279785,-82.9760513305664,-58.81714879956688,20.427182887637976,907812955
iw,-60.0645561218261,-83.6264953613281,-42.547431582157394,21.918437300262777,907829622
iw,-59.2919921875,-84.265266418457,-25.043936453135153,25.073888423063256,907846289
iw,-58.9113807678222,-84.9394912719726,-5.247513695256367,29.156207355952535,907862956
iw,-58.9226570129394,-85.5703964233398,16.811348035367363,33.786847560358204,907879623
iw,-59.332706451416,-86.1215667724609,39.93726593560445,38.763537252707245,907896290
iw,-60.7018661499023,-86.5708694458007,62.08280312577959,43.7975128326225,907912957
iw,-62.8109474182128,-86.90673828125,80.93185523805113,48.312897742408,907929624
iw,-64.691535949707,-87.0646209716796,94.55315395865676,51.39792424610245,907946291
iw,-66.4023056030273,-86.9518814086914,101.91190913066657,51.92186992754136,907962958
iw,-67.9397735595703,-86.6337280273437,103.09800340048658,48.76655221437304,907979625
iw,-69.5322113037109,-86.3373489379882,99.24561530172767,41.08818402625585,907996292
iw,-71.1463623046875,-86.1703948974609,92.21823048149878,28.52905326833925,908012959
iw,-72.5890884399414,-86.1356353759765,84.17581695306025,11.327497574699766,908029626
iw,-73.7177963256836,-86.2518997192382,77.13623014269834,-9.690817896948396,908046293
iw,-74.6357345581054,-86.5550231933593,72.62068116215812,-33.23160135312186,908062960
iw,-75.6688385009765,-86.9233016967773,71.4481354216715,-57.73539397821917,908079627
iw,-77.0765914916992,-86.8545303344726,73.70821765314057,-81.62612919319785,908096294
iw,-78.7764587402343,-86.0114440917968,78.88974974425888,-103.55165026598439,908112961
iw,-80.3335037231445,-84.4523544311523,86.08942090039363,-122.55927318069885,908129628
iw,-81.8468627929687,-82.3470916748046,94.20618103529708,-138.16391348890025,908146295
iw,-83.3005447387695,-79.9196395874023,102.05985942831626,-150.29666834291515,908162962
iw,-84.6593246459961,-77.269905090332,108.43812411754334,-159.15645150950917,908179629
iw,-85.9375,-74.3048706054687,112.13238600247526,-165.0143691996364,908196296
iw,-86.8464431762695,-71.3478393554687,112.0372662818081,-168.03362751334976,908212963
iw,-86.7409973144531,-68.6871185302734,107.35143504376879,-168.16585554851977,908229630
iw,-85.541877746582,-65.8992538452148,97.84621550350091,-165.16704114592005,908246297
iw,-84.1023254394531,-63.0007362365722,84.0978740672485,-158.73867448624503,908262964
iw,-82.7057800292968,-60.370807647705,67.55234653148665,-148.74469755851536,908279631
iw,-81.8776702880859,-58.0356750488281,50.33300751040553,-135.40686677657945,908296298
iw,-81.6842193603515,-56.1309852600097,34.80259972160239,-119.37578773910005,908312965
iw,-81.7429428100586,-54.6312828063964,23.004267421061826,-101.62455396688551,908329632
iw,-81.7142562866211,-53.5745162963867,16.174414625533544,-83.19170715853494,908346299
iw,-81.4393005371093,-52.9665908813476,14.500429983287553,-64.87034287551357,908362966
iw,-80.8741989135742,-52.6062507629394,17.19436186051311,-46.972027935244114,908379633
iw,-80.138931274414,-52.3088340759277,22.822525378679533,-29.276478815170346,908396300
iw,-79.4332809448242,-52.0388107299804,29.738781192254905,-11.213643812304559,908412967
iw,-78.8419189453125,-51.8556823730468,36.45683117223122,7.767478999998387,908429634
iw,-78.2785263061523,-51.8746910095214,41.857838709380125,27.775294700112422,908446301
iw,-77.6653671264648,-52.2556343078613,45.22010713789757,48.171726033528934,908462968
iw,-76.9608459472656,-53.1584739685058,46.12707862081441,67.536155860009,908479635
iw,-76.2407455444336,-54.9110069274902,44.332362341257785,83.95122170097991,908496302
iw,-75.6528396606445,-57.3223571777343,39.64319884072436,95.53292339558804,908512969
iw,-75.2112045288086,-59.4448165893554,31.852370526815864,101.01571921441554,908529636
iw,-74.9018249511718,-61.0107192993164,20.7240943418245,100.17356885188677,908546303
iw,-74.7704925537109,-62.4695205688476,6.02713165796157,93.93349313078261,908562970
iw,-74.959487915039,-63.7776107788085,-12.396659512299113,84.17337805595471,908579637
iw,-75.5341415405273,-64.6609497070312,-34.54213630644602,73.30678872278393,908596304
iw,-76.4899063110351,-65.9856033325195,-60.14278393701247,63.79221144986789,908612971
iw,-77.9085006713867,-66.8827209472656,-88.57747831841138,57.673337540542185,908629638
iw,-79.796875,-67.657470703125,-118.79546229615454,56.208187196805454,908646305
iw,-82.0699157714843,-68.2823791503906,-149.27626482547382,59.619567508192695,908662972
iw,-84.6270599365234,-68.9932403564453,-178.04663523660864,67.00597265745401,908679639
iw,-86.7735366821289,-69.9808349609375,-202.78276785269688,76.46341913434824,908696306
iw,-86.8142700195312,-71.4007492065429,-221.02967298357441,85.44795701632043,908712973
iw,-84.2173843383789,-72.9944992065429,-230.5592832870624,91.34352043832702,908729640
iw,-80.4932861328125,-74.603271484375,-229.8473567841642,92.11518552521669,908746307
iw,-75.4759902954101,-76.2382278442382,-218.57132359607192,86.86759953017697,908762974
iw,-71.7148818969726,-77.844123840332,-197.95035654622964,76.12625844443335,908779641
iw,-68.8956146240234,-79.038345336914,-170.7346827185802,61.725137827833954,908796308
iw,-66.6711044311523,-79.5602951049804,-140.75154660171648,46.30589638846961,908812975
iw,-65.3134460449218,-79.6088409423828,-112.09361967954281,32.57702159813524,908829642
iw,-64.5555725097656,-79.7187805175781,-88.18989990360643,22.585313784233204,908846309
iw,-63.7881546020507,-80.0267181396484,-71.04809588966022,17.25396777151798,908862976
iw,-62.6785430908203,-80.4384460449218,-60.889100462612056,16.32703129837709,908879643
iw,-61.32222366333,-80.954345703125,-56.24883603132153,18.687595087158034,908896310
iw,-60.1635704040527,-81.57177734375,-54.46692001893459,22.87742527878024,908912977
iw,-59.3198509216308,-82.1847305297851,-52.38315690073415,27.598654732344126,908929644
iw,-58.7385139465332,-82.7891998291015,-47.05356774980392,32.02605005655498,908946311
iw,-58.2165794372558,-83.3270034790039,-36.351572468138784,35.862327941104006,908962978
iw,-57.6417427062988,-83.7786178588867,-19.379984029359747,39.17684262792771,908979645
iw,-57.2813148498535,-84.1279144287109,3.3506364073530994,42.13739888233881,908996312
iw,-57.5806617736816,-84.3908081054687,30.01100593672332,44.75784337761031,909012979
iw,-58.9467048645019,-84.5689544677734,57.81476244031493,46.74869059831856,909029646
iw,-60.6068229675293,-84.6798782348632,83.59484439263578,47.50006354510697,909046313
iw,-62.5578956604003,-84.8133697509765,104.46689385882313,46.17521308733489,909062980
iw,-64.4864807128906,-85.0154418945312,118.42258134768542,41.8685526157665,909079647
iw,-66.5013351440429,-85.2555847167968,124.72431064772567,33.785315202025416,909096314
iw,-68.8792495727539,-85.4281692504882,124.03173475542938,21.414460334916008,909112981
iw,-71.4807357788086,-85.461799621582,118.24190232460785,4.673566020648489,909129648
iw,-73.3143768310546,-85.4548568725586,110.06181280659153,-16.00107565492568,909146315
iw,-74.4289169311523,-85.5098800659179,102.37918277226449,-39.652147358313194,909162982
iw,-75.4621047973632,-85.4540328979492,97.56582616821183,-64.90943531065102,909179649
iw,-76.9416809082031,-84.8278198242187,96.9013158317003,-90.19775747524064,909196316
iw,-78.6706619262695,-83.4433898925781,100.28680909940671,-113.98996077547196,909212983
iw,-80.4839935302734,-81.528823852539,106.32259008772738,-135.0214330310206,909229650
iw,-82.2539749145507,-79.3734893798828,112.7045080279765,-152.39307766101254,909246317
iw,-83.8461380004882,-77.0147094726562,116.81820470382752,-165.5418643877761,909262984
iw,-85.1839981079101,-74.4527587890625,116.39242075168993,-174.12510093682243,909279651
iw,-86.1912155151367,-71.4149322509765,110.0850666120357,-177.90622278343102,909296318
iw,-86.1007690429687,-68.4187927246093,97.88442639580094,-176.72096020013325,909312985
iw,-84.7570877075195,-65.4576110839843,81.21004692439007,-170.5509186811099,909329652
iw,-83.8765029907226,-62.7363471984863,62.6291766014007,-159.6693616254189,909346319
iw,-83.8298187255859,-60.4232025146484,45.20525596872202,-144.78282485958977,909362986
iw,-84.1457595825195,-58.2249717712402,31.650702338825496,-127.08476683666449,909379653
iw,-84.3389511108398,-56.2494926452636,23.578411819167744,-108.16001101092297,909396320
iw,-83.8681259155273,-54.8915824890136,21.135604071633875,-89.72352476540415,909412987
iw,-82.9243545532226,-54.1470146179199,23.142744236869973,-73.23834012198684,909429654
iw,-81.9903869628906,-53.7515068054199,27.638296813832063,-59.52267729924209,909446321
iw,-81.182632446289,-53.3327445983886,32.57422804622493,-48.49529846671503,909462988
iw,-80.5127487182617,-52.674747467041,36.39110932791472,-39.18503115380408,909479655
iw,-79.8861541748046,-51.8449935913085,38.306071222417,-30.03798416570834,909496322
iw,-79.3264694213867,-51.1162757873535,38.29233955461806,-19.433429381749647,909512989
iw,-78.8633270263671,-50.8084754943847,36.83993867208901,-6.230368740074049,909529656
iw,-78.4213333129882,-50.8740882873535,34.63073912650525,9.843456824138586,909546323
iw,-77.9581298828125,-51.3893699645996,32.2454812065949,28.081170208653248,909562990
iw,-77.4973526000976,-52.3229598999023,29.97239099209892,46.981424889401715,909579657
iw,-77.0535049438476,-53.571231842041,27.733997976723774,64.65045047264904,909596324
iw,-76.667236328125,-54.9494667053222,25.110485656285853,79.29042473326794,909612991
iw,-76.3226089477539,-56.4473190307617,21.42218245773805,89.63758534782038,909629658
iw,-76.0195693969726,-58.255142211914,15.836845107221983,95.24508781324083,909646325
iw,-75.8860092163086,-60.152000427246,7.479978020508548,96.55479359587098,909662992
iw,-76.0585250854492,-61.8662567138671,-4.458688994736187,94.75308655425602,909679659
iw,-76.5899887084961,-63.2222747802734,-20.61600243839227,91.45328604349503,909696326
iw,-77.4050140380859,-64.5418319702148,-41.32955022365024,88.28767180545479,909712993
iw,-78.5226974487304,-65.984634399414,-66.48749061627156,86.51262112476238,909729660
iw,-80.0264587402343,-67.4401168823242,-95.36960902087051,86.71831249519919,909746327
iw,-81.9877319335937,-68.6596221923828,-126.5266269006329,88.69791943048041,909762994
iw,-84.3894424438476,-69.5476760864257,-157.7659585957637,91.49645362875386,909779661
iw,-87.1247177124023,-70.6901397705078,-186.30773067464915,93.64112524740575,909796328
iw,-88.5783920288086,-72.2069015502929,-209.14182936917422,93.53596157317115,909812995
iw,-85.6762237548828,-74.2609710693359,-223.56073716047595,89.95475834078742,909829662
iw,-81.4188842773437,-76.4120254516601,-227.77114870905075,82.49266901748759,909846329
iw,-76.003547668457,-77.7200927734375,-221.41359841004297,71.79224994952105,909862996
iw,-72.5073699951171,-78.1935653686523,-205.7826508600796,59.40921270133428,909879663
iw,-70.1480484008789,-78.1675415039062,-183.5991320877863,47.333916403791505,909896330
iw,-68.0706787109375,-78.3624877929687,-158.35405803803832,37.35760718317928,909912997
iw,-66.1125183105468,-79.0449600219726,-133.43424177642206,30.552774838025577,909929664
iw,-64.4247665405273,-79.9675979614257,-111.32477407903482,27.068854472444805,909946331
iw,-62.8177337646484,-80.7594985961914,-93.12170692103349,26.278159551141325,909962998
iw,-61.5325050354003,-81.3532791137695,-78.44856940628976,27.152254391869757,909979665
iw,-60.4912147521972,-81.9314804077148,-65.7439239342918,28.685098776211674,909996332
iw,-59.6836891174316,-82.5129241943359,-52.81348251269676,30.20879913776971,910012999
iw,-59.0377120971679,-83.0813980102539,-37.5098611131135,31.52381023389216,910029666
iw,-58.5081062316894,-83.6411895751953,-18.392279699896058,32.84202033917739,910046333
iw,-57.977684020996,-84.1540069580078,4.784315090456661,34.59460944893138,910063000
iw,-57.7917594909668,-84.5868072509765,30.8864746078589,37.18001797229727,910079667
iw,-59.0915336608886,-84.8974609375,57.605096767648156,40.724514710963334,910096334
iw,-61.3877449035644,-85.1061096191406,82.01247045361262,44.910098744008586,910113001
iw,-63.4385032653808,-85.2593841552734,101.31051099774305,48.904183621209484,910129668
iw,-65.3638153076171,-85.4035568237304,113.53141499939619,51.408786995358234,910146335
iw,-67.0270690917968,-85.5610809326171,117.98693158139018,50.83212961316953,910163002
iw,-69.0518569946289,-85.6806259155273,115.37918013777104,45.5670668916922,910179669
iw,-71.2014541625976,-85.6858444213867,107.59912040001387,34.335306706826834,910196336
iw,-72.9673538208007,-85.6108169555664,97.29434095202438,16.52847412780296,910213003
iw,-74.2039260864257,-85.6443710327148,87.30193330232312,-7.540601494288389,910229670
iw,-75.0451126098632,-85.8894348144531,80.05612902330513,-36.55730839164713,910246337
iw,-75.9700469970703,-86.3002166748046,77.09976473501953,-68.34219558310636,910263004
iw,-77.4238967895507,-86.2947769165039,78.81956839175089,-100.19534474266841,910279671
iw,-79.0466690063476,-85.0713729858398,84.46284661355247,-129.373472933877,910296338
iw,-80.7477264404296,-82.8252029418945,92.40014671748058,-153.57586561587436,910313005
iw,-82.4038391113281,-79.9870071411132,100.52926403937423,-171.30534040716063,910329672
iw,-83.8977432250976,-76.9382247924804,106.70652275472226,-182.00951102519957,910346339
iw,-85.1802139282226,-73.8238220214843,109.13047401473915,-185.9819547156637,910363006
iw,-86.2082138061523,-70.7583389282226,106.64951070990566,-184.08315925906484,910379673
iw,-86.5337219238281,-68.0822296142578,98.982451053156,-177.3979776885939,910396340
iw,-85.8291854858398,-65.4859771728515,86.8237437208847,-166.95967386395185,910413007
iw,-84.8075256347656,-62.7552108764648,71.77953964787592,-153.63244592213124,910429674
iw,-84.0172882080078,-60.2057075500488,56.08892766941167,-138.16420806126186,910446341
iw,-83.7803192138671,-58.0263710021972,42.14781948813091,-121.33370475556688,910463008
iw,-83.8184509277343,-56.2436370849609,31.947522090544656,-104.06830778632646,910479675
iw,-83.6685333251953,-54.7733078002929,26.606055684769537,-87.4286685623197,910496342
iw,-83.1738967895507,-53.8640174865722,26.15481547010396,-72.43014189546548,910513009
iw,-82.4149627685546,-53.2672233581543,29.643984394780926,-59.75836596267252,910529676
iw,-81.5565032958984,-52.8273391723632,35.501294141621585,-49.49810725535306,910546343
iw,-80.697265625,-52.3751678466796,41.9911489320542,-41.00522435386528,910563010
iw,-79.9106140136718,-51.7924423217773,47.6129740902483,-33.00542815621339,910579677
iw,-79.1775817871093,-51.1748313903808,51.336833631791514,-23.918193705443027,910596344
iw,-78.43408203125,-50.7440567016601,52.657878720176726,-12.316187430218244,910613011
iw,-77.6702041625976,-50.5928726196289,51.516347540110566,2.6227508385176233,910629678
iw,-76.9030303955078,-50.7297286987304,48.15472158606741,20.81316243004926,910646345
iw,-76.1607360839843,-51.4725303649902,42.97106444688923,41.2008192760963,910663012
iw,-75.511001586914,-52.750389099121,36.39676691588603,61.956847478175746,910679679
iw,-75.0402145385742,-54.1856880187988,28.80016984033102,80.86517824714873,910696346
iw,-74.7695236206054,-55.59228515625,20.408335814664248,95.79563678564944,910713013
iw,-74.6453475952148,-57.2715034484863,11.24676654526669,105.15272030232167,910729680
iw,-74.6501235961914,-59.4435806274414,1.1091400401435962,108.21665678542652,910746347
iw,-74.800910949707,-61.5571365356445,-10.426609066126082,105.31960861226959,910763014
iw,-75.1953735351562,-63.1806106567382,-23.927081006385734,97.81653357252031,910779681
iw,-75.8654098510742,-64.523208618164,-39.981461945801826,87.83529216214781,910796348
iw,-76.8916397094726,-65.7347259521484,-59.04377773087929,77.83747321540403,910813015
iw,-78.2566223144531,-66.5280685424804,-81.25951011611015,70.07619867122543,910829682
iw,-80.0199127197265,-67.2959976196289,-106.29982210580228,66.07573984487883,910846349
iw,-82.1783752441406,-68.0695037841796,-133.23164977562664,66.26720844416185,910863016
iw,-84.7818832397461,-69.1008071899414,-160.4594630021405,69.88962136854545,910879683
iw,-87.5515975952148,-70.3232803344726,-185.78117305148933,75.20303847942384,910896350
iw,-89.3107376098632,-71.8172607421875,-206.59950677788308,79.97001506900621,910913017
iw,-85.9137115478515,-73.3768081665039,-220.30984821687946,82.07372569539905,910929684
iw,-82.0367126464843,-74.8178176879882,-224.83395143103968,80.09313712531583,910946351
iw,-77.3925704956054,-76.2680892944336,-219.18815498838885,73.66839196759676,910963018
iw,-73.226333618164,-77.4562301635742,-203.89874891796214,63.556518652094496,910979685
iw,-70.1491546630859,-78.2067031860351,-181.0664348467022,51.37363349783876,910996352
iw,-67.8948974609375,-78.562629699707,-153.9794421100479,39.11637846498485,911013019
iw,-66.5333175659179,-78.8517913818359,-126.35401152123326,28.624163642648742,911029686
iw,-65.558349609375,-79.3599243164062,-101.44646768582216,21.156534831990463,911046353
iw,-64.4931716918945,-79.9054107666015,-81.33758841721443,17.20380588827317,911063020
iw,-63.2081832885742,-80.3935241699218,-66.60957341459817,16.54789136866194,911079687
iw,-61.8256034851074,-80.8561248779296,-56.46823255570384,18.496955461388584,911096354
iw,-60.7011604309082,-81.3558044433593,-49.19725855556097,22.175159371051166,911113021
iw,-59.9420623779296,-81.8932495117187,-42.743864496305974,26.762928244375775,911129688
iw,-59.4748344421386,-82.4320831298828,-35.24830611653696,31.63051797262497,911146355
iw,-59.1213684082031,-82.9782028198242,-25.40812030439497,36.36047208742053,911163022
iw,-58.8823165893554,-83.5510787963867,-12.651622009511957,40.693249151386105,911179689
iw,-58.9238777160644,-84.0822525024414,2.854980662482959,44.44520819318757,911196356
iw,-59.2124938964843,-84.5443954467773,20.327512784412423,47.43990783221203,911213023
iw,-59.9841613769531,-84.9494094848632,38.570110233328904,49.47204082961023,911229690
iw,-61.1519203186035,-85.3239593505859,56.22312705945768,50.30159274701887,911246357
iw,-62.4323234558105,-85.6907958984375,72.0026879313865,49.66407277949257,911263024
iw,-63.8266296386718,-86.0055618286132,84.88799829121476,47.28374424027772,911279691
iw,-65.2198181152343,-86.2441787719726,94.23681058229771,42.886103554298764,911296358
iw,-66.6819915771484,-86.3613739013671,99.84094801574064,36.21505612198505,911313025
iw,-68.3483276367187,-86.2806396484375,101.94938835232249,27.06254956437308,911329692
iw,-70.5207595825195,-86.132698059082,101.27077051496778,15.312493200402425,911346359
iw,-72.6226348876953,-86.0840377807617,98.9301440538147,0.9909550501166529,911363026
iw,-74.1811752319336,-86.1098251342773,96.33100620680999,-15.69265803547656,911379693
iw,-75.4060897827148,-86.179458618164,94.89678680226444,-34.32968493451205,911396360
iw,-76.7526779174804,-86.18310546875,95.73151236565879,-54.3321029460952,911413027
iw,-78.3933410644531,-85.8354797363281,99.29951038683384,-74.98707534627621,911429694
iw,-80.0589294433593,-84.9107284545898,105.23217466127609,-95.52998082626337,911446361
iw,-81.7019424438476,-83.4323654174804,112.32655749085387,-115.20897257262426,911463028
iw,-83.3719406127929,-81.5031051635742,118.74435172646443,-133.31639213209363,911479695
iw,-84.8174514770507,-79.2132034301757,122.38103238519157,-149.1794555444065,911496362
iw,-86.06787109375,-76.6403656005859,121.35127417565037,-162.12639551906554,911513029
iw,-86.5314102172851,-73.8244857788086,114.50769079682496,-171.4620907209449,911529696
iw,-85.1256103515625,-70.9861907958984,101.86583265611986,-176.49010563382663,911546363
iw,-83.1629943847656,-68.196174621582,84.77320262453985,-176.60466547276818,911563030
iw,-82.2971420288086,-65.4493637084961,65.68822727112669,-171.45030499595006,911579697
iw,-82.3998641967773,-62.689109802246,47.56435408595859,-161.11329202888192,911596364
iw,-82.7456970214843,-59.9471282958984,33.02379344325632,-146.27434368304068,911613031
iw,-82.757827758789,-57.4871978759765,23.63710840198691,-128.23299611576655,911629698
iw,-82.1682662963867,-55.8745460510253,19.595864633065556,-108.7343293980314,911646365
iw,-81.2935104370117,-54.9940948486328,19.88176077207545,-89.60045873802083,911663032
iw,-80.4427642822265,-54.2926712036132,22.80880916709136,-72.26804826842726,911679699
iw,-79.6821060180664,-53.64111328125,26.673114696639267,-57.40178600039619,911696366
iw,-79.0704498291015,-52.9544334411621,30.246236370221787,-44.74266373496196,911713033
iw,-78.5542221069336,-52.1280059814453,32.96355793597399,-33.25912405045073,911729700
iw,-78.1350936889648,-51.3345260620117,34.810705027820944,-21.547623537642558,911746367
iw,-77.8117141723632,-51.0833778381347,36.02619668182485,-8.337844093012016,911763034
iw,-77.4003295898437,-51.2179679870605,36.78097343372459,7.065637924032741,911779701
iw,-76.887451171875,-51.4652938842773,36.967150653118466,24.530674191909174,911796368
iw,-76.2781906127929,-52.0840377807617,36.15601435484205,43.084727128753244,911813035
iw,-75.6305389404296,-53.2931747436523,33.705474208635664,61.12343395034722,911829702
iw,-75.0725326538086,-54.8279838562011,28.942521954405006,76.77316738830314,911846369
iw,-74.664192199707,-56.2369041442871,21.333157765847535,88.3135850481064,911863036
iw,-74.4626312255859,-57.6958580017089,10.57655095095035,94.56691828656588,911879703
iw,-74.5558700561523,-59.3156585693359,-3.3961654459262465,95.18719729791545,911896370
iw,-75.0009078979492,-61.0026664733886,-20.494963252750168,90.81271268653377,911913037
iw,-75.8509902954101,-62.7747650146484,-40.56328793378616,83.0553258522952,911929704
iw,-77.0986099243164,-64.4280853271484,-63.42854414754225,74.295448516311,911946371
iw,-78.6926345825195,-65.5414581298828,-88.86311763042148,67.26250695841532,911963038
iw,-80.6355667114257,-66.4345626831054,-116.44186946878713,64.43285451604947,911979705
iw,-82.9039764404296,-66.979019165039,-145.32766792513738,67.36159535162457,911996372
iw,-85.4209747314453,-67.7233581542968,-174.0614552740573,76.13798800602959,912013039
iw,-87.8652191162109,-68.9487075805664,-200.46298905142595,89.16592029037022,912029706
iw,-87.5629806518554,-70.4329528808593,-221.74873227052666,103.39979711190004,912046373
iw,-84.2188720703125,-72.3403930664062,-234.93188225596992,115.03309617242323,912063040
iw,-80.2845687866211,-74.6862182617187,-237.48082405656578,120.4896977885351,912079707
iw,-75.2135009765625,-77.4059677124023,-228.0910009651216,117.45268906954445,912096374
iw,-71.0248336791992,-80.2228622436523,-207.31699800383723,105.61290549960746,912113041
iw,-67.5597229003906,-82.3932342529296,-177.7842590878558,86.85673530736132,912129708
iw,-64.8743362426757,-83.2535781860351,-143.80123246984172,64.76331378350011,912146375
iw,-63.7291221618652,-82.7686386108398,-110.40259070668054,43.53202507860007,912163042
iw,-63.5873489379882,-81.9628601074218,-82.08441176449983,26.720169169654476,912179709
iw,-63.5616989135742,-81.8492660522461,-61.638107306989625,16.28589034328566,912196376
iw,-62.9030647277832,-82.5086822509765,-49.47943404834953,12.299528353000685,912213043
iw,-61.6692810058593,-83.3485488891601,-43.694428447183824,13.361318678732765,912229710
iw,-60.5879592895507,-84.101333618164,-40.76013647732666,17.437248955553716,912246377
iw,-59.7430038452148,-84.8020095825195,-36.67075664643367,22.683197890528362,912263044
iw,-58.9724540710449,-85.4496002197265,-28.103714242883648,27.919113335763132,912279711
iw,-58.1772651672363,-85.9385681152343,-13.299874136714438,32.648302906732305,912296378
iw,-57.7187805175781,-86.2859573364257,7.549569869161344,36.74866557288452,912313045
iw,-58.9584732055664,-86.6509933471679,32.46994253527001,40.08560690954006,912329712
iw,-60.7027893066406,-87.2534790039062,58.33043999784019,42.27704580444651,912346379
iw,-62.2750358581543,-87.8464202880859,81.71099826040557,42.71491464803685,912363046
iw,-63.8286170959472,-87.890396118164,99.7425103523638,40.79193617415695,912379713
iw,-65.274055480957,-87.5328063964843,110.71696967966248,36.177572714716874,912396380
iw,-67.5068130493164,-87.358772277832,114.38249699998794,28.978479196619578,912413047
iw,-69.657730102539,-87.4644088745117,111.9273377880236,19.697254689166456,912429714
iw,-72.0215759277343,-87.6924209594726,105.68420818460699,9.015847527479915,912446381
iw,-73.7322616577148,-87.8989486694336,98.591440069982,-2.4850224203602376,912463048
iw,-74.6314010620117,-87.8893814086914,93.48478067710002,-14.538400094908544,912479715
iw,-75.3852462768554,-87.6023254394531,92.36909737745542,-27.246616118395373,912496382
iw,-76.6870040893554,-87.0986938476562,95.8779515098646,-40.967980968280656,912513049
iw,-78.4886093139648,-86.513557434082,103.10440698754883,-56.09393002587084,912529716
iw,-80.5503997802734,-85.7672424316406,111.86691193761385,-72.80989919467206,912546383
iw,-82.7266235351562,-84.6874008178711,119.32153131251145,-90.92267664599642,912563050
iw,-84.6576385498046,-83.1206665039062,122.72845137233558,-109.79792395252775,912579717
iw,-86.2281036376953,-80.9716339111328,120.1632306692399,-128.40831440856047,912596384
iw,-87.2131576538086,-78.4478149414062,111.00943783425777,-145.46255102037426,912613051
iw,-86.6705703735351,-75.6943435668945,96.13361696618809,-159.57534999545226,912629718
iw,-85.3552322387695,-72.976203918457,77.70084987739124,-169.4478931281664,912646385
iw,-84.5308761596679,-70.3581619262695,58.651592895283756,-174.04835353942647,912663052
iw,-84.4645233154296,-67.6955032348632,41.95012264811591,-172.79406577970107,912679719
iw,-84.7326202392578,-64.4848556518554,29.815403942983316,-165.72144192563937,912696386
iw,-84.6561737060546,-61.6073455810546,23.190945067497996,-153.58820831153633,912713053
iw,-84.0877914428711,-59.2712211608886,21.641382568985982,-137.82077567386196,912729720
iw,-83.1992568969726,-57.7975730895996,23.692936817057497,-120.24621102203412,912746387
iw,-82.2795791625976,-56.8304901123046,27.452228979184902,-102.64371650176797,912763054
iw,-81.5988464355468,-56.0431632995605,31.24422976775442,-86.26147379037592,912779721
iw,-81.1112442016601,-55.0910987854003,34.04534866498472,-71.49225827424507,912796388
iw,-80.5834503173828,-53.9385643005371,35.61215838818276,-57.84596861337394,912813055
iw,-79.9731521606445,-52.8782806396484,36.339273985231436,-44.22924901293376,912829722
iw,-79.3784408569336,-52.1522026062011,36.95753638790653,-29.416155173586272,912846389
iw,-78.7956314086914,-51.9112281799316,38.19225920516315,-12.534433360671253,912863056
iw,-78.1925430297851,-51.9774780273437,40.468461897470306,6.585432610044388,912879723
iw,-77.6068801879882,-52.3705673217773,43.711303835343266,27.28085659976995,912896390
iw,-77.0355606079101,-53.006061553955,47.26454254852109,48.15861944933157,912913057
iw,-76.3783569335937,-54.1306495666503,49.93713702898254,67.38920806024633,912929724
iw,-75.5507202148437,-55.6790351867675,50.176234216708124,83.12394606875925,912946391
iw,-74.6247863769531,-57.2767486572265,46.34321105368715,93.9404197576435,912963058
iw,-73.861572265625,-58.8285980224609,37.04047723651207,99.21074591926273,912979725
iw,-73.4446334838867,-60.454605102539,21.41604216235902,99.30123826680175,912996392
iw,-73.4294281005859,-62.3166580200195,-0.6243103489373119,95.54792048689079,913013059
iw,-73.8339157104492,-63.7867088317871,-28.340865736165924,89.99537170087359,913029726
iw,-74.8329315185546,-65.1279220581054,-60.22723127209595,84.93143686037124,913046393
iw,-76.5133819580078,-66.0812759399414,-94.19646613601716,82.30324744610057,913063060
iw,-78.7380981445312,-66.9994201660156,-127.8396646275371,83.1552917992886,913079727
iw,-81.3545989990234,-67.8230438232421,-158.7013172229564,87.26213503688285,913096394
iw,-84.2037048339843,-68.9464416503906,-184.52399995169583,93.10771777361514,913113061
iw,-86.8633117675781,-70.5686721801757,-203.44182361256352,98.27713900832558,913129728
iw,-87.9343643188476,-72.4914321899414,-214.1359932527607,100.18938734916395,913146395
iw,-85.3664627075195,-74.6885452270507,-215.98336226475715,96.95598714453739,913163062
iw,-81.8535079956054,-76.7801818847656,-209.209026912929,88.06649002637579,913179729
iw,-77.4576339721679,-78.3706817626953,-194.9989682470539,74.63016964788056,913196396
iw,-74.5637130737304,-79.1046371459961,-175.47605954235885,59.05262147790775,913213063
iw,-72.3079452514648,-79.0065536499023,-153.4475571723792,44.249050331426766,913229730
iw,-70.1354064941406,-78.8487167358398,-131.91599127600952,32.698854154429384,913246397
iw,-68.5564193725586,-79.3125534057617,-113.46159483531068,25.721175216146356,913263064
iw,-67.3938217163086,-80.2174530029296,-99.677221120272,23.24232789643765,913279731
iw,-66.2206573486328,-81.1202850341796,-90.83039217941409,24.086290154198945,913296398
iw,-64.6455612182617,-81.7880020141601,-85.8564504733248,26.58893003057003,913313065
iw,-62.9197158813476,-82.3767395019531,-82.68248738173419,29.239500965775395,913329732
iw,-61.4133949279785,-82.8821105957031,-78.77960562256673,31.110610784023816,913346399
iw,-60.2412986755371,-83.3925399780273,-71.7828117514546,31.97952332708598,913363066
iw,-59.3891983032226,-83.9445648193359,-60.02550555180374,32.180359310156895,913379733
iw,-58.5009613037109,-84.4937744140625,-42.88869119631785,32.30623281551377,913396400
iw,-57.8232765197753,-84.9370880126953,-20.921115342891152,32.89406169826005,913413067
iw,-57.8871192932128,-85.0104522705078,4.275955777716071,34.19206711841729,913429734
iw,-58.6963157653808,-84.6529846191406,30.373969507953273,36.05926529468673,913446401
iw,-59.8469429016113,-84.1978530883789,54.78558147068381,37.998242335181914,913463068
iw,-61.0915908813476,-83.9098281860351,75.17150400477054,39.284579723810914,913479735
iw,-62.4380531311035,-83.906997680664,89.87424844584083,39.13308269889556,913496402
iw,-64.3425521850586,-84.1340866088867,98.19743360789438,36.84203856860007,913513069
iw,-66.3323287963867,-84.3970947265625,100.4912261171187,31.8840851638458,913529736
iw,-68.0161361694336,-84.5010375976562,98.03736401187149,23.94721044332012,913546403
iw,-69.4680023193359,-84.5312347412109,92.75718064070995,12.946540023877866,913563070
iw,-70.6953811645507,-84.6902770996093,86.80518994337798,-0.979274918324677,913579737
iw,-71.6237411499023,-85.0201568603515,82.1482474674423,-17.48789908426584,913596404
iw,-72.8824768066406,-85.40087890625,80.23772863817912,-36.07446496339178,913613071
iw,-74.6356124877929,-85.6422119140625,81.84238437509106,-56.1295526035901,913629738
iw,-76.5596084594726,-85.4632186889648,87.03612208973462,-76.99612532064155,913646405
iw,-78.3031387329101,-84.5460510253906,95.27091853506094,-98.0022407345956,913663072
iw,-79.833999633789,-82.9192504882812,105.45635963139837,-118.45437662916777,913679739
iw,-81.3042831420898,-80.8646011352539,116.02230490777261,-137.59528195911295,913696406
iw,-82.8297424316406,-78.4488525390625,125.01666653840626,-154.55332097386867,913713073
iw,-84.3770217895507,-75.8504638671875,130.32537308708305,-168.32688401415749,913729740
iw,-85.9470138549804,-72.9643020629882,130.06433156379168,-177.84592175422375,913746407
iw,-87.0021286010742,-69.8183364868164,123.09670338373725,-182.12707061116987,913763074
iw,-85.8946380615234,-66.7343521118164,109.51831892865597,-180.49657876267253,913779741
iw,-83.968765258789,-63.8210220336914,90.89010906516003,-172.8162050425025,913796408
iw,-82.7994918823242,-61.3347015380859,70.03528675355032,-159.63186240691434,913813075
iw,-82.717788696289,-59.0479698181152,50.37647889572872,-142.17975542976208,913829742
iw,-83.2319259643554,-56.7698936462402,35.00477642313861,-122.22019049101242,913846409
iw,-83.4729537963867,-55.0336990356445,25.828595925238623,-101.7112183235071,913863076
iw,-83.0339584350586,-54.2402114868164,23.139749056569574,-82.37958988260212,913879743
iw,-81.9952316284179,-53.7774009704589,25.747696096087438,-65.29636967751978,913896410
iw,-80.7283325195312,-53.2825584411621,31.573052455536583,-50.600609834844654,913913077
iw,-79.6476898193359,-52.7109870910644,38.404510506363856,-37.49844194544881,913929744
iw,-78.9082870483398,-51.9463539123535,44.5018034071424,-24.578091543328682,913946411
iw,-78.3036346435546,-51.2192344665527,48.85729766287105,-10.355474735060296,913963078
iw,-77.6826705932617,-50.918228149414,51.11585535032123,6.136316911934267,913979745
iw,-77.0503921508789,-50.9987068176269,51.293329671533805,24.92576614149118,913996412
iw,-76.3789672851562,-51.7651634216308,49.47545435327566,44.99960341893795,914013079
iw,-75.6081771850586,-53.1238250732421,45.630826687837086,64.5457821062635,914029746
iw,-74.8108749389648,-54.7035217285156,39.580493990040075,81.44459069024816,914046413
iw,-74.0692977905273,-56.27583694458,31.082099600376285,93.83180884152209,914063080
iw,-73.5429382324218,-57.7614974975585,19.942634963127826,100.5575740169411,914079747
iw,-73.437255859375,-59.3732719421386,6.082053950555062,101.43062686202224,914096414
iw,-73.8498153686523,-60.9250679016113,-10.48115193752348,97.22613368106123,914113081
iw,-74.6109008789062,-62.3686561584472,-29.691059575800185,89.50189894650606,914129748
iw,-75.520149230957,-63.932273864746,-51.49380134913598,80.29366850560018,914146415
iw,-76.6666412353515,-65.3861465454101,-75.79546095814605,71.75276653718551,914163082
iw,-78.1930618286132,-66.4753875732421,-102.32584672672161,65.76977345127165,914179749
iw,-80.1714477539062,-67.3096466064453,-130.45118657852558,63.62030274830425,914196416
iw,-82.6367034912109,-67.9847640991211,-159.01070515047437,65.68427556536147,914213083
iw,-85.387222290039,-68.8906326293945,-186.25061789161342,71.31265334131508,914229750
iw,-87.617561340332,-70.2394790649414,-209.90690069101936,78.91220122199996,914246417
iw,-86.5997543334961,-71.8420715332031,-227.46089734533422,86.2702898485674,914263084
iw,-83.2862472534179,-73.4257354736328,-236.560373598307,91.06423319239398,914279751
iw,-79.1972045898437,-74.9839782714843,-235.55079855552793,91.43266310685307,914296418
iw,-74.279800415039,-76.5405349731445,-223.994424624507,86.45944155605692,914313085
iw,-70.5423355102539,-78.0954895019531,-202.99838427652563,76.4359473164305,914329752
iw,-67.7868499755859,-79.4121932983398,-175.1835045007183,62.81508935977857,914346419
iw,-65.5176239013671,-80.242202758789,-144.23256208980973,47.84655936301572,914363086
iw,-63.8712158203125,-80.5749740600586,-114.11701373924525,33.98255916175151,914379753
iw,-63.1155395507812,-80.6621170043945,-88.22645614631047,23.236149902033848,914396420
iw,-62.3899612426757,-80.7578201293945,-68.65707587790892,16.707689912698804,914413087
iw,-61.4015007019043,-81.0221786499023,-55.854386723289394,14.434531145808105,914429754
iw,-60.3152351379394,-81.483901977539,-48.68364364626058,15.586774036301733,914446421
iw,-59.3731956481933,-82.0750885009765,-44.8650715614936,18.89462719881684,914463088
iw,-58.6095123291015,-82.697036743164,-41.61480145655507,23.11798611537117,914479755
iw,-58.0026893615722,-83.2830352783203,-36.30926503537331,27.383992076826658,914496422
iw,-57.4483375549316,-83.7834701538086,-27.028648179755212,31.302663161065365,914513089
iw,-57.1319885253906,-84.1911087036132,-12.8948266810246,34.873628836660615,914529756
iw,-57.1637954711914,-84.5372543334961,5.827258744895814,38.270062068883966,914546423
iw,-57.8662185668945,-84.9057312011718,27.852402479691094,41.606458756460015,914563090
iw,-58.9569702148437,-85.3059768676757,51.1718020593828,44.771414616836445,914579757
iw,-60.217975616455,-85.6254348754882,73.44680445156204,47.359087222560866,914596424
iw,-61.5914764404296,-85.8463516235351,92.42179863435175,48.691174638649024,914613091
iw,-62.9936332702636,-86.0138549804687,106.30332660376021,47.902940499651564,914629758
iw,-64.9055938720703,-86.167739868164,114.07959144019398,44.07117714001402,914646425
iw,-67.2393722534179,-86.2574386596679,115.75273357141778,36.372127524471594,914663092
iw,-70.2505722045898,-86.2364120483398,112.42187698764522,24.256030347820886,914679759
iw,-72.3795166015625,-86.160285949707,106.12858474064285,7.609279238114243,914696426
iw,-73.2539978027343,-86.1797714233398,99.4165751692341,-13.142177607989359,914713093
iw,-73.9257659912109,-86.3383636474609,94.67873365466644,-37.03602954832022,914729760
iw,-75.2483215332031,-86.5886688232421,93.49632110166168,-62.70560870589448,914746427
iw,-76.9570617675781,-86.2788467407226,96.21084739816716,-88.61353068833571,914763094
iw,-78.9461288452148,-85.0480117797851,101.87113998565601,-113.30897685553371,914779761
iw,-80.9248504638671,-83.1620712280273,108.53908125122166,-135.61243908042204,914796428
iw,-82.720474243164,-80.8672256469726,113.82276324563213,-154.66620969962898,914813095
iw,-84.3923797607421,-78.2956314086914,115.47960880100435,-169.8594452467188,914829762
iw,-86.0295104980468,-75.4210357666015,111.96322698676244,-180.70006272274324,914846429
iw,-87.4593200683593,-72.2383041381836,102.82187890102345,-186.72620159267336,914863096
iw,-87.4403610229492,-69.1543579101562,88.86833924005977,-187.52166159303513,914879763
iw,-86.4593429565429,-65.9911804199218,72.05145837599072,-182.84278614465688,914896430
iw,-86.0810394287109,-63.0702629089355,55.010936565136895,-172.80677370851546,914913097
iw,-86.2254562377929,-60.4284400939941,40.40341575955692,-158.05470884286822,914929764
iw,-86.4422912597656,-57.9555892944335,30.20440653032917,-139.79772895869405,914946431
iw,-86.2755889892578,-55.9157371520996,25.23446335342451,-119.68449151362317,914963098
iw,-85.5473251342773,-54.5447998046875,25.079887089503504,-99.48796095983806,914979765
iw,-84.5339202880859,-53.7747573852539,28.410090308352746,-80.68554531755197,914996432
iw,-83.5091934204101,-53.1636886596679,33.52834801401344,-64.07134663367795,915013099
iw,-82.607925415039,-52.5424423217773,38.91648939707147,-49.55599199536974,915029766
iw,-81.8632049560546,-51.7807884216308,43.573848250822905,-36.25499039733809,915046433
iw,-81.1630020141601,-50.9581718444824,47.06840699755758,-22.856520492903062,915063100
iw,-80.5266418457031,-50.4461784362793,49.34616471709266,-8.146050279730837,915079767
iw,-79.9069290161132,-50.4132041931152,50.42860402657592,8.496082010550824,915096434
iw,-79.2106628417968,-50.5625,50.146217509156294,26.792809689063382,915113101
iw,-78.4088821411132,-51.1462860107421,48.01644817321296,45.55841600572453,915129768
iw,-77.5691146850586,-52.354148864746,43.30175687832611,62.97475935177571,915146435
iw,-76.8327331542968,-53.9132270812988,35.20842484926571,77.06746041648317,915163102
iw,-76.2877349853515,-55.5833702087402,23.136739917793058,86.23693939167092,915179769
iw,-76.0424041748046,-57.1635856628418,6.883878996394283,89.68862623129685,915196436
iw,-76.3030853271484,-58.7225723266601,-13.269507152948375,87.64901557150745,915213103
iw,-77.051643371582,-60.2232666015625,-36.60532873080563,81.33101412083951,915229770
iw,-78.1135787963867,-61.2346687316894,-62.11089715367518,72.68738427891266,915246437
iw,-79.5311965942382,-62.1003875732421,-88.65280920129497,64.0364529312538,915263104
iw,-81.5272521972656,-63.266357421875,-115.11689976430536,57.6510014841828,915279771
iw,-83.8952713012695,-64.1383056640625,-140.4721226370384,55.37857255880388,915296438
iw,-86.2649307250976,-64.901985168457,-163.7470167643975,58.332559324490916,915313105
iw,-87.7217864990234,-65.8635559082031,-183.94111963219845,66.68183947391987,915329772
iw,-86.5690994262695,-67.2747192382812,-199.92956938744516,79.57102631385393,915346439
iw,-83.7885818481445,-68.9637222290039,-210.44413965985228,95.19840505772734,915363106
iw,-80.4035186767578,-70.6959075927734,-214.20311424863223,111.0526318300982,915379773
iw,-76.467414855957,-72.3828582763671,-210.20284331893845,124.28272845320649,915396440
iw,-72.6561203002929,-74.1129455566406,-198.0966938485473,132.16858222698795,915413107
iw,-69.9073028564453,-76.1101379394531,-178.52181907804567,132.65528242378508,915429774
iw,-67.2763900756836,-78.6881942749023,-153.23225458010427,124.87908417521372,915446441
iw,-64.6654968261718,-81.6579055786132,-124.95463986018285,109.54170251236317,915463108
iw,-62.6094093322753,-83.6664276123046,-96.95991637499989,88.93878573935676,915479775
iw,-61.7911376953125,-84.1311874389648,-72.41545886630955,66.50280424648466,915496442
iw,-61.8683738708496,-83.5810317993164,-53.65612166970994,45.91350725163966,915513109
iw,-61.9861412048339,-82.8477401733398,-41.583421647249786,30.074373008634442,915529776
iw,-61.5137290954589,-82.6209716796875,-35.41475786711841,20.37835516767347,915546443
iw,-60.4661140441894,-83.0404357910156,-32.90811785657364,16.570808740062557,915563110
iw,-59.5467834472656,-83.6548309326171,-31.008947868701938,17.214374053062752,915579777
iw,-58.8165435791015,-84.3075637817382,-26.703249744035645,20.464766136446286,915596444
iw,-58.231632232666,-85.0452804565429,-17.801878976054958,24.759695206376705,915613111
iw,-58.0634460449218,-85.7009887695312,-3.4371601464114536,29.142220614958372,915629778
iw,-58.4182205200195,-86.2438125610351,15.826167005427573,33.175346107446856,915646445
iw,-59.5110778808593,-86.5513381958007,38.23697243582151,36.6052404607523,915663112
iw,-60.830280303955,-86.59521484375,61.33901433695423,39.00639216953505,915679779
iw,-62.261001586914,-86.4323501586914,82.52972470162946,39.59497753359101,915696446
iw,-63.5669593811035,-86.0840835571289,99.5655176815582,37.284021021563106,915713113
iw,-65.0257720947265,-85.6307144165039,110.94764345371594,30.938805144869956,915729780
iw,-67.1416625976562,-85.2626113891601,116.17553431054057,19.71592788817002,915746447
iw,-70.0974502563476,-85.1645889282226,115.85557334344666,3.3523049049237157,915763114
iw,-72.7080535888671,-85.3733596801757,111.61513172159782,-17.693578315134776,915779781
iw,-74.0608749389648,-85.6986618041992,105.76145552576935,-42.28185377102142,915796448
iw,-74.8755874633789,-85.8599624633789,100.70049042218739,-68.7874503668083,915813115
iw,-75.9618148803711,-85.4878997802734,98.26450911034694,-95.39162891595028,915829782
iw,-77.4966735839843,-84.1685714721679,99.18387700292483,-120.39288726024806,915846449
iw,-79.2881317138671,-82.1175079345703,102.89750621348877,-142.4553033595032,915863116
iw,-81.2784576416015,-79.7074432373046,107.75489305121161,-160.72136015625946,915879783
iw,-83.2070770263671,-77.089126586914,111.51731678086726,-174.7562216664872,915896450
iw,-84.8518600463867,-74.2435913085937,111.99093116570023,-184.35937894318965,915913117
iw,-86.1977005004882,-71.2470321655273,107.62584222617683,-189.34576967524276,915929784
iw,-86.9666900634765,-68.4706954956054,97.95342635642358,-189.42200667802786,915946451
iw,-86.5462875366211,-65.4685287475586,83.77111257325014,-184.24503712913977,915963118
iw,-85.6212692260742,-62.1978149414062,67.0154074684348,-173.66115223978264,915979785
iw,-85.0614395141601,-59.3050498962402,50.31729996528374,-158.0193099272813,915996452
iw,-85.1139221191406,-56.8858299255371,36.32866253885186,-138.38791557034492,916013119
iw,-85.3594055175781,-55.0856666564941,27.014734046998342,-116.52366096639942,916029786
iw,-85.2638549804687,-53.8799476623535,23.155996456495117,-94.54499511907878,916046453
iw,-84.6239242553711,-53.3024177551269,24.23892152888565,-74.40032828115856,916063120
iw,-83.6897583007812,-53.0011863708496,28.75603785111078,-57.32425622659537,916079787
iw,-82.702896118164,-52.6339530944824,34.76628742447421,-43.496249188605965,916096454
iw,-81.8218536376953,-52.0414237976074,40.47876427706219,-32.04440979861371,916113121
iw,-81.0460662841796,-51.3201522827148,44.6519969624127,-21.40139369609396,916129788
iw,-80.3467712402343,-50.7732696533203,46.712245920162296,-9.880924838228939,916146455
iw,-79.7569274902343,-50.5344467163085,46.620483528430505,3.7354397096759335,916163122
iw,-79.2524108886718,-50.7434501647949,44.60373765544423,19.79913659091268,916179789
iw,-78.7079849243164,-51.7487754821777,40.88907759100626,37.69103116575142,916196456
iw,-78.0789566040039,-53.1480674743652,35.542658111634985,56.00144641798033,916213123
iw,-77.4482498168945,-54.3005905151367,28.44582834329064,72.8889284867536,916229790
iw,-76.9553833007812,-55.3664894104003,19.3702320206022,86.48857937529732,916246457
iw,-76.7508239746093,-56.7842102050781,8.077405697861165,95.28228911085158,916263124
iw,-76.9642028808593,-58.530174255371,-5.619676119586639,98.40052838978967,916279791
iw,-77.5022277832031,-60.2965011596679,-21.848733189984298,95.84522665986115,916296458
iw,-78.2685394287109,-62.0600090026855,-40.69096867163446,88.59995916405902,916313125
iw,-79.2933578491211,-63.7818450927734,-62.162393937077795,78.56702244689575,916329792
iw,-80.6959152221679,-64.8623657226562,-86.1306668587972,68.28187582393205,916346459
iw,-82.5414428710937,-65.5924987792968,-112.17447794225204,60.41430271023856,916363126
iw,-84.7686462402343,-66.0830993652343,-139.42760835408657,57.15070667895534,916379793
iw,-86.974250793457,-66.6998748779296,-166.46663235561925,59.621378191680094,916396460
iw,-87.8643951416015,-67.7703628540039,-191.30347266409686,67.54959685379248,916413127
iw,-85.7938766479492,-69.1564483642578,-211.5366666184664,79.24214389147966,916429794
iw,-82.3292922973632,-70.6750030517578,-224.69004463922886,91.9383006091228,916446461
iw,-78.3056335449218,-72.1726531982421,-228.7112317370157,102.4346738706131,916463128
iw,-73.6989212036132,-73.841682434082,-222.52216329183756,107.84104949841655,916479795
iw,-70.3065414428711,-75.9356536865234,-206.44961952444405,106.29751979603596,916496462
iw,-67.2613296508789,-78.1867218017578,-182.36430393338296,97.47786130790648,916513129
iw,-64.1433792114257,-80.2233810424804,-153.43470240672002,82.72145512571682,916529796
iw,-62.0080909729003,-81.4255905151367,-123.51883819742585,64.70604431896726,916546463
iw,-61.0314102172851,-81.5961303710937,-96.325743439626,46.71348973067904,916563130
iw,-60.743408203125,-81.1163330078125,-74.5589817950161,31.709792185750693,916579797
iw,-60.2881965637207,-80.6936111450195,-59.29067956601738,21.566119817985616,916596464
iw,-59.232494354248,-80.8065109252929,-49.7701382586392,16.707707156820398,916613131
iw,-58.0643806457519,-81.4346160888671,-43.73292704169276,16.292096708438578,916629798
iw,-57.2096214294433,-82.250862121582,-38.10133127410459,18.78256130114465,916646465
iw,-56.6832771301269,-83.1176986694336,-29.848447402276427,22.626641504935527,916663132
iw,-56.3538818359375,-83.8370361328125,-16.78433427689483,26.749256833416162,916679799
iw,-56.1064491271972,-84.3535079956054,1.914126246096487,30.70214847725192,916696466
iw,-56.0775566101074,-84.7501754760742,25.524595854074754,34.48694068550612,916713133
iw,-57.13623046875,-85.0491638183593,51.97066820848584,38.19924798750589,916729800
iw,-59.0310020446777,-85.3958053588867,78.32584650056918,41.68278820106618,916746467
iw,-61.0434226989746,-85.7786407470703,101.49626649301291,44.34040832508018,916763134
iw,-62.9735603332519,-86.0618438720703,118.90448436100296,45.158828798228775,916779801
iw,-64.7006912231445,-86.1733627319336,129.0183659418503,42.91211909897317,916796468
iw,-67.0136184692382,-86.1831512451171,131.6399262440592,36.45315696488095,916813135
iw,-69.7568283081054,-86.2474060058593,127.93093870512368,24.99568204631769,916829802
iw,-72.6747436523437,-86.409912109375,120.17135781854243,8.318122561689098,916846469
iw,-74.3031692504882,-86.6460800170898,111.25531509143673,-13.142657496386287,916863136
iw,-75.1092224121093,-86.8459548950195,103.98615354984769,-38.31423336485403,916879803
iw,-75.9753799438476,-86.7429809570312,100.33790761539086,-65.6227607993614,916896470
iw,-77.5416259765625,-85.8486709594726,100.92425269088315,-93.22111538994314,916913137
iw,-79.513671875,-84.1252746582031,104.87134684956098,-119.26980518131542,916929804
iw,-81.6203536987304,-81.8379364013671,110.13536486591059,-142.20083908361252,916946471
iw,-83.6295166015625,-79.3243637084961,114.13713572628036,-160.88731838508562,916963138
iw,-85.3463439941406,-76.6010513305664,114.49979974600211,-174.6741820381852,916979805
iw,-86.8099060058593,-73.6389617919921,109.68778355823514,-183.28680209975403,916996472
iw,-87.4586334228515,-70.545539855957,99.40790318793803,-186.68837164428717,917013139
iw,-86.4144515991211,-67.5257186889648,84.694245908759,-184.973089632495,917029806
iw,-85.5199203491211,-64.4448776245117,67.65032162969877,-178.35353742045754,917046473
iw,-85.3985290527343,-61.6030883789062,50.894096068339564,-167.24322254816812,917063140
iw,-85.5956268310546,-58.9718475341796,36.85370189418947,-152.3752556142186,917079807
iw,-85.6432418823242,-56.5078926086425,27.143820020490853,-134.86299183233444,917096474
iw,-85.2284927368164,-54.5304832458496,22.24115988969471,-116.11827831437809,917113141
iw,-84.385986328125,-53.3079986572265,21.553722366787625,-97.6007628746868,917129808
iw,-83.5439071655273,-52.4704780578613,23.807832694053353,-80.45781145329869,917146475
iw,-82.7946701049804,-51.813549041748,27.556494425645838,-65.1884398350883,917163142
iw,-82.1156158447265,-51.1242294311523,31.59916231457369,-51.4817370561981,917179809
iw,-81.5171508789062,-50.3280792236328,35.183334296223904,-38.32208402379631,917196476
iw,-81.0181274414062,-49.6263236999511,37.974087135920485,-24.346157431278606,917213143
iw,-80.5467453002929,-49.2789115905761,39.870875216855694,-8.335682832807784,917229810
iw,-80.041145324707,-49.2745208740234,40.79125032574869,10.317158458193685,917246477
iw,-79.4457244873046,-49.5593872070312,40.52647583457442,31.315738844159178,917263144
iw,-78.7368698120117,-50.3156089782714,38.72065744087118,53.41713670805186,917279811
iw,-77.9890441894531,-51.7216644287109,34.959474189610596,74.64687860500621,917296478
iw,-77.3664474487304,-53.3066291809082,28.904861988895643,92.70814966882112,917313145
iw,-76.9411544799804,-54.8106994628906,20.397349705445926,105.48181107403241,917329812
iw,-76.7607345581054,-56.6188697814941,9.471041615937782,111.50625050018424,917346479
iw,-76.9403076171875,-58.6130638122558,-3.7260697183960563,110.34558580576959,917363146
iw,-77.5084152221679,-60.5341148376464,-19.063870830360933,102.77952780795037,917379813
iw,-78.2890853881836,-62.1876220703125,-36.54054194178434,90.76747950287229,917396480
iw,-79.2707214355468,-63.6944923400878,-56.300085329767356,77.16471039131397,917413147
iw,-80.5124740600586,-64.5410232543945,-78.52071834122357,65.21351117215863,917429814
iw,-82.1576309204101,-65.1909484863281,-103.19122746675907,57.892075513046414,917446481
iw,-84.2247695922851,-65.9601516723632,-129.839745022763,57.25637502962842,917463148
iw,-86.4724731445312,-66.8035736083984,-157.3041399539402,63.931369884941084,917479815
iw,-88.2710494995117,-67.9848251342773,-183.63475122659938,76.88532054849557,917496482
iw,-86.8390045166015,-69.4847946166992,-206.20490923654256,93.56020642648838,917513149
iw,-83.7507629394531,-71.1783065795898,-222.07101795876997,110.35116773985827,917529816
iw,-79.8750381469726,-73.0130538940429,-228.56203257517075,123.35113401931507,917546483
iw,-75.4005737304687,-75.0235290527343,-223.9872574487826,129.21847703410654,917563150
iw,-71.1324996948242,-77.5766677856445,-208.25940354302784,125.9859965509659,917579817
iw,-67.8795394897461,-80.2947540283203,-183.1918842781448,113.6060660830896,917596484
iw,-64.8961105346679,-82.6869430541992,-152.29234014463069,94.03891411837316,917613151
iw,-63.0124359130859,-83.8469314575195,-120.03273125489488,70.78122685069202,917629818
iw,-62.5567741394043,-83.6173095703125,-90.76901755328198,47.917622897878026,917646485
iw,-62.5589332580566,-82.7489624023437,-67.63328236833898,28.99465272873046,917663152
iw,-62.2199554443359,-82.3377914428711,-51.764270443994135,16.134185566195388,917679819
iw,-61.2996520996093,-82.6868667602539,-42.14285153477301,9.716344078115478,917696486
iw,-60.0647506713867,-83.356689453125,-36.08046672663495,8.695155710073154,917713153
iw,-59.1549644470214,-84.0296859741211,-30.168494730619432,11.316455753373548,917729820
iw,-58.4774589538574,-84.7643432617187,-21.350569975241108,15.86075710440417,917746487
iw,-57.9626655578613,-85.403091430664,-7.780401360184682,21.100208856602112,917763154
iw,-57.8451042175293,-85.9274444580078,10.75816376438867,26.36480538231607,917779821
iw,-58.6918220520019,-86.3462905883789,32.931943890817244,31.319552508857576,917796488
iw,-60.3685607910156,-86.6612396240234,56.349333537989345,35.65724369164806,917813155
iw,-62.133731842041,-86.8960037231445,78.2585097290224,38.89001810960281,917829822
iw,-63.9012374877929,-86.9156112670898,96.21522069577608,40.32368428505637,917846489
iw,-65.3060226440429,-86.6940536499023,108.54254526094704,39.190743177221854,917863156
iw,-66.8629837036132,-86.4443283081054,114.52745416549543,34.852373413393885,917879823
iw,-68.7358474731445,-86.3246994018554,114.40914490592118,26.972233835104753,917896490
iw,-70.7454299926757,-86.3899536132812,109.25044932070197,15.600376500191828,917913157
iw,-73.1814346313476,-86.5751495361328,100.7450994153203,1.1545194691357705,917929824
iw,-74.9121322631836,-86.7635421752929,90.95626461532046,-15.676386406035029,917946491
iw,-75.7801513671875,-86.8275070190429,81.9709818745366,-34.06563402735625,917963158
iw,-76.2938690185546,-86.555419921875,75.51033328242421,-53.18153236512456,917979825
iw,-77.1796035766601,-85.7234649658203,72.60716167401043,-72.29199392084936,917996492
iw,-78.6533203125,-84.4762496948242,73.47276126636791,-90.821836862452,918013159
iw,-80.4352416992187,-82.9849700927734,77.5913347341752,-108.35110215979617,918029826
iw,-82.1620635986328,-81.237434387207,83.96259988236005,-124.55635155758866,918046493
iw,-83.5087661743164,-79.1405868530273,91.3512358768448,-139.11743373154474,918063160
iw,-84.5882568359375,-76.6564407348632,98.44094185255288,-151.62863909951776,918079827
iw,-85.4599456787109,-73.8696212768554,103.89375237080635,-161.5536328559318,918096494
iw,-86.1850509643554,-71.0225219726562,106.402075204586,-168.24772283866128,918113161
iw,-86.3602981567382,-68.315673828125,104.83137794762483,-171.04930034864117,918129828
iw,-85.6927032470703,-65.5594253540039,98.48145535579766,-169.42374294553474,918146495
iw,-84.4593505859375,-62.9473114013671,87.39098896963476,-163.12764842341755,918163162
iw,-83.0359878540039,-60.6034622192382,72.53846336304251,-152.34688058186228,918179829
iw,-81.9686203002929,-58.3977279663085,55.797302628366715,-137.7548481122546,918196496
iw,-81.6727905273437,-56.3647155761718,39.58950235414743,-120.44840672923716,918213163
iw,-81.9151992797851,-54.8555297851562,26.315083475856348,-101.75069988739142,918229830
iw,-82.0754852294921,-53.7897567749023,17.749753289288805,-82.91578994029962,918246497
iw,-81.8236312866211,-53.0895118713378,14.632561057518817,-64.81542812494362,918263164
iw,-81.245002746582,-52.6116790771484,16.582747770679994,-47.71509604875761,918279831
iw,-80.4442672729492,-52.3140983581543,22.333831227056457,-31.23658265313128,918296498
iw,-79.6255722045898,-51.9795303344726,30.141281023195866,-14.552727540660474,918313165
iw,-78.9544296264648,-51.7707328796386,38.178103584605104,3.2202111281240398,918329832
iw,-78.3880233764648,-51.5785522460937,44.78879900308545,22.549302032959186,918346499
iw,-77.8529968261718,-51.6386795043945,48.578659029308106,43.099821905893016,918363166
iw,-77.2641372680664,-52.4254264831543,48.40623659629142,63.600583058925366,918379833
iw,-76.5938110351562,-54.1545829772949,43.37710620227354,82.04309274480295,918396500
iw,-75.9416809082031,-56.4627532958984,32.90240127475175,96.1677744370159,918413167
iw,-75.4310684204101,-58.2131919860839,16.816892344976413,104.07117530135119,918429834
iw,-75.2998123168945,-59.7421951293945,-4.507307785899275,104.73039710464117,918446501
iw,-75.7655029296875,-61.226390838623,-30.130944838717312,98.30267178064685,918463168
iw,-76.8215637207031,-62.7642288208007,-58.64762791704437,86.16126587179349,918479835
iw,-78.4037857055664,-64.2296981811523,-88.39799565620703,70.6982275860383,918496502
iw,-80.5628967285156,-64.8786392211914,-117.72735275275558,54.94097453189322,918513169
iw,-83.0627975463867,-65.2294158935546,-145.19450453573788,42.03271569324646,918529836
iw,-85.5185623168945,-65.5204620361328,-169.65953111348458,34.651961446761725,918546503
iw,-87.100112915039,-65.8122100830078,-190.23151110771894,34.48359128938066,918563170
iw,-86.4968109130859,-66.5147628784179,-206.1242255333191,41.86487306018617,918579837
iw,-83.9483184814453,-67.5756530761718,-216.5199326270252,55.69205357540823,918596504
iw,-80.697769165039,-68.9073638916015,-220.5487679103891,73.60179408449328,918613171
iw,-77.1901168823242,-70.3325119018554,-217.44215309892357,92.37673774141327,918629838
iw,-72.9342269897461,-71.7163009643554,-206.83094617482243,108.49739533663148,918646505
iw,-69.6978073120117,-73.2936019897461,-189.07517747210264,118.76877993327828,918663172
iw,-67.075927734375,-75.4532394409179,-165.47750612331455,120.95302936710861,918679839
iw,-64.5252609252929,-78.3224182128906,-138.26546188293773,114.3061188505226,918696506
iw,-62.0835914611816,-81.2739334106445,-110.30181258247364,99.86060965772273,918713173
iw,-60.5065956115722,-83.2810440063476,-84.55648927451392,80.28327718981124,918729840
iw,-60.1319885253906,-83.5511703491211,-63.43936629560088,59.23742204323196,918746507
iw,-60.4331512451171,-82.5229415893554,-48.16454901894856,40.39149101183313,918763174
iw,-60.4529190063476,-81.7100448608398,-38.369067842935806,26.4249578674072,918779841
iw,-59.7319602966308,-81.7019424438476,-32.175643627060275,18.431893820648888,918796508
iw,-58.5882759094238,-82.2871170043945,-26.73995285859452,15.943887748054264,918813175
iw,-57.7541732788085,-82.9668426513671,-19.121102835017794,17.484570586494428,918829842
iw,-57.2168807983398,-83.6353607177734,-7.176798383659686,21.324702242850424,918846509
iw,-57.2651138305664,-84.2641067504882,9.813627836914808,26.070834179395096,918863176
iw,-57.9100341796875,-84.8745574951171,30.972349157786038,30.8806323025077,918879843
iw,-59.1582374572753,-85.4412536621093,54.099848800218304,35.32498816701253,918896510
iw,-60.5288848876953,-85.8730773925781,76.27800531438183,39.07502252296365,918913177
iw,-62.2289581298828,-86.1041412353515,94.60777952456043,41.622347363387206,918929844
iw,-64.0436248779296,-86.0696105957031,106.89522186429616,42.17004688754393,918946511
iw,-65.8675003051757,-85.814697265625,112.14606010905499,39.72522135309712,918963178
iw,-68.2841644287109,-85.4694442749023,110.78296517964223,33.33674446613688,918979845
iw,-70.6623382568359,-85.20654296875,104.54438687492674,22.37767054790556,918996512
iw,-72.1375198364257,-85.1213073730468,96.07004563037873,6.768502277244523,919013179
iw,-72.9379119873046,-85.2951431274414,88.24740262971625,-12.936096594164589,919029846
iw,-73.7280578613281,-85.6104125976562,83.48030488066712,-35.629030719983646,919046513
iw,-74.9883880615234,-85.9579010009765,83.09372622892901,-59.87720904788041,919063180
iw,-76.7350006103515,-85.8397598266601,87.05167483625681,-84.21590657049205,919079847
iw,-78.6598815917968,-84.9314804077148,94.04558028915429,-107.4041919905315,919096514
iw,-80.4310455322265,-83.3967208862304,101.88058249194248,-128.54904838778418,919113181
iw,-82.0098876953125,-81.4079437255859,108.02029873663223,-147.06738803083445,919129848
iw,-83.6447982788086,-79.0949249267578,110.16011267259728,-162.53403273121484,919146515
iw,-85.296516418457,-76.4385833740234,106.74050974134201,-174.5149514932311,919163182
iw,-86.9430313110351,-73.3714065551757,97.33429493500022,-182.4822388044273,919179849
iw,-88.0004196166992,-70.188491821289,82.83209350929427,-185.85845776708325,919196516
iw,-87.5111541748046,-66.9990615844726,65.34105396549903,-184.17390054366027,919213183
iw,-87.1909103393554,-63.7643241882324,47.74966010922382,-177.2721834585986,919229850
iw,-87.4357070922851,-60.9934997558593,33.0181815154133,-165.48272471960107,919246517
iw,-87.6939544677734,-58.6856079101562,23.39084000282413,-149.6913974154887,919263184
iw,-87.6717376708984,-56.4356231689453,19.804044144168962,-131.27229463725928,919279851
iw,-87.2476501464843,-54.512580871582,21.713787771963972,-111.88112995293024,919296518
iw,-86.3340377807617,-53.2842140197753,27.396143600835313,-93.1462794251892,919313185
iw,-85.2377395629882,-52.4684715270996,34.57877723079947,-76.32693052561541,919329852
iw,-84.2391510009765,-51.6915855407714,41.14265288048302,-62.03441246090195,919346519
iw,-83.3998413085937,-50.857307434082,45.6421705180513,-50.111635052781565,919363186
iw,-82.6779403686523,-50.0569190979003,47.504822927335255,-39.7197088732607,919379853
iw,-82.0089111328125,-49.3460540771484,46.91695741754953,-29.606254934982985,919396520
iw,-81.3970031738281,-48.9511795043945,44.51118048857236,-18.468283471148716,919413187
iw,-80.8640441894531,-48.9119186401367,41.01035482082386,-5.304536697134301,919429854
iw,-80.2945327758789,-48.9315185546875,36.95818411511113,10.324521963248158,919446521
iw,-79.6058120727539,-49.2038841247558,32.60222623175971,28.171291542289413,919463188
iw,-78.8714294433593,-50.1142921447753,27.9208151479821,47.31796364500268,919479855
iw,-78.2395858764648,-51.2576370239257,22.72788404653029,66.31876405860015,919496522
iw,-77.8731155395507,-52.2967262268066,16.770503816801718,83.4339162843634,919513189
iw,-77.8099670410156,-53.545051574707,9.759799625836672,96.91808845160242,919529856
iw,-77.9691009521484,-55.176456451416,1.3313678616955695,105.33421589685989,919546523
iw,-78.288345336914,-57.0987358093261,-9.015212577171491,107.8652526056361,919563190
iw,-78.7126770019531,-59.0993614196777,-21.926152244641614,104.5763866801342,919579857
iw,-79.2898330688476,-60.9066886901855,-38.10049345398332,96.55178841139211,919596524
iw,-80.156997680664,-62.6167907714843,-58.09054903611583,85.82511818540881,919613191
iw,-81.41357421875,-63.8074111938476,-82.04203192298705,75.0614417460538,919629858
iw,-83.0798416137695,-64.5742111206054,-109.44888840918753,67.02202896615137,919646525
iw,-84.9667434692382,-65.1820907592773,-138.99772691622678,63.92495165649599,919663192
iw,-86.5430526733398,-65.9509582519531,-168.55782191217116,66.86911504180756,919679859
iw,-86.4941253662109,-67.1183547973632,-195.350287989672,75.4900928035008,919696526
iw,-84.3517379760742,-68.5062484741211,-216.3082417262702,87.95837374261585,919713193
iw,-80.8154067993164,-70.0707473754882,-228.60642364466045,101.3387197677541,919729860
iw,-76.5718994140625,-71.7203292846679,-230.28077856299015,112.23948783660803,919746527
iw,-71.9353866577148,-73.7089462280273,-220.78740500829122,117.61387682056404,919763194
iw,-68.7232894897461,-76.0991973876953,-201.3103146476857,115.53017945088752,919779861
iw,-65.6142578125,-78.7810745239257,-174.6648834063814,105.70493241557902,919796528
iw,-62.6274261474609,-80.9275588989257,-144.75876732554437,89.61416631171689,919813195
iw,-61.0103797912597,-81.9240646362304,-115.71326390429638,70.09748792454894,919829862
iw,-60.5761413574218,-81.7859725952148,-90.86419909758446,50.54647619531492,919846529
iw,-60.3187942504882,-81.2473907470703,-71.92835763673956,33.95335360794634,919863196
iw,-59.6405143737793,-81.1114883422851,-58.612197617775934,22.17696602505353,919879863
iw,-58.4574584960937,-81.5072174072265,-48.82098473211754,15.689667942330978,919896530
iw,-57.2082939147949,-82.1720352172851,-39.41840476374468,13.838006403712592,919913197
iw,-56.3404502868652,-82.8522186279296,-27.28417620463769,15.41419613245812,919929864
iw,-55.7833366394043,-83.5723648071289,-10.321840390334469,19.228388493791623,919946531
iw,-55.6787033081054,-84.1921157836914,11.88828846094681,24.43566051607471,919963198
iw,-56.19527053833,-84.660903930664,37.95834238858975,30.54066523866888,919979865
iw,-57.603645324707,-84.9963760375976,65.08478895662748,37.168051260094764,919996532
iw,-59.6436767578125,-85.2792205810546,89.81673473718041,43.771830156491596,920013199
iw,-61.9232940673828,-85.5711441040039,108.9605842764824,49.4469299169571,920029866
iw,-64.0279541015625,-85.7383651733398,120.36497349463366,52.931415788064676,920046533
iw,-65.8843383789062,-85.69970703125,123.39575718014304,52.79484374453803,920063200
iw,-67.8692092895507,-85.5701293945312,119.02545577768817,47.73731046265211,920079867
iw,-69.7886886596679,-85.534065246582,109.56800495186823,36.895658210115094,920096534
iw,-72.0338897705078,-85.6860733032226,98.14841809900445,20.066049844172966,920113201
iw,-73.3733520507812,-85.9797134399414,88.01523482596629,-2.2110356595705607,920129868
iw,-74.0077514648437,-86.3470306396484,81.81895255976521,-28.715687055601755,920146535
iw,-74.7029571533203,-86.602066040039,81.00925209290952,-57.74102467739511,920163202
iw,-76.21240234375,-86.2181930541992,85.51361793832808,-87.3649094068674,920179869
iw,-78.1393356323242,-84.9540328979492,93.80044037668243,-115.73314454004377,920196536
iw,-80.0385971069336,-82.9957656860351,103.30611101304311,-141.27929723028083,920213203
iw,-82.0058898925781,-80.5994567871093,111.08864275964478,-162.82443182170795,920229870
iw,-83.7716293334961,-77.9275588989257,114.52607204880793,-179.54772027415837,920246537
iw,-85.4223480224609,-75.0168304443359,111.90738439424163,-190.87799456372693,920263204
iw,-87.0119400024414,-71.6135101318359,102.81874295913411,-196.39366628716348,920279871
iw,-87.9073486328125,-68.3283233642578,88.26616480104721,-195.8095500996386,920296538
iw,-87.2292175292968,-65.1466674804687,70.49516719454759,-189.0773463224619,920313205
iw,-86.6309356689453,-62.0235404968261,52.501512164018884,-176.559869437058,920329872
iw,-86.6788177490234,-59.3780517578125,37.306930318641754,-159.18947131613766,920346539
iw,-87.051513671875,-57.075397491455,27.183913618151234,-138.50869286943797,920363206
iw,-87.2839431762695,-55.0865783691406,23.083633308241662,-116.52165415924863,920379873
iw,-86.8718185424804,-53.6475639343261,24.479412391056776,-95.34948798148778,920396540
iw,-85.8439559936523,-52.9066925048828,29.681149904638545,-76.76191386418587,920413207
iw,-84.6356811523437,-52.3901329040527,36.4811481331902,-61.72340247653123,920429874
iw,-83.5609970092773,-51.8029060363769,42.864858439088565,-50.1168227346161,920446541
iw,-82.7069625854492,-50.9936904907226,47.523173851436574,-40.76659119376523,920463208
iw,-81.9536819458007,-50.1670532226562,50.01905069025378,-31.78216302648648,920479875
iw,-81.3187713623046,-49.4588813781738,50.617642620610305,-21.124797529535087,920496542
iw,-80.7631149291992,-49.1147232055664,49.91120407952625,-7.2225241416239685,920513209
iw,-80.25048828125,-49.0361366271972,48.41914145652727,10.549408748033096,920529876
iw,-79.6118698120117,-49.1712951660156,46.31899047312964,31.652007693578945,920546543
iw,-78.7753524780273,-50.1506118774414,43.386928179789656,54.4753236042624,920563210
iw,-77.8038635253906,-51.715892791748,39.128782506517375,76.69824544882654,920579877
iw,-76.897216796875,-53.3017616271972,33.002497766438616,95.80301406426887,920596544
iw,-76.2968978881836,-54.7139854431152,24.60461509906343,109.60395556824145,920613211
iw,-76.1489028930664,-56.4891510009765,13.729630465756482,116.67617978043272,920629878
iw,-76.4189453125,-58.6243133544921,0.29340277569293793,116.6275104447167,920646545
iw,-76.9963760375976,-60.5903511047363,-15.803997106445127,110.20043047840082,920663212
iw,-77.690933227539,-62.2318572998046,-34.7611180068165,99.19932279720605,920679879
iw,-78.4422073364257,-64.0564346313476,-56.81644502558243,86.23085867449866,920696546
iw,-79.5019912719726,-65.1795959472656,-82.03961245679417,74.25291701189188,920713213
iw,-81.0416107177734,-65.9211959838867,-110.04709198461298,65.96783691576948,920729880
iw,-83.0279922485351,-66.2670288085937,-139.75823043744194,63.16752737045423,920746547
iw,-84.7928619384765,-66.7754135131836,-169.29301142196434,66.21091110642517,920763214
iw,-85.6280746459961,-67.7273941040039,-196.06754021337278,73.83311780497495,920779881
iw,-84.77587890625,-69.172119140625,-217.1009528411552,83.40976713145461,920796548
iw,-82.3945007324218,-70.9430770874023,-229.51495262603785,91.64604704012913,920813215
iw,-78.8057708740234,-72.7587509155273,-231.16275159273465,95.50098208289009,920829882
iw,-73.9924087524414,-74.7269973754882,-221.25451027325127,93.06577886351995,920846549
iw,-70.4488296508789,-76.8840789794921,-200.78140041396608,84.12033095905993,920863216
iw,-67.3961563110351,-78.3221588134765,-172.54273890262098,70.18239566664164,920879883
iw,-64.8439483642578,-78.8485565185546,-140.68574043843694,54.01835125452613,920896550
iw,-63.4368247985839,-78.8021087646484,-109.83718404496233,38.77220723820508,920913217
iw,-62.9860534667968,-78.7136993408203,-84.05852266193195,27.024302721758506,920929884
iw,-62.5937309265136,-78.8748626708984,-65.9279190074019,20.12497809074034,920946551
iw,-61.6086616516113,-79.3251571655273,-56.018919285125854,18.023699239865753,920963218
iw,-60.3539009094238,-80.0177917480468,-52.91163019257848,19.591229857859904,920979885
iw,-59.0862655639648,-80.7792358398437,-53.689176626450134,23.23174026375154,920996552
iw,-58.0309753417968,-81.495246887207,-54.72733954435369,27.499182596899637,921013219
iw,-57.3175086975097,-82.1487960815429,-52.542010384998186,31.48760363375567,921029886
iw,-56.6513862609863,-82.7282409667968,-44.508492107498114,34.90699272137969,921046553
iw,-55.9609832763671,-83.2269439697265,-29.347715972822048,37.902790394398046,921063220
iw,-55.5545463562011,-83.6805038452148,-7.333971909095855,40.76180195920716,921079887
iw,-55.6774749755859,-84.1314468383789,19.79023528568081,43.647810621015005,921096554
iw,-56.7969856262207,-84.4917068481445,49.1762808946824,46.449584576076646,921113221
iw,-58.4977302551269,-84.7333755493164,77.44286017301924,48.74885026670463,921129888
iw,-60.1326293945312,-84.9244918823242,101.34242581029261,49.86830194411179,921146555
iw,-61.9568939208984,-85.176025390625,118.38256379429085,48.956265829026066,921163222
iw,-64.1169815063476,-85.4953308105468,127.28961235596745,45.091119954970026,921179889
iw,-66.5531997680664,-85.7535629272461,128.2442314428018,37.41409361272345,921196556
iw,-69.2851638793945,-85.8336029052734,122.84601509817092,25.29911999490077,921213223
iw,-71.5885696411132,-85.780029296875,113.78275942307626,8.54119256901776,921229890
iw,-72.7989196777343,-85.8054885864257,104.22638911328426,-12.489822111404644,921246557
iw,-73.5411987304687,-85.9585266113281,97.06824041282213,-36.797954251884995,921263224
iw,-74.7532424926757,-86.123291015625,94.19954396030981,-62.85967460216272,921279891
iw,-76.4605026245117,-85.814697265625,96.06243816233614,-88.86646606845925,921296558
iw,-78.3594894409179,-84.6628875732421,101.60723278071646,-113.04418813797736,921313225
iw,-80.3236083984375,-82.8641967773437,108.64254665505243,-133.94523762605655,921329892
iw,-82.1960144042968,-80.7094421386718,114.44615256714361,-150.62097661969025,921346559
iw,-83.9522094726562,-78.3157043457031,116.46436307427999,-162.63681514971876,921363226
iw,-85.6752395629882,-75.5979385375976,112.94765384237849,-169.95885565415642,921379893
iw,-87.1827011108398,-72.6166229248046,103.40365355410009,-172.78375055021726,921396560
iw,-87.391731262207,-69.8468704223632,88.77141664410946,-171.38832222279078,921413227
iw,-86.5859146118164,-67.328010559082,71.24805912767332,-166.05353002449493,921429894
iw,-86.2172088623046,-64.7418670654296,53.76437265903125,-157.0854693719005,921446561
iw,-86.4075698852539,-62.2077026367187,39.220220802498844,-144.91895632792654,921463228
iw,-86.6515731811523,-59.731704711914,29.708820644584495,-130.24680826733797,921479895
iw,-86.4680862426757,-57.5194282531738,26.000582609120904,-114.08580198892543,921496562
iw,-85.7396087646484,-55.942096710205,27.470161394418724,-97.69765943220554,921513229
iw,-84.6731491088867,-55.0529479980468,32.46570429962628,-82.34456920702192,921529896
iw,-83.5499191284179,-54.3824920654296,38.93697950837496,-68.95023368395644,921546563
iw,-82.5876770019531,-53.6568794250488,45.05682171226428,-57.8055841837205,921563230
iw,-81.80859375,-52.7632675170898,49.61850099554574,-48.45547925433939,921579897
iw,-81.0972671508789,-51.7640151977539,52.124484301098164,-39.82558176384862,921596564
iw,-80.3734054565429,-50.9962196350097,52.61996172005248,-30.54360456844528,921613231
iw,-79.6248703002929,-50.6345787048339,51.40547218771425,-19.337421469711614,921629898
iw,-78.881591796875,-50.6381912231445,48.768907925982106,-5.386270927351601,921646565
iw,-78.1130142211914,-50.7841567993164,44.828063271156076,11.453672527155096,921663232
iw,-77.3542098999023,-51.2081565856933,39.50620645880942,30.572646488246523,921679899
iw,-76.6980361938476,-51.988784790039,32.605972206408914,50.668749764589755,921696566
iw,-76.2206726074218,-52.9219284057617,23.918786549138506,69.92739973501551,921713233
iw,-75.9573135375976,-53.9731101989746,13.310916459275285,86.30016230867622,921729900
iw,-75.9343719482421,-55.4009056091308,0.753685134497544,97.86226354618458,921746567
iw,-76.1517333984375,-57.3042411804199,-13.701507639002743,103.21263414315035,921763234
iw,-76.6785812377929,-59.3823738098144,-29.977278982618444,101.84892654046362,921779901
iw,-77.5420227050781,-61.3782196044921,-48.01642580167374,94.41711615231007,921796568
iw,-78.7703552246093,-63.2823791503906,-67.78613283769504,82.73035497326569,921813235
iw,-80.2984237670898,-64.2826919555664,-89.21977968172297,69.49665175046131,921829902
iw,-82.0212478637695,-64.773452758789,-112.09688359460756,57.78460817132767,921846569
iw,-84.0200805664062,-65.0625381469726,-135.88649819091057,50.356537832545804,921863236
iw,-86.0658798217773,-65.6531829833984,-159.6021693304936,49.058218117777535,921879903
iw,-87.3033294677734,-66.7388839721679,-181.73061263957268,54.435679053604865,921896570
iw,-86.1445083618164,-68.0287170410156,-200.29627887251047,65.65811919552918,921913237
iw,-83.3812103271484,-69.5951919555664,-213.1043690431182,80.71707274562813,921929904
iw,-79.7124710083007,-71.1646575927734,-218.15867441208488,96.80841196398423,921946571
iw,-75.5638961791992,-72.6747207641601,-214.17875260442545,110.80766083013775,921963238
iw,-71.6965637207031,-74.3304672241211,-201.06763470221946,119.78911568806735,921979905
iw,-68.8357925415039,-76.211181640625,-180.1514652876698,121.56157421923434,921996572
iw,-65.8808670043945,-78.8893814086914,-154.05802444251896,115.164557746328,922013239
iw,-63.2477912902832,-81.9406585693359,-126.20765032223089,101.20197342837089,922029906
iw,-61.9595985412597,-84.1253128051757,-100.01311124145734,81.8448498781671,922046573
iw,-61.8693008422851,-84.5574874877929,-77.99332556544027,60.385420050207635,922063240
iw,-61.9164428710937,-83.8267364501953,-61.07983979836656,40.397531867534106,922079907
iw,-61.5561637878418,-83.0379333496093,-48.38992705054704,24.776067157094623,922096574
iw,-60.4757461547851,-82.8843765258789,-37.606932641252754,15.038101270823432,922113241
iw,-58.7989463806152,-83.4032287597656,-25.869384684653287,11.165280713754814,922129908
iw,-57.5505180358886,-84.1875610351562,-10.840894251603066,11.997801231428413,922146575
iw,-57.475414276123,-84.9038391113281,8.452485999905496,15.927221315148321,922163242
iw,-58.6279258728027,-85.5829238891601,31.316621707811045,21.535654061789604,922179909
iw,-60.2966766357421,-86.1352767944336,55.666888712557515,27.923594731209946,922196576
iw,-61.8762626647949,-86.5145187377929,78.70372969029142,34.666510124307145,922213243
iw,-63.5930442810058,-86.7833175659179,97.6967268433681,41.51718155345353,922229910
iw,-65.3246383666992,-86.9098510742187,110.63497781839702,48.05127618408992,922246577
iw,-67.1175918579101,-86.8005294799804,116.62482425218249,53.43199884371516,922263244
iw,-69.083023071289,-86.4315795898437,116.02315002562419,56.385410099161255,922279911
iw,-71.0842895507812,-85.8945922851562,110.34100907027565,55.382423538816056,922296578
iw,-73.5986328125,-85.3841705322265,101.9491014587881,48.95571349133697,922313245
iw,-75.3884506225586,-85.072883605957,93.60510260082937,36.05508183724167,922329912
iw,-76.1677474975586,-84.9586563110351,87.84653020427605,16.354989376259756,922346579
iw,-76.8104705810546,-85.0220870971679,86.36305166589096,-9.54860595870965,922363246
iw,-77.9157104492187,-85.3590698242187,89.53226918982998,-40.095589868937736,922379913
iw,-79.6309432983398,-86.0221176147461,96.29679735531333,-72.90079609669317,922396580
iw,-81.55029296875,-86.698860168457,104.45018122538801,-105.07649078927942,922413247
iw,-83.5554504394531,-86.3599243164062,111.24423203321982,-133.69710696265307,922429914
iw,-85.2046661376953,-84.3724975585937,114.12293359533781,-156.3163901107598,922446581
iw,-86.281005859375,-81.3342590332031,111.3736239373329,-171.41209376474455,922463248
iw,-86.658950805664,-77.9068222045898,102.54252793095255,-178.62913259384646,922479915
iw,-85.9376525878906,-74.5133209228515,88.53750019421378,-178.73148589928837,922496582
iw,-84.6521072387695,-71.7192840576171,71.40357165533564,-173.26065936792975,922513249
iw,-83.9201354980468,-69.6947708129882,53.81313419566414,-164.01442305025876,922529916
iw,-84.0310363769531,-67.5146331787109,38.38429847779901,-152.54941369689095,922546583
iw,-84.3334808349609,-65.0476608276367,27.0182149589448,-139.90830771088199,922563250
iw,-84.1792373657226,-62.3651542663574,20.473448018096775,-126.65312013385031,922579917
iw,-83.5898742675781,-59.930061340332,18.322527441391667,-113.1116720681655,922596584
iw,-82.8476638793945,-58.3750190734863,19.28152453868085,-99.62989029398916,922613251
iw,-82.2849502563476,-57.5986862182617,21.754241574119114,-86.64846523216772,922629918
iw,-81.7378997802734,-57.0395126342773,24.371073107138983,-74.56556757627574,922646585
iw,-81.0981903076171,-56.3471908569335,26.344739004286737,-63.500628363292144,922663252
iw,-80.4925003051757,-55.5101699829101,27.563958943909416,-53.13348207013815,922679919
iw,-80.0502700805664,-54.5637016296386,28.443313629594773,-42.73502429016989,922696586
iw,-79.7440338134765,-53.9310455322265,29.612732623343337,-31.389984942147017,922713253
iw,-79.4527359008789,-53.6738128662109,31.56013730858705,-18.32055567410693,922729920
iw,-79.0938568115234,-53.5989151000976,34.33981670003992,-3.1920202418101242,922746587
iw,-78.6530075073242,-53.7367134094238,37.430455723058195,13.694168069067226,922763254
iw,-78.0572738647461,-54.0893325805664,39.77821944665855,31.37193015791743,922779921
iw,-77.3497467041015,-55.0663909912109,40.00613512517142,48.35708699534542,922796588
iw,-76.6240921020507,-56.2640800476074,36.72602746102012,62.938216744194754,922813255
iw,-75.9468383789062,-57.3147277832031,28.863645667068848,73.54420800054362,922829922
iw,-75.5024261474609,-58.3843688964843,15.906282522365201,79.10389641082858,922846589
iw,-75.4505996704101,-59.7048034667968,-1.9940762745620206,79.32366911010969,922863256
iw,-75.9486083984375,-61.2661018371582,-24.083991868511667,74.83038125542178,922879923
iw,-77.0374679565429,-62.8353309631347,-49.204941622586986,67.14102749960172,922896590
iw,-78.4944839477539,-63.6725463867187,-76.04380217432748,58.436249587971176,922913257
iw,-80.2301177978515,-64.1348114013671,-103.34303204158498,51.15593238926081,922929924
iw,-82.2463226318359,-64.5901794433593,-129.99996973625332,47.50002611942025,922946591
iw,-84.5373611450195,-65.3200073242187,-155.03686006391268,48.96594216270962,922963258
iw,-86.6834716796875,-66.6093444824218,-177.4805865749933,56.04345490590972,922979925
iw,-87.3428878784179,-68.1015319824218,-196.2324843752942,68.12057847090703,922996592
iw,-85.1908340454101,-69.5907135009765,-210.02069408904373,83.57729789869852,923013259
iw,-81.7911148071289,-71.0092849731445,-217.50264455248288,100.01122511474284,923029926
iw,-78.1028747558593,-72.3993682861328,-217.52545416489392,114.56230435062996,923046593
iw,-74.008560180664,-73.9499588012695,-209.47791481340283,124.34361415655994,923063260
iw,-71.0910263061523,-75.899169921875,-193.6146443042834,126.98531195077733,923079927
iw,-68.1977920532226,-78.4655990600586,-171.22840989606794,121.23183128530135,923096594
iw,-65.1855545043945,-81.4164962768554,-144.58649819556152,107.4270523231585,923113261
iw,-62.6907081604003,-83.9089660644531,-116.6028052356606,87.65366771334975,923129928
iw,-61.3895416259765,-84.7945556640625,-90.27556111897094,65.34471656493527,923146595
iw,-61.2201194763183,-84.1675033569336,-67.99661242500194,44.38649323265856,923163262
iw,-61.3065643310546,-83.0709228515625,-50.927945790763424,28.002607666550766,923179929
iw,-60.9928932189941,-82.4815368652343,-38.683776216692934,17.87662834507609,923196596
iw,-60.1423301696777,-82.7220153808593,-29.484128377602893,13.89203094836964,923213263
iw,-59.3241348266601,-83.3922119140625,-20.767082805511983,14.56311153600263,923229930
iw,-58.7228202819824,-84.0262451171875,-10.056276482143542,17.88720852807437,923246597
iw,-58.3346366882324,-84.6647644042968,4.218511595227493,22.17813294465943,923263264
iw,-58.370735168457,-85.1941299438476,22.219244568738187,26.52083368061646,923279931
iw,-59.195987701416,-85.6089935302734,42.660672562897325,30.730973263777297,923296598
iw,-60.8160324096679,-85.9604187011718,63.21629928472224,34.95178127684263,923313265
iw,-62.5752983093261,-86.2478790283203,81.20883605619969,39.15654163071731,923329932
iw,-64.410285949707,-86.4457626342773,94.35038598771838,42.816370264089834,923346599
iw,-65.9398422241211,-86.3475723266601,101.31506097166515,44.87517818835392,923363266
iw,-67.5024032592773,-85.8305892944336,102.01589586294301,44.016081926502885,923379933
iw,-69.6455993652343,-85.1133651733398,97.56247074167386,39.07867381328358,923396600
iw,-71.5939102172851,-84.5056686401367,89.94736662604043,29.441620824423453,923413267
iw,-72.4280853271484,-84.2900009155273,81.54737560163085,15.223654652055632,923429934
iw,-72.8736572265625,-84.5148849487304,74.560175316358,-2.7547778647311123,923446601
iw,-73.6727828979492,-85.0429916381836,70.5324202527259,-23.2119293920512,923463268
iw,-75.1309585571289,-85.6638793945312,70.12458901514597,-44.7438506957925,923479935
iw,-76.8744583129882,-86.0911407470703,73.16611436348234,-66.13790935043804,923496602
iw,-78.5953140258789,-86.0341491699218,78.9215949334106,-86.56077384453356,923513269
iw,-80.1701736450195,-85.3202285766601,86.4044325350352,-105.57774709163051,923529936
iw,-81.6172409057617,-83.9406814575195,94.59095406607517,-123.02672156322373,923546603
iw,-82.968879699707,-82.0155487060546,102.48173261966942,-138.8188350872288,923563270
iw,-84.256591796875,-79.6831970214843,109.05991217760526,-152.7512125561977,923579937
iw,-85.4033050537109,-77.0615081787109,113.2533506559329,-164.39717104082752,923596604
iw,-86.3453750610351,-74.1963272094726,114.0002821706652,-173.10378627226967,923613271
iw,-86.6801147460937,-71.3664321899414,110.45873389799982,-178.0933452232404,923629938
iw,-85.8245391845703,-68.4260864257812,102.31379389280683,-178.64066399216586,923646605
iw,-84.1253128051757,-65.4375,90.05774752700452,-174.2805174957427,923663272
iw,-82.6557006835937,-62.6987686157226,75.0868592465736,-164.98644297140982,923679939
iw,-81.8233184814453,-60.0000839233398,59.50781377595957,-151.2584279625729,923696606
iw,-81.7144546508789,-57.6678886413574,45.670161846493066,-134.0717939526021,923713273
iw,-81.714973449707,-55.9827728271484,35.57788531962796,-114.67832562160407,923729940
iw,-81.2538986206054,-54.7515830993652,30.399521426440234,-94.3067905221849,923746607
iw,-80.4045028686523,-53.8384246826171,30.247030623235073,-73.86207074326016,923763274
iw,-79.4767684936523,-53.1319313049316,34.26114755034627,-53.74082202309992,923779941
iw,-78.6699447631836,-52.5604286193847,40.91185425210157,-33.848479854487685,923796608
iw,-77.8999938964843,-52.0292282104492,48.36974822653802,-13.826175903875026,923813275
iw,-77.1110229492187,-51.6383934020996,54.83553595241751,6.591715540362201,923829942
iw,-76.1986618041992,-51.5745658874511,58.78257688500554,27.230788555292946,923846609
iw,-75.1535186767578,-51.9966735839843,59.116979981751534,47.2897712280996,923863276
iw,-74.1023178100586,-53.1729431152343,55.269965816058644,65.4065727654272,923879943
iw,-73.2000885009765,-55.0722312927246,47.22216540402221,79.96712836122745,923896610
iw,-72.5997238159179,-56.8255081176757,35.44664644370493,89.54295291750846,923913277
iw,-72.3350067138671,-58.2617607116699,20.76473589813961,93.29469252388624,923929944
iw,-72.378189086914,-59.6774253845214,4.134644267842014,91.21355672667399,923946611
iw,-72.7307586669921,-61.1540184020996,-13.578792205041712,84.1604644233369,923963278
iw,-73.3290176391601,-62.3700103759765,-31.791893356555423,73.73936436252146,923979945
iw,-74.1430130004882,-63.6189231872558,-50.295770664802596,62.065146622939935,923996612
iw,-75.2871398925781,-64.7803955078125,-69.23110282908927,51.46734583568476,924013279
iw,-76.7670288085937,-65.593765258789,-88.95055968674068,44.14581256389247,924029946
iw,-78.4723663330078,-66.0566711425781,-109.79945796761473,41.79526045619303,924046613
iw,-80.5628051757812,-66.3893661499023,-131.85922378349844,45.24865788370556,924063280
iw,-82.9756851196289,-67.0230255126953,-154.70654763063672,54.230100497710964,924079947
iw,-85.4869918823242,-68.1340942382812,-177.2482221599797,67.3148344030158,924096614
iw,-87.8018035888671,-69.6247329711914,-197.6961698731904,82.14596496298881,924113281
iw,-87.0460662841796,-71.3661499023437,-213.73990360320866,95.87607592303388,924129948
iw,-83.9130859375,-73.1395187377929,-222.94067097644503,105.73417090032807,924146615
iw,-80.0436706542968,-74.9602584838867,-223.304782646129,109.59288899531471,924163282
iw,-75.5027847290039,-76.9904861450195,-213.90433719331008,106.4195996952569,924179949
iw,-71.5083923339843,-78.963882446289,-195.33896303329934,96.51418090262214,924196616
iw,-68.3798904418945,-80.6698226928711,-169.8264758319683,81.46119677355058,924213283
iw,-66.1512222290039,-81.7802810668945,-140.80974490999915,63.77431419465478,924229950
iw,-64.9554061889648,-82.1315460205078,-112.14751292247209,46.29892195683516,924246617
iw,-64.3671722412109,-82.0701599121093,-87.13450483094587,31.53845650536381,924263284
iw,-63.8578033447265,-82.0715713500976,-67.6803033394921,21.121011034244802,924279951
iw,-62.9144439697265,-82.3922348022461,-53.92418607434728,15.57783672908375,924296618
iw,-61.8098983764648,-82.9345321655273,-44.3980030809139,14.473967243504491,924313285
iw,-60.9417266845703,-83.5052947998046,-36.64838898158192,16.782624238799755,924329952
iw,-60.2310142517089,-84.1277084350586,-28.083234258968627,21.31233603246453,924346619
iw,-59.610252380371,-84.7922592163086,-16.765499675437805,27.017248616523847,924363286
iw,-59.1193809509277,-85.4627914428711,-1.9292033662606591,33.11707026698482,924379953
iw,-59.2326850891113,-86.0399780273437,15.903559138508221,39.055163361700124,924396620
iw,-60.4723434448242,-86.5222778320312,35.2012716019118,44.37849222534905,924413287
iw,-61.9190139770507,-86.8934173583984,53.97172437734926,48.622411762514766,924429954
iw,-63.5632019042968,-87.0453491210937,70.37206589935025,51.249417847249234,924446621
iw,-64.8037414550781,-86.9101028442382,83.17189794047984,51.65206284006003,924463288
iw,-65.8854217529296,-86.6075973510742,91.95262565394353,49.20443852597278,924479955
iw,-67.2823638916015,-86.2903366088867,97.05537498452158,43.33910081244153,924496622
iw,-68.8854751586914,-86.0443801879882,99.37747331242473,33.63144462361961,924513289
iw,-71.1330642700195,-85.9685745239257,100.12110447915246,19.881275307035764,924529956
iw,-73.2720870971679,-86.0780410766601,100.54155498833451,2.184792685914944,924546623
iw,-74.6371765136718,-86.3612670898437,101.69276091542872,-19.011490720338738,924563290
iw,-75.8850860595703,-86.7459335327148,104.17412972215816,-42.887953311053636,924579957
iw,-77.6079635620117,-87.0852355957031,107.93219364281576,-68.27753782480922,924596624
iw,-79.5442123413086,-87.1368637084961,112.20256789393237,-93.75627111395856,924613291
iw,-81.4085235595703,-86.307373046875,115.64929168220104,-117.80276771652723,924629958
iw,-83.3013916015625,-84.4405746459961,116.6888468382215,-139.00593169620333,924646625
iw,-85.1839981079101,-81.8139343261718,113.92333172617501,-156.27088061399982,924663292
iw,-86.9495010375976,-78.7654953002929,106.57469373994175,-168.95617500748457,924679959
iw,-88.3180999755859,-75.5697250366211,94.80249793065043,-176.88687871885477,924696626
iw,-87.7242813110351,-72.4917526245117,79.79575000056904,-180.23327837258117,924713293
iw,-86.6331481933593,-69.9412078857421,63.56785688087885,-179.3110813334715,924729960
iw,-86.4154891967773,-67.3401718139648,48.469387519801195,-174.4118415479243,924746627
iw,-86.5460052490234,-64.3939971923828,36.55240965230226,-165.76983026908619,924763294
iw,-86.5293197631836,-61.3787155151367,29.01259655617066,-153.69398632742147,924779961
iw,-86.0906448364257,-58.4566459655761,25.928561909648895,-138.77649012927552,924796628
iw,-85.1892395019531,-56.3955955505371,26.39394956272764,-122.01432338392156,924813295
iw,-84.1160354614257,-55.1788940429687,28.960739541870126,-104.71239952472297,924829962
iw,-83.278450012207,-54.3520889282226,32.18327301891503,-88.16542678278377,924846629
iw,-82.627815246582,-53.5539627075195,35.0377353258052,-73.2553352704172,924863296
iw,-82.0329666137695,-52.6006278991699,37.08378601235545,-60.15827545311156,924879963
iw,-81.4676971435546,-51.5370788574218,38.36845167051317,-48.29889767578651,924896630
iw,-80.9087600708007,-50.7123756408691,39.17431952999749,-36.56735174037274,924913297
iw,-80.3877792358398,-50.3124923706054,39.74749569876315,-23.70627480459726,924929964
iw,-79.7979354858398,-50.1612281799316,40.1125507176226,-8.732056432017783,924946631
iw,-79.1083602905273,-50.0282936096191,40.021599831655344,8.727499469177541,924963298
iw,-78.3506240844726,-50.2837028503418,39.023481657583176,28.254471438651315,924979965
iw,-77.6390609741211,-51.3315887451171,36.59827147491495,48.65391525657182,924996632
iw,-77.0634155273437,-52.5894050598144,32.29181831257985,68.14965132986406,925013299
iw,-76.6519012451171,-53.7768325805664,25.801646663118916,84.71405608917986,925029966
iw,-76.3845977783203,-55.0839729309082,16.99604725349754,96.46280774958989,925046633
iw,-76.2710952758789,-56.6919517517089,5.876371403315991,102.05146392920963,925063300
iw,-76.3977432250976,-58.4864807128906,-7.491300545318574,101.02176512558277,925079967
iw,-76.8249816894531,-60.3695487976074,-23.04471379536239,94.03812442693821,925096634
iw,-77.5515594482421,-62.2258720397949,-40.7661962778155,82.93624438737122,925113301
iw,-78.6292572021484,-63.5690307617187,-60.673137267242424,70.5087580621042,925129968
iw,-80.0395965576171,-64.2753219604492,-82.74497220955189,60.003022044721924,925146635
iw,-81.6781463623046,-64.8063888549804,-106.78832188395033,54.399421567507105,925163302
iw,-83.5331344604492,-65.1092529296875,-132.2628755335985,55.638649028156756,925179969
iw,-85.4502944946289,-65.7917175292968,-158.11526258394846,64.02333929029562,925196636
iw,-86.8484954833984,-67.0269088745117,-182.6894848522774,77.99731746704866,925213303
iw,-86.1494369506836,-68.5613327026367,-203.7884595748437,94.40509865737302,925229970
iw,-83.4398956298828,-70.2579803466796,-218.93925201133632,109.19478588693457,925246637
iw,-80.0863037109375,-72.1682205200195,-225.85921807675555,118.40321682531518,925263304
iw,-75.6631851196289,-74.5158538818359,-223.0396202319856,119.18460556334769,925279971
iw,-71.5435485839843,-77.2841262817382,-210.2824576455391,110.61289125343824,925296638
iw,-67.9924926757812,-79.6913223266601,-188.98647124094643,94.00440794535565,925313305
iw,-64.7139511108398,-81.2587280273437,-162.01943438506464,72.59977090424265,925329972
iw,-62.8428573608398,-81.3359603881836,-133.14159613972294,50.63730173294293,925346639
iw,-62.2352638244628,-80.6728744506836,-106.11614289239247,32.10045591977174,925363306
iw,-61.6522331237793,-80.2133712768554,-83.78300631086135,19.59749124591053,925379973
iw,-60.6516761779785,-80.4333267211914,-67.40826753349738,13.79983966616217,925396640
iw,-59.2203216552734,-81.060073852539,-56.517986879824534,13.613305982615792,925413307
iw,-57.9864349365234,-81.7846984863281,-49.2282968304688,16.922349455693645,925429974
iw,-57.1178321838378,-82.4627685546875,-42.90445651619186,21.522668849552872,925446641
iw,-56.7254409790039,-83.1927185058593,-34.91170983457428,25.846341971437628,925463308
iw,-56.4858856201171,-83.8248901367187,-23.26241115675964,29.2533291992683,925479975
iw,-56.0975265502929,-84.2704315185546,-7.04840707148954,31.89175268957387,925496642
iw,-55.7326698303222,-84.5954666137695,13.38982066479905,34.29836733091831,925513309
iw,-56.3552703857421,-84.9889831542968,36.57338685215893,36.96315138952991,925529976
iw,-58.0116539001464,-85.4451293945312,60.25221026431205,40.02759413264093,925546643
iw,-59.7100257873535,-85.7005386352539,81.94154378414983,43.17683834762638,925563310
iw,-61.4046974182128,-85.7082824707031,99.48218262036964,45.686426862928194,925579977
iw,-63.0113563537597,-85.6816253662109,111.48018857237018,46.5429098996316,925596644
iw,-64.8394088745117,-85.7946701049804,117.54545283011332,44.58004458988404,925613311
iw,-67.0784606933593,-86.0040435791015,118.31981109377392,38.62350471423577,925629978
iw,-69.4760589599609,-86.1445083618164,115.31617251047292,27.669380872224764,925646645
iw,-71.7384338378906,-86.1349716186523,110.58708815286256,11.109679256134685,925663312
iw,-73.0896301269531,-86.154426574707,106.25091569311515,-11.028257668806733,925679979
iw,-74.0459747314453,-86.3052520751953,103.95555887128701,-37.907471236948474,925696646
iw,-75.5278091430664,-86.5328750610351,104.4256334717147,-67.86222341879844,925713313
iw,-77.4383010864257,-86.3512725830078,107.25308976862429,-98.58534047513335,925729980
iw,-79.4072875976562,-85.0368270874023,111.01847901366217,-127.49922199601905,925746647
iw,-81.4015502929687,-82.6739120483398,113.70820478788308,-152.21288173968946,925763314
iw,-83.2595062255859,-79.7864303588867,113.296464435075,-170.92949660413962,925779981
iw,-85.0251159667968,-76.6876602172851,108.3288839285687,-182.68711953583306,925796648
iw,-86.7117538452148,-73.6138839721679,98.36337162780939,-187.3808243310523,925813315
iw,-87.7869796752929,-70.6488037109375,84.16080337053678,-185.59737748292108,925829982
iw,-87.6653594970703,-67.8634185791015,67.56331900075809,-178.35695363480482,925846649
iw,-87.4377670288086,-65.216194152832,51.06380991629836,-166.87314875432543,925863316
iw,-87.5033111572265,-62.6439552307128,37.16336569457135,-152.4064543221909,925879983
iw,-87.6932754516601,-60.2151794433593,27.706319949195446,-136.21672701701112,925896650
iw,-87.6892852783203,-58.0470314025878,23.41886388699081,-119.55493692282403,925913317
iw,-87.2001953125,-56.3965225219726,23.815645079838816,-103.61185360145284,925929984
iw,-86.3054122924804,-55.2975997924804,27.49425667576452,-89.37713827686727,925946651
iw,-85.3192291259765,-54.4109458923339,32.680227408430916,-77.43640040479733,925963318
iw,-84.4472045898437,-53.582103729248,37.796392886947324,-67.79839995286352,925979985
iw,-83.7335891723632,-52.5782852172851,41.85001065095088,-59.854597735727594,925996652
iw,-83.0922393798828,-51.4085121154785,44.534967217292966,-52.51881946680978,926013319
iw,-82.4421005249023,-50.4372062683105,46.071748315714366,-44.50980410543387,926029986
iw,-81.8232727050781,-49.8653945922851,46.8968466468777,-34.6775393132734,926046653
iw,-81.1762619018554,-49.6246223449707,47.34188552742097,-22.2703772745589,926063320
iw,-80.419692993164,-49.5980491638183,47.41789811795238,-7.085885295349346,926079987
iw,-79.5287170410156,-49.7750167846679,46.76274991415157,10.495667659699661,926096654
iw,-78.5750198364257,-50.2209968566894,44.74267015567174,29.565550415000626,926113321
iw,-77.6841964721679,-51.0051612854003,40.64444007160509,48.79889688798178,926129988
iw,-76.9776229858398,-51.9488296508789,33.87084590775474,66.61002506367151,926146655
iw,-76.5385513305664,-52.9052505493164,24.065130237137858,81.34888601774789,926163322
iw,-76.4275283813476,-54.2710838317871,11.131491489963967,91.5408302910498,926179989
iw,-76.5958175659179,-56.0807304382324,-4.832196427713612,96.16050670609937,926196656
iw,-77.0168533325195,-57.9421806335449,-23.638062236744602,94.9014818540183,926213323
iw,-77.7650070190429,-59.4737167358398,-45.0881366234282,88.37009927310903,926229990
iw,-78.9011611938476,-60.9964599609375,-68.98618796737391,78.1219235504249,926246657
iw,-80.5027999877929,-62.4005813598632,-95.06577328981547,66.4861253595691,926263324
iw,-82.5195617675781,-63.2640800476074,-122.84781817521268,56.177405083121016,926279991
iw,-84.730842590332,-63.8000450134277,-151.46563255157494,49.757852153423556,926296658
iw,-86.5224990844726,-64.171890258789,-179.51632473881705,49.066536841074445,926313325
iw,-86.6296081542968,-64.9516143798828,-205.01356697608688,54.76302182257664,926329992
iw,-84.5461959838867,-66.1103134155273,-225.51637978820122,66.11218606082113,926346659
iw,-80.8967514038086,-67.5332946777343,-238.47362255658206,81.07265781689134,926363326
iw,-76.1915054321289,-69.1346664428711,-241.74590903863378,96.67062321920321,926379993
iw,-71.4869995117187,-70.7040634155273,-234.17117061398167,109.58192849009916,926396660
iw,-68.5332336425781,-72.3841781616211,-215.9871092710311,116.8193635606006,926413327
iw,-65.6053085327148,-74.4817733764648,-188.961024797461,116.40910163553183,926429994
iw,-62.3958740234375,-77.1876525878906,-156.18151743112014,107.91750022092587,926446661
iw,-59.8802223205566,-79.8209686279296,-121.55907234983233,92.66512737927869,926463328
iw,-58.4721221923828,-81.4428787231445,-89.12409186559003,73.48716132259342,926479995
iw,-58.2998313903808,-81.586929321289,-62.24002597907944,54.01841151885704,926496662
iw,-58.4052085876464,-80.7210998535156,-42.90165806025512,37.68319106921188,926513329
iw,-58.1715469360351,-80.0110549926757,-31.32353573242017,26.74860668316733,926529996
iw,-57.4194869995117,-80.1522674560546,-25.97024928298769,21.818433083755867,926546663
iw,-56.55708694458,-81.0610427856445,-24.03393342117189,21.955299387687106,926563330
iw,-55.9771614074707,-82.2752609252929,-22.20405031010764,25.320558045420224,926579997
iw,-55.5659523010253,-83.330940246582,-17.49107137219887,29.99395399321193,926596664
iw,-55.4149017333984,-84.0209274291992,-7.887374689475174,34.60445265973151,926613331
iw,-55.4574584960937,-84.4827804565429,7.264417736428077,38.5580111954891,926629998
iw,-55.8298912048339,-84.9284744262695,27.23074339197227,41.87070222557487,926646665
iw,-56.7713203430175,-85.4250030517578,50.13705119815313,44.78002541054594,926663332
iw,-58.2631874084472,-85.9614334106445,73.42306420278673,47.352477827625925,926679999
iw,-60.1119918823242,-86.3927764892578,94.38905879982347,49.24723543623124,926696666
iw,-61.9444122314453,-86.5976867675781,110.71513347727901,49.69222486600558,926713333
iw,-63.5650215148925,-86.5929107666015,120.86379646024145,47.637813045987045,926730000
iw,-65.6428298950195,-86.4930114746093,124.32413708630426,42.005806444413686,926746667
iw,-67.9325485229492,-86.4677581787109,121.69060106466225,31.94790744988034,926763334
iw,-70.6853790283203,-86.5354766845703,114.56912461448968,17.050685803182017,926780001
iw,-72.7130737304687,-86.6651611328125,105.28909783761853,-2.5473134338867567,926796668
iw,-73.6555480957031,-86.8761367797851,96.42168074340267,-26.140216519101312,926813335
iw,-74.4246292114257,-87.1226806640625,90.18444553869551,-52.542759923327665,926830002
iw,-75.742805480957,-86.9516830444336,87.90000103874291,-80.2672742597938,926846669
iw,-77.2713775634765,-85.7820281982421,89.69047730384865,-107.74850941214746,926863336
iw,-79.0547943115234,-83.8183288574218,94.50290641542949,-133.54875523880844,926880003
iw,-80.9598693847656,-81.4086532592773,100.43089436098325,-156.47549410612498,926896670
iw,-82.5902709960937,-78.7603607177734,105.20871705664315,-175.5828564578403,926913337
iw,-84.0789108276367,-75.8624496459961,106.73991803162751,-190.08922047476122,926930004
iw,-85.4664688110351,-72.4637374877929,103.55885176130292,-199.28930182748655,926946671
iw,-86.5421524047851,-68.9619674682617,95.16306493409482,-202.5410456084118,926963338
iw,-86.8030471801757,-65.5615463256836,82.16839183624346,-199.36515213138267,926980005
iw,-86.3064727783203,-62.2214317321777,66.23746839169826,-189.633684007852,926996672
iw,-85.9028015136718,-59.4383163452148,49.75267807134533,-173.77476384908937,927013339
iw,-85.8763122558593,-56.941551208496,35.27163771777799,-152.90119038193163,927030006
iw,-86.116470336914,-54.6282043457031,24.898681528765792,-128.78467580930126,927046673
iw,-86.2491302490234,-52.841323852539,19.77131742637609,-103.63771733268726,927063340
iw,-85.944351196289,-51.872444152832,19.84127651271159,-79.72337312733188,927080007
iw,-85.2764053344726,-51.4010467529296,24.01956195561212,-58.87976409625169,927096674
iw,-84.4012298583984,-51.1257438659668,30.60702725238935,-42.10006045302962,927113341
iw,-83.4956130981445,-50.7878379821777,37.82468978188818,-29.31687297654517,927130008
iw,-82.7044906616211,-50.2667732238769,44.24308712258968,-19.481906097747817,927146675
iw,-81.9854583740234,-49.7469062805175,48.983879303350896,-10.925892503841938,927163342
iw,-81.2986602783203,-49.4887046813964,51.681259955440055,-1.8809684563359381,927180009
iw,-80.6437606811523,-49.4373397827148,52.28749148249748,9.003577744176951,927196676
iw,-79.968521118164,-49.5676040649414,50.848947643067106,22.304069539087443,927213343
iw,-79.2036972045898,-50.3642120361328,47.36063221812672,37.70726065304934,927230010
iw,-78.3391189575195,-51.6673622131347,41.746514852933466,54.1336088375174,927246677
iw,-77.5377197265625,-52.8805389404296,33.940723588427794,70.02290029880577,927263344
iw,-76.9499206542968,-53.8691101074218,23.993444073392975,83.6781914385646,927280011
iw,-76.6803359985351,-55.1453857421875,12.118575012944323,93.59041224611451,927296678
iw,-76.7743148803711,-56.8424835205078,-1.3608014565977673,98.71669052961248,927313345
iw,-77.2212982177734,-58.6100921630859,-16.15079362027776,98.71076441883169,927330012
iw,-77.9524383544921,-60.3633155822753,-32.13845165663108,94.08460476418784,927346679
iw,-78.8485031127929,-62.2767829895019,-49.470250112370316,86.24442771938749,927363346
iw,-79.9893264770507,-63.8702392578125,-68.4967689347802,77.33281769599411,927380013
iw,-81.3824996948242,-65.0092697143554,-89.57742829408937,69.84328535160195,927396680
iw,-83.0402145385742,-65.7103576660156,-112.79628599939423,66.05022588611601,927413347
iw,-84.9370193481445,-66.255500793457,-137.67723467241382,67.3880012580337,927430014
iw,-86.6998672485351,-67.2026062011718,-162.99551175235334,73.97164065529796,927446681
iw,-87.0750427246093,-68.564582824707,-186.7660716772705,84.4377443394183,927463348
iw,-84.9969635009765,-70.2215347290039,-206.45451401921042,96.19309738459646,927480015
iw,-81.6462631225586,-72.0471649169921,-219.4049241836252,106.02912368991586,927496682
iw,-77.8216171264648,-73.9943466186523,-223.41380571352167,110.94676774081438,927513349
iw,-73.5085220336914,-76.1647033691406,-217.31460497931644,108.97164357598123,927530016
iw,-70.1983337402343,-78.4502868652343,-201.40093954239055,99.72809245222872,927546683
iw,-66.828498840332,-80.4469833374023,-177.5348011446453,84.58289928906629,927563350
iw,-63.7575340270996,-81.6783142089843,-148.86206989246773,66.2749975142224,927580017
iw,-62.2158508300781,-81.7276611328125,-119.16899666593379,48.11577876793886,927596684
iw,-61.6606407165527,-81.2506713867187,-92.02994426675777,33.02541508027761,927613351
iw,-61.1686820983886,-81.159797668457,-69.98590897678238,22.764495557046274,927630018
iw,-60.2509765625,-81.6276168823242,-54.00818571830871,17.645915048909988,927646685
iw,-59.1456832885742,-82.4267425537109,-43.40848661454092,16.78792881380024,927663352
iw,-58.3502578735351,-83.1645431518554,-36.19091146587926,18.720782528208797,927680019
iw,-57.8539772033691,-83.8383636474609,-29.69597449037499,22.02943645015749,927696686
iw,-57.5613975524902,-84.4201278686523,-21.331672649007913,25.761316693007903,927713353
iw,-57.2045211791992,-84.8874893188476,-9.213116133477213,29.49520261430122,927730020
iw,-56.8930549621582,-85.2705535888671,7.412366457497698,33.14365608425044,927746687
iw,-57.1256790161132,-85.657112121582,28.026404330442276,36.659019316942675,927763354
iw,-58.4686584472656,-86.1325912475586,51.00351210194582,39.8086056498842,927780021
iw,-60.0993194580078,-86.5709228515625,74.02134898957914,42.109078757208685,927796688
iw,-61.9297981262207,-86.8470001220703,94.59143684513344,42.915405009273115,927813355
iw,-63.62935256958,-86.9425201416015,110.56395122380255,41.591513268678774,927830022
iw,-65.1839447021484,-87.0059814453125,120.50611842293213,37.67029555260001,927846689
iw,-67.2563323974609,-87.1256103515625,123.92776379047228,30.936124571649252,927863356
iw,-69.43603515625,-87.2477874755859,121.36934688441754,21.412204015002313,927880023
iw,-72.1672058105468,-87.3183212280273,114.35284590229975,9.28178875862614,927896690
iw,-74.3083953857421,-87.3298797607421,105.1588832926374,-5.20323704594511,927913357
iw,-75.5043792724609,-87.2519149780273,96.3977987276484,-21.778187923588586,927930024
iw,-76.3268966674804,-87.0236282348632,90.41866831971207,-40.16568936567811,927946691
iw,-77.3664016723632,-86.4908905029296,88.7069119417814,-60.0333235188705,927963358
iw,-78.7956008911132,-85.5931396484375,91.47237035525083,-80.94131602915431,927980025
iw,-80.4982986450195,-84.3168029785156,97.57589608295207,-102.30853934328725,927996692
iw,-82.2685852050781,-82.5992279052734,104.81747700883771,-123.40502992175927,928013359
iw,-83.9378356933593,-80.4513854980468,110.49229209157858,-143.36194882779418,928030026
iw,-85.4203796386718,-77.8594894409179,112.06507855403628,-161.18911898513457,928046693
iw,-86.6260604858398,-74.9696960449218,107.8122995241298,-175.80402047320592,928063360
iw,-86.8099060058593,-71.8364028930664,97.29916651488294,-186.09113299597936,928080027
iw,-85.3838272094726,-68.7648849487304,81.57197350145985,-191.01390847735274,928096694
iw,-84.1990051269531,-65.6868362426757,62.972871157312625,-189.78792018178848,928113361
iw,-84.1088485717773,-62.6897773742675,44.565561203638666,-182.09437018620739,928130028
iw,-84.5430374145507,-59.7952690124511,29.305278875199225,-168.2758777774743,928146695
iw,-84.8385925292968,-56.9363021850585,19.22686436852008,-149.42750038610498,928163362
iw,-84.7403335571289,-54.7500495910644,14.953716191513536,-127.29879979252505,928180029
iw,-84.1477661132812,-53.5673675537109,15.702531551096722,-103.97601845575599,928196696
iw,-83.2716903686523,-52.8805351257324,19.74109403259522,-81.40898100945937,928213363
iw,-82.3888778686523,-52.277359008789,25.073681634959627,-60.93877832525376,928230030
iw,-81.6761169433593,-51.7687759399414,30.069824528313827,-43.0086780671244,928246697
iw,-81.0747146606445,-51.1703834533691,33.82410266782276,-27.176098590324294,928263364
iw,-80.5447463989257,-50.5249252319335,36.17864140016446,-12.420788034445746,928280031
iw,-80.1217575073242,-50.2573585510253,37.47820150572278,2.371796132040033,928296698
iw,-79.7242126464843,-50.4432067871093,38.20666098577208,17.930290246963374,928313365
iw,-79.2622680664062,-50.7155151367187,38.6604018341934,34.28246364484692,928330032
iw,-78.7137069702148,-51.2470054626464,38.7660423613603,50.698552696751904,928346699
iw,-78.0433197021484,-52.5750694274902,38.07614059148976,65.89815784012492,928363366
iw,-77.3167190551757,-54.3423538208007,35.905897952102485,78.4433177938238,928380033
iw,-76.6481094360351,-55.7443923950195,31.529416386134866,87.18192782438537,928396700
iw,-76.1511001586914,-57.0522842407226,24.347754845267144,91.59693808255274,928413367
iw,-75.953369140625,-58.6225051879882,13.971089183602475,91.96708459233683,928430034
iw,-76.1042098999023,-60.2803115844726,0.20869532034544622,89.32151040035768,928446701
iw,-76.5608367919921,-61.6142272949218,-16.990131577522646,85.22559882041278,928463368
iw,-77.2803878784179,-62.963882446289,-37.5767312545245,81.4536108511765,928480035
iw,-78.2399215698242,-64.4885864257812,-61.37040840938082,79.60380168610779,928496702
iw,-79.5386428833007,-65.7687835693359,-87.94063449915538,80.7131650339792,928513369
iw,-81.2496109008789,-66.7677001953125,-116.44329089764071,84.94000654328333,928530036
iw,-83.3320846557617,-67.5666198730468,-145.4837726957174,91.40209560655688,928546703
iw,-85.3966598510742,-68.6367874145507,-173.08459040381192,98.26725183350769,928563370
iw,-86.6230392456054,-70.3756484985351,-196.81713911726536,103.15571109673485,928580037
iw,-85.7160491943359,-72.7354431152343,-214.12540741952887,103.80848138359781,928596704
iw,-82.6778564453125,-75.2310409545898,-222.81881539611678,98.83498233290173,928613371
iw,-77.7535552978515,-77.1576614379882,-221.63342453949969,88.25855894176561,928630038
iw,-73.5022583007812,-78.4881515502929,-210.67864006127772,73.60927740221209,928646705
iw,-70.85546875,-78.7987442016601,-191.56800754923853,57.48317176166152,928663372
iw,-68.4524841308593,-78.4980773925781,-167.13177758413744,42.7223003691065,928680039
iw,-66.2066650390625,-78.5511398315429,-140.78543855516605,31.54708109948813,928696706
iw,-64.5531234741211,-79.2465362548828,-115.7658825519048,24.988702460250988,928713373
iw,-63.323387145996,-80.2460327148437,-94.4681109847354,22.810997408896668,928730040
iw,-62.0494766235351,-81.0589523315429,-78.04295039834041,23.87223082708365,928746707
iw,-60.6799888610839,-81.7208023071289,-66.3142685895879,26.698283468933266,928763374
iw,-59.6473121643066,-82.381607055664,-57.984189065219105,30.00414564551044,928780041
iw,-58.8639488220214,-82.9280395507812,-51.03692515711415,32.99157231946248,928796708
iw,-58.3471221923828,-83.4143829345703,-43.23638010476381,35.38701801938824,928813375
iw,-57.8570518493652,-83.9594116210937,-32.628461301202805,37.292166356433334,928830042
iw,-57.2404518127441,-84.5613403320312,-17.976362705587352,38.96407670520723,928846709
iw,-56.8807487487793,-85.1445007324218,0.9419949131971822,40.62409924760578,928863376
iw,-57.0456962585449,-85.5793380737304,23.245764646260625,42.341862104080825,928880043
iw,-58.1144943237304,-85.8757400512695,47.11471077938563,43.990568325046354,928896710
iw,-59.6429405212402,-86.1315307617187,70.17920245529443,45.24760758146223,928913377
iw,-61.3178482055664,-86.4404754638671,90.03579804023097,45.62014229065052,928930044
iw,-63.0092811584472,-86.8000411987304,104.75194146617748,44.491471459910464,928946711
iw,-64.7046966552734,-87.0802688598632,113.24735396867618,41.19266637203434,928963378
iw,-66.6040954589843,-87.1575164794921,115.49669992740931,35.09877303360953,928980045
iw,-68.7805786132812,-87.0634155273437,112.54237167011033,25.736176906470327,928996712
iw,-71.2764816284179,-86.9698486328125,106.31701580612668,12.87888086594143,929013379
iw,-72.9908905029296,-86.9603042602539,99.27506024586962,-3.3875456170770146,929030046
iw,-73.9327011108398,-87.012466430664,93.86232912054685,-22.647987528437717,929046713
iw,-74.9593048095703,-87.0492553710937,91.92342774027945,-44.19152618751855,929063380
iw,-76.4845123291015,-86.8488082885742,94.21157010563014,-67.09468975500744,929080047
iw,-78.1518783569336,-86.087890625,100.16169471647393,-90.3387924203968,929096714
iw,-79.9137115478515,-84.6794052124023,108.00501518406521,-112.92862009540804,929113381
iw,-81.7505798339843,-82.720474243164,115.1952319574424,-133.9713389381554,929130048
iw,-83.5374679565429,-80.3680953979492,119.04012764601097,-152.6880664448416,929146715
iw,-85.344612121582,-77.7252044677734,117.39802549390609,-168.36381379589633,929163382
iw,-87.0420989990234,-74.7896499633789,109.28471962628277,-180.27732276510216,929180049
iw,-87.069221496582,-71.7443771362304,95.22962019660898,-187.67132639074947,929196716
iw,-85.709976196289,-68.8094406127929,77.23922236815069,-189.81525506175024,929213383
iw,-85.3526153564453,-65.7178115844726,58.31124662070207,-186.1766174531131,929230050
iw,-85.6901626586914,-62.4290618896484,41.60445614697209,-176.66251110032294,929246717
iw,-85.9805374145507,-59.4178466796875,29.54106795813189,-161.83629768173586,929263384
iw,-85.7659912109375,-56.7502517700195,23.18291316119234,-142.98644408223657,929280051
iw,-85.0670776367187,-54.971580505371,22.11088014909808,-121.95623686870712,929296718
iw,-84.1037292480468,-53.82568359375,24.805010363015615,-100.73806873557201,929313385
iw,-83.1710205078125,-53.0638961791992,29.308443913819865,-80.95322086195532,929330052
iw,-82.4592819213867,-52.3564758300781,33.875641988434765,-63.41225271708502,929346719
iw,-81.8849487304687,-51.6725349426269,37.372895227978496,-47.936355033395905,929363386
iw,-81.333999633789,-50.8662338256835,39.35251599728013,-33.5201758120288,929380053
iw,-80.8036270141601,-50.0269927978515,39.87018293162536,-18.780421170604185,929396720
iw,-80.3203582763671,-49.7005500793457,39.1943019385424,-2.5255193056388046,929413387
iw,-79.8722076416015,-49.8445167541503,37.5539010636981,15.753967216019895,929430054
iw,-79.2926406860351,-50.2132225036621,35.01241818048249,35.62941376621554,929446721
iw,-78.6318817138671,-51.1842155456543,31.476122790430637,55.77454753104057,929463388
iw,-78.0362014770507,-52.568977355957,26.78159773482978,74.26882340792963,929480055
iw,-77.6303253173828,-54.0248107910156,20.78072799241327,89.06456344744588,929496722
iw,-77.4301300048828,-55.6142539978027,13.361176710423187,98.49223896058609,929513389
iw,-77.4227523803711,-57.4553260803222,4.390400481625303,101.68695245193885,929530056
iw,-77.6401824951171,-59.3269157409668,-6.37742386644155,98.84853584510505,929546723
iw,-78.0784454345703,-60.9512977600097,-19.36517135355425,91.28281950717016,929563390
iw,-78.7335968017578,-62.2509994506835,-35.147340512115,81.20904682351059,929580057
iw,-79.6122894287109,-63.6021194458007,-54.30879954101632,71.36035153598002,929596724
iw,-80.7964553833007,-64.5569686889648,-77.20566982274272,64.44483411129909,929613391
iw,-82.3703308105468,-65.4973602294921,-103.68499556680071,62.56412641264636,929630058
iw,-84.2632217407226,-66.1353454589843,-132.84031658677713,66.70326927106282,929646725
iw,-86.076545715332,-66.9514999389648,-162.88084587882926,76.4127228055243,929663392
iw,-86.8436584472656,-68.2846908569336,-191.1801022447291,89.79019970284358,929680059
iw,-85.3745880126953,-69.9525451660156,-214.55031694321156,103.81775443223567,929696726
iw,-82.3615417480468,-71.8608474731445,-229.7532325053732,115.01742183945899,929713393
iw,-78.3796691894531,-73.8720703125,-234.1913555013034,120.28766781377662,929730060
iw,-73.2645416259765,-76.2725219726562,-226.629647777949,117.71239081077186,929746727
iw,-69.5795745849609,-78.6673431396484,-207.71737474330146,107.11411637181644,929763394
iw,-66.2299728393554,-80.5920715332031,-180.07897281817566,90.16020475201645,929780061
iw,-63.4166870117187,-81.8126907348632,-147.85689459639468,69.93740658109752,929796728
iw,-62.2086868286132,-81.9291229248046,-115.78104123089047,50.085377470931846,929813395
iw,-61.9701995849609,-81.5144348144531,-88.02344517593862,33.768939852407435,929830062
iw,-61.5659790039062,-81.325813293457,-67.19556269792946,22.865311827738978,929846729
iw,-60.6494026184082,-81.6599044799804,-53.81117563729458,17.662894831008167,929863396
iw,-59.2983093261718,-82.2894592285156,-46.369227965577736,17.135612643662775,929880063
iw,-58.1557540893554,-82.989387512207,-41.97973848875903,19.600454926624728,929896730
iw,-57.3386611938476,-83.7945861816406,-37.28023827706209,23.428830725713905,929913397
iw,-56.9899520874023,-84.5787048339843,-29.347245186796382,27.522064303210097,929930064
iw,-56.6915664672851,-85.2636413574218,-16.380137703280198,31.42564793174125,929946731
iw,-56.3741340637207,-85.8016128540039,1.9535688095203505,35.13810621128909,929963398
iw,-56.4361267089843,-86.1451187133789,24.533928883776554,38.78052656982506,929980065
iw,-57.6358070373535,-86.3533172607421,49.12773900114622,42.30349929342889,929996732
iw,-59.3889198303222,-86.364761352539,72.95654353824897,45.34349749625552,930013399
iw,-61.3064346313476,-86.1481628417968,93.34213971567728,47.24849667451238,930030066
iw,-63.154182434082,-85.860481262207,108.25905254038193,47.21874347827821,930046733
iw,-64.724739074707,-85.7063674926757,116.67241902827519,44.48010822929376,930063400
iw,-66.5499114990234,-85.7153167724609,118.6342076964435,38.4249378913307,930080067
iw,-68.4080200195312,-85.7311630249023,115.18896756193492,28.697253331594986,930096734
iw,-70.7765121459961,-85.6839828491211,108.15818229665376,15.2367072571621,930113401
iw,-72.7855834960937,-85.6234664916992,99.84040221469076,-1.691526128759791,930130068
iw,-74.0308456420898,-85.6202850341796,92.63439430220178,-21.46916007804756,930146735
iw,-75.0856094360351,-85.7106552124023,88.60691553952968,-43.11751870036949,930163402
iw,-76.5339813232421,-85.8347778320312,89.07448744667992,-65.34978127639533,930180069
iw,-78.2378463745117,-85.7428359985351,94.29687073787203,-86.71577841024482,930196736
iw,-79.8900680541992,-85.112678527832,103.35541453058012,-105.83723912742246,930213403
iw,-81.6349411010742,-83.7774810791015,114.23511267704731,-121.68527379786497,930230070
iw,-83.4046859741211,-81.7900314331054,124.09023520447654,-133.81964036760476,930246737
iw,-84.9699401855468,-79.3769989013671,129.66416274760982,-142.5063278870477,930263404
iw,-86.3702697753906,-76.6913452148437,127.83179579345537,-148.65727216394993,930280071
iw,-86.8402404785156,-73.9678039550781,116.20878660217622,-153.58655116111117,930296738
iw,-85.5425796508789,-71.5858993530273,93.7207188178633,-158.64032016191862,930313405
iw,-84.5045318603515,-69.3152770996093,60.9795333790997,-164.8150815883211,930330072
iw,-84.3668899536132,-66.7293624877929,20.326096464187714,-172.502965607523,930346739
iw,-84.5960083007812,-63.812400817871,-24.513743578172914,-181.46763012503314,930363406
