Label,Left_Hip_q,Right_Hip_q,Left_Hip_qd,Right_Hip_qd,SampleTimeFine
fw,-88.3331680297851,-48.8516044616699,59.6660728454589,58.922794342041,3108200802
fw,-87.3572845458984,-49.884536743164,55.59612911131323,50.92864568499542,3108217469
fw,-86.3477325439453,-51.7598762512207,58.812746942786575,61.482977009250774,3108234136
fw,-85.3127059936523,-54.0880584716796,61.003918168595,69.10523978680378,3108250803
fw,-84.1794357299804,-55.9653892517089,61.39152978229468,71.63639955727072,3108267470
fw,-82.9982604980468,-57.5034446716308,59.26034269801718,68.38528254788051,3108284137
fw,-81.926399230957,-58.2939720153808,53.995056505779694,60.17422965414657,3108300804
fw,-81.1185836791992,-58.555362701416,45.137153761909055,48.88924032368122,3108317471
fw,-80.6061477661132,-58.4321594238281,32.446315337977424,36.77030129859952,3108334138
fw,-80.3634262084961,-58.2188339233398,15.954225226495344,25.754361174722728,3108350805
fw,-80.3524780273437,-59.0645523071289,-3.9982196781086774,17.11409390095995,3108367472
fw,-80.6974334716796,-60.6925888061523,-26.75307156090079,11.457287418069184,3108384139
fw,-81.567626953125,-61.1178855895996,-51.37418242341712,8.959550804315853,3108400806
fw,-83.1865310668945,-60.9167366027832,-76.74114729613456,9.611544831795573,3108417473
fw,-85.6597290039062,-61.0346870422363,-101.67928035570112,13.3222301221792,3108434140
fw,-88.0607376098632,-61.1906356811523,-125.077118650539,19.86625865168192,3108450807
fw,-86.8902053833007,-61.6432304382324,-145.94210104329298,28.776155394722274,3108467474
fw,-84.2239608764648,-62.2250518798828,-163.3884372355366,39.29667565798905,3108484141
fw,-81.2635421752929,-62.9976501464843,-176.61286554894636,50.46474793650602,3108500808
fw,-78.214614868164,-64.3091735839843,-184.9385107748117,61.30514772696507,3108517475
fw,-75.0525207519531,-65.929946899414,-187.96128248627363,71.07146516400147,3108534142
fw,-71.690071105957,-67.5221481323242,-185.7440718510723,79.43105352489144,3108550809
fw,-68.4040756225586,-68.9584579467773,-178.93674600888113,86.50575095962866,3108567476
fw,-65.5473327636718,-70.2731246948242,-168.70578795020822,92.73893630560315,3108584143
fw,-63.1193580627441,-71.705322265625,-156.44172666739482,98.63818808586545,3108600810
fw,-60.990665435791,-73.3334655761718,-143.33354985773576,104.49862961833965,3108617477
fw,-59.0771408081054,-75.0296173095703,-129.9882257699464,110.21668812618688,3108634144
fw,-57.1999435424804,-76.7967529296875,-116.27367208967937,115.26246299345114,3108650811
fw,-55.3945503234863,-78.7936325073242,-101.46977633634826,118.81749786678436,3108667478
fw,-53.8893661499023,-80.9191360473632,-84.67501694124444,120.02792439965569,3108684145
fw,-52.7469291687011,-82.9111175537109,-65.30691848487298,118.28546183721087,3108700812
fw,-51.8765983581543,-84.4530944824218,-43.50039714142678,113.44148450605628,3108717479
fw,-51.7283134460449,-85.4491271972656,-20.25385352757687,105.88740078480191,3108734146
fw,-52.26953125,-85.9125671386718,2.7272817546850177,96.4864887788915,3108750813
fw,-53.3566780090332,-85.880012512207,23.425090313251,86.39175201171855,3108767480
fw,-54.5150833129882,-85.3979415893554,39.99332396287179,76.80897874363187,3108784147
fw,-55.6575889587402,-84.6575698852539,51.16787791753268,68.76076012069072,3108800814
fw,-57.2819480895996,-83.7893142700195,56.49614572392326,62.88819915186315,3108817481
fw,-58.6707191467285,-82.906623840332,56.36041672913453,59.3080946949389,3108834148
fw,-59.9631462097168,-82.0621948242187,51.82954214923956,57.534797692210255,3108850815
fw,-61.0954132080078,-81.2663497924804,44.39581753894998,56.47889211277481,3108867482
fw,-61.8580589294433,-80.5197448730468,35.66004837682638,54.54060646467372,3108884149
fw,-62.0838508605957,-79.757080078125,27.034009937065374,49.811256697529394,3108900816
fw,-62.1525650024414,-79.0490188598632,19.532991533178127,40.37467693947065,3108917483
fw,-62.5123786926269,-78.4862289428711,13.715362503866851,24.669233066297,3108934150
fw,-63.7777099609375,-78.3222427368164,9.777405289305678,1.844126574941708,3108950817
fw,-64.7417831420898,-78.6567764282226,7.741073858170662,-27.966818065453133,3108967484
fw,-64.8714752197265,-79.6445388793945,7.623616912515598,-63.52115140589145,3108984151
fw,-64.9275894165039,-81.3948287963867,9.4949269017153,-102.53494848829355,3109000818
fw,-65.1200561523437,-83.6072387695312,13.40543757237224,-141.9476409295777,3109017485
fw,-65.4605636596679,-86.3164520263671,19.248179410237476,-178.35429931172087,3109034152
fw,-65.8642044067382,-87.8462295532226,26.65091202451055,-208.53976351617885,3109050819
fw,-66.6445999145507,-84.7146530151367,34.97015675775958,-230.01741624775588,3109067486
fw,-67.668716430664,-80.5311813354492,43.403153088411436,-241.4575160928539,3109084153
fw,-68.9276809692382,-76.502815246582,51.176223270182945,-242.9028326888233,3109100820
fw,-70.188362121582,-72.703140258789,57.7326895381902,-235.71905701858333,3109117487
fw,-71.3952407836914,-69.005256652832,62.84470911774621,-222.29488420414683,3109134154
fw,-72.6073913574218,-65.5667266845703,66.610211872272,-205.5593839911554,3109150821
fw,-73.9302215576171,-62.5027542114257,69.34931156031918,-188.40589618676864,3109167488
fw,-75.3671646118164,-59.6478729248046,71.45499686706844,-173.11407348818548,3109184155
fw,-76.8761978149414,-57.247760772705,73.26047876660496,-160.86632350038278,3109200822
fw,-78.4142913818359,-55.5613479614257,74.96273287091189,-151.46657829667583,3109217489
fw,-79.9954757690429,-53.521987915039,76.6081330031261,-143.3673390814808,3109234156
fw,-81.5826797485351,-51.1247215270996,78.12140131526226,-134.06193827915067,3109250823
fw,-83.1171569824218,-48.6808815002441,79.35195765337166,-120.7898839187414,3109267490
fw,-84.5842742919921,-46.5958671569824,80.11934676337461,-101.37355345644811,3109284157
fw,-86.0430526733398,-45.2938346862793,80.25272009185282,-74.93154342526422,3109300824
fw,-87.489631652832,-44.8274002075195,79.62809886917697,-42.24852725533693,3109317491
fw,-88.8279724121093,-44.9956245422363,78.20490611594234,-5.704048593555756,3109334158
fw,-88.8336639404296,-45.6499671936035,76.051975191749,31.194834736302923,3109350825
fw,-87.6054306030273,-47.2029609680175,73.34298069996838,64.53130245112732,3109367492
fw,-86.2231750488281,-48.5069198608398,70.30287167660633,90.76372938533875,3109384159
fw,-84.9418182373046,-50.48384475708,67.10366473360502,107.4075419226138,3109400826
fw,-83.7938919067382,-53.5311775207519,63.73358656287329,113.48040211038123,3109417493
fw,-82.7799911499023,-55.492820739746,59.886313076778265,109.62020521747769,3109434160
fw,-81.7949142456054,-57.160358428955,54.92443576394802,97.84317167858912,3109450827
fw,-80.8230743408203,-58.1173210144043,47.95507650656716,80.99999663321485,3109467494
fw,-80.0153884887695,-58.6845016479492,38.01834851018952,62.093128180716114,3109484161
fw,-79.4523239135742,-59.268756866455,24.34606045147884,43.67654265499737,3109500828
fw,-79.2066345214843,-59.4292297363281,6.617389494149389,27.522158063331638,3109517495
fw,-79.3819046020507,-60.6726684570312,-14.868349529628569,14.61278442727206,3109534162
fw,-80.0073776245117,-61.8859329223632,-39.162642101469956,5.370143097129456,3109550829
fw,-81.2867889404296,-61.6171379089355,-64.80266460952598,-0.0696348734538057,3109567496
fw,-83.3969345092773,-61.0128707885742,-90.07687518792207,-1.6995119469082713,3109584163
fw,-86.2379302978515,-61.0310821533203,-113.33803306639612,0.3525475028618631,3109600830
fw,-88.4853439331054,-61.1330337524414,-133.25916187270542,5.737615309015949,3109617497
fw,-86.8410491943359,-61.3518180847168,-148.95769109532756,13.83763408282826,3109634164
fw,-84.1028594970703,-61.7919998168945,-159.98738705558762,23.819969804743508,3109650831
fw,-81.118782043457,-62.4429779052734,-166.2699282470825,34.78614948029933,3109667498
fw,-78.2149124145507,-63.3487434387207,-168.0514969500904,45.96050255350838,3109684165
fw,-75.1807022094726,-64.5392990112304,-165.91177429770534,56.850377683113685,3109700832
fw,-72.054214477539,-65.8187713623046,-160.77021007927738,67.31770071041781,3109717499
fw,-69.1756515502929,-67.0970687866211,-153.79424360565994,77.52838649284924,3109734166
fw,-66.7942276000976,-68.3952178955078,-146.15284395595694,87.7881044805636,3109750833
fw,-64.5966873168945,-69.9107818603515,-138.65968062849743,98.31692129978285,3109767500
fw,-62.3676414489746,-71.7078552246093,-131.4508178215888,109.04094855824603,3109784167
fw,-60.151569366455,-73.6603240966796,-123.87044244394431,119.4736497593327,3109800834
fw,-57.8896369934082,-75.6082153320312,-114.66555740703501,128.72915317358814,3109817501
fw,-55.9142532348632,-77.7693405151367,-102.45272004642904,135.67206673724948,3109834168
fw,-54.2518348693847,-80.0996475219726,-86.29132716541477,139.17378937859155,3109850835
fw,-53.0497398376464,-82.3526535034179,-66.14377007293581,138.41528272429017,3109867502
fw,-52.4693756103515,-84.1393356323242,-43.045759359022014,133.15492715596548,3109884169
fw,-52.639404296875,-85.2676620483398,-18.926441033875577,123.87966986993221,3109900836
fw,-53.3832778930664,-85.6768646240234,3.8458563409286386,111.78485257513181,3109917503
fw,-54.3898849487304,-85.3930892944336,23.020238633183467,98.57356781844415,3109934170
fw,-55.1838264465332,-84.7703323364257,36.93610551561364,86.11363509500573,3109950837
fw,-56.4091529846191,-84.0234832763671,44.79309444108085,76.02769418756992,3109967504
fw,-57.7144966125488,-83.1764526367187,46.697578298766665,69.31167990809996,3109984171
fw,-58.9610214233398,-82.1958389282226,43.53369658306218,66.07180972092226,3110000838
fw,-60.2327346801757,-81.142219543457,36.72250181898524,65.44019641223402,3110017505
fw,-61.2824440002441,-80.1441574096679,27.92082897880382,65.68681917728962,3110034172
fw,-61.6637077331543,-79.2212905883789,18.707208233938665,64.50710936019001,3110050839
fw,-61.5803184509277,-78.2593688964843,10.315836995584503,59.436740611849906,3110067506
fw,-61.4829406738281,-77.3909530639648,3.491952303379011,48.324998547870635,3110084173
fw,-61.9614486694335,-76.7644882202148,-1.4792255961156284,29.782626153152773,3110100840
fw,-63.156021118164,-76.5057067871093,-4.586119430991143,3.5145119060291274,3110117507
fw,-63.7272109985351,-76.7029724121093,-5.8472337404442465,-29.539892319708464,3110134174
fw,-63.751537322998,-77.7793884277343,-5.148149200441609,-67.30188099558112,3110150841
fw,-63.7380561828613,-79.8305130004882,-2.249646559410893,-106.87651463773774,3110167508
fw,-63.7406501770019,-82.5583724975586,3.047106368195871,-145.03654527285025,3110184175
fw,-63.7508277893066,-85.8210678100586,10.684236591291373,-178.75458203843485,3110200842
fw,-64.1510162353515,-89.2818145751953,20.21041644374383,-205.66022405054156,3110217509
fw,-65.0906753540039,-86.7276229858398,30.80631733869085,-224.33014785721625,3110234176
fw,-66.3473968505859,-82.6282348632812,41.46765003819435,-234.37559295183715,3110250843
fw,-67.6289443969726,-78.829849243164,51.26305390782591,-236.34632808246653,3110267510
fw,-68.8224334716796,-75.1143646240234,59.55413020033901,-231.5046271922332,3110284177
fw,-70.0299682617187,-71.4740295410156,66.0939820621934,-221.53378133864578,3110300844
fw,-71.3416366577148,-68.1446990966796,70.98627708497513,-208.23882871502383,3110317511
fw,-72.7692947387695,-65.0371551513671,74.54856355483322,-193.28112415016585,3110334178
fw,-74.2681350708007,-62.1977996826171,77.1506699788757,-177.97217432472522,3110350845
fw,-75.8702926635742,-59.2948684692382,79.08835225431784,-163.14072029973298,3110367512
fw,-77.5530242919921,-57.0508689880371,80.52154741059506,-149.0797887200699,3110384179
fw,-79.2000350952148,-55.0161018371582,81.47579431690845,-135.57582070626108,3110400846
fw,-80.7863388061523,-52.7984962463378,81.88665420657729,-122.01677447198604,3110417513
fw,-82.3428344726562,-50.8190040588378,81.66271946205877,-107.56408995834153,3110434180
fw,-83.8678970336914,-49.7878303527832,80.74757172087494,-91.35753437186587,3110450847
fw,-85.328987121582,-48.8890686035156,79.16690290352149,-72.71878905445934,3110467514
fw,-86.7105636596679,-48.2657089233398,77.05039939134353,-51.334464637604235,3110484181
fw,-87.9356918334961,-47.7482261657714,74.62093208129149,-27.41021393374067,3110500848
fw,-88.5468063354492,-47.5664329528808,72.14911311675463,-1.7751222568354348,3110517515
fw,-88.0955657958984,-48.0029907226562,69.88001279484557,24.107248804864955,3110534182
fw,-87.0946502685546,-48.7572517395019,67.94874911245188,48.26798552436309,3110550849
fw,-85.9284057617187,-49.8358917236328,66.30834754955991,68.51985948092319,3110567516
fw,-84.7577209472656,-51.4314613342285,64.69200741366056,82.8688982801561,3110584183
fw,-83.652603149414,-53.8443908691406,62.62229694773859,89.96086076999453,3110600850
fw,-82.6180267333984,-55.6703834533691,59.46702570862185,89.43106871505638,3110617517
fw,-81.6720886230468,-57.3115577697753,54.53127026116448,82.02708343642998,3110634184
fw,-80.6979217529296,-58.4861602783203,47.16856183889242,69.43956692340157,3110650851
fw,-79.9320755004882,-58.8983268737793,36.89042203330151,53.88994098074496,3110667518
fw,-79.4542083740234,-59.0753364562988,23.45309103093303,37.627467693707935,3110684185
fw,-79.249755859375,-59.0188331604003,6.905324570859691,22.524837755007294,3110700852
fw,-79.4191284179687,-59.8354835510253,-12.409904595286545,9.904240343251852,3110717519
fw,-80.0941467285156,-60.9765968322753,-33.897423699042136,0.5974174707490175,3110734186
fw,-81.4789581298828,-61.0525703430175,-56.7827243026202,-4.884259770486145,3110750853
fw,-83.5361022949218,-60.6313362121582,-80.18987914482098,-6.232536288753244,3110767520
fw,-85.9402542114257,-60.2803268432617,-103.19104144681576,-3.361850139824054,3110784187
fw,-87.3047790527343,-60.2219848632812,-124.80819522336633,3.478506955402554,3110800854
fw,-86.3533630371093,-60.5531845092773,-143.98924030731672,13.617107238126923,3110817521
fw,-84.0138244628906,-61.019676208496,-159.62389671187228,25.992220949025732,3110834188
fw,-81.3151779174804,-61.7642211914062,-170.66686109943606,39.319416526087224,3110850855
fw,-78.4604263305664,-62.82320022583,-176.37711536160376,52.342567340325765,3110867522
fw,-75.3571548461914,-64.1006698608398,-176.5937533935546,64.085268487754,3110884189
fw,-72.0509262084961,-65.4205474853515,-171.90754502150835,74.02482871161543,3110900856
fw,-69.0119247436523,-66.7557220458984,-163.597401001304,82.14053893011251,3110917523
fw,-66.6172256469726,-68.1745986938476,-153.29012142776466,88.8300636203713,3110934190
fw,-64.5103149414062,-69.7838668823242,-142.4371694024205,94.72700288474165,3110950857
fw,-62.5149345397949,-71.5001449584961,-131.81528892973034,100.47419346696591,3110967524
fw,-60.5283508300781,-73.1896133422851,-121.27812102608532,106.5085013854018,3110984191
fw,-58.2903366088867,-74.9191436767578,-109.88987340282557,112.90346633043346,3111000858
fw,-56.1399612426757,-76.7951126098632,-96.40236856144054,119.30492456371469,3111017525
fw,-54.3241958618164,-78.7734756469726,-79.8775905851767,124.98000277253998,3111034192
fw,-53.1241302490234,-80.7934417724609,-60.19035170180819,128.9764718799025,3111050859
fw,-52.7769699096679,-82.6973876953125,-38.20685873660985,130.36036060947774,3111067526
fw,-53.1432495117187,-84.2583999633789,-15.59320874567299,128.4755329980161,3111084193
fw,-53.8660354614257,-85.3304595947265,5.624644587086066,123.15766950973132,3111100860
fw,-54.5400619506835,-85.468879699707,23.543769431598047,114.83809652099693,3111117527
fw,-55.138816833496,-84.8077850341796,36.74043623890164,104.49096244259692,3111134194
fw,-56.2864875793457,-83.9275588989257,44.44200289454358,93.414138911977,3111150861
fw,-57.6095504760742,-83.0248947143554,46.554886420657084,82.88720597189753,3111167528
fw,-58.9775428771972,-82.1515197753906,43.613084157736,73.79929527671702,3111184195
fw,-60.3588066101074,-81.2510452270507,36.6759127685309,66.35817690950225,3111200862
fw,-61.4987831115722,-80.3467712402343,27.166166542005495,59.9684489705329,3111217529
fw,-61.7072143554687,-79.5006408691406,16.64267202911171,53.3149402179106,3111234196
fw,-61.5225257873535,-78.7461929321289,6.5429283113694785,44.632236260644554,3111250863
fw,-61.350357055664,-78.133560180664,-2.023639051846874,32.09962318173673,3111267530
fw,-61.9119758605957,-77.8217315673828,-8.350663668145499,14.277209253221011,3111284197
fw,-62.9153099060058,-77.9266128540039,-12.06095118274314,-9.508159858347739,3111300864
fw,-63.1775207519531,-78.3733444213867,-12.957085693650308,-38.911269017180004,3111317531
fw,-63.1106834411621,-79.4614715576171,-10.913732071447813,-72.51413949526543,3111334198
fw,-63.084903717041,-81.2173614501953,-5.88829129803787,-107.99654529323594,3111350865
fw,-63.1311874389648,-83.6876144409179,1.9637399523450527,-142.51070975605538,3111367532
fw,-63.3544311523437,-86.8955612182617,12.154555084242249,-173.18553745683894,3111384199
fw,-63.9356727600097,-88.8881149291992,23.810481769577883,-197.64320344102478,3111400866
fw,-64.7932586669921,-85.5322647094726,35.757894671427906,-214.40045472481958,3111417533
fw,-65.9966278076171,-81.4416580200195,46.741335670586146,-223.05962326831602,3111434200
fw,-67.3769378662109,-77.6758193969726,55.70707262145151,-224.25938340466115,3111450867
fw,-68.8061141967773,-74.3866195678711,62.05469392774991,-219.4243545833216,3111467534
fw,-70.2322463989257,-70.8539886474609,65.76665701833511,-210.39830956666822,3111484201
fw,-71.6447219848632,-67.6048889160156,67.36783106530723,-199.054860243717,3111500868
fw,-73.0844650268554,-64.6046600341796,67.72836166622777,-186.9573917944135,3111517535
fw,-74.5160446166992,-61.7106781005859,67.77876605107318,-175.1086583244508,3111534202
fw,-75.9393615722656,-59.0396575927734,68.23372232262808,-163.81212290527154,3111550869
fw,-77.3871612548828,-56.9346580505371,69.41222108212602,-152.66528030712712,3111567536
fw,-78.9105606079101,-55.1432991027832,71.20348600862303,-140.70523486825806,3111584203
fw,-80.517593383789,-52.8886375427246,73.17602743978293,-126.7078745889888,3111600870
fw,-82.1859588623046,-50.4205818176269,74.77934922829934,-109.59056299865277,3111617537
fw,-83.8242263793945,-48.5801048278808,75.55999110923976,-88.80231908514463,3111634204
fw,-85.2743682861328,-48.3135337829589,75.31526203100182,-64.56133122082672,3111650871
fw,-86.5200271606445,-48.1625747680664,74.13815880786552,-37.86042428878459,3111667538
fw,-87.6550674438476,-48.2956047058105,72.35206306533166,-10.273114183890478,3111684205
fw,-88.4588394165039,-48.6326942443847,70.37283335332474,16.331828359571105,3111700872
fw,-88.3415298461914,-49.213321685791,68.55259079581313,40.0691033365982,3111717539
fw,-87.4800567626953,-50.0678062438964,67.05250831465476,59.27137526789548,3111734206
fw,-86.4200744628906,-51.4357452392578,65.77238103237998,72.68880407225271,3111750873
fw,-85.2998123168945,-53.2647438049316,64.34480232743766,79.66285136994728,3111767540
fw,-84.193130493164,-55.142276763916,62.18711603820745,80.24915994597244,3111784207
fw,-83.0753936767578,-56.4199447631835,58.59540029041573,75.23443399109921,3111800874
fw,-82.0295181274414,-57.6248741149902,52.86050102650437,66.00269422886407,3111817541
fw,-81.1389389038086,-58.621238708496,44.38575465381228,54.25978921262301,3111834208
fw,-80.4667739868164,-59.1728744506835,32.788906227048145,41.68922620901153,3111850875
fw,-80.0961685180664,-59.2209663391113,17.975690219726186,29.650794839373642,3111867542
fw,-80.0237426757812,-59.1056098937988,0.17717449214581,19.028250964936618,3111884209
fw,-80.3208847045898,-60.1256637573242,-20.055281785459073,10.277698061959148,3111900876
fw,-81.0592575073242,-61.323070526123,-41.90364933757186,3.6322184126824815,3111917543
fw,-82.4262771606445,-61.2993583679199,-64.38651501845371,-0.6727773252400902,3111934210
fw,-84.4833908081054,-60.9166679382324,-86.49583891941857,-2.3014311317721763,3111950877
fw,-87.1155471801757,-60.666820526123,-107.32651711270437,-0.9026609447814368,3111967544
fw,-88.1977844238281,-60.730655670166,-126.14772466355706,3.692084508679396,3111984211
fw,-85.8768768310546,-61.0178794860839,-142.39015280166433,11.292932983614312,3112000878
fw,-83.0099258422851,-61.3025131225585,-155.5779195986582,21.30263588718961,3112017545
fw,-80.0127868652343,-61.9061851501464,-165.27792096086498,32.82285649926372,3112034212
fw,-77.1115417480468,-62.9253921508789,-171.1308171156465,44.87326616535218,3112050879
fw,-74.0674514770507,-64.2173919677734,-172.96525017898813,56.63855743185595,3112067546
fw,-70.7901382446289,-65.4747924804687,-170.9227340767285,67.64866304757827,3112084213
fw,-67.7246322631836,-66.6703567504882,-165.48736735597075,77.82356112190033,3112100880
fw,-65.1708450317382,-68.0337219238281,-157.3517074368443,87.36968714121042,3112117547
fw,-62.9630279541015,-69.6500396728515,-147.14684309127432,96.57439713465264,3112134214
fw,-60.8939094543457,-71.3908233642578,-135.16588190975705,105.57851173351942,3112150881
fw,-58.8982315063476,-73.1160736083984,-121.2448854159014,114.20599287046959,3112167548
fw,-56.9283485412597,-74.8840866088867,-104.90088985988919,121.90736458457432,3112184215
fw,-55.2242355346679,-76.9202499389648,-85.69678811492966,127.84260469065812,3112200882
fw,-53.8799400329589,-79.2424011230468,-63.68166340884823,131.09039243293162,3112217549
fw,-53.0774993896484,-81.6429061889648,-39.70620264685481,130.9247743942146,3112234216
fw,-52.8710289001464,-83.5332794189453,-15.456911570770835,127.06559463204049,3112250883
fw,-53.5045204162597,-84.7589569091796,6.832677188163685,119.81211119275274,3112267550
fw,-54.7473640441894,-85.52197265625,24.901145191802698,110.01612248064778,3112284217
fw,-56.0306091308593,-85.7512054443359,37.021495134233064,98.91327013940688,3112300884
fw,-57.196678161621,-85.3345642089843,42.41091898792745,87.8705191146604,3112317551
fw,-58.3755836486816,-84.5942687988281,41.37149564208856,78.11179497600594,3112334218
fw,-59.363052368164,-83.7951889038086,35.15997730522009,70.470213404899,3112350885
fw,-60.1457176208496,-82.9449768066406,25.667654599414867,65.20401846547999,3112367552
fw,-60.8752098083496,-82.0305557250976,15.01429745811333,61.90591953411671,3112384219
fw,-61.1648292541503,-81.0958099365234,5.144943003021053,59.52407089713109,3112400886
fw,-61.061050415039,-80.1584548950195,-2.500560006568082,56.49588375216783,3112417553
fw,-60.81787109375,-79.3155746459961,-7.184263082105113,50.97910423640571,3112434220
fw,-60.428897857666,-78.7042770385742,-8.88339320351414,41.152924464084414,3112450887
fw,-60.7035179138183,-78.3439788818359,-8.106278395932854,25.554228274537568,3112467554
fw,-61.8709602355957,-78.2760696411132,-5.5647258012787875,3.4051583096447917,3112484221
fw,-62.6149826049804,-78.4864044189453,-1.8298111041397802,-25.125445382612995,3112500888
fw,-62.7673759460449,-79.2423019409179,2.876651802702707,-58.79662133658373,3112517555
fw,-62.7828178405761,-80.7332458496093,8.662106110189072,-95.37058044037242,3112534222
fw,-62.6253776550293,-83.0301055908203,15.742329120904214,-131.91564394309827,3112550889
fw,-62.7994995117187,-86.0528106689453,24.1544603565456,-165.2965763388369,3112567556
fw,-63.6939544677734,-88.9162826538086,33.5665985515795,-192.74159162916956,3112584223
fw,-64.9793701171875,-86.1750564575195,43.28317900916867,-212.33714873377647,3112600890
fw,-66.5008850097656,-82.2687606811523,52.43569048445708,-223.31892464145514,3112617557
fw,-67.9951934814453,-78.5724563598632,60.25918367370579,-226.09504796972536,3112634224
fw,-69.3974609375,-75.1094894409179,66.32862409785024,-222.02410410165317,3112650891
fw,-70.7943344116211,-71.5438079833984,70.66262065553694,-213.03552653722542,3112667558
fw,-72.2522048950195,-68.2757492065429,73.66579940847642,-201.19880914241472,3112684225
fw,-73.7790756225586,-65.2410812377929,75.94420515609329,-188.32554348427777,3112700892
fw,-75.3275375366211,-62.3188934326171,78.06913169617644,-175.65398499735554,3112717559
fw,-76.9046401977539,-59.6738052368164,80.37448778009716,-163.64770768399907,3112734226
fw,-78.5631484985351,-57.9735794067382,82.85391097480868,-151.94280132028993,3112750893
fw,-80.3242950439453,-55.8790168762207,85.18598705273807,-139.482840370434,3112767560
fw,-82.1749725341796,-53.4841499328613,86.87107889224632,-124.85648689398597,3112784227
fw,-84.0489273071289,-51.1602096557617,87.42503885291096,-106.7823454746178,3112800894
fw,-85.8353881835937,-49.3722190856933,86.55726445411273,-84.60006525833283,3112817561
fw,-87.4340209960937,-48.7102890014648,84.27102350090493,-58.593941870587564,3112834228
fw,-88.9472427368164,-48.6441764831543,80.85803821400405,-30.0356078760101,3112850895
fw,-89.7209320068359,-48.973762512207,76.8001052598502,-0.9508526079837689,3112867562
fw,-88.3013076782226,-49.4344940185546,72.61912285443549,26.285893837752987,3112884229
fw,-87.028694152832,-50.4878349304199,68.72466211851304,49.397132096348905,3112900896
fw,-85.7402572631836,-51.3870468139648,65.29902872575072,66.58581117098157,3112917563
fw,-84.4316253662109,-53.2502174377441,62.24189452415135,76.80071398252383,3112934230
fw,-83.1967544555664,-54.8092002868652,59.17698128834519,79.85937164487662,3112950897
fw,-82.1249771118164,-56.0124740600585,55.50846232145821,76.42178062043166,3112967564
fw,-81.1701889038086,-57.1104698181152,50.50962267349267,67.82706293793699,3112984231
fw,-80.2993545532226,-58.4551773071289,43.42936463445365,55.82994980230574,3113000898
fw,-79.6241149902343,-59.1805763244628,33.60628333897811,42.293517823873074,3113017565
fw,-79.2479400634765,-59.2100830078125,20.580440692445684,28.903744627861897,3113034232
fw,-79.1463088989257,-58.9582328796386,4.19088898938891,16.97509682752958,3113050899
fw,-79.3340301513671,-59.6228256225585,-15.354953372344879,7.40256099489665,3113067566
fw,-79.8926162719726,-60.7823677062988,-37.455692142308976,0.7584215328237522,3113084233
fw,-80.9195022583007,-60.9321327209472,-61.14985948157604,-2.553731636847199,3113100900
fw,-82.6077423095703,-60.6242485046386,-85.21738418173955,-2.216808844143775,3113117567
fw,-85.0092315673828,-60.3572082519531,-108.33612537094066,1.9391526566131556,3113134234
fw,-87.5401916503906,-60.2187385559082,-129.2546973741309,9.780550629705248,3113150901
fw,-87.3326644897461,-60.5422439575195,-146.93121376648253,20.744293163615783,3113167568
fw,-84.6466827392578,-61.3079223632812,-160.60696168039502,33.85301705500945,3113184235
fw,-81.5368728637695,-62.3461723327636,-169.82490751923956,47.89657194153843,3113200902
fw,-78.5129470825195,-63.6205825805664,-174.43189080641037,61.713204064608206,3113217569
fw,-75.5119400024414,-65.1762084960937,-174.59390879714354,74.45518116471068,3113234236
fw,-72.4668579101562,-66.7586517333984,-170.81339224843384,85.73254605301265,3113250903
fw,-69.4367904663086,-68.2529144287109,-163.9002784768831,95.58216523482129,3113267570
fw,-66.6746520996093,-69.8110656738281,-154.8481371795558,104.28116679304222,3113284237
fw,-64.2991027832031,-71.5463256835937,-144.61154569545883,112.08490772220179,3113300904
fw,-62.1317329406738,-73.4392700195312,-133.84858216454012,118.99530167478589,3113317571
fw,-60.0730094909668,-75.426887512207,-122.73829085779587,124.64796535719178,3113334238
fw,-58.0636711120605,-77.3891983032226,-110.96988339115974,128.35952043619648,3113350905
fw,-56.2334518432617,-79.5682907104492,-97.92849002627364,129.3213026666784,3113367572
fw,-54.8133926391601,-81.8388519287109,-83.01279916578635,126.8780119999519,3113384239
fw,-53.8598594665527,-83.8423156738281,-65.96438286933581,120.7988026702929,3113400906
fw,-53.1519966125488,-85.1695785522461,-47.09081080887842,111.4454579571831,3113417573
fw,-52.94091796875,-85.9539794921875,-27.311569723557596,99.77604290175624,3113434240
fw,-53.2579154968261,-86.2591705322265,-8.018732138929183,87.18203287149552,3113450907
fw,-53.9854927062988,-86.1691665649414,9.198663893413828,75.21252493036438,3113467574
fw,-54.8450164794921,-85.7677917480468,22.881290225895523,65.26464348702153,3113484241
fw,-55.8948287963867,-85.0918426513671,31.988051768819094,58.31084777058844,3113500908
fw,-57.2951736450195,-84.3096313476562,36.083299925341656,54.70637593153976,3113517575
fw,-58.651554107666,-83.5398406982421,35.39509337016476,54.09297005303134,3113534242
fw,-59.6087608337402,-82.7683868408203,30.743936221505784,55.40139501221585,3113550909
fw,-60.4884071350097,-81.9566116333007,23.362543994355732,56.95509204812828,3113567576
fw,-61.3326416015625,-81.1038284301757,14.650472495549996,56.67822325367919,3113584243
fw,-61.4882316589355,-80.2752685546875,5.926921806992858,52.399989177017474,3113600910
fw,-61.2519226074218,-79.5754776000976,-1.7511862134351162,42.22192411238848,3113617577
fw,-61.2561149597168,-79.0808181762695,-7.655440532660472,24.887547203020524,3113634244
fw,-61.8724784851074,-78.8910522460937,-11.325807664513004,0.07884487524633894,3113650911
fw,-62.7008171081543,-79.1989974975586,-12.433213196795776,-31.430920297267235,3113667578
fw,-62.9654731750488,-80.262092590332,-10.665484295342416,-67.81422832022521,3113684245
fw,-62.6265716552734,-82.2615585327148,-5.734728271118379,-106.42301006314032,3113700912
fw,-62.1076431274414,-84.8923187255859,2.4697517124673958,-144.17944246221103,3113717579
fw,-61.752513885498,-88.0249404907226,13.662021079104774,-178.04434749114006,3113734246
fw,-62.1644973754882,-88.0784835815429,27.011786948914928,-205.46561459984562,3113750913
fw,-63.2337837219238,-84.0302505493164,41.17988364344577,-224.71887879187867,3113767580
fw,-64.5208511352539,-80.1682434082031,54.55753026870128,-235.08516152842643,3113784247
fw,-65.9219055175781,-76.5587310791015,65.6352666975783,-236.854396101755,3113800914
fw,-67.4740295410156,-72.7368850708007,73.37700816756167,-231.18336792908798,3113817581
fw,-69.0483093261718,-68.9415817260742,77.47808502127954,-219.8523232742794,3113834248
fw,-70.5629959106445,-65.5575332641601,78.42803500040255,-204.9535355447396,3113850915
fw,-72.0940628051757,-62.601089477539,77.35951266333278,-188.53318024781166,3113867582
fw,-73.5269088745117,-60.0478973388671,75.7262794969416,-172.22329525703736,3113884249
fw,-74.8752746582031,-58.0752487182617,74.90047816746463,-156.93850028960006,3113900916
fw,-76.2719955444336,-56.138011932373,75.80154917625913,-142.73574621318033,3113917583
fw,-77.7827987670898,-53.7799568176269,78.66075631543937,-128.90840070307232,3113934250
fw,-79.3959197998046,-51.5178413391113,82.98635256742047,-114.30355149161035,3113950917
fw,-81.1494750976562,-49.6471366882324,87.73426672743766,-97.75387349846443,3113967584
fw,-82.9745712280273,-48.9105720520019,91.62738953055242,-78.46905380434495,3113984251
fw,-84.7951965332031,-48.5740280151367,93.52457077554371,-56.273175964609884,3114000918
fw,-86.4816436767578,-48.4977874755859,92.73111227261874,-31.669148668220767,3114017585
fw,-87.7562484741211,-48.3752250671386,89.16598619376154,-5.782176160651101,3114034252
fw,-88.121955871582,-48.4997787475585,83.3472257950931,19.764059830629762,3114050919
fw,-87.56201171875,-49.3007125854492,76.2108384834862,43.02834244545827,3114067586
fw,-86.7252349853515,-50.236572265625,68.82472127071878,62.01000698439668,3114084253
fw,-85.8159561157226,-51.674518585205,62.08478369858838,74.98758868196128,3114100920
fw,-84.8920135498046,-53.7309951782226,56.47844844489051,80.88898786344316,3114117587
fw,-83.8971939086914,-55.7470626831054,51.97199059632137,79.58995107446944,3114134254
fw,-82.9221649169921,-57.2053642272949,48.03453080261739,72.01883332280525,3114150921
fw,-82.0153503417968,-58.4429168701171,43.77169948214964,59.98919260774226,3114167588
fw,-81.2712707519531,-58.8231468200683,38.12158718731345,45.78312966591522,3114184255
fw,-80.8189163208007,-58.8244934082031,30.06742617978359,31.62089810452938,3114200922
fw,-80.5493850708007,-58.7744903564453,18.835085539870132,19.213319815962222,3114217589
fw,-80.412368774414,-58.8044052124023,4.053707548773657,9.562085607865349,3114234256
fw,-80.5663681030273,-60.0475273132324,-14.143336763591906,3.0535618520272325,3114250923
fw,-81.1227645874023,-61.0755462646484,-35.10536183141539,-0.259483275682448,3114267590
fw,-82.3125228881836,-60.7298889160156,-57.75912765780989,-0.38612755954443556,3114284257
fw,-84.3196640014648,-60.366470336914,-80.7986876056657,2.701546097890906,3114300924
fw,-86.9059219360351,-60.2142868041992,-102.91228990554585,8.971449069474987,3114317591
fw,-87.9977722167968,-60.5214729309082,-122.96345217598689,18.15171932455312,3114334258
fw,-85.993423461914,-61.0855369567871,-140.06834868563496,29.617483064381748,3114350925
fw,-83.2289733886718,-61.807201385498,-153.57993086945632,42.43081361551689,3114367592
fw,-80.4156494140625,-62.8173675537109,-163.05154503525625,55.527533031710846,3114384259
fw,-77.6435317993164,-64.2663192749023,-168.25649555930156,67.97705632290881,3114400926
fw,-74.6729202270507,-65.9051818847656,-169.27815084667935,79.2139680043363,3114417593
fw,-71.4661712646484,-67.5244445800781,-166.6028737858727,89.14849543748362,3114434260
fw,-68.4412384033203,-69.0725936889648,-161.10598439645858,98.10431410362209,3114450927
fw,-65.8893890380859,-70.6990280151367,-153.85638459055556,106.59647363467286,3114467594
fw,-63.6481704711914,-72.5096740722656,-145.7685600749389,115.02482510397675,3114484261
fw,-61.5616226196289,-74.3322677612304,-137.2419524247377,123.3919408915914,3114500928
fw,-59.4956550598144,-76.1064300537109,-127.97113939540633,131.1493805922323,3114517595
fw,-57.4570121765136,-78.052749633789,-117.04924010506225,137.24026490572433,3114534262
fw,-55.6073112487793,-80.2759094238281,-103.35319521633545,140.34929694719466,3114550929
fw,-54.0074234008789,-82.6722259521484,-86.06779416455946,139.3005953630437,3114567596
fw,-52.9141235351562,-84.4597778320312,-65.14195666977467,133.47717115314907,3114584263
fw,-52.3915367126464,-85.1039123535156,-41.50034772928337,123.10853505705846,3114600930
fw,-52.5966835021972,-84.9543762207031,-16.935880628479982,109.31229350456584,3114617597
fw,-53.382095336914,-84.5454788208007,6.265883563373459,93.87022334044023,3114634264
fw,-54.1751594543457,-83.9904479980468,25.829101857053427,78.81972472485222,3114650931
fw,-55.3344573974609,-83.2613220214843,39.95767591411071,65.99626874675681,3114667598
fw,-56.7890472412109,-82.4251632690429,47.66102922567936,56.652881527072694,3114684265
fw,-58.2300491333007,-81.612319946289,48.891108348650945,51.229369895863414,3114700932
fw,-59.6005592346191,-80.8310012817382,44.49375476336333,49.28619888996292,3114717599
fw,-60.8767395019531,-80.0399932861328,36.00094489413776,49.58397426140338,3114734266
fw,-61.5822372436523,-79.175910949707,25.307595968869418,50.27990877515414,3114750933
fw,-61.627815246582,-78.3486785888671,14.300636093251551,49.210322260186274,3114767600
fw,-61.4721603393554,-77.6424942016601,4.533283100905393,44.222027272852564,3114784267
fw,-61.3802070617675,-77.1583633422851,-2.9596730126946187,33.50975252382327,3114800934
fw,-62.0551261901855,-76.9433441162109,-7.6545518745716805,15.918871350059337,3114817601
fw,-62.9535484313964,-76.9899520874023,-9.375939077990159,-8.820845427643318,3114834268
fw,-63.15571975708,-77.4285583496093,-8.09584778158223,-39.96347819010473,3114850935
fw,-63.0486373901367,-78.5713577270507,-3.825330519400289,-75.75389694821874,3114867602
fw,-62.9833679199218,-80.3561019897461,3.3427966229645873,-113.60437418048015,3114884269
fw,-63.0008811950683,-82.931282043457,13.088068211351366,-150.44294740736842,3114900936
fw,-63.4567756652832,-86.2711791992187,24.729372778927697,-183.18607881920352,3114917603
fw,-64.4907455444336,-88.682258605957,37.21339185884825,-209.23853763760397,3114934270
fw,-65.7264938354492,-85.5274429321289,49.26604641291722,-226.90122453067457,3114950937
fw,-67.1658782958984,-81.4813385009765,59.66660357772665,-235.5904009374406,3114967604
fw,-68.7169647216796,-77.5711898803711,67.54758778921197,-235.83123031499431,3114984271
fw,-70.3444213867187,-73.9369506835937,72.61082282138017,-229.05288099962573,3115000938
fw,-71.9652709960937,-70.1064834594726,75.17881610730224,-217.25090233845165,3115017605
fw,-73.5473022460937,-66.8454895019531,76.05839391368774,-202.58807924217,3115034272
fw,-75.0905303955078,-63.9446144104003,76.2601560121881,-186.99416655552045,3115050939
fw,-76.5849380493164,-61.0476722717285,76.66899260658485,-171.81898364158567,3115067606
fw,-78.0853958129882,-58.6063423156738,77.77783885408,-157.59746958594314,3115084273
fw,-79.7316284179687,-56.8996086120605,79.57204326825271,-143.98722136818165,3115100940
fw,-81.5384750366211,-54.7984962463378,81.59423412853936,-129.92247360294277,3115117607
fw,-83.3981170654296,-52.6310653686523,83.15229151490723,-113.98078245432445,3115134274
fw,-85.147964477539,-50.4079933166503,83.58446894410838,-94.88217763244393,3115150941
fw,-86.7626342773437,-49.2533912658691,82.48578728901556,-71.97193445252441,3115167608
fw,-88.2562866210937,-49.0675773620605,79.82789329123287,-45.532614989799406,3115184275
fw,-89.5670471191406,-48.9968070983886,75.95079926031296,-16.84288310389148,3115200942
fw,-88.8921737670898,-49.0514411926269,71.44563168716759,12.003702241554246,3115217609
fw,-87.682014465332,-49.4886474609375,66.970738043382,38.45312837010565,3115234276
fw,-86.5561599731445,-50.6937179565429,63.05113132998947,59.94821099893453,3115250943
fw,-85.4759826660156,-52.0535354614257,59.909608955468514,74.42080674800175,3115267610
fw,-84.3414459228515,-54.1946601867675,57.36938828302851,80.73026490420563,3115284277
fw,-83.2257003784179,-56.1227188110351,54.85189281743247,78.93480475555417,3115300944
fw,-82.1815643310546,-57.2720069885253,51.47077245137667,70.29525997031831,3115317611
fw,-81.1852416992187,-58.196922302246,46.2001309280704,56.981234280367076,3115334278
fw,-80.3470611572265,-58.654010772705,38.078247390777236,41.55619543262654,3115350945
fw,-79.8135604858398,-58.7491264343261,26.40235848678297,26.407107811471857,3115367612
fw,-79.6064147949218,-58.4898948669433,10.876112417312303,13.30905114684867,3115384279
fw,-79.7103271484375,-58.3485221862793,-8.314626827325892,3.2623171235852233,3115400946
fw,-80.2042541503906,-59.5919456481933,-30.50686567922235,-3.376066206835462,3115417613
fw,-81.1320877075195,-60.5890998840332,-54.64380141719493,-6.5820527657813095,3115434280
fw,-82.7909469604492,-60.2927093505859,-79.42177417855974,-6.378132179548286,3115450947
fw,-85.10595703125,-59.7111740112304,-103.46925002531016,-2.7384770318650413,3115467614
fw,-87.3974456787109,-59.3573417663574,-125.50971963009908,4.293255035402635,3115484281
fw,-86.8917846679687,-59.5498657226562,-144.4631231082082,14.401184666203044,3115500948
fw,-84.4999008178711,-60.0636940002441,-159.47585632089942,26.87821562988039,3115517615
fw,-81.6442413330078,-60.8475875854492,-169.92054684441092,40.685003867869774,3115534282
fw,-78.6754760742187,-61.9803466796875,-175.42951783600645,54.66817057278975,3115550949
fw,-75.6915969848632,-63.4450149536132,-175.99062040741802,67.84041671424434,3115567616
fw,-72.5561904907226,-64.981575012207,-172.06115307419114,79.60504194771417,3115584283
fw,-69.3734512329101,-66.4687194824218,-164.60027028298654,89.83726354430897,3115600950
fw,-66.6891174316406,-67.9833068847656,-154.92811076835358,98.79590594313083,3115617617
fw,-64.415771484375,-69.6454620361328,-144.39723830868698,106.90604140159711,3115634284
fw,-62.3897094726562,-71.5380477905273,-133.97247901524256,114.49777812911265,3115650951
fw,-60.5774116516113,-73.4818267822265,-123.89486239552133,121.5929045425288,3115667618
fw,-58.7325363159179,-75.4556655883789,-113.59904955380028,127.80602942148671,3115684285
fw,-56.8491821289062,-77.5498046875,-101.95455457735132,132.38869821798704,3115700952
fw,-55.1892471313476,-79.8028106689453,-87.75791373674485,134.40661152060022,3115717619
fw,-53.9304084777832,-81.9048843383789,-70.28941709122846,133.0055078636388,3115734286
fw,-53.1449584960937,-83.7174682617187,-49.71940269935477,127.69542655085067,3115750953
fw,-53.0494346618652,-85.1671829223632,-27.21399429539018,118.57457465858299,3115767620
fw,-53.6486587524414,-85.9528121948242,-4.712532384364565,106.42610223375344,3115784287
fw,-54.5404586791992,-85.9706649780273,15.528422809269985,92.64812937215578,3115800954
fw,-55.4577026367187,-85.4872894287109,31.45984837077385,79.01326298921336,3115817621
fw,-56.7928237915039,-84.9196319580078,41.67629898575007,67.29587194146265,3115834288
fw,-58.2747840881347,-84.3618469238281,45.66851991612835,58.846885035246096,3115850955
fw,-59.6833953857421,-83.7670669555664,43.8673341944978,54.22198841576024,3115867622
fw,-60.8877029418945,-83.0882339477539,37.497993468164026,52.96537965950343,3115884289
fw,-61.8606071472168,-82.3113479614257,28.28899421771262,53.61555509027208,3115900956
fw,-62.2423057556152,-81.4175109863281,18.10249848096778,53.94382726694023,3115917623
fw,-62.0883064270019,-80.4039611816406,8.577425525354812,51.377806279647615,3115934290
fw,-61.8451385498046,-79.5183868408203,0.8843260444406427,43.51661691758701,3115950957
fw,-62.0097846984863,-78.999641418457,-4.338266414440453,28.62458662632553,3115967624
fw,-62.8827781677246,-78.8772354125976,-6.868245132797501,6.001503871355467,3115984291
fw,-63.3393440246582,-79.1646041870117,-6.6927497248720185,-23.836810541508395,3116000958
fw,-63.1675643920898,-80.0546569824218,-3.8413203853003446,-59.19204867230538,3116017625
fw,-62.8896179199218,-81.6609878540039,1.6435447251978055,-97.42134440202219,3116034292
fw,-62.5951461791992,-83.9522705078125,9.596889192865888,-135.34245538422977,3116050959
fw,-62.6612701416015,-86.9826049804687,19.57286737140706,-169.74087438139216,3116067626
fw,-63.3390502929687,-88.7752380371093,30.757497901033304,-197.88540697598154,3116084293
fw,-64.4175186157226,-85.1388931274414,42.03145650814558,-217.9443484889842,3116100960
fw,-65.6722412109375,-81.214729309082,52.18292728635886,-229.21068077235645,3116117627
fw,-67.0575790405273,-77.4531326293945,60.19995116292573,-232.0952340566362,3116134294
fw,-68.5451889038086,-73.783935546875,65.53798222645801,-227.91170631177397,3116150961
fw,-70.0535659790039,-70.0508422851562,68.266057921693,-218.52472805004095,3116167628
fw,-71.4745788574218,-66.7617568969726,69.03590641573113,-205.9440196187839,3116184295
fw,-72.8856353759765,-63.7953605651855,68.87883662700008,-191.93501882387906,3116200962
fw,-74.2773361206054,-60.8751754760742,68.89473673934619,-177.70275297923246,3116217629
fw,-75.6776657104492,-58.2460441589355,69.93262035683655,-163.7006625791732,3116234296
fw,-77.1415481567382,-56.4873809814453,72.36005707897448,-149.610883764997,3116250963
fw,-78.7041549682617,-54.3568458557128,75.98424642209184,-134.52392759717998,3116267630
fw,-80.3489532470703,-52.11372756958,80.13674563549243,-117.30155845763008,3116284297
fw,-82.1002502441406,-49.8541221618652,83.88484149483457,-97.0356642861982,3116300964
fw,-83.8456268310546,-48.2318420410156,86.29933936763305,-73.4515032064111,3116317631
fw,-85.5246887207031,-48.3025474548339,86.69931022995165,-47.1058023311533,3116334298
fw,-87.1359786987304,-48.6736373901367,84.8094830606653,-19.32254572062266,3116350965
fw,-88.6886520385742,-48.9073104858398,80.7975128753166,8.066173389869752,3116367632
fw,-89.6113357543945,-49.1864280700683,75.19386513369484,33.0451241313653,3116384299
fw,-88.5764617919921,-50.0173187255859,68.72654933955143,53.71300050909333,3116400966
fw,-87.5320129394531,-51.1213760375976,62.121379670623135,68.53180153624609,3116417633
fw,-86.5163650512695,-52.6453247070312,55.92247945873931,76.54294959025617,3116434300
fw,-85.482307434082,-54.6276893615722,50.375024801737446,77.54086755348995,3116450967
fw,-84.4845962524414,-56.0515174865722,45.38661013046719,72.15414527888433,3116467634
fw,-83.5886459350586,-57.0229110717773,40.55736433434498,61.77550619227763,3116484301
fw,-82.7805786132812,-58.110424041748,35.25513032291829,48.32135698635538,3116500968
fw,-82.1791839599609,-58.4749641418457,28.714534380770733,33.86782516216048,3116517635
fw,-81.9025802612304,-58.5802116394043,20.150779274039152,20.26543961239759,3116534302
fw,-81.8415908813476,-58.2573204040527,8.888807270892215,8.854115635665462,3116550969
fw,-81.877082824707,-58.177734375,-5.494614672526071,0.37263763157432556,3116567636
fw,-82.1465988159179,-59.4090614318847,-23.037300771843228,-4.921822749542316,3116584303
fw,-82.8384780883789,-60.1131324768066,-43.31023228952338,-7.015429688330878,3116600970
fw,-84.1766815185546,-59.6852874755859,-65.43366909083021,-5.939530745043705,3116617637
fw,-86.2146759033203,-59.1551361083984,-88.20329133646257,-1.7333635817478845,3116634304
fw,-88.4309005737304,-59.0161972045898,-110.28635353744549,5.439219379042269,3116650971
fw,-87.0734405517578,-59.377082824707,-130.41258837954422,15.13867466058208,3116667638
fw,-84.134292602539,-60.029556274414,-147.49654215719394,26.594724190535963,3116684305
fw,-80.994140625,-60.7662391662597,-160.68220342096024,38.79997864012592,3116700972
fw,-77.8989181518554,-61.7116546630859,-169.3565304364608,50.71571758884488,3116717639
fw,-75.0060882568359,-63.0364799499511,-173.19084381589974,61.50631968651885,3116734306
fw,-71.9032363891601,-64.4032897949218,-172.22575554018974,70.71674379151722,3116750973
fw,-68.6093215942382,-65.7121276855468,-166.94644084259315,78.33342320847106,3116767640
fw,-65.783462524414,-67.0121231079101,-158.2537493762775,84.71145755310144,3116784307
fw,-63.3843269348144,-68.4306488037109,-147.2661045880926,90.39832941406685,3116800974
fw,-61.3527488708496,-70.1070022583007,-134.98464009327003,95.91720460337972,3116817641
fw,-59.6102104187011,-71.869140625,-121.95935922785957,101.5769413743042,3116834308
fw,-57.9552688598632,-73.5350952148437,-108.13003673272563,107.35669529094925,3116850975
fw,-56.3042068481445,-75.2391738891601,-92.94942665668863,112.88861353192993,3116867642
fw,-54.6953010559082,-77.1882400512695,-75.76200359517418,117.54254392950087,3116884309
fw,-53.4173545837402,-79.293472290039,-56.28174314233478,120.59653444833909,3116900976
fw,-52.7661056518554,-81.4640884399414,-34.95586938663642,121.45083331376492,3116917643
fw,-52.8656120300293,-83.376350402832,-13.048498232640835,119.82118723701284,3116934310
fw,-53.5537872314453,-84.8861083984375,7.5947622641285255,115.84749500672196,3116950977
fw,-54.6300621032714,-86.0152282714843,25.000038353577217,110.08139903983013,3116967644
fw,-55.5998458862304,-86.4815292358398,37.55539206564861,103.35584639209779,3116984311
fw,-56.7631950378418,-86.0370559692382,44.372177888721104,96.57039315901079,3117000978
fw,-58.0878829956054,-85.1544723510742,45.43458535490068,90.4413882112911,3117017645
fw,-59.3953819274902,-84.1451568603515,41.54214968199247,85.27288493473188,3117034312
fw,-60.5155601501464,-83.0547103881836,34.097150150096475,80.80518428287385,3117050979
fw,-61.4314613342285,-81.9080123901367,24.797641616179554,76.18610227891433,3117067646
fw,-61.6282386779785,-80.8031616210937,15.297827276003034,70.08140754345374,3117084313
fw,-61.4351463317871,-79.8379287719726,6.908936433697199,60.90549186231703,3117100980
fw,-61.186725616455,-79.0921401977539,0.42303571704598086,47.12718408319637,3117117647
fw,-61.3168144226074,-78.6203918457031,-3.88047605566043,27.595640225192465,3117134314
fw,-62.2817687988281,-78.5241394042968,-6.0541570695780855,1.8320572637844412,3117150981
fw,-62.9841194152832,-78.8471221923828,-6.222486305859324,-29.764108325514755,3117167648
fw,-62.9812355041503,-79.7148208618164,-4.384503821649962,-65.84250785745543,3117184315
fw,-62.7861671447753,-81.4132766723632,-0.3868085801306496,-104.19995769673764,3117200982
fw,-62.6487846374511,-83.877212524414,5.926087454742566,-142.05779767762354,3117217649
fw,-62.7078437805175,-86.9650115966796,14.479222219278157,-176.48094151504452,3117234316
fw,-63.0217475891113,-88.5779800415039,24.789567444465707,-204.85273798048595,3117250983
fw,-63.9058723449707,-84.9358520507812,35.946771664007386,-225.2937088983357,3117267650
fw,-64.9934310913086,-80.8112411499023,46.77558244419601,-236.924751544416,3117284317
fw,-66.3349990844726,-76.9300308227539,56.12150082666041,-239.92291977166963,3117300984
fw,-67.7627944946289,-73.1444396972656,63.15241153402973,-235.37822594838804,3117317651
fw,-69.2230453491211,-69.2439727783203,67.56673040389607,-225.00549785301413,3117334318
fw,-70.6287078857421,-65.9403610229492,69.63799516497158,-210.78150603699322,3117350985
fw,-72.0497055053711,-62.9009628295898,70.08881540372207,-194.57227875544524,3117367652
fw,-73.4634628295898,-59.8166580200195,69.8475776730031,-177.80748011752343,3117384319
fw,-74.880256652832,-57.3688507080078,69.77484541380454,-161.25617214869504,3117400986
fw,-76.3049011230468,-55.6591072082519,70.44369048805103,-144.9553418822639,3117417653
fw,-77.8000411987304,-53.4909553527832,72.02852017717537,-128.32746778225416,3117434320
fw,-79.3400268554687,-51.2875900268554,74.31758926025744,-110.48102813083513,3117450987
fw,-80.9378814697265,-49.1129150390625,76.82886889428258,-90.61644652515123,3117467654
fw,-82.5973129272461,-48.1083030700683,78.98440594970253,-68.39818481004318,3117484321
fw,-84.2262344360351,-47.9495658874511,80.28805898165947,-44.15966454296935,3117500988
fw,-85.7723770141601,-47.8979721069335,80.45648021369128,-18.89064386619786,3117517655
fw,-87.2975234985351,-47.9993743896484,79.47106253317216,5.945825424002996,3117534322
fw,-88.8387069702148,-48.3917617797851,77.54282722554454,28.677001113699664,3117550989
fw,-89.6194763183593,-49.4495849609375,75.00499381834709,47.693245856660155,3117567656
fw,-88.3470840454101,-50.3307075500488,72.16481737424016,61.69336212877206,3117584323
fw,-87.1115417480468,-51.874168395996,69.15666780700795,69.88190105009166,3117600990
fw,-85.8849182128906,-53.2832260131835,65.84058966416275,72.09646497152518,3117617657
fw,-84.7137985229492,-54.7023735046386,61.780459576050774,68.84013744902045,3117634324
fw,-83.572883605957,-55.7504959106445,56.31258435029807,61.20158586245921,3117650991
fw,-82.5392837524414,-56.7976112365722,48.68687925383174,50.667446982505325,3117667658
fw,-81.7704238891601,-57.3263244628906,38.24151053549452,38.86337834457084,3117684325
fw,-81.3121261596679,-57.5254783630371,24.56721948014672,27.28917984222965,3117700992
fw,-81.0929870605468,-57.4268569946289,7.627569303446774,17.12569411186463,3117717659
fw,-81.156135559082,-57.7331924438476,-12.18519159349285,9.172583175727716,3117734326
fw,-81.6653671264648,-58.8699874877929,-34.07072221406194,3.9187883666773025,3117750993
fw,-82.6673889160156,-59.3612480163574,-56.922851326981416,1.6722983877870001,3117767660
fw,-84.3477172851562,-58.9904098510742,-79.50240866927558,2.6388109344717177,3117784327
fw,-86.7844772338867,-58.7261161804199,-100.64139910551252,6.884740746053423,3117800994
fw,-89.0160293579101,-58.8237495422363,-119.41438730570707,14.22054080489104,3117817661
fw,-86.9915008544921,-59.4236717224121,-135.2161099389736,24.10889668652032,3117834328
fw,-84.0868606567382,-60.1280479431152,-147.72729433286636,35.68496046249397,3117850995
fw,-81.0317459106445,-60.9991836547851,-156.8119339424694,47.90129152545456,3117867662
fw,-78.1724548339843,-62.1731986999511,-162.42471957219445,59.74334133948804,3117884329
fw,-75.3623733520507,-63.5327949523925,-164.58904214743433,70.43640694105898,3117900996
fw,-72.3277206420898,-64.9446258544921,-163.44664990922124,79.57653123693869,3117917663
fw,-69.2352828979492,-66.3769912719726,-159.31987718656544,87.14915633465695,3117934330
fw,-66.5303344726562,-67.8862533569336,-152.70674650411098,93.43793781528773,3117950997
fw,-64.1704864501953,-69.5241470336914,-144.16660887099806,98.85998996974364,3117967664
fw,-62.02779006958,-71.2640762329101,-134.13015420752967,103.78136683178519,3117984331
fw,-60.0198860168457,-73.0463256835937,-122.73179302985967,108.36472858740753,3118000998
fw,-58.1051788330078,-74.7722549438476,-109.76884716791206,112.48728470423357,3118017665
fw,-56.391788482666,-76.5434036254882,-94.83556596042757,115.75007839646328,3118034332
fw,-54.9420509338378,-78.4838333129882,-77.5953790011056,117.58099354472326,3118050999
fw,-53.8919792175293,-80.5062866210937,-58.08714782480536,117.41016237540441,3118067666
fw,-53.1760025024414,-82.3955307006836,-36.9394756967127,114.8704177274072,3118084333
fw,-53.0444221496582,-83.8703002929687,-15.396853274040993,109.96033105766436,3118101000
fw,-53.5610618591308,-85.0655364990234,4.869506502744963,103.11586430868795,3118117667
fw,-54.537353515625,-85.8696136474609,22.109978423545297,95.16561796894366,3118134334
fw,-55.4373321533203,-86.0718078613281,34.88669309295333,87.17664427268546,3118151001
fw,-56.6128730773925,-85.6728820800781,42.38129091088273,80.2193396004727,3118167668
fw,-57.9426727294921,-84.9898834228515,44.54234131865538,75.09303110352496,3118184335
fw,-59.0842361450195,-84.2636947631836,42.05748719005072,72.06649284050062,3118201002
fw,-59.9685630798339,-83.4376831054687,36.179279177174976,70.6980900245415,3118217669
fw,-60.7048568725585,-82.5098800659179,28.45433342119234,69.7964445017607,3118234336
fw,-61.0478973388671,-81.5155181884765,20.417420461691556,67.5556623784468,3118251003
fw,-61.16157913208,-80.5081024169921,13.32132080125564,61.85507374462482,3118267670
fw,-61.1564750671386,-79.6238861083984,7.971515619245616,50.66917375016329,3118284337
fw,-61.4557495117187,-78.9636917114257,4.709810749857629,32.50478477028225,3118301004
fw,-62.4661102294921,-78.7411956787109,3.5387037024441814,6.77537934446905,3118317671
fw,-63.3593139648437,-79.0117263793945,4.315076569528907,-25.966078501562574,3118334338
fw,-63.5728416442871,-79.9276046752929,6.90619146741364,-63.990926650988044,3118351005
fw,-63.559959411621,-81.6578598022461,11.227290116667882,-104.57879212342745,3118367672
fw,-63.6064376831054,-84.0895156860351,17.159391646854818,-144.40568545353136,3118384339
fw,-63.9164657592773,-87.1042327880859,24.423568102206126,-180.07361423185603,3118401006
fw,-64.561767578125,-87.789192199707,32.511163224530286,-208.67523737231178,3118417673
fw,-65.6341171264648,-84.1611175537109,40.73021021519174,-228.26457749755957,3118434340
fw,-66.8081970214843,-80.236457824707,48.35950014396567,-238.12225259565034,3118451007
fw,-68.1397705078125,-76.3935165405273,54.84428510222909,-238.762713305548,3118467674
fw,-69.4523544311523,-72.6552734375,59.94673381711589,-231.7068377828036,3118484341
fw,-70.7406463623046,-68.9569625854492,63.784546342458526,-219.09873856257107,3118501008
fw,-72.0419692993164,-65.6559906005859,66.74058541221025,-203.26079376197433,3118517675
fw,-73.3542709350586,-62.7607994079589,69.28204482033428,-186.26697538731264,3118534342
fw,-74.7451858520507,-59.9292678833007,71.76421910619693,-169.596387549763,3118551009
fw,-76.2526779174804,-57.4934730529785,74.29582171754667,-153.9189859070634,3118567676
fw,-77.8271102905273,-55.8677062988281,76.7120740591957,-139.0583478994718,3118584343
fw,-79.4981079101562,-53.8128204345703,78.65523866528984,-124.15804710491439,3118601010
fw,-81.238525390625,-51.5097579956054,79.72113810133695,-108.03311684986912,3118617677
fw,-82.8421249389648,-49.3958435058593,79.61032432029782,-89.61707230530969,3118634344
fw,-84.3339004516601,-48.4421005249023,78.2295113333721,-68.35839741885175,3118651011
fw,-85.7275390625,-48.2609405517578,75.71666260032383,-44.435119605059825,3118667678
fw,-87.0899429321289,-48.297191619873,72.39585615496841,-18.74690882800665,3118684345
fw,-88.4158859252929,-48.4264755249023,68.68861323054277,7.257104804563467,3118701012
fw,-89.6118469238281,-48.8176574707031,65.01073922492435,31.821817889466583,3118717679
fw,-89.2294998168945,-49.7169075012207,61.675794443415484,53.14014742959203,3118734346
fw,-88.1536865234375,-50.7296409606933,58.819182650103485,69.60169696232526,3118751013
fw,-87.0114212036132,-52.4727668762207,56.35356357325789,80.03229907226492,3118767680
fw,-85.8616638183593,-54.3428001403808,53.96268105888291,83.8985604647776,3118784347
fw,-84.7980575561523,-55.7770690917968,51.134217020490794,81.42513672297702,3118801014
fw,-83.825942993164,-56.9984970092773,47.22573157363393,73.57282103188886,3118817681
fw,-82.9719543457031,-58.5676574707031,41.55425847289026,61.860913621039685,3118834348
fw,-82.303108215332,-59.1530876159668,33.49882832480828,48.069122295149256,3118851015
fw,-81.8794631958007,-59.3881683349609,22.603606079441214,33.89946912499157,3118867682
fw,-81.6900253295898,-59.2100639343261,8.666805055569785,20.70499653468373,3118884349
fw,-81.7023696899414,-59.3130416870117,-8.20202066789447,9.382699901579977,3118901016
fw,-82.1474990844726,-60.573616027832,-27.573928968218393,0.4617082657964513,3118917683
fw,-83.222915649414,-61.2546119689941,-48.751845773264336,-5.690571012746674,3118934350
fw,-84.9571762084961,-60.7506484985351,-70.87096530291497,-8.698451624972506,3118951017
fw,-87.1448059082031,-60.2928314208984,-93.01122670897466,-8.169193004678137,3118967684
fw,-87.959243774414,-60.0139694213867,-114.27160406584359,-3.848246078833683,3118984351
fw,-85.750015258789,-60.0996055603027,-133.77677449993357,4.1738084049842055,3119001018
fw,-82.9649429321289,-60.4141654968261,-150.63810148875632,15.338028463601061,3119017685
fw,-80.0828323364257,-60.90376663208,-163.93809601294254,28.65104634466572,3119034352
fw,-77.2654113769531,-61.7090301513671,-172.80894653710112,42.86634990711173,3119051019
fw,-74.3210830688476,-62.9267654418945,-176.61970650760117,56.745825351454144,3119067686
fw,-71.0931777954101,-64.254280090332,-175.20414204832866,69.31336195293395,3119084353
fw,-67.8995361328125,-65.6471862792968,-169.00449701328992,80.02186175571849,3119101020
fw,-65.2728500366211,-67.0904922485351,-159.01826432928536,88.78874865339726,3119117687
fw,-62.9318885803222,-68.6618041992187,-146.5222368470794,95.90116805931697,3119134354
fw,-60.8837928771972,-70.4432373046875,-132.66838109886606,101.83153873912629,3119151021
fw,-59.1419601440429,-72.203498840332,-118.12799724009534,107.02321810435075,3119167688
fw,-57.5364151000976,-73.8332901000976,-102.95283833627784,111.70641165708396,3119184355
fw,-55.9064598083496,-75.5274429321289,-86.72674173654045,115.79546537509322,3119201022
fw,-54.3511390686035,-77.4749603271484,-68.94664834704591,118.9019884439907,3119217689
fw,-53.2399444580078,-79.5630111694336,-49.462459995388976,120.4674205365218,3119234356
fw,-52.7295341491699,-81.5316085815429,-28.77566643778411,119.97599864735494,3119251023
fw,-53.0789985656738,-83.2114105224609,-8.065031648832116,117.17424294023174,3119267690
fw,-53.9031982421875,-84.5683364868164,11.061530523637833,112.2171019051352,3119284357
fw,-54.5798835754394,-85.5129318237304,26.970563850308622,105.68555435848684,3119301024
fw,-55.7842063903808,-85.7950439453125,38.40056750403417,98.45967120723563,3119317691
fw,-57.0373229980468,-85.4255218505859,44.731127157577355,91.46968679890247,3119334358
fw,-58.2161903381347,-84.7142105102539,46.075366455807014,85.381485128362,3119351025
fw,-59.338882446289,-83.8871154785156,43.20629377207639,80.30069761134057,3119367692
fw,-60.4263229370117,-83.0170288085937,37.35831258987821,75.59131849253515,3119384359
fw,-61.2068634033203,-82.0617065429687,29.9594724484075,69.88604719551338,3119401026
fw,-61.5514945983886,-81.022720336914,22.359170253348367,61.31407956648527,3119417693
fw,-61.6986579895019,-80.1470108032226,15.620225738646829,47.90561527977264,3119434360
fw,-62.0852851867675,-79.5835342407226,10.43189331823044,28.078833833059726,3119451027
fw,-63.0390815734863,-79.4509811401367,7.157946276052696,1.0935005339479527,3119467694
fw,-63.9504890441894,-79.7629241943359,5.969318958639043,-32.63467074346638,3119484361
fw,-64.0472030639648,-80.6996383666992,6.963923546023142,-71.43596248442108,3119501028
fw,-63.9222984313964,-82.4612121582031,10.190984098654146,-112.54363840428779,3119517695
fw,-64.0003967285156,-84.8579177856445,15.572352897634566,-152.49667748193366,3119534362
fw,-64.3188323974609,-87.3164978027343,22.792458532485092,-187.7209877363369,3119551029
fw,-64.9323501586914,-85.9603729248046,31.251702299474434,-215.16518936441756,3119567696
fw,-65.9351806640625,-82.2007217407226,40.13609662439229,-232.83588741654958,3119584363
fw,-67.0159759521484,-78.3691711425781,48.587536141711965,-240.09706692032057,3119601030
fw,-68.2645263671875,-74.7349853515625,55.908221746029206,-237.67277819093772,3119617697
fw,-69.5921325683593,-71.0079498291015,61.71918966583168,-227.38729529314347,3119634364
fw,-70.9391555786132,-67.2555694580078,66.01371948822197,-211.7389231424049,3119651031
fw,-72.2845840454101,-64.0425872802734,69.08894867845824,-193.40829983654723,3119667698
fw,-73.6604080200195,-61.3596000671386,71.38684010005245,-174.77587215231273,3119684365
fw,-75.1347732543945,-58.7143096923828,73.3095003735935,-157.50812987947876,3119701032
fw,-76.6714706420898,-56.7141456604003,75.07866524020508,-142.2791101583865,3119717699
fw,-78.2529678344726,-55.1751899719238,76.68441450431511,-128.70021750822895,3119734366
fw,-79.8943939208984,-53.2085723876953,77.9289288704737,-115.50956323260975,3119751033
fw,-81.5414657592773,-51.1385650634765,78.53696434916336,-101.00727221054606,3119767700
fw,-83.1149597167968,-49.1619911193847,78.28753497261712,-83.62882005353619,3119784367
fw,-84.6302032470703,-47.9207382202148,77.12176107079328,-62.47553531576424,3119801034
fw,-86.0859375,-47.7435836791992,75.19410909557492,-37.629050405041504,3119817701
fw,-87.4120712280273,-47.9434051513671,72.85179807781951,-10.172164059664947,3119834368
fw,-88.5414276123046,-48.2534523010253,70.5458794225039,18.039931366362616,3119851035
fw,-89.0591354370117,-48.9592552185058,68.69503040869301,44.744192853175655,3119867702
fw,-88.3350524902343,-50.2066192626953,67.53618561503109,67.6617720239499,3119884369
fw,-87.2431716918945,-51.4328689575195,67.00078000035991,84.85306489498436,3119901036
fw,-86.0868835449218,-53.3473358154296,66.65032177800823,95.00550914609894,3119917703
fw,-84.8828964233398,-55.3425216674804,65.692725610786,97.63175963412158,3119934370
fw,-83.6256332397461,-56.8887329101562,63.08416733042824,93.14972641904228,3119951037
fw,-82.4017791748046,-58.5661277770996,57.70175832443612,82.81764742525904,3119967704
fw,-81.3433303833007,-59.9303817749023,48.5535388754175,68.52047605030113,3119984371
fw,-80.6310806274414,-60.5444641113281,34.98120387046948,52.44447538254648,3120001038
fw,-80.3248825073242,-60.6879577636718,16.813478771072663,36.719315045993774,3120017705
fw,-80.3368606567382,-60.7045097351074,-5.557689512187257,23.129297196233704,3120034372
fw,-80.7853927612304,-61.7495765686035,-31.189022248554448,12.970888563578487,3120051039
fw,-81.814582824707,-62.7808456420898,-58.68419654227586,7.055635097474166,3120067706
fw,-83.4702453613281,-62.6897506713867,-86.36618905870888,5.772846200963641,3120084373
fw,-85.8002624511718,-62.4347801208496,-112.49592407794715,9.111687781662887,3120101040
fw,-88.3461380004882,-62.3807678222656,-135.49152933038633,16.61859942449583,3120117707
fw,-87.3162765502929,-62.6987113952636,-154.0970000504601,27.361717656788716,3120134374
fw,-84.3487548828125,-63.5073585510253,-167.4702230621351,39.99976576591152,3120151041
fw,-81.2149047851562,-64.5646591186523,-175.20190528721216,52.99340677095951,3120167708
fw,-78.2193603515625,-65.9147338867187,-177.3091922286588,64.90925937676975,3120184375
fw,-75.1975708007812,-67.4635848999023,-174.24097588027362,74.71206471324426,3120201042
fw,-71.9999389648437,-68.9065246582031,-166.88608661347558,81.94217654752865,3120217709
fw,-68.9807891845703,-70.2193298339843,-156.5254305783144,86.72307750473777,3120234376
fw,-66.520767211914,-71.5551681518554,-144.66036412319056,89.61040421085647,3120251043
fw,-64.2970657348632,-72.9661483764648,-132.70365297011566,91.34922340378274,3120267710
fw,-62.2975425720214,-74.4474487304687,-121.60982159986543,92.62702958061803,3120284377
fw,-60.4472846984863,-75.9442672729492,-111.5879655449157,93.89347966755277,3120301044
fw,-58.602123260498,-77.5014419555664,-102.03464532605375,95.28137753425149,3120317711
fw,-56.8489303588867,-79.0429306030273,-91.74689326233018,96.6281368354968,3120334378
fw,-55.373249053955,-80.5238800048828,-79.36443137157809,97.57450036381988,3120351045
fw,-54.0231704711914,-81.8843688964843,-63.89570973101469,97.70812750376354,3120367712
fw,-53.1134796142578,-83.2639083862304,-45.1434441721753,96.7179348023036,3120384379
fw,-53.0459594726562,-84.5640792846679,-23.87950255632146,94.52411508712642,3120401046
fw,-53.5821838378906,-85.4315948486328,-1.7159176787695962,91.34755324319322,3120417713
fw,-54.3694076538085,-85.7747421264648,19.26393428159655,87.68844103253714,3120434380
fw,-55.1498832702636,-85.6709823608398,36.9731504940941,84.20477463971491,3120451047
fw,-56.2821464538574,-85.108154296875,49.74719016088019,81.51196233137894,3120467714
fw,-57.8808479309082,-84.221923828125,56.641446974992945,79.94956384429119,3120484381
fw,-59.6190071105957,-83.2118148803711,57.56793053030019,79.3710741948709,3120501048
fw,-61.0072708129882,-82.1690292358398,53.26373331451367,79.0117169338007,3120517715
fw,-62.0998344421386,-81.155891418457,45.100583416952226,77.48303800564435,3120534382
fw,-62.8797950744628,-80.1559982299804,34.77894193620958,72.92788892200099,3120551049
fw,-63.093334197998,-79.1732177734375,23.99261348768307,63.33736136745103,3120567716
fw,-63.2581253051757,-78.3080825805664,14.166307434348397,46.9838528456377,3120584383
fw,-63.8922805786132,-77.6764144897461,6.336570968607295,22.877331118708046,3120601050
fw,-64.9499053955078,-77.5338745117187,1.1748440404076128,-8.873280616553822,3120617717
fw,-65.2691421508789,-78.1436309814453,-0.9217163668252701,-46.90027237335879,3120634384
fw,-65.042495727539,-79.6882247924804,0.22952350747696132,-88.67797283138788,3120651051
fw,-64.878791809082,-82.0948028564453,4.5735024079177125,-130.8746201064109,3120667718
fw,-65.0754013061523,-84.9859313964843,11.74280382869694,-169.87985315071515,3120684385
fw,-65.3836288452148,-88.3717727661132,21.015753011361078,-202.39187640951118,3120701052
fw,-66.0619812011718,-86.984619140625,31.37798050301239,-225.9417996271706,3120717719
fw,-67.060920715332,-83.0310897827148,41.69844632083367,-239.25419885455187,3120734386
fw,-68.2969970703125,-79.0120010375976,50.9691002886485,-242.38302476420745,3120751053
fw,-69.6524200439453,-75.1110610961914,58.52384413104127,-236.61137537093285,3120767720
fw,-70.912841796875,-71.3437576293945,64.156720460189,-224.14854423463947,3120784387
fw,-72.1453323364257,-67.873176574707,68.09739363463787,-207.68561007681518,3120801054
fw,-73.4776000976562,-64.9203720092773,70.85820462265515,-189.8835224703876,3120817721
fw,-74.9059524536132,-62.2913475036621,73.0152306813314,-172.87699848187398,3120834388
fw,-76.3822479248046,-59.5952453613281,75.0033105483352,-157.88647302019766,3120851055
fw,-77.8936767578125,-57.6963653564453,76.98889268928032,-145.027723925261,3120867722
fw,-79.4581680297851,-55.8066673278808,78.84998705008913,-133.382219713264,3120884389
fw,-81.1237640380859,-53.4666671752929,80.25689981832564,-121.33492686263762,3120901056
fw,-82.7922210693359,-51.1194534301757,80.81988614293046,-107.10401126924395,3120917723
fw,-84.4623565673828,-49.2925682067871,80.25332723078546,-89.30646097720255,3120934390
fw,-86.0253677368164,-48.3337326049804,78.50290367812217,-67.37813673077855,3120951057
fw,-87.3902359008789,-48.0327796936035,75.79430896745492,-41.729396272776256,3120967724
fw,-88.5165481567382,-48.2661705017089,72.58679173243088,-13.636393768711873,3120984391
fw,-88.8644332885742,-48.7473526000976,69.44398582648446,15.033124820421397,3121001058
fw,-88.1570816040039,-49.327651977539,66.85802016296182,42.13759863929613,3121017725
fw,-87.161376953125,-50.2771682739257,65.07466731686985,65.54851842934447,3121034392
fw,-86.0515670776367,-51.2479133605957,63.96659621060046,83.3990109366191,3121051059
fw,-84.915771484375,-53.3362045288085,62.99045770075639,94.31866251039764,3121067726
fw,-83.7920227050781,-55.6355934143066,61.24410822725204,97.65427750509717,3121084393
fw,-82.6913452148437,-57.4007415771484,57.61654200321089,93.6226213155103,3121101060
fw,-81.6208877563476,-59.01607131958,50.999779022167324,83.3166859116412,3121117727
fw,-80.6960830688476,-59.9987258911132,40.514464083967106,68.52744347682804,3121134394
fw,-80.1125869750976,-60.5291023254394,25.69585278866059,51.425478862007246,3121151061
fw,-79.9423828125,-60.6690597534179,6.598901035775981,34.21196912852958,3121167728
fw,-80.2112197875976,-61.3068695068359,-16.193218952372547,18.85047625228842,3121184395
fw,-81.012336730957,-62.4648742675781,-41.64586400778377,6.926059323263952,3121201062
fw,-82.5031509399414,-62.6136512756347,-68.40628600365255,-0.4101096843457803,3121217729
fw,-84.7068328857421,-62.0834159851074,-94.95895587966967,-2.4926250605247873,3121234396
fw,-87.3004913330078,-61.7297897338867,-119.77045959674278,0.7741875155722349,3121251063
fw,-88.2954406738281,-61.8512496948242,-141.40367420641408,8.851573376342419,3121267730
fw,-85.9135208129882,-62.339500427246,-158.60496476366416,20.6097617345678,3121284397
fw,-82.8152618408203,-63.1710472106933,-170.3928025089117,34.52056253974183,3121301064
fw,-79.7439498901367,-64.1637954711914,-176.17745727191584,48.955745336902226,3121317731
fw,-76.7147903442382,-65.3212585449218,-175.9066411887763,62.49518407867484,3121334398
fw,-73.4568328857421,-66.6181030273437,-170.17921976227976,74.15318511508507,3121351065
fw,-70.2418746948242,-67.9851684570312,-160.2363548452621,83.47364823069266,3121367732
fw,-67.5801544189453,-69.4690017700195,-147.7584495367708,90.49338659688621,3121384399
fw,-65.230842590332,-71.1000289916992,-134.4725369693524,95.60715727407232,3121401066
fw,-63.1887588500976,-72.7989196777343,-121.67719040880786,99.38164359550986,3121417733
fw,-61.3259544372558,-74.4788513183593,-109.86277670276483,102.36378420759738,3121434400
fw,-59.4889869689941,-76.1309661865234,-98.59591045978291,104.92122138319537,3121451067
fw,-57.6369361877441,-77.8245468139648,-86.7436981702684,107.14554667542673,3121467734
fw,-56.0713500976562,-79.5642852783203,-72.97625457850891,108.84066059358017,3121484401
fw,-54.6590385437011,-81.3352584838867,-56.36773345637642,109.60347019781777,3121501068
fw,-53.7592163085937,-82.9782028198242,-36.87124412022506,108.98151213435897,3121517735
fw,-53.5912170410156,-84.5555877685546,-15.491967452994897,106.6677597898434,3121534402
fw,-54.1723327636718,-86.0495834350586,5.896453228649775,102.6742029604073,3121551069
fw,-55.168285369873,-86.8615036010742,25.009368728228747,97.41859714705448,3121567736
fw,-56.1332130432128,-86.685302734375,39.70960548387208,91.6704043600314,3121584403
fw,-57.3821334838867,-85.9899520874023,48.49080556338374,86.33988749331122,3121601070
fw,-58.7655220031738,-85.1453857421875,50.77542004408696,82.1538327253547,3121617737
fw,-60.380859375,-84.2011642456054,46.99405021772314,79.31774312478281,3121634404
fw,-61.6267890930175,-83.1478042602539,38.4575210573581,77.28642547601774,3121651071
fw,-62.3105659484863,-82.0182266235351,27.054391436938836,74.73826358187449,3121667738
fw,-62.2942352294921,-80.8423690795898,14.838815444338747,69.7842482832644,3121684405
fw,-62.0635871887207,-79.6513366699218,3.620251316142726,60.367781137541456,3121701072
fw,-61.8714752197265,-78.7003479003906,-5.3140887196379785,44.7528580915296,3121717739
fw,-62.2420310974121,-78.2184448242187,-11.261082090030149,21.974817747951082,3121734406
fw,-63.1221847534179,-78.2847137451171,-13.968453225175129,-7.856445404073016,3121751073
fw,-63.3905372619628,-78.9525070190429,-13.42424525254858,-43.467268467482135,3121767740
fw,-63.0648384094238,-80.2967834472656,-9.711846248104285,-82.55954236691876,3121784407
fw,-62.7962951660156,-82.4194869995117,-3.0078028041781626,-122.14758787514363,3121801074
fw,-62.6184921264648,-85.2902297973632,6.310052029300703,-159.02587514572497,3121817741
fw,-62.703254699707,-88.7947235107421,17.55299733847675,-190.2743555058818,3121834408
fw,-63.4177589416503,-87.2750930786132,29.715360595202664,-213.69653621182778,3121851075
fw,-64.4938812255859,-83.230972290039,41.60836744982927,-228.09958793923613,3121867742
fw,-65.742446899414,-79.5492172241211,52.09116261529566,-233.36983615297248,3121884409
fw,-67.1038513183593,-76.0204849243164,60.312416791638526,-230.3573407944284,3121901076
fw,-68.515625,-72.3350067138671,65.87820511962941,-220.63108526511175,3121917743
fw,-69.9144287109375,-68.786018371582,68.89545759820355,-206.17716253102438,3121934410
fw,-71.3298416137695,-65.6839828491211,69.88623326232599,-189.08978641679772,3121951077
fw,-72.7547760009765,-63.0495643615722,69.61065195296688,-171.27956476106095,3121967744
fw,-74.1975326538086,-60.6768608093261,68.86112786161702,-154.22017466564992,3121984411
fw,-75.6943130493164,-58.0802764892578,68.28873170558725,-138.76634403878097,3122001078
fw,-77.1978225708007,-56.2356719970703,68.29847642002382,-125.0787599931932,3122017745
fw,-78.7184448242187,-54.3708038330078,69.02010986499143,-112.67552616962551,3122034412
fw,-80.1995239257812,-52.5864677429199,70.3403980079363,-100.60360364528485,3122051079
fw,-81.5833892822265,-51.1253318786621,71.97682502197627,-87.69700228056426,3122067746
fw,-83.0207901000976,-50.0335693359375,73.57477408285132,-72.86924298309796,3122084413
fw,-84.5723495483398,-49.4921607971191,74.81082995441376,-55.38610372805891,3122101080
fw,-86.1788482666015,-48.9524154663085,75.47966115442348,-35.08108030028815,3122117747
fw,-87.7653350830078,-48.6030197143554,75.53665955737908,-12.491180345341956,3122134414
fw,-89.2371597290039,-48.5908279418945,75.07438743011248,11.112886996267695,3122151081
fw,-89.5094146728515,-49.0717544555664,74.2333319118356,33.840157687184,3122167748
fw,-88.215347290039,-49.9599685668945,73.07791946286405,53.46531591313748,3122184415
fw,-86.9248352050781,-51.2119102478027,71.4890624002141,67.8685770049532,3122201082
fw,-85.5961608886718,-53.359748840332,69.12078764216928,75.53903120249191,3122217749
fw,-84.2929153442382,-55.5112991333007,65.44174620133983,75.98939355042172,3122234416
fw,-83.0643234252929,-56.5956192016601,59.847265426588926,69.92190368896956,3122251083
fw,-81.9709701538086,-57.5232391357421,51.80152422962816,59.058451020383025,3122267750
fw,-81.1056976318359,-58.0086250305175,40.962366892157895,45.682770238125705,3122284417
fw,-80.5519180297851,-58.1252937316894,27.252871658588816,32.06734716261657,3122301084
fw,-80.3324203491211,-58.023078918457,10.86625116950002,20.001911424254082,3122317751
fw,-80.4027023315429,-58.2296867370605,-7.786793449848067,10.583502255952926,3122334418
fw,-80.9435806274414,-59.5132637023925,-28.16459619528108,4.297900117978865,3122351085
fw,-82.116958618164,-60.4755821228027,-49.68507157686603,1.2774291077030462,3122367752
fw,-83.9174346923828,-60.2114181518554,-71.78773690811876,1.5405016704967525,3122384419
fw,-85.9952316284179,-59.8074531555175,-93.93618822410431,5.063462924434687,3122401086
fw,-86.9328002929687,-59.6442604064941,-115.54711554141471,11.678547563953098,3122417753
fw,-85.6563415527343,-60.0140571594238,-135.87306960739397,20.921875722734185,3122434420
fw,-83.48046875,-60.6318778991699,-153.91538830567092,31.97797943444245,3122451087
fw,-80.9128646850586,-61.4691619873046,-168.46088504321617,43.78892298251408,3122467754
fw,-78.1834182739257,-62.5806579589843,-178.2905652420057,55.29368364234083,3122484421
fw,-75.2064056396484,-63.9736099243164,-182.51507239044255,65.70007226722134,3122501088
fw,-72.045181274414,-65.4331665039062,-180.9037335950009,74.68155330694812,3122517755
fw,-68.8773880004882,-66.7976455688476,-174.0458620181796,82.42260357309031,3122534422
fw,-66.1389770507812,-68.2021942138671,-163.23612658464504,89.49224438935416,3122551089
fw,-63.814712524414,-69.7445297241211,-150.09240318790802,96.5863552790028,3122567756
fw,-61.7876815795898,-71.379653930664,-136.04274454599894,104.22260613729064,3122584423
fw,-59.9325408935546,-73.104133605957,-121.89171760068758,112.48363208642179,3122601090
fw,-58.1767120361328,-74.8626480102539,-107.65166157685438,120.88747886738524,3122617757
fw,-56.4759902954101,-76.8304595947265,-92.71071829114476,128.43042346388805,3122634424
fw,-54.99556350708,-78.9841156005859,-76.26372753194804,133.8032169307394,3122651091
fw,-53.8294410705566,-81.1743240356445,-57.82327533339945,135.73231463523877,3122667758
fw,-53.1733322143554,-83.1381378173828,-37.60195167800118,133.35408853559053,3122684425
fw,-53.19580078125,-84.5516586303711,-16.61943336968997,126.51020203036107,3122701092
fw,-53.8806343078613,-85.2769012451171,3.4916762311115583,115.86853706597134,3122717759
fw,-54.8794136047363,-85.240005493164,20.885268865190145,102.82297141536701,3122734426
fw,-55.7869110107421,-84.7274627685546,33.94524565916737,89.19003800404555,3122751093
fw,-56.9811363220214,-84.0710067749023,41.63065694253265,76.77952060325246,3122767760
fw,-58.3062324523925,-83.32861328125,43.65487789112957,66.95049582414663,3122784427
fw,-59.5959281921386,-82.4862442016601,40.50204533057525,60.26380772133439,3122801094
fw,-60.791690826416,-81.6264038085937,33.31280185410231,56.30995097053607,3122817761
fw,-61.6286010742187,-80.8250656127929,23.66956941438324,53.74442310348287,3122834428
fw,-61.9044647216796,-80.0551300048828,13.313152431902692,50.51936787762416,3122851095
fw,-61.6550674438476,-79.3246231079101,3.843308992098303,44.26905448501053,3122867762
fw,-61.3161125183105,-78.7162094116211,-3.520414625597176,32.78460617793499,3122884429
fw,-61.5091400146484,-78.3355178833007,-8.047381347187342,14.496312833665481,3122901096
fw,-62.4061698913574,-78.2826461791992,-9.456859653285964,-11.128154958120172,3122917763
fw,-62.5735702514648,-78.691535949707,-7.789714016096339,-43.357991187733624,3122934430
fw,-62.2792625427246,-79.8656997680664,-3.290352550138764,-80.21187878263909,3122951097
fw,-62.2346267700195,-81.9167251586914,3.6333931023184562,-118.7307777550967,3122967764
fw,-62.212547302246,-84.6087493896484,12.384809021130192,-155.47143256596573,3122984431
fw,-62.7034797668457,-87.4798202514648,22.161026130220325,-187.11866754426964,3123001098
fw,-63.912799835205,-86.7863006591796,32.016126696408335,-211.0741260673232,3123017765
fw,-65.2761688232421,-83.2383041381836,41.02120833123975,-225.88029643423036,3123034432
fw,-66.6144561767578,-79.442886352539,48.47119047990882,-231.38629555036476,3123051099
fw,-67.6934356689453,-75.8488082885742,54.05257384157264,-228.6396137163033,3123067766
fw,-68.7895126342773,-72.2001953125,57.89895709081718,-219.56156197928968,3123084433
fw,-69.9211654663086,-68.6215744018554,60.508919062664624,-206.50141087954805,3123101100
fw,-71.128059387207,-65.5613784790039,62.55620338773936,-191.7608127279211,3123117767
fw,-72.4446182250976,-62.8298187255859,64.66047580679019,-177.1612490495007,3123134434
fw,-73.7848739624023,-60.0755233764648,67.19607160855007,-163.71851122305594,3123151101
fw,-75.2428359985351,-58.2201652526855,70.19746819675707,-151.48918167140985,3123167768
fw,-76.8236618041992,-56.1448745727539,73.38404379860472,-139.64381306638492,3123184435
fw,-78.4569625854492,-53.7778930664062,76.28617992554949,-126.77979332243635,3123201102
fw,-80.0607147216796,-51.4611129760742,78.42297500435753,-111.41071349505961,3123217769
fw,-81.6528701782226,-49.4235153198242,79.46944100996024,-92.48742917172963,3123234436
fw,-83.2347946166992,-48.4319343566894,79.3610982931719,-69.77526156530107,3123251103
fw,-84.7981338500976,-48.3358192443847,78.30908824837269,-43.96955651907638,3123267770
fw,-86.3325424194336,-48.4069137573242,76.72736656772652,-16.550198963701078,3123284437
fw,-87.7860107421875,-48.5355148315429,75.09674474507239,10.524530664931484,3123301104
fw,-89.2082061767578,-48.9025650024414,73.8053966557722,35.16388276864794,3123317771
fw,-89.4995422363281,-49.9311904907226,73.01068125107787,55.45711371535542,3123334438
fw,-88.1298904418945,-51.091136932373,72.56102253918125,69.93302473689576,3123351105
fw,-86.7406387329101,-52.831916809082,71.99890665549334,77.76194067201963,3123367772
fw,-85.3233337402343,-54.5603065490722,70.641150151522,78.87860572009714,3123384439
fw,-83.9087677001953,-55.5566787719726,67.70915946345504,73.99145421142141,3123401106
fw,-82.6061019897461,-56.769187927246,62.469249463222305,64.45850506838579,3123417773
fw,-81.5077972412109,-58.0245971679687,54.34647644635029,52.04616307012741,3123434440
fw,-80.6996994018554,-58.6101341247558,42.992859109367366,38.620940695506256,3123451107
fw,-80.2278060913086,-58.6523513793945,28.313230551368367,25.8447846664189,3123467774
fw,-79.9954376220703,-58.3711509704589,10.467144142815762,14.955635829241773,3123484441
fw,-80.0241546630859,-58.8934097290039,-10.135572406519344,6.703039157277772,3123501108
fw,-80.4804306030273,-60.05419921875,-32.84368917208797,1.448396676329729,3123517775
fw,-81.4803924560546,-60.3740043640136,-56.79303849353597,-0.6534529501064368,3123534442
fw,-83.2713012695312,-60.0823669433593,-80.97063664387997,0.4740132675180228,3123551109
fw,-85.8336029052734,-59.8155136108398,-104.30944467604331,4.81884737796458,3123567776
fw,-87.961067199707,-59.7991867065429,-125.78215612804438,12.16328162931212,3123584443
fw,-86.7581024169921,-60.2424278259277,-144.4593249817864,21.97416815905652,3123601110
fw,-84.0836486816406,-60.911506652832,-159.52968617070124,33.40683521922719,3123617777
fw,-81.1078796386718,-61.7675170898437,-170.322309236198,45.45069734637062,3123634444
fw,-78.2289505004882,-62.9592857360839,-176.37672923174463,57.16385199877956,3123651111
fw,-75.2006378173828,-64.3925018310546,-177.56335397997807,67.90126401816289,3123667778
fw,-72.0020523071289,-65.7988967895507,-174.19432311473747,77.44425326195093,3123684445
fw,-68.8904953002929,-67.1914291381836,-167.03372897416398,85.97797393970794,3123701112
fw,-66.2853317260742,-68.6698226928711,-157.1448354715418,93.92234018853482,3123717779
fw,-63.9601783752441,-70.2814254760742,-145.59332176459262,101.67776354346974,3123734446
fw,-61.7978858947753,-72.0406799316406,-133.11618693544395,109.37744640463572,3123751113
fw,-59.8382568359375,-73.8047866821289,-119.90768528533354,116.73392396292591,3123767780
fw,-57.9277305603027,-75.6923446655273,-105.6342918621158,123.0366882605149,3123784447
fw,-56.1944999694824,-77.7570648193359,-89.68898442125513,127.31254665852937,3123801114
fw,-54.8140907287597,-80.0930557250976,-71.58609840647308,128.6094536910594,3123817781
fw,-53.8697242736816,-82.3764572143554,-51.3365201799933,126.31767938194461,3123834448
fw,-53.4424705505371,-84.1767120361328,-29.65429244452145,120.41795532700792,3123851115
fw,-53.5689392089843,-85.4551162719726,-7.917105433337199,111.56422160350986,3123867782
fw,-54.3070106506347,-86.2809066772461,12.102219318122263,100.96821977821736,3123884449
fw,-55.3171768188476,-86.5839614868164,28.637077071355105,90.1255654683783,3123901116
fw,-56.6088066101074,-86.3264617919921,40.327954209357735,80.47076750313418,3123917783
fw,-58.055004119873,-85.6348037719726,46.50244381761817,73.0540223942041,3123934450
fw,-59.1264495849609,-84.6895751953125,47.26651218446975,68.30482540848776,3123951117
fw,-60.0337486267089,-83.6559448242187,43.40843829194206,65.91031598770957,3123967784
fw,-61.218147277832,-82.7095413208007,36.17532888269273,64.81127260146962,3123984451
fw,-61.9993896484375,-81.8539199829101,27.006270757619152,63.313034915509164,3124001118
fw,-62.0153579711914,-80.980712890625,17.294316210410667,59.31188256790047,3124017785
fw,-61.8941383361816,-80.1216812133789,8.224890191639854,50.630589984763844,3124034452
fw,-61.8997230529785,-79.4794082641601,0.7168193569485108,35.43073333694294,3124051119
fw,-62.569580078125,-79.1298217773437,-4.539043269207327,12.634073574923665,3124067786
fw,-63.1363372802734,-79.1823501586914,-6.997995493718086,-17.739130987013922,3124084453
fw,-62.8723983764648,-79.8658142089843,-6.224627151356762,-54.40744763017729,3124101120
fw,-62.4424285888671,-81.3594207763671,-1.9610664245764575,-94.9073052645504,3124117787
fw,-62.3793449401855,-83.6425094604492,5.723203533417326,-135.92897885788108,3124134454
fw,-62.5246238708496,-86.7602767944336,16.296886550915058,-173.85770782260653,3124151121
fw,-63.2002601623535,-88.5622329711914,28.74890819369981,-205.40276304177291,3124167788
fw,-64.3642501831054,-84.7977981567382,41.72743150238309,-228.15981279747513,3124184455
fw,-65.6051254272461,-80.828254699707,53.80106135939296,-240.9661019216803,3124201122
fw,-66.9662704467773,-76.9498443603515,63.7609102656171,-243.97614411196577,3124217789
fw,-68.4633712768554,-73.1334152221679,70.87491353680585,-238.4763865331927,3124234456
fw,-70.0476455688476,-69.1546478271484,75.02523831500936,-226.5218700709041,3124251123
fw,-71.639175415039,-65.7155532836914,76.69178018082228,-210.49054563929323,3124267790
fw,-73.2284927368164,-62.6729621887207,76.78381634438043,-192.63036745958271,3124284457
fw,-74.7933883666992,-59.9283180236816,76.36358586407626,-174.65834644274415,3124301124
fw,-76.2950363159179,-57.3378868103027,76.33943982775287,-157.47423675212968,3124317791
fw,-77.7876510620117,-55.7228622436523,77.21916379842386,-141.05778162595007,3124334458
fw,-79.3767700195312,-53.6795578002929,78.99838156814427,-124.60239317645497,3124351125
fw,-81.0969314575195,-51.5775642395019,81.21629137066134,-106.88404662143755,3124367792
fw,-82.9516830444336,-49.5348396301269,83.15362492513331,-86.7768920346078,3124384459
fw,-84.7760314941406,-48.0497741699218,84.09712221885752,-63.74723887511263,3124401126
fw,-86.4494552612304,-47.9135055541992,83.57368913767338,-38.1472083673425,3124417793
fw,-87.951301574707,-48.3137588500976,81.47621665036779,-11.214294239029721,3124434460
fw,-89.3172912597656,-48.7828407287597,78.05137254330259,15.186038887565761,3124451127
fw,-89.2317886352539,-49.3271026611328,73.77209830764782,38.94824346507904,3124467794
fw,-88.0008087158203,-50.4631729125976,69.15074165987372,58.116398146467496,3124484461
fw,-86.8357238769531,-51.4871559143066,64.55509713819185,71.20142585667537,3124501128
fw,-85.6758270263671,-53.2683715820312,60.07631087948586,77.40115906460902,3124517795
fw,-84.5865173339843,-54.8836936950683,55.47609681926032,76.71398894016154,3124534462
fw,-83.5752029418945,-56.0676155090332,50.21901192571682,69.93231504502319,3124551129
fw,-82.6575698852539,-57.275405883789,43.57762045468521,58.50635627340491,3124567796
fw,-81.8812255859375,-58.1218719482421,34.785924785576746,44.2949375574505,3124584463
fw,-81.4151077270507,-58.3190383911132,23.2098502190857,29.257170836676057,3124601130
fw,-81.2420272827148,-58.152545928955,8.502353528887115,15.167516910467942,3124617797
fw,-81.3340835571289,-58.035415649414,-9.286946223455343,3.436995723999216,3124634464
fw,-81.7792053222656,-59.0791969299316,-29.673704882477164,-4.9215003516761895,3124651131
fw,-82.7394790649414,-59.8642311096191,-51.79007879572879,-9.228291080635751,3124667798
fw,-84.3954544067382,-59.2826957702636,-74.52293972608719,-9.081098276749648,3124684465
fw,-86.632453918457,-58.6763648986816,-96.70392966013279,-4.394735016381,3124701132
fw,-88.4517440795898,-58.5282859802246,-117.28633326072752,4.481922453005526,3124717799
fw,-86.4737472534179,-58.8370246887207,-135.4433853684314,16.683180435311765,3124734466
fw,-83.6474456787109,-59.5361022949218,-150.5648217135677,30.886858971230726,3124751133
fw,-80.6017074584961,-60.4419822692871,-162.19202110684395,45.54057937405164,3124767800
fw,-77.635871887207,-61.6424255371093,-169.9704647233705,59.18471472653979,3124784467
fw,-74.7038116455078,-63.0746383666992,-173.6782624280362,70.7603677005395,3124801134
fw,-71.5772933959961,-64.4565963745117,-173.32231613022324,79.80328553017512,3124817801
fw,-68.4030990600586,-65.8564834594726,-169.22617936966714,86.47125902276913,3124834468
fw,-65.6765747070312,-67.3181533813476,-162.01464100530401,91.40977710485909,3124851135
fw,-63.3213272094726,-68.9301605224609,-152.45031545768657,95.50734335124683,3124867802
fw,-61.1291618347168,-70.6319808959961,-141.17254607526877,99.61348847727847,3124884469
fw,-59.0339813232421,-72.3114700317382,-128.46656131786654,104.28924265639901,3124901136
fw,-57.1009445190429,-73.9648132324218,-114.1946456800054,109.64382864102471,3124917803
fw,-55.3540916442871,-75.739143371582,-97.94595641312036,115.29267627328102,3124934470
fw,-53.8201446533203,-77.7353591918945,-79.35401256804487,120.44953920387685,3124951137
fw,-52.7721824645996,-79.8382720947265,-58.44987086721065,124.13465010908678,3124967804
fw,-52.1978569030761,-81.8906860351562,-35.9007673707445,125.44616266518744,3124984471
fw,-52.1827812194824,-83.7383804321289,-13.030931823813624,123.81914557188969,3125001138
fw,-52.8253936767578,-85.2220916748046,8.391563131570653,119.1980753612293,3125017805
fw,-53.8365592956543,-86.1542739868164,26.529322437367817,112.07365934920153,3125034472
fw,-54.9295349121093,-86.1829452514648,39.885450638333346,103.3702239311942,3125051139
fw,-56.4321708679199,-85.4592514038086,47.62331964896494,94.20454653113084,3125067806
fw,-57.7769203186035,-84.5501861572265,49.71603554733574,85.5677051543025,3125084473
fw,-59.1442604064941,-83.6711120605468,46.90520359838535,78.00718789718107,3125101140
fw,-60.2345237731933,-82.7721405029296,40.498469295494054,71.39887416863748,3125117807
fw,-61.1541404724121,-81.8312454223632,32.06836295191488,64.88440635871063,3125134474
fw,-61.6042785644531,-80.8541107177734,23.13363637596716,57.005357006131014,3125151141
fw,-61.6913681030273,-79.9743041992187,14.908479248142367,46.00704394875381,3125167808
fw,-61.7392082214355,-79.4164352416992,8.188473417698065,30.238092208179715,3125184475
fw,-62.3516502380371,-79.2352523803711,3.397046878347417,8.554731181275887,3125201142
fw,-63.3638153076171,-79.4196166992187,0.7471434731281216,-19.35109885808581,3125217809
fw,-63.654426574707,-80.1001434326171,0.41139624840344463,-52.76022778771665,3125234476
fw,-63.3716239929199,-81.5761032104492,2.588014367831638,-89.9130535218305,3125251143
fw,-63.1944351196289,-83.7150344848632,7.418013567075339,-128.1958908054605,3125267810
fw,-63.27583694458,-86.5070495605468,14.810109695658662,-164.5151850797656,3125284477
fw,-63.59321975708,-89.0874252319336,24.29055622666836,-195.80171828305427,3125301144
fw,-64.4502792358398,-85.4799652099609,34.98058511832806,-219.54137862312976,3125317811
fw,-65.5742797851562,-81.3409118652343,45.73595030497704,-234.20653800636828,3125334478
fw,-66.8805313110351,-77.3591842651367,55.40713077054377,-239.4814531182616,3125351145
fw,-68.3259735107421,-73.5901565551757,63.12829145244016,-236.234719143891,3125367812
fw,-69.8279800415039,-69.7623214721679,68.53104026452976,-226.26276354845788,3125384479
fw,-71.287971496582,-66.2199325561523,71.80501920742368,-211.87579566994089,3125401146
fw,-72.7474594116211,-63.2148208618164,73.5820798315426,-195.41200222105886,3125417813
fw,-74.2285385131836,-60.4675216674804,74.68527443320434,-178.76533611224505,3125434480
fw,-75.7063751220703,-57.6789894104003,75.83302209850204,-163.01382904532176,3125451147
fw,-77.2243576049804,-55.8972663879394,77.40272489762039,-148.23470257189823,3125467814
fw,-78.8636093139648,-53.9736747741699,79.33262614484627,-133.57401678775602,3125484481
fw,-80.5957565307617,-51.8925743103027,81.18761210654904,-117.5884973604657,3125501148
fw,-82.3943939208984,-49.6979064941406,82.35470250252446,-98.79190790881418,3125517815
fw,-84.2001571655273,-47.7831535339355,82.28910948861227,-76.2438676691414,3125534482
fw,-85.7971420288086,-47.1523284912109,80.7183350146548,-49.97590345619773,3125551149
fw,-87.2180709838867,-47.3988342285156,77.73434393245974,-21.10611410296874,3125567816
fw,-88.5753631591796,-47.9782066345214,73.7514436393568,8.371891959105769,3125584483
fw,-89.8916473388671,-48.585033416748,69.35754948440024,36.01369076477592,3125601150
fw,-89.0827255249023,-49.6813621520996,65.11785245108334,59.40592249801097,3125617817
fw,-88.0143661499023,-50.6945648193359,61.39498541454718,76.58703068294135,3125634484
fw,-86.8477478027343,-52.5864143371582,58.233957199795434,86.35111120438899,3125651151
fw,-85.6867980957031,-54.4754371643066,55.33302876981704,88.41490726690273,3125667818
fw,-84.5973205566406,-56.0372352600097,52.093700070303825,83.43307950494956,3125684485
fw,-83.5810089111328,-57.3367767333984,47.7245797866518,72.85182783807734,3125701152
fw,-82.6862716674804,-58.569351196289,41.370598300542625,58.619946384288845,3125717819
fw,-82.0842819213867,-58.9788360595703,32.24711035353721,42.82238406368372,3125734486
fw,-81.7888870239257,-59.0650329589843,19.76892937547904,27.337837830440563,3125751153
fw,-81.6922760009765,-58.9884223937988,3.668709387902912,13.624021874318634,3125767820
fw,-81.8569259643554,-59.8461799621582,-15.907438206910193,2.6855375863197732,3125784487
fw,-82.451919555664,-60.9277420043945,-38.35248648823123,-4.814069746704671,3125801154
fw,-83.7145385742187,-60.7409133911132,-62.628995573313716,-8.419963237315837,3125817821
fw,-85.6706161499023,-59.9940071105957,-87.38778888891545,-7.85918895156554,3125834488
fw,-88.1127014160156,-59.6125183105468,-111.14654275849023,-3.1454955980746986,3125851155
fw,-87.3343505859375,-59.6466979980468,-132.4711964433403,5.278841553692036,3125867822
fw,-84.559829711914,-60.0578689575195,-150.11248455840268,16.497202800830507,3125884489
fw,-81.5668563842773,-60.7459869384765,-163.09518202318222,29.23782226020529,3125901156
fw,-78.4883346557617,-61.5793952941894,-170.79904984793382,42.127597709539145,3125917823
fw,-75.5076675415039,-62.7003669738769,-173.06421538052368,53.9862387059792,3125934490
fw,-72.3557968139648,-63.9446678161621,-170.2972766725608,64.0590452717818,3125951157
fw,-69.1946411132812,-65.1611328125,-163.49374414914277,72.11938404547638,3125967824
fw,-66.5872039794921,-66.3269805908203,-154.08477648087992,78.4222859452501,3125984491
fw,-64.4110870361328,-67.6484451293945,-143.58626400489115,83.53967104946302,3126001158
fw,-62.3495941162109,-69.1861114501953,-133.14537226483657,88.13849922432533,3126017825
fw,-60.3320808410644,-70.7509613037109,-123.16907512463798,92.76627283517708,3126034492
fw,-58.320068359375,-72.3046035766601,-113.21429950081868,97.6910055406419,3126051159
fw,-56.3647918701171,-73.85595703125,-102.2145381392175,102.82253015112947,3126067826
fw,-54.6340522766113,-75.5955734252929,-88.97007069287689,107.7281339185525,3126084493
fw,-53.1893005371093,-77.4453048706054,-72.71321169178333,111.74225446764615,3126101160
fw,-52.2662277221679,-79.3923416137695,-53.5273012806893,114.14965001947651,3126117827
fw,-52.0364875793457,-81.2466049194336,-32.45916581846862,114.39805309837963,3126134494
fw,-52.4981956481933,-82.872802734375,-11.29140810449901,112.28247337935257,3126151161
fw,-53.3107604980468,-84.3328247070312,7.9232056600099705,108.04706239937876,3126167828
fw,-54.11372756958,-85.4492568969726,23.381097616563743,102.36875698698691,3126184495
fw,-55.1027755737304,-85.9039459228515,33.925127475166455,96.2121477265635,3126201162
fw,-56.2640991210937,-85.6900253295898,39.22487257051368,90.5741669513886,3126217829
fw,-57.3857192993164,-85.0716094970703,39.740535791856416,86.1703621844077,3126234496
fw,-58.3527526855468,-84.2602157592773,36.530745392828344,83.1445535641292,3126251163
fw,-59.3969993591308,-83.2978286743164,30.97934437888086,80.89366926966174,3126267830
fw,-60.1643371582031,-82.1655654907226,24.507018445974804,78.07591018666342,3126284497
fw,-60.5284194946289,-80.9710464477539,18.321664094900743,72.81792259189616,3126301164
fw,-60.6819343566894,-79.9199752807617,13.254291876723542,63.07870947923235,3126317831
fw,-60.8394126892089,-79.1547470092773,9.717676379906324,47.090044714460596,3126334498
fw,-61.6327514648437,-78.7056884765625,7.7971536553647836,23.784081694357692,3126351165
fw,-62.7651634216308,-78.6327514648437,7.431325848687364,-6.872301653691272,3126367832
fw,-63.2405166625976,-79.0797500610351,8.589163857058871,-43.70518339798485,3126384499
fw,-63.2838134765625,-80.3130264282226,11.343629020062117,-84.3785437983,3126401166
fw,-63.4050216674804,-82.3479843139648,15.801110472271146,-125.68331157461793,3126417833
fw,-63.5789794921875,-85.1505889892578,21.93631514741332,-164.0445411025979,3126434500
fw,-63.883861541748,-87.9615478515625,29.44148916335495,-196.1527856909103,3126451167
fw,-64.7479095458984,-85.9898071289062,37.691373766084624,-219.569807612126,3126467834
fw,-65.9401397705078,-82.0838928222656,45.86184904252591,-233.14686705171871,3126484501
fw,-67.296157836914,-78.2424163818359,53.159126604540525,-237.14369275202674,3126501168
fw,-68.6363983154296,-74.6305389404296,59.059404605414535,-233.03304982128935,3126517835
fw,-69.9875869750976,-70.9803161621093,63.45293620482462,-223.07237997941007,3126534502
fw,-71.3368606567382,-67.4011306762695,66.63144259164787,-209.77213374613495,3126551169
fw,-72.6969909667968,-64.2987899780273,69.12865376597287,-195.380377671796,3126567836
fw,-74.1259307861328,-61.49409866333,71.4853501104099,-181.46712439697367,3126584503
fw,-75.6240158081054,-58.685806274414,74.03547193740951,-168.66522219720756,3126601170
fw,-77.2004776000976,-56.6159324645996,76.79173189963387,-156.61306586804506,3126617837
fw,-78.8880004882812,-54.5361824035644,79.46173011493153,-144.1285956839607,3126634504
fw,-80.6371078491211,-52.0462417602539,81.5733153334687,-129.6036354155161,3126651171
fw,-82.3770294189453,-49.7661781311035,82.65214037467852,-111.53854954637936,3126667838
fw,-84.0189666748046,-47.8936614990234,82.38516260014809,-89.06651193569027,3126684505
fw,-85.5553894042968,-47.1368217468261,80.71935497129871,-62.29744056247693,3126701172
fw,-87.0137786865234,-47.1673545837402,77.87418841271167,-32.37673731676003,3126717839
fw,-88.3651809692382,-47.4831733703613,74.27527107591507,-1.2719834773196674,3126734506
fw,-89.3230514526367,-48.0392227172851,70.43484330686033,28.60418105963683,3126751173
fw,-88.7648849487304,-49.0381317138671,66.81121917598345,54.80731646519032,3126767840
fw,-87.6953125,-50.0448608398437,63.67830247549471,75.22746884497298,3126784507
fw,-86.5740661621093,-51.4374923706054,61.032177073753985,88.38064386887757,3126801174
fw,-85.4370498657226,-53.8358993530273,58.55502779058672,93.61893771903432,3126817841
fw,-84.3067779541015,-55.8333740234375,55.64605460725371,91.23482395344827,3126834508
fw,-83.1986846923828,-57.2376098632812,51.515027765007225,82.41315491762505,3126851175
fw,-82.1776504516601,-58.4099693298339,45.31992914145666,69.00441605044408,3126867842
fw,-81.3701782226562,-59.0106163024902,36.32033311428017,53.161273488595484,3126884509
fw,-80.887580871582,-59.4258422851562,24.016472854048402,36.95086807637476,3126901176
fw,-80.7306213378906,-59.4951438903808,8.250473808941347,22.073304472584024,3126917843
fw,-80.8666229248046,-59.8869361877441,-10.743703777267937,9.765435686493122,3126934510
fw,-81.4271240234375,-61.2070198059082,-32.34732844288227,0.8715213360144387,3126951177
fw,-82.5578231811523,-61.5961952209472,-55.62106840530835,-4.030145470039042,3126967844
fw,-84.4377517700195,-60.8583793640136,-79.41622776514347,-4.578427826572224,3126984511
fw,-86.9180297851562,-60.333267211914,-102.50605416949833,-0.7137065145000226,3127001178
fw,-88.5442428588867,-60.3295402526855,-123.69856465830472,7.175679687846417,3127017845
fw,-86.4905548095703,-60.7514190673828,-141.90505435489328,18.183274867280993,3127034512
fw,-83.6292953491211,-61.4793319702148,-156.17675164252412,30.98448376945676,3127051179
fw,-80.5945892333984,-62.3650703430175,-165.7565854190425,44.09523830606896,3127067846
fw,-77.646499633789,-63.4700469970703,-170.18637646589548,56.19711946253883,3127084513
fw,-74.6329727172851,-64.7438583374023,-169.45616954342066,66.41812347075127,3127101180
fw,-71.4053878784179,-66.0661239624023,-164.11788659398877,74.48674930393881,3127117847
fw,-68.4371337890625,-67.4124755859375,-155.2596550722606,80.72415794279645,3127134514
fw,-65.9522628784179,-68.7767105102539,-144.27953699223232,85.88618171841118,3127151181
fw,-63.7393112182617,-70.2982788085937,-132.49708247895154,90.9033858777377,3127167848
fw,-61.6696281433105,-71.9113845825195,-120.74456148571362,96.58636420877468,3127184515
fw,-59.6425590515136,-73.5329360961914,-109.11950706855801,103.36467200572824,3127201182
fw,-57.6839523315429,-75.181411743164,-97.02455579418802,111.11805843812365,3127217849
fw,-55.9826164245605,-76.9943542480468,-83.49719984315146,119.14382215664006,3127234516
fw,-54.6148300170898,-78.8893280029296,-67.70571260209314,126.2821283015434,3127251183
fw,-53.60986328125,-80.916519165039,-49.417883481617565,131.18697286554578,3127267850
fw,-53.1255836486816,-82.9279861450195,-29.26210777487119,132.68695484490013,3127284517
fw,-53.3907470703125,-84.5958251953125,-8.684005179184151,130.1407510683344,3127301184
fw,-54.1803359985351,-85.5107040405273,10.380892470331442,123.67520807348734,3127317851
fw,-55.1194686889648,-85.3905334472656,25.99494023635473,114.21278636553384,3127334518
fw,-56.4975624084472,-84.6766738891601,36.69746773268218,103.2514350181389,3127351185
fw,-57.6587219238281,-83.8181610107421,41.831390324137274,92.4398082342805,3127367852
fw,-58.8967819213867,-82.9327621459961,41.6459359153688,83.06618129186194,3127384519
fw,-60.1894378662109,-82.0146865844726,37.18049918317726,75.61872401135282,3127401186
fw,-61.1826286315918,-81.034439086914,29.98543881395883,69.55853080577043,3127417853
fw,-61.6645050048828,-80.0031433105468,21.760572357788778,63.38044382747934,3127434520
fw,-61.8707771301269,-78.9720764160156,14.006534915676212,54.94812105519459,3127451187
fw,-61.8777923583984,-78.1054153442382,7.787816691475294,42.013064313141314,3127467854
fw,-62.3888893127441,-77.5841751098632,3.6764437041593614,22.785543035467732,3127484521
fw,-63.5571937561035,-77.5588226318359,1.8700715036740898,-3.576807106799473,3127501188
fw,-64.1351089477539,-77.9754486083984,2.3894482760098072,-36.66961251599373,3127517855
fw,-63.9975395202636,-79.0249099731445,5.221118904428235,-74.79610682218699,3127534522
fw,-63.8366088867187,-80.9153289794921,10.321672968205501,-115.19056127834999,3127551189
fw,-63.9169311523437,-83.6447372436523,17.507536548944348,-154.47164015699227,3127567856
fw,-64.2343139648437,-86.9561233520507,26.3355813454972,-189.2306563404448,3127584523
fw,-65.0194778442382,-87.8670501708984,36.07847972480587,-216.61847560800874,3127601190
fw,-66.1488494873046,-84.2129745483398,45.83185499877832,-234.79115601093784,3127617857
fw,-67.4548263549804,-80.5397186279296,54.71502458349879,-243.12035555663712,3127634524
fw,-68.9096984863281,-76.7560958862304,62.08465786335161,-242.15476687603527,3127651191
fw,-70.4328308105468,-72.9650497436523,67.67872426460369,-233.39220808090138,3127667858
fw,-71.9709701538086,-69.0876083374023,71.63712841430683,-218.94898381824288,3127684525
fw,-73.4913253784179,-65.548110961914,74.39257370962243,-201.19045927529496,3127701192
fw,-75.0102310180664,-62.5343856811523,76.47458012919414,-182.35158270451402,3127717859
fw,-76.538101196289,-60.0187797546386,78.30224847972659,-164.16949373141955,3127734526
fw,-78.1387481689453,-57.4646759033203,80.04335010026394,-147.57870424038873,3127751193
fw,-79.8843688964843,-55.8565406799316,81.58782483296127,-132.55248199216285,3127767860
fw,-81.7314376831054,-53.9680061340332,82.63559147931959,-118.1742042546541,3127784527
fw,-83.5683441162109,-51.8425407409668,82.85264262882575,-102.96947293308503,3127801194
fw,-85.2562026977539,-49.9534301757812,82.02614335707008,-85.43369390350641,3127817861
fw,-86.828125,-48.592601776123,80.15804227992022,-64.59642020547213,3127834528
fw,-88.2992324829101,-48.0159454345703,77.46953800632471,-40.43368711490453,3127851195
fw,-89.6400909423828,-47.9168624877929,74.32585533662504,-13.997033678133112,3127867862
fw,-88.9352264404296,-48.2563858032226,71.11495952178956,12.76443399054036,3127884529
fw,-87.7161254882812,-49.0333137512207,68.12026689498926,37.416604042936854,3127901196
fw,-86.4999923706054,-50.2027931213378,65.42111175753027,57.565190063067334,3127917863
fw,-85.232437133789,-51.4542007446289,62.84202413849202,71.36206348688773,3127934530
fw,-83.969123840332,-53.684585571289,59.95696945400725,77.87725128371447,3127951197
fw,-82.8208084106445,-55.1025924682617,56.14198359787654,77.25123397496297,3127967864
fw,-81.8416671752929,-55.7334289550781,50.66358137613978,70.59470323835208,3127984531
fw,-80.9661483764648,-57.0129241943359,42.7908271667683,59.67780824203625,3128001198
fw,-80.2381973266601,-57.5901489257812,31.919924040408368,46.51945303243208,3128017865
fw,-79.8085479736328,-58.0304298400878,17.696077052812807,33.00997472997567,3128034532
fw,-79.6582641601562,-58.0979843139648,0.11005621521611872,20.669956919108966,3128051199
fw,-79.8922882080078,-58.384162902832,-20.45667016545693,10.586525092042981,3128067866
fw,-80.6802978515625,-59.5322723388671,-43.258464859292324,3.4949771125565907,3128084533
fw,-82.0890731811523,-59.9680519104003,-67.28627568895737,-0.09317386961836899,3128101200
fw,-84.2132110595703,-59.4623832702636,-91.41753886660577,0.1664884367506972,3128117867
fw,-86.7951507568359,-59.113956451416,-114.56318503537527,4.381243563863034,3128134534
fw,-87.7924728393554,-59.1367683410644,-135.7538524922816,12.27925634507299,3128151201
fw,-85.7501983642578,-59.4723854064941,-154.13949050311882,23.119922426097784,3128167868
fw,-83.0400238037109,-60.1847038269043,-168.9367465471261,35.75514539690841,3128184535
fw,-80.1100997924804,-61.2623863220214,-179.40434864740965,48.84947744142866,3128201202
fw,-77.1346206665039,-62.5574111938476,-184.91463577969722,61.18091772997632,3128217869
fw,-73.9391326904296,-63.9542045593261,-185.11936816065855,71.90777404870096,3128234536
fw,-70.5738372802734,-65.3551712036132,-180.12802904864793,80.70637462929997,3128251203
fw,-67.4451446533203,-66.7049331665039,-170.58317893976493,87.7415168651973,3128267870
fw,-64.8157730102539,-68.1072845458984,-157.55500188674827,93.49754783163242,3128284537
fw,-62.3849601745605,-69.7121505737304,-142.26800450590434,98.54389739721796,3128301204
fw,-60.2339630126953,-71.4987564086914,-125.76623498591047,103.31785714765819,3128317871
fw,-58.4878273010253,-73.3365402221679,-108.6647676598728,107.98325017286703,3128334538
fw,-56.8737907409668,-75.1228637695312,-91.10112466514477,112.38709549078806,3128351205
fw,-55.3492240905761,-76.972412109375,-72.91042900507267,116.10833826116962,3128367872
fw,-54.1959266662597,-78.9015121459961,-53.94701325385968,118.5788488183788,3128384539
fw,-53.3506660461425,-80.832778930664,-34.408181364357254,119.24929255710234,3128401206
fw,-52.9949378967285,-82.6421432495117,-15.011841283898825,117.76431734605622,3128417873
fw,-53.4159049987793,-84.2116928100586,3.0584117237986046,114.10500633702152,3128434540
fw,-54.4922828674316,-85.5051651000976,18.424201852245478,108.65702896160732,3128451207
fw,-55.547752380371,-86.1632461547851,29.885011567103945,102.17228008414345,3128467874
fw,-56.7025604248046,-86.0204391479492,36.737802260604646,95.61103795292674,3128484541
fw,-57.66943359375,-85.4204635620117,38.92932422359576,89.88306221736997,3128501208
fw,-58.7060508728027,-84.5719833374023,37.01761372942746,85.54508009806146,3128517875
fw,-59.8997573852539,-83.526252746582,31.997063195960326,82.5410311257749,3128534542
fw,-60.9023780822753,-82.3396835327148,25.066190579675457,80.07053653696761,3128551209
fw,-61.4655227661132,-81.1646041870117,17.400777341768755,76.63764021527045,3128567876
fw,-61.6521987915039,-79.9772262573242,9.975608845484075,70.2828065590937,3128584543
fw,-61.4816741943359,-78.9575576782226,3.472862032696025,58.95690473872458,3128601210
fw,-61.7112464904785,-78.2145156860351,-1.6945992292587686,40.96663881384276,3128617877
fw,-62.7464561462402,-77.9775772094726,-5.256313005303319,15.406580115183964,3128634544
fw,-63.5445137023925,-78.1283493041992,-6.926745368729534,-17.5098944580358,3128651211
fw,-63.360668182373,-78.8445281982421,-6.326743893887703,-56.301495024968766,3128667878
fw,-62.9570503234863,-80.4226684570312,-3.057595987937964,-98.31201183888261,3128684545
fw,-62.7635841369628,-82.7721099853515,3.096301520690889,-140.06428938027642,3128701212
fw,-62.8675155639648,-85.9223022460937,11.949063366447904,-177.8307570190253,3128717879
fw,-63.2536125183105,-89.2807235717773,22.808169530650176,-208.30600978597752,3128734546
fw,-64.1830596923828,-85.6276702880859,34.55335771449018,-229.2183935274824,3128751213
fw,-65.3553390502929,-81.5110855102539,45.88391124016191,-239.7184303992275,3128767880
fw,-66.7220306396484,-77.7021713256836,55.648632384219866,-240.44311080562642,3128784547
fw,-68.1069793701171,-74.0878219604492,63.14129602115495,-233.2562791413909,3128801214
fw,-69.5070114135742,-70.3969802856445,68.25707591912087,-220.75845098415328,3128817881
fw,-70.9130020141601,-66.9756927490234,71.45649587467005,-205.70135319084665,3128834548
fw,-72.2997970581054,-64.0473022460937,73.55404714060771,-190.43111430064783,3128851215
fw,-73.7216567993164,-61.4072189331054,75.41084747052946,-176.4528876759404,3128867882
fw,-75.2352600097656,-58.633560180664,77.64021968084865,-164.18602571313698,3128884549
fw,-76.8265686035156,-56.4388694763183,80.42262017173778,-152.95927929290104,3128901216
fw,-78.4873962402343,-54.4049568176269,83.4809951395745,-141.26295380293567,3128917883
fw,-80.2274475097656,-51.9425506591796,86.21041806502795,-127.22192202631238,3128934550
fw,-82.1058883666992,-49.6535148620605,87.9078763458722,-109.1862640213459,3128951217
fw,-84.0099868774414,-48.0221557617187,88.02164097480237,-86.28019982851389,3128967884
fw,-85.7466049194336,-47.3942642211914,86.33868860305428,-58.74621589186233,3128984551
fw,-87.2278747558593,-47.2769584655761,83.05257163455785,-27.990490403351043,3129001218
fw,-88.498062133789,-47.5380325317382,78.69637250340747,3.657122228395689,3129017885
fw,-89.0292434692382,-48.1476211547851,73.97056157567796,33.374740534650265,3129034552
fw,-88.357177734375,-49.2323493957519,69.52577842209301,58.357131700598025,3129051219
fw,-87.3148956298828,-50.2685928344726,65.76669793446128,76.30725018412356,3129067886
fw,-86.1303176879882,-52.2275085449218,62.72801402661738,85.84038268222096,3129084553
fw,-84.8815155029296,-54.4631996154785,60.0460772986004,86.73772029939099,3129101220
fw,-83.698371887207,-55.9377250671386,57.020629926518794,79.98707473037646,3129117887
fw,-82.6063842773437,-56.9998130798339,52.74088323354427,67.57423699063348,3129134554
fw,-81.6150283813476,-57.9332199096679,46.24409061563758,52.05552495306789,3129151221
fw,-80.8750610351562,-58.2585105895996,36.67957510234319,36.02327174439276,3129167888
fw,-80.4312286376953,-58.4024429321289,23.45944218545656,21.622504302016917,3129184555
fw,-80.2543792724609,-58.0347862243652,6.382722987838295,10.262708412225695,3129201222
fw,-80.3650588989257,-58.4424819946289,-14.2811483961857,2.597136849200545,3129217889
fw,-80.9169998168945,-59.8727760314941,-37.76970534615832,-1.2678526805070227,3129234556
fw,-82.0177764892578,-60.3206405639648,-62.88807586096697,-1.4778535079447985,3129251223
fw,-83.9232025146484,-59.8177986145019,-88.16091985837768,1.7713509564483456,3129267890
fw,-86.6343154907226,-59.5021362304687,-112.05015960525935,8.245227261779329,3129284557
fw,-89.4446792602539,-59.6431121826171,-133.1780348320709,17.5408362989772,3129301224
fw,-87.0720977783203,-60.1747322082519,-150.4884920058089,28.960421691039354,3129317891
fw,-83.9448928833007,-60.9113807678222,-163.3153958480636,41.512634257767616,3129334558
fw,-80.612678527832,-61.9331932067871,-171.37930007756307,54.07117830027522,3129351225
fw,-77.4486083984375,-63.3623123168945,-174.76083006305356,65.62974807087569,3129367892
fw,-74.301399230957,-64.9628067016601,-173.8773765258735,75.547145797531,3129384559
fw,-71.0117263793945,-66.4370727539062,-169.44367956289258,83.6807153934496,3129401226
fw,-67.9038772583007,-67.8543701171875,-162.36837937142778,90.35062421851435,3129417893
fw,-65.221435546875,-69.3367385864257,-153.55614981533236,96.14526833639907,3129434560
fw,-62.7423095703125,-70.9524993896484,-143.64609539795848,101.64009554496275,3129451227
fw,-60.4241981506347,-72.6978073120117,-132.7856351071386,107.13076160187977,3129467894
fw,-58.2834320068359,-74.3956604003906,-120.56361393191128,112.47031307032499,3129484561
fw,-56.2928619384765,-76.1805725097656,-106.17823398819094,117.06310102246893,3129501228
fw,-54.4428596496582,-78.2102966308593,-88.81370065262269,120.02164100826279,3129517895
fw,-52.9539070129394,-80.3925018310546,-68.09765667165311,120.4446902420849,3129534562
fw,-52.043472290039,-82.4669113159179,-44.462456400225385,117.73305163439423,3129551229
fw,-51.6978797912597,-84.2093887329101,-19.261115845188716,111.83967488463043,3129567896
fw,-52.0655975341796,-85.4854660034179,5.420759577283368,103.36710273843728,3129584563
fw,-53.1210060119628,-86.3027572631836,27.203362359650818,93.47509181709337,3129601230
fw,-54.4429588317871,-86.6565475463867,43.959116936317045,83.62197130780218,3129617897
fw,-55.9981575012207,-86.4858169555664,54.29355985428933,75.20932191571512,3129634564
fw,-57.4452857971191,-85.9149093627929,57.822277758637064,69.2178768636214,3129651231
fw,-58.7580490112304,-85.1586380004882,55.18665724610026,65.916392120458,3129667898
fw,-59.8888053894043,-84.3067092895507,47.83784058736308,64.70606571426423,3129684565
fw,-60.9430656433105,-83.3829879760742,37.67567637689288,64.13926378991708,3129701232
fw,-61.3237876892089,-82.4361114501953,26.64834288390856,62.123119596150644,3129717899
fw,-61.3774681091308,-81.442138671875,16.411215458674615,56.28380804468796,3129734566
fw,-61.3568611145019,-80.6171188354492,8.122674742882811,44.430319375333916,3129751233
fw,-61.6142768859863,-80.1415863037109,2.4165706846362998,25.029519765433392,3129767900
fw,-62.6570472717285,-80.1106185913086,-0.4707565238935897,-2.4020698935844957,3129784567
fw,-63.2920188903808,-80.5510330200195,-0.5095429715810695,-37.07060240146034,3129801234
fw,-63.115608215332,-81.6664352416992,2.2577055937117976,-76.89775947022144,3129817901
fw,-62.9782180786132,-83.54736328125,7.717777712510257,-118.76046466110404,3129834568
fw,-62.9698219299316,-86.1967239379882,15.577264372369171,-158.96257357570337,3129851235
fw,-63.2845802307128,-88.8191604614257,25.243983049299892,-193.8666275658861,3129867902
fw,-64.2000656127929,-85.3709487915039,35.807434350871674,-220.5525058844934,3129884569
fw,-65.378921508789,-81.0555038452148,46.16347061126136,-237.33504125356586,3129901236
fw,-66.6689071655273,-77.0495300292968,55.24645703111992,-243.99717499010706,3129917903
fw,-68.0723648071289,-73.3055801391601,62.27984360322382,-241.6834547875556,3129934570
fw,-69.5335159301757,-69.5782089233398,66.95146750847269,-232.50995096681262,3129951237
fw,-70.9722290039062,-65.9288711547851,69.4533121774692,-219.020863865628,3129967904
fw,-72.4320678710937,-62.7385597229003,70.3767144897808,-203.6305222501794,3129984571
fw,-73.9026870727539,-59.5650978088378,70.50367810916767,-188.15445917481117,3130001238
fw,-75.3273468017578,-56.731273651123,70.56648460041971,-173.49602483021408,3130017905
fw,-76.731330871582,-54.9190635681152,71.05178805303224,-159.5357348618083,3130034572
fw,-78.2074279785156,-52.6843032836914,72.10376502447622,-145.2589754853482,3130051239
fw,-79.7732620239257,-50.3233375549316,73.5439456010549,-129.12606420087857,3130067906
fw,-81.3723831176757,-48.1131706237793,74.98606629912574,-109.61863493209367,3130084573
fw,-82.9431228637695,-46.1486892700195,75.99571188904893,-85.811401302686,3130101240
fw,-84.4558563232421,-45.1866455078125,76.23662335161626,-57.7796821634406,3130117907
fw,-85.8691482543945,-45.1228065490722,75.55987071447846,-26.704392818771137,3130134574
fw,-87.2416763305664,-45.8744888305664,74.01976165728517,5.341908726067657,3130151241
fw,-88.6407318115234,-46.7171630859375,71.8270809819475,35.822545920203865,3130167908
fw,-90.0,-47.5807418823242,69.26469558202295,62.21982249082534,3130184575
fw,-88.7209854125976,-48.8497505187988,66.59080266451538,82.44876371945523,3130201242
fw,-87.5432205200195,-50.4531326293945,63.94862388736577,95.14971450071756,3130217909
fw,-86.4197463989257,-52.6891403198242,61.29709524500521,99.85775386237806,3130234576
fw,-85.3204803466796,-54.6616020202636,58.376539485724145,97.0495182828308,3130251243
fw,-84.2415313720703,-56.0536575317382,54.72064492852478,88.05233235613476,3130267910
fw,-83.1920776367187,-57.6429710388183,49.7167985794093,74.8069716382301,3130284577
fw,-82.1916885375976,-58.76851272583,42.70344041474962,59.51234937105566,3130301244
fw,-81.4942779541015,-59.2070236206054,33.0829124857671,44.226071759816364,3130317911
fw,-81.1437683105468,-59.1335716247558,20.42724715523873,30.526998640147006,3130334578
fw,-80.970718383789,-58.9680137634277,4.561412491265384,19.348288357514992,3130351245
fw,-81.0861511230468,-60.1499443054199,-14.38467370698014,11.04005511826343,3130367912
fw,-81.6811981201171,-61.4368553161621,-35.96350143485398,5.615602661301825,3130384579
fw,-82.9196395874023,-61.4813537597656,-59.444177171815404,3.0292036980387804,3130401246
fw,-84.9235305786132,-61.1671638488769,-83.88851512998899,3.3171797392244216,3130417913
fw,-87.3207321166992,-60.9292564392089,-108.24176705609034,6.537302988299793,3130434580
fw,-87.9516830444336,-61.0842056274414,-131.39987052315317,12.583653457925106,3130451247
fw,-85.5579452514648,-61.4907302856445,-152.23631933098906,21.023763311876333,3130467914
fw,-82.5542068481445,-61.8736381530761,-169.61773338632685,31.07026361079909,3130484581
fw,-79.4428558349609,-62.7269897460937,-182.46947014619312,41.71275821708504,3130501248
fw,-76.3550643920898,-63.9396018981933,-189.93425395897356,51.95849222988575,3130517915
fw,-73.0036239624023,-65.1958312988281,-191.59921658190066,61.08807511859668,3130534582
fw,-69.4669189453125,-66.3912582397461,-187.69177364486296,68.82875942709252,3130551249
fw,-66.2784271240234,-67.6022872924804,-179.1157238132953,75.38111657762046,3130567916
fw,-63.499095916748,-68.9489974975586,-167.24807995678074,81.2917242609205,3130584583
fw,-61.0596313476562,-70.3968811035156,-153.53116785938914,87.21754416804428,3130601250
fw,-58.9386711120605,-71.8539047241211,-139.01190910620375,93.65619564800117,3130617917
fw,-56.9204597473144,-73.3632431030273,-124.02767434727816,100.71968859162827,3130634584
fw,-55.0407066345214,-74.9553604125976,-108.18402541815655,108.01707042526385,3130651251
fw,-53.4443588256835,-76.7507858276367,-90.64427345421382,114.68821958399035,3130667918
fw,-52.207160949707,-78.6387863159179,-70.61991117976028,119.59489323261337,3130684585
fw,-51.2616958618164,-80.6840286254882,-47.87286909182989,121.62870795755968,3130701252
fw,-50.7457389831543,-82.5555572509765,-23.039077502507908,120.05198690513437,3130717919
fw,-51.109203338623,-84.1423416137695,2.349707871910942,114.76473853654639,3130734586
fw,-52.2629280090332,-85.2504272460937,26.156821860766545,106.40283764730692,3130751253
fw,-53.709602355957,-85.673469543457,46.137398634712426,96.21933701388421,3130767920
fw,-55.2379837036132,-85.5569305419921,60.46188389215862,85.76907850946503,3130784587
fw,-56.7816581726074,-85.1111984252929,68.09850104612804,76.4823656654331,3130801254
fw,-58.3105354309082,-84.4321823120117,68.96786370263848,69.25027551545605,3130817921
fw,-59.8077583312988,-83.5487670898437,63.876776577125185,64.13710248399394,3130834588
fw,-61.1833343505859,-82.6475830078125,54.294729237830026,60.29114892237556,3130851255
fw,-62.0772628784179,-81.8350448608398,42.049692612899285,56.06805153800277,3130867922
fw,-62.2078399658203,-81.04638671875,29.014935371494662,49.33483357616274,3130884589
fw,-62.2268028259277,-80.3749237060546,16.853186271636208,37.895941998545005,3130901256
fw,-62.5033340454101,-79.9862747192382,6.8685783497772,19.969118152352035,3130917923
fw,-63.3257369995117,-79.9397048950195,-0.02674187868524533,-5.36793960641031,3130934590
fw,-63.5792274475097,-80.2449417114257,-3.2825435448064946,-37.84200448209327,3130951257
fw,-63.1914100646972,-81.1492080688476,-2.6934221646181826,-75.83923881976914,3130967924
fw,-62.8510932922363,-82.7404479980468,1.5687612482302247,-116.51543359116671,3130984591
fw,-63.0092964172363,-84.9522476196289,8.911049772389854,-156.1875202944396,3131001258
fw,-63.3852348327636,-86.7989425659179,18.342691898032495,-190.96263198440806,3131017925
fw,-64.1393280029296,-84.7980575561523,28.61573569225366,-217.4758956453331,3131034592
fw,-65.2960815429687,-81.0974426269531,38.46589420379264,-233.54806917685323,3131051259
fw,-66.5675354003906,-77.1793746948242,46.88223627509851,-238.58203453031066,3131067926
fw,-67.861946105957,-73.5317306518554,53.31815748144236,-233.59987629315705,3131084593
fw,-69.1180038452148,-69.8492050170898,57.77538564576032,-220.93564194393537,3131101260
fw,-70.3415908813476,-66.1940536499023,60.73485497699523,-203.68258014216065,3131117927
fw,-71.59326171875,-63.2671356201171,62.95838212564909,-185.02297746697948,3131134594
fw,-72.9240188598632,-60.9215393066406,65.22619146899204,-167.56623752198396,3131151261
fw,-74.2698974609375,-58.4436607360839,68.09284795205375,-152.81746176336887,3131167928
fw,-75.6650619506836,-56.4019355773925,71.73314575936564,-140.89416597567123,3131184595
fw,-77.2034072875976,-54.8075637817382,75.91665158430638,-130.57902561364077,3131201262
fw,-78.8641815185546,-52.5841255187988,80.1079756559553,-119.72751410504952,3131217929
fw,-80.5977401733398,-50.240379333496,83.65260133066064,-105.94860899220107,3131234596
fw,-82.3601303100586,-48.1229858398437,85.98566030650501,-87.37374776009655,3131251263
fw,-84.0963134765625,-46.9692039489746,86.79920613688977,-63.27705434333348,3131267930
fw,-85.7743225097656,-46.9012870788574,86.12102442941645,-34.356402888965455,3131284597
fw,-87.3839416503906,-47.2252769470214,84.28679538638966,-2.618420956075462,3131301264
fw,-88.9535751342773,-47.8343200683593,81.81730343003042,29.046757746626984,3131317931
fw,-89.6999893188476,-48.8818206787109,79.2359639081654,57.44214340636916,3131334598
fw,-88.2408599853515,-50.2631340026855,76.87605764089398,79.64491177560433,3131351265
fw,-86.939826965332,-51.7107620239257,74.73081853411908,93.49734993402038,3131367932
fw,-85.6643371582031,-53.680908203125,72.3917222703164,97.95663032310532,3131384599
fw,-84.2900009155273,-55.8184585571289,69.09952567065977,93.2674029136778,3131401266
fw,-82.9157409667968,-57.5996894836425,63.90039961413971,80.92097802996592,3131417933
fw,-81.6202850341796,-58.7796592712402,55.86456882864132,63.38006289041514,3131434600
fw,-80.5613479614257,-59.1794166564941,44.302294584129115,43.60195898482057,3131451267
fw,-79.9682464599609,-59.132957458496,28.91483984083673,24.47265268452205,3131467934
fw,-79.8321914672851,-58.7769203186035,9.846560052273755,8.318947127196981,3131484601
fw,-80.0932159423828,-58.7873840332031,-12.35676285655719,-3.354270629524166,3131501268
fw,-80.8124771118164,-59.8863067626953,-36.84977219773426,-9.856462917003396,3131517935
fw,-82.0443344116211,-60.382698059082,-62.608911976582654,-11.120737887078665,3131534602
fw,-83.9747467041015,-59.7832336425781,-88.54084145083166,-7.492428235257476,3131551269
fw,-86.4771881103515,-59.2812767028808,-113.55650734093273,0.3813470164416829,3131567936
fw,-88.3533782958984,-59.4603767395019,-136.6010178600607,11.561278548689527,3131584603
fw,-86.4971466064453,-59.9589538574218,-156.64936971211344,24.82060362405628,3131601270
fw,-83.554817199707,-60.603416442871,-172.70662605042853,38.73948367833924,3131617937
fw,-80.3603286743164,-61.5409812927246,-183.86738145455402,51.91104407340079,3131634604
fw,-77.2000122070312,-62.9470291137695,-189.46649829876242,63.207037568438814,3131651271
fw,-73.766128540039,-64.3958511352539,-189.29026168143716,72.01381145409965,3131667938
fw,-70.0458755493164,-65.8148727416992,-183.74908141432437,78.35159820301705,3131684605
fw,-66.7482223510742,-67.1213760375976,-173.88801591027269,82.82634484571997,3131701272
fw,-64.1341705322265,-68.47119140625,-161.16096867284543,86.42124030478523,3131717939
fw,-61.74116897583,-69.9336853027343,-147.00839665030392,90.18993640427352,3131734606
fw,-59.7303886413574,-71.4740524291992,-132.39802950035286,94.94086021448615,3131751273
fw,-57.8749923706054,-73.0196990966796,-117.53682967618495,100.99648888777419,3131767940
fw,-56.0291290283203,-74.6708068847656,-101.90251962690385,108.08507687138002,3131784607
fw,-54.3479995727539,-76.5176239013671,-84.60327170325205,115.388446417206,3131801274
fw,-52.8172760009765,-78.5390472412109,-64.92565280876154,121.73344396495703,3131817941
fw,-51.7063636779785,-80.4818801879882,-42.84349441238894,125.87999341502876,3131834608
fw,-51.3760070800781,-82.285659790039,-19.2726532535089,126.83435272220044,3131851275
fw,-51.9241027832031,-83.9033660888671,4.035754048936443,124.11136309750779,3131867942
fw,-53.1259498596191,-85.1132431030273,24.91555745320136,117.88309776161904,3131884609
fw,-54.328815460205,-85.5876770019531,41.34384986696199,108.97404959649856,3131901276
fw,-55.4970779418945,-85.2783889770507,51.92881909281993,98.68955089363014,3131917943
fw,-56.9168968200683,-84.5577774047851,56.18582363352095,88.49736008048357,3131934610
fw,-58.3475456237793,-83.7935714721679,54.568313312598114,79.62354912833521,3131951277
fw,-59.5946311950683,-83.0616073608398,48.29793428479289,72.66243490015077,3131967944
fw,-60.5887908935546,-82.2598800659179,39.06550503405134,67.31600382603361,3131984611
fw,-61.2826232910156,-81.3519210815429,28.678040834218027,62.35484116211802,3132001278
fw,-61.4247856140136,-80.4263076782226,18.730504937037924,55.83257771248593,3132017945
fw,-61.3580474853515,-79.6253662109375,10.380076392102001,45.512773274974144,3132034612
fw,-61.6062927246093,-79.0367202758789,4.277346735081915,29.410058538278058,3132051279
fw,-62.5412292480468,-78.7238311767578,0.6545933026936063,6.321406433667609,3132067946
fw,-63.224739074707,-78.7816696166992,-0.4968215492504709,-23.77453430678117,3132084613
fw,-63.1831588745117,-79.4810714721679,0.7323981137221147,-59.55006646065642,3132101280
fw,-63.0630073547363,-81.1605377197265,4.226709255731132,-98.45166321889154,3132117947
fw,-63.217227935791,-83.4739074707031,9.795074679082937,-137.10988234922317,3132134614
fw,-63.5184020996093,-86.4263153076171,17.07832617391326,-171.95800650858246,3132151281
fw,-63.9709091186523,-88.3816680908203,25.500101515999066,-199.9183237638597,3132167948
fw,-64.9688720703125,-84.9810104370117,34.31320094190391,-218.98589106249702,3132184615
fw,-66.1353454589843,-80.9735717773437,42.736912236910726,-228.55903964303275,3132201282
fw,-67.39111328125,-77.2298278808593,50.13283534493108,-229.43555452001507,3132217949
fw,-68.6043090820312,-73.8123092651367,56.14641788057611,-223.49430292438205,3132234616
fw,-69.7984313964843,-70.4826431274414,60.755772479487845,-213.17322290828386,3132251283
fw,-71.0468521118164,-67.2591247558593,64.21036249708406,-200.89611373814486,3132267950
fw,-72.3066864013671,-64.2648391723632,66.88956353033586,-188.5835897626489,3132284617
fw,-73.6498260498046,-61.5051498413085,69.14274336496007,-177.3332756767725,3132301284
fw,-75.1121292114257,-58.6325569152832,71.1746678412753,-167.30371940058245,3132317951
fw,-76.635383605957,-56.2486419677734,73.0136421128897,-157.80042115344335,3132334618
fw,-78.242805480957,-54.1450233459472,74.55985580534804,-147.53725599932636,3132351285
fw,-79.8456497192382,-51.6433563232421,75.67843906535643,-135.02233546796776,3132367952
fw,-81.4715728759765,-49.267822265625,76.28971725823685,-118.98697241485036,3132384619
fw,-83.0182418823242,-47.4740905761718,76.41915114809898,-98.74974591749597,3132401286
fw,-84.4598541259765,-47.0026512145996,76.19257565471891,-74.41575896655627,3132417953
fw,-85.8084335327148,-46.6226539611816,75.78679140200764,-46.872179094610914,3132434620
fw,-87.1408996582031,-46.2423362731933,75.36161350962338,-17.621574884047977,3132451287
fw,-88.4130401611328,-46.5017585754394,75.00177102372608,11.464904346040695,3132467954
fw,-89.0104827880859,-47.2914314270019,74.68621603289392,38.4089543765561,3132484621
fw,-88.0874633789062,-48.4102096557617,74.2855211195031,61.371738267174734,3132501288
fw,-86.7846069335937,-49.3570098876953,73.57495227121699,78.87569940861702,3132517955
fw,-85.4350357055664,-51.3714179992675,72.24775404282646,89.99122811277319,3132534622
fw,-84.0975799560546,-53.4498901367187,69.91969395761191,94.4662563403863,3132551289
fw,-82.8866653442382,-55.2351036071777,66.12723164190123,92.76177712835654,3132567956
fw,-81.8073425292968,-56.6683616638183,60.33264272971155,85.9579486888632,3132584623
fw,-80.8711624145507,-57.9262962341308,51.95547130755117,75.53283954907918,3132601290
fw,-80.1249237060546,-58.7044944763183,40.446612593431006,63.074280211687515,3132617957
fw,-79.5965957641601,-59.429702758789,25.407117102538866,50.02374132339954,3132634624
fw,-79.3283309936523,-59.792625427246,6.731156651347985,37.54070350995319,3132651291
fw,-79.4257125854492,-60.9222755432128,-15.270332777353541,26.516769350986465,3132667958
fw,-80.0232696533203,-62.2161064147949,-39.81955183275383,17.685598705970584,3132684625
fw,-81.3018188476562,-62.3560905456543,-65.73573934842278,11.714643366552197,3132701292
fw,-83.3573455810546,-61.9921913146972,-91.61225852851283,9.17895490828188,3132717959
fw,-86.2384948730468,-61.8235664367675,-116.05213679982162,10.410963385735077,3132734626
fw,-88.6237106323242,-62.0419540405273,-137.87196700606475,15.323645973042979,3132751293
fw,-86.741714477539,-62.5790901184082,-156.19757552143122,23.332441131374374,3132767960
fw,-83.6814270019531,-63.2677764892578,-170.43938192096704,33.43928112768581,3132784627
fw,-80.5836791992187,-64.1362762451171,-180.21102112144365,44.45091161074511,3132801294
fw,-77.5611953735351,-65.2557144165039,-185.28429849609,55.24652845208933,3132817961
fw,-74.3062973022461,-66.4789733886718,-185.63149789191394,65.0036814085898,3132834628
fw,-70.9852523803711,-67.7126693725586,-181.522888923194,73.31970946145918,3132851295
fw,-67.7952728271484,-68.9537963867187,-173.5850270864364,80.20797709419037,3132867962
fw,-64.9583969116211,-70.373908996582,-162.73130888190738,85.98833336187225,3132884629
fw,-62.377944946289,-71.9362106323242,-149.94904227218026,91.11660501192785,3132901296
fw,-59.9942932128906,-73.5327758789062,-136.0185177995578,96.00252705234061,3132917963
fw,-57.8830528259277,-75.1271362304687,-121.29046989130934,100.85593566585383,3132934630
fw,-56.0239295959472,-76.7725219726562,-105.6320298746082,105.58990954225585,3132951297
fw,-54.423095703125,-78.5128784179687,-88.58250226353984,109.80192382552119,3132967964
fw,-53.0954895019531,-80.2467575073242,-69.67366496058405,112.84468305673316,3132984631
fw,-51.9526329040527,-81.9402236938476,-48.79775151782379,113.98116014592068,3133001298
fw,-51.3624114990234,-83.568862915039,-26.475953592918987,112.59468861333572,3133017965
fw,-51.5258407592773,-84.9126968383789,-3.9093083122790224,108.40188386690164,3133034632
fw,-52.3800163269043,-85.7557754516601,17.22007359280379,101.60292855063528,3133051299
fw,-53.5464820861816,-85.9321060180664,35.12316411144072,92.90915462630377,3133067966
fw,-54.6375465393066,-85.5529632568359,48.31179364367766,83.41605292529262,3133084633
fw,-55.9827880859375,-84.8920135498046,55.9070308702979,74.33563486625596,3133101300
fw,-57.2858352661132,-84.244155883789,57.78189086198304,66.65142447762796,3133117967
fw,-58.6064376831054,-83.5797805786132,54.541256733257796,60.79446178459152,3133134634
fw,-60.0292167663574,-82.6881484985351,47.37414100084496,56.44294971071052,3133151301
fw,-60.9647598266601,-81.8648452758789,37.81534720573422,52.51343290690408,3133167968
fw,-61.0666465759277,-81.0564651489257,27.45771482742331,47.348938087716164,3133184635
fw,-61.0151443481445,-80.4295501708984,17.678809540457582,39.05025390095837,3133201302
fw,-61.0417137145996,-80.0711669921875,9.464890881830467,25.868893887995657,3133217969
fw,-61.7955207824707,-79.9598159790039,3.390509501302889,6.586037689661362,3133234636
fw,-62.9497299194335,-80.1787719726562,-0.2634129840113444,-19.18080651223443,3133251303
fw,-63.1331253051757,-80.8321762084961,-1.3489041079784998,-50.79198367085673,3133267970
fw,-62.9938774108886,-82.0405578613281,0.23908796501189644,-86.56603330478465,3133284637
fw,-62.9945487976074,-84.0755996704101,4.529641140306391,-123.9576002184972,3133301304
fw,-63.0018501281738,-86.7421417236328,11.357197699289609,-159.92647193701586,3133317971
fw,-63.2390975952148,-88.5053787231445,20.248676314561266,-191.43536392387637,3133334638
fw,-64.0347824096679,-85.2276763916015,30.400319654569238,-215.96446547542132,3133351305
fw,-64.9689559936523,-81.158821105957,40.77752937204989,-231.9152570416362,3133367972
fw,-66.1624984741211,-77.1877975463867,50.31093079588824,-238.80750193425592,3133384639
fw,-67.423957824707,-73.4707412719726,58.122002651253936,-237.24002204670558,3133401306
fw,-68.7978515625,-69.7297744750976,63.704858516382,-228.65651508230474,3133417973
fw,-70.2360610961914,-66.2174530029296,67.01146215963757,-214.9992734187663,3133434640
fw,-71.7046890258789,-63.036766052246,68.42140094171417,-198.33475580844737,3133451307
fw,-73.1912078857421,-60.0496025085449,68.61135940928945,-180.5122454819823,3133467974
fw,-74.6138763427734,-57.3217277526855,68.36415945929178,-162.895562797544,3133484641
fw,-76.0133819580078,-55.1038627624511,68.3676913089481,-146.19925759578635,3133501308
fw,-77.4375457763671,-53.4270439147949,69.0510846659441,-130.45879092446253,3133517975
fw,-78.8458175659179,-51.2725715637207,70.49359741140347,-115.15217407689049,3133534642
fw,-80.2374496459961,-49.1139183044433,72.42525260131005,-99.45193620189059,3133551309
fw,-81.6810989379882,-47.242317199707,74.31929421500136,-82.52962403225628,3133567976
fw,-83.2294082641601,-47.0184669494628,75.55545611309452,-63.80648129353464,3133584643
fw,-84.8066864013671,-47.0013389587402,75.61182099559012,-43.08520823092238,3133601310
fw,-86.3118820190429,-46.8003883361816,74.22872642316482,-20.583147162140413,3133617977
fw,-87.65966796875,-46.6917610168457,71.49065125082403,3.064123552963884,3133634644
fw,-88.6024017333984,-46.9421920776367,67.79561496208237,26.792857867863667,3133651311
fw,-88.7168655395507,-47.7147750854492,63.71923141108443,49.13088050439398,3133667978
fw,-88.1190414428711,-48.5637664794921,59.816882235311176,68.31901362513189,3133684645
fw,-87.3359680175781,-50.2221298217773,56.42789989413354,82.57673787259559,3133701312
fw,-86.5116577148437,-52.1969833374023,53.54336294811981,90.48223472768153,3133717979
fw,-85.5865173339843,-54.4578247070312,50.77650704213956,91.36140722743437,3133734646
fw,-84.6038436889648,-56.1650276184082,47.44033579070039,85.541175547025,3133751313
fw,-83.6509704589843,-57.80318069458,42.702219707214496,74.3493185885918,3133767980
fw,-82.8767471313476,-58.344554901123,35.76271747346205,59.83612197829335,3133784647
fw,-82.4279098510742,-58.477970123291,26.005026935586546,44.311463837886066,3133801314
fw,-82.2735061645507,-58.4598579406738,13.081753450437631,29.872330793016587,3133817981
fw,-82.405029296875,-59.2186622619628,-3.065274785620818,18.088936605433776,3133834648
fw,-82.9567260742187,-60.5443840026855,-22.233602398215876,9.917690056835434,3133851315
fw,-84.0493240356445,-60.726318359375,-44.00784707803986,5.778452940474646,3133867982
fw,-85.7597503662109,-60.3502883911132,-67.7947392187627,5.668561200947386,3133884649
fw,-87.7406005859375,-60.3112525939941,-92.8181915669521,9.231157933396432,3133901316
fw,-87.1953735351562,-60.696491241455,-118.0666006081306,15.79166636853034,3133917983
fw,-84.6992492675781,-61.328685760498,-142.2251573503059,24.425795209725187,3133934650
fw,-81.841682434082,-61.9932785034179,-163.6707152208172,34.09421246750072,3133951317
fw,-78.8701019287109,-62.6964645385742,-180.61540291022823,43.822079688615474,3133967984
fw,-75.7764129638671,-63.7779846191406,-191.42784181682404,52.870006312777704,3133984651
fw,-72.4276580810546,-64.9414520263671,-195.0555852364253,60.84565557699227,3134001318
fw,-68.8649597167968,-66.0867080688476,-191.38139698674567,67.72525493235582,3134017985
fw,-65.6921691894531,-67.2225341796875,-181.33285321137288,73.78072483545229,3134034652
fw,-63.2293357849121,-68.4701843261718,-166.65227872619434,79.43677763444353,3134051319
fw,-60.9320755004882,-69.9238128662109,-149.38603981120062,85.10315671728644,3134067986
fw,-58.930908203125,-71.4562072753906,-131.2876705128349,91.02908986135276,3134084653
fw,-57.1558036804199,-73.0325927734375,-113.37173181896249,97.21173669747701,3134101320
fw,-55.5167198181152,-74.6399841308593,-95.78574406553136,103.37146032233812,3134117987
fw,-54.0762252807617,-76.3712997436523,-78.03005738076524,108.99425916977883,3134134654
fw,-52.9737167358398,-78.262580871582,-59.41719722382964,113.43348546591969,3134151321
fw,-52.1982460021972,-80.3021926879882,-39.576714723634204,116.05195044307469,3134167988
fw,-51.8823356628418,-82.0935668945312,-18.806552605499636,116.37235301865348,3134184655
fw,-52.3151779174804,-83.4837799072265,1.8547694141974382,114.19877059846957,3134201322
fw,-53.2747116088867,-84.6090774536132,20.842107094153803,109.68131917412629,3134217989
fw,-54.0988082885742,-85.4052581787109,36.461018377753106,103.31162096179602,3134234656
fw,-55.1126594543457,-85.4990692138671,47.315870290966885,95.8439720216151,3134251323
fw,-56.6187744140625,-84.9705200195312,52.638651107282314,88.13706016450584,3134267990
fw,-57.9951286315918,-84.1932296752929,52.44814801106503,80.92235382944645,3134284657
fw,-58.9110984802246,-83.4091186523437,47.523376144597385,74.53900490206118,3134301324
fw,-59.7294921875,-82.7036437988281,39.21473430726267,68.71541117816113,3134317991
fw,-60.2039527893066,-82.0175628662109,29.15217907276245,62.49301316999319,3134334658
fw,-60.3217163085937,-81.1983489990234,18.93750456475915,54.35803604727819,3134351325
fw,-60.5003051757812,-80.3184661865234,9.909605661792279,42.57769043993391,3134367992
fw,-60.9394340515136,-79.6931915283203,3.038401231981449,25.658732653790093,3134384659
fw,-62.0326461791992,-79.4951705932617,-1.0565625288841614,2.795904640592969,3134401326
fw,-62.9511909484863,-79.8038330078125,-2.027090569436795,-25.821895351020554,3134417993
fw,-63.1087570190429,-80.8295669555664,0.2556338116367079,-58.93418722873033,3134434660
fw,-63.1339950561523,-82.6377182006836,5.675802451296234,-94.3794343510718,3134451327
fw,-63.3835754394531,-84.9111175537109,13.796038853235327,-129.46753505319245,3134467994
fw,-63.7144012451171,-87.6020812988281,23.810387126499172,-161.46086973176526,3134484661
fw,-64.3683166503906,-88.2050704956054,34.60394537479221,-188.04942435633535,3134501328
fw,-65.6070785522461,-84.8564682006836,44.93924345505117,-207.71263004496214,3134517995
fw,-67.0161056518554,-81.0843658447265,53.72166314066761,-219.8922832948921,3134534662
fw,-68.423110961914,-77.374755859375,60.252491309734246,-224.95060223975176,3134551329
fw,-69.770767211914,-73.8571853637695,64.37523101938437,-223.94368710974945,3134567996
fw,-71.084487915039,-70.3298873901367,66.45891004048481,-218.28597567156652,3134584663
fw,-72.3748397827148,-67.0270156860351,67.2260253498179,-209.39977950722763,3134601330
fw,-73.6895065307617,-63.8960037231445,67.4938671381573,-198.4321517972664,3134617997
fw,-75.1161804199218,-60.8834991455078,67.92696525754327,-186.0896270730209,3134634664
fw,-76.6260223388671,-57.9276084899902,68.88287331625817,-172.60430430296074,3134651331
fw,-78.1468734741211,-54.9667282104492,70.3858738193399,-157.8131099783368,3134667998
fw,-79.6449890136718,-53.2067489624023,72.21118124144957,-141.31398457915992,3134684665
fw,-81.1664047241211,-50.8675460815429,74.02941972459105,-122.66056652154157,3134701332
fw,-82.7676849365234,-48.8657188415527,75.55381216502505,-101.55958452426867,3134717999
fw,-84.3806533813476,-47.4812698364257,76.64273057861305,-78.03043625227346,3134734666
fw,-85.8749313354492,-46.849853515625,77.32903333597713,-52.486077057227234,3134751333
fw,-87.2872543334961,-46.9109268188476,77.7717132513276,-25.721391321333236,3134768000
fw,-88.6600265502929,-47.2331962585449,78.15181089765622,1.1596696376848907,3134784667
fw,-89.5480270385742,-47.5245094299316,78.55427031550613,26.827293647420817,3134801334
fw,-88.251235961914,-47.9582176208496,78.88017027654536,49.8000139909312,3134818001
fw,-86.7972335815429,-48.9936561584472,78.81839449397313,68.54489151469006,3134834668
fw,-85.3077316284179,-50.4633674621582,77.88170058011943,81.65796859148978,3134851335
fw,-83.8374786376953,-52.6600761413574,75.49054282944941,88.13344117603559,3134868002
fw,-82.4575119018554,-54.8044090270996,71.07526728181689,87.64795743915215,3134884669
fw,-81.2631607055664,-56.1011009216308,64.16580089280266,80.73378803113663,3134901336
fw,-80.1881103515625,-57.5601959228515,54.4475059232822,68.73872178204057,3134918003
fw,-79.3213806152343,-58.2694854736328,41.77819994932878,53.561887044519864,3134934670
fw,-78.7812347412109,-58.4739608764648,26.17708398159858,37.2583261922324,3134951337
fw,-78.5333251953125,-58.4206924438476,7.805024288900866,21.665334106022712,3134968004
fw,-78.5753402709961,-58.4643898010253,-13.046431296778247,8.190423123525408,3134984671
fw,-79.0792083740234,-59.6794395446777,-35.95234764340122,-2.187689591258511,3135001338
fw,-80.2487335205078,-60.3140144348144,-60.34740806864719,-8.780046326010705,3135018005
fw,-82.1844863891601,-59.8499908447265,-85.52650113549603,-11.068137021782738,3135034672
fw,-84.8900985717773,-59.2771301269531,-110.65100473570782,-8.728896738110436,3135051339
fw,-87.2381362915039,-58.8002243041992,-134.74533676693667,-1.79685486706568,3135068006
fw,-86.9307556152343,-58.9048652648925,-156.67964154644156,9.166336923932427,3135084673
fw,-84.4994659423828,-59.3984489440918,-175.1725855837001,23.04297516347998,3135101340
fw,-81.4645462036132,-60.2470626831054,-188.87813921687285,38.33424268890518,3135118007
fw,-78.3541259765625,-61.4726333618164,-196.59958896279585,53.48841296273548,3135134674
fw,-74.986343383789,-62.9085617065429,-197.60007408468678,67.25801592585546,3135151341
fw,-71.4022445678711,-64.3708572387695,-191.89647019017227,78.95385336070674,3135168008
fw,-67.8514633178711,-65.8072509765625,-180.3883331622186,88.51163543108655,3135184675
fw,-64.9087982177734,-67.2629623413086,-164.71642229285885,96.36259557933326,3135201342
fw,-62.4421920776367,-68.9180831909179,-146.8566533873705,103.16901210046886,3135218009
fw,-60.4835510253906,-70.7425918579101,-128.58523378150707,109.52222612471175,3135234676
fw,-58.7742500305175,-72.576675415039,-111.02770820955064,115.69749226044792,3135251343
fw,-57.1264190673828,-74.4274673461914,-94.4786386024263,121.53046389904911,3135268010
fw,-55.4770240783691,-76.4156341552734,-78.55779535514974,126.4430365166139,3135284677
fw,-53.9768333435058,-78.5327453613281,-62.6154974001999,129.6100316743805,3135301344
fw,-52.947525024414,-80.675048828125,-46.19226688302528,130.22265131328302,3135318011
fw,-52.5940055847168,-82.6838073730468,-29.32887957523821,127.77388180582312,3135334678
fw,-52.9579963684082,-84.3486175537109,-12.614280978258735,122.27708546374551,3135351345
fw,-53.7102584838867,-85.4679336547851,3.0017495753301295,114.34212823300861,3135368012
fw,-54.3347206115722,-85.8779220581054,16.49911119383877,105.07282690190941,3135384679
fw,-54.9613761901855,-85.630630493164,27.037467926444794,95.80329530816078,3135401346
fw,-55.9667892456054,-84.9864807128906,34.09466528408548,87.74101551132347,3135418013
fw,-57.0163307189941,-84.0715026855468,37.50826037530402,81.61374056110175,3135434680
fw,-58.1817245483398,-82.9759140014648,37.46949629157607,77.41560976292175,3135451347
fw,-59.4022521972656,-81.8488616943359,34.496957731843075,74.31816053712764,3135468014
fw,-60.4130706787109,-80.8319625854492,29.381623928259373,70.76929499154953,3135484681
fw,-60.9775390625,-79.8346557617187,23.086894914388008,64.76387540126142,3135501348
fw,-61.1466484069824,-78.8996353149414,16.61315924488509,54.2393685018494,3135518015
fw,-61.3347854614257,-78.1964874267578,10.870695220556916,37.526091748466506,3135534682
fw,-62.1902236938476,-77.8524475097656,6.609804210619301,13.764266604130095,3135551349
fw,-63.3414192199707,-77.9028625488281,4.416967622540551,-16.803829235752378,3135568016
fw,-63.6419067382812,-78.5419158935546,4.729471865530336,-52.74258286002424,3135584683
fw,-63.5221405029296,-80.033447265625,7.804015898595555,-91.57279512094692,3135601350
fw,-63.5149192810058,-82.327033996582,13.622386631880019,-130.15061548064023,3135618017
fw,-63.7493858337402,-85.2053146362304,21.790361124175234,-165.2051628468682,3135634684
fw,-64.264175415039,-88.1935501098632,31.51908083878293,-193.91642139547633,3135651351
fw,-65.2779541015625,-86.7297821044921,41.74397664108344,-214.39660065464136,3135668018
fw,-66.5686874389648,-82.8886795043945,51.362649918072414,-225.9589232331221,3135684685
fw,-68.0741653442382,-79.2317733764648,59.5081724436302,-229.11471068700445,3135701352
fw,-69.5743637084961,-75.7459487915039,65.75111918904967,-225.3172440010337,3135718019
fw,-71.0246124267578,-72.2640762329101,70.14994269190377,-216.54168872354646,3135734686
fw,-72.4322433471679,-68.9701690673828,73.13202439642927,-204.82477424246565,3135751353
fw,-73.873779296875,-65.9234542846679,75.25906848649075,-191.87496905476107,3135768020
fw,-75.3975601196289,-63.0130729675293,76.97686684705151,-178.82014222099403,3135784687
fw,-77.0181427001953,-60.1234169006347,78.44875827023243,-166.11218562020505,3135801354
fw,-78.6836700439453,-57.4985122680664,79.52804835005986,-153.57406042565114,3135818021
fw,-80.3523712158203,-55.7440490722656,79.86326109198052,-140.55925874494483,3135834688
fw,-82.0238571166992,-53.6126594543457,79.08114595473224,-126.1915324090583,3135851355
fw,-83.6483154296875,-51.3949508666992,76.97250293368995,-109.6468776145176,3135868022
fw,-85.1168518066406,-49.4961891174316,73.61489373175088,-90.41835304055282,3135884689
fw,-86.3990783691406,-48.6914978027343,69.39444619646477,-68.4887570886139,3135901356
fw,-87.4273986816406,-48.72407913208,64.92488839660757,-44.36523008266946,3135918023
fw,-88.215461730957,-48.8355827331543,60.89488759201155,-19.00029312053289,3135934690
fw,-88.5778350830078,-48.8702354431152,57.894500444345624,6.325338116100731,3135951357
fw,-88.1679458618164,-49.0182800292968,56.271768936553684,30.104461706264864,3135968024
fw,-87.3254852294921,-49.4939842224121,56.05352611208641,50.70866765493636,3135984691
fw,-86.3209228515625,-50.7065811157226,56.94014072322671,66.56368712762148,3136001358
fw,-85.2786865234375,-52.5008087158203,58.36239182181144,76.42991381127524,3136018025
fw,-84.2356414794921,-54.5955047607421,59.57534642326796,79.73136208100459,3136034692
fw,-83.1916198730468,-56.3553504943847,59.760624845822775,76.79592284733455,3136051359
fw,-82.1886520385742,-57.4158134460449,58.11433751260771,68.86806193701165,3136068026
fw,-81.2530212402343,-58.3955574035644,53.910459176181305,57.843895851009194,3136084693
fw,-80.4513854980468,-58.8254470825195,46.54358374176769,45.8063257386792,3136101360
fw,-79.8619308471679,-59.1465301513671,35.56540655496163,34.53103186100701,3136118027
fw,-79.478889465332,-59.0005836486816,20.730827555419815,25.148266688456182,3136134694
fw,-79.3024139404296,-59.5996780395507,2.0590334870456513,18.078547661352008,3136151361
fw,-79.5233078002929,-61.1691818237304,-20.104781960469868,13.237209469940536,3136168028
fw,-80.3432083129882,-61.6727981567382,-45.05759237680874,10.373423310948224,3136184695
fw,-81.953384399414,-61.5563621520996,-71.76334285301873,9.348953663125824,3136201362
fw,-84.4042358398437,-61.5925216674804,-98.93334541651292,10.220335115560918,3136218029
fw,-86.8086776733398,-61.5358505249023,-125.12920188340027,13.125789894916881,3136234696
fw,-87.2730102539062,-61.8214416503906,-148.8508874386716,18.09173565667717,3136251363
fw,-85.287612915039,-62.2339782714843,-168.60852355556753,24.895131300496846,3136268030
fw,-82.5194778442382,-62.8181457519531,-183.02348786609534,33.060932921800024,3136284697
fw,-79.6121749877929,-63.7096710205078,-191.0122124489198,41.9924294496395,3136301364
fw,-76.367805480957,-64.8597335815429,-192.0509307491375,51.16858927278401,3136318031
fw,-72.7887649536132,-66.1173934936523,-186.43154556938848,60.315162872295005,3136334698
fw,-69.2913589477539,-67.298828125,-175.35998630720712,69.46879879959286,3136351365
fw,-66.4576187133789,-68.4791183471679,-160.77220996907525,78.8995407343501,3136368032
fw,-64.0362777709961,-69.8922805786132,-144.85790322692742,88.91747635673543,3136384699
fw,-61.9927520751953,-71.4904327392578,-129.43572928952904,99.63602965699141,3136401366
fw,-60.1092529296875,-73.1737213134765,-115.42728984550054,110.77832964109423,3136418033
fw,-58.1413764953613,-75.0016403198242,-102.6616000173003,121.59616680175034,3136434700
fw,-56.2271690368652,-77.0040283203125,-90.10642718836182,130.9373877413335,3136451367
fw,-54.384910583496,-79.2635116577148,-76.43238019110237,137.45737947044893,3136468034
fw,-52.9040184020996,-81.6249694824218,-60.66566201312644,139.92819286862303,3136484701
fw,-52.1936302185058,-83.6501083374023,-42.653200495774236,137.5638245158973,3136501368
fw,-52.3435707092285,-84.8927459716796,-23.16659455484396,130.2673148879363,3136518035
fw,-53.1026420593261,-85.230712890625,-3.6521901877755,118.72398219034548,3136534702
fw,-53.8648376464843,-84.9494094848632,14.209605075175835,104.30856398137763,3136551369
fw,-54.3579368591308,-84.3509368896484,28.92915705215757,88.82442283155568,3136568036
fw,-55.2376365661621,-83.6779251098632,39.48656191331044,74.13462336726857,3136584703
fw,-56.6127662658691,-82.9964447021484,45.4519178326461,61.769206276901784,3136601370
fw,-58.2104873657226,-82.2680969238281,46.99664058665623,52.59561684075033,3136618037
fw,-59.7113037109375,-81.5301437377929,44.829676485406715,46.619528662827015,3136634704
fw,-60.910041809082,-80.8527755737304,40.05425476521548,42.95005321457401,3136651371
fw,-61.6043663024902,-80.2000579833984,33.94189747082301,39.93098339227996,3136668038
fw,-61.8109741210937,-79.5597686767578,27.665765801407552,35.416190886169574,3136684705
fw,-61.8026046752929,-79.0555343627929,22.08262520096036,27.14973221921837,3136701372
fw,-62.319164276123,-78.7702331542968,17.65573480879234,13.195105641045195,3136718039
fw,-63.7645721435546,-78.7680358886718,14.550877979424616,-7.655230049371776,3136734706
fw,-64.6944046020507,-79.1276779174804,12.839232616607209,-35.56525338934837,3136751373
fw,-64.6582717895507,-80.1508255004882,12.670705280419517,-69.50607419075034,3136768040
fw,-64.6461486816406,-81.9893798828125,14.302062897256338,-107.3208900267198,3136784707
fw,-64.8780288696289,-84.3982849121093,17.967077670399593,-146.01171831291524,3136801374
fw,-65.3688049316406,-87.0653533935546,23.68105920928151,-182.20161276473732,3136818041
fw,-65.9921722412109,-86.9394454956054,31.106278646457373,-212.67847860406732,3136834708
fw,-66.9866943359375,-83.2944564819336,39.560197890663446,-234.90362180257543,3136851375
fw,-68.2147903442382,-79.3068618774414,48.16717842717714,-247.37963224312253,3136868042
fw,-69.6552810668945,-75.3259963989257,56.08450960095427,-249.8155503846771,3136884709
fw,-71.1266784667968,-71.3845748901367,62.70506436188563,-243.08386641957628,3136901376
fw,-72.5437698364257,-67.4457702636718,67.75824740597857,-229.00529817098925,3136918043
fw,-74.0119857788086,-63.8864669799804,71.28391754699645,-210.0072040631642,3136934710
fw,-75.5479736328125,-60.441349029541,73.51232939336953,-188.69207494650576,3136951377
fw,-77.1161041259765,-57.410587310791,74.71719695448296,-167.35389542833857,3136968044
fw,-78.7230529785156,-56.0678901672363,75.10476147505821,-147.51322019958,3136984711
fw,-80.3237533569336,-54.4756050109863,74.76912255873302,-129.5945474798988,3137001378
fw,-81.8079223632812,-52.6988563537597,73.70753167049484,-112.88989987756752,3137018045
fw,-83.2083511352539,-50.5811424255371,71.86994814079651,-95.88334616892348,3137034712
fw,-84.5636520385742,-48.5376091003418,69.21927174477057,-76.86038856266715,3137051379
fw,-85.8484802246093,-47.5217323303222,65.78981084091016,-54.587145449392274,3137068046
fw,-87.0747756958007,-47.5484428405761,61.73637580574644,-28.81740371731089,3137084713
fw,-88.2851409912109,-47.7098541259765,57.36123568844687,-0.4824574701046329,3137101380
fw,-89.5082244873046,-47.9939537048339,53.099496752042256,28.443228974628703,3137118047
fw,-89.3999710083007,-48.8088951110839,49.445902332636116,55.319343814467736,3137134714
fw,-88.4037017822265,-49.9588394165039,46.82255768775441,77.3607754339549,3137151381
fw,-87.4849472045898,-51.5196876525878,45.41407694339631,92.21100719694192,3137168048
fw,-86.6043701171875,-53.8690452575683,45.02245461451946,98.4692484086498,3137184715
fw,-85.6482391357421,-55.9624443054199,45.003531409320914,96.05302652009168,3137201382
fw,-84.5803680419921,-57.5564460754394,44.329939943141426,86.27949768287114,3137218049
fw,-83.4848937988281,-59.2511940002441,41.78329682024432,71.6016053698747,3137234716
fw,-82.4682922363281,-59.7036209106445,36.22676271987678,55.03789950401507,3137251383
fw,-81.7903976440429,-59.6581573486328,26.872679211866117,39.45096085325814,3137268050
fw,-81.4817962646484,-59.3832168579101,13.458941442619514,26.90730400655786,3137284717
fw,-81.5318908691406,-59.2935485839843,-3.7168403352014527,18.34362175380374,3137301384
fw,-82.0501861572265,-60.6367797851562,-23.903430481774585,13.648198758909933,3137318051
fw,-83.1595230102539,-62.3157653808593,-46.0938060037797,12.07875021894944,3137334718
fw,-84.8830108642578,-62.4400672912597,-69.23980692292383,12.781330573525256,3137351385
fw,-87.1625518798828,-62.2236328125,-92.40593327353301,15.156545633082548,3137368052
fw,-89.3141479492187,-62.4708786010742,-114.80768220363765,18.951132865787354,3137384719
fw,-86.6036224365234,-62.8879280090332,-135.72927573749527,24.12598290270686,3137401386
fw,-83.4463806152343,-63.4665756225585,-154.3795588763651,30.641750353719615,3137418053
fw,-80.3696517944336,-63.867877960205,-169.79265083080642,38.28686798166056,3137434720
fw,-77.3306808471679,-64.685432434082,-180.87580813376226,46.61070333371686,3137451387
fw,-74.0487060546875,-65.8721160888671,-186.63760983267767,54.96853856200795,3137468054
fw,-70.5573196411132,-67.1395263671875,-186.52262191829254,62.64513650220617,3137484721
fw,-67.1409683227539,-68.2790603637695,-180.6931218258807,69.00130877242792,3137501388
fw,-64.1770477294921,-69.3571166992187,-170.0912380744404,73.59240038934445,3137518055
fw,-61.8306350708007,-70.5644302368164,-156.2041646988139,76.23600642720551,3137534722
fw,-59.9900093078613,-71.9439239501953,-140.60226680244207,77.03418787628057,3137551389
fw,-58.4076538085937,-73.3768539428711,-124.4450833459385,76.36104755000804,3137568056
fw,-56.757827758789,-74.7146072387695,-108.17883505162153,74.81392380421363,3137584723
fw,-55.0529518127441,-75.9390258789062,-91.56059817098054,73.11827947896424,3137601390
fw,-53.5452690124511,-77.0410690307617,-73.98747372076485,71.98769081565588,3137618057
fw,-52.266014099121,-78.0848312377929,-54.96936310417273,71.96540092733564,3137634724
fw,-51.531940460205,-79.1117706298828,-34.52998274034092,73.2945548867907,3137651391
fw,-51.5103797912597,-80.2182998657226,-13.370384673647134,75.86533212479101,3137668058
fw,-52.0065155029296,-81.4523162841796,7.249997842097878,79.26463455249853,3137684725
fw,-52.8196983337402,-82.8418502807617,25.83161337339812,82.91513017884438,3137701392
fw,-53.5535583496093,-84.1428833007812,40.9997755911684,86.25148580372975,3137718059
fw,-54.3377532958984,-85.2046661376953,51.783305415640854,88.86183333447099,3137734726
fw,-55.6382522583007,-85.8919143676757,57.75264594895091,90.5340603527902,3137751393
fw,-57.0693168640136,-85.9864425659179,59.03557252045494,91.185473951141,3137768060
fw,-58.463394165039,-85.4853820800781,56.250642982129236,90.7026521676947,3137784727
fw,-59.7011337280273,-84.6455841064453,50.38220129214361,88.7557335218805,3137801394
fw,-60.6675720214843,-83.7084197998046,42.607238676758605,84.66599401977388,3137818061
fw,-61.1164245605468,-82.7213363647461,34.09624774162195,77.39428886111104,3137834728
fw,-61.1736869812011,-81.7279434204101,25.83618254856171,65.68370804468593,3137851395
fw,-61.3676452636718,-80.8548355102539,18.53605542958421,48.34136506089167,3137868062
fw,-62.1718673706054,-80.2393188476562,12.651000261615277,24.59662797461071,3137884729
fw,-63.3376502990722,-80.1153335571289,8.49841681015248,-5.557584091651527,3137901396
fw,-63.629524230957,-80.5686492919921,6.377086590500859,-41.138761164133506,3137918063
fw,-63.5475807189941,-81.7481231689453,6.59230328552638,-80.14233136094289,3137934730
fw,-63.4732704162597,-83.6162643432617,9.355558459571283,-119.74147494733404,3137951397
fw,-63.6210899353027,-85.8853378295898,14.618764359912598,-156.7044641246279,3137968064
fw,-63.89741897583,-87.217300415039,21.95132873255114,-187.95457119698483,3137984731
fw,-64.4192886352539,-84.6941909790039,30.547130627502646,-211.14368945517424,3138001398
fw,-65.4879684448242,-80.9268417358398,39.382095812784584,-225.08522533487914,3138018065
fw,-66.7674102783203,-77.0885467529296,47.47136087443699,-229.91828022515804,3138034732
fw,-68.0328369140625,-73.6289596557617,54.1283227034431,-226.95726202522115,3138051399
fw,-69.2247161865234,-70.2005310058593,59.1240826640422,-218.28603985959418,3138068066
fw,-70.4540939331054,-66.8775634765625,62.687088758001124,-206.2307210699057,3138084733
fw,-71.734992980957,-63.7603683471679,65.35026337719076,-192.85742870789534,3138101400
fw,-73.0684509277343,-60.9639587402343,67.71364115473123,-179.60137314302375,3138118067
fw,-74.4746017456054,-57.9898223876953,70.2169843207907,-167.0771250530856,3138134734
fw,-75.9705963134765,-55.7129592895507,73.00159859293618,-155.07594241750357,3138151401
fw,-77.584976196289,-53.609146118164,75.89620060841051,-142.73086992899204,3138168068
fw,-79.2457275390625,-51.3025093078613,78.51091573865388,-128.81411327887125,3138184735
fw,-80.9046096801757,-49.175537109375,80.38790352321516,-112.10943529012202,3138201402
fw,-82.5292434692382,-47.4454231262207,81.1481875189108,-91.77523808569346,3138218069
fw,-84.0582275390625,-46.6547737121582,80.58989274905849,-67.6065731143767,3138234736
fw,-85.5246429443359,-46.4376182556152,78.72121704144448,-40.1400836723107,3138251403
fw,-86.9373321533203,-46.5006370544433,75.73742610718989,-10.6092816521688,3138268070
fw,-88.3375244140625,-46.7819938659668,71.96417744537983,19.198972979059356,3138284737
fw,-89.5965270996093,-47.3282852172851,67.78704506134414,47.14249453667928,3138301404
fw,-88.9547042846679,-48.3996543884277,63.576194482021286,70.96963086435734,3138318071
fw,-87.8398818969726,-49.8271675109863,59.607456847325686,88.62809451774483,3138334738
fw,-86.8231353759765,-51.730239868164,55.98405948746271,98.62821812881151,3138351405
fw,-85.8471145629882,-54.4198989868164,52.574075827023314,100.39308551561696,3138368072
fw,-84.8522415161132,-56.4349975585937,48.986325336100776,94.47476458299089,3138384739
fw,-83.8581619262695,-57.8293685913085,44.602492254681486,82.51685297706557,3138401406
fw,-82.9346160888671,-59.0506057739257,38.666139416544475,66.92168909851914,3138418073
fw,-82.2127838134765,-59.2424507141113,30.410510487881385,50.30585886573884,3138434740
fw,-81.8009719848632,-59.3301162719726,19.19796262423785,34.93076440887512,3138451407
fw,-81.6545181274414,-59.2042579650878,4.646856752636989,22.31595303446073,3138468074
fw,-81.8256912231445,-60.0200004577636,-13.271298060196798,13.163220751037867,3138484741
fw,-82.4638366699218,-61.5685424804687,-34.17890969399764,7.568846431562536,3138501408
fw,-83.6303482055664,-61.942325592041,-57.297271903856426,5.35716968807888,3138518075
fw,-85.4971542358398,-61.5287132263183,-81.51464146226992,6.32639358880283,3138534742
fw,-87.9662628173828,-61.3325653076171,-105.50383693473026,10.292379007121102,3138551409
fw,-88.2315444946289,-61.5234413146972,-127.8593349007926,16.972825040595676,3138568076
fw,-85.4522705078125,-62.02783203125,-147.2269024000524,25.849667878038254,3138584743
fw,-82.3276824951171,-62.5488090515136,-162.42186329019935,36.13024884421878,3138601410
fw,-79.1475982666015,-63.4062843322753,-172.55231407621503,46.84552921789043,3138618077
fw,-76.1394500732421,-64.6852493286132,-177.1562020101476,57.04649523923506,3138634744
fw,-73.0110626220703,-66.0308380126953,-176.32612430331,66.01878730464522,3138651411
fw,-69.7026290893554,-67.3038177490234,-170.75836182194453,73.43157535313235,3138668078
fw,-66.7357101440429,-68.5237197875976,-161.65459546090239,79.36584255351487,3138684745
fw,-64.1907196044921,-69.8259201049804,-150.44674357197277,84.21768686324619,3138701412
fw,-61.9593086242675,-71.3313217163086,-138.40083165112188,88.51857822848342,3138718079
fw,-59.884033203125,-72.847541809082,-126.2398994230859,92.73448710727182,3138734746
fw,-57.9002304077148,-74.3416976928711,-113.94850460495157,97.09923376046197,3138751413
fw,-56.038158416748,-75.8255310058593,-100.85688469873783,101.52051772821076,3138768080
fw,-54.3629989624023,-77.4519577026367,-85.98447135949529,105.58131676658188,3138784747
fw,-53.0364456176757,-79.1706008911132,-68.51494500046911,108.64219839230653,3138801414
fw,-52.1133460998535,-80.8396606445312,-48.22827398377338,110.0260448209731,3138818081
fw,-51.6913299560546,-82.3895950317382,-25.740188220932815,109.23983626330167,3138834748
fw,-51.9386711120605,-83.7973327636718,-2.4756380522481183,106.16976915085756,3138851415
fw,-52.7911338806152,-84.9281234741211,19.603339822211453,101.18396739195548,3138868082
fw,-53.9274101257324,-85.4346847534179,38.417505712548255,95.0929594594959,3138884749
fw,-55.2086486816406,-85.2920227050781,52.20694589175031,88.95181522901716,3138901416
fw,-56.7289009094238,-84.7617568969726,59.87205239675278,83.73631884055881,3138918083
fw,-58.1510276794433,-84.0482635498046,61.15743769760982,79.97561484866847,3138934750
fw,-59.660099029541,-83.1942749023437,56.665741407227586,77.45369075245333,3138951417
fw,-61.2025260925293,-82.2832412719726,47.7157332524597,75.08556827964414,3138968084
fw,-62.0603370666503,-81.327033996582,36.07426070994481,71.03120826156001,3138984751
fw,-62.1113929748535,-80.2970428466796,23.6151103836548,63.04469217800545,3139001418
fw,-61.9779624938964,-79.2753829956054,11.992020703197817,48.98730990403948,3139018085
fw,-62.4417762756347,-78.4752349853515,2.4260818117785856,27.380441591965926,3139034752
fw,-63.6245803833007,-78.257698059082,-4.337257821121679,-2.1449000434970964,3139051419
fw,-64.017105102539,-78.7399520874023,-7.937011497009328,-38.6215455290382,3139068086
fw,-63.7926139831543,-80.1040573120117,-8.274590340973067,-79.80334936982057,3139084753
fw,-63.6171875,-82.2623443603515,-5.451928528806709,-122.4931980373491,3139101420
fw,-63.766803741455,-84.778091430664,0.2139889283135565,-163.0650730191063,3139118087
fw,-63.8989601135253,-87.1802673339843,8.152314147722262,-198.06485453060694,3139134754
fw,-64.2311859130859,-85.7913208007812,17.54362627284991,-224.76388095975082,3139151421
fw,-65.0722198486328,-82.113052368164,27.409038122613524,-241.55310146387382,3139168088
fw,-66.152587890625,-78.1037979125976,36.776710903815875,-248.10440083572735,3139184755
fw,-67.2926330566406,-74.2567291259765,44.8768889471396,-245.28698468760837,3139201422
fw,-68.39794921875,-70.5017623901367,51.29520145976224,-234.89035277965198,3139218089
fw,-69.583625793457,-66.7761306762695,56.02625709701106,-219.2405943140739,3139234756
fw,-70.8524780273437,-63.3591384887695,59.41003446986254,-200.79071183132214,3139251423
fw,-72.164321899414,-60.324047088623,61.97944980699029,-181.73670890717636,3139268090
fw,-73.5012588500976,-57.3559761047363,64.27629827648914,-163.69070237232725,3139284757
fw,-74.9168243408203,-55.514591217041,66.69557742003389,-147.44753314157265,3139301424
fw,-76.4179534912109,-53.792236328125,69.39887439904004,-132.90168938299755,3139318091
fw,-77.9648971557617,-51.7124481201171,72.30730290436226,-119.17267416185955,3139334758
fw,-79.5165634155273,-49.538475036621,75.1578567661582,-104.94574939906632,3139351425
fw,-81.0301208496093,-47.3759803771972,77.59509910000303,-88.93957491673929,3139368092
fw,-82.6073379516601,-46.278335571289,79.27305836844074,-70.33699184092238,3139384759
fw,-84.2244338989257,-45.9617233276367,79.94983264163474,-49.02812420755587,3139401426
fw,-85.809829711914,-45.9862899780273,79.55955234515349,-25.615691206820294,3139418093
fw,-87.3779602050781,-46.0682067871093,78.24287296444378,-1.2461852754906257,3139434760
fw,-88.7123031616211,-46.4823989868164,76.31672557996895,22.621448913724425,3139451427
fw,-88.9637298583984,-47.1520614624023,74.17480556921932,44.42996512674383,3139468094
fw,-88.0561981201171,-47.787727355957,72.1329656469319,62.704730270082344,3139484761
fw,-86.9915008544921,-49.4505653381347,70.26054989497388,76.22401008420152,3139501428
fw,-85.8405151367187,-51.3065185546875,68.2562195560253,84.19117096141845,3139518095
fw,-84.6494750976562,-53.0617713928222,65.42242688296821,86.37900009931833,3139534762
fw,-83.4369125366211,-54.6020355224609,60.763851892141005,83.18486784327123,3139551429
fw,-82.2910537719726,-56.0936088562011,53.1928445704277,75.55085532147898,3139568096
fw,-81.3693084716796,-56.7994079589843,41.78756364706243,64.76181402495507,3139584763
fw,-80.8000793457031,-57.201301574707,26.031109551775533,52.19920218199877,3139601430
fw,-80.6174926757812,-57.4892997741699,5.967161081305627,39.157090836976934,3139618097
fw,-80.8824310302734,-58.7705535888671,-17.766404248457146,26.791140370389787,3139634764
fw,-81.6828002929687,-60.1971817016601,-44.03039139394358,16.177835397797676,3139651431
fw,-83.1700210571289,-60.351764678955,-71.37499733944944,8.369595111465289,3139668098
fw,-85.3103637695312,-59.8567314147949,-98.27311426321631,4.32529272137338,3139684765
fw,-88.1121826171875,-59.4463119506835,-123.32768292050619,4.697665859842408,3139701432
fw,-88.1916046142578,-59.4977111816406,-145.39423858009863,9.587528985479054,3139718099
fw,-85.0494766235351,-59.8849258422851,-163.59807130219951,18.420043769658175,3139734766
fw,-81.7494049072265,-60.519603729248,-177.28070051424433,30.033041406637782,3139751433
fw,-78.5306625366211,-61.3908195495605,-185.95076573357565,42.955739065439445,3139768100
fw,-75.2942428588867,-62.6304702758789,-189.30714796169852,55.77376764524487,3139784767
fw,-71.8436660766601,-64.0147323608398,-187.34287398502912,67.4524067328521,3139801434
fw,-68.2304077148437,-65.3831558227539,-180.46192906212778,77.51553855041952,3139818101
fw,-65.0667114257812,-66.7421340942382,-169.5016302820279,86.03449815365427,3139834768
fw,-62.4828796386718,-68.1444320678711,-155.58766157351596,93.44819052790189,3139851435
fw,-60.2241401672363,-69.8061981201171,-139.8456626629374,100.2890411512787,3139868102
fw,-58.2856178283691,-71.657600402832,-123.09150565193217,106.90905656802401,3139884769
fw,-56.4984970092773,-73.4206161499023,-105.65387339581883,113.28616337607107,3139901436
fw,-54.8135833740234,-75.1155700683593,-87.42472031633675,118.96052050742584,3139918103
fw,-53.4044494628906,-77.0136260986328,-68.12217851006766,123.11947917753497,3139934770
fw,-52.4239425659179,-79.1386032104492,-47.65021841164493,124.81797321049228,3139951437
fw,-51.8069496154785,-81.401611328125,-26.39800646161837,123.28227201286848,3139968104
fw,-51.7517890930175,-83.3751983642578,-5.35031988287141,118.20821380724718,3139984771
fw,-52.4845886230468,-84.8563537597656,14.04137903393978,109.9535567693803,3140001438
fw,-53.551658630371,-85.8722763061523,30.183230751008047,99.55140371639507,3140018105
fw,-54.7247047424316,-86.3555679321289,41.74151569961591,88.52596284745046,3140034772
fw,-56.2073669433593,-86.2535705566406,47.98469223219748,78.54833651349708,3140051439
fw,-57.473045349121,-85.8340225219726,48.96050162589697,71.01194019083229,3140068106
fw,-58.5775146484375,-85.2809219360351,45.46928422972385,66.6303642898221,3140084773
fw,-59.5676383972168,-84.5592193603515,38.859495737763304,65.16255510005377,3140101440
fw,-60.5568008422851,-83.6323471069336,30.71537168306775,65.34595148854795,3140118107
fw,-60.7454032897949,-82.6042709350586,22.524475380711998,65.06835266580129,3140134774
fw,-60.6990242004394,-81.4772415161132,15.411007131368196,61.74775631684875,3140151441
fw,-60.6694221496582,-80.4899444580078,10.006037545052184,52.83823362118613,3140168108
fw,-60.9142227172851,-79.8115005493164,6.491444453548477,36.3562898162337,3140184775
fw,-62.2374763488769,-79.5909423828125,4.790467995863452,11.328614549830041,3140201442
fw,-63.2769889831543,-79.8141632080078,4.80240817492799,-21.913999090199443,3140218109
fw,-63.1048889160156,-80.6865234375,6.545029691209433,-61.647604787180335,3140234776
fw,-62.7768859863281,-82.3201141357421,10.120695300606542,-104.90331297028645,3140251443
fw,-62.739200592041,-84.5211715698242,15.539408402734646,-147.86162582071302,3140268110
fw,-63.0830268859863,-87.3028182983398,22.52806152907691,-186.45917335779401,3140284777
fw,-63.5737075805664,-87.0240859985351,30.46034453586842,-217.11167396459652,3140301444
fw,-64.7435684204101,-82.9248733520507,38.46410759693681,-237.39532348943135,3140318111
fw,-66.0480499267578,-78.4297180175781,45.6637783075065,-246.50445972465297,3140334778
fw,-67.3523712158203,-74.4126510620117,51.44991785566258,-245.345976362249,3140351445
fw,-68.4974288940429,-70.6332397460937,55.65948957770347,-236.23524727721843,3140368112
fw,-69.6066436767578,-66.9619522094726,58.593741022347245,-222.27886382847032,3140384779
fw,-70.7805480957031,-63.7716674804687,60.87108836319732,-206.61241926285388,3140401446
fw,-72.0763320922851,-61.0859603881835,63.17736164418437,-191.68394221656462,3140418113
fw,-73.4417266845703,-58.4033851623535,66.0090169846639,-178.74801979439985,3140434780
fw,-74.87548828125,-55.560935974121,69.498030934173,-167.6812991781857,3140451447
fw,-76.4012908935546,-53.353775024414,73.37028987039719,-157.15572205412673,3140468114
fw,-78.0343551635742,-51.0579490661621,77.04101026362913,-145.12142069755328,3140484781
fw,-79.7195129394531,-48.3493309020996,79.80750935436075,-129.47278857980223,3140501448
fw,-81.4435195922851,-45.8859405517578,81.07252517534101,-108.71430366051676,3140518115
fw,-83.0374526977539,-44.6724014282226,80.52680409833208,-82.43021574011706,3140534782
fw,-84.4550476074218,-44.3610382080078,78.23857606883116,-51.424110407103264,3140551449
fw,-85.7915954589843,-44.8232078552246,74.63191573978204,-17.525151403411655,3140568116
fw,-87.1044311523437,-45.489688873291,70.37061864935313,16.811668782617993,3140584783
fw,-88.3304748535156,-46.2490844726562,66.18516099633247,48.93719937513381,3140601450
fw,-89.2307739257812,-47.2131309509277,62.684772473880024,76.35510485187498,3140618117
fw,-89.0114669799804,-48.5687255859375,60.19282963350206,96.9710137451229,3140634784
fw,-88.1391220092773,-50.4092025756835,58.63944585163438,109.29764635420175,3140651451
fw,-87.1322174072265,-53.0437088012695,57.53877631168012,112.65676479990775,3140668118
fw,-86.0253677368164,-55.6840171813964,56.06368988707938,107.34755506029347,3140684785
fw,-84.9291610717773,-57.2839546203613,53.20622914549605,94.68843269063979,3140701452
fw,-83.8471908569336,-58.8428382873535,47.98662190877046,76.84692459419932,3140718119
fw,-82.9040832519531,-59.4725875854492,39.6571317909475,56.45641375346645,3140734786
fw,-82.3030319213867,-59.5989761352539,27.846889737713273,36.125198836964714,3140751453
fw,-82.0917053222656,-59.2679710388183,12.611732099503111,18.00477092234154,3140768120
fw,-82.1897811889648,-59.6441230773925,-5.616430932655118,3.561902131303667,3140784787
fw,-82.7379379272461,-60.890037536621,-26.155039295411477,-6.4036527698658094,3140801454
fw,-83.9411315917968,-61.0968132019043,-48.224173035668876,-11.584934626979384,3140818121
fw,-85.7736282348632,-60.4154472351074,-71.07193576988993,-11.995317616417928,3140834788
fw,-88.1054534912109,-59.9099807739257,-94.02068178932417,-7.906089180453175,3140851455
fw,-87.7401580810546,-59.8304634094238,-116.40893496747866,0.12104152460582679,3140868122
fw,-85.0231094360351,-60.1933708190918,-137.45716639093018,11.206658987136976,3140884789
fw,-82.065559387207,-60.6374244689941,-156.14720238324685,24.218088988014784,3140901456
fw,-79.1598815917968,-61.2895774841308,-171.22994249346542,37.938084360624245,3140918123
fw,-76.0560836791992,-62.3358459472656,-181.4278295250772,51.285841376330175,3140934790
fw,-72.7548065185546,-63.7058029174804,-185.78919854306704,63.51375481229233,3140951457
fw,-69.2737121582031,-65.0842742919921,-184.04306510592855,74.31098020058299,3140968124
fw,-65.9818038940429,-66.3451080322265,-176.7661059243218,83.77489537701751,3140984791
fw,-63.3479843139648,-67.7432479858398,-165.24191802108012,92.25808436507359,3141001458
fw,-61.1041717529296,-69.4064102172851,-151.03881506601476,100.14496935795019,3141018125
fw,-59.1276588439941,-71.1714630126953,-135.47915916178178,107.6349978050699,3141034792
fw,-57.4113998413085,-72.9578170776367,-119.23676677428065,114.60011430866047,3141051459
fw,-55.7388458251953,-74.7472610473632,-102.24305779944677,120.55682237511517,3141068126
fw,-54.1585121154785,-76.7348403930664,-83.94059438651325,124.76338325266971,3141084793
fw,-52.8918952941894,-78.8861389160156,-63.76931507288607,126.42285458882857,3141101460
fw,-52.0463027954101,-81.0175094604492,-41.67530365670256,124.94039680821147,3141118127
fw,-51.6656875610351,-82.8236465454101,-18.42787342490724,120.15768148045953,3141134794
fw,-52.1351089477539,-84.2156219482421,4.388100836241961,112.48552342062003,3141151461
fw,-53.3690071105957,-85.2182464599609,24.706239763562813,102.88438467831222,3141168128
fw,-54.682258605957,-85.6494064331054,40.51127430561615,92.68837280133462,3141184795
fw,-56.2369499206543,-85.5497436523437,50.37096548670484,83.31216612206954,3141201462
fw,-57.674575805664,-85.1113967895507,53.78638729376289,75.90997139744009,3141218129
fw,-58.8968849182128,-84.4164428710937,51.269723718482894,71.06710174129934,3141234796
fw,-60.0643692016601,-83.5123596191406,44.165628627920874,68.59673310106342,3141251463
fw,-61.2868385314941,-82.5346298217773,34.30491882285242,67.4897092123723,3141268130
fw,-61.766242980957,-81.5638351440429,23.600885946299535,66.03267544581821,3141284797
fw,-61.6439208984375,-80.5460357666015,13.686905729693583,62.07841392187564,3141301464
fw,-61.5103073120117,-79.5891342163086,5.675890209616827,53.42625960652365,3141318131
fw,-61.5529060363769,-78.8942565917968,0.09875938861139705,38.25167462724287,3141334798
fw,-62.4922485351562,-78.6716156005859,-2.971273112743074,15.514766510180213,3141351465
fw,-63.4905776977539,-78.8376083374023,-3.6800457836097853,-14.72264383532182,3141368132
fw,-63.7851753234863,-79.3891372680664,-2.171019705273721,-51.13780959709932,3141384799
fw,-63.7302818298339,-80.6801300048828,1.500642348600586,-91.20493490670538,3141401466
fw,-63.6949157714843,-82.7727355957031,7.2892539168228865,-131.50731812734028,3141418133
fw,-63.8109321594238,-85.7154998779296,14.98905180026768,-168.28831912198362,3141434800
fw,-64.0022811889648,-88.0976181030273,24.096502044971217,-198.14556030789922,3141451467
fw,-64.7978286743164,-85.3269348144531,33.80078436812918,-218.69872773946003,3141468134
fw,-65.9278945922851,-81.4088134765625,43.12596971285106,-229.0408861179149,3141484801
fw,-67.2582168579101,-77.7093887329101,51.17188992025781,-229.84117638371512,3141501468
fw,-68.6309967041015,-74.1719589233398,57.354115645480775,-223.08021096158606,3141518135
fw,-69.9708938598632,-70.6791229248046,61.54393820177787,-211.5110508157187,3141534802
fw,-71.2884674072265,-67.4478454589843,64.05409314266099,-197.99945524878035,3141551469
fw,-72.6089706420898,-64.6444244384765,65.48279387934608,-184.89930641031853,3141568136
fw,-73.9774551391601,-62.0153045654296,66.4850070981363,-173.58834241207887,3141584803
fw,-75.3988952636718,-59.4222831726074,67.56052027365077,-164.24993478580416,3141601470
fw,-76.899673461914,-56.8442878723144,68.92878664070186,-155.94182116450506,3141618137
fw,-78.4659957885742,-54.8408279418945,70.51697137391025,-146.93730571029076,3141634804
fw,-80.0015258789062,-52.2931365966796,72.0441204230623,-135.26204228184102,3141651471
fw,-81.5246505737304,-49.7219429016113,73.15826516757683,-119.29130855829506,3141668138
fw,-83.0019073486328,-47.4871215820312,73.57829280101367,-98.23720051282568,3141684805
fw,-84.456672668457,-46.8165473937988,73.20173646150259,-72.37455953769374,3141701472
fw,-85.8583984375,-46.9761695861816,72.15410571513569,-42.95110342743525,3141718139
fw,-87.2360076904296,-47.3599700927734,70.7695681070389,-11.865465127846699,3141734806
fw,-88.5737152099609,-47.7050743103027,69.50576312058188,18.714444333765265,3141751473
fw,-89.8733367919921,-48.1906013488769,68.80825411571176,46.64645029323736,3141768140
fw,-88.8661651611328,-49.0704307556152,68.9525803741356,69.9877713573891,3141784807
fw,-87.6135330200195,-50.2976722717285,69.90146297290377,87.1143809724018,3141801474
fw,-86.3293380737304,-52.3102874755859,71.21712912072249,96.87161315434665,3141818141
fw,-85.0203552246093,-54.7202377319335,72.06068838247039,98.77588321239232,3141834808
fw,-83.6720657348632,-56.7711906433105,71.2920397634542,93.19582791555726,3141851475
fw,-82.3461380004882,-58.3923454284668,67.65838961900724,81.39552647093666,3141868142
fw,-81.0666427612304,-59.494041442871,60.03341590553842,65.36073191975949,3141884809
fw,-80.0594635009765,-59.9454650878906,47.651228124129254,47.43037451349201,3141901476
fw,-79.5003967285156,-59.7484130859375,30.278519427462566,29.857790616280777,3141918143
fw,-79.3145599365234,-59.5359802246093,8.28719359380334,14.46737367341507,3141934810
fw,-79.5911712646484,-60.6968193054199,-17.380834050887827,2.5214248416619087,3141951477
fw,-80.4120025634765,-61.741600036621,-45.33969284538037,-5.2127574290288505,3141968144
fw,-81.9102172851562,-61.542381286621,-73.94531107897602,-8.325867886790947,3141984811
fw,-84.1310806274414,-60.9337425231933,-101.5025595299199,-6.708967206291637,3142001478
fw,-86.7313385009765,-60.5225944519043,-126.45222054376738,-0.6210632919491595,3142018145
fw,-87.4790420532226,-60.7293014526367,-147.50419873722245,9.205546636126645,3142034812
fw,-85.4527435302734,-61.1247100830078,-163.71083636556222,21.558498027477523,3142051479
fw,-82.5426559448242,-61.5928382873535,-174.5095087686691,34.91506876227056,3142068146
fw,-79.3793487548828,-62.6280212402343,-179.7742789569742,47.76478632146406,3142084813
fw,-76.2985382080078,-64.1445159912109,-179.88156882570135,58.982187505783884,3142101480
fw,-73.0570755004882,-65.6619567871093,-175.73624018507854,68.11389023897065,3142118147
fw,-69.7149353027343,-66.9788970947265,-168.6718873796051,75.46112375909924,3142134814
fw,-66.9482269287109,-68.1987762451171,-160.1691981259019,81.9061822085336,3142151481
fw,-64.7174758911132,-69.4791564941406,-151.4280682419129,88.52872587548981,3142168148
fw,-62.5857696533203,-70.8467559814453,-142.9400181374583,96.14138151339725,3142184815
fw,-60.4426956176757,-72.3008728027343,-134.2651933147195,104.90577142072338,3142201482
fw,-58.1991539001464,-73.9258880615234,-124.16569439245433,114.1631273771256,3142218149
fw,-55.9751510620117,-75.7885513305664,-111.09490026314731,122.54520934129405,3142234816
fw,-53.9770050048828,-77.962646484375,-93.87168631976063,128.34328207126535,3142251483
fw,-52.565990447998,-80.3889236450195,-72.2738274858916,130.02656210007967,3142268150
fw,-51.8436622619628,-82.5525741577148,-47.314402857421,126.74294079033733,3142284817
fw,-51.9483642578125,-83.948616027832,-21.098569319592016,118.63238165687615,3142301484
fw,-52.7031135559082,-84.7926330566406,3.673085420865787,106.84797609969579,3142318151
fw,-53.8121719360351,-85.1392135620117,24.362965621887767,93.2849666059729,3142334818
fw,-54.8310012817382,-85.0380554199218,38.99409259579823,80.1122815008332,3142351485
fw,-56.1910896301269,-84.7094268798828,46.626998544111885,69.24618834622508,3142368152
fw,-57.6552581787109,-84.2792587280273,47.461245893727245,61.900519120387266,3142384819
fw,-58.8143501281738,-83.7307815551757,42.69210625935412,58.31250737848144,3142401486
fw,-59.796085357666,-83.0392303466796,34.19166472936547,57.69324739042522,3142418153
fw,-60.7073440551757,-82.185806274414,24.093506423550778,58.39560450864622,3142434820
fw,-60.8450965881347,-81.2303009033203,14.366457841635997,58.24196558474373,3142451487
fw,-60.7132453918457,-80.26904296875,6.4700062590797565,54.925744491489674,3142468154
fw,-60.5854606628418,-79.5258712768554,1.1776298001890768,46.403708351012725,3142484821
fw,-61.0283775329589,-79.1256866455078,-1.3850558101160722,31.224962675057057,3142501488
fw,-62.1476593017578,-79.0249786376953,-1.5171445436729412,8.77644019042944,3142518155
fw,-62.808494567871,-79.2105407714843,0.35311133988796034,-20.559376102381652,3142534822
fw,-62.8254318237304,-79.9129333496093,3.8916233448845245,-55.350229457499694,3142551489
fw,-62.8417015075683,-81.2143630981445,8.915922946325423,-93.20221629648177,3142568156
fw,-62.9645080566406,-83.2428665161132,15.296195892048253,-131.0323134296822,3142584823
fw,-63.1957244873046,-86.0811309814453,22.795120849386826,-165.52811949989174,3142601490
fw,-63.7756690979003,-87.9189834594726,30.96281036445944,-193.72320420397122,3142618157
fw,-64.9125289916992,-85.0232696533203,39.160529738913894,-213.54563082496165,3142634824
fw,-66.2844696044921,-81.4091339111328,46.711719856942075,-224.1789516863366,3142651491
fw,-67.6488342285156,-77.7329635620117,53.109712532629594,-226.13104773544686,3142668158
fw,-68.878921508789,-74.1887741088867,58.18107630078843,-221.00762092324584,3142684825
fw,-70.1559219360351,-70.7149810791015,62.125097680252686,-211.07556870674313,3142701492
fw,-71.4710083007812,-67.4413681030273,65.40943120817232,-198.73843342028377,3142718159
fw,-72.8328628540039,-64.5263519287109,68.56680398922039,-186.03757175029185,3142734826
fw,-74.2697830200195,-61.903522491455,71.97693452497909,-174.26804159797194,3142751493
fw,-75.7871551513671,-59.4628067016601,75.71783269383997,-163.77552840106355,3142768160
fw,-77.4003448486328,-56.7706336975097,79.53707195053873,-153.97497295560237,3142784827
fw,-79.0978775024414,-54.7278327941894,82.94467979501782,-143.5910093719921,3142801494
fw,-80.8364868164062,-52.1865882873535,85.38602120353835,-131.06567629774932,3142818161
fw,-82.6209716796875,-49.6516494750976,86.43010853030816,-115.02618299701678,3142834828
fw,-84.3164901733398,-47.9729537963867,85.91009535222928,-94.67951867807268,3142851495
fw,-85.9159164428711,-47.5234031677246,83.9738354127075,-70.02727733671531,3142868162
fw,-87.4360885620117,-47.3129425048828,81.03450034786651,-41.87544799866399,3142884829
fw,-88.8497085571289,-47.3196067810058,77.64318739128299,-11.702248077969116,3142901496
fw,-90.0,-47.4382514953613,74.32644707274859,18.52567073772499,3142918163
fw,-88.5295333862304,-47.84175491333,71.43611250391609,46.54769810936526,3142934830
fw,-87.1892395019531,-48.809326171875,69.04844408715361,70.0421602861549,3142951497
fw,-85.8606185913086,-50.266300201416,66.93095585501827,86.94220211682364,3142968164
fw,-84.5578842163086,-52.734073638916,64.57582998201278,95.82253773252287,3142984831
fw,-83.347427368164,-55.3829345703125,61.28453959070272,96.25420125235941,3143001498
fw,-82.2881317138671,-57.0328292846679,56.28244555274951,88.97195172354134,3143018165
fw,-81.372200012207,-57.613842010498,48.84392270713577,75.74259468836782,3143034832
fw,-80.5347747802734,-58.5157051086425,38.41273004152651,58.953550525198054,3143051499
fw,-79.9554672241211,-58.9678382873535,24.702852485637944,41.075878636906545,3143068166
fw,-79.7232971191406,-59.0114707946777,7.761854196470407,24.20494439404969,3143084833
fw,-79.8378295898437,-58.9524497985839,-12.0212612899483,9.825873422941688,3143101500
fw,-80.3548583984375,-60.1414337158203,-33.97266936530887,-1.1656423726436738,3143118167
fw,-81.4415435791015,-60.7513313293457,-57.246419433067516,-8.27719590550836,3143134834
fw,-83.2178573608398,-60.2605247497558,-80.96326004101267,-11.227279652432626,3143151501
fw,-85.6798095703125,-59.8368759155273,-104.32576363872195,-9.877767508770061,3143168168
fw,-88.3546829223632,-59.6386451721191,-126.65434982727528,-4.311267976167898,3143184835
fw,-87.2097930908203,-59.5254211425781,-147.31576437421458,5.036052817378573,3143201502
fw,-84.2914733886718,-59.8919143676757,-165.5791791792582,17.306767330393374,3143218169
fw,-81.3035812377929,-60.5856170654296,-180.503570119767,31.292030310583577,3143234836
fw,-78.197525024414,-61.4230804443359,-190.97638196458647,45.63376127962844,3143251503
fw,-74.862922668457,-62.6248970031738,-195.95435066062922,59.092535319984854,3143268170
fw,-71.1516342163086,-64.0162734985351,-194.8327496799447,70.79017503282583,3143284837
fw,-67.375244140625,-65.4607925415039,-187.76652507930194,80.34911772169417,3143301504
fw,-64.2884063720703,-66.8425216674804,-175.75549590316874,87.8900026365538,3143318171
fw,-61.8298034667968,-68.3382263183593,-160.4040873034291,93.8983123798517,3143334838
fw,-59.752758026123,-70.0054550170898,-143.42806222762894,99.01129978939797,3143351505
fw,-58.0796928405761,-71.7723617553711,-126.11779401510007,103.79238010259058,3143368172
fw,-56.3539352416992,-73.5212173461914,-109.00013063815382,108.5507222008588,3143384839
fw,-54.6396179199218,-75.2764739990234,-91.84962303710513,113.2424423345883,3143401506
fw,-53.1004905700683,-77.197998046875,-74.03532295803276,117.46955915538248,3143418173
fw,-51.7150840759277,-79.1561431884765,-55.03611891435821,120.57527201160947,3143434840
fw,-50.9083824157714,-81.1227264404296,-34.88717416110501,121.81545184733613,3143451507
fw,-51.0103378295898,-82.8919601440429,-14.361332204506873,120.56821708076362,3143468174
fw,-51.8879508972168,-84.3631973266601,5.178728082203409,116.53249457247023,3143484841
fw,-53.0431480407714,-85.4306564331054,22.16518015366387,109.86545733782575,3143501508
fw,-53.8471870422363,-85.8233642578125,35.25915670182965,101.21577604364788,3143518175
fw,-54.8060493469238,-85.5051651000976,43.66485128099497,91.62461389508996,3143534842
fw,-56.1013450622558,-84.8240356445312,47.25423080374786,82.29362267643278,3143551509
fw,-57.2125587463378,-84.0813293457031,46.52807766498011,74.25962146874082,3143568176
fw,-58.4980430603027,-83.2910614013671,42.47144112496604,68.05698074820869,3143584843
fw,-59.4776496887207,-82.4863739013671,36.34656869489884,63.46965490895999,3143601510
fw,-60.1399993896484,-81.6549224853515,29.452308221183554,59.46008335772437,3143618177
fw,-60.2683601379394,-80.7552871704101,22.889722832514856,54.314124467875885,3143634844
fw,-60.2187118530273,-79.868667602539,17.395402854106184,45.97813336734076,3143651511
fw,-60.5007591247558,-79.1807327270507,13.304651327124006,32.51028525631351,3143668178
fw,-61.8083839416503,-78.9032440185546,10.663001282079144,12.541451526743204,3143684845
fw,-62.9770011901855,-79.0458984375,9.42744737103851,-14.354459388577983,3143701512
fw,-63.157974243164,-79.6827545166015,9.639941298893747,-47.4549478372548,3143718179
fw,-63.2218284606933,-80.9862747192382,11.469315488087299,-84.89032768068179,3143734846
fw,-63.3212623596191,-82.8819732666015,15.102554782562018,-123.86332352864859,3143751513
fw,-63.5216217041015,-85.2805099487304,20.559813534978566,-161.06474394530673,3143768180
fw,-63.8547134399414,-87.4099578857421,27.54772695249631,-193.22167285540007,3143784847
fw,-64.7733001708984,-85.5534896850586,35.43945262888738,-217.66998251451335,3143801514
fw,-66.0146789550781,-81.8323516845703,43.40266549387729,-232.81602110853686,3143818181
fw,-67.3375549316406,-77.9334869384765,50.623698830935616,-238.36863669218022,3143834848
fw,-68.5708923339843,-74.2072830200195,56.530747966600785,-235.28753407367972,3143851515
fw,-69.8155822753906,-70.5144348144531,60.92261172259361,-225.47901886870343,3143868182
fw,-71.126350402832,-67.0506973266601,63.95727997367567,-211.33338794052753,3143884849
fw,-72.4478683471679,-63.9666290283203,66.01903538725395,-195.21817705292582,3143901516
fw,-73.7909088134765,-61.1309242248535,67.53166906645932,-179.0282655870678,3143918183
fw,-75.2484512329101,-58.2857627868652,68.79965621624189,-163.869364649072,3143934850
fw,-76.7763442993164,-56.4018325805664,69.93659384169881,-149.9279169711467,3143951517
fw,-78.3855819702148,-54.2779998779296,70.89384743688099,-136.55585764936248,3143968184
fw,-80.023193359375,-51.8931579589843,71.55554994672234,-122.56101848200596,3143984851
fw,-81.5237426757812,-49.6018753051757,71.84178206192128,-106.63511110646901,3144001518
fw,-82.8674697875976,-47.8146858215332,71.7694430248983,-87.79224362701437,3144018185
fw,-84.1457595825195,-47.1825103759765,71.4512047044978,-65.68070314955234,3144034852
fw,-85.4490814208984,-47.0554695129394,71.0464083710098,-40.694393477602866,3144051519
fw,-86.7885665893554,-46.9908638000488,70.69478647832479,-13.90687202534108,3144068186
fw,-88.0746154785156,-47.064769744873,70.45943644230833,13.093893007070596,3144084853
fw,-88.9599533081054,-47.5486373901367,70.29013649283297,38.410040802870306,3144101520
fw,-88.5972366333007,-48.5221405029296,70.00680553487685,60.070118557418404,3144118187
fw,-87.5336761474609,-49.5360717773437,69.30157004787165,76.31461777909041,3144134854
fw,-86.3433380126953,-51.6581649780273,67.76092395942203,85.9203620676534,3144151521
fw,-85.1209869384765,-53.8466720581054,64.90889924737876,88.49482507925244,3144168188
fw,-83.9443359375,-55.4289245605468,60.26666872640009,84.62798975015635,3144184855
fw,-82.8950500488281,-56.8643379211425,53.41814275945588,75.80388526849168,3144201522
fw,-81.9624710083007,-57.98237991333,44.0686913199414,64.0561230387731,3144218189
fw,-81.2921600341796,-58.3312644958496,32.085368987766365,51.462985439857505,3144234856
fw,-80.9718246459961,-58.3941650390625,17.511295637585214,39.65902619710054,3144251523
fw,-80.9363327026367,-58.3306427001953,0.5536624217249833,29.550099676277696,3144268190
fw,-81.2156600952148,-59.3828544616699,-18.448410218364035,21.341841114252478,3144284857
fw,-81.9784317016601,-61.0870399475097,-39.06638366273341,14.84579614885781,3144301524
fw,-83.3999938964843,-61.5586433410644,-60.82318332769316,9.882778732586619,3144318191
fw,-85.4290695190429,-61.1472358703613,-83.21485277232814,6.558687792185621,3144334858
fw,-87.6889572143554,-61.1516418457031,-105.69034160179892,5.284653125756183,3144351525
fw,-87.4893112182617,-61.1453514099121,-127.57780864809693,6.576403853444994,3144368192
fw,-84.8404922485351,-61.3146514892578,-147.98271816712523,10.775337732725665,3144384859
fw,-81.9029922485351,-61.5492935180664,-165.72920003713563,17.8355303221632,3144401526
fw,-79.0524749755859,-61.9413261413574,-179.43247827383956,27.25766010988445,3144418193
fw,-76.0580596923828,-62.6912803649902,-187.74694501729675,38.180207592800535,3144434860
fw,-72.8004608154296,-63.7169914245605,-189.74165935440715,49.58531077193625,3144451527
fw,-69.3202896118164,-64.9344024658203,-185.26145261504794,60.545198001530785,3144468194
fw,-66.0605392456054,-66.1218185424804,-175.09625535604417,70.42864490743712,3144484861
fw,-63.3939018249511,-67.4125595092773,-160.83773958959608,79.00715215666638,3144501528
fw,-61.0901412963867,-68.9813156127929,-144.43542979285243,86.43772328769785,3144518195
fw,-59.1970329284668,-70.6227645874023,-127.6096815907255,93.13509343688848,3144534862
fw,-57.4619636535644,-72.2323379516601,-111.35765847009029,99.57036581372081,3144551529
fw,-55.7309036254882,-73.7154769897461,-95.7564489264068,106.04875992001563,3144568196
fw,-54.1368560791015,-75.3550415039062,-80.1404320240918,112.5308306653686,3144584863
fw,-52.8837738037109,-77.1798324584961,-63.57064223630773,118.56086632892057,3144601530
fw,-51.822036743164,-79.082649230957,-45.396004651207676,123.34117766709892,3144618197
fw,-51.2600631713867,-80.9076538085937,-25.678630501407593,125.94447934608067,3144634864
fw,-51.534912109375,-82.7098388671875,-5.324003775202984,125.6074196819541,3144651531
fw,-52.495018005371,-84.3168029785156,14.111569939399883,122.01488111685556,3144668198
fw,-53.4096717834472,-85.221435546875,30.831568003193063,115.47565824857884,3144684865
fw,-54.2789726257324,-85.1986999511718,43.25722268208591,106.91082768627712,3144701532
fw,-55.5693893432617,-84.6369934082031,50.388547329951244,97.6298255913049,3144718199
fw,-57.0210189819335,-83.8875274658203,52.00115867548559,88.94480352788851,3144734866
fw,-58.5588340759277,-83.0238571166992,48.67200834309516,81.74013070041067,3144751533
fw,-59.9279861450195,-82.0363235473632,41.64698367313229,76.13706987845738,3144768200
fw,-60.8402709960937,-81.0120468139648,32.57175464475654,71.36217622757299,3144784867
fw,-60.8754692077636,-79.9772262573242,23.135949295849795,65.86018022895405,3144801534
fw,-60.6452522277832,-78.927001953125,14.725056579315165,57.62024194778311,3144818201
fw,-60.5798645019531,-78.0564498901367,8.197181234536531,44.63312494689195,3144834868
fw,-61.2693176269531,-77.5952377319336,3.864852679418975,25.37455866004595,3144851535
fw,-62.2711563110351,-77.4720153808593,1.6668849226130966,-0.7866390691034224,3144868202
fw,-62.5418624877929,-77.7613983154296,1.4180799295594158,-33.33761331323546,3144884869
fw,-62.6264343261718,-78.7027740478515,2.995672442085674,-70.58300997098938,3144901536
fw,-62.7836608886718,-80.3896713256836,6.3790764094405,-109.84219328107632,3144918203
fw,-63.0832862854003,-82.8443756103515,11.55472890091947,-147.86254976930186,3144934870
fw,-63.2721405029296,-85.749641418457,18.36718828323495,-181.37576387680755,3144951537
fw,-63.7312393188476,-87.2803421020507,26.414132480533933,-207.67488411763333,3144968204
fw,-64.632209777832,-84.7162857055664,35.053758658889784,-225.07125005867806,3144984871
fw,-65.8427810668945,-81.0925216674804,43.53592853564498,-233.12046928648195,3145001538
fw,-67.1279067993164,-77.4203033447265,51.20584342752405,-232.57857795968,3145018205
fw,-68.3916778564453,-73.7274169921875,57.68974748683584,-225.1294507288489,3145034872
fw,-69.7173767089843,-70.1548309326171,62.977676228739206,-212.9744682497038,3145051539
fw,-71.1273803710937,-66.9646759033203,67.36636266477649,-198.3819813862046,3145068206
fw,-72.5502090454101,-63.9565048217773,71.29000212293471,-183.27413307469448,3145084873
fw,-74.0499649047851,-61.160301208496,75.11441287449189,-168.90711212550815,3145101540
fw,-75.647720336914,-58.6037483215332,78.97955276203757,-155.68852501248614,3145118207
fw,-77.3251342773437,-56.4825973510742,82.74590194715287,-143.16774952519134,3145134874
fw,-79.0987243652343,-54.5813827514648,86.05075817608983,-130.2211043721925,3145151541
fw,-80.9094543457031,-52.4031295776367,88.43751080563024,-115.42004586740713,3145168208
fw,-82.6529998779296,-50.2398796081543,89.50317953301376,-97.51150519742137,3145184875
fw,-84.3925552368164,-48.5772895812988,89.01841992033081,-75.87710552151992,3145201542
fw,-86.156509399414,-48.0646095275878,86.99615186872407,-50.820773519412896,3145218209
fw,-87.866226196289,-48.0362434387207,83.7027529179137,-23.592390007390865,3145234876
fw,-89.41650390625,-48.0989799499511,79.61218574930282,3.841180814245508,3145251543
fw,-89.0188217163086,-48.5756111145019,75.30544306494109,29.184845016809586,3145268210
fw,-87.7096252441406,-49.6908493041992,71.32612758352819,50.25013854207267,3145284877
fw,-86.5160369873046,-50.709861755371,68.01931029491317,65.34366352806049,3145301544
fw,-85.3767013549804,-52.4966392517089,65.39554531783413,73.54354100112171,3145318211
fw,-84.1817016601562,-54.0868682861328,63.063750898726106,74.81989159309103,3145334878
fw,-82.9825057983398,-54.9720458984375,60.26115536975275,69.98239293827027,3145351545
fw,-81.8294448852539,-55.8646697998046,55.98080731493727,60.47749004717761,3145368212
fw,-80.7900848388671,-57.0711250305175,49.16897071953499,48.09655394040749,3145384879
fw,-80.0050735473632,-57.6427116394043,38.94712490371552,34.6706903622898,3145401546
fw,-79.4870223999023,-57.9126968383789,24.81007020606008,21.81525529115957,3145418213
fw,-79.2361068725586,-57.6467018127441,6.75878808271602,10.769352343555868,3145434880
fw,-79.3728103637695,-57.7757530212402,-14.661892379529203,2.3600812267686084,3145451547
fw,-80.0147552490234,-58.8572311401367,-38.43629112327232,-2.9140920808389703,3145468214
fw,-81.2285079956054,-59.2864303588867,-63.254774553583786,-4.747745773734532,3145484881
fw,-83.2177124023437,-58.928352355957,-87.75530283668823,-2.9477327259749146,3145501548
fw,-85.8244400024414,-58.6414222717285,-110.75703251926927,2.52293681780426,3145518215
fw,-87.7580795288086,-58.535472869873,-131.4016409638596,11.407785487759897,3145534882
fw,-86.5519638061523,-58.9365081787109,-149.15021228714232,23.038687032669667,3145551549
fw,-83.9625244140625,-59.6012840270996,-163.6567737680792,36.346190961837614,3145568216
fw,-81.0076065063476,-60.5294036865234,-174.61197759203264,50.034013121995365,3145584883
fw,-78.1439056396484,-61.824535369873,-181.66720620079866,62.868189227838705,3145601550
fw,-75.1161499023437,-63.3382492065429,-184.49333542477393,73.97891315416614,3145618217
fw,-71.8380279541015,-64.9650421142578,-182.93716330519212,83.0653087826932,3145634884
fw,-68.4964065551757,-66.5343627929687,-177.1712792584809,90.42525159842278,3145651551
fw,-65.628662109375,-68.0473022460937,-167.72969434018216,96.79205369307928,3145668218
fw,-63.0743064880371,-69.6206283569336,-155.38426321990588,103.02746530822628,3145684885
fw,-60.7827644348144,-71.3722763061523,-140.91025141713476,109.77041005866181,3145701552
fw,-58.7685317993164,-73.2326965332031,-124.85749858491701,117.15434977727473,3145718219
fw,-56.9650726318359,-75.122688293457,-107.44652163724174,124.68237413365136,3145734886
fw,-55.3307991027832,-77.180435180664,-88.64843576293008,131.30210206382702,3145751553
fw,-53.979190826416,-79.4359970092773,-68.41936077960128,135.66747849572005,3145768220
fw,-53.0526847839355,-81.8465270996093,-46.98686045503795,136.52101479799907,3145784887
fw,-52.4902076721191,-84.0497512817382,-25.058091216859186,133.08833348789102,3145801554
fw,-52.492561340332,-85.6178665161132,-3.846365195290063,125.36352761580416,3145818221
fw,-53.1534042358398,-86.3734512329101,15.115755100352404,114.19133263185834,3145834888
fw,-54.3932876586914,-86.3314208984375,30.319818048270687,101.11361789979186,3145851555
fw,-55.6739807128906,-85.7558288574218,40.65643798070438,88.01780297768819,3145868222
fw,-56.9993286132812,-84.9943008422851,45.6860805841535,76.67793114225137,3145884889
fw,-58.1298027038574,-84.2188720703125,45.7226063543025,68.30400546532975,3145901556
fw,-59.1408004760742,-83.3886795043945,41.72773398719485,63.21125456140617,3145918223
fw,-60.1111106872558,-82.4476852416992,35.07463823070224,60.69022620957963,3145934890
fw,-60.955997467041,-81.5095138549804,27.256102849674647,59.10747631817986,3145951557
fw,-61.1351585388183,-80.531265258789,19.604203338177445,56.21035788751379,3145968224
fw,-61.0044288635253,-79.6078262329101,13.080744295636935,49.566182261802,3145984891
fw,-61.0783309936523,-78.9239044189453,8.192047686526982,37.04624056655412,3146001558
fw,-61.9188003540039,-78.5885009765625,5.054263492029894,17.267683195761457,3146018225
fw,-62.9443664550781,-78.599739074707,3.5739124231461057,-10.078246339424618,3146034892
fw,-63.2385902404785,-79.0688095092773,3.644937246718203,-44.06559563825925,3146051559
fw,-63.2251205444335,-80.3084335327148,5.253441961331866,-82.5786707007992,3146068226
fw,-63.2466316223144,-82.3668365478515,8.442631448118766,-122.57777513407962,3146084893
fw,-63.4129524230957,-85.100112915039,13.179495032868742,-160.5614417640285,3146101560
fw,-63.6322555541992,-88.0909423828125,19.21973043849761,-193.14906211805302,3146118227
fw,-64.2726593017578,-86.7172393798828,26.061906056549166,-217.66392517174808,3146134894
fw,-65.2356872558593,-82.8344497680664,33.03043651567933,-232.58347511908912,3146151561
fw,-66.4017486572265,-78.8358688354492,39.46035768839088,-237.75224097192,3146168228
fw,-67.5875473022461,-74.9453201293945,44.90534578914147,-234.31517425178336,3146184895
fw,-68.7206344604492,-71.2056655883789,49.276142185539946,-224.39955642321829,3146201562
fw,-69.8010711669921,-67.7085800170898,52.84566932922969,-210.6254142350463,3146218229
fw,-70.9054489135742,-64.7361679077148,56.11554364060208,-195.54827014492602,3146234896
fw,-72.126968383789,-62.0018768310546,59.59823986950948,-181.14258437435169,3146251563
fw,-73.3566436767578,-59.2929534912109,63.602330246805764,-168.42749384406727,3146268230
fw,-74.7305068969726,-56.7754096984863,68.10255610519077,-157.31551505694753,3146284897
fw,-76.2781524658203,-54.8848342895507,72.73863551042652,-146.725467724498,3146301564
fw,-77.9720306396484,-52.4664802551269,76.9353987991614,-134.945855521778,3146318231
fw,-79.6259384155273,-50.0738945007324,80.09345166958141,-120.16976691744553,3146334898
fw,-81.2932205200195,-47.9291610717773,81.78037773246518,-101.05984798490582,3146351565
fw,-82.8942260742187,-46.8140754699707,81.8615847325069,-77.17558298197558,3146368232
fw,-84.4038848876953,-46.4989852905273,80.53752166223077,-49.13991887510964,3146384899
fw,-85.8879623413086,-46.7401580810546,78.2846869376682,-18.527436318997076,3146401566
fw,-87.3121948242187,-47.1028900146484,75.72082354969598,12.442018447459263,3146418233
fw,-88.4967575073242,-47.6794548034668,73.42773643705614,41.28416729411914,3146434900
fw,-89.042236328125,-48.7274856567382,71.77189162867838,65.61988946807656,3146451567
fw,-88.4395294189453,-49.8204307556152,70.76642302248987,83.50369026107194,3146468234
fw,-87.3461303710937,-52.0584373474121,70.01543121663313,93.70521514001972,3146484901
fw,-86.075698852539,-54.28609085083,68.7658644249826,95.91642094654887,3146501568
fw,-84.7196960449218,-55.8672561645507,66.06249690172393,90.82230176972368,3146518235
fw,-83.3610916137695,-57.5293388366699,60.966644543090204,79.97467059450489,3146534902
fw,-82.1346130371093,-58.5315132141113,52.7743989088802,65.4667460524402,3146551569
fw,-81.281379699707,-58.9682426452636,41.16811961468121,49.491896490585965,3146568236
fw,-80.8295669555664,-59.057502746582,26.259398835388314,33.93169044504963,3146584903
fw,-80.7234802246093,-59.0312004089355,8.523115121090497,20.118712360866382,3146601570
fw,-80.9387435913086,-60.1060752868652,-11.33990210049905,8.845423657884469,3146618237
fw,-81.5369873046875,-61.3785934448242,-32.55793703089505,0.5642511028040922,3146634904
fw,-82.6708068847656,-61.2568855285644,-54.414902337618955,-4.383414494160526,3146651571
fw,-84.5571670532226,-60.7180519104003,-76.31872073768568,-5.676141218811331,3146668238
fw,-86.9612731933593,-60.3117599487304,-97.7950339668388,-3.1120565481924074,3146684905
fw,-87.6080474853515,-60.3120460510253,-118.40341252495166,3.192271441643766,3146701572
fw,-85.4565353393554,-60.6194610595703,-137.6027862087875,12.657720437002073,3146718239
fw,-82.7271347045898,-60.989444732666,-154.6359342361858,24.261056613230817,3146734906
fw,-79.8351364135742,-61.69331741333,-168.52476512478214,36.7279491338454,3146751573
fw,-76.933349609375,-62.8000602722168,-178.23091922805224,48.8333791687574,3146768240
fw,-73.8351211547851,-64.1215896606445,-182.94570028525618,59.70386821389691,3146784907
fw,-70.5582504272461,-65.3987121582031,-182.38382277121406,69.01632190189511,3146801574
fw,-67.4438400268554,-66.630386352539,-176.92744753023263,77.02343823918295,3146818241
fw,-64.8345336914062,-67.9409713745117,-167.5253492992075,84.39607657127729,3146834908
fw,-62.5269889831543,-69.448616027832,-155.37203101177158,91.93468141950021,3146851575
fw,-60.4019508361816,-71.1460418701171,-141.50814536439418,100.23859400756632,3146868242
fw,-58.3704681396484,-72.7870330810546,-126.52628264986028,109.42630874601541,3146884909
fw,-56.4325904846191,-74.4096908569336,-110.50899659901476,118.98357734757748,3146901576
fw,-54.7748069763183,-76.2476348876953,-93.20804902564035,127.79162536466262,3146918243
fw,-53.61181640625,-78.3771057128906,-74.36685433464783,134.35170122783978,3146934910
fw,-52.807373046875,-80.8281707763671,-54.04256888930383,137.1674745767632,3146951577
fw,-52.3536109924316,-83.0187149047851,-32.8042094571751,135.18435513601705,3146968244
fw,-52.5009002685546,-84.517707824707,-11.74168699088125,128.14706848353447,3146984911
fw,-53.250633239746,-85.2966384887695,7.710053470600048,116.7524482437467,3147001578
fw,-54.2762336730957,-85.3790817260742,24.066225990651173,102.54032700029987,3147018245
fw,-55.4733810424804,-84.9244155883789,36.10640277514075,87.54840324470202,3147034912
fw,-56.9018058776855,-84.3053588867187,43.114208981515866,73.82222222812261,3147051579
fw,-58.1852684020996,-83.6830749511718,44.990682725104314,62.903968121810045,3147068246
fw,-59.5662117004394,-83.0158462524414,42.237770935296886,55.424391918374084,3147084913
fw,-60.8336524963378,-82.3207473754882,35.83811473875906,50.89563340792928,3147101580
fw,-61.6335792541503,-81.6282043457031,27.066302409040706,47.75593916738876,3147118247
fw,-61.8366050720214,-80.8958358764648,17.27210374078635,43.661541347064116,3147134914
fw,-61.7183151245117,-80.1719284057617,7.688717813669226,35.968511713264874,3147151581
fw,-61.7042922973632,-79.6633605957031,-0.6767513838795758,22.30799358067521,3147168248
fw,-62.4860496520996,-79.5545272827148,-7.044487458706027,1.138932652602668,3147184915
fw,-63.248966217041,-79.8215026855468,-10.793538696596846,-27.833845936702048,3147201582
fw,-63.0220947265625,-80.5507583618164,-11.414825903722669,-63.4658174701938,3147218249
fw,-62.3838539123535,-82.0423889160156,-8.562265152542343,-103.25838511311672,3147234916
fw,-62.0241889953613,-84.2865295410156,-2.195918193531757,-143.73329069489728,3147251583
fw,-61.9885711669921,-87.0491256713867,7.274404546062345,-181.04308138066148,3147268250
fw,-62.3621482849121,-86.6218872070312,18.953489579562,-211.69240525173552,3147284917
fw,-63.3689041137695,-82.7176742553711,31.582741837303324,-233.19029299735652,3147301584
fw,-64.6689910888671,-78.7224044799804,43.78815406793362,-244.45676913128793,3147318251
fw,-66.0306549072265,-74.8907623291015,54.37029988050632,-245.88545422092935,3147334918
fw,-67.3788833618164,-71.1803207397461,62.54483769775459,-239.0834836249011,3147351585
fw,-68.7692947387695,-67.3441085815429,68.06786638471571,-226.4031925977579,3147368252
fw,-70.2056274414062,-63.7313537597656,71.22222088782985,-210.40205437048016,3147384919
fw,-71.7340850830078,-60.6694641113281,72.68207570749117,-193.33388516926667,3147401586
fw,-73.2858200073242,-57.7728157043457,73.30146615645836,-176.73610328542193,3147418253
fw,-74.8315124511718,-55.2334365844726,73.88302838110603,-161.16697188915828,3147434920
fw,-76.391242980957,-53.6587753295898,74.98048208374776,-146.15363259145488,3147451587
fw,-77.9317245483398,-51.5537719726562,76.77856573688214,-130.4027127968245,3147468254
fw,-79.4863662719726,-49.2447509765625,79.07916081274044,-112.27011765174657,3147484921
fw,-81.1974792480468,-46.9880180358886,81.39909485235786,-90.38537029760742,3147501588
fw,-83.1044845581054,-45.4721069335937,83.15230782481231,-64.23018381441571,3147518255
fw,-84.9150466918945,-45.3140182495117,83.8557651223476,-34.459065544082584,3147534922
fw,-86.4944076538086,-45.7991600036621,83.28408735251142,-2.852197958020765,3147551589
fw,-87.9865646362304,-46.698932647705,81.51704768273474,28.051812005585134,3147568256
fw,-89.3492813110351,-47.6109199523925,78.86944094361216,55.484996289715816,3147584923
fw,-88.909439086914,-48.7812957763671,75.73824283725062,76.9737941113274,3147601590
fw,-87.6761169433593,-49.9530029296875,72.42608669688013,90.75481549098207,3147618257
fw,-86.5337219238281,-52.2302818298339,69.00058015577203,96.04498631921136,3147634924
fw,-85.3869705200195,-54.8060188293457,65.23363015579885,93.14770478515838,3147651591
fw,-84.1762390136718,-55.9483451843261,60.63877504358222,83.36756506270726,3147668258
fw,-82.9837417602539,-56.6140708923339,54.59144940663169,68.72516028089917,3147684925
fw,-81.9097824096679,-57.6008987426757,46.48762310637012,51.53216286317205,3147701592
fw,-81.1580734252929,-58.1897010803222,35.885205693935646,33.95471515819652,3147718259
fw,-80.7925262451171,-58.4708099365234,22.587328209770796,17.697786785309077,3147734926
fw,-80.8031616210937,-58.2089767456054,6.658485373168919,3.8858275560123543,3147751593
fw,-80.9998550415039,-58.1826820373535,-11.606840873030409,-6.859482654142789,3147768260
fw,-81.4456787109375,-59.2038612365722,-31.73508129096622,-14.211244486486926,3147784927
fw,-82.4343948364257,-59.4328918457031,-53.12688290895909,-17.920784632727933,3147801594
fw,-84.1029968261718,-58.6349945068359,-75.10756887531565,-17.72502201418245,3147818261
fw,-86.4375076293945,-58.0882034301757,-96.96686522628823,-13.439643360499986,3147834928
fw,-87.7919387817382,-57.6240119934082,-117.9701632090591,-5.174745662396025,3147851595
fw,-85.8898239135742,-57.8001632690429,-137.33124526526984,6.477877930572123,3147868262
fw,-83.1703948974609,-58.2979125976562,-154.17247797566645,20.420902826514656,3147884929
fw,-80.2610626220703,-59.0663146972656,-167.53672186257467,35.23069913677707,3147901596
fw,-77.3805694580078,-60.1449317932128,-176.51067905892415,49.47642624012127,3147918263
fw,-74.367431640625,-61.500732421875,-180.4561662910031,62.05848795500891,3147934930
fw,-71.1377258300781,-62.87398147583,-179.25982644494212,72.44588240467831,3147951597
fw,-67.9503326416015,-64.1507034301757,-173.46316915590467,80.73679735418634,3147968264
fw,-65.1771774291992,-65.4235153198242,-164.16328684973954,87.53455903910948,3147984931
fw,-62.9085159301757,-66.9302597045898,-152.67595256600865,93.69402571295652,3148001598
fw,-61.0053176879882,-68.744026184082,-140.07969266087008,100.02539849206225,3148018265
fw,-59.2988166809082,-70.6080932617187,-126.84180340201024,107.03526006225344,3148034932
fw,-57.4867935180664,-72.3973388671875,-112.71122483211774,114.75617587318598,3148051599
fw,-55.6744651794433,-74.2203063964843,-96.9479053031422,122.69200034847312,3148068266
fw,-54.1039886474609,-76.1921234130859,-78.80123152772477,129.8935546433069,3148084933
fw,-52.9030418395996,-78.3694305419921,-58.032861019063034,135.16421498404293,3148101600
fw,-52.3628921508789,-80.7354354858398,-35.25932546247993,137.3632449464052,3148118267
fw,-52.5493621826171,-82.974739074707,-11.97200086046128,135.7333744803468,3148134934
fw,-53.2636337280273,-84.7029113769531,9.767345351760712,130.1528532350499,3148151601
fw,-54.3121070861816,-85.6998977661132,27.826952085877732,121.22262558154185,3148168268
fw,-55.3447189331054,-85.8392944335937,40.51385372815739,110.1468583422808,3148184935
fw,-56.4862060546875,-85.2042160034179,46.934586824672095,98.42926789170338,3148201602
fw,-58.0135116577148,-84.3813781738281,47.13730265889918,87.46398499955211,3148218269
fw,-59.1984939575195,-83.5681838989257,42.04554478063037,78.1331989393679,3148234936
fw,-60.0836448669433,-82.6990585327148,33.234438888738715,70.52681778789426,3148251603
fw,-61.0474052429199,-81.7516708374023,22.608620695140548,63.867224466633786,3148268270
fw,-61.3238792419433,-80.8100357055664,12.042742584581207,56.66181581030751,3148284937
fw,-61.0982017517089,-79.9451904296875,3.0519658628293955,47.04106648707898,3148301604
fw,-60.6430320739746,-79.2237014770507,-3.4331704570907866,33.19627422177216,3148318271
fw,-60.5749893188476,-78.7396545410156,-7.12267800643601,13.818261640702996,3148334938
fw,-61.3111267089843,-78.6200408935546,-8.233987765325248,-11.551946920945952,3148351605
fw,-62.0509910583496,-79.0101547241211,-7.2254063121267516,-42.32901582521299,3148368272
fw,-62.4886283874511,-80.0946884155273,-4.516554648609641,-76.88837499415988,3148384939
fw,-62.5727310180664,-82.0434494018554,-0.3220644253267616,-112.78043454026368,3148401606
fw,-62.5662155151367,-84.4361343383789,5.337992015494461,-147.1239752119655,3148418273
fw,-62.5994987487793,-86.7906341552734,12.480950590405042,-177.10751584041043,3148434940
fw,-62.6790466308593,-86.5092391967773,20.958881641340763,-200.4952529324839,3148451607
fw,-63.3652839660644,-83.2493057250976,30.327800783698876,-216.0212836877664,3148468274
fw,-64.4264526367187,-79.6242294311523,39.865198723011105,-223.57242530714987,3148484941
fw,-65.7315139770507,-75.9974746704101,48.73631235235168,-224.11145860491584,3148501608
fw,-67.0680465698242,-72.3558273315429,56.23556068235831,-219.36564740766576,3148518275
fw,-68.3894958496093,-68.872444152832,61.994246641183395,-211.3674548456221,3148534942
fw,-69.7750549316406,-65.6955337524414,66.06523780292609,-201.96067945087398,3148551609
fw,-71.2282409667968,-62.8238906860351,68.85575005810352,-192.3793640024794,3148568276
fw,-72.7161331176757,-59.959716796875,70.9463538188163,-182.9865663833628,3148584943
fw,-74.2183227539062,-57.0696334838867,72.87590213042704,-173.23266412458304,3148601610
fw,-75.7962417602539,-55.0396919250488,74.97471791033371,-161.8549038862837,3148618277
fw,-77.4439392089843,-52.5923500061035,77.29814239613061,-147.29047344744026,3148634944
fw,-79.1232604980468,-49.9874153137207,79.66677955669392,-128.2163554028382,3148651611
fw,-80.8358612060546,-47.5737419128418,81.77825757624547,-104.06807393188888,3148668278
fw,-82.5104598999023,-45.9901428222656,83.33365610346479,-75.35781804072418,3148684945
fw,-84.0829162597656,-45.7718544006347,84.12651223591881,-43.65857668658906,3148701612
fw,-85.5787124633789,-46.445026397705,84.06882523308177,-11.254099841451072,3148718279
fw,-87.0273742675781,-47.2175064086914,83.16213704759522,19.392934216768847,3148734946
fw,-88.3389358520507,-48.010009765625,81.44458791343251,46.13186229530867,3148751613
fw,-88.7471160888671,-48.7522964477539,78.94584010645112,67.41071814298667,3148768280
fw,-87.7269515991211,-49.7931365966796,75.66420618128144,82.33450349972712,3148784947
fw,-86.4756927490234,-51.2214431762695,71.55909807367378,90.58822641703006,3148801614
fw,-85.3230819702148,-53.1989936828613,66.54240133963978,92.34311645339453,3148818281
fw,-84.2294311523437,-55.3000564575195,60.45946679460562,88.20400442142646,3148834948
fw,-83.2274932861328,-56.4669342041015,53.06636508471213,79.17400682559084,3148851615
fw,-82.3175277709961,-58.0457077026367,44.022450771939916,66.57590622811394,3148868282
fw,-81.6032180786132,-58.7801933288574,32.91870215726915,51.898065866964785,3148884949
fw,-81.1750183105468,-58.9301643371582,19.35279073439909,36.59556154107676,3148901616
fw,-80.9609909057617,-58.841064453125,3.0449245631245154,21.926628982931206,3148918283
fw,-81.0386428833007,-59.2774009704589,-16.031731823546174,8.902799048737348,3148934950
fw,-81.6025848388671,-60.541145324707,-37.54887094150086,-1.6357580653150583,3148951617
fw,-82.8263854980468,-60.9464225769043,-60.792856844151345,-8.906067680072217,3148968284
fw,-84.7981338500976,-60.2181587219238,-84.72619868478527,-12.162248503500374,3148984951
fw,-87.5100555419921,-59.5985870361328,-108.1187686463022,-10.838036205716847,3149001618
fw,-89.0457077026367,-59.2946968078613,-129.69528697831635,-4.787766128579092,3149018285
fw,-86.1652374267578,-59.3704032897949,-148.25147735318905,5.525717792115857,3149034952
fw,-82.9717254638671,-59.8447799682617,-162.73328109177572,19.02265701857893,3149051619
fw,-79.758056640625,-60.470344543457,-172.31521549984723,34.20285765800084,3149068286
fw,-76.6212692260742,-61.436222076416,-176.5149061782528,49.475986927911315,3149084953
fw,-73.4604034423828,-62.8535995483398,-175.33516034396695,63.5093011994028,3149101620
fw,-70.1238632202148,-64.2851409912109,-169.36568776908305,75.48195552565645,3149118287
fw,-66.9921417236328,-65.6611251831054,-159.7484495978545,85.174619924708,3149134954
fw,-64.4606781005859,-67.0699615478515,-147.94402852873324,92.881747709407,3149151621
fw,-62.3589706420898,-68.6753158569336,-135.32994629974255,99.19277549862039,3149168288
fw,-60.5139045715332,-70.4744644165039,-122.77064166726286,104.72399049141772,3149184955
fw,-58.759162902832,-72.2738189697265,-110.35117326766324,109.8828034040342,3149201622
fw,-56.8926925659179,-74.0795745849609,-97.41613938791444,114.72160981441378,3149218289
fw,-55.2459526062011,-75.9222259521484,-82.9221290645899,118.9093186868691,3149234956
fw,-53.9139022827148,-77.8851089477539,-65.96982599719381,121.82377290496709,3149251623
fw,-52.9428825378418,-79.9576873779296,-46.3040581929829,122.74369448970069,3149268290
fw,-52.5187873840332,-82.0165481567382,-24.58713468653797,121.09195373199944,3149284957
fw,-52.880027770996,-83.8610382080078,-2.3465678351453545,116.66093222247073,3149301624
fw,-53.7613868713378,-85.2723388671875,18.37111485729355,109.74834581851421,3149318291
fw,-54.9082908630371,-86.1942977905273,35.49912889321509,101.15373398899334,3149334958
fw,-55.7405776977539,-86.4776306152343,47.42217297281502,92.0246773270935,3149351625
fw,-57.0321235656738,-86.1169815063476,53.28809317696729,83.58294369966589,3149368292
fw,-58.5950736999511,-85.3902816772461,53.11584659007427,76.79241746903979,3149384959
fw,-59.7709922790527,-84.5209197998046,47.72515859117258,72.04855123715419,3149401626
fw,-60.9042167663574,-83.6035842895507,38.53605992979502,68.97163290719818,3149418293
fw,-61.8692283630371,-82.6497192382812,27.286204184774633,66.36977092174068,3149434960
fw,-61.7385597229003,-81.6173553466796,15.71982655860381,62.40001152164687,3149451627
fw,-61.4107360839843,-80.5532302856445,5.317331686154252,54.9043558175821,3149468294
fw,-61.2034606933593,-79.7691345214843,-2.861723145446443,41.84955564639764,3149484961
fw,-61.8398361206054,-79.3656616210937,-8.183243140565661,21.77537042912336,3149501628
fw,-62.6047821044921,-79.4361419677734,-10.325259867345585,-5.837630841402116,3149518295
fw,-62.460147857666,-80.0657577514648,-9.148771206271618,-40.34511537354582,3149534962
fw,-61.9754562377929,-81.2751922607421,-4.654021904308703,-79.90169494970785,3149551629
fw,-61.8508415222168,-83.0320434570312,2.955212975655686,-121.63332988218922,3149568296
fw,-62.1846122741699,-85.3887939453125,13.167820970713182,-162.021459632003,3149584963
fw,-62.6264305114746,-87.6865844726562,25.120228965701696,-197.45832244288025,3149601630
fw,-63.5554237365722,-85.3876953125,37.66743491180041,-224.87172405745045,3149618297
fw,-64.6820831298828,-81.3422698974609,49.563392016771964,-242.2675030996305,3149634964
fw,-66.0119857788086,-77.3307418823242,59.69895987288295,-249.0413269780767,3149651631
fw,-67.4250106811523,-73.5523376464843,67.3288917660664,-245.9833282041359,3149668298
fw,-68.9596557617187,-69.6885681152343,72.2221278861198,-235.00282094716218,3149684965
fw,-70.5548095703125,-65.9365844726562,74.68705513157008,-218.67440183576323,3149701632
fw,-72.1444549560546,-62.7211761474609,75.45585315783859,-199.72003086004756,3149718299
fw,-73.7465667724609,-59.7486381530761,75.4553333170509,-180.51527245546416,3149734966
fw,-75.3008651733398,-56.7575569152832,75.5314816374128,-162.68245361325754,3149751633
fw,-76.8396987915039,-55.0088768005371,76.21348111940759,-146.8284887176455,3149768300
fw,-78.4215698242187,-53.3889770507812,77.59082786441434,-132.4905873288448,3149784967
fw,-80.0650100708007,-51.3163833618164,79.33838157120844,-118.34038254707943,3149801634
fw,-81.8054733276367,-49.1125450134277,80.87318569814701,-102.63662215590107,3149818301
fw,-83.5991744995117,-47.1061859130859,81.58230908839198,-83.81549055925984,3149834968
fw,-85.2345733642578,-46.2473449707031,81.03993799239356,-61.02963724081424,3149851635
fw,-86.6756362915039,-45.9798469543457,79.1430036858799,-34.460793145846644,3149868302
fw,-88.0727844238281,-46.2365417480468,76.13108168740419,-5.334375870095896,3149884969
fw,-89.3101654052734,-46.8448753356933,72.49801327960016,24.316436636904427,3149901636
fw,-88.9359588623046,-47.6296844482421,68.83025813526271,52.02794900925496,3149918303
fw,-87.8479614257812,-48.79150390625,65.61639392587999,75.32371890563167,3149934970
fw,-86.8063507080078,-50.2264518737793,63.072608658124274,92.1112014125269,3149951637
fw,-85.7122573852539,-52.6412353515625,61.026737181942366,101.01943978078933,3149968304
fw,-84.5641250610351,-54.7746543884277,58.894078649953606,101.6330110631135,3149984971
fw,-83.4291687011718,-56.4446449279785,55.7568740658672,94.56350260825836,3150001638
fw,-82.3666839599609,-58.1588096618652,50.53109268510735,81.31721254764172,3150018305
fw,-81.4507293701171,-59.0327453613281,42.18112815343639,63.97808673199508,3150034972
fw,-80.8069686889648,-59.2552986145019,29.933412165516707,44.79951386402502,3150051639
fw,-80.5750045776367,-59.1166954040527,13.44441139625956,25.843763491079997,3150068306
fw,-80.7068176269531,-59.5161514282226,-7.107107629087825,8.789510771694696,3150084973
fw,-81.2406539916992,-60.776683807373,-31.015399473938135,-5.062826522651239,3150101640
fw,-82.3653182983398,-61.0105094909668,-57.12585873562912,-14.680452166579402,3150118307
fw,-84.1327514648437,-60.3728904724121,-83.97704708015607,-19.239828276846414,3150134974
fw,-86.6185836791992,-59.5843162536621,-109.9744078808779,-18.221555658152205,3150151641
fw,-88.487678527832,-58.9410705566406,-133.55545145273726,-11.619696589783516,3150168308
fw,-86.4145584106445,-59.07417678833,-153.31618317317992,-0.11914301143223428,3150184975
fw,-83.540054321289,-59.2719650268554,-168.10115208243414,14.901777617890238,3150201642
fw,-80.3918685913086,-59.8486785888671,-177.09367570905573,31.592529530266038,3150218309
fw,-77.2695007324218,-60.9500732421875,-179.94230029160875,48.01621828722482,3150234976
fw,-74.0489349365234,-62.476764678955,-176.9103663873585,62.57312570923557,3150251643
fw,-70.8120727539062,-63.9393196105957,-168.96822476074513,74.32200569233805,3150268310
fw,-67.771728515625,-65.2146072387695,-157.71695582478924,83.0970345044253,3150284977
fw,-65.3857727050781,-66.5400619506836,-145.07662070041604,89.39439775479448,3150301644
fw,-63.4153366088867,-68.0252990722656,-132.78394417472154,94.08613053444142,3150318311
fw,-61.5492134094238,-69.6349716186523,-121.8666528065813,98.07061116545279,3150334978
fw,-59.636173248291,-71.2205429077148,-112.31543878738992,101.97118593615394,3150351645
fw,-57.6400299072265,-72.8193054199218,-103.11417285448277,105.96103786693298,3150368312
fw,-55.8095703125,-74.5876007080078,-92.64117623590278,109.7481155415617,3150384979
fw,-54.3020706176757,-76.501350402832,-79.29951791308218,112.71114061466535,3150401646
fw,-53.0992355346679,-78.5109634399414,-62.14848480513612,114.1390572478751,3150418313
fw,-52.4660835266113,-80.4013671875,-41.31990192642676,113.4984284835828,3150434980
fw,-52.5322799682617,-82.0151977539062,-18.092855682455035,110.6477130340285,3150451647
fw,-53.1762084960937,-83.4664916992187,5.374189187756292,105.93752807965842,3150468314
fw,-54.1060447692871,-84.7632904052734,26.5436980550855,100.17053111727908,3150484981
fw,-55.0170021057128,-85.5997161865234,43.0676878291451,94.4275977410645,3150501648
fw,-56.4621505737304,-85.8400421142578,53.275910948982975,89.79316849659082,3150518315
fw,-58.2607231140136,-85.6138076782226,56.48864900280633,87.03628341449982,3150534982
fw,-59.9416999816894,-84.9536437988281,53.10847264926155,86.3237963500237,3150551649
fw,-60.7433471679687,-83.9464111328125,44.48130098289016,87.0463174162068,3150568316
fw,-61.7416458129882,-82.7920837402343,32.56209010419583,87.81568178618943,3150584983
fw,-61.910774230957,-81.4895248413086,19.478432866580828,86.65040065324514,3150601650
fw,-61.3847961425781,-80.1461181640625,7.123989586812918,81.31818499014403,3150618317
fw,-61.1073608398437,-78.9103851318359,-3.0977439411018124,69.76657508653248,3150634984
fw,-61.4520034790039,-77.9108505249023,-10.322099889486994,50.55310194195685,3150651651
fw,-62.4221038818359,-77.5129318237304,-14.101422330536401,23.18913512092788,3150668318
fw,-62.8837013244628,-77.6989822387695,-14.232442404993797,-11.66710502142896,3150684985
fw,-62.5502395629882,-78.6441268920898,-10.666435611767694,-52.20345602297145,3150701652
fw,-62.1605415344238,-80.2688217163086,-3.559001751399616,-95.63964106234269,3150718319
fw,-62.2343978881835,-82.4577713012695,6.599280067370268,-138.58778795854516,3150734986
fw,-62.4556617736816,-85.6022567749023,18.89744819895838,-177.54212255837746,3150751653
fw,-63.112247467041,-88.717170715332,32.06630397085852,-209.42037678075326,3150768320
fw,-64.3363494873046,-86.1477127075195,44.704915566490676,-232.05154718182973,3150784987
fw,-65.8123703002929,-81.8483276367187,55.60181056846346,-244.49963327663303,3150801654
fw,-67.3726425170898,-77.7835235595703,64.03505374225931,-247.14473412183992,3150818321
fw,-68.9247131347656,-73.9422225952148,69.93903825971819,-241.50501681054024,3150834988
fw,-70.4420776367187,-70.0630874633789,73.87029029463449,-229.85032462579477,3150851655
fw,-71.932876586914,-66.6136703491211,76.77372150107594,-214.70325335728361,3150868322
fw,-73.432991027832,-63.6281852722168,79.62285335948016,-198.33584897190477,3150884989
fw,-75.0350036621093,-60.6999473571777,83.05675758993938,-182.35866991351347,3150901656
fw,-76.7019729614257,-57.6812286376953,87.14142764201901,-167.47546980598125,3150918323
fw,-78.5292053222656,-55.5733947753906,91.3397031100395,-153.44513498174737,3150934990
fw,-80.5344009399414,-53.5731506347656,94.6989326187205,-139.25649167065052,3150951657
fw,-82.6966934204101,-51.2598037719726,96.188461430296,-123.48393253703787,3150968324
fw,-84.8011856079101,-48.9978942871093,95.06729513101205,-104.74790142329682,3150984991
fw,-86.646255493164,-47.4293975830078,91.15401207413572,-82.16128417156175,3151001658
fw,-88.212173461914,-46.9514427185058,84.90970516183866,-55.63569388863207,3151018325
fw,-89.6184539794921,-46.959617614746,77.31484682768294,-25.97669110575003,3151034992
fw,-89.3629608154296,-47.3211441040039,69.59226049699052,5.215585911025132,3151051659
fw,-88.2962493896484,-47.8467025756835,62.87226699684954,35.76913375432077,3151068326
fw,-87.2450866699218,-48.6235656738281,57.90074640017289,63.224593439865714,3151084993
fw,-86.1215209960937,-49.9225540161132,54.86283541941886,85.16299777687726,3151101660
fw,-84.9602432250976,-51.666145324707,53.350728051896795,99.5772310131095,3151118327
fw,-83.8669128417968,-54.5420150756835,52.46162454554929,105.254084684425,3151134994
fw,-82.8357696533203,-56.7572937011718,50.98479216820078,102.07190167077094,3151151661
fw,-81.8568115234375,-58.3659973144531,47.62873722470916,91.08933264426999,3151168328
fw,-80.9417572021484,-59.6356811523437,41.24451082165432,74.35130245043048,3151184995
fw,-80.2505111694336,-60.0484275817871,31.010646935328275,54.45492093892865,3151201662
fw,-79.9650726318359,-60.0765838623046,16.556025938813367,34.03008702183891,3151218329
fw,-80.0241775512695,-59.9013061523437,-1.9899182063942378,15.325373018201882,3151234996
fw,-80.4205780029296,-60.9881591796875,-24.01682787352996,0.022891940133072552,3151251663
fw,-81.2117462158203,-61.8441047668457,-48.512034463608806,-10.73181748508397,3151268330
fw,-82.5773544311523,-61.5351295471191,-74.18521747065975,-16.22169613356083,3151284997
fw,-84.7514038085937,-60.8192710876464,-99.62199397624757,-16.12362627241506,3151301664
fw,-87.4743194580078,-60.0780868530273,-123.43776790029777,-10.592169478473195,3151318331
fw,-87.988899230957,-59.9923057556152,-144.39523593915223,-0.3714874802392645,3151334998
fw,-85.3667984008789,-60.4112739562988,-161.46475881813413,13.203419708175053,3151351665
fw,-82.3619842529296,-60.9286003112793,-173.84746595731224,28.392585411775226,3151368332
fw,-79.1433715820312,-61.7787895202636,-181.0135214188114,43.39308533083202,3151384999
fw,-75.9710311889648,-63.0864830017089,-182.7932891519495,56.72927867837724,3151401666
fw,-72.6077346801757,-64.5284729003906,-179.49686745213242,67.56359893263847,3151418333
fw,-69.198989868164,-65.8931427001953,-171.97308197917778,75.82725804805905,3151435000
fw,-66.3370361328125,-67.106704711914,-161.50680108093601,82.12903116086753,3151451667
fw,-63.9352073669433,-68.3695983886718,-149.51712952235985,87.47424895721697,3151468334
fw,-61.8546180725097,-69.8827056884765,-137.1333890532406,92.88754202907488,3151485001
fw,-59.8439407348632,-71.5592269897461,-124.8230134188573,99.05505967048374,3151501668
fw,-57.8614158630371,-73.2197723388671,-112.25588181291721,106.08206930597842,3151518335
fw,-55.9822921752929,-74.8714523315429,-98.49576923513855,113.42158451723056,3151535002
fw,-54.4209060668945,-76.6611938476562,-82.46215396644098,119.99019675702833,3151551669
fw,-53.1685447692871,-78.6707763671875,-63.48452258471267,124.45065697897924,3151568336
fw,-52.3005027770996,-80.9311294555664,-41.73245689073098,125.59899260223446,3151585003
fw,-52.2056312561035,-82.9319534301757,-18.356918445421158,122.75205996166335,3151601670
fw,-52.8930702209472,-84.3587493896484,4.706463613094165,116.01338691074685,3151618337
fw,-53.9825286865234,-85.2925643920898,25.19071534238337,106.32280257216648,3151635004
fw,-55.1106758117675,-85.7266235351562,41.03760882273839,95.26296134472666,3151651671
fw,-56.2451629638671,-85.5949630737304,50.84933432944247,84.67119073151225,3151668338
fw,-57.8761825561523,-85.1336898803711,54.1447533071633,76.1573764655297,3151685005
fw,-59.4115867614746,-84.561164855957,51.39856273243641,70.6494004324191,3151701672
fw,-60.674690246582,-83.8716125488281,43.89409307575148,68.0822856025275,3151718339
fw,-61.8883171081543,-82.9986267089843,33.43760558023336,67.31744404054248,3151735006
fw,-62.3300857543945,-81.9748382568359,21.991889530811836,66.32382595556476,3151751673
fw,-62.0589752197265,-80.8712310791015,11.306210050844113,62.58405262045706,3151768340
fw,-61.767349243164,-79.8460388183593,2.637122378928864,53.629340270960036,3151785007
fw,-61.838523864746,-79.0952835083007,-3.3576376912888026,37.57929984705596,3151801674
fw,-62.7184867858886,-78.7539138793945,-6.53129984481605,13.572513798010007,3151818341
fw,-63.1874618530273,-78.9398651123046,-7.035485804221323,-17.991055176504087,3151835008
fw,-63.0040435791015,-79.869155883789,-5.110984131211338,-55.43340275560332,3151851675
fw,-62.7464218139648,-81.5775070190429,-0.9880845806406896,-96.00904108945603,3151868342
fw,-62.789077758789,-83.806411743164,5.084619997926022,-136.31275308291754,3151885009
fw,-63.0977516174316,-86.8132247924804,12.747936556542069,-172.8225142680876,3151901676
fw,-63.5017509460449,-88.714126586914,21.466689681112875,-202.482562546629,3151918343
fw,-64.381965637207,-85.0046844482421,30.55041447245658,-223.20681972042019,3151935010
fw,-65.5064086914062,-80.9452285766601,39.26677193481048,-234.18490332965806,3151951677
fw,-66.7851409912109,-77.0839004516601,47.00829894258788,-235.91672890539257,3151968344
fw,-68.095962524414,-73.4680023193359,53.44535144913219,-229.97802556980912,3151985011
fw,-69.4205245971679,-69.8663024902343,58.5967495708018,-218.59341467260427,3152001678
fw,-70.7228698730468,-66.5787811279296,62.77930609082566,-204.13266639495,3152018345
fw,-72.0674819946289,-63.7139739990234,66.44868970080526,-188.6434314639136,3152035012
fw,-73.4597091674804,-61.078685760498,69.99267532075577,-173.5081445932062,3152051679
fw,-74.972900390625,-58.1802673339843,73.55884266084531,-159.28033370060905,3152068346
fw,-76.5514450073242,-55.9015731811523,76.98289753490657,-145.71913210610845,3152085013
fw,-78.2339324951171,-54.0001487731933,79.84165788783149,-132.00203779456166,3152101680
fw,-80.0069808959961,-51.8396415710449,81.60738523928275,-117.06136679234197,3152118347
fw,-81.7574768066406,-49.6996040344238,81.84589000235881,-99.96103620062956,3152135014
fw,-83.4137649536132,-48.149185180664,80.38920487049417,-80.21061535220505,3152151681
fw,-84.9505767822265,-47.7085800170898,77.42548792294875,-57.924838252155325,3152168348
fw,-86.3172988891601,-47.674819946289,73.47766910263728,-33.79804667665863,3152185015
fw,-87.5330429077148,-47.9257431030273,69.27690331495363,-8.947594482525618,3152201682
fw,-88.4093475341796,-48.2297592163085,65.56659138023691,15.27453094726584,3152218349
fw,-88.7121505737304,-48.5918197631835,62.89151791293347,37.43093043289061,3152235016
fw,-88.2678833007812,-49.3458137512207,61.43125918315894,56.10911667058947,3152251683
fw,-87.3002853393554,-50.5269813537597,60.92464724359572,70.0437429229123,3152268350
fw,-86.1431884765625,-52.2300148010253,60.703971804125814,78.2914120263327,3152285017
fw,-84.9790954589843,-54.2577667236328,59.82414919912056,80.43881690995414,3152301684
fw,-83.9020767211914,-55.8010711669921,57.24850865401407,76.76408950620646,3152318351
fw,-82.9000778198242,-56.9475440979003,52.04663741134808,68.25917101592381,3152335018
fw,-81.9980087280273,-58.1106986999511,43.565719533312716,56.471247658125684,3152351685
fw,-81.353645324707,-58.5518531799316,31.546408033148207,43.20204857521743,3152368352
fw,-81.0293350219726,-58.7546958923339,16.16512260999357,30.16733522393036,3152385019
fw,-80.9556503295898,-58.6832771301269,-2.002036271638468,18.73530038132755,3152401686
fw,-81.224365234375,-59.3385124206543,-22.08519010083071,9.824210861247147,3152418353
fw,-82.042610168457,-60.4069175720214,-43.077738740504856,3.9573266473705173,3152435020
fw,-83.5530548095703,-60.5317459106445,-64.01603099655804,1.388016666398198,3152451687
fw,-85.7456817626953,-60.0774993896484,-84.1383169287185,2.182753529870334,3152468354
fw,-88.2580795288086,-59.91455078125,-102.96702148899466,6.21089597135704,3152485021
fw,-87.8168106079101,-60.2157287597656,-120.26940075430794,13.085091518061846,3152501688
fw,-85.1162948608398,-60.7294197082519,-135.90076055211617,22.140473282525306,3152518355
fw,-82.1432037353515,-61.3125190734863,-149.6031888336101,32.50821875177741,3152535022
fw,-79.2513656616211,-62.0567626953125,-160.8733960586223,43.274786401451635,3152551689
fw,-76.4431228637695,-63.1617736816406,-168.98786315057575,53.67370281438169,3152568356
fw,-73.3666839599609,-64.4069290161132,-173.18961853504473,63.244874577006776,3152585023
fw,-70.0384521484375,-65.6949462890625,-172.9468653289661,71.90698708822711,3152601690
fw,-66.9780044555664,-66.9706268310546,-168.1458568611084,79.91493885624749,3152618357
fw,-64.3580703735351,-68.375015258789,-159.112117897459,87.71165378097416,3152635024
fw,-61.978099822998,-70.0033645629882,-146.45239427500522,95.71886752561528,3152651691
fw,-59.7954177856445,-71.7502899169921,-130.8145086654363,104.12936991913094,3152668358
fw,-57.8901901245117,-73.4439315795898,-112.70576044236144,112.7606130701901,3152685025
fw,-56.2352676391601,-75.1935195922851,-92.46962947490391,121.01532963842998,3152701692
fw,-54.8469123840332,-77.1471557617187,-70.4288110570944,127.9744302899389,3152718359
fw,-53.8688774108886,-79.4420471191406,-47.11526729387748,132.61597771122624,3152735026
fw,-53.2866706848144,-81.82373046875,-23.464627466303877,134.10906879454853,3152751693
fw,-53.2010192871093,-83.8452758789062,-0.8646906887205106,132.08963110808662,3152768360
fw,-53.7433776855468,-85.2437515258789,18.99427267416749,126.81560562975864,3152785027
fw,-54.822093963623,-85.9691085815429,34.43962998656772,119.13569748238878,3152801694
fw,-56.1524314880371,-85.8523025512695,44.20719029859085,110.27072168236526,3152818361
fw,-57.7856063842773,-85.0229110717773,47.7692468287962,101.46579834590834,3152835028
fw,-59.0778999328613,-84.0337600708007,45.486974519685845,93.60611968941596,3152851695
fw,-60.218650817871,-83.0615844726562,38.53882896854131,86.900737724756,3152868362
fw,-61.2921028137207,-82.0736770629882,28.65234212674636,80.73101609668946,3152885029
fw,-61.662799835205,-80.9627838134765,17.722481871340847,73.72585761402136,3152901696
fw,-61.508129119873,-79.6962432861328,7.427011586792013,64.06178794612688,3152918363
fw,-61.3025665283203,-78.5727996826171,-1.047640339487652,49.91163487885314,3152935030
fw,-61.2927589416503,-77.9164733886718,-7.0857398302195485,29.91585864382323,3152951697
fw,-62.1856155395507,-77.8082046508789,-10.516619674022358,3.550714246497706,3152968364
fw,-62.9810714721679,-78.3136138916015,-11.371984861932633,-28.68760499994231,3152985031
fw,-62.9061584472656,-79.3815155029296,-9.676003779373513,-65.30376591233693,3153001698
fw,-62.6097984313964,-81.2377853393554,-5.391051190699109,-104.0037774545352,3153018365
fw,-62.5821571350097,-83.6404113769531,1.4645086755327585,-142.025808523948,3153035032
fw,-62.6670532226562,-86.5664672851562,10.6228715303835,-176.5424384827727,3153051699
fw,-63.1518745422363,-89.0930252075195,21.43716017777507,-205.07115056150437,3153068366
fw,-64.2061996459961,-85.5242080688476,32.91108244225343,-225.82698092230808,3153085033
fw,-65.3886795043945,-81.2537612915039,43.893532266158914,-237.9533078988824,3153101700
fw,-66.7597045898437,-77.3853988647461,53.363819045320255,-241.58398688330493,3153118367
fw,-68.1917343139648,-73.6813278198242,60.69635937973588,-237.72797512340975,3153135034
fw,-69.6566085815429,-69.7813873291015,65.80430984494325,-228.01279279892765,3153151701
fw,-71.1235809326171,-66.2190780639648,69.10808523624556,-214.3499134755955,3153168368
fw,-72.5893936157226,-63.023338317871,71.33960775993576,-198.58359270713757,3153185035
fw,-74.1333236694336,-59.9757270812988,73.25400099987503,-182.17189732408517,3153201702
fw,-75.6900482177734,-57.2625579833984,75.35356844895968,-165.94503462756455,3153218369
fw,-77.2801055908203,-55.318359375,77.72146188903055,-149.99148505588283,3153235036
fw,-79.0015869140625,-53.2837142944335,80.01956489803837,-133.72049969616734,3153251703
fw,-80.8879928588867,-51.2078666687011,81.64440615786623,-116.12070799369516,3153268370
fw,-82.7859344482421,-49.2132263183593,81.97783768056347,-96.17092948124211,3153285037
fw,-84.5586471557617,-47.5362129211425,80.63633034810962,-73.28422116408036,3153301704
fw,-86.1130981445312,-46.8312911987304,77.62776904691114,-47.631156511047536,3153318371
fw,-87.5212478637695,-46.8391342163085,73.36522617753653,-20.229410546800302,3153335038
fw,-88.815185546875,-47.2370338439941,68.54289865103449,7.215152560787628,3153351705
fw,-90.0,-47.8076553344726,63.924075428587585,32.63784867836121,3153368372
fw,-88.9157485961914,-48.6928100585937,60.10999689277332,54.00142366245983,3153385039
fw,-87.9355010986328,-49.8406906127929,57.35406689273411,69.6479874739218,3153401706
fw,-86.9279556274414,-51.6202545166015,55.46797910524559,78.56572491964516,3153418373
fw,-85.840087890625,-53.2439498901367,53.84136822895373,80.54285436231281,3153435040
fw,-84.7231826782226,-54.6866188049316,51.56726721061585,76.18786144609375,3153451707
fw,-83.6768112182617,-55.7430038452148,47.63755054440879,66.80700117812164,3153468374
fw,-82.7151412963867,-57.0102233886718,41.15524053416916,54.1585714682156,3153485041
fw,-81.9818344116211,-57.6272964477539,31.510664146781647,40.13697346762134,3153501708
fw,-81.6160202026367,-57.6573753356933,18.48455934632431,26.463149646955333,3153518375
fw,-81.5742416381836,-57.4087600708007,2.2655812687264087,14.465774391574605,3153535042
fw,-81.8078689575195,-57.6266899108886,-16.607741142783915,5.018712967702667,3153551709
fw,-82.4543380737304,-58.803955078125,-37.35712875466484,-1.3620206402517023,3153568376
fw,-83.7144393920898,-59.4476585388183,-59.09847625164941,-4.349153892887839,3153585043
fw,-85.6147918701171,-59.0133552551269,-80.96783212146502,-3.701228002625851,3153601710
fw,-87.7945175170898,-58.371166229248,-102.20338245679145,0.6876571194138621,3153618377
fw,-87.3433990478515,-58.1850280761718,-122.1534053437092,8.627181297999295,3153635044
fw,-84.7421264648437,-58.7568664550781,-140.21013994990517,19.496986113508253,3153651711
fw,-81.8356018066406,-59.451072692871,-155.71690604472406,32.26164195612052,3153668378
fw,-78.8227310180664,-60.3352699279785,-167.92744254326828,45.65636421338701,3153685045
fw,-75.9513320922851,-61.5291328430175,-176.078607026186,58.46956862264435,3153701712
fw,-72.899169921875,-62.903148651123,-179.57103383348098,69.8118770449745,3153718379
fw,-69.6254196166992,-64.3523406982421,-178.1761846955173,79.27959938417412,3153735046
fw,-66.581314086914,-65.7483291625976,-172.1516196271661,86.96682606575965,3153751713
fw,-64.0530776977539,-67.2205963134765,-162.178677174346,93.33338274693048,3153768380
fw,-61.7573814392089,-68.8410415649414,-149.12891662042858,98.98031206345996,3153785047
fw,-59.6708755493164,-70.618537902832,-133.76628297031817,104.40640271899582,3153801714
fw,-57.8220672607421,-72.3578338623046,-116.53615334870427,109.81505988798696,3153818381
fw,-56.1027641296386,-74.0520706176757,-97.55113782875883,115.02052391170733,3153835048
fw,-54.6235084533691,-75.872573852539,-76.7841052277762,119.47795893580013,3153851715
fw,-53.5221633911132,-77.8815307617187,-54.3789172457109,122.4349603883861,3153868382
fw,-52.8710861206054,-79.9979705810546,-30.93671685636941,123.16894739812818,3153885049
fw,-52.7045783996582,-81.934326171875,-7.64717816928157,121.24178228220067,3153901716
fw,-53.1039428710937,-83.5397415161132,13.803453475614932,116.68791341164419,3153918383
fw,-54.0560913085937,-84.7854537963867,31.532000654796054,110.06886829119462,3153935050
fw,-55.2599868774414,-85.5808868408203,43.87667791787823,102.36870520844182,3153951717
fw,-56.7461967468261,-85.6998519897461,49.806315003606905,94.75160854847385,3153968384
fw,-58.4296035766601,-85.2775650024414,49.198236901084506,88.23833269804304,3153985051
fw,-59.7655067443847,-84.5830764770507,42.90413272002148,83.37968848015613,3154001718
fw,-60.7494316101074,-83.7668762207031,32.58315505936352,80.013533630085,3154018385
fw,-61.5624771118164,-82.8281631469726,20.34397816958998,77.18176579717134,3154035052
fw,-61.4090919494628,-81.7534484863281,8.290970578694198,73.24914254906324,3154051719
fw,-61.0039634704589,-80.5387649536132,-1.8969254330175092,66.21034295795592,3154068386
fw,-60.6236000061035,-79.4803314208984,-9.226687802555244,54.11471265298328,3154085053
fw,-60.627513885498,-78.8055343627929,-13.412523315422538,35.50520106940973,3154101720
fw,-61.4539451599121,-78.6391830444336,-14.673468241931033,9.773370820358883,3154118387
fw,-61.9965286254882,-79.0183944702148,-13.421631082422335,-22.633628015943852,3154135054
fw,-61.9404106140136,-79.8831634521484,-10.0003067548996,-60.18125842938471,3154151721
fw,-61.7919578552246,-81.4680480957031,-4.589317671027888,-100.39563437706123,3154168388
fw,-61.7501487731933,-83.785400390625,2.708902242949182,-140.18214876057635,3154185055
fw,-61.8041687011718,-86.8054885864257,11.688435953913729,-176.28188330035346,3154201722
fw,-62.3070678710937,-88.4850921630859,21.889274216549467,-205.79378777721394,3154218389
fw,-63.2862739562988,-84.7270050048828,32.571416279377914,-226.6533459447861,3154235056
fw,-64.4286117553711,-80.563850402832,42.83741500559444,-237.95144774694515,3154251723
fw,-65.7231369018554,-76.6575241088867,51.855540798443116,-240.0151217597043,3154268390
fw,-67.0541076660156,-72.9092483520507,59.09168357943769,-234.24060806373032,3154285057
fw,-68.4215011596679,-69.1131286621093,64.45404127282688,-222.7343151024462,3154301724
fw,-69.8056945800781,-65.7840499877929,68.28956052875854,-207.85071289331896,3154318391
fw,-71.2490234375,-62.8537254333496,71.23104093807198,-191.71898191712808,3154335058
fw,-72.7210540771484,-60.0137023925781,73.95324053386423,-175.8421784716656,3154351725
fw,-74.2448120117187,-57.453872680664,76.9289846604022,-160.84445159046098,3154368392
fw,-75.863540649414,-55.4676399230957,80.27042056407193,-146.42636792818266,3154385059
fw,-77.5900573730468,-53.3823623657226,83.70382445083533,-131.55576462602633,3154401726
fw,-79.3735885620117,-51.3287811279296,86.67759635850219,-114.86804103582377,3154418393
fw,-81.2485961914062,-49.1920089721679,88.56064072016216,-95.1808602888819,3154435060
fw,-83.1715698242187,-47.6398239135742,88.86332699928072,-71.96992570829056,3154451727
fw,-85.0341110229492,-47.3108291625976,87.4093303101364,-45.64834388685032,3154468394
fw,-86.6925811767578,-47.5236320495605,84.40351606964286,-17.56415020477526,3154485061
fw,-88.1265411376953,-47.8557434082031,80.37512349451436,10.256768334073486,3154501728
fw,-89.5598754882812,-48.3513793945312,76.01685996462254,35.513505904087204,3154518395
fw,-89.2472305297851,-49.3545417785644,71.97322427108256,56.05981305601316,3154535062
fw,-88.0511703491211,-50.5492248535156,68.64280412499967,70.27842950325159,3154551729
fw,-86.8247299194336,-52.4348411560058,66.04863764684747,77.35074994732939,3154568396
fw,-85.5594863891601,-54.1468086242675,63.8062075001804,77.38243039116901,3154585063
fw,-84.2598037719726,-55.3628234863281,61.18959484567851,71.35407857634922,3154601730
fw,-83.0590591430664,-56.0505294799804,57.271101854032786,60.89944824591828,3154618397
fw,-81.9681320190429,-57.071678161621,51.09590246182188,47.96669550123007,3154635064
fw,-81.1490249633789,-57.6000328063964,41.854308233152906,34.45723068276436,3154651731
fw,-80.6553802490234,-57.9438209533691,29.025868384392577,21.936640378446363,3154668398
fw,-80.3862075805664,-57.8326530456543,12.482355457442024,11.48212980794774,3154685065
fw,-80.3381423950195,-57.8343963623046,-7.458189206317731,3.690575680750103,3154701732
fw,-80.6914978027343,-58.8208580017089,-30.038153843263455,-1.1782707878160674,3154718399
fw,-81.5917587280273,-59.4279174804687,-54.142516729642146,-3.007520818287717,3154735066
fw,-83.2416381835937,-59.211799621582,-78.4582010027684,-1.696097948734159,3154751733
fw,-85.7269439697265,-58.7416954040527,-101.68003060065733,2.8207788058993746,3154768400
fw,-88.3163452148437,-58.552433013916,-122.69912528589984,10.42741851638187,3154785067
fw,-87.5372467041015,-59.0732612609863,-140.70541698833287,20.675597204813965,3154801734
fw,-84.7000656127929,-59.7524909973144,-155.17736738481616,32.74564810297955,3154818401
fw,-81.5052795410156,-60.5753517150878,-165.79698057650515,45.56646408218049,3154835068
fw,-78.4731292724609,-61.7231826782226,-172.36842118543342,58.05145992898271,3154851735
fw,-75.5602951049804,-63.1784782409668,-174.80297022637927,69.35813922696043,3154868402
fw,-72.4452438354492,-64.7067947387695,-173.1749826501887,79.07577425578685,3154885069
fw,-69.2264099121093,-66.1729049682617,-167.79363070473875,87.27497452162471,3154901736
fw,-66.3830871582031,-67.6271133422851,-159.21165702709584,94.40254580008744,3154918403
fw,-63.8545455932617,-69.2787094116211,-148.1231516020529,101.05986538323332,3154935070
fw,-61.5395011901855,-71.1192626953125,-135.17320264944652,107.74095510664604,3154951737
fw,-59.4846115112304,-72.9798507690429,-120.76808999928714,114.61322433667524,3154968404
fw,-57.6432304382324,-74.8132781982421,-104.99063868242564,121.40488278375153,3154985071
fw,-55.9118919372558,-76.7129821777343,-87.68114115649318,127.43339358485335,3155001738
fw,-54.4709129333496,-78.8460083007812,-68.66623937674943,131.7757767900534,3155018405
fw,-53.4072723388671,-81.2284240722656,-48.046661186655356,133.5416024690738,3155035072
fw,-52.7632675170898,-83.5272216796875,-26.4223781394384,132.16807203983387,3155051739
fw,-52.669261932373,-85.2190246582031,-4.953337492928832,127.63500739338075,3155068406
fw,-53.1625328063964,-86.2111587524414,14.784116807177753,120.51799293902198,3155085073
fw,-54.1574363708496,-86.4956359863281,31.106655394428696,111.85771534116165,3155101740
fw,-55.2360916137695,-85.9430999755859,42.5993579155304,102.89106051671513,3155118407
fw,-56.5560493469238,-84.9367446899414,48.43972015765209,94.72997052198059,3155135074
fw,-57.939655303955,-83.7276458740234,48.581708645586254,88.07634910614836,3155151741
fw,-59.3244018554687,-82.4747543334961,43.76235679669636,83.03718652487603,3155168408
fw,-60.2639274597168,-81.1806716918945,35.33978610781057,79.07007802975,3155185075
fw,-61.0619659423828,-79.9307327270507,25.005945196874183,75.05706043733507,3155201742
fw,-61.0705032348632,-78.7773361206054,14.445658234143016,69.48166667077095,3155218409
fw,-60.8582916259765,-77.7664947509765,5.034068768876764,60.67383626312267,3155235076
fw,-60.6424293518066,-77.0564575195312,-2.337658607972929,47.08804905872975,3155251743
fw,-60.9658470153808,-76.6443405151367,-7.258798617658372,27.58537212904275,3155268410
fw,-61.9916648864746,-76.5405578613281,-9.643171218085676,1.6915297233873317,3155285077
fw,-62.5698890686035,-76.7537841796875,-9.522022993538242,-30.205126961296184,3155301744
fw,-62.5065727233886,-77.6439437866211,-6.9113438237274805,-66.76535042252591,3155318411
fw,-62.3413162231445,-79.3492279052734,-1.8263183321545668,-105.77223422234277,3155335078
fw,-62.3916549682617,-81.7514114379882,5.58316449753177,-144.39238285715368,3155351745
fw,-62.5764045715332,-84.9310913085937,14.878878492832905,-179.5994934122812,3155368412
fw,-63.0392723083496,-88.5844573974609,25.27443148005226,-208.67692115481447,3155385079
fw,-64.0820083618164,-86.9287185668945,35.727999575580604,-229.67857825388896,3155401746
fw,-65.4304962158203,-82.6592330932617,45.16891617913771,-241.72974096993883,3155418413
fw,-66.8963241577148,-78.5648422241211,52.77554680683948,-245.09379576905877,3155435080
fw,-68.2766189575195,-74.8202438354492,58.19552982538611,-241.00130457824784,3155451747
fw,-69.6430053710937,-71.0757446289062,61.619383266321876,-231.30438245504988,3155468414
fw,-70.9836807250976,-67.4688568115234,63.67676473542081,-218.05479989743813,3155485081
fw,-72.344253540039,-64.2313690185546,65.19631503999344,-203.10033582136222,3155501748
fw,-73.7724609375,-61.1900749206543,66.92209336061421,-187.76672097323103,3155518415
fw,-75.2866058349609,-58.0597915649414,69.28885113239325,-172.66592458279473,3155535082
fw,-76.8977508544921,-56.0479354858398,72.32454445981033,-157.65681366833695,3155551749
fw,-78.5730209350586,-53.9955406188964,75.6928764332896,-141.975837503412,3155568416
fw,-80.2768402099609,-51.7223968505859,78.8394357033085,-124.53592896082479,3155585083
fw,-81.9729766845703,-49.3906059265136,81.1805004114127,-104.34361489543144,3155601750
fw,-83.6530685424804,-47.6370124816894,82.27517938684953,-80.91873533256428,3155618417
fw,-85.2899780273437,-47.0528030395507,81.93878368140388,-54.570291506945836,3155635084
fw,-86.8185729980468,-47.112506866455,80.27665235751039,-26.430553628365885,3155651751
fw,-88.2502288818359,-47.4591178894043,77.63725218709247,1.744280516685052,3155668418
fw,-89.3785018920898,-47.8497238159179,74.49986273214016,27.91040239320737,3155685085
fw,-88.679443359375,-48.6309547424316,71.32489395514054,50.09692875655579,3155701752
fw,-87.512580871582,-49.7613258361816,68.4029816143815,66.71876456161162,3155718419
fw,-86.3282699584961,-51.2825660705566,65.74131445511172,76.81348437822285,3155735086
fw,-85.1348571777343,-53.0968513488769,63.01962059906343,80.1860710545888,3155751753
fw,-83.9643402099609,-54.7206649780273,59.63167417464229,77.43594703678511,3155768420
fw,-82.8568038940429,-55.8607025146484,54.80402552786607,69.84111701647423,3155785087
fw,-81.8312454223632,-57.0741348266601,47.760680275657485,59.103103086662074,3155801754
fw,-81.0274276733398,-57.7133026123046,37.890030424588566,47.004580724112415,3155818421
fw,-80.5462646484375,-57.9869003295898,24.87334757458037,35.07368851617312,3155835088
fw,-80.3522720336914,-57.9462814331054,8.750311490533706,24.362775187682388,3155851755
fw,-80.4073257446289,-58.0497360229492,-10.08309627927883,15.420918695936756,3155868422
fw,-80.8844757080078,-59.4448165893554,-30.93574535671086,8.463070870713986,3155885089
fw,-81.8832321166992,-60.359992980957,-52.927392648759756,3.6357935741372125,3155901756
fw,-83.5431213378906,-60.1302413940429,-75.11888573923223,1.214860974323865,3155918423
fw,-85.9436874389648,-59.6250038146972,-96.63295045459896,1.6094759664676175,3155935090
fw,-88.3726119995117,-59.4342155456543,-116.72283496425867,5.179020096896543,3155951757
fw,-87.4428176879882,-59.7365760803222,-134.76069609709404,11.990225207042203,3155968424
fw,-84.7417831420898,-60.1120376586914,-150.16282164986697,21.664883392136854,3155985091
fw,-81.7608642578125,-60.6420249938964,-162.3190070126463,33.3971008461814,3156001758
fw,-78.8348770141601,-61.5481071472168,-170.6047906144273,46.126770040127155,3156018425
fw,-75.8356628417968,-62.8467712402343,-174.50770936732775,58.795652716735994,3156035092
fw,-72.6328887939453,-64.2169647216796,-173.8185860519513,70.59203195267455,3156051759
fw,-69.3471221923828,-65.5880661010742,-168.77802678332029,81.10148822612132,3156068426
fw,-66.5815048217773,-67.036148071289,-160.0691004418518,90.31965937727983,3156085093
fw,-64.281997680664,-68.6594696044921,-148.61904341410528,98.53485051920298,3156101760
fw,-62.1115417480468,-70.4944610595703,-135.28140728901855,106.13078595651177,3156118427
fw,-60.0690765380859,-72.3420715332031,-120.54957372001157,113.37677318426047,3156135094
fw,-58.1992988586425,-74.1534881591796,-104.45029218430146,120.26739685051716,3156151761
fw,-56.3904342651367,-76.0684585571289,-86.68249724062711,126.45834631576163,3156168428
fw,-54.8716430664062,-78.2176284790039,-66.95032955289685,131.32267945469653,3156185095
fw,-53.7289161682128,-80.5569381713867,-45.34818460161765,134.11868666408705,3156201762
fw,-53.0869483947753,-82.7967453002929,-22.62866675051205,134.22054246688234,3156218429
fw,-53.120433807373,-84.6960754394531,-0.23049449110490383,131.33489292182773,3156235096
fw,-53.6939544677734,-85.9713363647461,19.958942304955414,125.62909003901272,3156251763
fw,-54.762710571289,-86.4137344360351,36.026212836677814,117.72920672750132,3156268430
fw,-55.864688873291,-85.8612823486328,46.49314724920697,108.5884889571611,3156285097
fw,-57.2501220703125,-84.8131866455078,50.669160316513434,99.26010085209772,3156301764
fw,-58.5239295959472,-83.7164306640625,48.80116856517778,90.62738811896361,3156318431
fw,-59.6923027038574,-82.6122589111328,42.00084895823348,83.15481857726664,3156335098
fw,-60.5974655151367,-81.4982528686523,31.98736963780104,76.72230795562663,3156351765
fw,-61.3289527893066,-80.37939453125,20.717292121144133,70.5884185470088,3156368432
fw,-61.2673149108886,-79.2973327636718,9.991002000031578,63.495041371577656,3156385099
fw,-61.0111236572265,-78.3493194580078,1.1341289118415447,53.89100147787806,3156401766
fw,-60.7526702880859,-77.6788101196289,-5.156080382908871,40.2294758631897,3156418433
fw,-61.0269432067871,-77.3663177490234,-8.754318645777465,21.28852401416726,3156435100
fw,-62.0249633789062,-77.4522705078125,-9.877914243891075,-3.5324179532991784,3156451767
fw,-62.4999122619628,-77.8328781127929,-8.804795887242102,-33.985961197119465,3156468434
fw,-62.3789863586425,-78.7621154785156,-5.685024110505222,-68.87001283574747,3156485101
fw,-62.233585357666,-80.4142150878906,-0.533270456394547,-106.08925693772214,3156501768
fw,-62.1394500732421,-82.7727584838867,6.620178795139158,-142.91033230309915,3156518435
fw,-62.1855201721191,-85.8869094848632,15.530644062335115,-176.38730067162433,3156535102
fw,-62.7222442626953,-89.0784683227539,25.61994502579866,-203.87432721196063,3156551769
fw,-63.7131042480468,-86.1192474365234,36.01307060198806,-223.49971738035572,3156568436
fw,-64.9355316162109,-81.9515533447265,45.72603995194773,-234.47429611223805,3156585103
fw,-66.3240356445312,-78.0189666748046,53.93098123087571,-237.15399617535905,3156601770
fw,-67.6985244750976,-74.4502868652343,60.19146471457889,-232.85303714358756,3156618437
fw,-69.0974044799804,-70.7628631591796,64.57235411866988,-223.4759187191294,3156635104
fw,-70.4937438964843,-67.2904891967773,67.57771180904409,-211.0735687136846,3156651771
fw,-71.9114227294921,-64.1279907226562,69.93871305812611,-197.42457529251624,3156668438
fw,-73.3843994140625,-61.2274627685546,72.3327738352633,-183.71543376576673,3156685105
fw,-74.967544555664,-58.4666786193847,75.13917234795001,-170.36788441738625,3156701772
fw,-76.6554794311523,-56.0216484069824,78.31623038154109,-157.04265586285285,3156718439
fw,-78.4260940551757,-54.1013031005859,81.43343754558843,-142.8272708038227,3156735106
fw,-80.2633056640625,-51.6598587036132,83.83446790538667,-126.58009987041044,3156751773
fw,-82.1208724975586,-49.2398796081543,84.86679488580052,-107.35127487517187,3156768440
fw,-83.8811264038086,-47.2322616577148,84.10068016207359,-84.75193936766868,3156785107
fw,-85.5451736450195,-46.9722480773925,81.47260159540654,-59.14083211286252,3156801774
fw,-87.0682907104492,-47.166934967041,77.31683999075781,-31.57299513164928,3156818441
fw,-88.4933776855468,-47.350715637207,72.28268292904714,-3.57266573105921,3156835108
fw,-90.0,-47.5359573364257,67.1636089197933,23.139355082973985,3156851775
fw,-89.136116027832,-48.048973083496,62.68388924221489,46.86537097198548,3156868442
fw,-88.1254959106445,-49.0821914672851,59.29691166099727,66.08638508308057,3156885109
fw,-87.0794601440429,-50.4413871765136,57.04770116465371,79.59965739260217,3156901776
fw,-85.9188919067382,-52.4776344299316,55.53647725663443,86.67164126408893,3156918443
fw,-84.7564468383789,-54.2288055419921,53.99070401661707,87.18496545838966,3156935110
fw,-83.7315597534179,-55.7455673217773,51.42057611047829,81.71490107448662,3156951777
fw,-82.8128585815429,-57.1502876281738,46.8133973755378,71.47373379766023,3156968444
fw,-81.9748077392578,-58.1865539550781,39.32236579251851,58.10804646116126,3156985111
fw,-81.3407516479492,-58.7294578552246,28.416555035422185,43.39595896546123,3157001778
fw,-81.0060195922851,-58.77339553833,13.970174115691847,28.939891935000215,3157018445
fw,-80.979995727539,-58.5405349731445,-3.7219529043166224,15.964380485194429,3157035112
fw,-81.3453369140625,-59.3143196105957,-24.005254986805014,5.290157080041772,3157051779
fw,-82.2477722167968,-60.4402694702148,-45.990172674686356,-2.5351710091872333,3157068446
fw,-83.8106842041015,-60.487133026123,-68.70958467141303,-7.0670182236181995,3157085113
fw,-85.9230194091796,-59.892780303955,-91.26037808302776,-7.896080897816276,3157101780
fw,-88.0793991088867,-59.4071617126464,-112.87640586985982,-4.740786619868777,3157118447
fw,-86.9034576416015,-59.365867614746,-132.9028345699225,2.370554749660934,3157135114
fw,-84.1185073852539,-59.7249908447265,-150.69325312424294,12.963907540679452,3157151781
fw,-81.1181869506836,-60.223834991455,-165.50676318055685,26.128305226409125,3157168448
fw,-78.0738372802734,-60.9608650207519,-176.50100559711927,40.67728902053189,3157185115
fw,-75.0562515258789,-62.1356315612793,-182.8728009783717,55.39780750004991,3157201782
fw,-71.7968215942382,-63.5416183471679,-184.1082723159639,69.29370461928622,3157218449
fw,-68.3340606689453,-65.0411376953125,-180.22109266135035,81.74160455548359,3157235116
fw,-65.2073898315429,-66.4699630737304,-171.8339635722246,92.51362449221182,3157251783
fw,-62.763313293457,-68.0211868286132,-160.01942546092403,101.672547946505,3157268450
fw,-60.6675376892089,-69.8816223144531,-145.94024208054145,109.39156567510688,3157285117
fw,-58.857120513916,-71.8503646850586,-130.44955556015483,115.77118021179804,3157301784
fw,-57.1962509155273,-73.7044296264648,-113.85035617224162,120.71586643140873,3157318451
fw,-55.4637145996093,-75.5194778442382,-95.94277021591213,123.90759431012964,3157335118
fw,-53.9230308532714,-77.4867553710937,-76.34513721247848,124.88671461618218,3157351785
fw,-52.7238044738769,-79.6409835815429,-54.93903487191534,123.22231377765377,3157368452
fw,-51.9996910095214,-81.7740020751953,-32.228517278887274,118.7207995529545,3157385119
fw,-52.0575141906738,-83.4563522338867,-9.445931162865376,111.59612127995584,3157401786
fw,-52.7363090515136,-84.6176986694336,11.644624187760076,102.52969363253,3157418453
fw,-53.8270149230957,-85.4781875610351,29.161399912834042,92.58754533622462,3157435120
fw,-54.8179702758789,-85.9336471557617,41.5703455518555,83.01404698525936,3157451787
fw,-55.9339027404785,-85.8649749755859,48.04161027994512,74.95768068536397,3157468454
fw,-57.2603797912597,-85.4945449829101,48.610177910729625,69.1961462000046,3157485121
fw,-58.5532112121582,-84.9354629516601,44.13431550069471,65.92424338244103,3157501788
fw,-59.3497200012207,-84.1783599853515,36.09089136444705,64.65418490895946,3157518455
fw,-60.3328437805175,-83.2389678955078,26.26119336844105,64.2523293138959,3157535122
fw,-60.7067375183105,-82.2391357421875,16.37080396337954,63.10208754800023,3157551789
fw,-60.3959083557128,-81.245002746582,7.762307570456233,59.35377365605519,3157568456
fw,-60.1269340515136,-80.3851165771484,1.189144822802076,51.2114497430961,3157585123
fw,-60.0377464294433,-79.8081970214843,-3.197393497232139,37.215145636022854,3157601790
fw,-60.7439346313476,-79.5765914916992,-5.655348175600591,16.493310662340424,3157618457
fw,-61.8019485473632,-79.6816101074218,-6.533195235866924,-11.029881604900615,3157635124
fw,-62.0696449279785,-80.197151184082,-5.978523370388822,-44.49438765160052,3157651791
fw,-61.9116973876953,-81.4294815063476,-3.822064552776776,-82.07192678067877,3157668458
fw,-61.7756462097168,-83.2030334472656,0.3109920865584904,-121.09297645886538,3157685125
fw,-61.8209915161132,-85.5903396606445,6.735123181280563,-158.36645030816646,3157701792
fw,-61.9913253784179,-87.8339080810546,15.429809866423835,-190.6717923192338,3157718459
fw,-62.7466049194335,-85.5898971557617,25.89097219115931,-215.33122913227774,3157735126
fw,-63.7611007690429,-81.5157165527343,37.173774249200264,-230.7147658321772,3157751793
fw,-65.0390472412109,-77.4374389648437,48.108355601033956,-236.52855094641578,3157768460
fw,-66.3825531005859,-73.6415557861328,57.60550954693491,-233.79926967279343,3157785127
fw,-67.7945098876953,-70.0319671630859,64.94097301195984,-224.56436387268548,3157801794
fw,-69.2229919433593,-66.4409866333007,69.91992509857037,-211.3607442875994,3157818461
fw,-70.6891326904296,-63.4146041870117,72.87128555525977,-196.64179694226033,3157835128
fw,-72.2376861572265,-60.7445945739746,74.48500659242015,-182.24947977133775,3157851795
fw,-73.7933883666992,-57.9542427062988,75.55818807266901,-169.04828705033006,3157868462
fw,-75.357795715332,-55.6718826293945,76.73857130687584,-156.80078061233039,3157885129
fw,-76.9814910888671,-53.7756042480468,78.34448886899646,-144.32427113780673,3157901796
fw,-78.644905090332,-51.3957824707031,80.30847874296744,-129.90993371517314,3157918463
fw,-80.3422088623046,-49.1167907714843,82.25015508614244,-111.91214871197508,3157935130
fw,-82.1875686645507,-46.9524993896484,83.64374187922128,-89.34476731780642,3157951797
fw,-84.0026245117187,-45.8542098999023,84.01697765573333,-62.29326178725887,3157968464
fw,-85.6113510131836,-46.1731910705566,83.11039655861383,-32.00774150085506,3157985131
fw,-87.0685577392578,-46.6105308532714,80.94484713741764,-0.6695208002962358,3158001798
fw,-88.5126037597656,-47.0750427246093,77.7844480702981,29.053185066250084,3158018465
fw,-90.0,-47.7244682312011,74.02258025948359,54.504571367101164,3158035132
fw,-88.8117218017578,-48.9535827636718,70.04011566388891,73.48527894662506,3158051799
fw,-87.5034637451171,-50.3782615661621,66.08268096155643,84.59457242752474,3158068466
fw,-86.3166122436523,-52.8506164550781,62.18653890862401,87.4462692100418,3158085133
fw,-85.1923751831054,-54.463134765625,58.1624738978348,82.72049642948387,3158101800
fw,-84.1245346069336,-55.4817543029785,53.63053887382017,72.01480371437151,3158118467
fw,-83.1091537475586,-56.1195983886718,48.087832405983384,57.50771377777467,3158135134
fw,-82.1838760375976,-56.9665870666503,40.98789649694634,41.5211465874396,3158151801
fw,-81.5449066162109,-57.4504432678222,31.815239384519888,26.108386853640994,3158168468
fw,-81.2919540405273,-57.4067039489746,20.150657034580078,12.775914240676855,3158185135
fw,-81.2024993896484,-57.0508422851562,5.734882079060136,2.3956473106897183,3158201802
fw,-81.2384643554687,-57.4569854736328,-11.462468541320916,-4.692827663120233,3158218469
fw,-81.6065597534179,-58.4164657592773,-31.179362451470066,-8.452318652343038,3158235136
fw,-82.5065536499023,-58.5359458923339,-52.83448195236643,-8.91128355820903,3158251803
fw,-84.1372985839843,-58.1100273132324,-75.5667732028955,-6.050556062144903,3158268470
fw,-86.4857635498046,-57.7459983825683,-98.33879920293182,0.13151193696458258,3158285137
fw,-88.4496002197265,-57.6899490356445,-120.0605095472507,9.439445937197732,3158301804
fw,-86.6987991333007,-58.1935882568359,-139.67839751714774,21.32164316949593,3158318471
fw,-83.8472213745117,-58.8825759887695,-156.20966591273023,34.843070628805556,3158335138
fw,-80.7433700561523,-59.7611999511718,-168.7571269948567,48.816917861929994,3158351805
fw,-77.7064514160156,-60.9369964599609,-176.56814626728965,62.04442000719808,3158368472
fw,-74.6376800537109,-62.4419517517089,-179.16954640171411,73.57516056575074,3158385139
fw,-71.3623580932617,-63.978702545166,-176.53815447677914,82.90186933699354,3158401806
fw,-68.0894012451171,-65.4628295898437,-169.20629495082324,90.0306842920656,3158418473
fw,-65.3412933349609,-66.988525390625,-158.20149660327985,95.41038794240443,3158435140
fw,-63.0058517456054,-68.6778945922851,-144.79181948452376,99.74933703864404,3158451807
fw,-60.9039573669433,-70.5369720458984,-130.11590959401067,103.77864317857443,3158468474
fw,-58.9968338012695,-72.3229141235351,-114.85398400018025,108.02551170661954,3158485141
fw,-57.3096199035644,-74.0363693237304,-99.09246241668542,112.64955725959891,3158501808
fw,-55.7166900634765,-75.8479614257812,-82.45230497541623,117.38009249540765,3158518475
fw,-54.3426971435546,-77.8343200683593,-64.43464284975319,121.57493147267847,3158535142
fw,-53.3184432983398,-79.9994659423828,-44.84268810529985,124.39364124475009,3158551809
fw,-52.7252578735351,-82.234992980957,-24.105603117395066,125.04144386515273,3158568476
fw,-52.7703971862793,-84.2979354858398,-3.3695245369225404,123.01051181720554,3158585143
fw,-53.4260559082031,-85.8492813110351,15.684948582798974,118.24246827069602,3158601810
fw,-54.5278892517089,-86.7959518432617,31.231801779641888,111.16411278520047,3158618477
fw,-55.6274223327636,-86.9601745605468,41.754959687634454,102.59179673046154,3158635144
fw,-56.9252815246582,-86.1733627319336,46.42191182785818,93.53391850789298,3158651811
fw,-58.4137725830078,-85.0704193115234,45.277487618668125,84.93454422426709,3158668478
fw,-59.6902885437011,-84.0936965942382,39.227612918766695,77.40520549012793,3158685145
fw,-60.593204498291,-83.2384490966796,29.834725382059528,71.00096202254838,3158701812
fw,-61.3488540649414,-82.3465042114257,18.97936911178288,65.1053347077413,3158718479
fw,-61.2867126464843,-81.3582763671875,8.469232642512326,58.476051330728396,3158735146
fw,-60.9955558776855,-80.3640213012695,-0.3018470583008688,49.46119065023835,3158751813
fw,-60.6485023498535,-79.586067199707,-6.543664580593345,36.34127014863854,3158768480
fw,-60.9118194580078,-79.1868286132812,-10.049904743888124,17.71667648682039,3158785147
fw,-61.8888778686523,-79.2813110351562,-10.994066412562258,-7.143407890751636,3158801814
fw,-62.3103675842285,-79.8091659545898,-9.653746942399303,-38.05441195761841,3158818481
fw,-62.1703491210937,-80.9982070922851,-6.209774243226879,-73.8130414513528,3158835148
fw,-62.0016975402832,-82.8311996459961,-0.7150135986649322,-112.26249589746406,3158851815
fw,-62.0046844482421,-85.2503890991211,6.778274661533762,-150.5366966614,3158868482
fw,-62.2091789245605,-88.3840866088867,16.03234358605412,-185.46762473949988,3158885149
fw,-62.8610458374023,-87.424201965332,26.50012156556164,-214.09823105705934,3158901816
fw,-63.9649085998535,-83.2858352661132,37.34078281885218,-234.19875804751524,3158918483
fw,-65.2369995117187,-78.7166595458984,47.5789040008931,-244.6611710532672,3158935150
fw,-66.6062469482421,-74.4952697753906,56.34660819752872,-245.66507847948733,3158951817
fw,-68.0315933227539,-70.7212829589843,63.11455368790732,-238.56799702078897,3158968484
fw,-69.4351043701171,-66.9002304077148,67.82264212012547,-225.54935677567724,3158985151
fw,-70.8813934326171,-63.7427558898925,70.8599847080488,-209.10037845776316,3159001818
fw,-72.3895721435546,-60.8821830749511,72.90066837874598,-191.48255921918775,3159018485
fw,-73.9208374023437,-57.9848709106445,74.65449407875703,-174.27707718247942,3159035152
fw,-75.4573135375976,-55.7674598693847,76.6198972503047,-158.12520111849204,3159051819
fw,-77.0231170654296,-53.8167419433593,78.92219414528428,-142.7212220727516,3159068486
fw,-78.6731567382812,-51.5561256408691,81.28920343302539,-127.06499324629235,3159085153
fw,-80.4178009033203,-49.3732185363769,83.16905414948785,-109.91063900199408,3159101820
fw,-82.2793273925781,-47.2587699890136,83.9452141219872,-90.27458563574379,3159118487
fw,-84.0442199707031,-46.1688766479492,83.16828605005267,-67.8294522006032,3159135154
fw,-85.5993576049804,-46.1639938354492,80.71920966696648,-43.05245230168766,3159151821
fw,-86.9243927001953,-46.5518188476562,76.84944815881161,-17.110722165294458,3159168488
fw,-88.1600570678711,-46.9525260925293,72.0961951358463,8.418156885447077,3159185155
fw,-89.278823852539,-47.2654113769531,67.11662167586657,31.851840175475477,3159201822
fw,-89.1108932495117,-47.9025077819824,62.50314569522655,51.646175455803245,3159218489
fw,-88.1316680908203,-49.0586509704589,58.63165166470601,66.5668236431307,3159235156
fw,-87.1020050048828,-50.8352622985839,55.57212394148959,75.82022005654328,3159251823
fw,-86.0702590942382,-52.668285369873,53.07004523120707,79.1544550970846,3159268490
fw,-85.031265258789,-53.9947547912597,50.591357000170085,76.90178271561456,3159285157
fw,-84.0276489257812,-54.9602851867675,47.413622071331766,69.92660718434051,3159301824
fw,-83.1019821166992,-56.4055938720703,42.74187807239003,59.474806690431826,3159318491
fw,-82.3848037719726,-57.2555885314941,35.83012174589357,46.96024589714325,3159335158
fw,-81.9430999755859,-57.6761932373046,26.0964429744179,33.74481425851171,3159351825
fw,-81.6933364868164,-57.5693092346191,13.225615369519426,20.972384689025617,3159368492
fw,-81.541275024414,-57.3739738464355,-2.7501986801167844,9.510834129073961,3159385159
fw,-81.7047424316406,-58.3890342712402,-21.414956752080656,0.022180844145561485,3159401826
fw,-82.4033279418945,-59.3381843566894,-42.008002141187106,-6.891691023495924,3159418493
fw,-83.7993240356445,-59.0362091064453,-63.55550808147504,-10.588159830091628,3159435160
fw,-86.0013427734375,-58.3006324768066,-85.06589455742241,-10.436637975841487,3159451827
fw,-88.5144424438476,-57.6649169921875,-105.7114589668522,-6.026120999782846,3159468494
fw,-87.411392211914,-57.7797050476074,-124.9055448270649,2.5915330190259382,3159485161
fw,-84.5626068115234,-58.1902542114257,-142.23306203025817,14.773137636722897,3159501828
fw,-81.6058120727539,-58.654727935791,-157.28158467353643,29.35090949341957,3159518495
fw,-78.7215499877929,-59.4953346252441,-169.4908674222194,44.87312721678006,3159535162
fw,-75.7903289794921,-60.8609352111816,-178.13597050984583,59.92969974780737,3159551829
fw,-72.560432434082,-62.3606452941894,-182.47922799625664,73.45339719380667,3159568496
fw,-69.1996078491211,-63.8289604187011,-182.01921123267476,84.90294182429324,3159585163
fw,-66.0426559448242,-65.2812957763671,-176.69905097362224,94.27791426011673,3159601830
fw,-63.2486877441406,-66.8540802001953,-166.95423910746177,101.9764796279986,3159618497
fw,-60.8055419921875,-68.6839828491211,-153.57037395938912,108.55915324540973,3159635164
fw,-58.6187324523925,-70.6525344848632,-137.42683604968047,114.5008772133663,3159651831
fw,-56.732177734375,-72.614028930664,-119.259322490786,119.9994686295717,3159668498
fw,-55.0746803283691,-74.4961395263671,-99.55528908734895,124.88163667086178,3159685165
fw,-53.6308135986328,-76.3872909545898,-78.62170892458074,128.62584231215052,3159701832
fw,-52.6152992248535,-78.3861389160156,-56.7790199580099,130.50335345767581,3159718499
fw,-52.03271484375,-80.5768127441406,-34.57889595888925,129.81332649625895,3159735166
fw,-51.7740516662597,-82.7205581665039,-12.935477716571976,126.15224235287266,3159751833
fw,-52.0458526611328,-84.3661575317382,6.903283519395538,119.62902354503453,3159768500
fw,-52.9394264221191,-85.3091964721679,23.552297874559695,110.93882923258285,3159785167
fw,-54.0236740112304,-85.6069793701171,35.79256599967622,101.25037349848243,3159801834
fw,-55.2159767150878,-85.3135375976562,42.874644873188636,91.92674732149979,3159818501
fw,-56.5704193115234,-84.6648712158203,44.7182653681311,84.15716475937703,3159835168
fw,-57.8028106689453,-83.955093383789,41.94863443202763,78.60525741978182,3159851835
fw,-58.6948699951171,-83.1570587158203,35.76725867913327,75.17506722203144,3159868502
fw,-59.5900115966796,-82.1317138671875,27.698806411263142,72.96327693107715,3159885169
fw,-60.1796569824218,-80.9035339355468,19.279769167482616,70.41157589631948,3159901836
fw,-60.3472900390625,-79.6711120605468,11.76503771533059,65.61166829593506,3159918503
fw,-60.2648696899414,-78.6753158569336,5.92819367961214,56.67419229395923,3159935170
fw,-60.2616004943847,-78.0508728027343,2.015833770802744,42.07283207875107,3159951837
fw,-60.9770736694335,-77.8223648071289,-0.1245211189912924,20.9107894423429,3159968504
fw,-62.2135505676269,-77.9692230224609,-0.7911379177259542,-6.901909252959473,3159985171
fw,-62.8798561096191,-78.4737854003906,-0.16580532698540326,-40.55552031363868,3160001838
fw,-62.9485282897949,-79.6995544433593,1.8230169949639032,-78.34094155091539,3160018505
fw,-62.9429321289062,-81.559944152832,5.439706133717487,-117.77244656862337,3160035172
fw,-63.0771751403808,-84.0413513183593,10.923088038575585,-155.86001965963834,3160051839
fw,-63.2015571594238,-87.1640701293945,18.23691767067253,-189.5237694462768,3160068506
fw,-63.7834205627441,-87.885025024414,26.92809236157577,-216.08808114252557,3160085173
fw,-64.8353881835937,-84.0280151367187,36.171561865819626,-233.7448861849121,3160101840
fw,-66.1600341796875,-79.6874465942382,44.98815619691884,-241.86139346932254,3160118507
fw,-67.5219802856445,-75.7459030151367,52.541253085898354,-241.04229378581005,3160135174
fw,-68.871353149414,-72.1216812133789,58.384620096104875,-232.9291527710403,3160151841
fw,-70.1646728515625,-68.470588684082,62.559696155275454,-219.79716158024456,3160168508
fw,-71.4526901245117,-65.2260513305664,65.51135725338634,-204.05629242013677,3160185175
fw,-72.8086700439453,-62.2511100769043,67.87053495142054,-187.7679993139768,3160201842
fw,-74.2660217285156,-59.3402938842773,70.20114010723304,-172.26609995613745,3160218509
fw,-75.8248062133789,-56.9570808410644,72.80826928987426,-157.94468386465786,3160235176
fw,-77.448371887207,-55.1253929138183,75.66400012542552,-144.25545543011205,3160251843
fw,-79.1257247924804,-52.9366493225097,78.45397966523542,-129.93260716944803,3160268510
fw,-80.8185729980468,-50.7945518493652,80.70831763332558,-113.41823747400055,3160285177
fw,-82.4860763549804,-48.8382759094238,81.96438839798397,-93.39330021773546,3160301844
fw,-84.1527938842773,-47.3357162475585,81.91281942969091,-69.2607347330198,3160318511
fw,-85.7882995605468,-47.0077171325683,80.49139312965382,-41.42788127041556,3160335178
fw,-87.3409729003906,-47.3542823791503,77.90713293237182,-11.310339635728448,3160351845
fw,-88.8061447143554,-47.8996391296386,74.58196639051744,18.912633554563627,3160368512
fw,-90.0,-48.5597457885742,71.03311137029583,46.68821848742088,3160385179
fw,-88.7368469238281,-49.5086250305175,67.71583289317756,69.52035113564122,3160401846
fw,-87.5849227905273,-50.9448280334472,64.86945916550864,85.37663474222477,3160418513
fw,-86.4110565185546,-52.913158416748,62.410744911129306,93.03672939605718,3160435180
fw,-85.2209854125976,-55.3319549560546,59.907364262826015,92.33505900946923,3160451847
fw,-84.0509033203125,-56.9981880187988,56.641134450758095,84.22510471824943,3160468514
fw,-82.9474868774414,-58.1196937561035,51.7445977290706,70.60450935270715,3160485181
fw,-81.9143905639648,-58.9870529174804,44.375258116902074,53.91133716134893,3160501848
fw,-81.1404037475586,-59.2230186462402,33.88431517820864,36.598943846051284,3160518515
fw,-80.762222290039,-59.1627578735351,19.942561440296497,20.66044546720889,3160535182
fw,-80.6936569213867,-58.8111953735351,2.6027118014343147,7.364955820378848,3160551849
fw,-80.9247894287109,-59.3607711791992,-17.70341970915294,-2.7161740167632566,3160568516
fw,-81.6002883911132,-60.6869087219238,-40.222394085486854,-9.447172511737914,3160585183
fw,-82.8938674926757,-60.8300743103027,-63.97658288157761,-12.80357643310084,3160601850
fw,-84.9154663085937,-60.0554504394531,-87.88185231816028,-12.684867792608884,3160618517
fw,-87.5026779174804,-59.4292869567871,-110.85583542503443,-8.95842482435709,3160635184
fw,-87.906135559082,-59.248607635498,-131.88419523830186,-1.6663316982472791,3160651851
fw,-85.3058090209961,-59.5056533813476,-150.03371252332877,8.769655178880676,3160668518
fw,-82.3145370483398,-59.819595336914,-164.44360311476294,21.48370932192291,3160685185
fw,-79.2222747802734,-60.425910949707,-174.3564558370481,35.28378290832605,3160701852
fw,-76.1538467407226,-61.4949035644531,-179.2313724761844,48.904424073953784,3160718519
fw,-72.964614868164,-62.8340263366699,-178.9161781111243,61.30076504089477,3160735186
fw,-69.6662063598632,-64.1585235595703,-173.78753370221835,71.88214091974889,3160751853
fw,-66.6614074707031,-65.5033721923828,-164.7490991755707,80.60794461656289,3160768520
fw,-64.1145782470703,-66.8849868774414,-153.03078587009637,87.91784552857033,3160785187
fw,-61.8956260681152,-68.4883804321289,-139.8347550837745,94.52446724166704,3160801854
fw,-59.9120979309082,-70.2624969482421,-125.96856289739448,101.13473153863565,3160818521
fw,-58.1218490600585,-71.9470291137695,-111.63274291013565,108.17708429947376,3160835188
fw,-56.291275024414,-73.5813903808593,-96.46866970168612,115.60537550935189,3160851855
fw,-54.6777610778808,-75.3427124023437,-79.85586557474144,122.83693915159758,3160868522
fw,-53.5339889526367,-77.3254089355468,-61.33832936588751,128.858928151187,3160885189
fw,-52.7969512939453,-79.4838790893554,-41.009111864592725,132.49376074009785,3160901856
fw,-52.4298591613769,-81.7107543945312,-19.705725286205418,132.75699164094758,3160918523
fw,-52.6904678344726,-83.5881576538086,1.0559219091011882,129.19471578113243,3160935190
fw,-53.545051574707,-84.841323852539,19.38873977947746,122.08117107656237,3160951857
fw,-54.7311553955078,-85.4298400878906,33.48179447343394,112.39928313878869,3160968524
fw,-55.8121223449707,-85.2943954467773,42.044334440076476,101.59953181730704,3160985191
fw,-57.2405967712402,-84.7455139160156,44.61606927983139,91.2043141341077,3161001858
fw,-58.6091499328613,-84.0033798217773,41.66998715474005,82.3710054196496,3161018525
fw,-59.8925514221191,-83.1640472412109,34.49815989559796,75.53686638560556,3161035192
fw,-60.8363380432128,-82.2335815429687,24.917151800639857,70.24332314906201,3161051859
fw,-61.3056144714355,-81.2140579223632,14.862230089409948,65.18479213293215,3161068526
fw,-61.0878257751464,-80.1708526611328,5.970529470838158,58.46547086678688,3161085193
fw,-60.7162017822265,-79.270278930664,-0.72627815502275,47.99733644831751,3161101860
fw,-60.6037292480468,-78.7361755371093,-4.896682522751986,31.949096164589463,3161118527
fw,-61.3474769592285,-78.56787109375,-6.7601584400903425,9.160450542686954,3161135194
fw,-62.4257774353027,-78.7797241210937,-6.7687613296190285,-20.54435944693336,3161151861
fw,-62.716438293457,-79.463150024414,-5.277187688429687,-56.192519743342054,3161168528
fw,-62.5560989379882,-81.0145416259765,-2.3611794478504287,-95.68724459453973,3161185195
fw,-62.4315376281738,-83.2323303222656,2.143753159306418,-136.0457059189222,3161201862
fw,-62.5218238830566,-86.0780410766601,8.433390710666103,-173.84037044131776,3161218529
fw,-62.5356559753418,-88.5608749389648,16.485922029144096,-205.7783292717205,3161235196
fw,-63.0563278198242,-85.0328826904296,25.906403525769576,-229.2955079836881,3161251863
fw,-64.0268402099609,-80.8787231445312,35.940517232622,-243.01410130873248,3161268530
fw,-65.2884979248046,-76.8556137084961,45.65264439419888,-246.9393029172366,3161285197
fw,-66.5452041625976,-72.8934097290039,54.191703642143835,-242.35165746428768,3161301864
fw,-67.8206634521484,-69.0313415527343,61.032728345858935,-231.44185543507274,3161318531
fw,-69.1644134521484,-65.4587097167968,66.0976085579036,-216.78987361672603,3161335198
fw,-70.5590286254882,-62.4033470153808,69.71580108692172,-200.80204714697646,3161351865
fw,-72.0244674682617,-59.4167518615722,72.4542165514737,-185.21213856030002,3161368532
fw,-73.5153579711914,-56.8751983642578,74.89190978703147,-170.74425598501153,3161385199
fw,-75.067642211914,-54.8570098876953,77.4235169190522,-157.02164779576205,3161401866
fw,-76.7393951416015,-52.6290855407714,80.15050182281779,-142.76972986548967,3161418533
fw,-78.4435577392578,-50.3629875183105,82.87893916838635,-126.29232058374893,3161435200
fw,-80.184326171875,-47.8906669616699,85.20594005720385,-106.10371073815013,3161451867
fw,-81.9300003051757,-45.9213829040527,86.65591879561302,-81.5158591510863,3161468534
fw,-83.612548828125,-45.3762817382812,86.82434675617088,-52.97106373979723,3161485201
fw,-85.206298828125,-45.7493553161621,85.49447455165124,-22.007709528119463,3161501868
fw,-86.7953338623046,-46.5235366821289,82.7039843537295,9.093082049987338,3161518535
fw,-88.3395233154296,-47.2819137573242,78.74865133945539,37.80822003943956,3161535202
fw,-89.337661743164,-48.1052055358886,74.11876155491889,61.83645729346534,3161551869
fw,-88.6181716918945,-49.2184410095214,69.37559877387699,79.42530738105967,3161568536
fw,-87.5969467163086,-50.6671295166015,64.99270029842386,89.56003469375113,3161585203
fw,-86.5313568115234,-52.9486427307128,61.20372659448268,92.05422348834168,3161601870
fw,-85.3914718627929,-54.7981834411621,57.902598389126645,87.55641520949023,3161618537
fw,-84.221923828125,-56.0963058471679,54.62498280948012,77.4478897571474,3161635204
fw,-83.0648651123046,-57.3562545776367,50.61156524331152,63.60819895351631,3161651871
fw,-82.0832366943359,-58.0962524414062,44.930304210782325,48.075376650246085,3161668538
fw,-81.4420471191406,-58.3705520629882,36.62905705145556,32.68777288967037,3161685205
fw,-81.0750503540039,-58.3153076171875,24.89908750858204,18.822167225327384,3161701872
fw,-80.8277435302734,-58.1435241699218,9.23920408439967,7.319664455610265,3161718539
fw,-80.8266906738281,-59.2070121765136,-10.394906950677704,-1.3841232924515232,3161735206
fw,-81.2638778686523,-60.2331390380859,-33.4897044321021,-7.0138015700801,3161751873
fw,-82.2967147827148,-59.954288482666,-58.96557188148598,-9.259085785067645,3161768540
fw,-84.2174530029296,-59.3120231628418,-85.2885552334445,-7.7695155096824955,3161785207
fw,-86.9324188232421,-58.731575012207,-110.68509447938838,-2.3470393295005723,3161801874
fw,-88.9280853271484,-58.8549194335937,-133.39888478414343,6.797307433288748,3161818541
fw,-86.4155960083007,-59.3425140380859,-151.91905103534785,18.89776462511587,3161835208
fw,-83.318862915039,-59.9757270812988,-165.14213416387574,32.69831547953722,3161851875
fw,-80.0620803833007,-60.8407592773437,-172.47728456673002,46.70847981790998,3161868542
fw,-76.8963851928711,-62.1731071472168,-173.91979659625537,59.55031176000747,3161885209
fw,-73.717414855957,-63.6491737365722,-170.08756743950175,70.27425740938864,3161901876
fw,-70.529426574707,-65.0035324096679,-162.16971418388803,78.543345182753,3161918543
fw,-67.7147445678711,-66.3006439208984,-151.72646172370352,84.63465205814428,3161935210
fw,-65.3114471435546,-67.7315673828125,-140.33086504622426,89.26956445946465,3161951877
fw,-63.1492462158203,-69.3393402099609,-129.13561961248737,93.3370071185499,3161968544
fw,-61.0991630554199,-70.930061340332,-118.52412923988737,97.59617586242928,3161985211
fw,-59.0917167663574,-72.4074020385742,-108.00719961287433,102.43803649461911,3162001878
fw,-57.0938644409179,-73.974136352539,-96.44167003048969,107.76364159517192,3162018545
fw,-55.3137588500976,-75.7546768188476,-82.51495032558957,113.0107334907013,3162035212
fw,-53.8747482299804,-77.8129959106445,-65.32624103857879,117.32421037818054,3162051879
fw,-53.0226936340332,-79.8610076904296,-44.85485068732142,119.82157371500112,3162068546
fw,-52.7175102233886,-81.6274108886718,-22.151932926327103,119.86902495625115,3162085213
fw,-52.971694946289,-83.0554504394531,0.8046080100522065,117.27958420757163,3162101880
fw,-53.7443695068359,-84.2320098876953,21.5397726752728,112.37552143257959,3162118547
fw,-54.7723922729492,-85.0293350219726,37.66218314396435,105.90403329061598,3162135214
fw,-56.2105712890625,-85.1394958496093,47.43106981205628,98.8331245740965,3162151881
fw,-57.8039245605468,-84.7055740356445,50.16138417973719,92.07590552825828,3162168548
fw,-59.4270591735839,-83.9954757690429,46.36915374834596,86.20343262346098,3162185215
fw,-60.6201133728027,-83.136360168457,37.62679320679522,81.21394458594885,3162201882
fw,-61.6011161804199,-82.1839981079101,26.17045203629944,76.4233011064,3162218549
fw,-61.8808059692382,-81.1858825683593,14.366908056286523,70.51904202901979,3162235216
fw,-61.535846710205,-80.1570205688476,4.190777421453045,61.78090337760316,3162251883
fw,-61.1827507019043,-79.2684097290039,-3.133730680178148,48.42713573106677,3162268550
fw,-61.1709823608398,-78.6271057128906,-7.221726123001614,29.01432996290245,3162285217
fw,-62.1523666381835,-78.4752883911132,-8.340734374784654,2.808005251694082,3162301884
fw,-63.1272392272949,-78.8589782714843,-7.054983005939004,-29.949726345691925,3162318551
fw,-63.3069610595703,-79.8306503295898,-3.8783306162432014,-67.92992811068967,3162335218
fw,-63.1470108032226,-81.6803894042968,0.9070720960856791,-108.79647281615107,3162351885
fw,-63.1835250854492,-84.1297149658203,7.213518449084426,-149.48170185664145,3162368552
fw,-63.3918190002441,-87.1497421264648,14.961008624416555,-186.62846400684674,3162385219
fw,-63.6871910095214,-87.5682067871093,23.877104640026904,-217.12434542486025,3162401886
fw,-64.6501083374023,-83.4961547851562,33.40603492519785,-238.6144697988819,3162418553
fw,-65.9272842407226,-79.3308181762695,42.77981394015935,-249.8696914900639,3162435220
fw,-67.4032363891601,-75.3871307373046,51.21918457596175,-250.92566099659905,3162451887
fw,-68.7961807250976,-71.5736236572265,58.17002415041103,-242.98214841574645,3162468554
fw,-70.1593246459961,-67.5282363891601,63.466891521489835,-228.1168926354149,3162485221
fw,-71.5709457397461,-64.0391464233398,67.3527943564645,-208.88798569616097,3162501888
fw,-73.0595169067382,-60.889663696289,70.3507748325123,-187.88238378571964,3162518555
fw,-74.5539169311523,-57.967227935791,73.04427441523337,-167.25594984236326,3162535222
fw,-76.1067123413086,-56.0353660583496,75.85364824383124,-148.3282110795572,3162551889
fw,-77.7589492797851,-54.5860252380371,78.88881832131129,-131.3300945670401,3162568556
fw,-79.5151901245117,-52.6961212158203,81.92212221064413,-115.41490980015183,3162585223
fw,-81.2836380004882,-50.8812370300293,84.47880401973323,-98.99103702353283,3162601890
fw,-83.0597991943359,-48.9512176513671,86.00405848427984,-80.31690638104621,3162618557
fw,-84.8651580810546,-47.4098739624023,86.04672977446054,-58.17350572602,3162635224
fw,-86.5366592407226,-47.033275604248,84.40189337073154,-32.37987096982936,3162651891
fw,-88.0938110351562,-47.3699264526367,81.17235123239504,-3.9805051714891695,3162668558
fw,-89.6400909423828,-48.0848579406738,76.73553875645092,24.929150451267205,3162685225
fw,-89.0453033447265,-48.9622497558593,71.62951131500293,51.64608108093447,3162701892
fw,-87.8209381103515,-50.3148536682128,66.39202022714802,73.42348587322205,3162718559
fw,-86.7273864746093,-51.549503326416,61.39658053066959,88.02068119435076,3162735226
fw,-85.6429748535156,-53.83984375,56.728760366064876,94.14231677194421,3162751893
fw,-84.5495376586914,-55.9283981323242,52.134718498834225,91.69427545356227,3162768560
fw,-83.5442733764648,-57.4106826782226,47.0537868993902,81.79834767806662,3162785227
fw,-82.6061248779296,-58.603515625,40.72430115439298,66.54384192911125,3162801894
fw,-81.8236618041992,-59.2850379943847,32.33588929874565,48.526185400190634,3162818561
fw,-81.3602294921875,-59.4272918701171,21.196151418719683,30.302571422201027,3162835228
fw,-81.182144165039,-59.1547203063964,6.882235163274967,13.935418885858079,3162851895
fw,-81.2866592407226,-58.9496231079101,-10.647587291715908,0.7655862618121321,3162868562
fw,-81.7992172241211,-60.1346168518066,-31.003730245260737,-8.541127483570444,3162885229
fw,-82.7642974853515,-60.8296775817871,-53.39200871271326,-13.762360939351442,3162901896
fw,-84.4077072143554,-60.2375717163085,-76.7172452682673,-14.878939713854415,3162918563
fw,-86.7670516967773,-59.481460571289,-99.73772103827508,-11.974667056925746,3162935230
fw,-88.8870620727539,-59.1975898742675,-121.22119134900953,-5.294814679008923,3162951897
fw,-86.4861526489257,-59.4620704650878,-140.0542674741298,4.6408319284397495,3162968564
fw,-83.4503097534179,-59.8830642700195,-155.29196160431718,16.994918034226462,3162985231
fw,-80.2241668701171,-60.3512916564941,-166.1825927098622,30.693992386310708,3163001898
fw,-77.0445175170898,-61.205768585205,-172.22327313056206,44.60790506359435,3163018565
fw,-73.9401321411132,-62.4842643737793,-173.26753883943883,57.759086260201094,3163035232
fw,-70.5483627319336,-63.8318328857421,-169.63858816319097,69.48944021758285,3163051899
fw,-67.2766799926757,-65.1520004272461,-162.149992572828,79.53027592100526,3163068566
fw,-64.7114562988281,-66.4964294433593,-151.94748189898334,87.95578541219037,3163085233
fw,-62.4839859008789,-68.0344772338867,-140.17209560079232,95.04469417058779,3163101900
fw,-60.5638465881347,-69.7583084106445,-127.56494162997176,101.10668289580725,3163118567
fw,-58.7727546691894,-71.5760498046875,-114.20674717904778,106.33389672093813,3163135234
fw,-57.0107841491699,-73.3617553710937,-99.54994931142987,110.71853185670211,3163151901
fw,-55.2691078186035,-75.0811004638671,-82.76718478762967,114.05298220134605,3163168568
fw,-53.7293357849121,-76.9429702758789,-63.282778184308555,116.00960207256111,3163185235
fw,-52.7710990905761,-78.9756698608398,-41.26008193991128,116.2790683737161,3163201902
fw,-52.4672241210937,-81.0181732177734,-17.833469949334702,114.72503851849606,3163218569
fw,-52.8299369812011,-82.7490768432617,5.015535291796649,111.49727920105302,3163235236
fw,-53.6509132385253,-84.0640258789062,24.893109276000356,107.05296191590142,3163251903
fw,-54.8786697387695,-85.1422348022461,39.58189807549993,102.07042453794627,3163268570
fw,-56.123779296875,-85.8951110839843,47.58984477259095,97.28158866479984,3163285237
fw,-57.3689193725585,-85.9745025634765,48.50462766899192,93.27209201676908,3163301904
fw,-58.9219398498535,-85.4473190307617,43.08044371979638,90.29565412485049,3163318571
fw,-60.1100997924804,-84.6099548339843,33.061363563012065,88.1374073024351,3163335238
fw,-60.827465057373,-83.5932388305664,20.795816498710174,86.05511247640453,3163351905
fw,-61.3322448730468,-82.4932403564453,8.729166395399213,82.82394874669804,3163368572
fw,-60.9770202636718,-81.3326797485351,-1.1096990381541252,76.896727465008,3163385239
fw,-60.6658630371093,-80.1160430908203,-7.494930694730803,66.66301923662564,3163401906
fw,-60.3922042846679,-79.133674621582,-10.149451007279925,50.75905936102728,3163418573
fw,-60.8101921081543,-78.5959014892578,-9.603516332404551,28.36284517688973,3163435240
fw,-62.0915069580078,-78.6297378540039,-6.823143095979711,-0.5847171784472327,3163451907
fw,-62.8913307189941,-79.2247695922851,-2.76250456878769,-35.26837367413056,3163468574
fw,-62.9769897460937,-80.4298553466796,1.9713269890755618,-74.0101525923389,3163485241
fw,-62.9892807006835,-82.4110565185546,7.213376800721044,-114.40691592379882,3163501908
fw,-63.1826095581054,-84.8858032226562,13.093973844511174,-153.5916832470146,3163518575
fw,-63.5228233337402,-87.9966049194336,19.765381516773903,-188.60271894556675,3163535242
fw,-63.9610595703125,-87.6261138916015,27.16105603195485,-216.81537124306453,3163551909
fw,-64.9649581909179,-83.3631896972656,34.90791932019613,-236.3568180773484,3163568576
fw,-66.1451797485351,-79.0444564819336,42.42310039175296,-246.4047699219083,3163585243
fw,-67.4705734252929,-74.9763565063476,49.1338268896079,-247.28798667240673,3163601910
fw,-68.7048568725586,-71.0652236938476,54.703380409987105,-240.35904265055902,3163618577
fw,-69.9581756591796,-67.2538528442382,59.14993783519874,-227.67272348397734,3163635244
fw,-71.2543411254882,-64.0280303955078,62.80326721127439,-211.5470709506356,3163651911
fw,-72.6368331909179,-60.8744430541992,66.12491375347788,-194.09898815159747,3163668578
fw,-74.0998382568359,-57.7759437561035,69.47993544292795,-176.84239996272478,3163685245
fw,-75.6080856323242,-55.7046127319335,72.96463818908268,-160.42592034872976,3163701912
fw,-77.2568893432617,-53.6182746887207,76.36241632404383,-144.5724154189096,3163718579
fw,-79.0325317382812,-51.547019958496,79.23840371191129,-128.25660130423577,3163735246
fw,-80.8874893188476,-49.4761962890625,81.12322275327168,-110.10275816553087,3163751913
fw,-82.6572799682617,-47.4114646911621,81.70301399801016,-88.90446892735544,3163768580
fw,-84.2338790893554,-46.0045089721679,80.93891328105242,-64.10270828349793,3163785247
fw,-85.6537322998046,-45.7986412048339,79.07748301982068,-36.061840845693354,3163801914
fw,-87.0345611572265,-46.4733924865722,76.56303720102946,-6.069540803233184,3163818581
fw,-88.4774932861328,-46.9753952026367,73.89824450966353,23.894028149158014,3163835248
fw,-90.0,-47.6271781921386,71.5060848817194,51.501301722043095,3163851915
fw,-88.8468246459961,-48.5057792663574,69.62852109557288,74.43670194479886,3163868582
fw,-87.471450805664,-50.0527725219726,68.27268435149833,90.73357581945807,3163885249
fw,-86.1465988159179,-52.1043052673339,67.19888226947018,99.08662455925526,3163901916
fw,-84.8432998657226,-54.2920150756835,65.93978531570853,99.11393418392258,3163918583
fw,-83.5972137451171,-56.1360626220703,63.84291444207053,91.49773116068778,3163935250
fw,-82.4263000488281,-57.5394744873046,60.13415217175005,77.92363106942611,3163951917
fw,-81.3006515502929,-59.0308952331543,54.003583117451036,60.78615516862243,3163968584
fw,-80.363655090332,-59.343578338623,44.71272310427917,42.711533588960606,3163985251
fw,-79.7470626831054,-59.0679359436035,31.714769653239223,26.029628980401473,3164001918
fw,-79.4058609008789,-58.5272140502929,14.77180267365858,12.370320866379144,3164018585
fw,-79.3643493652343,-59.0437355041503,-5.951755116851441,2.530603653262927,3164035252
fw,-79.778823852539,-60.390811920166,-29.842307804615817,-3.359255008746571,3164051919
fw,-80.6422271728515,-60.7530250549316,-55.858552573618645,-5.499232729670465,3164068586
fw,-82.3536376953125,-60.5293884277343,-82.63169813883098,-4.127753677012097,3164085253
fw,-84.9239120483398,-60.1011352539062,-108.62928689538782,0.5691930177651313,3164101920
fw,-87.6434097290039,-59.8836021423339,-132.33810855001767,8.34904483116369,3164118587
fw,-87.7100524902343,-60.3533630371093,-152.41386736946473,18.73470377503434,3164135254
fw,-85.1139221191406,-60.7928047180175,-167.7748769733055,30.91810502647955,3164151921
fw,-81.9853363037109,-61.4137001037597,-177.6641701818619,43.82344711431266,3164168588
fw,-78.7606964111328,-62.6221656799316,-181.72393617214667,56.31415171345749,3164185255
fw,-75.5968780517578,-64.2599487304687,-180.09388154066755,67.46082312847352,3164201922
fw,-72.2595520019531,-65.7844314575195,-173.48493609188415,76.7606729678449,3164218589
fw,-69.0558853149414,-67.0818099975586,-163.14199580160266,84.21552419724665,3164235256
fw,-66.4324951171875,-68.3926010131836,-150.63077971719315,90.2349072941762,3164251923
fw,-64.19140625,-69.8850021362304,-137.4644884786808,95.40786324252795,3164268590
fw,-62.2212677001953,-71.4686889648437,-124.6856582939961,100.23869195079,3164285257
fw,-60.3220863342285,-73.0938873291015,-112.57469399165255,104.94371707299278,3164301924
fw,-58.4102821350097,-74.8423919677734,-100.62525659556839,109.36983875227814,3164318591
fw,-56.6138038635253,-76.6572189331054,-87.81830773742091,113.04803189045593,3164335258
fw,-55.1432571411132,-78.5972366333007,-73.09933244263567,115.3537515771272,3164351925
fw,-54.094871520996,-80.4885940551757,-55.882145722556615,115.71809193796518,3164368592
fw,-53.4521827697753,-82.1358566284179,-36.3999500865836,113.82296739679052,3164385259
fw,-53.408275604248,-83.5193862915039,-15.788680944863145,109.72399405325122,3164401926
fw,-53.9321746826171,-84.6745834350586,4.116538555322132,103.87195839791845,3164418593
fw,-54.8081092834472,-85.4536056518554,21.20046914585594,97.03406131313216,3164435260
fw,-55.8023338317871,-85.6318893432617,33.573630292804786,90.13583025178512,3164451927
fw,-57.2290573120117,-85.1958847045898,40.02564169928413,84.05138138449196,3164468594
fw,-58.7163429260253,-84.4105148315429,40.31479468933742,79.37220971884703,3164485261
fw,-60.2433738708496,-83.552993774414,35.227802069405456,76.19192065642956,3164501928
fw,-61.235065460205,-82.6890335083007,26.393342936461973,73.95657542950279,3164518595
fw,-61.8294677734375,-81.7992706298828,15.890313036491639,71.43708238581088,3164535262
fw,-61.6648597717285,-80.8157958984375,5.755367372835886,66.86620225790547,3164551929
fw,-61.2974090576171,-79.7586517333984,-2.4591075173450947,58.241855632395826,3164568596
fw,-60.9842796325683,-78.9167785644531,-7.930302845674857,43.743404104967034,3164585263
fw,-61.3331680297851,-78.4496078491211,-10.538137898804463,22.165369918831807,3164601930
fw,-62.4304504394531,-78.4635009765625,-10.604692359949379,-6.73542622663914,3164618597
fw,-63.1581382751464,-78.9959030151367,-8.542554087480683,-42.059467513432445,3164635264
fw,-63.1636695861816,-80.3790893554687,-4.5915645488573205,-81.79283273162689,3164651931
fw,-62.9811286926269,-82.6058044433593,1.2349024518099614,-123.04778513965522,3164668598
fw,-62.9478378295898,-85.4240570068359,8.99634228604391,-162.4820762580816,3164685265
fw,-62.989891052246,-89.0146408081054,18.579672153819512,-196.82580193454774,3164701932
fw,-63.4313240051269,-86.8134078979492,29.51631417052772,-223.4130872152976,3164718599
fw,-64.4462585449218,-82.5044631958007,40.97070814906935,-240.6038200606316,3164735266
fw,-65.8248062133789,-78.4630355834961,51.91594173934001,-248.0008166909635,3164751933
fw,-67.3683395385742,-74.4810409545898,61.420538220816226,-246.42048271391278,3164768600
fw,-68.935791015625,-70.6278076171875,68.91903278910573,-237.63954691140245,3164785267
fw,-70.5089645385742,-66.9329986572265,74.3472243777406,-223.98657609721008,3164801934
fw,-72.0492935180664,-63.5900039672851,78.08565985066974,-207.86185890444875,3164818601
fw,-73.5785980224609,-60.5544891357421,80.74163397409298,-191.2663658739618,3164835268
fw,-75.1124649047851,-57.8072395324707,82.86868301436903,-175.41905108540237,3164851935
fw,-76.7695617675781,-55.7241554260253,84.74212520439991,-160.54441250854612,3164868602
fw,-78.5663909912109,-53.7288970947265,86.27533515106504,-145.9029820012718,3164885269
fw,-80.480728149414,-51.3696479797363,87.09545070124975,-130.09372500852712,3164901936
fw,-82.3569717407226,-49.0417404174804,86.7320258041774,-111.57151777196317,3164918603
fw,-84.0757369995117,-47.0425834655761,84.83533760206097,-89.22635992154927,3164935270
fw,-85.5736618041992,-46.2745170593261,81.34301372143571,-62.82832663353241,3164951937
fw,-86.9559249877929,-46.3354454040527,76.54520050414013,-33.19738348174225,3164968604
fw,-88.2274551391601,-46.7391815185546,71.03894098947906,-2.081660913181252,3164985271
fw,-89.1367950439453,-47.275535583496,65.59365410685258,28.162981233999908,3165001938
fw,-89.0031814575195,-48.1025772094726,60.966030373504424,54.97067191202004,3165018605
fw,-88.1760864257812,-49.209415435791,57.70840338509787,75.9623167457361,3165035272
fw,-87.1352233886718,-50.5271492004394,56.01312771279125,89.31573172377422,3165051939
fw,-86.000862121582,-52.9273681640625,55.626052311427436,94.09233406212114,3165068606
fw,-84.8904418945312,-55.0641860961914,55.84629795203383,90.4665683910749,3165085273
fw,-83.77001953125,-56.6620483398437,55.61322968454142,79.76612324322073,3165101940
fw,-82.6541519165039,-58.1709747314453,53.66849995043795,64.24744781701065,3165118607
fw,-81.582778930664,-58.5081710815429,48.76897118872024,46.619048783711726,3165135274
fw,-80.7336120605468,-58.3969993591308,39.91365535723658,29.443035622991665,3165151941
fw,-80.2152786254882,-58.2487564086914,26.539934545908817,14.623442558852625,3165168608
fw,-79.9634399414062,-57.8742408752441,8.647870462471788,3.1737436776783703,3165185275
fw,-80.1001434326171,-58.9081954956054,-13.17447913312263,-4.663684443901444,3165201942
fw,-80.7298812866211,-60.16353225708,-37.8330055198753,-9.046923251930297,3165218609
fw,-82.0122756958007,-59.9878234863281,-63.903371900593505,-10.142937936831322,3165235276
fw,-84.2147369384765,-59.4206848144531,-89.86078885228784,-7.9388394520918615,3165251943
fw,-87.1516036987304,-58.8727188110351,-114.29785662596144,-2.3320980307759434,3165268610
fw,-88.2631378173828,-58.8007087707519,-136.05948317978698,6.6064594441386575,3165285277
fw,-85.8522567749023,-59.105670928955,-154.26086966890512,18.391112143384664,3165301944
fw,-82.9476470947265,-59.6251907348632,-168.22511653927614,32.052866967973436,3165318611
fw,-79.8899917602539,-60.5204429626464,-177.43174914609142,46.284804576584605,3165335278
fw,-76.7353057861328,-61.8924446105957,-181.55461358220248,59.73949128404451,3165351945
fw,-73.4576950073242,-63.375373840332,-180.58784983101035,71.36081702591737,3165368612
fw,-70.1765899658203,-64.8331756591796,-174.9706732603396,80.62807957241573,3165385279
fw,-67.1436462402343,-66.2115707397461,-165.59224165591715,87.63079900818632,3165401946
fw,-64.608039855957,-67.6131210327148,-153.61183027448365,92.96065865988177,3165418613
fw,-62.3319396972656,-69.2469635009765,-140.13654642152653,97.47070527103831,3165435280
fw,-60.2871589660644,-71.0011444091796,-125.89320408150276,101.98383656560425,3165451947
fw,-58.4294700622558,-72.7256088256836,-111.05242558981864,107.02905583863124,3165468614
fw,-56.6439514160156,-74.3668060302734,-95.29682008019111,112.6635409320491,3165485281
fw,-55.0935554504394,-76.0940322875976,-78.11068460183095,118.41930702754303,3165501948
fw,-54.0312194824218,-78.0000762939453,-59.16990902818867,123.39500813455939,3165518615
fw,-53.3951187133789,-80.0713195800781,-38.674476636827485,126.48467585916205,3165535282
fw,-53.1246261596679,-82.0494918823242,-17.49856654103534,126.6939620426909,3165551949
fw,-53.4503555297851,-83.6646347045898,2.8925411376677306,123.45708805042865,3165568616
fw,-54.2998809814453,-84.8751602172851,20.728759905484285,116.85591111914528,3165585283
fw,-55.3767013549804,-85.4322891235351,34.33254330755534,107.66492517346019,3165601950
fw,-56.5456275939941,-85.2382736206054,42.508273494405536,97.193926536218,3165618617
fw,-57.9642448425293,-84.6575012207031,44.81957485853355,86.95736687134372,3165635284
fw,-59.3584289550781,-83.8963241577148,41.693933189306186,78.2507580712034,3165651951
fw,-60.6582221984863,-83.0525665283203,34.340395513969824,71.74564593867959,3165668618
fw,-61.7238883972168,-82.1691513061523,24.501312658013124,67.21482725703994,3165685285
fw,-62.1778984069824,-81.3247985839843,14.089412947504748,63.46857543486493,3165701952
fw,-62.0603141784668,-80.4393539428711,4.795196529740249,58.53185357120109,3165718619
fw,-61.7535362243652,-79.5390548706054,-2.2244834647432357,50.03555923088919,3165735286
fw,-61.5571479797363,-78.7938079833984,-6.475157600840421,35.7429361521868,3165751953
fw,-62.2040786743164,-78.3507080078125,-8.030471509144984,14.09654880312251,3165768620
fw,-63.2941398620605,-78.3944091796875,-7.270041193094413,-15.338025982437122,3165785287
fw,-63.6764602661132,-79.0315246582031,-4.5851751017254525,-51.63554126816739,3165801954
fw,-63.4332160949707,-80.6490707397461,-0.20043037828918026,-92.54205748313092,3165818621
fw,-63.2348403930664,-83.0475769042968,5.814189019962524,-134.7779891696471,3165835288
fw,-63.303539276123,-85.8566970825195,13.380100014560787,-174.55954294784496,3165851955
fw,-63.4249801635742,-88.3592071533203,22.21668447063195,-208.2367902134218,3165868622
fw,-64.0659561157226,-85.3138275146484,31.74231082811034,-232.91810036699854,3165885289
fw,-65.2586212158203,-81.2124938964843,41.13514817745668,-246.94848686078222,3165901956
fw,-66.6829833984375,-77.1448974609375,49.53587469408383,-250.1406336160795,3165918623
fw,-68.034439086914,-73.2217941284179,56.30459120255818,-243.71986123463955,3165935290
fw,-69.3035736083984,-69.3359680175781,61.216569858325556,-230.0136927676594,3165951957
fw,-70.5584640502929,-65.6148452758789,64.50969634714711,-211.9611503617401,3165968624
fw,-71.8681106567382,-62.5800247192382,66.76599396066231,-192.5298572177266,3165985291
fw,-73.2106170654296,-59.9476432800293,68.68191052041074,-174.13259810486193,3166001958
fw,-74.6096801757812,-57.3556823730468,70.82137219196186,-158.14734530279367,3166018625
fw,-76.0874710083007,-55.7025489807128,73.44052090729119,-144.6557213108745,3166035292
fw,-77.6780319213867,-53.6947135925293,76.43522740611208,-132.49703165036817,3166051959
fw,-79.3318176269531,-51.5195922851562,79.4133425628309,-119.66794745072798,3166068626
fw,-80.9900207519531,-49.132095336914,81.85322866989769,-103.98619758825316,3166085293
fw,-82.6736755371093,-47.1671066284179,83.29011648875921,-83.82328711817783,3166101960
fw,-84.3730850219726,-46.3049163818359,83.47261396179383,-58.666180329579625,3166118627
fw,-86.0179824829101,-46.2717819213867,82.44592973355138,-29.333693490267727,3166135294
fw,-87.561050415039,-46.6078948974609,80.53924835028361,2.1828372224143004,3166151961
fw,-89.0118637084961,-47.3013267517089,78.25938549086499,33.15113207163918,3166168628
fw,-89.5855102539062,-48.3634643554687,76.118467710791,60.64318435515805,3166185295
fw,-88.2685546875,-49.6654052734375,74.44331100554561,82.05940378309144,3166201962
fw,-86.9317779541015,-51.3249588012695,73.22095610304088,95.55089006748635,3166218629
fw,-85.5802230834961,-53.5342369079589,72.025560603952,100.29763420385487,3166235296
fw,-84.2100677490234,-55.5482368469238,70.04989717847047,96.61301001377655,3166251963
fw,-82.8897247314453,-56.9651489257812,66.23704861607656,85.85222493798975,3166268630
fw,-81.6336288452148,-58.364028930664,59.48206241358261,70.13125461956513,3166285297
fw,-80.5945205688476,-58.8471488952636,48.85642120297228,51.91593971733267,3166301964
fw,-79.9436874389648,-59.1702041625976,33.80591503165321,33.59118580625196,3166318631
fw,-79.6269378662109,-59.1379165649414,14.285223023735941,17.133893806925084,3166335298
fw,-79.6642761230468,-59.2962112426757,-9.188236958101287,3.972577676026698,3166351965
fw,-80.2269821166992,-60.506721496582,-35.56471291947927,-4.971165996351348,3166368632
fw,-81.3124160766601,-60.95654296875,-63.37473829508982,-9.158955260216992,3166385299
fw,-83.1294784545898,-60.2916641235351,-90.91515000859565,-8.364806352539249,3166401966
fw,-85.8201828002929,-59.5757446289062,-116.48154155217546,-2.7259384786333243,3166418633
fw,-88.548957824707,-59.480785369873,-138.5957800675195,7.142087972141757,3166435300
fw,-87.1256790161132,-60.0232505798339,-156.16886115435582,20.100882623583846,3166451967
fw,-84.1502227783203,-60.7363777160644,-168.5661356192498,34.61416915106532,3166468634
fw,-80.8809204101562,-61.7316589355468,-175.59186725934305,49.03303185215697,3166485301
fw,-77.6913070678711,-63.0555763244628,-177.44221186453586,61.943007766843074,3166501968
fw,-74.6357192993164,-64.4658432006836,-174.6614831310613,72.45081526524469,3166518635
fw,-71.5576095581054,-65.8630752563476,-168.09209225679703,80.31966838162012,3166535302
fw,-68.52783203125,-67.2055130004882,-158.77696427780353,85.91984543173544,3166551969
fw,-65.9264907836914,-68.6349716186523,-147.78429949553214,90.02223616557673,3166568636
fw,-63.5448989868164,-70.1377334594726,-135.97466938783688,93.50733780572882,3166585303
fw,-61.3507957458496,-71.6998291015625,-123.78710798867165,97.07747796264883,3166601970
fw,-59.3249740600585,-73.2720489501953,-111.14254617941795,101.04734962814506,3166618637
fw,-57.4609947204589,-74.8917236328125,-97.52881898267245,105.25998603660949,3166635304
fw,-55.878620147705,-76.5764617919921,-82.25842283580826,109.14361472916868,3166651971
fw,-54.5960845947265,-78.3098678588867,-64.81833354724354,111.89329531165775,3166668638
fw,-53.8232383728027,-80.1257934570312,-45.19448843403094,112.73066992664235,3166685305
fw,-53.4768829345703,-81.7918319702148,-24.062572978162926,111.17043584143863,3166701972
fw,-53.5361213684082,-83.2036743164062,-2.7803518004330643,107.21326419681156,3166718639
fw,-54.0895271301269,-84.2267456054687,16.82533000205491,101.40034572321181,3166735306
fw,-55.0700378417968,-84.8641281127929,32.82814075922679,94.70308168525821,3166751973
fw,-56.3359718322753,-85.0393524169921,43.63640103216505,88.26945843564752,3166768640
fw,-57.8977661132812,-84.8377609252929,48.37761653591841,83.08928694341289,3166785307
fw,-59.4187927246093,-84.3585052490234,47.126717711948984,79.66253712748868,3166801974
fw,-61.0034866333007,-83.6592483520507,40.90872265320751,77.75582066130234,3166818641
fw,-62.1931266784668,-82.7707824707031,31.463698159345906,76.31435700170074,3166835308
fw,-62.8263206481933,-81.8304061889648,20.825882679302975,73.56528172054684,3166851975
fw,-62.6376571655273,-80.8993453979492,10.829109398038069,67.30850997575149,3166868642
fw,-62.2765312194824,-79.9543151855468,2.6905248325166853,55.34923464847283,3166885309
fw,-62.0523872375488,-79.1571426391601,-3.1844050538181556,35.98794767142532,3166901976
fw,-62.8436889648437,-78.7003173828125,-7.110015513621422,8.458816241412265,3166918643
fw,-63.8529548645019,-78.902114868164,-9.80084355032154,-26.793742765190498,3166935310
fw,-64.1085815429687,-79.9150619506836,-11.990780805436803,-68.08097269112811,3166951977
fw,-63.8836555480957,-81.921630859375,-14.17755539374024,-112.70297894963744,3166968644
