Label,Left_Hip_q,Right_Hip_q,Left_Hip_qd,Right_Hip_qd,SampleTimeFine
bas,15.133544921875,16.9616680145263,-4.78635215759277,4.1006212234497,1098068035
bas,19.259370803833,16.6156768798828,-8.673146372746006,-13.02756857301282,1098084702
bas,22.0492687225341,15.4775295257568,-7.137482976956559,-15.50110254539751,1098101369
bas,22.1706352233886,12.5539398193359,-5.764178759019019,-17.419350279841588,1098118036
bas,20.0913257598876,9.8963584899902,-4.636883321011571,-18.389239413470612,1098134703
bas,19.0264072418212,8.4015483856201,-3.751079596862557,-18.2513238274523,1098151370
bas,19.4319095611572,7.6542453765869,-3.0101602655128197,-17.097075981011084,1098168037
bas,19.0204277038574,6.9190959930419,-2.250981884888091,-15.224175440677364,1098184704
bas,17.0495929718017,5.9249620437622,-1.2899585466545818,-13.05476048830622,1098201371
bas,14.4931888580322,5.3405704498291,0.024074101386164705,-11.038778077623846,1098218038
bas,12.2111740112304,4.9771089553833,1.76372553023811,-9.55939365929807,1098234705
bas,10.6813821792602,4.6589279174804,3.8937722500262093,-8.856013612266263,1098251372
bas,9.52638530731201,4.7634487152099,6.264851639345952,-8.978803142337908,1098268039
bas,6.74711751937866,5.2502603530883,8.63254522153433,-9.78282212152656,1098284706
bas,3.49274039268493,5.8664903640747,10.700321366230387,-10.961582789613303,1098301373
bas,0.934617936611175,7.2831764221191,12.180040755697874,-12.11238598082249,1098318040
bas,-0.559719860553741,9.9843616485595,12.858558688416789,-12.820352259631589,1098334707
bas,-1.42827892303466,13.0431365966796,12.654991475685453,-12.744033715855211,1098351374
bas,-2.36758065223693,15.6374778747558,11.65275220973605,-11.683817556838775,1098368041
bas,-4.26419782638549,18.2632999420166,10.094978280433898,-9.61791455416453,1098384708
bas,-6.34089231491088,21.9914932250976,8.340790624577792,-6.7005023455088955,1098401375
bas,-7.86615753173828,26.5866050720214,6.790509162342979,-3.2283646468680387,1098418042
bas,-9.43515014648437,30.8494682312011,5.797330817288237,0.41082837781302595,1098434709
bas,-10.4696044921875,32.8498344421386,5.587818191126154,3.7967449891273013,1098451376
bas,-10.6594104766845,33.1018447875976,6.211909426316553,6.534110509151757,1098468043
bas,-10.4044742584228,32.5914192199707,7.53561504678808,8.304462391137026,1098484710
bas,-9.49388790130615,31.5282478332519,9.278313497447387,8.905030283786532,1098501377
bas,-7.52113962173461,29.2173233032226,11.083979674058519,8.269678770740022,1098518044
bas,-5.05465650558471,26.0877532958984,12.604710834764717,6.473053275687695,1098534711
bas,-2.81960844993591,22.5459632873535,13.570020014441074,3.7225751984946185,1098551378
bas,-0.371305376291275,18.9621028900146,13.821071889695228,0.3392085806138967,1098568045
bas,2.81825137138366,16.7023067474365,13.305284752750863,-3.2780204523463246,1098584712
bas,6.9389681816101,13.4964809417724,12.045903731419656,-6.708064875231556,1098601379
bas,10.9344882965087,10.3060321807861,10.112060720217462,-9.578257425137416,1098618046
bas,14.1517105102539,7.3138332366943,7.610613279487558,-11.629452697393118,1098634713
bas,17.6385440826416,5.5825204849243,4.703681997673518,-12.752709603658083,1098651380
bas,22.6476554870605,4.2253160476684,1.63494818152453,-12.986908648958474,1098668047
bas,28.0994052886962,2.6644830703735,-1.2641520222681235,-12.486424413451791,1098684714
bas,33.5471115112304,1.758412361145,-3.611490366949496,-11.478183883014477,1098701381
bas,36.0784759521484,1.5597505569458,-5.054910737146441,-10.2217197761234,1098718048
bas,34.3718338012695,2.0545740127563,-5.368892844532844,-8.97367458717224,1098734715
bas,32.1852226257324,2.9623746871948,-4.524920557051077,-7.952684875294832,1098751382
bas,30.0259456634521,3.7371263504028,-2.703259157500114,-7.304987737272337,1098768049
bas,27.8340435028076,4.6568536758422,-0.24205184379575875,-7.078762245288748,1098784716
bas,26.4018268585205,5.8536596298217,2.453202942200018,-7.218125108794116,1098801383
bas,24.8487548828125,6.6436977386474,5.005768731032827,-7.582912019637916,1098818050
bas,22.458116531372,7.5457859039306,7.1410716014791475,-7.9901725086657205,1098834717
bas,18.1310348510742,9.3980178833007,8.722061502457732,-8.262619073941554,1098851384
bas,13.7209424972534,12.0543403625488,9.743865223881901,-8.264183419597092,1098868051
bas,9.86079311370849,15.2226085662841,10.29606794839783,-7.908759436671298,1098884718
bas,8.38294696807861,18.9738464355468,10.509813420183379,-7.145057360630689,1098901385
bas,7.05426359176635,22.7590980529785,10.509926692303843,-5.938456399766392,1098918052
bas,5.22815465927124,26.4467582702636,10.386752553903616,-4.275040010772079,1098934719
bas,3.58876419067382,29.2314643859863,10.191102506161027,-2.1969019377095442,1098951386
bas,1.83458793163299,31.4243621826171,9.945134917301496,0.14913344992060196,1098968053
bas,0.618772625923156,33.7401733398437,9.657895960306309,2.4852388093174786,1098984720
bas,0.0990719497203826,35.3812599182128,9.337584855682493,4.428630850129232,1099001387
bas,0.143937841057777,36.0106201171875,8.998777179509965,5.571824597672498,1099018054
bas,0.789849281311035,35.5725173950195,8.66611306266139,5.588297817534089,1099034721
bas,1.62520372867584,33.2417106628418,8.37487105201456,4.322875261280549,1099051388
bas,2.56856346130371,30.4939498901367,8.166350686604014,1.837844048929845,1099068055
bas,3.88693046569824,28.0276641845703,8.075277871720916,-1.5931554297229749,1099084722
bas,5.56455707550048,26.2439956665039,8.10844063383581,-5.5371709446090716,1099101389
bas,7.55865859985351,23.9663314819335,8.218209679668842,-9.488260647711112,1099118056
bas,9.72116756439209,20.6290683746337,8.280940304552658,-12.97100230408201,1099134723
bas,11.4434804916381,17.1393909454345,8.095580155330973,-15.63419054669875,1099151390
bas,13.0858860015869,13.8654403686523,7.416285707638562,-17.30286391785341,1099168057
bas,15.2041769027709,10.9320907592773,6.020695445320927,-17.970929354453034,1099184724
bas,17.4787101745605,8.5183296203613,3.7964351318223954,-17.747879460638305,1099201391
bas,20.1641941070556,6.1802291870117,0.8126873058439481,-16.798291352376964,1099218058
bas,23.7882232666015,4.4804792404174,-2.6579098685516738,-15.309356673340961,1099234725
bas,27.4471359252929,2.986325263977,-6.184333757026733,-13.492434963551242,1099251392
bas,28.9893169403076,0.816987037658601,-9.276580439900949,-11.595086219690854,1099268059
bas,27.8260898590087,-1.59433746337891,-11.501318900611206,-9.893137954176035,1099284726
bas,25.9553413391113,-3.73223161697388,-12.571199534023362,-8.64975994633223,1099301393
bas,23.0253372192382,-5.29847955703736,-12.383657304753704,-8.054005752293296,1099318060
bas,19.4981651306152,-6.28177475929261,-11.01196975987411,-8.166732390802768,1099334727
bas,16.1581954956054,-6.68155765533448,-8.668684562674319,-8.899753554200691,1099351394
bas,14.1530427932739,-6.17262101173401,-5.661698079393338,-10.038778299042297,1099368061
bas,13.5138235092163,-4.87424230575562,-2.351729087511635,-11.301686970376107,1099384728
bas,11.531358718872,-3.30097961425782,0.8908418489331639,-12.409699042874824,1099401395
bas,8.44200420379638,-1.16730690002442,3.7318307633772503,-13.145335251117224,1099418062
bas,5.27326107025146,1.8766155242919,5.915153575868696,-13.378899407714613,1099434729
bas,3.64129757881164,5.3216619491577,7.289472308110555,-13.060758312665834,1099451396
bas,2.95269799232482,8.5698070526123,7.815492270426182,-12.192482289821214,1099468063
bas,1.80554819107055,12.086534500122,7.560596715671146,-10.798332317631056,1099484730
bas,0.312760204076766,15.4730377197265,6.68842685461006,-8.91569405007517,1099501397
bas,-0.823772370815277,18.752046585083,5.441610796642271,-6.610104996656208,1099518064
bas,-1.38595855236053,22.2453804016113,4.108858671802519,-4.003861638512978,1099534731
bas,-1.51453757286071,25.6951179504394,2.9727714410083546,-1.2967011335892535,1099551398
bas,-1.24133598804473,28.0201950073242,2.2479615773374437,1.239540201810278,1099568065
bas,-0.287106692790985,29.3358879089355,2.0289935720300276,3.2952760086885347,1099584732
bas,1.01751220226287,30.5870285034179,2.267409611415691,4.574869996191741,1099601399
bas,2.70174503326416,31.2703018188476,2.788119514193173,4.850287072048907,1099618066
bas,4.95831251144409,30.8088417053222,3.342506061470765,4.006705390851951,1099634733
bas,7.04542112350463,29.6047248840332,3.6827522747183163,2.075170109603248,1099651400
bas,8.45318984985351,28.2786064147949,3.632857098524864,-0.7531241015602398,1099668067
bas,9.77814483642578,26.4810752868652,3.1312225081246523,-4.139363138067828,1099684734
bas,11.1806449890136,24.4095954895019,2.230660888147224,-7.644023857621279,1099701401
bas,13.6508426666259,22.1308250427246,1.0612038042593424,-10.80657253525716,1099718068
bas,16.4651546478271,19.3780517578125,-0.22084015546968425,-13.240594813905245,1099734735
bas,18.6320362091064,16.1048984527587,-1.4694046557789904,-14.714214371424896,1099751402
bas,19.6765079498291,13.3112335205078,-2.555804568648406,-15.187595149248484,1099768069
bas,19.0011348724365,11.627815246582,-3.354036481935604,-14.797883728130085,1099784736
bas,18.6875076293945,10.2116680145263,-3.726963235081165,-13.804645482360078,1099801403
bas,19.0360164642334,8.7414741516113,-3.5335730190617602,-12.520142669217444,1099818070
bas,18.6298637390136,7.8124923706054,-2.6613186850278767,-11.245017410674492,1099834737
bas,16.7455959320068,7.0518074035644,-1.0705135105660069,-10.219776555220793,1099851404
bas,14.0499534606933,6.2491741180419,1.1698053902474406,-9.594861742682234,1099868071
bas,11.5108499526977,5.7075214385986,3.871242112026903,-9.418560345101202,1099884738
bas,10.0434799194335,5.8432865142822,6.746717711737448,-9.640169175386688,1099901405
bas,8.68088245391845,6.4051647186279,9.45758858812317,-10.12475513905128,1099918072
bas,5.8894248008728,6.9633598327636,11.674928130944862,-10.676332157300983,1099934739
bas,2.88118577003479,8.0067729949951,13.13969028226953,-11.067962692924576,1099951406
bas,0.854593455791473,10.1003227233886,13.707944461029262,-11.077813569565857,1099968073
bas,-0.726130068302154,12.6225833892822,13.373281037087049,-10.52759681110664,1099984740
bas,-2.40730500221252,15.2976341247558,12.266362382447797,-9.315788776376733,1100001407
bas,-4.16517925262451,18.2861728668212,10.636039306948089,-7.437172508997821,1100018074
bas,-5.59324645996093,21.4203739166259,8.8146584530137,-4.9851510015463365,1100034741
bas,-7.48804426193237,24.7094230651855,7.166969213684789,-2.140567572313668,1100051408
bas,-9.52443981170654,27.9736595153808,6.0248104035228,0.846402859573267,1100068075
bas,-11.0252647399902,29.626838684082,5.618661361255471,3.679170458169032,1100084742
bas,-11.5798139572143,29.7021484375,6.024610495088648,6.0461789163806285,1100101409
bas,-11.3960466384887,28.1928596496582,7.144779185615143,7.663175948893884,1100118076
bas,-11.0358123779296,26.1846504211425,8.730455599239576,8.319812088326264,1100134743
bas,-10.1173524856567,23.63525390625,10.443912537825675,7.917570657400005,1100151410
bas,-8.37695503234863,20.7754230499267,11.941546829242956,6.488766821348742,1100168077
bas,-6.06823682785034,17.7996654510498,12.952064265458857,4.194308794775169,1100184744
bas,-3.49632048606872,15.0397090911865,13.323689848519038,1.3028147769783123,1100201411
bas,-0.749966025352478,13.3714427947998,13.026520365210125,-1.8465427951857145,1100218078
bas,2.77948284149169,10.3199272155761,12.116609027882236,-4.895352578449126,1100234745
bas,6.48558187484741,6.7257938385009,10.68676168181345,-7.52473036954465,1100251412
bas,9.71566104888916,4.2769689559936,8.833890212402277,-9.507467333808032,1100268079
bas,13.0977382659912,3.5470380783081,6.659641024304214,-10.737486824958898,1100284746
bas,16.8712711334228,2.9844398498535,4.296870943455447,-11.229005023574196,1100301413
bas,20.7889709472656,1.6295547485351,1.9351683587897552,-11.091550305056375,1100318080
bas,24.6109275817871,0.327127456665,-0.1821293829640976,-10.49512190767277,1100334747
bas,27.0608940124511,-0.0407819747924805,-1.7985905852358877,-9.637122033263621,1100351414
bas,26.4786186218261,0.0748195648193004,-2.707871326169328,-8.7143212535717,1100368081
bas,24.7125015258789,0.1538791656494,-2.8100083886663954,-7.897726841494291,1100384748
bas,23.1110229492187,0.60702419281,-2.1349021307676694,-7.30961912088882,1100401415
bas,21.9178581237792,1.1275510787963,-0.8243785172283059,-7.006809198335892,1100418082
bas,20.8967018127441,1.9953870773315,0.9160256557229389,-6.976309030398699,1100434749
bas,19.8560905456542,2.6175775527954,2.8728879336377586,-7.1463481316185,1100451416
bas,18.1876392364501,3.0680265426635,4.866419218143554,-7.409276501268694,1100468083
bas,15.0797853469848,4.1754646301269,6.7659942654588425,-7.6476755815223765,1100484750
bas,11.0691442489624,6.5571479797363,8.481576306108703,-7.753936814624403,1100501417
bas,7.41314077377319,9.5292358398437,9.943467902494504,-7.637343911115877,1100518084
bas,4.67418241500854,12.6369953155517,11.08580947483458,-7.220130094732464,1100534751
bas,2.93270301818847,16.1012134552001,11.84411532787836,-6.4319745222973115,1100551418
bas,1.31314289569854,19.6652297973632,12.168112673013898,-5.216058249054564,1100568085
bas,-0.4124735891819,22.6771430969238,12.043531038324991,-3.5547457757662198,1100584752
bas,-1.90602898597717,24.7480659484863,11.512279892960104,-1.5094435587637245,1100601419
bas,-3.08678030967712,26.5450477600097,10.679759463902423,0.745527273976,1100618086
bas,-3.8024730682373,27.9124679565429,9.70215394613585,2.9199880159453637,1100634753
bas,-3.77369928359985,29.2670516967773,8.755463670914533,4.649348591172567,1100651420
bas,-3.31672930717468,30.0708274841308,7.997077988859001,5.5719681438513415,1100668087
bas,-2.49234509468078,29.432373046875,7.533722082615059,5.416410625856976,1100684754
bas,-1.16486656665802,27.5226402282714,7.405043794584249,4.070379014047168,1100701421
bas,0.516319751739502,25.2383193969726,7.58377301618203,1.6140618025823952,1100718088
bas,2.52359104156494,23.4306983947753,7.986365191925179,-1.6862545985414799,1100734755
bas,4.55778503417968,22.4507446289062,8.485510820808301,-5.421115720865143,1100751422
bas,6.78627014160156,20.6786003112792,8.919031717436894,-9.111128917347761,1100768089
bas,9.44407844543457,17.6591167449951,9.097345052879623,-12.298643075212224,1100784756
bas,11.7442941665649,14.7357559204101,8.818957343140905,-14.636049637987494,1100801423
bas,14.0477867126464,12.3924236297607,7.903451991013271,-15.943386092907527,1100818090
bas,16.3314704895019,9.9072742462158,6.241417097059845,-16.21791243358914,1100834757
bas,18.5102519989013,7.3494396209716,3.8461369567107564,-15.60156403853462,1100851424
bas,21.2188911437988,5.2969827651977,0.8828874609234624,-14.331196444086013,1100868091
bas,24.9688873291015,3.7483739852905,-2.3438432579572077,-12.695653258523775,1100884758
bas,29.0914230346679,2.1617832183837,-5.447317773368317,-11.00563535424752,1100901425
bas,30.1648845672607,0.317837715148899,-8.040975584800623,-9.564986435503126,1100918092
bas,28.9864692687988,-1.54765605926514,-9.816862307923996,-8.6303291291642,1100934759
bas,27.536958694458,-3.0342402458191,-10.596104704745608,-8.359753017119361,1100951426
bas,24.9718608856201,-3.93105411529541,-10.343235556943602,-8.768028165919759,1100968093
bas,21.9294090270996,-4.17077684402466,-9.15088458383036,-9.712294986032452,1100984760
bas,19.0507698059082,-3.80643701553345,-7.2082768996211515,-10.923287882246566,1101001427
bas,17.0640563964843,-2.92203092575074,-4.7659399006619845,-12.077891604216356,1101018094
bas,16.1114082336425,-1.82573413848877,-2.102862492269246,-12.88979872505709,1101034761
bas,14.1444501876831,-0.13002490997315,0.5041531163882925,-13.185880963879203,1101051428
bas,11.2968807220458,2.0608310699462,2.810405541697204,-12.940758387755553,1101068095
bas,8.48472023010253,4.6635456085205,4.62923058442651,-12.258406972069821,1101084762
bas,6.23656749725341,7.4833660125732,5.847377763336343,-11.310153871118587,1101101429
bas,4.28006935119628,10.1708679199218,6.427626837607738,-10.254845289174064,1101118096
bas,3.14472532272338,13.3124904632568,6.404410227265475,-9.173597209604544,1101134763
bas,2.14734458923339,16.2389984130859,5.879805604455333,-8.045927696727913,1101151430
bas,0.781668663024902,18.8387451171875,5.019766117591154,-6.777031321101001,1101168097
bas,-0.0249615665525198,21.2737598419189,4.041949102475703,-5.263288202537577,1101184764
bas,-0.298078626394271,23.9444313049316,3.1863196047656297,-3.465917587129231,1101201431
bas,-0.0749553740024566,26.6495742797851,2.668596057326056,-1.4609200511320792,1101218098
bas,0.585536956787109,28.6039848327636,2.627528564044706,0.5529230774803062,1101234765
bas,1.50531458854675,29.6384010314941,3.083048754160757,2.287365229641772,1101251432
bas,2.6176483631134,30.0853767395019,3.9213097796394107,3.4256277992498076,1101268099
bas,4.22124052047729,30.122947692871,4.915540729134581,3.693556440514127,1101284766
bas,6.15963268280029,29.6207313537597,5.780535187470842,2.925642969609874,1101301433
bas,7.91472959518432,28.7841796875,6.246596602317706,1.1133861115001402,1101318100
bas,9.29177379608154,27.717601776123,6.130109057152233,-1.5748477773755587,1101334767
bas,10.6707324981689,26.0835266113281,5.376881486323201,-4.811311453663586,1101351434
bas,12.369553565979,24.1692237854003,4.0634978388485585,-8.166769909793983,1101368101
bas,15.1956806182861,21.7362003326416,2.35940319208815,-11.199727313226944,1101384768
bas,18.673131942749,19.4112701416015,0.4707329574260214,-13.552643122766973,1101401435
bas,21.5289516448974,16.505802154541,-1.4056841237525635,-15.022592361065577,1101418102
bas,23.4398670196533,13.3874073028564,-3.1002559048449094,-15.582308025290724,1101434769
bas,23.9137020111084,11.2719001770019,-4.464463936920382,-15.350602522592816,1101451436
bas,23.0533580780029,10.0188407897949,-5.36055484457457,-14.53374300743344,1101468103
bas,23.2740955352783,9.0535202026367,-5.665217784539915,-13.36628232521793,1101484770
bas,23.8643627166748,8.2186222076416,-5.290062006430096,-12.069563381398543,1101501437
bas,22.6481418609619,7.365135192871,-4.207229962722628,-10.830289708551105,1101518104
bas,20.1051578521728,6.6226196289062,-2.465312052706751,-9.792270818213211,1101534771
bas,17.3758163452148,6.2553558349609,-0.18835369121283035,-9.05408169471211,1101551438
bas,15.2565488815307,6.1281642913818,2.439104302015755,-8.668642442897772,1101568105
bas,14.0564785003662,6.3164272308349,5.193362916759581,-8.64296131683595,1101584772
bas,13.1464462280273,6.6242980957031,7.83423177398891,-8.937238238140946,1101601439
bas,11.3192844390869,6.9030838012695,10.128763951684917,-9.463877090573373,1101618106
bas,8.52217292785644,7.5758781433105,11.876841065645621,-10.089045281978281,1101634773
bas,5.42310857772827,9.678388595581,12.936214266077023,-10.640778917755604,1101651440
bas,2.8757631778717,12.5221195220947,13.242258365607029,-10.926532184105817,1101668107
bas,1.7108187675476,15.3695125579834,12.819480884742504,-10.75934991218399,1101684774
bas,-0.44335201382637,18.1748046875,11.78458602220714,-9.987832059162606,1101701441
bas,-1.91379058361053,20.9323329925537,10.340085735914275,-8.524110881398103,1101718108
bas,-3.79484677314758,24.1214904785156,8.754573282553276,-6.36676678586684,1101734775
bas,-5.43275022506713,27.629150390625,7.326546982276738,-3.6178644064807086,1101751442
bas,-7.02212905883789,30.9290809631347,6.334731126001571,-0.49053119868266026,1101768109
bas,-8.1742877960205,32.9098777770996,5.984630453567178,2.7021953050366956,1101784776
bas,-8.83370780944824,33.2683677673339,6.364014703232512,5.586383587748271,1101801443
bas,-9.27454090118408,32.6819534301757,7.418896245938919,7.791981568612545,1101818110
bas,-9.16279506683349,31.7603378295898,8.957990045375402,9.025743521531309,1101834777
bas,-8.26239776611328,30.0066680908203,10.68795517826118,9.12812904792779,1101851444
bas,-6.52981042861938,27.002830505371,12.273589043971658,8.097839661841878,1101868111
bas,-4.48377895355224,23.3626518249511,13.408260422636998,6.0827445692344595,1101884778
bas,-2.15652155876159,20.3508167266845,13.874596246817571,3.346891357065346,1101901445
bas,0.406186193227767,18.8065547943115,13.57810330267419,0.22504116086339224,1101918112
bas,3.3462119102478,16.6432132720947,12.547190262010236,-2.927624178621617,1101934779
bas,7.06188535690307,13.2226791381835,10.906667183162536,-5.785423084539909,1101951446
bas,10.8713226318359,9.7395362854003,8.840709478863161,-8.094969000199212,1101968113
bas,14.114405632019,7.4340076446533,6.560726095862307,-9.70248520027884,1101984780
bas,17.0753631591796,6.2615222930908,4.2847096796770145,-10.560624587806592,1102001447
bas,20.360294342041,5.1066265106201,2.2240169038567705,-10.717152685190682,1102018114
bas,23.3908214569091,3.8470630645751,0.5686044677872921,-10.293435897809657,1102034781
bas,25.9948825836181,3.0550022125244,-0.5347469418956683,-9.460556965001446,1102051448
bas,26.8102302551269,2.9847316741943,-1.0081649259735366,-8.416335086709653,1102068115
bas,25.9200420379638,3.2813520431518,-0.8617507119843358,-7.361793054454419,1102084782
bas,24.3451023101806,3.4045753479003,-0.19370572479472833,-6.474694643658473,1102101449
bas,22.9121398925781,3.69029712677,0.834404890894813,-5.881820235615503,1102118116
bas,21.9326114654541,3.8629560470581,2.0414517943302997,-5.637309414311099,1102134783
bas,21.1773567199707,4.0971584320068,3.2737679255147194,-5.7161534420103,1102151450
bas,20.3248329162597,4.4635782241821,4.437851626536647,-6.027375272061631,1102168117
bas,19.2861557006835,5.103853225708,5.5083346055120535,-6.443410206694352,1102184784
bas,17.5396194458007,6.2219448089599,6.5113201090249255,-6.835487841880361,1102201451
bas,14.5238199234008,7.9940719604492,7.491406430609472,-7.10239690877291,1102218118
bas,11.1776208877563,10.6982631683349,8.474948264979306,-7.182540270840309,1102234785
bas,8.07614612579345,13.3291339874267,9.442958822465998,-7.046114846041748,1102251452
bas,6.06938934326171,15.5204219818115,10.32406647889444,-6.67374547750103,1102268119
bas,4.75070810317993,18.1994037628173,11.010737373639872,-6.036029094206036,1102284786
bas,3.1042685508728,20.9995899200439,11.393139322715315,-5.090209257748628,1102301453
bas,1.3363093137741,23.429759979248,11.398568694547823,-3.802570614464137,1102318120
bas,-0.0238356553018093,25.5519790649414,11.022262267201596,-2.190000624885002,1102334787
bas,-1.06734192371368,27.1977577209472,10.337959413120002,-0.3592691437065736,1102351454
bas,-1.78873634338378,28.9896850585937,9.483751150100776,1.4816898765601996,1102368121
bas,-2.09923315048217,30.675121307373,8.628450603238461,3.0544198803817473,1102384788
bas,-2.10828590393066,31.9685478210449,7.931006306277038,4.0741780509006045,1102401455
bas,-1.7064813375473,32.3529396057128,7.506360620624927,4.320978710497246,1102418122
bas,-1.02623283863067,31.3094940185546,7.406189020336822,3.6885778557741102,1102434789
bas,-0.0366098172962665,29.0747299194335,7.616012260883081,2.197541860220649,1102451456
bas,1.51612734794616,26.7825927734375,8.064626763337898,-0.021357998577955582,1102468123
bas,3.55744671821594,25.1498336791992,8.638931918438981,-2.7565822606863772,1102484790
bas,5.78050422668457,24.1072883605957,9.197492184609851,-5.745378117133179,1102501457
bas,8.28477478027343,22.092716217041,9.579980113068071,-8.702086262509484,1102518124
bas,10.851219177246,19.1066532135009,9.615871552444471,-11.349683652692049,1102534791
bas,12.8471040725708,16.0240268707275,9.140332988906996,-13.454006401518878,1102551458
bas,14.8208723068237,13.660041809082,8.023437569825045,-14.851844996642251,1102568125
bas,16.9278583526611,11.4372177124023,6.2100210584621625,-15.46449574121842,1102584792
bas,19.0090923309326,9.1556873321533,3.7567386108438843,-15.298701444096544,1102601459
bas,21.8144912719726,7.1870822906494,0.8476424519908929,-14.445429000753345,1102618126
bas,25.7358589172363,5.7532062530517,-2.2252804975262994,-13.082340081469624,1102634793
bas,29.8283081054687,4.1947774887084,-5.1156980128263685,-11.471290126592352,1102651460
bas,31.0378150939941,2.1310548782348,-7.49351354968256,-9.933030321462914,1102668127
bas,30.3551025390625,-0.17137432098389,-9.107728595076782,-8.788937762569484,1102684794
bas,29.267593383789,-2.18232774734498,-9.822980445567955,-8.280265540080672,1102701461
bas,27.1618518829345,-3.48090791702271,-9.62570974055282,-8.494282500642136,1102718128
bas,24.1274719238281,-3.98062610626221,-8.60840398540954,-9.33063458827038,1102734795
bas,21.4308395385742,-3.81588792800904,-6.944182848029285,-10.527279146993834,1102751462
bas,19.6556587219238,-3.06844711303711,-4.859698201971104,-11.740558072346573,1102768129
bas,18.6899261474609,-2.04048824310303,-2.606854656865831,-12.650620244218844,1102784796
bas,16.9290943145751,-0.54176044464112,-0.4298608337172947,-13.0525271198859,1102801463
bas,14.4804277420043,1.5800914764404,1.4714872297753454,-12.899894488299768,1102818130
bas,12.0298862457275,3.9705476760864,2.9716319819036943,-12.288531187951632,1102834797
bas,9.70958995819091,6.7062339782714,4.027689253135598,-11.3923350452618,1102851464
bas,7.47878408432006,10.0370769500732,4.6618747569198895,-10.381413224862586,1102868131
bas,5.6292233467102,13.9217910766601,4.930219189002022,-9.356271734245306,1102884798
bas,4.46326494216918,17.2470378875732,4.898196123034429,-8.322125613739493,1102901465
bas,3.39745354652404,19.8032569885253,4.635709874233663,-7.2091078663111965,1102918132
bas,2.2377278804779,22.2491264343261,4.226843978609156,-5.925093759146951,1102934799
bas,1.46645390987396,25.0004425048828,3.778354209154542,-4.416162767278438,1102951466
bas,1.08250558376312,27.703369140625,3.412731427266754,-2.7102694794090745,1102968133
bas,1.2564388513565,30.1636009216308,3.2429854355640884,-0.9303868645254109,1102984800
bas,2.01720929145813,31.6845436096191,3.338159753292163,0.723241927765985,1103001467
bas,3.11777472496032,32.2929534912109,3.6945902836855735,2.0126792844471133,1103018134
bas,4.36322021484375,32.5945014953613,4.226601399395386,2.711123613708176,1103034801
bas,5.96497917175293,32.3883514404296,4.783447836883787,2.6495578681437557,1103051468
bas,7.80872297286987,31.7021293640136,5.189597266844699,1.7533821590810594,1103068135
bas,9.47231864929199,30.8325119018554,5.295620589452279,0.06446162597632737,1103084802
bas,10.8431529998779,29.7015419006347,5.0205080387586545,-2.2554323583197133,1103101469
bas,12.3329238891601,28.0855407714843,4.367579802866362,-4.944661124780823,1103118136
bas,14.0813369750976,25.9928665161132,3.4073916108171596,-7.6871635174681,1103134803
bas,16.6960563659667,23.2449188232421,2.2380953921462186,-10.17559567222218,1103151470
bas,19.730993270874,20.619909286499,0.9469675122995875,-12.173135868710036,1103168137
bas,22.0038814544677,17.8577995300292,-0.4035246440930482,-13.551711342010654,1103184804
bas,23.2641468048095,15.2262573242187,-1.7580078464067996,-14.29449962337602,1103201471
bas,23.9130325317382,12.9942741394042,-3.034317723673223,-14.468516427747295,1103218138
bas,24.4512863159179,11.1951332092285,-4.101572494450103,-14.186349899111168,1103234805
bas,25.3957023620605,9.8500423431396,-4.791190230384071,-13.57564220757877,1103251472
bas,26.2231140136718,8.7544803619384,-4.940015181787868,-12.763364505722233,1103268139
bas,25.5529804229736,7.6972923278808,-4.4440361598824305,-11.870311298980193,1103284806
bas,23.4761657714843,6.6765117645263,-3.2955082451150592,-11.007921436344557,1103301473
bas,20.6733074188232,5.7895259857177,-1.5874731846385572,-10.273447463793955,1103318140
bas,17.8175678253173,5.1969404220581,0.5121189699381117,-9.74388136308855,1103334807
bas,15.5710468292236,4.9917068481445,2.8013246406217864,-9.469609248504177,1103351474
bas,14.0817918777465,4.9917087554931,5.082482003307582,-9.467102479355697,1103368141
bas,12.892988204956,4.8489322662353,7.187074593820136,-9.71003462462,1103384808
bas,11.2486763000488,5.181921005249,8.986284706370819,-10.121217109594015,1103401475
bas,8.7276029586792,6.6830711364746,10.392204217540005,-10.570969597816568,1103418142
bas,5.52918815612793,9.0548057556152,11.354298758794537,-10.887612244165835,1103434809
bas,2.84868788719177,11.5530223846435,11.853553385481597,-10.881832558652187,1103451476
bas,1.5064617395401,14.3068542480468,11.897345752585894,-10.38081449357952,1103468143
bas,0.361222088336944,17.0703010559082,11.519469032177705,-9.263656791672132,1103484810
bas,-1.15427935123443,20.0272903442382,10.786905967190553,-7.48945771803008,1103501477
bas,-3.13427662849426,23.7219009399414,9.808510692847184,-5.11337269606145,1103518144
bas,-5.33265495300293,27.7003860473632,8.736683054793325,-2.2901344334478253,1103534811
bas,-7.3644585609436,30.6623039245605,7.755049525773956,0.7354734264746325,1103551478
bas,-8.55187511444091,31.8508567810058,7.051080529591286,3.6547732395422066,1103568145
bas,-9.19421768188476,31.4565811157226,6.77890140914396,6.140338576843908,1103584812
bas,-9.59781551361084,30.2821578979492,7.02232958791375,7.903004521387059,1103601479
bas,-9.84077548980712,29.4811973571777,7.769969191606183,8.743410871177304,1103618146
bas,-9.42341899871826,28.1056327819824,8.911481361397765,8.58114535586601,1103634813
bas,-8.01524639129638,25.12939453125,10.257043833486343,7.4564550892260435,1103651480
bas,-6.10448789596557,21.642614364624,11.573444487515674,5.51236192461644,1103668147
bas,-4.02410697937011,18.6354522705078,12.624689138540171,2.968972528125202,1103684814
bas,-1.50647783279418,16.9570770263671,13.205800160859312,0.09643481114329389,1103701481
bas,1.52312040328979,14.3086128234863,13.16530892462682,-2.8143117825108788,1103718148
bas,5.0788550376892,10.6270732879638,12.420096016755354,-5.485346408198466,1103734815
bas,8.55436420440673,7.4974689483642,10.969454400077858,-7.686820013859604,1103751482
bas,11.4108419418334,5.6504688262939,8.910557945581916,-9.263947170149363,1103768149
bas,14.5530176162719,4.6298332214355,6.447904638974789,-10.148454260950583,1103784816
bas,18.5142669677734,3.0347690582275,3.882244980345899,-10.355773071829349,1103801483
bas,22.5067272186279,1.7209243774414,1.56722712444379,-9.975369297242944,1103818150
bas,25.7744140625,1.0886878967285,-0.164168111486999,-9.158811864068756,1103834817
bas,27.0062294006347,1.224663734436,-1.0833506021433872,-8.1032006726828,1103851484
bas,26.3885498046875,1.4238367080688,-1.1290836645630822,-7.025108683122488,1103868151
bas,25.220998764038,1.3948926925659,-0.4227021768286612,-6.1249598985542,1103884818
bas,23.9184112548828,1.8680877685546,0.7735938334181844,-5.549336022365151,1103901485
bas,22.8669128417968,2.4270248413085,2.141531137288719,-5.363099493518584,1103918152
bas,21.8514442443847,2.9170961380004,3.4037401362260167,-5.541454114866708,1103934819
bas,20.8958492279052,3.2461023330688,4.398629419675886,-5.985165136350801,1103951486
bas,19.7238426208496,3.2662448883056,5.109746489148488,-6.553706771780262,1103968153
bas,18.1879138946533,3.894624710083,5.644982190616093,-7.104832240831811,1103984820
bas,15.2591075897216,5.2848606109619,6.178292884255129,-7.527092987426222,1104001487
bas,11.9711742401123,7.4895095825195,6.875999401992401,-7.754461645583553,1104018154
bas,8.57081985473632,10.0721702575683,7.830775550016784,-7.758790516725602,1104034821
bas,5.89483785629272,12.5114860534667,9.022156450114606,-7.525076231298741,1104051488
bas,4.12210083007812,15.0668964385986,10.314585156574614,-7.023506146306465,1104068155
bas,2.55813241004943,17.9623355865478,11.493224289945744,-6.196439380936963,1104084822
bas,0.956031739711761,20.5998935699462,12.326145669935356,-4.973890206911682,1104101489
bas,-0.547927796840667,22.8958206176757,12.633011660349581,-3.3175233410389793,1104118156
bas,-1.75962913036346,24.6092834472656,12.338452218852153,-1.275891559270702,1104134823
bas,-2.69952273368835,26.4599914550781,11.49427263628126,0.9776629250584995,1104151490
bas,-3.2738070487976,28.6495361328125,10.266244812984016,3.1496509971020354,1104168157
bas,-3.34702086448669,30.6115379333496,8.893187887229242,4.880281308013201,1104184824
bas,-3.1045663356781,31.7619476318359,7.632910974550496,5.829265036139552,1104201491
bas,-2.54363822937011,31.5186538696289,6.7096601502223825,5.761347400333498,1104218158
bas,-1.60730648040771,29.8647766113281,6.273388859796536,4.601998135201388,1104234825
bas,-0.183056205511093,27.2956428527832,6.3759003697034835,2.450465139165726,1104251492
bas,1.76782429218292,25.241828918457,6.964497575941398,-0.4446471218332462,1104268159
bas,4.10200262069702,24.1105117797851,7.890650671636688,-3.734006009885625,1104284826
bas,6.57328748703002,23.3339080810546,8.929894320139628,-7.029120931548432,1104301493
bas,9.20835304260253,21.614667892456,9.810292538511947,-9.96895677338537,1104318160
bas,11.6472597122192,19.0799922943115,10.249393718612042,-12.280952811167092,1104334827
bas,13.5036544799804,16.2795791625976,10.000410801088403,-13.819944461651344,1104351494
bas,15.5154523849487,13.8531341552734,8.904407435507917,-14.570684606649827,1104368161
bas,17.9013977050781,11.5328044891357,6.937548886571884,-14.615625772782689,1104384828
bas,20.6175308227539,9.4664707183837,4.236255944915739,-14.089486043066044,1104401495
bas,24.0101909637451,7.7295589447021,1.0842513513809973,-13.148064595422971,1104418162
bas,28.2620792388916,6.4139137268066,-2.1432896391816536,-11.963549831259993,1104434829
bas,31.9892673492431,4.9378290176391,-5.0649690210132015,-10.734015104896871,1104451496
bas,32.8699264526367,3.0151319503784,-7.37842344843178,-9.681148352950283,1104468163
bas,32.3806686401367,0.951763153076101,-8.914251608075356,-9.018221545122477,1104484830
bas,31.1570072174072,-0.660398483276371,-9.64225197812099,-8.893253581528281,1104501497
bas,29.3677997589111,-1.66450500488282,-9.636189041180456,-9.33325128929466,1104518164
bas,26.2766284942626,-2.06043100357056,-9.019687747881173,-10.22021511822366,1104534831
bas,22.7226486206054,-1.99055767059327,-7.919131696471701,-11.31596700415428,1104551498
bas,19.8874263763427,-1.53738403320313,-6.441278711676087,-12.32987602852274,1104568165
bas,18.8252410888671,-0.91714668273926,-4.678642398493475,-13.004191566528693,1104584832
bas,18.1190586090087,0.2097663879394,-2.730527145971078,-13.18488820456302,1104601499
bas,15.8273124694824,2.0427131652832,-0.7200180324476726,-12.853251195976188,1104618166
bas,13.1219692230224,4.1795806884765,1.2069498128796223,-12.110190750570284,1104634833
bas,10.4986867904663,6.4503650665283,2.899565886591196,-11.12356200048485,1104651500
bas,8.29629325866699,9.1257495880126,4.22576506906602,-10.061045703787963,1104668167
bas,6.42155933380126,12.2728290557861,5.09195590021643,-9.033548917468229,1104684834
bas,5.06467962265014,15.3413619995117,5.4578454770957325,-8.067539488297115,1104701501
bas,3.80728292465209,17.3139476776123,5.3487521917548415,-7.112861081050182,1104718168
bas,2.42446160316467,19.1355381011962,4.862491589226508,-6.07945376212675,1104734835
bas,1.65813195705413,21.0054111480712,4.161971000588454,-4.886632696814413,1104751502
bas,1.23933863639831,23.2338829040527,3.4472079652232663,-3.5063710191279616,1104768169
bas,1.06388080120086,25.5886764526367,2.9109356904586945,-1.9875068359999388,1104784836
bas,1.36133444309234,27.8821144104003,2.6914198908130222,-0.4563753972631353,1104801503
bas,2.13263487815856,29.2278823852539,2.8378184110379,0.9034358922291825,1104818170
bas,3.12815856933593,29.8986473083496,3.2980928238450575,1.8850528080264648,1104834837
bas,4.51049089431762,30.3064498901367,3.931977169588827,2.297203804059874,1104851504
bas,6.47158002853393,30.3532791137695,4.545448100980423,2.00063493809149,1104868171
bas,8.47430896759033,30.0745124816894,4.9388746188521795,0.9377992167969632,1104884838
bas,10.0790205001831,29.3798217773437,4.957290024483307,-0.8468020905846291,1104901505
bas,11.4130210876464,28.1171607971191,4.528423237109951,-3.200041655311542,1104918172
bas,12.9864091873168,26.3177642822265,3.675348098408604,-5.874161822218909,1104934839
bas,14.9449424743652,24.2680854797363,2.498598103054892,-8.56558655468987,1104951506
bas,17.5552425384521,21.9155216217041,1.135783233343502,-10.97324842829953,1104968173
bas,20.2667636871337,19.8929176330566,-0.28158424331909904,-12.859702485352301,1104984840
bas,22.324800491333,17.2287158966064,-1.6527206754009343,-14.093762059100275,1105001507
bas,23.6566524505615,14.5114459991455,-2.904334058763346,-14.660730004667766,1105018174
bas,24.1861305236816,12.6563091278076,-3.968933768599538,-14.641609886978298,1105034841
bas,23.7534999847412,11.2094116210937,-4.765657341276353,-14.1755488286999,1105051508
bas,23.6370506286621,9.8052463531494,-5.200232448451004,-13.422156944060085,1105068175
bas,24.2882671356201,8.5855484008789,-5.184946896399311,-12.533500687490886,1105084842
bas,24.1144180297851,7.6111640930175,-4.665308928848697,-11.637348890186697,1105101509
bas,22.742166519165,6.9277629852294,-3.637422834770877,-10.829596995833533,1105118176
bas,20.6303882598876,6.4960784912109,-2.148883012422704,-10.17411495411958,1105134843
bas,18.4082164764404,6.373514175415,-0.2877413885931125,-9.708429703140332,1105151510
bas,16.6592388153076,6.3407459259033,1.8302250439369354,-9.451598398847075,1105168177
bas,15.3601551055908,6.1404819488525,4.068922993663486,-9.40854001855608,1105184844
bas,14.1336193084716,6.1440238952636,6.27487720760545,-9.566596645246548,1105201511
bas,12.538046836853,6.5916595458984,8.282276963773137,-9.885659700631296,1105218178
bas,10.0164852142333,8.0560569763183,9.926195617480989,-10.28883441405539,1105234845
bas,7.09630107879638,10.4469852447509,11.064472576562164,-10.661582853216338,1105251512
bas,4.48455047607421,13.1324729919433,11.603096995835145,-10.862771181874722,1105268179
bas,3.26085209846496,15.9574718475341,11.518179956768526,-10.744850511885973,1105284846
bas,2.29186820983886,18.5808086395263,10.869179222617953,-10.177246847378159,1105301513
bas,1.14356982707977,21.0454063415527,9.799676808260863,-9.068471062083681,1105318180
bas,-0.898027539253234,23.7376861572265,8.522826785267036,-7.385942869957681,1105334847
bas,-2.80158948898315,26.8608055114746,7.2909237395191,-5.173795025987356,1105351514
bas,-4.58670806884765,30.1414222717285,6.353228876093317,-2.565625552951063,1105368181
bas,-6.10328674316406,33.0249824523925,5.910466168402714,0.21622272523236183,1105384848
bas,-7.02967691421508,34.8242759704589,6.075732208105198,2.884139830978235,1105401515
bas,-7.53799486160278,35.2774467468261,6.85037816732485,5.1326375460916545,1105418182
bas,-7.79019212722778,34.7222480773925,8.120924646968238,6.697620267608821,1105434849
bas,-7.63146781921386,33.710147857666,9.679235832248338,7.407273051225703,1105451516
bas,-6.61794519424438,32.4485969543457,11.262908398913497,7.207644164547889,1105468183
bas,-4.90179395675659,30.07905960083,12.60713674189288,6.158381323210698,1105484850
bas,-2.85841083526611,26.7910652160644,13.495008305615583,4.407003925706454,1105501517
bas,-0.556787014007568,24.0195236206054,13.792476544318921,2.1560850626576333,1105518184
bas,1.96328842639923,22.4614105224609,13.458891412534875,-0.3654180671485908,1105534851
bas,4.69856262207031,20.0255527496337,12.533148682079103,-2.9239623317403867,1105551518
bas,8.11799335479736,16.3826370239257,11.1052703146562,-5.30017647092028,1105568185
bas,11.7099981307983,13.2030220031738,9.288682866097163,-7.307999332495205,1105584852
bas,14.8627834320068,10.6530075073242,7.206505879974879,-8.812666425907096,1105601519
bas,17.7559776306152,9.1224918365478,4.995689962676046,-9.743160653448543,1105618186
bas,21.1976871490478,7.5532302856445,2.8199035877115124,-10.096553863413497,1105634853
bas,24.9477500915527,5.7668495178222,0.8735492544425695,-9.934809593253785,1105651520
bas,28.837926864624,4.4863996505737,-0.6379010651483965,-9.375620974952113,1105668187
bas,31.2103385925292,3.8662452697753,-1.5421595876270233,-8.577697958815358,1105684854
bas,30.7367973327636,3.5403280258178,-1.753002891792787,-7.7195778408894276,1105701521
bas,29.8024711608886,3.4177942276,-1.306549711688824,-6.971760040782135,1105718188
bas,28.6896877288818,3.3985319137573,-0.3601603786604164,-6.465870703733348,1105734855
bas,27.3735370635986,3.5102834701538,0.8507822873593613,-6.269478812571338,1105751522
bas,25.8839168548584,3.7516450881958,2.0840230897824803,-6.376350459496082,1105768189
bas,24.3954715728759,4.1060991287231,3.163047629001888,-6.716823980802693,1105784856
bas,22.9206562042236,4.5324077606201,4.024196008090406,-7.184516420174821,1105801523
bas,21.614631652832,4.8468332290649,4.7216581927563945,-7.6691674560924135,1105818190
bas,19.0656948089599,5.5577144622802,5.389697996404145,-8.083944396012997,1105834857
bas,15.2580404281616,7.1795711517334,6.176855668845799,-8.378041501274469,1105851524
bas,10.9671201705932,9.7381439208984,7.176815317615556,-8.530174440708466,1105868191
bas,7.81957292556762,12.4384403228759,8.381716092653583,-8.525241935275941,1105884858
bas,6.13493633270263,14.882999420166,9.674592354361229,-8.324430375375487,1105901525
bas,4.75850915908813,17.9444694519042,10.86159616027748,-7.84524106121315,1105918192
bas,2.91185116767883,21.0293788909912,11.729802937914116,-6.967747277568767,1105934859
bas,1.0351390838623,23.7590026855468,12.109749497258312,-5.5743220868103585,1105951526
bas,-0.491590112447738,25.9679832458496,11.92382315803975,-3.6140387039246367,1105968193
bas,-1.857062458992,27.7627182006835,11.20838250475835,-1.1667876652993605,1105984860
bas,-2.87607717514038,30.0576438903808,10.105901144387996,1.524533745302073,1106001527
bas,-3.42472028732299,32.9013748168945,8.831512832144858,4.076355214124216,1106018194
bas,-3.49716353416442,35.3571166992187,7.624142050643173,6.041765131871183,1106034861
bas,-3.21308159828186,36.5510520935058,6.694876605226269,7.01895837395464,1106051528
bas,-2.58719873428344,36.4647674560546,6.184857292494631,6.753122871641225,1106068195
bas,-1.43267059326171,35.0022850036621,6.142273241934583,5.198312069302089,1106084862
bas,0.300591200590133,32.0837860107421,6.5226575307935475,2.524876769888986,1106101529
bas,2.40726900100708,29.1860771179199,7.20888309149309,-0.9207477936317501,1106118196
bas,4.58236217498779,27.2397003173828,8.040171907305675,-4.686031904085953,1106134863
bas,6.80319881439209,25.8852424621582,8.837714026442772,-8.295456905773623,1106151530
bas,9.15223693847656,24.106346130371,9.420192608616437,-11.335027430662315,1106168197
bas,11.3331212997436,21.3997726440429,9.612281703657684,-13.525662409287573,1106184864
bas,13.1977548599243,18.217056274414,9.25605021796924,-14.766912855964296,1106201531
bas,15.309829711914,15.5884571075439,8.233791010527941,-15.132729441754691,1106218198
bas,17.3868179321289,13.0286979675292,6.50162048295312,-14.817217444349636,1106234865
bas,19.2472267150878,10.3213596343994,4.12220037709942,-14.05422640758315,1106251532
bas,21.6249866485595,8.0420207977294,1.279091899047088,-13.050135800711146,1106268199
bas,24.7984409332275,6.5960159301757,-1.7413070289720132,-11.959110843445027,1106284866
bas,28.6421699523925,5.3189888000488,-4.601794593613255,-10.900129502631142,1106301533
bas,31.3359184265136,3.6108350753784,-6.985674449304687,-9.987794613889536,1106318200
bas,31.3837223052978,1.5343503952026,-8.66203706286011,-9.344059668160485,1106334867
bas,30.3513793945312,-0.40233898162842,-9.522363203350602,-9.076678685454214,1106351534
bas,28.6621112823486,-1.75587463378907,-9.580314161718146,-9.236515883395823,1106368201
bas,26.5728969573974,-2.61824655532837,-8.942954836963281,-9.781256728362514,1106384868
bas,23.7534046173095,-3.0401258468628,-7.770345177504733,-10.569776832595258,1106401535
bas,21.0543003082275,-3.00009202957154,-6.239236226323059,-11.39485608100665,1106418202
bas,18.7934589385986,-2.47101068496705,-4.5190669818692095,-12.043275621971587,1106434869
bas,17.6023540496826,-1.50424957275391,-2.759461355899931,-12.360299898114167,1106451536
bas,15.9758434295654,0.107872009277299,-1.0829077081683356,-12.29357416905685,1106468203
bas,13.3669252395629,2.1225929260253,0.42201677164514523,-11.899239145578324,1106484870
bas,10.86217212677,4.5688600540161,1.704478746929696,-11.307630990330454,1106501537
bas,8.56764316558837,7.359031677246,2.745847174724583,-10.661867669008119,1106518204
bas,6.51413297653198,10.3973026275634,3.543810403461887,-10.053553684329977,1106534871
bas,5.34303092956543,13.7924289703369,4.095698655244402,-9.481373659592936,1106551538
bas,4.23776721954345,16.48677444458,4.394375040068642,-8.849752732814608,1106568205
bas,3.11284637451171,18.9626178741455,4.441514370272294,-8.008853681393862,1106584872
bas,2.01298928260803,21.6369171142578,4.269234673408319,-6.82007897112221,1106601539
bas,1.2172086238861,24.506477355957,3.9538706170463067,-5.2209798807198,1106618206
bas,0.878458201885223,27.4641532897949,3.609977084661317,-3.265342498641805,1106634873
bas,1.14234805107116,30.0320854187011,3.363460512178166,-1.1263453549452727,1106651540
bas,2.05596375465393,31.5037994384765,3.312775634584648,0.9345582746522653,1106668207
bas,3.2208125591278,32.3135604858398,3.4927665268213626,2.6202844717939557,1106684874
bas,4.45651865005493,33.0008583068847,3.85603567982117,3.656693699133113,1106701541
bas,6.02299070358276,33.3490447998046,4.281417022962372,3.844125859929799,1106718208
bas,7.99850749969482,33.1755599975585,4.609234470415479,3.0937309150048065,1106734875
bas,9.89117336273193,32.6959991455078,4.691597973052411,1.4446798351257297,1106751542
bas,11.4016828536987,31.6598968505859,4.437823972034153,-0.939336953915161,1106768209
bas,13.087529182434,29.9519157409668,3.835488882780046,-3.7946695233236083,1106784876
bas,15.4258422851562,27.7319412231445,2.9388369294559773,-6.800826835095716,1106801543
bas,18.1043281555175,25.0033149719238,1.8335445020393961,-9.634083242189588,1106818210
bas,21.2995529174804,22.2307701110839,0.5999767697648978,-12.018448968503908,1106834877
bas,24.17942237854,19.1526985168457,-0.7028814101744945,-13.76146356280305,1106851544
bas,25.7769031524658,16.3891696929931,-2.0248132183107583,-14.76974823507716,1106868211
bas,26.4460277557373,14.7374229431152,-3.2950232426922925,-15.048482057782346,1106884878
bas,27.0128765106201,13.2907905578613,-4.400269025878823,-14.69239242380444,1106901545
bas,28.1873397827148,11.7962856292724,-5.190155026538001,-13.871126449929722,1106918212
bas,29.1184291839599,10.2544155120849,-5.510956652897297,-12.805212750626096,1106934879
bas,28.991807937622,8.7573146820068,-5.25076350564737,-11.728834851323155,1106951546
bas,27.4886741638183,7.5081214904785,-4.373006001181741,-10.843863527309678,1106968213
bas,25.3056163787841,6.6553306579589,-2.9247306013356913,-10.278898335566657,1106984880
bas,22.7022609710693,6.4293880462646,-1.0213683260644537,-10.06887025634477,1107001547
bas,20.539659500122,6.4495086669921,1.179824458157047,-10.162586578155649,1107018214
bas,19.0099086761474,6.572338104248,3.505002415947404,-10.452564487642215,1107034881
bas,17.8071193695068,6.4301319122314,5.78208805751697,-10.812001152300772,1107051548
bas,15.6009702682495,6.6847991943359,7.854329508634594,-11.123312400420401,1107068215
bas,12.6628732681274,8.1093959808349,9.592747470793718,-11.290456603412826,1107084882
bas,9.52676486968994,10.4094429016113,10.906749791182367,-11.237294542135581,1107101549
bas,6.69133281707763,13.0357189178466,11.748905114152691,-10.900261284258624,1107118216
bas,4.89190483093261,16.1166496276855,12.113185647843919,-10.223320401368262,1107134883
bas,3.89549088478088,19.0304737091064,12.031830482820784,-9.158961447316258,1107151550
bas,2.66894125938415,21.6451587677001,11.575747222897364,-7.675303032905582,1107168217
bas,0.855108320713043,24.46529006958,10.856045107358975,-5.76859124863024,1107184884
bas,-1.01024937629699,27.7538795471191,10.018403404982747,-3.4807671018714426,1107201551
bas,-3.12479972839355,31.1783370971679,9.2245746585364,-0.919146924255553,1107218218
bas,-4.84951400756835,33.7041206359863,8.623727349716216,1.7313013764661256,1107234885
bas,-5.71082353591918,35.0315017700195,8.322853380245563,4.21685258226972,1107251552
bas,-6.18391370773315,34.905517578125,8.366174203364524,6.252804038392907,1107268219
bas,-6.6892991065979,34.3839302062988,8.729748333149773,7.582504237611651,1107284886
bas,-6.75540351867675,33.6581344604492,9.332164433717065,8.036625962385038,1107301553
bas,-5.93691778182983,31.9618072509765,10.057247443792587,7.570524900040813,1107318220
bas,-4.18739366531372,28.9416542053222,10.781083322460209,6.268298432687735,1107334887
bas,-2.24050784111022,25.4749488830566,11.394013431124174,4.316521579662569,1107351554
bas,-0.195657983422279,22.7065734863281,11.809715000868453,1.9602708294900901,1107368221
bas,2.12270379066467,21.1538906097412,11.959206611340498,-0.5443104926033188,1107384888
bas,4.84722661972045,18.3669376373291,11.776318173970518,-2.9704117076087084,1107401555
bas,8.13109493255615,14.7744426727294,11.188234057162905,-5.1472769145295,1107418222
bas,11.3902702331542,11.7767353057861,10.124793055241492,-6.968666401441116,1107434889
bas,14.3597469329833,9.7425746917724,8.551009653542625,-8.382346788392528,1107451556
bas,17.2011699676513,8.4595184326171,6.512095540370682,-9.367925443331357,1107468223
bas,20.8581924438476,6.7838077545166,4.167617416170837,-9.9173738043956,1107484890
bas,25.0417137145996,4.6164293289184,1.7902190014277115,-10.030928146096384,1107501557
bas,28.9750804901123,3.1136264801025,-0.28252407366034504,-9.73017485143607,1107518224
bas,31.0993537902832,2.6177597045898,-1.7326223248780928,-9.077763122341397,1107534891
bas,31.0249118804931,2.5853300094604,-2.352535410637793,-8.187994841908548,1107551558
bas,30.2000770568847,2.7131948471069,-2.1060514925443217,-7.217628910479273,1107568225
bas,29.1022624969482,2.8748731613159,-1.1339954496845106,-6.337802858686471,1107584892
bas,27.6664772033691,3.0778646469116,0.2972750769084619,-5.698090474850122,1107601559
bas,26.2251033782959,3.575963973999,1.883402752118069,-5.3961625914444395,1107618226
bas,24.8299541473388,4.3968534469604,3.372140932256502,-5.461637379602261,1107634893
bas,23.6226329803466,5.1767244338989,4.625238335634475,-5.855906169146043,1107651560
bas,22.2186317443847,5.9153585433959,5.6348427855782415,-6.485326358809327,1107668227
bas,19.312515258789,6.9827079772949,6.493971438934836,-7.223098141256567,1107684894
bas,15.6381959915161,8.7167606353759,7.334949727213132,-7.933386688037267,1107701561
bas,11.9412479400634,11.0840091705322,8.2593402677904,-8.489883842992493,1107718228
bas,8.94647407531738,13.6919536590576,9.285732869363812,-8.782615505886618,1107734895
bas,7.08148384094238,16.4627590179443,10.33490593424835,-8.713153037900105,1107751562
bas,5.40651369094848,19.8266811370849,11.256200361916433,-8.187163844463022,1107768229
bas,3.44756531715393,23.1846389770507,11.882113661014975,-7.118476435894563,1107784896
bas,1.58467268943786,26.287784576416,12.088653035666304,-5.454821227858442,1107801563
bas,0.0448572747409343,28.6696090698242,11.839460469391483,-3.2215988134693756,1107818230
bas,-1.27098560333251,30.6107521057128,11.1997294817293,-0.5637897038126856,1107834897
bas,-2.08797621726989,33.2740173339843,10.31788297575924,2.2407727092020173,1107851564
bas,-2.2690303325653,36.0850982666015,9.38448183035431,4.814037304697275,1107868231
bas,-1.99158561229705,38.4991264343261,8.584081320596054,6.75184980177798,1107884898
bas,-1.39476513862609,39.4319953918457,8.054761577463871,7.714277602682568,1107901565
bas,-0.498809903860092,39.226936340332,7.864277264811592,7.499830644063152,1107918232
bas,1.02946722507476,37.3783798217773,8.005179525425877,6.081630509642763,1107934899
bas,3.22772479057312,34.4247589111328,8.405844102670386,3.6028446687622964,1107951566
bas,5.61707019805908,32.0811157226562,8.950275635004855,0.34339482709104,1107968233
bas,7.94997644424438,30.668041229248,9.49776559961366,-3.3274100357250083,1107984900
bas,10.3918991088867,29.1853065490722,9.895927345472199,-7.004024660912005,1108001567
bas,13.0873546600341,26.7283935546875,9.98738833920184,-10.301170517782689,1108018234
bas,15.438696861267,23.2712974548339,9.617564014865266,-12.909426453995545,1108034901
bas,17.5745887756347,19.7415599822998,8.652882324517316,-14.638602549945006,1108051568
bas,20.0232696533203,17.1555938720703,7.013044996425688,-15.435548992344366,1108068235
bas,22.2988510131835,14.9107704162597,4.710139367327518,-15.372352329912918,1108084902
bas,24.6420249938964,12.6571979522705,1.8778496107072902,-14.615340923505727,1108101569
bas,27.5906410217285,10.5307998657226,-1.2280320804061882,-13.39177587096105,1108118236
bas,31.7449779510498,8.802188873291,-4.267813376541038,-11.963705276886204,1108134903
bas,35.4385681152343,7.189598083496,-6.88788005472596,-10.605043693098223,1108151570
bas,35.9395408630371,5.3439054489135,-8.799480936450808,-9.571266629975993,1108168237
bas,34.8904075622558,3.3102722167968,-9.83845954688809,-9.056662373048077,1108184904
bas,33.7247352600097,1.5870161056518,-9.987140898119488,-9.147162553092018,1108201571
bas,31.5558738708496,0.5404748916625,-9.35604192176136,-9.787784368961528,1108218238
bas,28.7392578125,0.0675029754637997,-8.13750113683051,-10.784589886120452,1108234905
bas,25.8658618927001,0.0324039459228,-6.550414195565687,-11.849757129718933,1108251572
bas,23.7521705627441,0.370132446289,-4.794275277030733,-12.680093002872203,1108268239
bas,22.7188491821289,1.0132665634155,-3.023004592474171,-13.043502062128113,1108284906
bas,21.2241325378417,2.3060808181762,-1.3385361218496024,-12.84265238134176,1108301573
bas,18.4891319274902,4.2961692810058,0.20260186130796953,-12.133001575776017,1108318240
bas,15.3802576065063,6.5776062011718,1.5759257386947083,-11.089783828575344,1108334907
bas,12.7124891281127,8.9966259002685,2.771384830576651,-9.93765786863801,1108351574
bas,10.3212833404541,11.7542991638183,3.7742048067979264,-8.869537381664452,1108368241
bas,8.29143714904785,14.8729381561279,4.551575352622164,-7.983507518043071,1108384908
bas,7.08975410461425,17.5775203704834,5.054807692222538,-7.259138075554118,1108401575
bas,5.96866273880004,19.5354766845703,5.2402376415791645,-6.579923891291163,1108418242
bas,4.53053903579711,21.455373764038,5.099888094897821,-5.791358981927477,1108434909
bas,3.10038709640502,23.407543182373,4.6845281372482255,-4.770705828622038,1108451576
bas,2.2763557434082,25.6076431274414,4.104592771316553,-3.4814288632966184,1108468243
bas,1.99502170085906,28.184585571289,3.506303777552798,-1.9941078284734388,1108484910
bas,2.27151250839233,30.4575080871582,3.032494209960548,-0.4711239711093748,1108501577
bas,2.96475362777709,31.5453033447265,2.783131151933189,0.8737375751659132,1108518244
bas,3.90436625480651,32.0932731628418,2.788717785144139,1.8234432634821602,1108534911
bas,5.10717296600341,32.4123306274414,3.0041451570741096,2.1990170643825953,1108551578
bas,6.59518671035766,32.1894340515136,3.324419476674809,1.887553407044195,1108568245
bas,8.33645725250244,31.471393585205,3.617869356990303,0.858219846454017,1108584912
bas,9.93657779693603,30.489200592041,3.7666669297117976,-0.8300210435938716,1108601579
bas,11.2747039794921,29.1703262329101,3.7001383572281585,-3.028841052799167,1108618246
bas,12.8042697906494,27.365867614746,3.4069281246174707,-5.514329652459112,1108634913
bas,14.5559148788452,25.2012214660644,2.9202580489854033,-8.019590788742374,1108651580
bas,16.5050163269042,22.5095748901367,2.2842836244548077,-10.283476787631477,1108668247
bas,18.5443248748779,19.8715496063232,1.5216821433103154,-12.101054920399985,1108684914
bas,20.2971038818359,17.1952972412109,0.6244072001361008,-13.35635080856204,1108701581
bas,21.4101200103759,14.6661071777343,-0.42289058094583887,-14.025908507336409,1108718248
bas,21.9208087921142,12.8610477447509,-1.5982309182257006,-14.157882688966929,1108734915
bas,22.6011123657226,11.4960746765136,-2.8039424375691175,-13.8430726468916,1108751582
bas,23.8384284973144,10.0829257965087,-3.861417243085793,-13.193043085008805,1108768249
bas,25.3560009002685,8.7209911346435,-4.547939613817956,-12.329652316509376,1108784916
bas,26.2447776794433,7.6194801330566,-4.660796634723757,-11.380420729533542,1108801583
bas,25.1786804199218,6.9875011444091,-4.079327995465386,-10.472132025824019,1108818250
bas,22.9295387268066,6.7096729278564,-2.798457119670379,-9.719455747133473,1108834917
bas,20.4996757507324,6.7917194366455,-0.9239800249531797,-9.210515656660583,1108851584
bas,17.9629001617431,7.1697063446044,1.3610665731914455,-8.993423880707414,1108868251
bas,16.2377204895019,7.6110935211181,3.8391639777302626,-9.067074090671532,1108884918
bas,15.4196271896362,8.013032913208,6.292679994189789,-9.378040014615381,1108901585
bas,14.110387802124,8.6883831024169,8.523577922672564,-9.824506036115071,1108918252
bas,11.2525053024292,10.2349319458007,10.363306311033703,-10.267413176908734,1108934919
bas,8.11153697967529,12.6651535034179,11.681054420517672,-10.54772462086358,1108951586
bas,5.21248388290405,15.2705402374267,12.394478756045007,-10.50715511230063,1108968253
bas,2.89321684837341,18.0739974975585,12.481746753489448,-10.008956926801936,1108984920
bas,0.988210022449493,20.8105297088623,11.991320967086295,-8.956240379853234,1109001587
bas,-0.121334992349147,23.5874061584472,11.04532964175561,-7.307578043510203,1109018254
bas,-1.85114121437072,26.8000869750976,9.832133713477882,-5.091611412735107,1109034921
bas,-3.4043538570404,29.9729499816894,8.58476205210143,-2.421242709487682,1109051588
bas,-5.11829471588134,32.4987831115722,7.545456794125781,0.49763648349388406,1109068255
bas,-6.28114414215087,34.2209587097168,6.921714609903185,3.37417656204757,1109084922
bas,-6.92193174362182,34.8064460754394,6.843570461344249,5.867553479917855,1109101589
bas,-7.30359888076782,34.2100067138671,7.33349099803411,7.647276619396464,1109118256
bas,-7.34794664382934,32.989875793457,8.298342146322428,8.462034139826294,1109134923
bas,-6.81285810470581,31.0384216308593,9.547741699622616,8.193728580501867,1109151590
bas,-5.42249965667724,27.8891563415527,10.8356734332636,6.880071830141665,1109168257
bas,-3.49676632881164,24.2441062927246,11.91418144881313,4.702907450369298,1109184924
bas,-1.14975678920745,21.472520828247,12.582331339861351,1.9503167348744177,1109201591
bas,1.46100783348083,19.8500652313232,12.714598623281761,-1.0362848959642532,1109218258
bas,4.44803762435913,16.9770965576171,12.262406393653087,-3.9203069716824896,1109234925
bas,7.89229488372802,13.0422058105468,11.23670196866006,-6.423685137592002,1109251592
bas,10.8814086914062,9.8572120666503,9.689346773308495,-8.364335020803416,1109268259
bas,13.4729833602905,7.8298778533935,7.709055457633057,-9.66756543757614,1109284926
bas,16.3394432067871,6.6393280029296,5.433703964474088,-10.351712121764017,1109301593
bas,20.1564216613769,5.1869773864746,3.06425532273416,-10.500009448286358,1109318260
bas,24.0218429565429,3.8852024078369,0.8587384069536513,-10.233589039746118,1109334927
bas,27.6913242340087,2.7942104339599,-0.9063168404557269,-9.692647829387797,1109351594
bas,28.9541244506835,2.3562641143798,-1.9998775002868394,-9.022893311972382,1109368261
bas,27.8692436218261,2.4064559936523,-2.3007531308832214,-8.361003048946293,1109384928
bas,26.4212341308593,2.4352226257324,-1.8326956743521645,-7.816914399296793,1109401595
bas,25.0488967895507,2.4079370498657,-0.7529735475867383,-7.45713393945789,1109418262
bas,23.6470870971679,2.7218523025512,0.7012234673559253,-7.296348028366017,1109434929
bas,22.4379291534423,3.6064090728759,2.286030923639478,-7.302229293803989,1109451596
bas,21.2158031463623,4.3716678619384,3.8154559597387467,-7.412320812605097,1109468263
bas,19.6936378479003,4.7414712905883,5.1956147906457435,-7.5560835117777945,1109484930
bas,16.5101356506347,5.9116449356079,6.420693929485017,-7.672539627552068,1109501597
bas,12.9871845245361,8.0486183166503,7.537019193420552,-7.715366530076515,1109518264
bas,9.20528030395507,10.7365951538085,8.59254751259322,-7.642655758390191,1109534931
bas,6.35717153549194,13.4137992858886,9.593482369325784,-7.396967878732519,1109551598
bas,4.52953100204467,16.0724468231201,10.485431761482523,-6.889764084419565,1109568265
bas,2.86126923561096,19.07004737854,11.165319675369364,-6.0072676028713685,1109584932
bas,1.14508581161499,21.9988079071044,11.517880138619438,-4.647516662404726,1109601599
bas,-0.404044896364212,24.4785804748535,11.462079959512028,-2.7815606987692347,1109618266
bas,-1.64210999011993,26.5615806579589,10.989956504317586,-0.5135653547073162,1109634933
bas,-2.63412618637084,28.6141395568847,10.183400846831518,1.8930705302709934,1109651600
bas,-3.09315490722656,30.8249816894531,9.202748178854169,4.045984704701482,1109668267
bas,-3.0623562335968,32.5785217285156,8.25135473017367,5.5079514300848045,1109684934
bas,-2.59925103187561,32.902774810791,7.527831154653492,5.90712699520466,1109701601
bas,-1.75180160999298,31.9888954162597,7.179710496796564,5.035421358670775,1109718268
bas,-0.184178069233894,29.7515487670898,7.269793081391968,2.9056225675086433,1109734935
bas,2.07452058792114,27.3932495117187,7.76116236106659,-0.24367742731703773,1109751602
bas,4.7943468093872,25.7271766662597,8.52081431216262,-3.991496853990148,1109768269
bas,7.60631561279296,24.1454963684082,9.337516560156907,-7.816311853425449,1109784936
bas,10.6499547958374,21.5506324768066,9.949470894557923,-11.202894712199306,1109801603
bas,13.0682458877563,18.8782043457031,10.08109830139019,-13.751968987135523,1109818270
bas,14.9714775085449,16.5276088714599,9.490758958056126,-15.260322756049352,1109834937
bas,17.2597484588623,14.2663021087646,8.027174340133467,-15.741960073366535,1109851604
bas,19.4183654785156,11.2482528686523,5.682540414820173,-15.38486950503997,1109868271
bas,21.8608684539794,8.2809886932373,2.6221162608318287,-14.469760111089718,1109884938
bas,24.8627338409423,6.0113220214843,-0.8286626529673565,-13.29174902988849,1109901605
bas,29.5298862457275,4.3374872207641,-4.245055609608998,-12.112426583238516,1109918272
bas,32.4527778625488,2.5709629058837,-7.196733824367775,-11.14191199253265,1109934939
bas,31.6748905181884,0.593760490417401,-9.342787819398167,-10.532117860961824,1109951606
bas,30.3886566162109,-1.13380432128907,-10.495316884093747,-10.36489551027044,1109968273
bas,28.5109233856201,-2.39028644561768,-10.634294607118715,-10.634863086225597,1109984940
bas,25.7516059875488,-3.19220209121705,-9.878245519895033,-11.240808995749392,1110001607
bas,22.6372661590576,-3.56484317779541,-8.430885495843194,-12.000833936733326,1110018274
bas,19.8698101043701,-3.43915414810181,-6.5270738101658345,-12.695296894123901,1110034941
bas,18.3441429138183,-2.82720851898194,-4.393675867597164,-13.12659923861524,1110051608
bas,16.7726230621337,-1.69701290130616,-2.228568773296475,-13.174723885684035,1110068275
bas,13.4852571487426,0.0891008377075,-0.19226501840916832,-12.826790702823518,1110084942
bas,10.3426694869995,2.2732763290405,1.593741502727238,-12.16771367543716,1110101609
bas,7.94684982299804,4.8026237487792,3.0436006558373516,-11.334025957864121,1110118276
bas,6.42994737625122,7.8765811920166,4.099896238874846,-10.448450876981667,1110134943
bas,5.33841466903686,11.2570838928222,4.728495903350681,-9.562417902616794,1110151610
bas,3.95774626731872,13.9478530883789,4.923293626770781,-8.632448473846516,1110168277
bas,2.2577941417694,16.4299888610839,4.7214901902750075,-7.543103973445672,1110184944
bas,1.01755046844482,19.3402290344238,4.218556259408,-6.168581694864932,1110201611
bas,0.493645727634429,22.3746643066406,3.567175358563159,-4.446478145077325,1110218278
bas,0.409040421247482,25.3547821044921,2.9512572859636568,-2.430805758637718,1110234945
bas,0.887169241905212,27.6009635925293,2.5395566107035146,-0.30157327860605865,1110251612
bas,1.83120036125183,28.9449005126953,2.434796729522699,1.6703790335908093,1110268279
bas,3.09587025642395,30.2991523742675,2.6379389448618022,3.1850827801068657,1110284946
bas,4.82146120071411,31.3155860900878,3.0426805200563307,3.9768873423531295,1110301613
bas,7.08499574661254,31.471336364746,3.464821608602011,3.86228042575499,1110318280
bas,9.41166305541992,31.1834106445312,3.6982884251337915,2.7680444066865797,1110334947
bas,11.2381982803344,30.7996597290039,3.5785373246890093,0.7445609314566293,1110351614
bas,12.8701906204223,29.6544723510742,3.0298899330999918,-2.0319718026671025,1110368281
bas,14.7324752807617,27.8835372924804,2.0796825499383678,-5.271989013708343,1110384948
bas,17.0593338012695,25.2415046691894,0.8371634722851395,-8.607069659556027,1110401615
bas,20.0210056304931,21.935317993164,-0.5487652115070326,-11.647610333729524,1110418282
bas,22.4938049316406,19.2103252410888,-1.9307623825698728,-14.052166588793648,1110434949
bas,24.0008945465087,15.9991512298584,-3.1860344480145586,-15.588770003190891,1110451616
bas,24.7787570953369,13.8754901885986,-4.218556903886873,-16.1716573319186,1110468283
bas,24.733341217041,12.5804481506347,-4.951190065474707,-15.867655443015517,1110484950
bas,24.9420700073242,11.326509475708,-5.32046973639825,-14.875470734520738,1110501617
bas,25.4555301666259,10.0953769683837,-5.278895077125204,-13.48389329997274,1110518284
bas,25.0065612792968,8.9285488128662,-4.800953992819927,-12.015421788185348,1110534951
bas,23.8215007781982,7.8886489868164,-3.8872282789817074,-10.76472319886435,1110551618
bas,22.1476001739501,7.1121101379394,-2.5647881036084192,-9.945108752282655,1110568285
bas,19.8334140777587,6.7231616973876,-0.8860727757398418,-9.655794559763706,1110584952
bas,17.5414066314697,6.6679630279541,1.0711530137234393,-9.87633777011369,1110601619
bas,15.9491939544677,6.7043857574462,3.2027888599069025,-10.485640742346582,1110618286
bas,14.5961894989013,6.643720626831,5.379296358375145,-11.29625770319472,1110634953
bas,12.6666250228881,6.9034271240234,7.452316374873473,-12.092987507182029,1110651620
bas,9.79152011871337,8.3197917938232,9.26847075252823,-12.667088522223604,1110668287
bas,6.91965532302856,11.1590785980224,10.687805426072153,-12.841504196875983,1110684954
bas,4.6549654006958,14.3301372528076,11.602412315791742,-12.486261185543087,1110701621
bas,3.15440464019775,17.7545146942138,11.952715220326127,-11.52577911371906,1110718288
bas,1.81700837612152,21.0997161865234,11.741559295979943,-9.941152749482354,1110734955
bas,0.130098134279251,24.4948348999023,11.045183075290616,-7.7710518523060435,1110751622
bas,-1.86288475990295,28.5926475524902,10.015834476541691,-5.114752052706599,1110768289
bas,-3.56923794746398,33.3468742370605,8.868481384947675,-2.138067055939955,1110784956
bas,-5.09980869293212,36.7584037780761,7.847601341442815,0.9240416662255345,1110801623
bas,-5.99024057388305,37.9522514343261,7.178046712081919,3.781132877330877,1110818290
bas,-6.40167140960693,37.4548034667968,7.012150027532454,6.126722060134624,1110834957
bas,-6.70893716812133,36.6463317871093,7.3895343928675885,7.696754394108686,1110851624
bas,-6.78346300125122,36.2118034362793,8.224045672564532,8.324286126195227,1110868291
bas,-6.0374755859375,34.9121627807617,9.323878601908106,7.967236302104755,1110884958
bas,-4.26890850067138,31.8809280395507,10.439416733786397,6.7019759818420255,1110901625
bas,-2.04160332679748,28.6167564392089,11.323303716503597,4.693663359127249,1110918292
bas,0.551491677761077,25.8572578430175,11.783165323382564,2.1614378664496003,1110934959
bas,3.24796080589294,24.4515228271484,11.711407012355586,-0.6495166243217764,1110951626
bas,6.32421398162841,21.7181243896484,11.0871750021391,-3.488741337010846,1110968293
bas,9.91267776489257,17.4907169342041,9.95782723462327,-6.120242664053164,1110984960
bas,13.0307626724243,14.0937900543212,8.414815152098543,-8.343856830855467,1111001627
bas,15.8804054260253,11.29638671875,6.5775624106807555,-10.013687157028311,1111018294
bas,19.2028484344482,9.2953643798828,4.589485002132245,-11.047723534934073,1111034961
bas,22.7587890625,7.2983093261718,2.6188375805123933,-11.428554143491416,1111051628
bas,26.4672794342041,5.4822187423706,0.8514910500413958,-11.200530194713608,1111068295
bas,29.8335285186767,4.2406854629516,-0.5328205518243715,-10.467700659423762,1111084962
bas,30.8634052276611,3.7393331527709,-1.3972339101608742,-9.390586677706107,1111101629
bas,30.1172866821289,3.7288465499877,-1.6819973645129662,-8.174412801244342,1111118296
bas,28.6675205230712,3.7619581222534,-1.4176316129663538,-7.04224345801017,1111134963
bas,26.9738311767578,3.5141820907592,-0.7078005137312855,-6.1944125234392295,1111151630
bas,25.4650211334228,3.4999065399169,0.31098415503301846,-5.765480838359019,1111168297
bas,24.0772914886474,4.1202669143676,1.5137042908601046,-5.794531453506607,1111184964
bas,22.898286819458,4.6948690414428,2.816048404191848,-6.220780530465955,1111201631
bas,21.5569515228271,5.2815465927124,4.179250427440284,-6.906600735398506,1111218298
bas,18.4652996063232,6.9382915496826,5.59311602808674,-7.67902294919078,1111234965
bas,14.4023094177246,9.4319438934326,7.04723885147064,-8.373205335180007,1111251632
bas,10.6039304733276,12.181224822998,8.502966057833019,-8.860466613579788,1111268299
bas,8.01368045806884,14.8304176330566,9.878138636430007,-9.05072015757426,1111284966
bas,6.79694700241088,17.5603427886962,11.05267979737552,-8.87303751579264,1111301633
bas,5.20115089416503,20.8174419403076,11.895010218495333,-8.252527766026029,1111318300
bas,3.17188572883605,23.9780311584472,12.300001473096971,-7.10726044481068,1111334967
bas,1.37310707569122,26.9882164001464,12.223836404528564,-5.379058374382305,1111351634
bas,-0.276663035154342,29.4523963928222,11.702347978541564,-3.0898619893797608,1111368301
bas,-1.79237532615661,31.339599609375,10.846315930297099,-0.39409599189310146,1111384968
bas,-2.60099101066589,34.0408821105957,9.816672016090811,2.4079086427877647,1111401635
bas,-2.67143678665161,36.6940612792968,8.78986869086779,4.9137294332364885,1111418302
bas,-2.3599853515625,38.3617439270019,7.924930525188017,6.708248274782573,1111434969
bas,-1.88604998588562,38.9705085754394,7.339369420827748,7.462760326164976,1111451636
bas,-1.09949398040771,38.4134712219238,7.0956102216941686,7.005422733687833,1111468303
bas,0.451164305210113,36.304817199707,7.196636043539792,5.344291413318975,1111484970
bas,2.68856024742126,33.0704307556152,7.589035990425509,2.6502000577349505,1111501637
bas,5.18475246429443,30.4721145629882,8.17117409019895,-0.7797521796300315,1111518304
bas,7.63454627990722,28.9333534240722,8.803408830909689,-4.56313962196582,1111534971
bas,10.1863651275634,27.2198333740234,9.31832173891753,-8.27787264347341,1111551638
bas,12.5268068313598,24.2309989929199,9.53272168202531,-11.519976107152242,1111568305
bas,14.4364328384399,20.8263893127441,9.266845161496132,-13.97070175032164,1111584972
bas,16.5569267272949,18.0154800415039,8.37512630517145,-15.452535197473814,1111601639
bas,18.7533130645751,15.4498558044433,6.785826238651864,-15.94888779313091,1111618306
bas,20.6318645477294,12.6800022125244,4.537492608891718,-15.579540262480197,1111634973
bas,22.7096347808837,10.268648147583,1.7950127632115216,-14.549626962536358,1111651640
bas,25.584825515747,8.3646583557128,-1.168287078649889,-13.101310294845538,1111668307
bas,29.361083984375,6.7863960266113,-4.0232072726843615,-11.48584662992889,1111684974
bas,32.1496887207031,5.1002111434936,-6.456299751625311,-9.951974958167124,1111701641
bas,32.2482872009277,3.1672620773315,-8.234921430823224,-8.733172976523386,1111718308
bas,31.2303504943847,1.1454010009765,-9.243490301018767,-8.019898250416226,1111734975
bas,29.6723613739013,-0.507576942443849,-9.483272795634099,-7.918535385794847,1111751642
bas,27.3554859161376,-1.59883117675782,-9.043728692443935,-8.414464568013647,1111768309
bas,24.4301395416259,-2.17528152465821,-8.06188058450897,-9.361752930867933,1111784976
bas,21.7022876739501,-2.2168574333191,-6.686119915866758,-10.512905035999136,1111801643
bas,19.928689956665,-1.67771053314209,-5.054936771058036,-11.583950778828727,1111818310
bas,19.1533889770507,-0.742735862731941,-3.291919103984942,-12.332945935371301,1111834977
bas,17.1755447387695,0.745504379272401,-1.5100322667713157,-12.622755034016459,1111851644
bas,14.4256706237792,2.6601285934448,0.1840960031756046,-12.445214710329797,1111868311
bas,11.7142944335937,4.7478694915771,1.6905569028930154,-11.899963589660373,1111884978
bas,9.46558952331543,7.0681133270263,2.920290080936473,-11.139227266423594,1111901645
bas,7.47255563735961,9.4862251281738,3.801317193127269,-10.301673873829444,1111918312
bas,6.075777053833,12.1689701080322,4.288175027200257,-9.460497870380575,1111934979
bas,4.80161046981811,14.6408576965332,4.37560185475065,-8.604084061892216,1111951646
bas,3.34710812568664,16.3958148956298,4.112320424393415,-7.654757823906967,1111968313
bas,1.96132981777191,18.0392322540283,3.6055239905314984,-6.516124727004946,1111984980
bas,1.23147237300872,19.8239631652832,3.0080303071077146,-5.128310067263105,1112001647
bas,0.942031323909759,21.8639221191406,2.488074952421073,-3.5088105778855447,1112018314
bas,0.931229054927825,24.2334098815918,2.190053577335783,-1.7652045429342431,1112034981
bas,1.321014046669,26.0914344787597,2.1979399824414236,-0.07891711567882664,1112051648
bas,2.10559654235839,27.0631523132324,2.51173498077893,1.3306066149930316,1112068315
bas,3.13249158859252,27.5992736816406,3.0437825551179194,2.248417024586106,1112084982
bas,4.50648164749145,27.678897857666,3.637447038809611,2.502784140025591,1112101649
bas,6.24821996688842,27.5447311401367,4.105388930866011,1.9947687969170782,1112118316
bas,7.98955345153808,27.219985961914,4.278674444302824,0.7173587149113143,1112134983
bas,9.54450607299804,26.7016716003418,4.052669539109388,-1.2364972259311413,1112151650
bas,10.9640760421752,25.5898132324218,3.4139401381900143,-3.6799699735860205,1112168317
bas,12.68661403656,24.2278823852539,2.4370719025161742,-6.35692567396058,1112184984
bas,14.6779623031616,22.3782119750976,1.2517850505097803,-8.985184319562748,1112201651
bas,17.1349906921386,19.7434425354003,-0.0051354504629142084,-11.308972474773665,1112218318
bas,19.4069099426269,16.9315071105957,-1.2296320350934336,-13.142870421758039,1112234985
bas,21.3263149261474,14.0490360260009,-2.3620858186201885,-14.391399504728339,1112251652
bas,22.5529422760009,11.732421875,-3.367674531223461,-15.041317183830794,1112268319
bas,23.0301971435546,10.4332561492919,-4.201603852311461,-15.138300322445202,1112284986
bas,22.7822437286376,9.3347263336181,-4.784213449622993,-14.764685304496222,1112301653
bas,22.8793659210205,8.1033267974853,-5.003135068126121,-14.027866208163434,1112318320
bas,23.383617401123,6.9429454803466,-4.742065250499768,-13.057308459837275,1112334987
bas,22.2929649353027,6.1518840789794,-3.921061788147982,-12.00110288485761,1112351654
bas,19.8569564819335,5.7896919250488,-2.529721951649071,-11.014151370034478,1112368321
bas,17.3898258209228,5.87841796875,-0.6412349233052244,-10.23670249341705,1112384988
bas,15.195255279541,6.3503742218017,1.5945037963825133,-9.768729403066832,1112401655
bas,13.9992361068725,6.9025592803955,3.9732188298661666,-9.648684226347804,1112418322
bas,13.165599822998,7.6380901336669,6.266574252139965,-9.84373531157129,1112434989
bas,11.3900337219238,8.6805248260498,8.25452040712014,-10.25432940303238,1112451656
bas,8.5006628036499,10.309814453125,9.755201959595713,-10.731172767981537,1112468323
bas,5.70088148117065,12.6909389495849,10.64851368589863,-11.099458571513297,1112484990
bas,3.48135781288146,15.2826519012451,10.890749549182104,-11.184500367750822,1112501657
bas,2.15734767913818,17.8963279724121,10.520382509055983,-10.83479916388757,1112518324
bas,1.12314713001251,20.5834732055664,9.65608946241413,-9.94160588007264,1112534991
bas,-0.20669050514698,23.4011840820312,8.48607230596168,-8.456238926363394,1112551658
bas,-2.3669307231903,26.5373764038085,7.245763227415723,-6.406216960172141,1112568325
bas,-3.89049339294433,29.7587356567382,6.183262508425289,-3.908094422386253,1112584992
bas,-5.00251770019531,33.035903930664,5.517331148519421,-1.1699050864645661,1112601659
bas,-6.26428174972534,35.821304321289,5.396848516778431,1.5265513968213797,1112618326
bas,-6.97882080078125,37.2466354370117,5.871110148911547,3.8685460284912097,1112634993
bas,-7.44123744964599,37.1731529235839,6.878342380169482,5.573054907488109,1112651660
bas,-7.59039449691772,36.3247985839843,8.256494541385702,6.445987596666348,1112668327
bas,-6.95920705795288,34.5378074645996,9.775652630171876,6.418672027499848,1112684994
bas,-5.63082265853881,32.0044593811035,11.185628049856502,5.549743420822033,1112701661
bas,-4.03403329849243,29.1133842468261,12.266945610550929,3.9952633486835674,1112718328
bas,-2.14199376106262,26.0261421203613,12.870779740905812,1.9615936261749642,1112734995
bas,0.110755003988742,23.6427612304687,12.935637985610956,-0.3403751349305327,1112751662
bas,2.57390904426574,22.284324645996,12.476671410097456,-2.7251365321453487,1112768329
bas,5.3885588645935,19.4167442321777,11.554888158537532,-5.041643733406126,1112784996
bas,8.93136978149414,15.449234008789,10.24277347032138,-7.166390020179505,1112801663
bas,12.5100526809692,12.4149646759033,8.604635308863177,-8.990780137396015,1112818330
bas,15.7617616653442,10.2489719390869,6.702243641283814,-10.413052954568327,1112834997
bas,18.3421287536621,8.9811401367187,4.621565499499997,-11.34149894504895,1112851664
bas,21.3509044647216,7.4444980621337,2.502102365888093,-11.710548978122084,1112868331
bas,24.8737297058105,5.6053256988525,0.54542123327681,-11.505185350311045,1112884998
bas,28.4001388549804,4.3971729278564,-1.011846503838597,-10.783481820895364,1112901665
bas,30.7701759338378,3.9859476089477,-1.9567056339235729,-9.684829966374428,1112918332
bas,30.7781963348388,3.7468490600585,-2.167665452488732,-8.414916508717637,1112934999
bas,29.7982006072998,3.6086416244506,-1.660994282572789,-7.207377477041604,1112951666
bas,28.8186244964599,3.688904762268,-0.5921011154101403,-6.272528994736061,1112968333
bas,27.2197284698486,3.9726972579956,0.7915793257819247,-5.750082387414842,1112985000
bas,25.8060874938964,4.5274763107299,2.228476054873406,-5.681503344506089,1113001667
bas,24.6148586273193,5.4133005142211,3.521221736753652,-6.009728632656318,1113018334
bas,22.9736671447753,6.0729064941406,4.586153514803519,-6.604024971120646,1113035001
bas,21.0168228149414,6.8352394104003,5.457380601327333,-7.300082210990889,1113051668
bas,17.960256576538,7.8237514495849,6.246844125956298,-7.941503363840985,1113068335
bas,14.2780561447143,9.2771663665771,7.078260798874132,-8.40883330968175,1113085002
bas,10.2597188949584,11.3805389404296,8.02225461862696,-8.626722265969253,1113101669
bas,7.08298873901367,13.9198150634765,9.05841555162395,-8.54899747534095,1113118336
bas,5.10137844085693,16.8683395385742,10.077280280615742,-8.132710504623669,1113135003
bas,3.58666563034057,20.335859298706,10.917565143951924,-7.3198535688456685,1113151670
bas,2.02191853523254,23.5439758300781,11.420955535285383,-6.043932184750454,1113168337
bas,0.433410435914993,26.2890739440918,11.483554942780517,-4.26662296879514,1113185004
bas,-1.03270709514617,28.3727951049804,11.08793815987044,-2.031671129799298,1113201671
bas,-2.28970789909362,30.196792602539,10.308362000073451,0.4915410632224523,1113218338
bas,-3.02293968200683,32.4898147583007,9.290943520840678,3.003338111370537,1113235005
bas,-3.1751685142517,34.7858924865722,8.2179685602149,5.120570830530488,1113251672
bas,-2.90553045272827,36.4753341674804,7.268485144119612,6.462543083406287,1113268339
bas,-2.33663392066955,36.9236793518066,6.5854112972353684,6.744613288069263,1113285006
bas,-1.30035769939422,36.3457374572753,6.254850302585321,5.846030006153344,1113301673
bas,0.514837563037872,34.2186775207519,6.299086360261401,3.8333912069256417,1113318340
bas,2.79464507102966,31.2602005004882,6.681508647607511,0.9415731823194333,1113335007
bas,5.10506534576416,29.1153984069824,7.318552246204095,-2.4733101699535087,1113351674
bas,7.57204866409301,27.5196304321289,8.091444982289165,-5.994686913700463,1113368341
bas,10.0731220245361,25.804832458496,8.852202889052075,-9.213040184347998,1113385008
bas,12.4211978912353,23.3652191162109,9.425186445339442,-11.79566169698196,1113401675
bas,14.1759328842163,20.5395927429199,9.61350652602743,-13.54655994569847,1113418342
bas,15.8277101516723,17.8896217346191,9.221679763538829,-14.435105510415289,1113435009
bas,17.8831043243408,15.3040180206298,8.098691882518443,-14.576292745887345,1113451676
bas,19.9683246612548,12.5299129486084,6.1922902580137125,-14.168192301516052,1113468343
bas,22.3059253692626,10.0058994293212,3.5934539153147123,-13.418008087256673,1113485010
bas,25.5091705322265,8.3000679016113,0.5469254472170691,-12.494417741396513,1113501677
bas,29.6053123474121,7.0844039916992,-2.586688285764655,-11.523415190628297,1113518344
bas,33.3602409362793,5.7483472824096,-5.411456941655898,-10.613790981885279,1113535011
bas,33.919376373291,3.9205589294433,-7.592058882492152,-9.88050802651322,1113551678
bas,32.9865989685058,1.8216247558593,-8.92864436113239,-9.44070663505815,1113568345
bas,31.9177780151367,0.0362157821655007,-9.38439559060194,-9.380245101574193,1113585012
bas,30.0940589904785,-1.14430809020997,-9.06251747870255,-9.71103959779776,1113601679
bas,27.4653854370117,-1.77606964111329,-8.150089274656787,-10.346992432920505,1113618346
bas,24.2948017120361,-1.96681118011475,-6.854599141393993,-11.116492681833725,1113635013
bas,21.5381984710693,-1.70701789855957,-5.355287928142578,-11.810306795747604,1113651680
bas,20.1573410034179,-1.03425598144532,-3.7806565914157955,-12.246414214201915,1113668347
bas,18.8342971801757,0.1732568740844,-2.210784128885222,-12.325747946359927,1113685014
bas,16.2073802947998,2.0468597412109,-0.6940650275815673,-12.056780663162112,1113701681
bas,13.2510662078857,4.1541748046875,0.7331551271118196,-11.539696391128244,1113718348
bas,10.5236482620239,6.5341968536376,2.0306496052185605,-10.916996856597635,1113735015
bas,8.28168678283691,9.1898784637451,3.144555262767431,-10.31038807705665,1113751682
bas,6.66144657135009,12.2166137695312,4.006626626911937,-9.768766662188698,1113768349
bas,5.52892017364501,15.1950168609619,4.546408250951913,-9.247603453004235,1113785016
bas,4.4869213104248,17.3777694702148,4.716208691059076,-8.627817103909543,1113801683
bas,2.9664340019226,19.4384956359863,4.520043981469191,-7.7665543299544,1113818350
bas,2.13568925857543,21.6481094360351,4.031583552934677,-6.559459157719455,1113835017
bas,1.48551821708679,23.8717079162597,3.3889660656976464,-4.990299033416565,1113851684
bas,1.2341421842575,26.3761177062988,2.7648814387557628,-3.1509475265299525,1113868351
bas,1.49531304836273,28.9359703063964,2.3215515288147155,-1.2280678090894424,1113885018
bas,2.1928596496582,30.7790298461914,2.1663454079667233,0.5350266234490537,1113901685
bas,3.1638548374176,31.864086151123,2.323139434007188,1.8871738004502119,1113918352
bas,4.34621429443359,32.7398605346679,2.728471115816459,2.615997306291144,1113935019
bas,6.05486679077148,32.9534759521484,3.252854949393748,2.584479947465969,1113951686
bas,8.18416118621826,32.7944145202636,3.7396286591008367,1.7539432744968644,1113968353
bas,10.0337657928466,32.6104278564453,4.0485631624000815,0.19181077778096225,1113985020
bas,11.3427562713623,31.6972618103027,4.090041195153655,-1.9371630256629742,1114001687
bas,12.6859703063964,29.8482818603515,3.8385792735521886,-4.396724600182512,1114018354
bas,14.258409500122,27.6527137756347,3.3221077642221135,-6.919414258849503,1114035021
bas,16.0659465789794,24.818489074707,2.593815004656486,-9.253368496342812,1114051688
bas,18.6490364074707,21.9072971343994,1.702032298509677,-11.20323640196652,1114068355
bas,21.386152267456,19.3762130737304,0.6754241508394475,-12.65344702623031,1114085022
bas,23.6317100524902,16.7322654724121,-0.46724045200326103,-13.568984991551778,1114101689
bas,24.7745056152343,14.3970336914062,-1.6885024610288542,-13.978594283007673,1114118356
bas,25.1552486419677,12.6869068145751,-2.9036909472713335,-13.952070270369294,1114135023
bas,25.494550704956,11.1938304901123,-3.973084463364611,-13.582678047235984,1114151690
bas,26.5351543426513,9.858694076538,-4.723959020417343,-12.97825191640844,1114168357
bas,27.7435874938964,8.6066818237304,-4.994573496565222,-12.256042075980984,1114185024
bas,27.9956588745117,7.5807456970214,-4.680010997669826,-11.533789907304321,1114201691
bas,26.7364749908447,6.9518356323242,-3.7596772089437303,-10.914461608971791,1114218358
bas,24.6522197723388,6.8177757263183,-2.29736527388876,-10.469372363444124,1114235025
bas,22.2324161529541,7.045841217041,-0.4193870016756842,-10.227371713196124,1114251692
bas,19.8807163238525,7.2573852539062,1.7148077446905279,-10.174382000778984,1114268359
bas,18.2969131469726,7.3928794860839,3.936294857845662,-10.261725079747226,1114285026
bas,17.1617813110351,7.7937908172607,6.080203668768518,-10.418396418822812,1114301693
bas,15.258596420288,8.900930404663,7.993708841508625,-10.563130871736853,1114318360
bas,12.4046802520751,10.8931808471679,9.54533679776401,-10.614296118162036,1114335027
bas,9.57515621185302,13.3835296630859,10.637483286704366,-10.496804180526235,1114351694
bas,6.76619625091552,16.2352428436279,11.218450167453875,-10.145360758013908,1114368361
bas,4.67373657226562,19.0415725708007,11.289947236105023,-9.504158680507485,1114385028
bas,3.125736951828,21.7005138397216,10.90923304763523,-8.525451035913923,1114401695
bas,1.72438633441925,24.2527656555175,10.18633800972506,-7.172089031410232,1114418362
bas,-0.0065552741289138,27.0398559570312,9.275108012720029,-5.42938713275215,1114435029
bas,-1.75244390964508,29.7645683288574,8.356159390732616,-3.32724551749826,1114451696
bas,-3.04144978523254,32.4306488037109,7.612255892781358,-0.9648550146604911,1114468363
bas,-3.97525429725646,35.0563354492187,7.19954757461125,1.4771981386455368,1114485030
bas,-4.56382703781127,36.8628387451171,7.21930941335625,3.751595848706095,1114501697
bas,-5.11191511154174,37.0890159606933,7.6952429599978345,5.587963096957597,1114518364
bas,-5.45990991592407,36.424503326416,8.562236516832568,6.751787862659317,1114535031
bas,-5.23163938522338,35.1800842285156,9.67255280735972,7.0958775799551335,1114551698
bas,-4.03362369537353,33.1636276245117,10.822498368004426,6.585845107646565,1114568365
bas,-2.21819877624511,30.3297386169433,11.795805185975308,5.294915523374059,1114585032
bas,-0.135900408029556,26.912239074707,12.411367408826646,3.3772620433271143,1114601699
bas,2.1619176864624,24.7747268676757,12.55805922771605,1.0349605957311618,1114618366
bas,4.8501968383789,23.8465499877929,12.203386553436314,-1.5103368687595713,1114635033
bas,7.87397098541259,21.0595436096191,11.37552036737146,-4.0386036418630225,1114651700
bas,11.1933650970458,16.9157066345214,10.132802091509712,-6.348588335641556,1114668367
bas,14.2990789413452,13.6076602935791,8.541520862011932,-8.273024603251601,1114685034
bas,17.2427177429199,11.4196243286132,6.67615460032862,-9.690848309033685,1114701701
bas,20.1623497009277,9.8451385498046,4.639600362042689,-10.535223996586053,1114718368
bas,23.7283535003662,8.3266448974609,2.584970152661196,-10.798294757686678,1114735035
bas,27.4497299194335,6.7091522216796,0.7161991993672522,-10.53363812129798,1114751702
bas,30.8636131286621,5.813325881958,-0.7446584606966465,-9.85441076052085,1114768369
bas,32.1736869812011,5.5872535705566,-1.6159989717653578,-8.922489350121811,1114785036
bas,31.6084194183349,5.4823417663574,-1.8163750487217423,-7.925161701840236,1114801703
bas,30.4290161132812,5.0589790344238,-1.3958294022703095,-7.041478016094019,1114818370
bas,28.9244956970214,5.0782556533813,-0.5206221102516627,-6.406988578055533,1114835037
bas,27.5960655212402,5.6178646087646,0.5851574091717482,-6.088528792046318,1114851704
bas,26.2074508666992,6.1604557037353,1.7172581895075063,-6.07754939977848,1114868371
bas,24.8709449768066,6.7882747650146,2.7560208590430113,-6.303308411101323,1114885038
bas,23.4791183471679,7.4750862121582,3.6927594351566175,-6.660338780911868,1114901705
bas,21.5341739654541,8.401268005371,4.609317887188831,-7.040516118144903,1114918372
bas,18.0830307006835,9.8329143524169,5.621287033809741,-7.358739674475114,1114935039
bas,13.8259296417236,11.8615379333496,6.809141169061193,-7.562625663835049,1114951706
bas,9.92374038696289,14.2778987884521,8.165851651393986,-7.621995898958303,1114968373
bas,7.5362958908081,16.5954608917236,9.58239068624294,-7.503579547152813,1114985040
bas,6.19941520690918,19.2656497955322,10.875793865836787,-7.146307774172369,1115001707
bas,4.71241426467895,22.0923919677734,11.845890896872291,-6.456151078440701,1115018374
bas,2.8808479309082,24.6514091491699,12.33651289117835,-5.332329845506422,1115035041
bas,1.27093946933746,26.6888313293457,12.279222350766087,-3.7207086068307054,1115051708
bas,0.0387459620833396,28.3561897277832,11.708399630630602,-1.6729361034810466,1115068375
bas,-0.955391287803649,30.3546104431152,10.748685752769997,0.6184785655980035,1115085042
bas,-1.45081555843353,32.7221488952636,9.58393510391257,2.8320569617015354,1115101709
bas,-1.41758298873901,35.1287956237793,8.418912296244269,4.579407194667192,1115118376
bas,-1.02206563949584,36.854393005371,7.442350274307615,5.498556544820119,1115135043
bas,-0.200577452778816,36.8061332702636,6.796227981963554,5.346875766808756,1115151710
bas,1.21950793266296,35.4448547363281,6.55409257601396,4.063994482859019,1115168377
bas,3.27114605903625,32.9798545837402,6.710827964026645,1.7885693126471893,1115185044
bas,5.7605881690979,30.3599281311035,7.185089242327667,-1.1712987646816237,1115201711
bas,8.39815711975097,28.3621139526367,7.832504325169377,-4.403036336631116,1115218378
bas,11.0577344894409,27.1528167724609,8.46499049881257,-7.474260114648227,1115235045
bas,13.5813112258911,25.0800056457519,8.872481352077058,-10.020096268492717,1115251712
bas,15.627459526062,22.2769050598144,8.8476227293475,-11.814468009276267,1115268379
bas,17.2245216369628,19.4125270843505,8.216812233372348,-12.805652372979495,1115285046
bas,19.010871887207,16.8127975463867,6.878087715215715,-13.102562032761599,1115301713
bas,21.1614360809326,14.2255706787109,4.838677816304779,-12.915447668609854,1115318380
bas,23.7947769165039,11.6869850158691,2.2378392720476294,-12.475793787711261,1115335047
bas,27.2048683166503,9.4539146423339,-0.6602808302146222,-11.970216407848556,1115351714
bas,31.2442436218261,7.7284526824951,-3.5107630174591096,-11.513116375463822,1115368381
bas,33.7798690795898,6.3561382293701,-5.960795199515816,-11.158621209176353,1115385048
bas,34.0180358886718,4.8646259307861,-7.7285729274272255,-10.930559788018366,1115401715
bas,33.3684272766113,3.2232694625854,-8.661075915888167,-10.843935397499878,1115418382
bas,32.495361328125,1.71591091156,-8.752853392716135,-10.904005293483603,1115435049
bas,30.6617717742919,0.525089263916,-8.124858909939059,-11.088850760975491,1115451716
bas,28.224250793457,-0.0496320724487305,-6.976810637623652,-11.33426448477766,1115468383
bas,25.9353618621826,-0.0583162307739293,-5.532427512228052,-11.5384576967142,1115485050
bas,23.9954433441162,0.4229173660278,-3.993907316705708,-11.591090183708157,1115501717
bas,22.6137790679931,1.3128633499145,-2.51347250846057,-11.41542909441889,1115518384
bas,20.7763366699218,2.6984987258911,-1.181494537551364,-11.003155677579363,1115535051
bas,18.4348354339599,4.592921257019,-0.027966682193930514,-10.423169745098448,1115551718
bas,15.8915557861328,6.7662467956542,0.9636742115257277,-9.79734028454069,1115568385
bas,13.2231197357177,9.1004676818847,1.8308128573790987,-9.2513482604505,1115585052
bas,10.507038116455,11.7262744903564,2.5999883609581143,-8.86027598554942,1115601719
bas,7.9416913986206,14.9433212280273,3.262661384150982,-8.611706915750784,1115618386
bas,6.48290395736694,17.8674888610839,3.7721388643012452,-8.402749915165375,1115635053
bas,5.68276214599609,19.7550983428955,4.065329394394697,-8.07365741701219,1115651720
bas,4.54573917388916,21.1496181488037,4.098858776893577,-7.4650382148923535,1115668387
bas,3.42315745353698,22.7068634033203,3.880859475550372,-6.476044489164018,1115685054
bas,2.73736548423767,24.4881515502929,3.4824546822509257,-5.102645852316292,1115701721
bas,2.38617348670959,26.5189476013183,3.023616834295227,-3.4458298590144065,1115718388
bas,2.4669930934906,28.8321647644043,2.6395067721438887,-1.6916164625393393,1115735055
bas,3.06603479385375,30.3630294799804,2.440054830995466,-0.07238033618117,1115751722
bas,3.8734917640686,30.8095054626464,2.476440633862221,1.1785354680589064,1115768389
bas,4.94527864456176,30.7868423461914,2.725137666388899,1.867918167450876,1115785056
bas,6.40677499771118,30.3856468200683,3.0949814416831183,1.8719821602061888,1115801723
bas,8.27628517150878,29.9302101135253,3.455879659019249,1.151462570088426,1115818390
bas,10.220458984375,29.6169624328613,3.680063837148677,-0.2455927579241223,1115835057
bas,11.8334236145019,28.9484901428222,3.6805897521040554,-2.1907314361780297,1115851724
bas,13.1903572082519,27.4458389282226,3.431011889488235,-4.491560614050057,1115868391
bas,14.6701364517211,25.4266319274902,2.957464755946742,-6.918916259720435,1115885058
bas,16.31565284729,22.9061126708984,2.308009541030164,-9.242526089504063,1115901725
bas,18.6290798187255,20.1929397583007,1.517360352016397,-11.266906079995701,1115918392
bas,21.0013103485107,17.8373756408691,0.5896060503956687,-12.856373391307745,1115935059
bas,22.7791671752929,15.2995128631591,-0.4875308098317173,-13.942228894659257,1115951726
bas,23.4365367889404,13.3223190307617,-1.7025914935985709,-14.514347593349667,1115968393
bas,23.7815074920654,12.1528034210205,-2.978057545345437,-14.607027179657832,1115985060
bas,25.2636318206787,10.9814128875732,-4.153986118705545,-14.288739449383389,1116001727
bas,27.3772964477539,9.8159370422363,-5.013346300984745,-13.657359580061886,1116018394
bas,28.8326663970947,8.6916770935058,-5.342486592719378,-12.834183864202048,1116035061
bas,28.4965133666992,7.9059009552001,-5.000862782037474,-11.94993554134219,1116051728
bas,26.9701805114746,7.3389625549316,-3.9689324430101283,-11.123856552595777,1116068395
bas,24.7021884918212,7.0994682312011,-2.3545441421319526,-10.444538390862858,1116085062
bas,22.1494159698486,7.3082027435302,-0.35855346431759866,-9.961142959834227,1116101729
bas,19.6654186248779,7.6465721130371,1.7822970778722318,-9.686805082500609,1116118396
bas,18.0804328918457,7.920166015625,3.8512539842836566,-9.608741149429758,1116135063
bas,17.2794609069824,8.3698768615722,5.688393636137372,-9.697356064109865,1116151730
bas,15.5117111206054,9.5386810302734,7.203184332961971,-9.909734349197622,1116168397
bas,12.7922353744506,11.4721641540527,8.367864542459298,-10.187726561104268,1116185064
bas,9.76824474334716,13.8623714447021,9.199895338327405,-10.453899574192015,1116201731
bas,6.99882888793945,16.754539489746,9.740230775007337,-10.609034792171382,1116218398
bas,4.55586910247802,19.8343925476074,10.033357546361982,-10.534004940733805,1116235065
bas,3.18527817726135,22.5030326843261,10.115656627104512,-10.098335796808726,1116251732
bas,1.88021302223205,24.8412628173828,10.016539992825507,-9.17778201646117,1116268399
bas,0.0682592168450355,27.4218063354492,9.770235503766665,-7.68247072999147,1116285066
bas,-1.76130843162536,30.3193397521972,9.429211078463714,-5.593445987004358,1116301733
bas,-3.32792568206787,33.24995803833,9.068732209599228,-2.9979428411116253,1116318400
bas,-4.6735553741455,36.2435722351074,8.777220405468372,-0.10626965601616617,1116335067
bas,-5.56875085830688,38.4525146484375,8.635228153761123,2.766208599725813,1116351734
bas,-5.98557901382446,39.2640037536621,8.69195262193841,5.255463939325094,1116368401
bas,-6.3098087310791,39.2806587219238,8.949429443869933,7.027910456598206,1116385068
bas,-6.23834657669067,38.8887329101562,9.361311492289026,7.854294985097909,1116401735
bas,-5.33167839050293,37.6712684631347,9.847747422252523,7.653315563644538,1116418402
bas,-3.628023147583,35.4066658020019,10.322049259872324,6.4947971558603745,1116435069
bas,-1.55874574184417,32.321907043457,10.719258923908914,4.568812142298326,1116451736
bas,0.763649761676788,28.9838027954101,11.013286905880237,2.136756938579034,1116468403
bas,3.33367228507995,26.6972007751464,11.211732559289956,-0.5191786209710382,1116485070
bas,6.22802543640136,24.8879356384277,11.327474326405726,-3.1376162545376003,1116501737
bas,9.73852825164795,21.1936168670654,11.339485178174854,-5.506960018672802,1116518404
bas,13.4300146102905,17.0382041931152,11.164074084354542,-7.481191523174351,1116535071
bas,16.6834201812744,14.0289344787597,10.656025160541603,-8.981870511638991,1116551738
bas,19.3134250640869,12.4411563873291,9.64728850387692,-9.987105292114135,1116568405
bas,22.3097782135009,11.3667182922363,8.014590622149745,-10.513124000951155,1116585072
bas,26.2801094055175,9.5905456542968,5.753245187882845,-10.598123310602086,1116601739
bas,30.749132156372,7.7535018920898,3.0274138159997075,-10.296175562128866,1116618406
bas,34.8357353210449,6.6383743286132,0.17027829305071593,-9.681642865339823,1116635073
bas,38.4041557312011,6.1315231323242,-2.377537417474899,-8.856987210061702,1116651740
bas,40.5162010192871,5.7808103561401,-4.179293481009006,-7.953978753057895,1116668407
bas,41.2962341308593,5.5185670852661,-4.927700778962767,-7.12163028628804,1116685074
bas,41.5376319885253,5.5804576873779,-4.537926965236149,-6.501487272197259,1116701741
bas,41.2045249938964,5.945556640625,-3.170338749878211,-6.197650207877087,1116718408
bas,39.8706398010253,6.5675506591796,-1.172716826324096,-6.251547469594603,1116735075
bas,37.9561004638671,7.5315017700195,1.0352128315893074,-6.629926039156647,1116751742
bas,35.9181289672851,9.0095882415771,3.0894953711181303,-7.2309719987610475,1116768409
bas,33.8845634460449,10.5969676971435,4.77442973766479,-7.909156282195279,1116785076
bas,31.769395828247,12.066421508789,6.049988114736638,-8.513737380725791,1116801743
bas,28.2832374572753,13.4851684570312,7.012425235904221,-8.928989568005392,1116818410
bas,23.5636978149414,15.4018154144287,7.812694731433448,-9.09964709899352,1116835077
bas,18.0674114227294,17.9391136169433,8.571451029189046,-9.028133450558197,1116851744
bas,13.9376897811889,20.6341838836669,9.325985791734679,-8.74268012795168,1116868411
bas,12.1239585876464,23.834976196289,10.025804136508519,-8.25185194939506,1116885078
bas,10.853063583374,27.6733093261718,10.569601835258002,-7.511309588634857,1116901745
bas,9.15336322784423,31.4832344055175,10.859519388770185,-6.425574599847626,1116918412
bas,7.60141944885253,34.4649047851562,10.845968796449803,-4.891246008078886,1116935079
bas,5.98336124420166,36.8880043029785,10.54641136602191,-2.8662499714107272,1116951746
bas,4.15228033065795,39.206184387207,10.036522106255667,-0.4338047624858151,1116968413
bas,2.67248821258544,41.8755950927734,9.42389104439536,2.1713610906703256,1116985080
bas,1.66562926769256,44.8980751037597,8.817952018198392,4.592457474126323,1117001747
bas,1.17997813224792,47.3798522949218,8.3060258065666,6.430162660272848,1117018414
bas,1.11226880550384,48.8663902282714,7.939366008668038,7.344921757395811,1117035081
bas,1.55378019809722,49.400894165039,7.729524167237591,7.145207217258729,1117051748
bas,2.4577453136444,48.5166435241699,7.6546252218718545,5.832344954952415,1117068415
bas,3.87817811965942,46.0971488952636,7.674369117267791,3.5917260727189557,1117085082
bas,5.6883053779602,43.0546264648437,7.7493891379612805,0.7400027179516092,1117101749
bas,7.55390834808349,40.4487228393554,7.856344765393469,-2.3504822388053714,1117118416
bas,9.29134178161621,38.525405883789,7.989268082744703,-5.327292706801314,1117135083
bas,10.9334592819213,35.8043746948242,8.143413318279887,-7.916821218815508,1117151750
bas,12.5506877899169,32.0499839782714,8.288151529744997,-9.958491878596432,1117168417
bas,14.3374195098876,27.8258972167968,8.34390148522478,-11.412493236602328,1117185084
bas,16.3192043304443,24.3166809082031,8.178886365746513,-12.341780539304821,1117201751
bas,19.0399074554443,21.7783699035644,7.633771309804443,-12.871455017119525,1117218418
bas,21.540807723999,18.8135833740234,6.570015972371194,-13.135118824375052,1117235085
bas,23.2062301635742,15.7967071533203,4.926580230975799,-13.226314589979458,1117251752
bas,24.3760299682617,13.4299697875976,2.7635114267986736,-13.175159671509936,1117268419
bas,26.0774269104003,11.888916015625,0.2723054713574262,-12.959962692739001,1117285086
bas,28.7883186340332,10.5486049652099,-2.257223827125997,-12.545793795885906,1117301753
bas,31.9594669342041,8.9682922363281,-4.507316570049686,-11.928616181892433,1117318420
bas,33.8761100769043,7.0227031707763,-6.216614762843527,-11.16293428429236,1117335087
bas,33.9409599304199,4.749059677124,-7.246753240611621,-10.361461252518431,1117351754
bas,33.1179161071777,2.6422395706176,-7.605853419204037,-9.669007018291994,1117368421
bas,31.5142784118652,1.0537929534912,-7.42238644329583,-9.222332310322216,1117385088
bas,29.0919170379638,-0.10663032531739,-6.883426295409775,-9.110710179418447,1117401755
bas,26.373291015625,-0.98552894592286,-6.163233027353827,-9.34982645128262,1117418422
bas,23.575382232666,-1.61715984344483,-5.368471024317358,-9.876590069317961,1117435089
bas,21.8910942077636,-1.88334846496582,-4.517984694686219,-10.565858845299255,1117451756
bas,21.4054107666015,-1.59352684020997,-3.5613791735144447,-11.263448465311354,1117468423
bas,20.3437767028808,-0.596804618835449,-2.425560061001733,-11.825108226700731,1117485090
bas,17.7023754119873,1.018967628479,-1.0679870615770635,-12.150062221171241,1117501757
bas,14.7613401412963,3.1386318206787,0.48494357244362,-12.20014136810787,1117518424
bas,12.2666664123535,5.5198411941528,2.126994349205671,-11.999788322529529,1117535091
bas,10.1863679885864,7.7684841156005,3.6895191611513614,-11.61668283872817,1117551758
bas,8.09087753295898,9.9426746368408,4.97973289025481,-11.127392537622596,1117568425
bas,6.59386920928955,12.7730846405029,5.828666769201486,-10.578141935994662,1117585092
bas,5.54191017150878,15.7103443145751,6.136555609191483,-9.9559726588674,1117601759
bas,4.26489639282226,17.9342555999755,5.903249111462976,-9.185245386075236,1117618426
bas,3.06444549560546,19.8888435363769,5.2333413119339225,-8.15521691558273,1117635093
bas,2.23907423019409,21.7386798858642,4.312476814210639,-6.770193128744179,1117651760
bas,1.64013051986694,23.7014961242675,3.3616713733271375,-5.003190933645733,1117668427
bas,1.36104297637939,25.9645309448242,2.584773567347903,-2.9326244066544214,1117685094
bas,1.59080278873443,28.187385559082,2.125138637593869,-0.7483082779700665,1117701761
bas,2.35185885429382,29.5400123596191,2.041541555034132,1.2760931408557539,1117718428
bas,3.46821618080139,30.6102752685546,2.305238755344504,2.836311029257466,1117735095
bas,4.84985065460205,31.8245620727539,2.8145627001952875,3.661405623522433,1117751762
bas,6.68202018737793,32.3586616516113,3.4217740514951163,3.5718553776919677,1117768429
bas,8.71733474731445,31.9413185119628,3.967090215895404,2.5188793778107823,1117785096
bas,10.4549655914306,31.1053886413574,4.314040398914841,0.5981844002467436,1117801763
bas,11.8835563659667,30.0764198303222,4.378035668410282,-1.96316100037074,1117818430
bas,13.3259325027465,28.2855186462402,4.138966441783604,-4.844583682948596,1117835097
bas,14.9102926254272,26.2355461120605,3.6321538897010197,-7.689679472311676,1117851764
bas,16.9647617340087,24.0971450805664,2.9206516547458885,-10.174115759755816,1117868431
bas,19.599531173706,21.2219142913818,2.062023227918151,-12.067893460102935,1117885098
bas,21.9398651123046,18.700246810913,1.0878590307464902,-13.273023487295662,1117901765
bas,23.4057655334472,16.084171295166,0.009043073836506177,-13.823409614060463,1117918432
bas,24.0699481964111,13.533784866333,-1.1551972762840694,-13.848372792293556,1117935099
bas,24.7105255126953,11.605577468872,-2.3423127369241485,-13.517088466245939,1117951766
bas,25.4324302673339,10.3285617828369,-3.4288108165228546,-12.987924282576559,1117968433
bas,26.5779762268066,9.1294631958007,-4.243872648297209,-12.379892196339588,1117985100
bas,27.9115715026855,8.0119361877441,-4.610184731797569,-11.768669411788512,1118001767
bas,27.7725028991699,7.0826377868652,-4.393374009044846,-11.197641863217184,1118018434
bas,25.9163303375244,6.594123840332,-3.538786383206884,-10.691931288743655,1118035101
bas,23.4343452453613,6.3732929229736,-2.083491045102378,-10.268333989103917,1118051768
bas,20.8413658142089,6.6040534973144,-0.1446021071652689,-9.939830060941778,1118068435
bas,18.4977741241455,7.0492458343505,2.106126056222265,-9.71572528649406,1118085102
bas,16.7982940673828,7.4619731903076,4.4702233874556265,-9.5983864938879,1118101769
bas,15.7772970199584,7.9586277008056,6.746243417411704,-9.57754241552115,1118118436
bas,13.972165107727,8.9553394317626,8.74859692917381,-9.624108107706725,1118135103
bas,11.1457147598266,10.8332138061523,10.32377562646298,-9.686216241869806,1118151770
bas,8.32529926300048,13.2894897460937,11.364779989075545,-9.68950544950161,1118168437
bas,5.21941041946411,16.1700077056884,11.821871021373216,-9.542286872175746,1118185104
bas,3.01070761680603,19.2849521636962,11.707891649258968,-9.14532409028982,1118201771
bas,1.77426302433013,22.1307487487793,11.098572676358822,-8.406042813843246,1118218438
bas,0.438915640115737,24.6168174743652,10.128589377967344,-7.257134602709846,1118235105
bas,-0.910094320774078,27.2010383605957,8.981959885206635,-5.678434346086212,1118251772
bas,-2.5139935016632,29.7405929565429,7.873871300665182,-3.7179688422649235,1118268439
bas,-3.87197184562683,32.0948333740234,7.022408088070774,-1.5040714564559765,1118285106
bas,-4.76858377456665,34.4506530761718,6.612062760245928,0.7613394448087619,1118301773
bas,-5.337730884552,36.3370208740234,6.754886376405387,2.833777581073797,1118318440
bas,-5.72002029418945,36.8886451721191,7.459014967318498,4.476078309714839,1118335107
bas,-5.87191438674926,36.4434394836425,8.616392709181556,5.510565657863626,1118351774
bas,-5.55981397628784,35.3166694641113,10.01879285148117,5.853610593158658,1118368441
bas,-4.5522346496582,33.1501083374023,11.402544984675082,5.520240114018114,1118385108
bas,-2.91901159286499,30.4770851135253,12.510730573358119,4.600261492394818,1118401775
bas,-0.973673164844512,27.5708961486816,13.15276415431349,3.2195758723412546,1118418442
bas,1.22874104976654,25.0109100341796,13.240393591867576,1.5052022857448464,1118435109
bas,3.76839089393615,23.5686569213867,12.787834207188125,-0.4316797745756179,1118451776
bas,6.55243444442749,21.8201675415039,11.878686214906448,-2.4913412174537597,1118468443
bas,9.69765377044677,18.0430259704589,10.616784337943512,-4.568333064138907,1118485110
bas,12.8516912460327,14.208396911621,9.08550801850502,-6.536193493873827,1118501777
bas,15.808307647705,11.8274364471435,7.336109605586524,-8.246281101273038,1118518444
bas,18.5611553192138,10.2947425842285,5.410375228029592,-9.54521622226454,1118535111
bas,21.3456497192382,9.304235458374,3.3828760859551936,-10.307326882338499,1118551778
bas,24.624605178833,7.8069915771484,1.3945580001808102,-10.472353058155726,1118568445
bas,28.3843364715576,6.3526268005371,-0.3483225284016722,-10.074570937434565,1118585112
bas,31.539077758789,5.4245872497558,-1.6177588130243632,-9.249138487530493,1118601779
bas,32.5102157592773,5.0120315551757,-2.233699820350075,-8.207798964078934,1118618446
bas,32.154613494873,4.8362026214599,-2.127530399489493,-7.188502801730985,1118635113
bas,31.4913082122802,4.6712703704833,-1.3688027814437331,-6.395681299062173,1118651780
bas,29.9762382507324,4.8270244598388,-0.1429437301628326,-5.9522986795806325,1118668447
bas,28.1586456298828,5.2595014572143,1.3090193320527825,-5.8790508865445545,1118685114
bas,26.4063129425048,5.8762998580932,2.7621810488725127,-6.104401161532945,1118701781
bas,25.0153141021728,6.4843521118164,4.063268105690673,-6.498279508099125,1118718448
bas,23.5992774963378,6.9116535186767,5.153357473390685,-6.91644876230651,1118735115
bas,21.5407886505126,7.4410533905029,6.056575667443746,-7.241788817429685,1118751782
bas,18.510290145874,8.4227180480957,6.845068133297398,-7.410967831840711,1118768449
bas,14.7947072982788,10.1642189025878,7.595197325549911,-7.418916552161118,1118785116
bas,10.7575168609619,12.4996261596679,8.349856000864738,-7.299648880755395,1118801783
bas,8.0911283493042,14.9815769195556,9.098795377828079,-7.0902801963700135,1118818450
bas,6.75382709503173,17.6463451385498,9.782136411425553,-6.792963683254681,1118835117
bas,5.50795173645019,20.5708961486816,10.31283358874535,-6.352711511621575,1118851784
bas,3.80633687973022,23.2701950073242,10.607058307468154,-5.664872080491202,1118868451
bas,2.21159553527832,25.4420738220214,10.611122531795804,-4.6145484325418735,1118885118
bas,0.875768542289733,27.2838478088378,10.317818946998468,-3.135256329012643,1118901785
bas,-0.306803315877914,29.1155204772949,9.769854087047335,-1.2628886434763795,1118918452
bas,-1.26650238037109,31.4455490112304,9.051612382208843,0.8394465639182652,1118935119
bas,-1.83890354633331,34.3792839050293,8.272836007437713,2.898795900645573,1118951786
bas,-1.98202443122863,36.8255500793457,7.548772699610024,4.587613904141145,1118968453
bas,-1.65829575061798,38.3581886291503,6.9808177508653175,5.597662895721152,1118985120
bas,-0.871418952941894,38.529972076416,6.640575403777543,5.707777946529257,1119001787
bas,0.399772554636001,37.2746047973632,6.55973138861249,4.826680100069777,1119018454
bas,2.27896952629089,34.6588249206543,6.727779676432478,3.005055025165245,1119035121
bas,4.56725883483886,32.0679550170898,7.09782233770265,0.42247810182672113,1119051788
bas,6.79976224899292,30.1749877929687,7.59705521517469,-2.6419487003953135,1119068455
bas,8.87095546722412,28.654972076416,8.13580968599783,-5.850271062499166,1119085122
bas,10.9127235412597,26.9658393859863,8.610539490385623,-8.85677987824706,1119101789
bas,12.9415864944458,24.5707855224609,8.902089176084207,-11.366126556786424,1119118456
bas,14.522702217102,21.6737327575683,8.876813363655453,-13.18597955652384,1119135123
bas,16.1206836700439,19.0838088989257,8.39952320526469,-14.254610693133401,1119151790
bas,18.1850852966308,16.7105522155761,7.362015455063298,-14.628943299129944,1119168457
bas,20.0542030334472,13.9713764190673,5.72169520994862,-14.43759180119334,1119185124
bas,21.6412353515625,11.1699333190917,3.5363288350587156,-13.824326287346917,1119201791
bas,23.9468421936035,9.258092880249,0.9775889326039154,-12.913064077642439,1119218458
bas,27.6165351867675,8.0334815979003,-1.6895607892081894,-11.809503569376934,1119235125
bas,32.1041259765625,6.7616882324218,-4.162162171889127,-10.628372229998147,1119251792
bas,34.3252754211425,5.0403718948364,-6.173138369813344,-9.518314931147968,1119268459
bas,33.9872398376464,2.9541254043579,-7.555702652849569,-8.659398100831504,1119285126
bas,33.0365142822265,0.7837715148925,-8.272267384945653,-8.22655140303073,1119301793
bas,31.5358982086181,-0.8643798828125,-8.398550211952765,-8.333007784690722,1119318460
bas,29.3934288024902,-1.61228466033936,-8.074426476760483,-8.97977272049561,1119335127
bas,26.7216472625732,-1.77646255493164,-7.445277397218378,-10.036067827279695,1119351794
bas,23.7011547088623,-1.5702543258667,-6.616991537977047,-11.263394456970817,1119368461
bas,21.0478610992431,-0.99241352081299,-5.63861829721459,-12.378013859007169,1119385128
bas,19.799409866333,-0.17310237884522,-4.514267430930216,-13.13070547159734,1119401795
bas,19.0379905700683,1.1267299652099,-3.234089928115174,-13.375292199291232,1119418462
bas,17.0781650543212,2.94127368927,-1.8075623296997139,-13.10162688890492,1119435129
bas,14.2443389892578,5.0204210281372,-0.28449468235062675,-12.422579095033095,1119451796
bas,11.3947639465332,7.4427185058593,1.241652716059206,-11.522006957297346,1119468463
bas,9.18318080902099,10.0578212738037,2.6448059327546067,-10.584416094184686,1119485130
bas,7.16865921020507,13.030366897583,3.7860836878714528,-9.732023790001143,1119501797
bas,5.75890111923217,16.0321216583251,4.53969205382166,-8.990527031848465,1119518464
bas,4.79750394821167,18.3585948944091,4.82347974881368,-8.293432038237585,1119535131
bas,3.5926821231842,20.5552406311035,4.628424462930653,-7.5203451718831,1119551798
bas,2.28130722045898,22.8785934448242,4.035526417842249,-6.552451589754815,1119568465
bas,1.57740676403045,25.4308395385742,3.2088719404712838,-5.323724235803827,1119585132
bas,1.18237662315368,28.2342262268066,2.362284639243491,-3.8508605774674165,1119601799
bas,1.36168682575225,30.7730064392089,1.7084984418116667,-2.235176601218224,1119618466
bas,2.22943925857543,31.9814262390136,1.4068231437981993,-0.6402572279377826,1119635133
bas,3.28845953941345,32.5720176696777,1.5249466312775077,0.7438267803790782,1119651800
bas,4.60726451873779,33.3447036743164,2.0248451365113875,1.7370231269049419,1119668467
bas,6.48802757263183,33.8291091918945,2.7753731151486583,2.196902545283431,1119685134
bas,8.76793766021728,33.8143882751464,3.587394083301518,2.034019030610739,1119701801
bas,10.7852697372436,33.5887069702148,4.261846553602552,1.2176877837073525,1119718468
bas,12.31245803833,32.9600601196289,4.637137644290059,-0.22275189039672308,1119735135
bas,13.6981592178344,31.3722915649414,4.621411365456919,-2.19799347730293,1119751802
bas,15.3617210388183,29.2915382385253,4.199875594640778,-4.560711618622595,1119768469
bas,17.1435489654541,26.4015884399414,3.417451249646141,-7.112676630858802,1119785136
bas,19.6068668365478,23.1666107177734,2.3485052562960878,-9.62070947425334,1119801803
bas,22.5820808410644,20.4327659606933,1.071893048244235,-11.843268273887583,1119818470
bas,25.3808479309082,18.0769920349121,-0.33422308377818344,-13.565510234669137,1119835137
bas,26.7567329406738,16.0250568389892,-1.7770483059467928,-14.636034919249916,1119851804
bas,27.3391590118408,14.5398521423339,-3.128597870426299,-14.996033391330215,1119868471
bas,27.912275314331,12.9792079925537,-4.2219955326127,-14.692734720922603,1119885138
bas,28.9749736785888,11.439977645874,-4.877807441633644,-13.872364020913407,1119901805
bas,29.8309879302978,9.9116401672363,-4.953770876007608,-12.75175414484184,1119918472
bas,29.8776493072509,8.793378829956,-4.394093733325618,-11.57288290092277,1119935139
bas,29.1142692565917,8.0318813323974,-3.252132050275387,-10.550976605224747,1119951806
bas,27.454927444458,7.6590309143066,-1.6741149480437125,-9.831281043912401,1119968473
bas,25.3123302459716,7.8623313903808,0.14813398530003868,-9.468062265556897,1119985140
bas,22.806131362915,8.3208045959472,2.0333125464488977,-9.430971017605408,1120001807
bas,20.6534271240234,8.5260696411132,3.8518344046250075,-9.63239357206352,1120018474
bas,19.1578063964843,8.5068664550781,5.538249924599072,-9.961327071584604,1120035141
bas,17.5862293243408,8.8107757568359,7.0760590622843065,-10.309486965996538,1120051808
bas,15.1883239746093,10.169677734375,8.467696689744788,-10.582960098985058,1120068475
bas,12.1941843032836,12.2775135040283,9.705059465656857,-10.701828249180345,1120085142
bas,8.89016532897949,14.7462501525878,10.751332052236846,-10.594965658708967,1120101809
bas,5.80283641815185,17.7247924804687,11.539457365604203,-10.196456326079272,1120118476
bas,3.64345049858093,20.5722045898437,11.988908188054118,-9.44676264726014,1120135143
bas,2.2950382232666,23.1214561462402,12.037255106300176,-8.299261595541234,1120151810
bas,0.626364707946777,25.5753097534179,11.675357364675637,-6.731993912717385,1120168477
bas,-1.37810122966766,28.2366981506347,10.970551210844198,-4.763932632464511,1120185144
bas,-3.1707763671875,30.7584953308105,10.066439885060923,-2.472524796588083,1120201811
bas,-4.6084976196289,33.3093109130859,9.158211571644804,-0.004595376598338793,1120218478
bas,-5.70244455337524,35.8407745361328,8.45141598797195,2.4299379095236677,1120235145
bas,-6.39219617843627,37.3239479064941,8.115885372229103,4.587291684876696,1120251812
bas,-6.89894342422485,37.2524986267089,8.24618380420568,6.2358215654800135,1120268479
bas,-7.21074962615966,36.349754333496,8.837785266549526,7.201814678497238,1120285146
bas,-6.92789506912231,34.8103942871093,9.784931034092757,7.3972638657643905,1120301813
bas,-5.65669679641723,32.5062675476074,10.90172429500588,6.821971231461472,1120318480
bas,-3.70187044143676,29.3610191345214,11.962118237386655,5.545994768155496,1120335147
bas,-1.53304648399353,26.1325340270996,12.747673254674606,3.6866145727678665,1120351814
bas,0.944511234760284,23.9748229980468,13.087692505620026,1.3923008137126205,1120368481
bas,3.78382158279418,22.7818717956543,12.879195120159384,-1.16322608920641,1120385148
bas,6.97574949264526,19.4448566436767,12.084859642980799,-3.7834839082582996,1120401815
bas,10.6658973693847,15.1858806610107,10.719736330672786,-6.2574094552039865,1120418482
bas,13.8678350448608,11.598497390747,8.843362816277695,-8.376990201902878,1120435149
bas,16.8108367919921,9.3826465606689,6.5676270768061915,-9.961718433465371,1120451816
bas,19.8475360870361,8.1760139465332,4.075018984144357,-10.88543999737986,1120468483
bas,23.4117774963378,6.640396118164,1.6270430413416797,-11.101827264278928,1120485150
bas,27.2103633880615,4.9620809555053,-0.45980940417829175,-10.663124147395678,1120501817
bas,30.834581375122,4.070421218872,-1.878451548688238,-9.7236203800717,1120518484
bas,31.7607383728027,3.9371747970581,-2.4191790263593536,-8.519605153208959,1120535151
bas,31.0312747955322,3.9800987243652,-2.0448109872519966,-7.324277207449265,1120551818
bas,29.7266235351562,3.8965473175048,-0.9154421806424046,-6.386866498319551,1120568485
bas,28.0645351409912,4.0998802185058,0.6548374046353104,-5.874228582303679,1120585152
bas,26.4866561889648,4.2537069320678,2.2964422001221125,-5.834792064998549,1120601819
bas,25.3474311828613,4.8937330245971,3.700644418949266,-6.197154149576157,1120618486
bas,24.2946510314941,5.762635231018,4.709640902035467,-6.802511634957098,1120635153
bas,22.9817123413085,6.6510524749755,5.348429002168033,-7.45817188730649,1120651820
bas,20.5002727508544,7.8488082885742,5.790144239707761,-7.993424974519028,1120668487
bas,16.6140670776367,9.315574645996,6.271075077161778,-8.29976731068796,1120685154
bas,12.2130889892578,11.4929256439209,6.988936876710903,-8.343255974411312,1120701821
bas,8.78168392181396,13.8662109375,8.022680328040982,-8.146193687196591,1120718488
bas,6.56073808670043,16.2835140228271,9.301763548922333,-7.74685120992816,1120735155
bas,5.31670522689819,19.2410774230957,10.631401545020896,-7.156026157132084,1120751822
bas,3.76011514663696,22.3598098754882,11.758634938058298,-6.332744286976999,1120768489
bas,1.94857788085937,25.2519912719726,12.45238841818014,-5.194798834038282,1120785156
bas,0.304967671632766,27.6553344726562,12.571095472172816,-3.66431787182694,1120801823
bas,-1.00803935527801,29.4059104919433,12.099628708550936,-1.7305473848874302,1120818490
bas,-2.16102600097656,31.4744987487793,11.148728143830985,0.49929352692478485,1120835157
bas,-2.87094449996948,34.248680114746,9.921716544489268,2.7878113818608687,1120851824
bas,-3.08998298645019,36.9626197814941,8.661739774249728,4.804448005608522,1120868491
bas,-2.94773626327514,38.9549331665039,7.595614429127111,6.200279937359757,1120885158
bas,-2.40852355957031,39.7512741088867,6.887979711927563,6.692938153769245,1120901825
bas,-1.39394342899322,39.4610977172851,6.6144680234671265,6.131962162132731,1120918492
bas,0.166591987013816,37.3517227172851,6.757254906371388,4.527122822926002,1120935159
bas,2.2434332370758,34.2524452209472,7.2210025689132005,2.03979753892128,1120951826
bas,4.54183292388916,31.8294296264648,7.861838973134983,-1.0508584246899995,1120968493
bas,6.90011072158813,29.9580421447753,8.51827090420646,-4.394430986659628,1120985160
bas,9.26136302947998,28.4112281799316,9.033685050183859,-7.621956901427328,1121001827
bas,11.6770629882812,26.3143501281738,9.26637530754402,-10.40227373412809,1121018494
bas,13.8495922088623,23.3980255126953,9.091779408061813,-12.495822792800064,1121035161
bas,15.7597637176513,19.8715496063232,8.40712265712995,-13.792071532477427,1121051828
bas,17.9203262329101,16.9298782348632,7.146878261964693,-14.315188333349747,1121068495
bas,19.9933147430419,14.501350402832,5.308976889112427,-14.19370343877649,1121085162
bas,22.0452404022216,12.176586151123,2.9812781675502533,-13.608282175660266,1121101829
bas,24.6973762512207,10.0335693359375,0.3515791407221049,-12.743232912889438,1121118496
bas,28.3260917663574,8.5061283111572,-2.3127650013299514,-11.76186692816868,1121135163
bas,32.3125343322753,7.2269535064697,-4.716848480446018,-10.80719894483888,1121151830
bas,34.2327308654785,5.5804023742675,-6.60630135268446,-10.01199804509477,1121168497
bas,33.6781349182128,3.5963220596313,-7.825659920329432,-9.498129569614903,1121185164
bas,32.3664665222168,1.6517333984375,-8.344907190708614,-9.356000869746758,1121201831
bas,30.5409049987792,0.1810607910156,-8.246912718687664,-9.612106659432532,1121218498
bas,28.1425819396972,-0.73880100250245,-7.684672168824358,-10.20430928261252,1121235165
bas,25.375877380371,-1.20399856567383,-6.826888668550007,-10.983427136064828,1121251832
bas,22.8177680969238,-1.23807716369629,-5.811707130823044,-11.74735756933166,1121268499
bas,21.4523410797119,-0.80295562744141,-4.722675051100862,-12.297996252053112,1121285166
bas,20.7950057983398,0.1210918426513,-3.5905583453958116,-12.499937051285093,1121301833
bas,19.2799682617187,1.6989679336547,-2.4138711007836013,-12.31817610088676,1121318500
bas,16.8426895141601,3.7593202590942,-1.185631717480495,-11.82013719508702,1121335167
bas,14.2110586166381,5.8678064346313,0.08391797355141246,-11.141651814521955,1121351834
bas,11.7944927215576,8.074478149414,1.3533042789250977,-10.430704046615775,1121368501
bas,9.69456100463867,10.6987686157226,2.5461601898987873,-9.790520134631603,1121385168
bas,7.81341886520385,13.8740119934082,3.559927327014836,-9.242376156332892,1121401835
bas,6.68261337280273,16.786449432373,4.288255605520364,-8.720268972681202,1121418502
bas,5.82456016540527,18.9568367004394,4.653249918530941,-8.098120314100884,1121435169
bas,4.47699880599975,20.7429618835449,4.636662249964263,-7.239067680146527,1121451836
bas,3.54316616058349,22.4838066101074,4.296510797129705,-6.049369340851186,1121468503
bas,2.98644828796386,24.4805717468261,3.7604992463226274,-4.519347299697283,1121485170
bas,2.76875472068786,26.7241706848144,3.1968091473224884,-2.7399879737605124,1121501837
bas,2.97161555290222,29.3878784179687,2.7708444844873283,-0.8925516642614133,1121518504
bas,3.63303112983703,31.0976295471191,2.6005992112554654,0.7838474119657782,1121535171
bas,4.5220513343811,31.8194618225097,2.723679215000646,2.037082449357358,1121551838
bas,5.70390748977661,32.0675735473632,3.0861397138302036,2.6486563091742776,1121568505
bas,7.3807988166809,31.8522453308105,3.557528819886595,2.473772060947083,1121585172
bas,9.36552810668945,31.3257408142089,3.968921577408362,1.4699183773680753,1121601839
bas,11.1138830184936,30.5869712829589,4.163017748720265,-0.2890835077754818,1121618506
bas,12.4333333969116,29.4156761169433,4.039800799755045,-2.617277803317877,1121635173
bas,13.6566371917724,27.6621971130371,3.5807550311825604,-5.243282368282133,1121651840
bas,14.9849863052368,25.6785926818847,2.841613836846895,-7.859974408627196,1121668507
bas,16.6057624816894,23.405101776123,1.9171815029109316,-10.188050412179342,1121685174
bas,18.8239803314209,21.0034370422363,0.8961769431735633,-12.033677913800089,1121701841
bas,21.0619258880615,18.680944442749,-0.16942603024875125,-13.317620469531704,1121718508
bas,23.0136642456054,16.0684394836425,-1.263566928020623,-14.064250847462235,1121735175
bas,24.3055438995361,13.7774124145507,-2.375712795794591,-14.35938803909294,1121751842
bas,25.199628829956,12.0255222320556,-3.461528492650994,-14.301976195505237,1121768509
bas,25.6972560882568,10.4385719299316,-4.420871808750223,-13.974235164771358,1121785176
bas,26.4003047943115,8.9481601715087,-5.108410452036227,-13.439213400283565,1121801843
bas,27.0538806915283,7.5083675384521,-5.37252955214107,-12.756596358390047,1121818510
bas,26.3580932617187,6.3502292633056,-5.102813442632581,-11.99953314020741,1121835177
bas,24.2954635620117,5.5229110717773,-4.263937728299964,-11.259404935873981,1121851844
bas,22.1574821472167,5.0916652679443,-2.90373430712487,-10.63546136161706,1121868511
bas,20.0359115600585,4.9820384979248,-1.137416061575329,-10.214630155183151,1121885178
bas,18.4766197204589,5.2016162872314,0.8805551981965234,-10.050222784189106,1121901845
bas,17.3348445892334,5.6819305419921,2.9846803107208046,-10.147334132569839,1121918512
bas,15.9424657821655,6.29292678833,5.0197830192815145,-10.459347904901545,1121935179
bas,13.8417224884033,7.3250885009765,6.854238172795327,-10.89561571383792,1121951846
bas,11.1351709365844,9.1069736480712,8.386142857184758,-11.336504186263864,1121968513
bas,8.15105438232421,11.4239959716796,9.543878732151745,-11.650257076763681,1121985180
bas,5.80538892745971,14.1550102233886,10.283799913847286,-11.707316245266126,1122001847
bas,4.37382650375366,17.2562408447265,10.58956475723953,-11.39090665021659,1122018514
bas,3.9343512058258,20.2992324829101,10.476617836227152,-10.605827514285231,1122035181
bas,2.70130395889282,23.2558517456054,10.000481278941859,-9.28899875481326,1122051848
bas,0.459381282329559,26.5296630859375,9.262509536771576,-7.424714716773446,1122068515
bas,-1.61904871463775,30.1785621643066,8.40605788996707,-5.064231137887399,1122085182
bas,-3.40683579444885,33.6927909851074,7.5998741358617705,-2.3432983824129074,1122101849
bas,-4.77736711502075,36.5686874389648,7.010659727117572,0.5144784130096214,1122118516
bas,-5.66375541687011,38.6057167053222,6.770678209179451,3.2199644289318083,1122135183
bas,-6.16664361953735,39.3186302185058,6.9486708442727805,5.467732714284511,1122151850
bas,-6.6196002960205,39.2754936218261,7.532794695732174,6.998720744659609,1122168517
bas,-6.8035888671875,38.7825546264648,8.431794469686114,7.6541191799577755,1122185184
bas,-6.11315536499023,37.3209953308105,9.495374162429137,7.401582167829867,1122201851
bas,-4.63214302062988,34.7435798645019,10.548714583452313,6.327162174753276,1122218518
bas,-2.75038647651672,31.5794029235839,11.43125052757961,4.6003010453265105,1122235185
bas,-0.679752886295318,28.9330024719238,12.027457052367355,2.42834270497848,1122251852
bas,1.55306100845336,27.5308151245117,12.27897765560755,0.017829132812113832,1122268519
bas,4.09885931015014,25.4357109069824,12.174070507923876,-2.4473081585049288,1122285186
bas,6.96826457977294,21.7563610076904,11.72060049169089,-4.810540388908007,1122301853
bas,10.3601722717285,17.685447692871,10.918019801804755,-6.937022661085406,1122318520
bas,13.8287124633789,14.0295543670654,9.746385010075272,-8.70563219524417,1122335187
bas,16.9766445159912,12.0402145385742,8.183289078534317,-10.006759943407596,1122351854
bas,19.7371788024902,10.6873950958251,6.244393659348243,-10.75238945300224,1122368521
bas,22.9754219055175,9.3081912994384,4.027236763017693,-10.899578235644393,1122385188
bas,26.7206954956054,7.6149234771728,1.730914401136909,-10.478926967011027,1122401855
bas,30.9309768676757,6.4100036621093,-0.3676724647240938,-9.612075777219832,1122418522
bas,33.6807250976562,5.9186401367187,-1.979430547910407,-8.503486295477769,1122435189
bas,33.9814414978027,5.5819463729858,-2.8861806950273476,-7.402212466942491,1122451856
bas,33.624900817871,4.9787788391113,-3.0056229520543347,-6.5432803903773396,1122468523
bas,33.0572853088378,4.6177606582641,-2.409982712752211,-6.0884847583473825,1122485190
bas,31.3224449157714,4.7432985305786,-1.2919813299618845,-6.087914884627418,1122501857
bas,29.3707466125488,5.3266544342041,0.10480921819277372,-6.475591518881516,1122518524
bas,27.8251934051513,6.2125034332275,1.5612156176408303,-7.099225902995514,1122535191
bas,26.2603397369384,6.9736175537109,2.9352277008978556,-7.771876712886374,1122551858
bas,24.6309814453125,7.4571132659912,4.177396606437234,-8.327207527897624,1122568525
bas,22.8459720611572,8.420482635498,5.31068362410273,-8.661031813895612,1122585192
bas,19.8234882354736,10.2258014678955,6.389087684467249,-8.747527782721024,1122601859
bas,15.8619394302368,12.6912460327148,7.453736225218074,-8.626306295379065,1122618526
bas,11.7721757888793,15.6981925964355,8.502304311259833,-8.365289420965992,1122635193
bas,9.02517223358154,18.6428565979003,9.480840944487749,-8.013024471862579,1122651860
bas,7.47941493988037,21.7717514038085,10.298601736596213,-7.559678726156616,1122668527
bas,5.92082452774047,24.8894691467285,10.858269581976058,-6.925045721844505,1122685194
bas,4.06798791885376,27.5388565063476,11.08898043839589,-5.983211165991956,1122701861
bas,2.41122913360595,29.7123680114746,10.969949170625453,-4.618946134926048,1122718528
bas,0.865954101085662,31.9077758789062,10.537450459402898,-2.795429705828455,1122735195
bas,-0.586967706680297,34.4455795288085,9.87493856094155,-0.6042088289153944,1122751862
bas,-1.72138810157775,37.2518768310546,9.092346188834865,1.727388189735183,1122768529
bas,-2.28067827224731,39.9552536010742,8.303401338742681,3.879300407664401,1122785196
bas,-2.15693521499633,42.1311531066894,7.607974423675028,5.518165081736564,1122801863
bas,-1.69257259368896,43.2045364379882,7.081755598350977,6.382392202092411,1122818530
bas,-1.01188027858734,43.3234748840332,6.771546182829351,6.33989924298103,1122835197
bas,-0.042637463659048,42.2494773864746,6.693585518772811,5.400139713070373,1122851864
bas,1.42172682285308,39.6157760620117,6.834027089004596,3.6854738836650984,1122868531
bas,3.38398647308349,37.094181060791,7.15221971195772,1.3845660914956586,1122885198
bas,5.45911455154418,35.3544311523437,7.586841226787782,-1.2879632205906542,1122901865
bas,7.42190885543823,33.5215263366699,8.06279642137536,-4.114408247308108,1122918532
bas,9.31751632690429,31.4967918395996,8.495616517779299,-6.884245898761952,1122935199
bas,11.2656240463256,28.7285041809082,8.791766787396178,-9.403851181652795,1122951866
bas,13.1244068145751,25.2717628479003,8.84730371593397,-11.512522828426253,1122968533
bas,14.8191881179809,21.6054611206054,8.551085590319104,-13.10064651219214,1122985200
bas,16.8949127197265,18.4260787963867,7.79908457183523,-14.119220030493107,1123001867
bas,18.9733238220214,15.8119411468505,6.521674082214365,-14.573945058540097,1123018534
bas,20.782127380371,13.7940425872802,4.717421365724888,-14.508550662406927,1123035201
bas,22.8329772949218,12.0846996307373,2.4790961941383136,-13.99033207974862,1123051868
bas,25.6405296325683,10.4630069732666,-0.004408875685978381,-13.107754289067769,1123068535
bas,29.5104923248291,9.1073131561279,-2.4793030779294853,-11.978167496130904,1123085202
bas,33.4867668151855,7.5490474700927,-4.685272078105846,-10.75390299823886,1123101869
bas,35.1161766052246,5.5886640548706,-6.4197988169074325,-9.61470643527567,1123118536
bas,35.2377738952636,3.4249725341796,-7.5820803686173655,-8.742293227084222,1123135203
bas,34.8814964294433,1.4634218215942,-8.179739812274875,-8.282688211220092,1123151870
bas,33.7444152832031,0.0546007156371999,-8.299630957978792,-8.308856991417452,1123168537
bas,31.6447715759277,-0.81756687164307,-8.058915799650837,-8.797632301892795,1123185204
bas,28.5090103149414,-1.39502906799317,-7.557422841674056,-9.630858021657605,1123201871
bas,25.1639614105224,-1.62187576293946,-6.848524040282543,-10.622574439128424,1123218538
bas,23.0119705200195,-1.33593273162842,-5.937294708533789,-11.56506151275027,1123235205
bas,22.1431770324707,-0.66170597076416,-4.803570283979748,-12.280035796580075,1123251872
bas,20.8158302307128,0.512870788574199,-3.4367253997333544,-12.65942181772757,1123268539
bas,18.3902740478515,2.27095413208,-1.8647380766923642,-12.683391275695957,1123285206
bas,15.3662919998168,4.372197151184,-0.16602965791487687,-12.410836349753247,1123301873
bas,12.3390235900878,6.8320522308349,1.536221243825727,-11.946587131985645,1123318540
bas,9.95639705657959,9.3552303314209,3.090696001194024,-11.39689890402638,1123335207
bas,7.86401414871215,12.0765438079834,4.340359526325438,-10.827614011715776,1123351874
bas,6.64002847671508,15.1115703582763,5.1500591446125386,-10.238270851324495,1123368541
bas,5.41105842590332,17.3370838165283,5.43829250954439,-9.561371263705253,1123385208
bas,4.05486249923706,19.2774829864501,5.205771135414918,-8.688690168989446,1123401875
bas,2.57934546470642,21.2654819488525,4.548036756337019,-7.5164968771214165,1123418542
bas,1.70803749561309,23.4997634887695,3.642266607893585,-5.993354263813468,1123435209
bas,1.15219449996948,26.1654815673828,2.7090953856809827,-4.153239694589614,1123451876
bas,1.08255326747894,28.92822265625,1.9613091392840654,-2.123729748179771,1123468543
bas,1.62244534492492,30.686279296875,1.555677353398143,-0.10900480622504637,1123485210
bas,2.55571222305297,31.710578918457,1.561055355729939,1.645183974589526,1123501877
bas,3.70376276969909,32.9772224426269,1.9489747451112083,2.894785774400244,1123518544
bas,5.1444354057312,33.9400291442871,2.606294461453422,3.4398808401001726,1123535211
bas,7.04587173461914,34.1951446533203,3.364961438915349,3.1592765505602625,1123551878
bas,9.16504573822021,33.7087783813476,4.041304638260233,2.032665072208662,1123568545
bas,10.8017349243164,32.9755172729492,4.4756849980713405,0.14786171034531131,1123585212
bas,12.0899314880371,31.9014930725097,4.5628136082180735,-2.307918472382246,1123601879
bas,13.6898355484008,30.0780181884765,4.264952888470045,-5.072694893863501,1123618546
bas,15.3447818756103,27.9612312316894,3.6055037141199215,-7.848411672583463,1123635213
bas,17.3480834960937,25.2932357788085,2.6479532087938953,-10.348574575060098,1123651880
bas,19.9658412933349,22.3957328796386,1.471488193179625,-12.345538870619217,1123668547
bas,22.5694866180419,20.0451869964599,0.1559521233663159,-13.705245746753995,1123685214
bas,24.4223823547363,17.6178684234619,-1.2169997835445352,-14.398922015247,1123701881
bas,25.2820949554443,15.237003326416,-2.550859142973922,-14.4893224081028,1123718548
bas,25.6676025390625,13.2697601318359,-3.723288346113609,-14.100022748388207,1123735215
bas,25.9757785797119,11.7714443206787,-4.591644352329867,-13.38225697268155,1123751882
bas,26.784231185913,10.3563652038574,-5.019237903390712,-12.490033423834268,1123768549
bas,27.75,9.1117992401123,-4.9122268376402705,-11.564855020747645,1123785216
bas,27.4599838256835,8.0658016204834,-4.24841367995835,-10.725219045162591,1123801883
bas,26.0254192352294,7.4107913970947,-3.082529502320816,-10.05741152036141,1123818550
bas,23.991621017456,7.2235031127929,-1.525853509398972,-9.60908472787039,1123835217
bas,21.9811878204345,7.5017509460449,0.28788425857170163,-9.389247999888267,1123851884
bas,20.191930770874,7.8585376739501,2.232656384871956,-9.375391205335672,1123868551
bas,18.8312110900878,8.0466480255126,4.203848088689403,-9.523879735665641,1123885218
bas,17.4749546051025,8.2016620635986,6.114308146187147,-9.778248288618093,1123901885
bas,15.6270475387573,8.9830074310302,7.8812576258181934,-10.072794856723952,1123918552
bas,13.1183214187622,10.7083892822265,9.415260130686365,-10.332985281336413,1123935219
bas,10.4342641830444,13.1462593078613,10.618439972732391,-10.476056274828403,1123951886
bas,7.33109378814697,15.8482971191406,11.3936883714227,-10.414085880649132,1123968553
bas,4.44408559799194,18.6622200012207,11.663751363450071,-10.059801443592846,1123985220
bas,2.96473813056945,21.2542114257812,11.397221987775254,-9.334893624888467,1124001887
bas,1.80725717544555,23.7257003784179,10.634325426136412,-8.181712382022576,1124018554
bas,0.256199538707733,26.3699722290039,9.500991701469298,-6.579700033945214,1124035221
bas,-1.30638003349304,29.2048606872558,8.200902335076615,-4.565403428226096,1124051888
bas,-2.78733825683593,31.7436637878418,6.983463410315581,-2.2494971492287426,1124068555
bas,-4.11003684997558,34.3356552124023,6.095459785365408,0.1803226534337038,1124085222
bas,-5.10816621780395,36.5717048645019,5.729369626736928,2.4800628859261264,1124101889
bas,-5.72941827774047,37.7511825561523,5.981172767877896,4.393462636529163,1124118556
bas,-6.22337818145751,37.7255554199218,6.827752216512835,5.706076435854792,1124135223
bas,-6.52267599105835,36.8926162719726,8.130152538492672,6.289074089912697,1124151890
bas,-6.14107799530029,35.2691230773925,9.663447035093444,6.11669919088293,1124168557
bas,-4.93391132354736,32.7610130310058,11.166908092487967,5.254284737329919,1124185224
bas,-3.25169277191162,29.8904418945312,12.401525973626471,3.8269589500439434,1124201891
bas,-1.28287482261657,26.9539566040039,13.198213130697157,1.9854000003927772,1124218558
bas,0.98293125629425,24.8227920532226,13.481495123585285,-0.1177644339351864,1124235225
bas,3.50210237503051,23.6670188903808,13.261295344316006,-2.3362919517368574,1124251892
bas,6.13337326049804,20.9198532104492,12.59787834999159,-4.528392546114122,1124268559
bas,9.22028255462646,16.6355552673339,11.557031007583769,-6.553973398604327,1124285226
bas,12.4924392700195,13.3552341461181,10.178087489319738,-8.277949388832958,1124301893
bas,15.4980106353759,11.5629081726074,8.472596754482183,-9.58091789530267,1124318560
bas,18.2656383514404,10.1510047912597,6.456653233616651,-10.374994032966024,1124335227
bas,21.5469894409179,8.5431060791015,4.200965347575609,-10.62179269039136,1124351894
bas,25.0143280029296,6.8828659057617,1.8695763513090409,-10.348544325472737,1124368561
bas,29.0192108154296,5.4611120223999,-0.2805500155970492,-9.656057679727,1124385228
bas,32.3201904296875,4.8124780654907,-1.9496310324286963,-8.711257071542983,1124401895
bas,33.2061309814453,4.4819068908691,-2.879817281567711,-7.720419179765901,1124418562
bas,32.5036010742187,4.1232538223266,-2.939366470327541,-6.886947439100717,1124435229
bas,31.3771514892578,4.2319269180297,-2.168668729075463,-6.365628672201216,1124451896
bas,29.8514308929443,4.6946687698364,-0.7681669306205974,-6.228609160891536,1124468563
bas,27.7877597808837,5.2510423660278,0.9649325384000387,-6.4542595866206245,1124485230
bas,26.1609535217285,6.1146640777587,2.723690009160097,-6.941069639652059,1124501897
bas,24.628095626831,6.9581508636474,4.26976519084068,-7.540188463511485,1124518564
bas,23.0620002746582,7.6496906280517,5.479911853991816,-8.0959922545563,1124535231
bas,21.2884464263916,8.6342391967773,6.352709764948827,-8.483659865594895,1124551898
bas,18.5526790618896,10.0716133117675,6.980540260107558,-8.633850664016384,1124568565
bas,15.059814453125,12.0597457885742,7.4993464966533026,-8.536902183489598,1124585232
bas,10.9603652954101,14.5052089691162,8.032130128951325,-8.224369399803214,1124601899
bas,7.94524765014648,16.8876399993896,8.642743348324778,-7.734492402032898,1124618566
bas,6.20161819458007,19.7778396606445,9.313542728710653,-7.076643424368768,1124635233
bas,5.0453782081604,23.0293235778808,9.953162193792988,-6.212871645834918,1124651900
bas,3.44854044914245,26.1432991027832,10.430758150976082,-5.069539731146257,1124668567
bas,1.91522240638732,28.6722259521484,10.624034231210514,-3.5793366283017556,1124685234
bas,0.592561960220336,30.4880714416503,10.46367603799631,-1.7380537404959329,1124701901
bas,-0.541609644889831,32.3307952880859,9.958880607925229,0.35034949835213114,1124718568
bas,-1.21468317508697,34.7737274169921,9.196890669265011,2.464949939505575,1124735235
bas,-1.50963973999023,37.2419052124023,8.319664901851617,4.304607214400508,1124751902
bas,-1.32784950733184,39.1621017456054,7.487919557655451,5.558661089894371,1124768569
bas,-0.772067010402679,39.6293830871582,6.844399131328072,5.984611274689934,1124785236
bas,0.100922919809818,39.0010871887207,6.485649568837907,5.4640893072795915,1124801903
bas,1.33732056617736,37.0184707641601,6.447510427435848,4.021026720005663,1124818570
bas,3.05156278610229,34.4793586730957,6.705566273805469,1.804598023054679,1124835237
bas,5.068443775177,32.4377174377441,7.187804349900653,-0.9478215774741706,1124851904
bas,7.13065385818481,30.7593345642089,7.792836698596706,-3.9524051101363913,1124868571
bas,9.0744342803955,29.0796737670898,8.405188171928925,-6.918596844808276,1124885238
bas,11.0486001968383,26.6635055541992,8.901841157217305,-9.586881282981043,1124901905
bas,13.1492223739624,23.7118339538574,9.151356684624908,-11.763113558656755,1124918572
bas,14.9226636886596,20.4466571807861,9.014290275646,-13.34123034496904,1124935239
bas,16.904161453247,17.8322963714599,8.355757673551592,-14.303922351211234,1124951906
bas,19.0884666442871,15.4167385101318,7.075415567320158,-14.699316083796303,1124968573
bas,20.9199695587158,13.0315227508544,5.149180046145014,-14.606405424042457,1124985240
bas,22.9153251647949,11.0858058929443,2.6662699149186464,-14.110183897986376,1125001907
bas,25.7582359313964,9.6263275146484,-0.1592014077708954,-13.300157102052635,1125018574
bas,29.7518711090087,8.3493118286132,-3.0165367905752736,-12.287605393731821,1125035241
bas,33.6556320190429,6.7184791564941,-5.56462468481931,-11.22187007574485,1125051908
bas,34.7869453430175,4.6632432937622,-7.514670510038112,-10.28525104394797,1125068575
bas,33.9800682067871,2.4950551986694,-8.697857885116017,-9.6595098840185,1125085242
bas,32.7956962585449,0.6522617340087,-9.092568277288986,-9.474836077067826,1125101909
bas,31.1367664337158,-0.48778724670411,-8.805031430734765,-9.76360089306138,1125118576
bas,28.7529010772705,-1.06411361694336,-8.01709313838969,-10.440738909160775,1125135243
bas,25.8220481872558,-1.36127185821534,-6.924718694736351,-11.321553767992437,1125151910
bas,23.3539733886718,-1.33307266235352,-5.689181078769938,-12.172291478427443,1125168577
bas,21.967378616333,-0.931065559387211,-4.4136452100982435,-12.776096145163416,1125185244
bas,20.9250335693359,-0.0104598999023509,-3.145864971206565,-12.991718381866288,1125201911
bas,18.8857593536376,1.5931615829467,-1.897854724139298,-12.785648795719577,1125218578
bas,16.0428619384765,3.6363286972045,-0.6700871830412793,-12.228278068836026,1125235245
bas,13.1545858383178,5.8401851654052,0.5286309064675413,-11.457413337151594,1125251912
bas,10.6276531219482,8.2152099609375,1.6687932883560443,-10.62326729784615,1125268579
bas,8.60535049438476,11.1037902832031,2.6960250216753656,-9.834174405986913,1125285246
bas,7.23881816864013,14.6045570373535,3.5366301119142207,-9.120973359464735,1125301913
bas,6.15302467346191,17.2979183197021,4.114262077750148,-8.431621531161337,1125318580
bas,5.04222965240478,19.6132698059082,4.374916419082823,-7.657697563553221,1125335247
bas,3.5970230102539,22.0077590942382,4.311364355117605,-6.68304093181298,1125351914
bas,2.66545677185058,24.561897277832,3.97586642390918,-5.436151201483865,1125368581
bas,1.84699523448944,27.2928657531738,3.4744251585601313,-3.9268737542400594,1125385248
bas,1.56308114528656,30.0549736022949,2.943831495261726,-2.255253660803216,1125401915
bas,2.00623679161071,31.7602310180664,2.5189011383790683,-0.5922029540350034,1125418582
bas,2.90480279922485,32.7068977355957,2.2993431238497135,0.8581942562277536,1125435249
bas,4.09737110137939,33.9259986877441,2.3249716101043605,1.900641425964295,1125451916
bas,5.59663915634155,35.0611953735351,2.5659455001721354,2.3830242409155757,1125468583
bas,7.79184055328369,35.3221702575683,2.931408739242302,2.217434550976544,1125485250
bas,10.2367753982543,34.7091331481933,3.294960507639302,1.3879694832145564,1125501917
bas,12.1494970321655,34.008445739746,3.529547443914794,-0.0511596868457524,1125518584
bas,13.5867395401,32.7754211425781,3.539974195945884,-1.9834094358451253,1125535251
bas,15.1197872161865,30.8387413024902,3.281367427060956,-4.2417521341374185,1125551918
bas,16.5945510864257,28.5645942687988,2.7580476269489997,-6.625101174249469,1125568585
bas,18.3553829193115,25.9790534973144,2.006964752227629,-8.92034733471463,1125585252
bas,20.6752624511718,23.10445022583,1.0777006287308104,-10.928798327538884,1125601919
bas,23.1360492706298,20.4946060180664,0.02204528357058113,-12.492452901772204,1125618586
bas,24.9892234802246,17.8708896636962,-1.1010446909606058,-13.514267430498553,1125635253
bas,25.8856296539306,15.7458724975585,-2.2109994183994894,-13.968696121049103,1125651920
bas,26.1495552062988,14.2798919677734,-3.196124798486031,-13.901999330004946,1125668587
bas,26.1040534973144,12.8726024627685,-3.922126382833146,-13.42302023895376,1125685254
bas,26.7323150634765,11.3570709228515,-4.260695932793938,-12.684464787289919,1125701921
bas,27.6221199035644,9.9266166687011,-4.126687068150933,-11.855337080786455,1125718588
bas,27.6886119842529,8.979679107666,-3.505523964316897,-11.08883784780549,1125735255
bas,26.4706211090087,8.3745536804199,-2.456767562268972,-10.494318601788068,1125751922
bas,24.331916809082,8.199010848999,-1.0923240012650792,-10.12257887880445,1125768589
bas,21.889533996582,8.2553882598876,0.4594734122778647,-9.9690251780206,1125785256
bas,19.4441013336181,8.1819820404052,2.0870055226339077,-9.991137044161727,1125801923
bas,17.6877937316894,7.9836845397949,3.71220907279645,-10.1302041017272,1125818590
bas,16.3703136444091,8.1520500183105,5.28712479626845,-10.326756707699325,1125835257
bas,14.7716722488403,8.9275608062744,6.7764973552112115,-10.524721707912587,1125851924
bas,12.0911140441894,10.4775962829589,8.138406959870265,-10.666718388198763,1125868591
bas,9.02225303649902,12.7697429656982,9.31336295877028,-10.687045474921831,1125885258
bas,6.09087419509887,15.2040138244628,10.22632274105616,-10.508296029897114,1125901925
bas,4.24632549285888,17.9077491760253,10.800766952743336,-10.044344668402092,1125918592
bas,2.44704031944274,20.3637351989746,10.981156356927078,-9.209660184372028,1125935259
bas,1.00519669055938,22.6917190551757,10.757931370606912,-7.933947685099561,1125951926
bas,-0.327290803194046,25.3743591308593,10.186602369336725,-6.1814568057762616,1125968593
bas,-2.04037976264953,28.7390594482421,9.391754681727543,-3.973861686335156,1125985260
bas,-3.73107457160949,32.246768951416,8.550650726866069,-1.412250206516185,1126001927
bas,-5.06562376022338,35.2422447204589,7.858489297161543,1.3118182206069533,1126018594
bas,-5.94782018661499,37.0642204284668,7.48421913203767,3.928454188187903,1126035261
bas,-6.5210747718811,37.2219200134277,7.529194546693944,6.130021555723416,1126051928
bas,-6.96696186065673,36.8059463500976,8.000767324994829,7.631012329773415,1126068595
bas,-6.92756032943725,36.0879325866699,8.809886514107156,8.226632766457355,1126085262
bas,-5.83325910568237,33.9525299072265,9.795965986484006,7.830138392854367,1126101929
bas,-3.98641443252563,30.841697692871,10.773540863389439,6.480659500128471,1126118596
bas,-1.90066456794738,27.2065544128418,11.585237205637206,4.326758865112268,1126135263
bas,0.422838658094406,24.6032066345214,12.13929500444314,1.5973743981739683,1126151930
bas,3.21360683441162,23.0592155456543,12.413504470511295,-1.4306902141978624,1126168597
bas,6.42630624771118,19.7338600158691,12.422638725456103,-4.46541287555075,1126185264
bas,9.93415737152099,14.8332233428955,12.16672400952768,-7.231220779178312,1126201931
bas,13.0905971527099,10.7127361297607,11.590918132343779,-9.496366833838659,1126218598
bas,15.7171411514282,8.5239028930664,10.584926384246195,-11.09209360773724,1126235265
bas,18.5507221221923,7.555643081665,9.030420228400693,-11.924011271510008,1126251932
bas,22.1829833984375,6.061616897583,6.87868653556742,-11.980304098535115,1126268599
bas,26.2639942169189,4.3806848526,4.222075914068689,-11.339135923056782,1126285266
bas,31.0362701416015,3.1983165740966,1.3218339327639845,-10.170660158858883,1126301933
bas,35.726390838623,2.7998685836792,-1.427830937152971,-8.724512222798278,1126318600
bas,38.3746032714843,2.8645982742309,-3.592283802631777,-7.295958552334498,1126335267
bas,38.9094009399414,2.8901185989379,-4.813762757911251,-6.172099035083598,1126351934
bas,38.7602005004882,2.9951457977294,-4.9107183872114755,-5.5696759235255575,1126368601
bas,37.935317993164,3.536880493164,-3.9236739906726195,-5.583019349033522,1126385268
bas,36.4075317382812,4.5366783142089,-2.0931276932790204,-6.160420710716354,1126401935
bas,34.7594604492187,5.8833045959472,0.21977084877467715,-7.119287936448549,1126418602
bas,32.8806686401367,7.7995071411132,2.6394900972843325,-8.197980584346475,1126435269
bas,30.7296161651611,9.9142951965332,4.87138546181896,-9.12962967006754,1126451936
bas,27.180606842041,11.7714595794677,6.754309351127079,-9.714062944976135,1126468603
bas,22.305643081665,13.6133804321289,8.257592953257758,-9.861386218071418,1126485270
bas,16.9548683166503,16.1550712585449,9.433781209656303,-9.58859382422782,1126501937
bas,12.4506464004516,19.1943454742431,10.356467468459229,-8.97006916574734,1126518604
bas,10.0375843048095,22.9956283569335,11.073763445822095,-8.067102555580185,1126535271
bas,8.34021759033203,27.393928527832,11.5930318081027,-6.876105187910497,1126551938
bas,6.34057092666626,31.4697723388671,11.893217371012382,-5.32813283656718,1126568605
bas,4.76197624206543,34.4749908447265,11.949539835968531,-3.345036003436153,1126585272
bas,3.15700984001159,36.5807571411132,11.755094566500725,-0.9252892916573812,1126601939
bas,1.69276022911071,39.019718170166,11.331086848190463,1.7857209857875418,1126618606
bas,0.743630409240722,42.3245277404785,10.725798249491652,4.480383163558429,1126635273
bas,0.554129958152771,45.2220916748046,10.007175594097347,6.742144807708722,1126651940
bas,0.837346136569976,47.0150070190429,9.2537602857985,8.149214407506877,1126668607
bas,1.20846951007843,47.2142181396484,8.545849285947199,8.388774159227504,1126685274
bas,1.81205928325653,46.2298393249511,7.9568250810515,7.340289085510122,1126701941
bas,3.04717302322387,43.3565597534179,7.544807493065305,5.103392753125016,1126718608
bas,4.9854826927185,40.5270805358886,7.345332213883177,1.9690393663468162,1126735275
bas,7.22546005249023,38.4389305114746,7.364579007455556,-1.6502867652728812,1126751942
bas,9.39454555511474,36.6367378234863,7.57096873176702,-5.308995312867878,1126768609
bas,11.4663553237915,34.1604537963867,7.884379022009907,-8.614204155843776,1126785276
bas,13.4684972763061,30.3110923767089,8.167909458660159,-11.291332765358032,1126801943
bas,15.1927452087402,25.9225349426269,8.232817154720692,-13.21562985083021,1126818610
bas,17.0214500427246,22.5459098815918,7.866686566573436,-14.401679819915689,1126835277
bas,18.9598674774169,19.604133605957,6.885755624535991,-14.954904691241692,1126851944
bas,20.4906349182128,16.4925060272216,5.198525595177455,-15.005806376923603,1126868611
bas,22.0638446807861,14.1971626281738,2.856862184373376,-14.658253210346539,1126885278
bas,24.4297904968261,12.4307689666748,0.0696695456077843,-13.97571498924735,1126901945
bas,27.4592361450195,10.9756126403808,-2.8339923375938043,-13.006076195782708,1126918612
bas,30.9221935272216,9.2193870544433,-5.484083098117156,-11.823076320975428,1126935279
bas,32.516616821289,6.9915828704834,-7.562344329896062,-10.55558097514686,1126951946
bas,31.8082122802734,4.513370513916,-8.873141469956638,-9.385841610230797,1126968613
bas,30.417137145996,2.1177778244018,-9.368574466069157,-8.515275806254133,1126985280
bas,28.512638092041,0.4316596984863,-9.126325872214135,-8.111425110753618,1127001947
bas,25.8519477844238,-0.80249786376954,-8.297767916310539,-8.257346131662397,1127018614
bas,22.6479148864746,-1.83235454559327,-7.051269594408361,-8.923215636417853,1127035281
bas,20.08251953125,-2.53752899169922,-5.531818319622652,-9.970735913490715,1127051948
bas,18.9700031280517,-2.62318325042725,-3.847268827948437,-11.188079769107155,1127068615
bas,17.8272953033447,-2.08471632003785,-2.078353597893122,-12.342089481634561,1127085282
bas,15.3972406387329,-0.96082210540772,-0.2997088543755815,-13.229684700342034,1127101949
bas,12.5469665527343,0.7748899459838,1.4023467292569958,-13.713190223182853,1127118616
bas,10.0294246673583,2.8885536193847,2.92351027932633,-13.732071656973226,1127135283
bas,8.09043312072753,5.077820777893,4.14807844306394,-13.291979737798389,1127151950
bas,7.01861524581909,7.4349975585937,4.967076717007716,-12.438149853928522,1127168617
bas,6.07755422592163,10.2033214569091,5.3055376609231635,-11.224234358062462,1127185284
bas,4.87641716003418,13.080545425415,5.152568026061259,-9.690025302453108,1127201951
bas,3.38420391082763,15.3432712554931,4.582176654625151,-7.8596482395223095,1127218618
bas,2.56870675086975,17.5465869903564,3.7518403713672313,-5.762686780070677,1127235285
bas,2.31061387062072,20.0059299468994,2.8729984408207963,-3.4675599026367037,1127251952
bas,2.29292559623718,22.667739868164,2.159538754963919,-1.108510138179526,1127268619
bas,2.65682625770568,24.809715270996,1.7701703584892174,1.1091767033876332,1127285286
bas,3.42081928253173,26.3670997619628,1.764016392898339,2.9299992449680508,1127301953
bas,4.45946550369262,27.3981018066406,2.0850498947075775,4.088988560211801,1127318620
bas,5.71295404434204,27.7581024169921,2.581686369971539,4.3617092283599685,1127335287
bas,7.62655019760131,27.6813468933105,3.056010567975173,3.6131984680453173,1127351954
bas,9.80797576904296,27.3877487182617,3.3265604365873016,1.8373094002138861,1127368621
bas,11.6884698867797,26.423843383789,3.282812116194161,-0.8212721419835914,1127385288
bas,13.2947282791137,24.953197479248,2.911202245245439,-4.07073282943648,1127401955
bas,14.9785366058349,23.4518203735351,2.2827912467520752,-7.5096382339742815,1127418622
bas,16.8563613891601,21.8310794830322,1.5091024613042952,-10.699639034182082,1127435289
bas,18.9900531768798,19.8740997314453,0.6883470426368705,-13.259177686757758,1127451956
bas,20.4565296173095,17.1139278411865,-0.13001320980812606,-14.947401689923737,1127468623
bas,21.0645332336425,14.1420421600341,-0.9443860116938677,-15.705292569373611,1127485290
bas,21.3015880584716,11.8603763580322,-1.767621147212048,-15.640114992781069,1127501957
bas,22.2314395904541,10.1280555725097,-2.5844389603326947,-14.967324712831296,1127518624
bas,23.8799133300781,8.6066398620605,-3.3268239254899514,-13.940304974365464,1127535291
bas,25.7555408477783,7.3482856750488,-3.8804709721453,-12.794145128649395,1127551958
bas,25.6807594299316,6.4741096496582,-4.115060802363314,-11.713943069760543,1127568625
bas,24.3427028656005,5.8567466735839,-3.9191968434961995,-10.824361260055335,1127585292
bas,22.0885829925537,5.0913562774658,-3.2237820880039347,-10.19180025471447,1127601959
bas,19.3245544433593,4.4288520812988,-2.0101005164054153,-9.832031379676916,1127618626
bas,17.2270984649658,4.1089391708374,-0.3098349416591194,-9.719802812690006,1127635293
bas,15.7555150985717,4.0631284713745,1.7936857041040577,-9.799220611618713,1127651960
bas,14.7212772369384,4.023904800415,4.160425221792891,-9.994044680999552,1127668627
bas,13.4037551879882,4.3021297454833,6.591843374378119,-10.216966055205535,1127685294
bas,11.5437746047973,5.5235137939453,8.844126583383197,-10.377453456837829,1127701961
bas,9.07627487182617,7.9354228973388,10.663090577383993,-10.388260681133268,1127718628
bas,6.35400915145874,11.1231632232666,11.835454359396099,-10.17039017517826,1127735295
bas,4.35458803176879,14.5330562591552,12.241002019204766,-9.655881876984225,1127751962
bas,2.73844408988952,17.7298793792724,11.887818524168603,-8.788838929691495,1127768629
bas,1.66089141368865,20.5088710784912,10.917795071917597,-7.527867798596761,1127785296
bas,-0.151992380619049,23.5255088806152,9.578638531874063,-5.855192148547315,1127801963
bas,-2.36810326576232,26.7070350646972,8.16936563488518,-3.7955681123992067,1127818630
bas,-3.9950840473175,29.6965675354003,6.975666966405391,-1.4405712826065866,1127835297
bas,-5.40517616271972,32.1004486083984,6.214563955646314,1.0352379742466256,1127851964
bas,-6.27441978454589,33.6274337768554,6.001832438590601,3.382430271078177,1127868631
bas,-6.63207817077636,33.817325592041,6.344680769008071,5.316302647655806,1127885298
bas,-6.96510076522827,32.8889656066894,7.153728376061275,6.578497314029502,1127901965
bas,-7.21063089370727,31.6516685485839,8.266712799256565,6.997980093326158,1127918632
bas,-6.81500053405761,29.8681488037109,9.479451793931908,6.528114355291244,1127935299
bas,-5.62907218933105,26.9914360046386,10.581913959556136,5.248568730636693,1127951966
bas,-3.96408939361572,24.2506942749023,11.395308442264039,3.3368872903685003,1127968633
bas,-1.81964290142059,22.6436233520507,11.801621039689461,1.0246409604137692,1127985300
bas,0.769375681877136,21.767723083496,11.755515859722196,-1.4468975234141164,1128001967
bas,3.43345832824707,18.7179546356201,11.274000485104803,-3.862376290003865,1128018634
bas,6.13351917266845,15.0315742492675,10.40988536297571,-6.054460243276876,1128035301
bas,9.08286094665527,11.8689537048339,9.224137071787512,-7.908968281661454,1128051968
bas,12.0863904953002,9.4563446044921,7.7731019640457815,-9.353439723843769,1128068635
bas,15.0321521759033,7.889892578125,6.1173173578557325,-10.338507662522549,1128085302
bas,18.2838745117187,6.4100379943847,4.343864432523038,-10.8281382342695,1128101969
bas,21.4684467315673,4.396388053894,2.583320109403096,-10.809319309963714,1128118636
bas,24.8857765197753,2.7303466796875,1.0035069801810124,-10.315981438037683,1128135303
bas,27.7914009094238,1.7503395080566,-0.22410098972707376,-9.449106148382022,1128151970
bas,28.320608139038,1.434718132019,-0.9718101040554524,-8.37546169324817,1128168637
bas,27.2844848632812,1.1975049972534,-1.1936451742370178,-7.299385885410433,1128185304
bas,26.0880584716796,0.8582763671875,-0.934874361113578,-6.4162505908026795,1128201971
bas,24.9258041381835,0.809193611145,-0.3092397190411238,-5.864809450779428,1128218638
bas,23.7805042266845,1.278712272644,0.5443844732154224,-5.695760433527873,1128235305
bas,22.5331192016601,2.1827020645141,1.5065528378280235,-5.867019966253378,1128251972
bas,21.2685718536376,2.9547529220581,2.5060555224428493,-6.266054250981215,1128268639
bas,19.8967380523681,3.5996599197387,3.5247985572015152,-6.750111098241744,1128285306
bas,18.1436977386474,4.577971458435,4.5805253468806715,-7.189466753407622,1128301973
bas,15.3817195892333,5.754955291748,5.696508643289271,-7.498561289462879,1128318640
bas,12.4072895050048,7.5184097290039,6.870829700835452,-7.64511264155753,1128335307
bas,9.2550983428955,9.7114582061767,8.057357110366958,-7.636139699461145,1128351974
bas,6.62810659408569,12.172794342041,9.16595374465685,-7.489010183667075,1128368641
bas,5.09253692626953,14.7993431091308,10.081644056591582,-7.201484921170277,1128385308
bas,4.07139348983764,17.5238876342773,10.694736116563472,-6.735040380524197,1128401975
bas,2.70294165611267,20.2531204223632,10.930350423639805,-6.020786899963154,1128418642
bas,1.22982203960418,22.5164680480957,10.767858938714848,-4.988662378929224,1128435309
bas,-0.0676871910691261,23.9640426635742,10.246094678820091,-3.610340078135895,1128451976
bas,-1.17619860172271,25.2930259704589,9.455475056004671,-1.9382201635016756,1128468643
bas,-1.99948620796203,26.9532585144043,8.521347032268801,-0.12202604973888666,1128485310
bas,-2.43025064468383,28.9312515258789,7.5835088076399275,1.607018284546998,1128501977
bas,-2.37611842155456,30.7581176757812,6.775660668022599,2.980593897089189,1128518644
bas,-2.01973819732666,32.1562156677246,6.206753134857525,3.750759449227729,1128535311
bas,-1.37774443626403,32.1436958312988,5.94518566565975,3.741613923426976,1128551978
bas,-0.363592207431793,30.5315284729003,6.007263259118481,2.8819949261161577,1128568645
bas,1.19821691513061,28.2253456115722,6.352523248036866,1.2158579908512388,1128585312
bas,3.29656529426574,26.0143737792968,6.888540219276197,-1.1059703897458055,1128601979
bas,5.54242897033691,24.5203857421875,7.485267480515943,-3.8478545356015474,1128618646
bas,7.5057668685913,23.4375686645507,7.995159441844081,-6.722744227725777,1128635313
bas,9.39951992034912,21.389986038208,8.273455035456232,-9.434979299414138,1128651980
bas,11.1365118026733,18.6867942810058,8.194926368610279,-11.72651330113524,1128668647
bas,12.5653591156005,15.9715499877929,7.667354558981098,-13.414832855101139,1128685314
bas,14.1189193725585,13.7833194732666,6.644262357650916,-14.410361909910414,1128701981
bas,16.1251831054687,11.6870288848876,5.13784070513144,-14.709745190239467,1128718648
bas,18.4233722686767,9.6510200500488,3.2285880155574365,-14.374500657744385,1128735315
bas,21.2201786041259,7.829776763916,1.0642638413680543,-13.511779376072434,1128751982
bas,24.5770835876464,6.2484951019287,-1.1588138604551295,-12.268405970530246,1128768649
bas,27.4353790283203,4.8561534881591,-3.2322554447335654,-10.834521728597363,1128785316
bas,28.8891525268554,3.2080144882202,-4.979267667453773,-9.440865781964682,1128801983
bas,28.9257278442382,1.2126398086547,-6.28771349852087,-8.334085125426734,1128818650
bas,28.3096485137939,-0.77741146087647,-7.11808994312458,-7.727553995273308,1128835317
bas,27.0703544616699,-2.34946823120118,-7.485091554244388,-7.742115883372069,1128851984
bas,25.0537910461425,-3.23834419250489,-7.425635438883973,-8.361420678092635,1128868651
bas,22.4191875457763,-3.43964338302613,-6.972244013773893,-9.424334543071737,1128885318
bas,20.0809535980224,-3.18431186676026,-6.145801255509409,-10.663208653409841,1128901985
bas,18.3147525787353,-2.61801338195801,-4.969754463823339,-11.777993434148817,1128918652
bas,17.1603374481201,-1.76923751831055,-3.495331254376026,-12.520996923964333,1128935319
bas,15.5897750854492,-0.484472274780281,-1.8207103061085237,-12.762491909619122,1128951986
bas,13.1023044586181,1.2798624038696,-0.09037613238088381,-12.515165289897109,1128968653
bas,10.2878475189208,3.2700157165527,1.5274712367696248,-11.911435625912945,1128985320
bas,7.58400297164917,5.4183254241943,2.8752207558561587,-11.144482299967642,1129001987
bas,5.73338317871093,7.7554244995117,3.8368578499932466,-10.394925659922071,1129018654
bas,4.31014394760131,10.6119117736816,4.355619630319246,-9.76787827858959,1129035321
bas,3.26414990425109,13.2260475158691,4.437468459119769,-9.260452287673345,1129051988
bas,2.13223791122436,15.3054523468017,4.145214070037503,-8.769667743046904,1129068655
bas,0.865666329860687,17.3265991210937,3.5872316172200502,-8.137177649241329,1129085322
bas,-0.117208704352378,19.3572158813476,2.9012416292802,-7.214204455444532,1129101989
bas,-0.824268758296966,21.6087608337402,2.2329058719744403,-5.923168163752747,1129118656
bas,-1.34838485717773,24.1162338256835,1.7116423675564796,-4.295220199171315,1129135323
bas,-1.20475852489471,26.5186691284179,1.428585978946474,-2.4735097560980264,1129151990
bas,-0.616705119609832,28.1365852355957,1.4216015717344304,-0.684680516654798,1129168657
bas,0.205741316080093,29.2268142700195,1.6704116982202164,0.8099066853486997,1129185324
bas,1.25272536277771,30.2958068847656,2.1028911509283765,1.7688921495564265,1129201991
bas,2.82181048393249,30.8232269287109,2.6119265162360477,2.0192739834808133,1129218658
bas,4.86840534210205,30.7010650634765,3.080341432002691,1.4897727533853564,1129235325
bas,6.82367610931396,30.1521492004394,3.4086288669078604,0.22363897273926744,1129251992
bas,8.3479413986206,29.1452026367187,3.537272809083833,-1.6319169704981566,1129268659
bas,9.67652416229248,27.7802238464355,3.454710081333056,-3.858389860793119,1129285326
bas,11.1288423538208,26.0902633666992,3.186102480455208,-6.213329717955253,1129301993
bas,12.6232109069824,23.7795257568359,2.766996972978022,-8.478722651555051,1129318660
bas,14.484483718872,21.0494728088378,2.2154024363353675,-10.494443449867788,1129335327
bas,16.5480251312255,18.012804031372,1.5192969149790843,-12.16593442860861,1129351994
bas,18.6853427886962,14.8975296020507,0.6499520058784726,-13.447186259414671,1129368661
bas,20.0839366912841,12.2157440185546,-0.4030559762028898,-14.312958097346451,1129385328
bas,20.5009040832519,10.4910659790039,-1.5934189474995937,-14.739822828168988,1129401995
bas,21.0901050567626,9.5642776489257,-2.7992516472041276,-14.709255196399592,1129418662
bas,22.0684547424316,8.5162334442138,-3.8385135135537958,-14.230612415177779,1129435329
bas,24.146800994873,7.1656513214111,-4.516087138525146,-13.367562170922502,1129451996
bas,26.038215637207,5.7979583740234,-4.682897722316007,-12.248341140440292,1129468663
bas,25.4890899658203,4.6280059814453,-4.280348556531679,-11.049961168236045,1129485330
bas,23.7696628570556,3.8925428390502,-3.350700028577828,-9.961388165309483,1129501997
bas,21.4146766662597,3.7199754714965,-2.011789782426853,-9.140712185865736,1129518664
bas,19.0295352935791,4.1013956069946,-0.41191552112332114,-8.681828921729295,1129535331
bas,16.885986328125,4.7400541305542,1.3121693912465693,-8.599624606354242,1129551998
bas,15.3147506713867,5.5798425674438,3.056939771563361,-8.834590370838216,1129568665
bas,14.4167280197143,6.4834213256835,4.749867702219022,-9.272152060536358,1129585332
bas,13.2067308425903,7.7341175079345,6.3326123759653115,-9.769525861477717,1129601999
bas,10.7432508468627,9.773302078247,7.744056627717722,-10.182537063999263,1129618666
bas,7.96402263641357,12.2486305236816,8.913647621591958,-10.385932643468076,1129635333
bas,5.07071495056152,15.0655479431152,9.767627590357888,-10.283538490259977,1129652000
bas,2.45767498016357,17.7883186340332,10.244902060511132,-9.808971766342482,1129668667
bas,1.29950702190399,20.3319816589355,10.3168294440445,-8.921892251096155,1129685334
bas,0.0578354932367801,22.8928756713867,10.004338264946405,-7.606789909016362,1129702001
bas,-1.46953964233398,25.9097824096679,9.386042251927714,-5.879759948229797,1129718668
bas,-3.1026554107666,29.0659561157226,8.593298899408667,-3.803365451095164,1129735335
bas,-4.51643085479736,32.0344924926757,7.791790429086458,-1.5018959632775415,1129752002
bas,-5.56804227828979,34.1452484130859,7.152441694541319,0.8362400598445069,1129768669
bas,-6.32450246810913,35.4194564819335,6.816900933908323,2.9794535977365477,1129785336
bas,-6.97203588485717,35.6919631958007,6.865087825855064,4.695626814087233,1129802003
bas,-7.41357088088989,35.4148712158203,7.294103830296579,5.80125704092013,1129818670
bas,-7.39505338668823,34.511245727539,8.017126330341373,6.197103433805954,1129835337
bas,-6.62114572525024,32.5219268798828,8.885957977273062,5.877806477059406,1129852004
bas,-5.10842990875244,29.6316490173339,9.732209487252405,4.916568603628297,1129868671
bas,-3.2599446773529,26.4534721374511,10.413152027543486,3.4365365930498104,1129885338
bas,-1.08914279937744,23.9349784851074,10.844095248731698,1.582874723905838,1129902005
bas,1.23385965824127,22.5979537963867,11.003433772135065,-0.4955919975058898,1129918672
bas,3.66405749320983,20.1044311523437,10.908832350761763,-2.6542758068655146,1129935339
bas,6.44647932052612,16.1032161712646,10.577976461185761,-4.754821922687527,1129952006
bas,9.61731243133545,12.377140045166,9.996871047547708,-6.666224936435217,1129968673
bas,12.5098733901977,9.600845336914,9.116617816214296,-8.268020611592526,1129985340
bas,14.6788539886474,8.3383026123046,7.885389766127095,-9.457422628575042,1130002007
bas,16.917179107666,7.4336967468261,6.302289167841964,-10.16176541410152,1130018674
bas,19.7905521392822,5.721074104309,4.464675034212523,-10.354885710851146,1130035341
bas,22.9221992492675,3.8996448516845,2.5796196730923455,-10.071511991853626,1130052008
bas,26.0260219573974,2.530306816101,0.9252743515113562,-9.411404848319908,1130068675
bas,27.959581375122,1.8437509536743,-0.22787180930324769,-8.527558204292392,1130085342
bas,27.7674369812011,1.5210466384887,-0.7049116758759998,-7.598763854390268,1130102009
bas,27.1261653900146,1.2559013366699,-0.4863434222020763,-6.793087274566238,1130118676
bas,26.1131114959716,1.2010126113891,0.28569368064191436,-6.2328594466519265,1130135343
bas,24.5549373626709,1.5386047363281,1.3571450875526372,-5.972005629238405,1130152010
bas,23.0730857849121,2.2200784683227,2.4477840280053957,-5.992399299043711,1130168677
bas,21.8276634216308,2.9370775222778,3.3408789873147224,-6.21916164549406,1130185344
bas,20.4306507110595,3.5847959518432,3.945540510937928,-6.548636503459627,1130202011
bas,19.0359172821044,4.2810297012329,4.311952391465475,-6.879527477696331,1130218678
bas,17.1643199920654,5.2656879425048,4.596722805385516,-7.137719142042337,1130235345
bas,14.4292182922363,6.7690734863281,4.992657051799144,-7.28771815033837,1130252012
bas,10.9112920761108,8.7576942443847,5.649478483784388,-7.327617552724328,1130268679
bas,7.40121173858642,11.0872974395751,6.615085629064887,-7.269581852525319,1130285346
bas,4.97348737716674,13.6467876434326,7.818001473878161,-7.1133115999483545,1130302013
bas,3.4436559677124,16.6669387817382,9.093298830873923,-6.824141371424929,1130318680
bas,2.14672517776489,19.8278083801269,10.236128650063227,-6.328220766289139,1130335347
bas,0.489066243171691,22.8100929260253,11.059351928564817,-5.532655503544124,1130352014
bas,-0.97374153137207,25.0405883789062,11.436679646040174,-4.3680401905909765,1130368681
bas,-2.20171213150024,26.710578918457,11.32357847980699,-2.8379127954934553,1130385348
bas,-3.25251531600952,28.4250526428222,10.757555026426187,-1.0519098472306858,1130402015
bas,-3.92706394195556,30.6340255737304,9.844118212901911,0.7766034323017993,1130418682
bas,-4.11569309234619,32.8912544250488,8.735056779994588,2.3725440209158726,1130435349
bas,-3.92644906044006,34.7054328918457,7.603519350330003,3.4666392240955655,1130452016
bas,-3.4916226863861,35.7226219177246,6.6181548801064185,3.8628293831198763,1130468683
bas,-2.77438497543334,35.3582916259765,5.918036711121601,3.4810442864080935,1130485350
bas,-1.63928973674774,33.7507095336914,5.591354326387297,2.3634723711089456,1130502017
bas,0.119480594992637,31.3677864074707,5.662229907927304,0.6489868719183642,1130518684
bas,2.39299154281616,29.1879653930664,6.089125293795073,-1.4681097396484195,1130535351
bas,4.76306009292602,27.5720748901367,6.774347467394852,-3.7774848976543356,1130552018
bas,6.96397924423217,26.3328437805175,7.579540785338742,-6.080559679789721,1130568685
bas,9.08166790008545,24.6897659301757,8.340795209018223,-8.207426479071676,1130585352
bas,11.1716022491455,21.9982147216796,8.880785715752715,-10.028650567959748,1130602019
bas,12.9007081985473,18.8687305450439,9.021412689185665,-11.464000626210336,1130618686
bas,14.5619220733642,16.1834297180175,8.603633448179911,-12.483391724879422,1130635353
bas,16.4848365783691,14.1945743560791,7.5182997298766505,-13.094793750841976,1130652020
bas,18.3046646118164,12.2549533843994,5.743771408933744,-13.322589366470936,1130668687
bas,20.3121833801269,10.2683925628662,3.377201818498258,-13.190350304860285,1130685354
bas,23.2154788970947,8.7242965698242,0.6420650199735477,-12.72269463989337,1130702021
bas,27.2979183197021,7.7732353210449,-2.141220740279838,-11.968032767808532,1130718688
bas,31.8025226593017,6.8098545074462,-4.621293184975684,-11.02662532505818,1130735355
bas,34.0343360900878,5.3464603424072,-6.500502921315921,-10.060489469824303,1130752022
bas,33.7058410644531,3.4865789413452,-7.607973504190772,-9.269935761767673,1130768689
bas,32.9152107238769,1.7350759506225,-7.932820420159834,-8.840388854519496,1130785356
bas,31.823049545288,0.6350803375244,-7.60609556617978,-8.880542261333616,1130802023
bas,30.2401161193847,0.1636199951171,-6.8420135917492395,-9.379088808516475,1130818690
bas,27.6144046783447,0.0452756881712997,-5.863923366588486,-10.200000567595504,1130835357
bas,24.3183403015136,0.197795867919901,-4.842463082523937,-11.120263755330683,1130852024
bas,21.5929679870605,0.667986869811999,-3.8644526503297914,-11.896930408422644,1130868691
bas,20.4380435943603,1.4901666641235,-2.9368281399247027,-12.33934020036008,1130885358
bas,19.4656028747558,2.8413410186767,-2.0162069399917084,-12.361095375695498,1130902025
bas,17.2880935668945,4.5585622787475,-1.0472894583434982,-11.994682125907156,1130918692
bas,14.4438982009887,6.4091739654541,0.00451839615389216,-11.365978669819919,1130935359
bas,11.8166284561157,8.5251197814941,1.1323563277918702,-10.640329827577274,1130952026
bas,9.65635967254638,10.8734073638916,2.278548904864854,-9.960581220498154,1130968693
bas,7.31093978881835,13.5431251525878,3.3367438057769303,-9.398068645998146,1130985360
bas,5.53769779205322,16.1447429656982,4.169517246687524,-8.931641861465769,1131002027
bas,4.26350450515747,18.0796756744384,4.643766922915182,-8.460251686371983,1131018694
bas,3.07607960700988,19.7357654571533,4.676287732483444,-7.843942590548872,1131035361
bas,1.69702291488647,21.383861541748,4.2715112834905105,-6.959127252268727,1131052028
bas,0.865069568157196,23.0743713378906,3.532950092871426,-5.749819615500519,1131068695
bas,0.499232470989227,25.1320533752441,2.641332081178624,-4.258442031234307,1131085362
bas,0.620160579681396,27.2991638183593,1.8075830670081585,-2.6268978213171437,1131102029
bas,1.21377563476562,28.4661979675293,1.218100978919633,-1.0682882449304592,1131118696
bas,2.09048438072204,28.8591804504394,0.9899015817914965,0.1813418907072324,1131135363
bas,3.09784889221191,29.2486305236816,1.147207295411852,0.9166492724880515,1131152030
bas,4.40962123870849,29.3460083007812,1.623413344031096,1.0074402383072705,1131168697
bas,6.20303201675415,29.0152053833007,2.2856688487345123,0.4235777100648792,1131185364
bas,8.17300987243652,28.5066452026367,2.9739928711625727,-0.7636242400913169,1131202031
bas,9.77210426330566,27.8040580749511,3.5429551187720967,-2.40121708388652,1131218698
bas,11.0039014816284,26.6684188842773,3.8926270145758384,-4.2890969232822265,1131235365
bas,12.2217302322387,25.106632232666,3.978598245275551,-6.220952797068392,1131252032
bas,13.4895429611206,23.3722991943359,3.798910090737931,-8.02311481594177,1131268699
bas,15.2009620666503,21.0417175292968,3.3663829199221866,-9.582419940017692,1131285366
bas,17.4033145904541,18.6321239471435,2.6830577558917414,-10.855265142810344,1131302033
bas,19.7162227630615,16.5578556060791,1.7341343923067176,-11.854806862830115,1131318700
bas,21.3787727355957,14.3400554656982,0.5094982181377063,-12.621383028151406,1131335367
bas,22.0530891418457,12.0809745788574,-0.9552296610596321,-13.188683024542948,1131352034
bas,22.5700931549072,10.4958591461181,-2.5406942934481984,-13.560576266662867,1131368701
bas,23.8732795715332,9.3411808013916,-4.034928943308791,-13.708916597893317,1131385368
bas,25.8589057922363,8.2364788055419,-5.1682670716665555,-13.592520439584339,1131402035
bas,27.1884765625,7.3093032836914,-5.684983058381541,-13.186901988757132,1131418702
bas,27.1854228973388,6.6265621185302,-5.423774956674514,-12.509717847948075,1131435369
bas,25.8541622161865,6.2257194519042,-4.371843228343137,-11.630874969862615,1131452036
bas,23.5780525207519,6.1489315032959,-2.6691152763751034,-10.664969287778927,1131468703
bas,20.7710590362548,6.4738426208496,-0.5632389761438671,-9.750678539236887,1131485370
bas,18.0299682617187,6.9866867065429,1.6625626046996465,-9.023864818982194,1131502037
bas,15.5453281402587,7.4595355987548,3.758980394103169,-8.590078372011893,1131518704
bas,13.8705730438232,8.0997581481933,5.55470436197183,-8.500953954129972,1131535371
bas,12.9725732803344,9.1669178009033,6.967548325473289,-8.73877969419347,1131552038
bas,11.3396692276,10.7493820190429,7.989405735675703,-9.2131025285934,1131568705
bas,8.7505989074707,12.9218597412109,8.658660419500935,-9.7712666602244,1131585372
bas,5.79827642440795,15.3414230346679,9.03249276077124,-10.221609545923915,1131602039
bas,2.52311658859252,18.0513839721679,9.166951954752575,-10.365241790091078,1131618706
bas,0.454973965883255,20.7342662811279,9.108381294040617,-10.030976647105113,1131635373
bas,-0.596510052680969,23.1681060791015,8.895574127859526,-9.107893767722333,1131652040
bas,-1.74260818958282,25.7849349975585,8.567763899656928,-7.5706181507361014,1131668707
bas,-3.12174987792968,28.8823165893554,8.171923583416062,-5.493155926707889,1131685374
bas,-4.61301374435424,31.9833984375,7.765435717175227,-3.047459831660872,1131702041
bas,-5.59036874771118,34.8131103515625,7.41395156263488,-0.4830963585264648,1131718708
bas,-6.30585002899169,36.7594833374023,7.185387263936344,1.9131087816491477,1131735375
bas,-6.87707185745239,37.5334815979003,7.140101995711145,3.8715669471754186,1131752042
bas,-7.3231725692749,37.4164924621582,7.3178009575480125,5.1938231692107575,1131768709
bas,-7.63139200210571,36.8057441711425,7.724579098383986,5.787462269976021,1131785376
bas,-7.48557662963867,35.4775390625,8.325977000153113,5.669844556178222,1131802043
bas,-6.62476873397827,33.214183807373,9.050829395228423,4.941539217905784,1131818710
bas,-5.18338966369628,30.4984550476074,9.805751530935911,3.742390871745895,1131835377
bas,-3.27972173690795,27.6639442443847,10.494118007953379,2.208541448694349,1131852044
bas,-1.10562169551849,25.8062095642089,11.030453143488753,0.44644618227346033,1131868711
bas,1.3462244272232,24.5810928344726,11.343924350793063,-1.4685017084444136,1131885378
bas,4.0037727355957,21.6334514617919,11.371938330494508,-3.4726327278485023,1131902045
bas,6.89900207519531,17.2580738067626,11.052119154759842,-5.48715798852932,1131918712
bas,10.3952331542968,13.747049331665,10.323536626022577,-7.3991909874133865,1131935379
bas,13.8154897689819,11.3727416992187,9.144181541355728,-9.060967006090271,1131952046
bas,16.3988170623779,9.7047119140625,7.522843107486008,-10.309799258855778,1131968713
bas,18.675235748291,8.2936820983886,5.553315048299219,-11.004249269641658,1131985380
bas,21.5930480957031,6.8121070861816,3.432039232851188,-11.066007252725253,1132002047
bas,24.8527679443359,5.4002857208251,1.4417504057958785,-10.512900417942381,1132018714
bas,28.0563926696777,4.3789434432983,-0.10450765969668085,-9.469405044692996,1132035381
bas,30.2239799499511,3.9019746780395,-0.9461753797866708,-8.148466351414038,1132052048
bas,30.5263557434082,3.6123132705688,-0.9560394543658541,-6.808870394780195,1132068715
bas,29.9567108154296,3.1438980102539,-0.18671764107324484,-5.700441224976231,1132085382
bas,29.2102508544921,3.1934204101562,1.1377767895473418,-5.012082210946579,1132102049
bas,27.9202461242675,3.5081119537353,2.684348297066466,-4.835468285805979,1132118716
bas,26.4992294311523,4.0107040405273,4.105700475255021,-5.151847668366941,1132135383
bas,25.3483943939209,4.8309240341186,5.1361340937016635,-5.843250659944274,1132152050
bas,23.9344120025634,5.7439279556274,5.65861170618357,-6.724380059631997,1132168717
bas,22.3574447631835,6.5467510223388,5.72491529870435,-7.587946248656421,1132185384
bas,20.6413536071777,7.2099533081054,5.5261154776519446,-8.253334485163291,1132202051
bas,18.1252918243408,8.1250572204589,5.324589584555804,-8.606201466160385,1132218718
bas,15.0410718917846,9.7927169799804,5.368612735012537,-8.616817270045706,1132235385
bas,11.291766166687,12.028018951416,5.8150494675227415,-8.330039861270839,1132252052
bas,8.02184104919433,14.324815750122,6.683463893836802,-7.829612392453475,1132268719
bas,5.50773191452026,16.7762985229492,7.854729293621694,-7.190293747603331,1132285386
bas,3.65725398063659,19.6787128448486,9.111435189776861,-6.437935400242819,1132302053
bas,2.22854757308959,22.623062133789,10.203259055193431,-5.536331722154665,1132318720
bas,0.714072108268737,25.2122268676757,10.914660772318209,-4.409753610522395,1132335387
bas,-0.669621407985687,27.259910583496,11.115676113012155,-2.9942450179461284,1132352054
bas,-2.09516835212707,29.1207656860351,10.785386785319183,-1.2958099247486605,1132368721
bas,-3.29434156417846,31.498680114746,10.007277029584282,0.5720104920476698,1132385388
bas,-4.08820819854736,34.5370445251464,8.942870106006405,2.390892098813227,1132402055
bas,-4.35365962982177,36.9978561401367,7.793249819873022,3.883010738420012,1132418722
bas,-4.21608734130859,38.2612991333007,6.757858996199108,4.782328023402278,1132435389
bas,-3.73648357391357,38.3569869995117,5.998191029338959,4.904162430585902,1132452056
bas,-2.82382655143737,37.5917053222656,5.612172732625659,4.187336041323547,1132468723
bas,-1.52573204040527,35.5417671203613,5.623252096858708,2.697688959336576,1132485390
bas,0.206567585468292,33.1316909790039,5.98540445325995,0.6001462564985431,1132502057
bas,2.22113609313964,31.562255859375,6.600909028940473,-1.882653289569939,1132518724
bas,4.20486831665039,30.2457084655761,7.343322333266717,-4.509258406855619,1132535391
bas,6.09707736968994,28.7320442199707,8.076647151324126,-7.050145740322355,1132552058
bas,8.04989433288574,26.2104377746582,8.665259206393614,-9.3126958663776,1132568725
bas,10.0140886306762,23.0274085998535,8.976230559679653,-11.162174311916052,1132585392
bas,11.6391859054565,19.6156044006347,8.881800269290302,-12.533803315082777,1132602059
bas,13.4102659225463,16.8643703460693,8.270695451237918,-13.427414833301519,1132618726
bas,15.5116567611694,14.5478496551513,7.0719436012392025,-13.88257283917558,1132635393
bas,17.5271282196044,12.2796669006347,5.286355481395451,-13.945661232900141,1132652060
bas,19.7174968719482,10.2149295806884,3.013071932845927,-13.64955615069227,1132668727
bas,22.5973396301269,8.7338943481445,0.45535180264889913,-13.02074758237368,1132685394
bas,26.2475185394287,7.6870441436767,-2.105941954121802,-12.109981988296537,1132702061
bas,30.276720046997,6.3761501312255,-4.370488962370146,-11.0243816371322,1132718728
bas,32.4610633850097,4.5563077926635,-6.0917761210516534,-9.935295969009982,1132735395
bas,32.2078056335449,2.4273700714111,-7.138281251432541,-9.049485857757796,1132752062
bas,31.4143009185791,0.5200948715209,-7.517872962567252,-8.55234487632628,1132768729
bas,30.1121292114257,-0.783267021179199,-7.356502792285826,-8.547487568666257,1132785396
bas,28.048204421997,-1.49896812438965,-6.842140616918627,-9.01907952060501,1132802063
bas,25.2805347442626,-1.87578868865967,-6.1577003417264615,-9.832622073564755,1132818730
bas,22.3687114715576,-1.9696969985962,-5.42766441416827,-10.773759980590919,1132835397
bas,19.9495868682861,-1.64307498931885,-4.69475317199337,-11.610926453990722,1132852064
bas,18.6603603363037,-0.92047214508057,-3.9302966884777373,-12.160644942977468,1132868731
bas,17.7202491760253,0.3319778442382,-3.0695159607734164,-12.334643594525888,1132885398
bas,15.6217718124389,2.0430068969726,-2.055052717210404,-12.15444652886685,1132902065
bas,12.6821060180664,3.9476470947265,-0.8720537395658086,-11.729933959877604,1132918732
bas,9.8596830368042,6.0153160095214,0.43487806616383917,-11.210290551289416,1132935399
bas,7.62228202819824,8.2645740509033,1.763913555628517,-10.724546418847838,1132952066
bas,5.63572168350219,11.037670135498,2.9737132578947767,-10.331679629684258,1132968733
bas,4.18212556838989,13.8822593688964,3.9126287074539468,-9.99687356066817,1132985400
bas,3.15550065040588,15.9393825531005,4.455356108312499,-9.602320328698106,1133002067
bas,2.08536529541015,17.7303390502929,4.539852657539058,-8.989586157276097,1133018734
bas,0.800050258636474,19.5057487487792,4.1929985671353665,-8.019191939171249,1133035401
bas,0.0338278003036975,21.3324584960937,3.5335744449994184,-6.62663646491954,1133052068
bas,-0.471323758363723,23.2905578613281,2.748294267092897,-4.855997848828201,1133068735
bas,-0.48929014801979,25.7010078430175,2.047127377669489,-2.861343953575282,1133085402
bas,0.0734623521566391,27.6875190734863,1.6116083705698034,-0.8777929092664541,1133102069
bas,1.00069344043731,28.6225776672363,1.5511264025286096,0.8268293546482616,1133118736
bas,2.13833427429199,29.4381065368652,1.8784499389181002,2.005230279923903,1133135403
bas,3.53770899772644,30.061164855957,2.5097230899311915,2.4762460010044087,1133152070
bas,5.42867946624755,30.1390419006347,3.2879495013982454,2.155046293842898,1133168737
bas,7.52850627899169,29.8146781921386,4.023444819114231,1.0648202004930276,1133185404
bas,9.09388542175293,29.1476669311523,4.540297480627761,-0.6700196596642612,1133202071
bas,10.1843814849853,27.9782104492187,4.715583665767912,-2.846983181378802,1133218738
bas,11.3916645050048,26.2613372802734,4.499630408318977,-5.221060849952285,1133235405
bas,12.8745965957641,24.2068862915039,3.9118997752002316,-7.546637366227729,1133252072
bas,14.7911252975463,21.5873432159423,3.016785826273159,-9.617326605993371,1133268739
bas,17.2565784454345,19.1401309967041,1.8930007460013982,-11.294065910780962,1133285406
bas,19.7134075164794,16.7298545837402,0.6138570708178224,-12.51402424123662,1133302073
bas,21.5811100006103,14.3010559082031,-0.7506192492100877,-13.27940103966574,1133318740
bas,22.6853637695312,12.531566619873,-2.113693439312866,-13.633479689174415,1133335407
bas,23.9043006896972,11.3243007659912,-3.3524029911426245,-13.63631424342868,1133352074
bas,25.8893756866455,9.8943843841552,-4.309798178826583,-13.350313448621508,1133368741
bas,27.8184242248535,8.4777088165283,-4.827684893104071,-12.837855275907117,1133385408
bas,28.7877655029296,7.2466373443603,-4.797868987441003,-12.165076857069359,1133402075
bas,28.0063285827636,6.3258628845214,-4.205036255414377,-11.404140256299815,1133418742
bas,26.5286045074462,5.7579021453857,-3.1363102649946,-10.6306307047831,1133435409
bas,24.7105712890625,5.6048021316528,-1.750398637298254,-9.917850289129534,1133452076
bas,22.5173416137695,5.6624708175659,-0.22107660181155878,-9.330899938115614,1133468743
bas,20.519416809082,5.8232126235961,1.317894902431158,-8.921141715594187,1133485410
bas,18.9545726776123,6.1474018096923,2.8021778880685235,-8.719883534904875,1133502077
bas,17.9668292999267,6.657693862915,4.231021037820672,-8.731278231643799,1133518744
bas,16.9588584899902,7.3848190307617,5.634202772524278,-8.926955011187856,1133535411
bas,15.1937351226806,8.694221496582,7.030653347002686,-9.245770493202855,1133552078
bas,12.6269273757934,10.644660949707,8.397129066163727,-9.600133474487086,1133568745
bas,9.493821144104,12.9471092224121,9.657039571156478,-9.887128411430844,1133585412
bas,6.59018516540527,15.5832176208496,10.691238578892925,-10.000585691577975,1133602079
bas,4.09773015975952,18.0655860900878,11.367772300423981,-9.84077215740166,1133618746
bas,2.61269283294677,20.3791313171386,11.583541979486403,-9.321184037640725,1133635413
bas,1.31700730323791,22.6674575805664,11.305393800963001,-8.375314811886627,1133652080
bas,-0.015313284471631,25.1008148193359,10.594880735702494,-6.967842495739713,1133668747
bas,-1.61828529834747,27.8080711364746,9.605083767104123,-5.1121508091666135,1133685414
bas,-3.20032501220703,30.3701858520507,8.548919486119326,-2.889364910136492,1133702081
bas,-4.85078907012939,33.0223503112793,7.649718018995153,-0.4574361020614008,1133718748
bas,-6.06512784957885,35.3679466247558,7.090347323343202,1.9611167215211582,1133735415
bas,-6.78423547744751,36.6926841735839,6.975630799886252,4.115043979307253,1133752082
bas,-7.28334999084472,36.7396965026855,7.3168432176172615,5.773383690259044,1133768749
bas,-7.71285200119018,36.0066604614257,8.039671830520357,6.770128919930942,1133785416
bas,-7.75444889068603,34.7997016906738,9.010486401589795,7.029678490381847,1133802083
bas,-7.02629613876342,32.7116432189941,10.071868611889506,6.5675793807154195,1133818750
bas,-5.71135902404785,29.654239654541,11.077572261629912,5.4709874634695534,1133835417
bas,-4.06410837173461,26.233787536621,11.918138167736831,3.869677697653653,1133852084
bas,-2.15863513946533,23.4007034301757,12.530251213596493,1.9099129223580238,1133868751
bas,-0.0317057408392429,22.0195846557617,12.88660459731988,-0.2604832328138814,1133885418
bas,2.4390525817871,19.7536506652832,12.969829456872242,-2.495478049092798,1133902085
bas,5.36621904373168,15.5935935974121,12.74248771655025,-4.649200625207427,1133918752
bas,8.64615154266357,11.6058483123779,12.130639280920152,-6.5769548882359485,1133935419
bas,11.6115360260009,8.8247318267822,11.036170210062599,-8.142520417146187,1133952086
bas,14.1496725082397,7.5116157531738,9.381291998410072,-9.231660298687773,1133968753
bas,16.7849159240722,6.3973541259765,7.171390753551522,-9.770431354868135,1133985420
bas,20.1207809448242,4.8216562271118,4.548269500655225,-9.74528725207742,1134002087
bas,24.0629901885986,3.5149297714233,1.803311524248348,-9.218584250127666,1134018754
bas,28.279727935791,3.0441713333129,-0.6672114113070973,-8.330885876466594,1134035421
bas,31.2552127838134,3.0767774581909,-2.4582922678754304,-7.283752194660046,1134052088
bas,32.1642265319824,3.0493974685668,-3.272387697767869,-6.3032257066948185,1134068755
bas,32.1998596191406,3.1250238418579,-3.0116564937747765,-5.592020933220228,1134085422
bas,31.7940330505371,3.457420349121,-1.809906618977046,-5.2840307745256405,1134102089
bas,30.6275959014892,4.184133529663,0.007934184673571603,-5.415275867731704,1134118756
bas,28.7646827697753,5.1386632919311,2.0231599338559327,-5.920057281404058,1134135423
bas,27.040636062622,6.2274131774902,3.8427566363862073,-6.652499573791703,1134152090
bas,25.4664688110351,7.3630580902099,5.201885362406952,-7.4262288547257675,1134168757
bas,24.2494220733642,8.5650310516357,6.0193595878208646,-8.061018415258216,1134185424
bas,23.0490436553955,9.9956855773925,6.39354677020853,-8.424287676183402,1134202091
bas,20.687686920166,11.6778297424316,6.545214132716461,-8.456240358531478,1134218758
bas,17.3683433532714,13.9458484649658,6.728952394207973,-8.170765269585598,1134235425
bas,13.2109451293945,16.7236251831054,7.142739988830923,-7.631296829985497,1134252092
bas,9.91762447357177,19.6693077087402,7.864232160635,-6.910600837584061,1134268759
bas,7.73887252807617,22.8546104431152,8.832076488976973,-6.051642414378186,1134285426
bas,6.32760763168335,26.1608963012695,9.874089424813835,-5.048448434910237,1134302093
bas,4.94851779937744,29.0539321899414,10.768349389698496,-3.858688414141585,1134318760
bas,3.47293782234191,31.2585487365722,11.314463472038652,-2.4449441574503448,1134335427
bas,2.20536208152771,32.8167610168457,11.39226136903676,-0.8256768580846593,1134352094
bas,1.01696097850799,34.553352355957,10.992039608885785,0.890738756423959,1134368761
bas,0.226180598139762,36.8253593444824,10.211020783454735,2.5089381495724226,1134385428
bas,-0.0001383113267365,38.90620803833,9.221380136989211,3.7887776863447598,1134402095
bas,0.250648289918899,40.7637977600097,8.222669657540495,4.510219280916591,1134418762
bas,0.85655128955841,41.3230171203613,7.393698771690658,4.5339014853006745,1134435429
bas,1.71555066108703,40.5127754211425,6.856111929390691,3.8334946464757667,1134452096
bas,2.85055685043334,38.5559616088867,6.656234490243981,2.4902514581156305,1134468763
bas,4.41581392288208,36.1517105102539,6.765895551888659,0.6574404214327065,1134485430
bas,6.40237998962402,34.015754699707,7.098287189251013,-1.4864255163793216,1134502097
bas,8.6220064163208,32.4435157775878,7.531625585806651,-3.7759408980188542,1134518764
bas,10.7210655212402,30.8997459411621,7.93195387611489,-6.077511014470763,1134535431
bas,12.7198638916015,28.3232040405273,8.16835926533733,-8.288726401939662,1134552098
bas,14.8127546310424,24.9887809753418,8.119560711346946,-10.326362077958507,1134568765
bas,16.6475238800048,21.1839504241943,7.6773845812720705,-12.111865539221723,1134585432
bas,18.2903785705566,18.0000324249267,6.755400457645593,-13.560683027124593,1134602099
bas,20.0403728485107,15.6253967285156,5.307506100166989,-14.580348899054757,1134618766
bas,21.7104625701904,13.5539073944091,3.3532814464780896,-15.082086686956451,1134635433
bas,23.7163047790527,11.3306579589843,0.9988332009157803,-15.007860811316064,1134652100
bas,26.8392620086669,9.6333312988281,-1.5615559452316587,-14.366812950781902,1134668767
bas,30.9063529968261,8.2044105529785,-4.07269493999004,-13.265224937940834,1134685434
bas,34.0651206970214,6.5001239776611,-6.271226612479001,-11.910555461501097,1134702101
bas,34.919448852539,4.4133558273315,-7.945581158058166,-10.578138601412297,1134718768
bas,34.3044548034668,2.2123165130615,-8.978703503568875,-9.54590706612457,1134735435
bas,32.8464889526367,0.332211494445801,-9.357182575836642,-9.018507107844417,1134752102
bas,30.2219696044921,-0.950908660888681,-9.147531156251434,-9.068550460453116,1134768769
bas,27.1970348358154,-1.58446693420411,-8.455118092913365,-9.61690230484571,1134785436
bas,24.2711524963378,-1.67933082580567,-7.3861097679624175,-10.459487697690143,1134802103
bas,22.1645927429199,-1.29140949249268,-6.027682671924415,-11.331501053559965,1134818770
bas,21.1522521972656,-0.52523708343506,-4.4504758580554755,-11.987099448860988,1134835437
bas,20.0224647521972,0.7592515945434,-2.7251330950726183,-12.26777806479126,1134852104
bas,17.6237316131591,2.5543489456176,-0.938537932671067,-12.137269569909975,1134868771
bas,14.590274810791,4.6634006500244,0.8012074449117685,-11.673367628451834,1134885438
bas,11.6259641647338,6.8566722869873,2.3725724383788207,-11.022664799574224,1134902105
bas,9.26447963714599,9.0829753875732,3.6554914267019694,-10.336566693255973,1134918772
bas,7.1630516052246,11.650857925415,4.5474488588410935,-9.711934456277655,1134935439
bas,5.77381515502929,14.7749843597412,4.978970886483009,-9.156981058908793,1134952106
bas,4.96208524703979,16.8248691558837,4.929151112201693,-8.594168452299122,1134968773
bas,3.9967987537384,18.4855899810791,4.439331695354102,-7.898495550752238,1134985440
bas,2.51535582542419,20.0206890106201,3.6186168806311785,-6.955494852468324,1135002107
bas,1.72624373435974,21.6148414611816,2.634420515262634,-5.7152939947874355,1135018774
bas,1.3097528219223,23.7351303100585,1.6866179512281159,-4.222104513584451,1135035441
bas,1.31440305709838,26.0973243713378,0.9708234824776174,-2.610335620737145,1135052108
bas,1.83636105060577,27.8793106079101,0.6399027139564898,-1.0721637771301211,1135068775
bas,2.74502968788146,28.7127532958984,0.7724724101080095,0.18942147387220282,1135085442
bas,3.88016772270202,29.2430686950683,1.3550812140625224,1.005774324532642,1135102109
bas,5.31565999984741,29.5518608093261,2.282288811669868,1.2731743035505374,1135118776
bas,7.18836593627929,29.4515266418457,3.3758365138678013,0.9627907056412462,1135135443
bas,9.26942920684814,29.076187133789,4.4203005519655205,0.11147315822238094,1135152110
bas,10.9452590942382,28.4301300048828,5.208131125292815,-1.198974553917811,1135168777
bas,12.1726264953613,27.4193496704101,5.582696449106725,-2.863628328987544,1135185444
bas,13.4098653793334,25.7118034362793,5.4662353416097345,-4.769146001018405,1135202111
bas,15.0133552551269,23.564109802246,4.863238694293187,-6.7989761270981495,1135218778
bas,17.3075313568115,21.0512218475341,3.839314345027378,-8.832546310165801,1135235445
bas,20.310712814331,18.8346214294433,2.4876377002232006,-10.744378396023205,1135252112
bas,23.1560115814209,16.8680782318115,0.9026769435467643,-12.40778367672451,1135268779
bas,25.3449344635009,14.6710052490234,-0.8229144046922966,-13.704659618834526,1135285446
bas,26.459114074707,12.9167823791503,-2.578089716565933,-14.540114394818184,1135302113
bas,27.7283115386962,11.6126327514648,-4.208234970589963,-14.859146090781552,1135318780
bas,30.0747814178466,10.3692150115966,-5.51103158919496,-14.661705748529279,1135335447
bas,31.9904956817626,9.2836742401123,-6.268830105236078,-14.011179887072052,1135352114
bas,32.5587501525878,8.4234085083007,-6.309591426075818,-13.030810613302357,1135368781
bas,31.3868103027343,7.8018150329589,-5.567519779951222,-11.885509317918714,1135385448
bas,29.6828899383544,7.658634185791,-4.1112023213729465,-10.752779329500298,1135402115
bas,27.2857570648193,8.0256748199462,-2.1242069454453736,-9.791650340892662,1135418782
bas,24.779312133789,8.6835594177246,0.15164064766934093,-9.118462439844073,1135435449
bas,22.4787578582763,9.3219470977783,2.4832273503078186,-8.793581758404285,1135452116
bas,20.8507423400878,9.7085990905761,4.695732234565397,-8.817962496976882,1135468783
bas,19.7361488342285,10.2063293457031,6.689590293794022,-9.136278256790467,1135485450
bas,17.7080955505371,11.3688926696777,8.426023959162325,-9.64404412557935,1135502117
bas,14.7974739074707,13.1238498687744,9.89422473709422,-10.197683857378827,1135518784
bas,11.3065814971923,15.3668174743652,11.077202634867447,-10.627502858027857,1135535451
bas,7.60679960250854,18.0508441925048,11.931355203553407,-10.754024222914799,1135552118
bas,4.72970914840698,20.8879489898681,12.389507385913667,-10.408419361093472,1135568785
bas,3.59792518615722,23.6048469543457,12.38818812461002,-9.45747237781069,1135585452
bas,2.39458799362182,26.3916931152343,11.908140070753987,-7.832022545188965,1135602119
bas,0.735421478748321,29.4415397644043,11.008824339945377,-5.5549817898997125,1135618786
bas,-1.40757036209106,32.5817680358886,9.839527947752643,-2.761236148791162,1135635453
bas,-3.1985638141632,35.2700424194335,8.620354590843004,0.30164654895201726,1135652120
bas,-4.85181903839111,37.2887573242187,7.598255311541089,3.30237303184395,1135668787
bas,-6.22166776657104,38.2633399963378,6.990734749060277,5.886097921438503,1135685454
bas,-7.33905363082885,38.1932907104492,6.932857819390908,7.751428814490654,1135702121
bas,-8.15557861328125,37.3298568725585,7.443111989021296,8.717029015902826,1135718788
bas,-8.27219486236572,35.6017951965332,8.419840067768407,8.751968639575578,1135735455
bas,-7.56191492080688,32.6219253540039,9.671159678379896,7.960171911171757,1135752122
bas,-6.19299983978271,29.0663528442382,10.969340244393239,6.529593587985803,1135768789
bas,-4.48167419433593,25.1902999877929,12.11046472020439,4.6697538773041485,1135785456
bas,-2.47666525840759,22.3863830566406,12.957092346574509,2.562694875375986,1135802123
bas,-0.123554818332195,21.1524696350097,13.448266699073846,0.3434343492977219,1135818790
bas,2.43621587753295,19.718126296997,13.575844599576415,-1.8895180985240443,1135835457
bas,5.31087017059326,15.9895992279052,13.342246845316014,-4.047620377811497,1135852124
bas,8.58421516418457,10.9692993164062,12.72413725738386,-6.029164986381522,1135868791
bas,11.5333356857299,7.5361976623535,11.664285477527972,-7.713195647338388,1135885458
bas,14.3839521408081,7.1129093170166,10.100672161706179,-8.973281097927265,1135902125
bas,17.5945205688476,7.1035175323486,8.022984783051054,-9.705279775595848,1135918792
bas,21.1984920501709,5.3366193771362,5.529992015175126,-9.858864595930452,1135935459
bas,25.0253562927246,3.5697469711303,2.8554164339539843,-9.461494051856775,1135952126
bas,29.5510673522949,2.7891130447387,0.3399601902651551,-8.625586867401843,1135968793
bas,33.7282104492187,2.7521286010742,-1.6493266397075537,-7.534954337823243,1135985460
bas,35.3548240661621,3.0099554061889,-2.8246614369820104,-6.413092150358572,1136002127
bas,35.1023254394531,3.2953224182128,-3.0652628010306096,-5.481017168107967,1136018794
bas,34.5321655273437,3.7311601638793,-2.449927619381314,-4.9146741788681085,1136035461
bas,33.2171897888183,4.7099056243896,-1.2212221641570038,-4.811432824996539,1136052128
bas,31.312889099121,6.0951461791992,0.30240904840610594,-5.172392567678944,1136068795
bas,29.2466850280761,7.7278251647949,1.8299309311662133,-5.9035622205487766,1136085462
bas,27.6510524749755,9.5310859680175,3.176581892014144,-6.835883263573516,1136102129
bas,26.4360008239746,11.0692596435546,4.292263127082699,-7.761336451519245,1136118796
bas,25.1251487731933,12.2125167846679,5.236934054263189,-8.478737844990192,1136135463
bas,22.7143402099609,13.7166843414306,6.122228197982745,-8.838348406448114,1136152130
bas,19.3023052215576,15.8169517517089,7.047756666202457,-8.771907489865853,1136168797
bas,15.3035373687744,18.4658985137939,8.054891618669524,-8.297807566728448,1136185464
bas,11.7980251312255,21.113971710205,9.10759329713984,-7.500193131439532,1136202131
bas,9.29560661315918,24.1261520385742,10.098910338084176,-6.491329408293925,1136218798
bas,7.68534183502197,27.3987503051757,10.877350167038658,-5.37293036076509,1136235465
bas,6.34641027450561,30.4994316101074,11.286915461286341,-4.211315252523218,1136252132
bas,4.96429014205932,33.0781936645507,11.2135931394659,-3.0337654741306364,1136268799
bas,3.8633325099945,35.2108726501464,10.62756321582345,-1.8427559419294144,1136285466
bas,2.84337782859802,37.3850898742675,9.607242709118236,-0.6365747707814765,1136302133
bas,1.85965776443481,39.8289833068847,8.333525399447462,0.5761647685689969,1136318800
