Label,Left_Hip_q,Right_Hip_q,Left_Hip_qd,Right_Hip_qd,SampleTimeFine
iw,-67.6547164916992,-82.1747665405273,30.7325935363769,64.3059463500976,3343761673
iw,-68.2939453125,-81.3661956787109,34.63462530030378,45.232452606992354,3343778340
iw,-68.8422241210937,-80.7792739868164,35.686817286366946,36.57545385283518,3343795007
iw,-69.4042587280273,-80.3875122070312,37.1646442344874,27.103891110364685,3343811674
iw,-70.0655364990234,-80.1646881103515,39.44030971080082,16.0760955695739,3343828341
iw,-71.240966796875,-80.1020126342773,42.776511130580765,2.954764708138382,3343845008
iw,-72.3335876464843,-80.2330474853515,47.282169045173966,-12.499497399794079,3343861675
iw,-73.1218719482421,-80.6156539916992,52.875674658259705,-30.162041707754337,3343878342
iw,-73.9514694213867,-81.3962707519531,59.25838792491496,-49.53210310526255,3343895009
iw,-75.2648620605468,-82.6353759765625,65.92003081791609,-69.79159106916518,3343911676
iw,-76.7368240356445,-84.2434692382812,72.19986487134823,-89.92793913854479,3343928343
iw,-78.2436065673828,-85.9105529785156,77.404460484909,-108.88873320922697,3343945010
iw,-79.7008056640625,-86.8742599487304,80.95613691900384,-125.72342637084195,3343961677
iw,-81.2160873413086,-85.8888626098632,82.53612974625105,-139.67595836274765,3343978344
iw,-82.8615570068359,-83.6726837158203,82.18869782531794,-150.21664691437516,3343995011
iw,-84.5007171630859,-81.2214126586914,80.3543820038038,-157.02839680678164,3344011678
iw,-86.1064987182617,-78.8212890625,77.80561430337069,-159.9772298128172,3344028345
iw,-87.6371078491211,-76.4845352172851,75.479175455358,-159.09416505078207,3344045012
iw,-88.8985519409179,-74.1628494262695,74.23932288901678,-154.57858179992232,3344061679
iw,-89.2608642578125,-71.8235855102539,74.6439266841742,-146.81290961716942,3344078346
iw,-88.0916595458984,-69.4682693481445,76.79709945770989,-136.36460510450604,3344095013
iw,-86.5458908081054,-67.1435089111328,80.34238571817735,-123.94934028589479,3344111680
iw,-84.9647979736328,-65.0537109375,84.59290465124998,-110.3418775577394,3344128347
iw,-83.4563522338867,-63.331932067871,88.7406359696568,-96.24755724355812,3344145014
iw,-81.9454650878906,-61.9509925842285,92.06513392380229,-82.17803754894531,3344161681
iw,-80.4073638916015,-60.7499351501464,94.07753367725762,-68.39045244026843,3344178348
iw,-78.8782119750976,-59.5673904418945,94.57121545259874,-54.931817640707365,3344195015
iw,-77.356689453125,-58.5067443847656,93.5846663137939,-41.78132674399422,3344211682
iw,-75.8790893554687,-57.8427276611328,91.3043321478833,-29.027610073648695,3344228349
iw,-74.4843673706054,-57.4368362426757,87.94469415784093,-16.991309918391156,3344245016
iw,-73.1250915527343,-57.3704872131347,83.64142589960996,-6.2246870559976015,3344261683
iw,-71.8019561767578,-57.5454788208007,78.38310722592685,2.6214992517677596,3344278350
iw,-70.502944946289,-57.8778228759765,71.99043873181758,9.010268208249153,3344295017
iw,-69.2968826293945,-58.0947761535644,64.13517978291425,12.721761682965793,3344311684
iw,-68.3775329589843,-58.4777717590332,54.38256291314138,13.969667139584553,3344328351
iw,-67.8149719238281,-59.0824012756347,42.24640699372343,13.394589904012639,3344345018
iw,-67.5377502441406,-59.5512161254882,27.261636546312687,11.941505893795561,3344361685
iw,-67.5076828002929,-59.7206878662109,9.089740050932667,10.655356311907223,3344378352
iw,-67.566535949707,-59.828197479248,-12.336806832979423,10.44543677885323,3344395019
iw,-67.8471450805664,-59.9981498718261,-36.65653086199621,11.881828669722672,3344411686
iw,-68.6756515502929,-60.747817993164,-62.96707339280454,15.084848074238419,3344428353
iw,-70.0507202148437,-61.8531684875488,-89.82815624671439,19.739499857672328,3344445020
iw,-72.0303878784179,-62.7827911376953,-115.41679694071814,25.220948770448285,3344461687
iw,-74.4874725341796,-63.6819114685058,-137.81292026352395,30.78117111693308,3344478354
iw,-77.1775436401367,-64.6292724609375,-155.33838599331008,35.73983121695581,3344495021
iw,-79.9173812866211,-65.7324600219726,-166.85083731418874,39.637724844082854,3344511688
iw,-82.553237915039,-66.9913101196289,-171.91489355049563,42.32963933241464,3344528355
iw,-85.1397399902343,-68.2647705078125,-170.82286575446162,44.005131758979665,3344545022
iw,-87.3977432250976,-69.4390335083007,-164.48785795414,45.134220998041016,3344561689
iw,-88.1269607543945,-70.60107421875,-154.26048317046283,46.346820592732776,3344578356
iw,-86.523681640625,-71.7987823486328,-141.7202687433565,48.27011199816831,3344595023
iw,-84.5209197998046,-73.048599243164,-128.4741401979034,51.36094362911988,3344611690
iw,-82.5796127319336,-74.2998504638671,-115.9729275649693,55.774543826970344,3344628357
iw,-80.7668380737304,-75.5631866455078,-105.3453128184378,61.30452642967041,3344645024
iw,-79.1243515014648,-76.8685607910156,-97.2524153390535,67.41372404566232,3344661691
iw,-77.623550415039,-78.2910614013671,-91.78172489432555,73.35314625067183,3344678358
iw,-76.1798782348632,-79.8089294433593,-88.41503840003995,78.3416165189136,3344695025
iw,-74.7334671020507,-81.3616409301757,-86.10738636816835,81.75875745596458,3344711692
iw,-73.2911376953125,-82.8782577514648,-83.49362788426455,83.29705610199048,3344728359
iw,-71.9252014160156,-84.3209381103515,-79.19950687419492,83.02904300049683,3344745026
iw,-70.6039657592773,-85.6569290161132,-72.19003646816923,81.37058164675283,3344761693
iw,-69.3841247558593,-86.9075012207031,-62.06016720750552,78.95222849343541,3344778360
iw,-68.429946899414,-88.0683212280273,-49.17531775898465,76.43702196955874,3344795027
iw,-67.7933807373046,-89.045913696289,-34.605983345167424,74.33695269541896,3344811694
iw,-67.7853469848632,-89.0102844238281,-19.862712446854207,72.87861343657245,3344828361
iw,-67.9547729492187,-87.9859848022461,-6.505259472633416,71.9525111440947,3344845028
iw,-68.1536483764648,-86.8021240234375,4.254866654983731,71.15513806160058,3344861695
iw,-68.3684768676757,-85.551773071289,11.838644123403103,69.90546694635698,3344878362
iw,-68.8042449951171,-84.2816696166992,16.395620089111357,67.5959961266346,3344895029
iw,-69.2421646118164,-83.0296783447265,18.702465576817822,63.72927211247576,3344911696
iw,-69.7257766723632,-81.9824447631836,19.910842449508092,57.997752374351506,3344928363
iw,-69.9620132446289,-81.2181320190429,21.22449417646695,50.287822774581294,3344945030
iw,-70.1500244140625,-80.6629791259765,23.5971240442582,40.620974082730534,3344961697
iw,-70.4437179565429,-80.2679443359375,27.534368466337494,29.072445142059674,3344978364
iw,-71.2496566772461,-80.0938491821289,33.05040782226532,15.715376523568834,3344995031
iw,-72.3498840332031,-80.0973815917968,39.77392944858071,0.6220437763314157,3345011698
iw,-73.4023818969726,-80.2069702148437,47.14055160137247,-16.07825119285458,3345028365
iw,-74.227554321289,-80.5652923583984,54.582311241647076,-34.11669747321221,3345045032
iw,-75.2485198974609,-81.4307632446289,61.644643050994006,-53.02554791256913,3345061699
iw,-76.6221313476562,-82.7349395751953,68.0090847687134,-72.13935463416327,3345078366
iw,-77.8604202270507,-84.2239913940429,73.44458713709476,-90.66294107238934,3345095033
iw,-79.1241683959961,-85.6390228271484,77.73703754328302,-107.7782567934496,3345111700
iw,-80.4847946166992,-86.2193908691406,80.65454456374793,-122.74671060912429,3345128367
iw,-82.0513229370117,-85.226448059082,81.98928210850883,-134.97295370609044,3345145034
iw,-83.7690505981445,-83.3471908569336,81.67148321100952,-144.02160064222923,3345161701
iw,-85.4554138183593,-81.2898559570312,79.89785183866232,-149.60534882909033,3345178368
iw,-87.0646896362304,-79.216064453125,77.19245491554086,-151.57738120787226,3345195035
iw,-88.4889755249023,-77.0762100219726,74.34379071854052,-149.9537429584323,3345211702
iw,-89.0152359008789,-74.8838195800781,72.22304569415117,-144.9647353752771,3345228369
iw,-88.2037658691406,-72.7042465209961,71.54895198837397,-137.10343857340607,3345245036
iw,-86.9331817626953,-70.524658203125,72.6905773030026,-127.12378716344861,3345261703
iw,-85.5640792846679,-68.4013290405273,75.57925365737108,-115.95170090151177,3345278370
iw,-84.2335662841796,-66.475830078125,79.74993878729539,-104.50833453719795,3345295037
iw,-82.8935852050781,-64.8354949951171,84.48131399314968,-93.49063314131314,3345311704
iw,-81.4437255859375,-63.4609909057617,88.97705368913657,-83.19033746349908,3345328371
iw,-79.9478149414062,-62.1829795837402,92.53153983830617,-73.43702162126782,3345345038
iw,-78.430923461914,-60.8804206848144,94.64096096424602,-63.712169261634436,3345361705
iw,-76.9083786010742,-59.6216354370117,95.04406041516273,-53.40980919391761,3345378372
iw,-75.4040985107421,-58.6759376525878,93.6992709855425,-42.14809746944314,3345395039
iw,-73.9538650512695,-58.0555152893066,90.72184772808356,-30.005340113222534,3345411706
iw,-72.5991897583007,-57.7548103332519,86.31166944308303,-17.583130465725812,3345428373
iw,-71.3006362915039,-57.7840003967285,80.69745987512543,-5.873355556827269,3345445040
iw,-69.9528350830078,-58.0035667419433,74.10737038172259,4.01447444831247,3345461707
iw,-68.6102218627929,-58.2256813049316,66.75466645304525,11.161845074388353,3345478374
iw,-67.46484375,-58.5118942260742,58.81187539136321,15.084549624262312,3345495041
iw,-66.6929626464843,-58.9421691894531,50.350878818904704,15.851473700138818,3345511708
iw,-66.2782287597656,-59.5007820129394,41.2551519891008,14.07078724318164,3345528375
iw,-66.0210800170898,-59.9973106384277,31.14934491947967,10.76747901739728,3345545042
iw,-65.8405685424804,-60.3255233764648,19.411590065504104,7.184641671891087,3345561709
iw,-65.7272338867187,-60.4934005737304,5.313069031289213,4.5425273629079514,3345578376
iw,-65.6407089233398,-60.6279640197753,-11.72844569608132,3.7977480187017236,3345595043
iw,-65.746597290039,-60.839672088623,-31.859615480143965,5.455192536229062,3345611710
iw,-66.4406433105468,-61.2591896057128,-54.58150278421989,9.482477027345318,3345628377
iw,-67.7698059082031,-62.1192245483398,-78.7158160728621,15.353219477433619,3345645044
iw,-69.5790710449218,-62.8813514709472,-102.57908175663329,22.206928321264737,3345661711
iw,-71.8160324096679,-63.7940711975097,-124.31416923068451,29.076044649644206,3345678378
iw,-74.3697357177734,-64.8995056152343,-142.2705598561631,35.11324984821669,3345695045
iw,-76.9469604492187,-66.1214523315429,-155.3148158951343,39.76256131300882,3345711712
iw,-79.4838943481445,-67.3668746948242,-162.98856504124277,42.84579575608776,3345728379
iw,-81.9386672973632,-68.5735931396484,-165.49256154456063,44.56280578776988,3345745046
iw,-84.3179321289062,-69.7642517089843,-163.53521816929185,45.41873298674956,3345761713
iw,-86.4940185546875,-70.9744110107421,-158.11949712945267,46.096834087509755,3345778380
iw,-88.0388565063476,-72.2077941894531,-150.3430050051353,47.29882214533192,3345795047
iw,-87.2321853637695,-73.4594573974609,-141.25790053317937,49.57981973368397,3345811714
iw,-85.2933120727539,-74.7110290527343,-131.7964043534739,53.21000079111727,3345828381
iw,-83.2034149169921,-75.9348220825195,-122.7346305575323,58.09569871528153,3345845048
iw,-81.1717834472656,-77.1854705810546,-114.65702307632625,63.78571936734267,3345861715
iw,-79.2995986938476,-78.5474395751953,-107.89821808671292,69.57171550385992,3345878382
iw,-77.6500091552734,-80.0635223388671,-102.46916076637254,74.6655632063515,3345895049
iw,-76.1676788330078,-81.6122207641601,-98.00428941157067,78.40852982999203,3345911716
iw,-74.7074813842773,-83.1381378173828,-93.78013538032397,80.4494387790104,3345928383
iw,-73.2328414916992,-84.5907897949218,-88.84123075566363,80.83373426858246,3345945050
iw,-71.7607650756836,-85.9736251831054,-82.22815308634007,79.9734836726264,3345961717
iw,-70.272720336914,-87.2573318481445,-73.25228968505449,78.50844208748325,3345978384
iw,-69.0557785034179,-88.5093154907226,-61.72813287462487,77.10354852153122,3345995051
iw,-68.2512664794921,-90.0,-48.076408616846805,76.24569501144714,3346011718
iw,-67.7904815673828,-89.2872848510742,-33.25255311649708,76.09802279662146,3346028385
iw,-67.6178588867187,-87.8588180541992,-18.51758141951088,76.44799926828178,3346045052
iw,-67.8264083862304,-86.522102355957,-5.124093027554818,76.7564489797929,3346061719
iw,-67.9408798217773,-85.1502685546875,5.984285173554339,76.2884627702245,3346078386
iw,-68.2292785644531,-83.7416687011718,14.373772936489553,74.28844334899365,3346095053
iw,-68.8444061279296,-82.3532257080078,20.174706223112334,70.15144057327399,3346111720
iw,-69.4033660888671,-81.1289672851562,23.988382843456378,63.54342648115477,3346128387
iw,-69.7455520629882,-80.2167282104492,26.683655553898436,54.43791941436486,3346145054
iw,-70.0587539672851,-79.6045989990234,29.14802098564263,43.064976115408456,3346161721
iw,-70.4245376586914,-79.2454528808593,32.071982130582306,29.801442920990564,3346178388
iw,-71.3286666870117,-79.1179428100586,35.83269207009521,15.052701707259375,3346195055
iw,-72.5051727294921,-79.1802597045898,40.497329919634026,-0.825780845988674,3346211722
iw,-73.5605697631836,-79.3895645141601,45.910067444081136,-17.54319651838078,3346228389
iw,-74.2729721069336,-79.7755508422851,51.79706321063496,-34.834393003313636,3346245056
iw,-75.2161636352539,-80.6300888061523,57.83930323221594,-52.40236190859623,3346261723
iw,-76.5570831298828,-81.9141082763671,63.70152399954709,-69.88044417885486,3346278390
iw,-77.9092483520507,-83.3876724243164,69.03280373295472,-86.83285758013606,3346295057
iw,-79.219970703125,-84.9403457641601,73.46236941656281,-102.78494969922293,3346311724
iw,-80.5167846679687,-86.0427017211914,76.6159091731694,-117.25887462042274,3346328391
iw,-81.9503097534179,-85.7283248901367,78.1749983154563,-129.7941618191733,3346345058
iw,-83.535285949707,-84.1020355224609,77.98198952423903,-139.9501114577969,3346361725
iw,-85.1526489257812,-82.13720703125,76.15561543114667,-147.3064723858614,3346378392
iw,-86.7096099853515,-80.14404296875,73.15439026205517,-151.488515544234,3346395059
iw,-88.1630477905273,-78.0639724731445,69.73267534223594,-152.23349457335863,3346411726
iw,-89.0951843261718,-75.9065856933593,66.77965708076492,-149.4885784232719,3346428393
iw,-88.6694030761718,-73.6947402954101,65.0890416950791,-143.50036360349497,3346445060
iw,-87.4943923950195,-71.4302291870117,65.14352936855036,-134.84304818864672,3346461727
iw,-86.2528381347656,-69.247802734375,66.9933869050412,-124.34744746903222,3346478394
iw,-85.1173019409179,-67.2991790771484,70.26768222311111,-112.93227693246148,3346495061
iw,-83.9593811035156,-65.6231842041015,74.30400100207682,-101.38646125214163,3346511728
iw,-82.6671981811523,-64.1382522583007,78.34280314023134,-90.18416843160317,3346528395
iw,-81.2839965820312,-62.6831474304199,81.71774295738388,-79.41219904463344,3346545062
iw,-79.8965682983398,-61.2584381103515,83.98260537715878,-68.84642484510643,3346561729
iw,-78.572265625,-59.9806251525878,84.94367206025598,-58.14796632560088,3346578396
iw,-77.3167190551757,-58.9991188049316,84.60474290672161,-47.09519680207877,3346595063
iw,-76.1005172729492,-58.3433265686035,83.06643979793012,-35.75420498452144,3346611730
iw,-74.8143844604492,-57.9086952209472,80.43552132922292,-24.52312677957492,3346628397
iw,-73.4848556518554,-57.6762084960937,76.78535045121406,-14.043143773442239,3346645064
iw,-72.1361236572265,-57.5900382995605,72.17223956797308,-5.01988388526331,3346661731
iw,-70.7284317016601,-57.549877166748,66.67387472487472,1.9767866261229394,3346678398
iw,-69.5059432983398,-57.669807434082,60.397484017295824,6.671597792146611,3346695065
iw,-68.7202377319336,-57.8574523925781,53.42030388761668,9.162661463451046,3346711732
iw,-68.2916488647461,-58.2017211914062,45.670306511007354,9.910071046463608,3346728399
iw,-67.9550704956054,-58.6465454101562,36.808236629810345,9.644665460121523,3346745066
iw,-67.6766891479492,-58.9141807556152,26.197942353032275,9.217674984946882,3346761733
iw,-67.4660720825195,-59.1143798828125,13.027148415715917,9.419761080837123,3346778400
iw,-67.2503128051757,-59.274356842041,-3.4271302581780065,10.808991524828732,3346795067
iw,-67.2261276245117,-59.6459808349609,-23.470629120572532,13.5951442101716,3346811734
iw,-67.6850204467773,-60.6353797912597,-46.72823653780076,17.61810525784275,3346828401
iw,-68.8182525634765,-61.8487930297851,-72.06015248347276,22.425906937181853,3346845068
iw,-70.646728515625,-62.8919029235839,-97.70699766349452,27.41900960086321,3346861735
iw,-72.8699264526367,-63.8158874511718,-121.62242638112667,32.00809803871324,3346878402
iw,-75.3592300415039,-64.7200317382812,-141.88164140709156,35.74318248999827,3346895069
iw,-77.929573059082,-65.7724533081054,-157.03717846676255,38.39612335844136,3346911736
iw,-80.5245666503906,-67.0207366943359,-166.33018180398633,39.9953361127437,3346928403
iw,-83.0435409545898,-68.2956848144531,-169.72932442193454,40.81533896495544,3346945070
iw,-85.4104614257812,-69.4666976928711,-167.82761526255516,41.32337583459199,3346961737
iw,-87.3247528076171,-70.686050415039,-161.65901483380046,42.08810970519623,3346978404
iw,-87.6870880126953,-71.9475021362304,-152.49830803713274,43.662012586917264,3346995071
iw,-86.0419082641601,-73.182373046875,-141.68676683856765,46.45630458219762,3347011738
iw,-84.0087432861328,-74.3813781738281,-130.49586288005733,50.63276230128623,3347028405
iw,-81.9892120361328,-75.5567550659179,-120.01663428207777,56.03959528613583,3347045072
iw,-80.0703735351562,-76.7659225463867,-111.05545567328134,62.215916458421155,3347061739
iw,-78.275161743164,-78.1163024902343,-104.03059099319097,68.47633557031544,3347078406
iw,-76.6554794311523,-79.6244201660156,-98.88893417342351,74.06378833832684,3347095073
iw,-75.1077575683593,-81.1546478271484,-95.08294979201432,78.33316853407413,3347111740
iw,-73.5730056762695,-82.6776657104492,-91.64914227600845,80.91296934918701,3347128407
iw,-72.0948410034179,-84.1519622802734,-87.40475529801877,81.7952483082723,3347145074
iw,-70.6940383911132,-85.5589981079101,-81.23579233588961,81.32495930207892,3347161741
iw,-69.3231582641601,-86.8913421630859,-72.40560663097924,80.08960106974111,3347178408
iw,-68.1376495361328,-88.1385955810546,-60.789845404543094,78.73916405943284,3347195075
iw,-67.1903991699218,-89.337661743164,-46.95338761159066,77.7869642534627,3347211742
iw,-66.8056182861328,-89.3638839721679,-32.02956081510108,77.44901227423742,3347228409
iw,-66.7834014892578,-88.0948486328125,-17.42941625805128,77.57001629125782,3347245076
iw,-66.9308929443359,-86.7592468261718,-4.472907139597925,77.65890219028849,3347261743
iw,-67.058120727539,-85.3394470214843,5.937407037320767,77.02248193919651,3347278410
iw,-67.3139495849609,-83.809326171875,13.50227374836032,74.95329591119909,3347295077
iw,-67.7685089111328,-82.327880859375,18.532779604751262,70.90804118815711,3347311744
iw,-68.2890243530273,-81.1252822875976,21.80133447965764,64.61570272136288,3347328411
iw,-68.5600051879882,-80.2741317749023,24.297921679381698,56.08283821989263,3347345078
iw,-68.9161071777343,-79.6923522949218,26.966950090527366,45.508453425070975,3347361745
iw,-69.2425460815429,-79.2596282958984,30.49709999080744,33.16064579247782,3347378412
iw,-69.9546279907226,-78.9882278442382,35.21693768959609,19.279236906808272,3347395079
iw,-71.1823577880859,-78.9124069213867,41.10972203408395,4.046855107782441,3347411746
iw,-72.5718231201171,-78.9975128173828,47.91147215031656,-12.37007183749544,3347428413
iw,-73.4236297607421,-79.2867813110351,55.225078518629104,-29.745764493283115,3347445080
iw,-74.2280960083007,-80.0293579101562,62.59568324262961,-47.73503765441513,3347461747
iw,-75.5669021606445,-81.3249740600586,69.53965997354308,-65.8657520363856,3347478414
iw,-77.1000671386718,-82.8109512329101,75.55904698190288,-83.58824275472651,3347495081
iw,-78.6250915527343,-84.4786300659179,80.17572998185136,-100.35385681377149,3347511748
iw,-80.0284347534179,-86.135383605957,82.99748993015568,-115.68166815964629,3347528415
iw,-81.5459747314453,-86.6580123901367,83.80779527245336,-129.1830201397637,3347545082
iw,-83.2047424316406,-85.2224197387695,82.65820482548996,-140.53809417615997,3347561749
iw,-84.8438339233398,-83.0380706787109,79.92913575153304,-149.4449839736811,3347578416
iw,-86.4053344726562,-80.7917556762695,76.31751979959313,-155.579260720542,3347595083
iw,-87.9011917114257,-78.5648422241211,72.72501271855404,-158.600958637911,3347611750
iw,-89.1030044555664,-76.2619400024414,70.06079723837931,-158.22320435593718,3347628417
iw,-89.1436233520507,-73.9511032104492,69.01816530160637,-154.32268921520648,3347645084
iw,-87.9539718627929,-71.6098251342773,69.90521026594679,-147.0453567269536,3347661751
iw,-86.5027999877929,-69.2388687133789,72.5915073663857,-136.8548333699783,3347678418
iw,-85.0425567626953,-66.9634475708007,76.58317661256201,-124.48839932952708,3347695085
iw,-83.6351165771484,-64.8888702392578,81.1861129639117,-110.81923689087088,3347711752
iw,-82.2009963989257,-63.2133598327636,85.68959031279765,-96.66401131199005,3347728419
iw,-80.7493362426757,-61.85400390625,89.50863790833073,-82.60702143685427,3347745086
iw,-79.2786712646484,-60.6570510864257,92.25153356088414,-68.9178782010526,3347761753
iw,-77.7943878173828,-59.505516052246,93.71107221595673,-55.6065771632704,3347778420
iw,-76.3168869018554,-58.4087448120117,93.80388482596157,-42.59604593864208,3347795087
iw,-74.8588485717773,-57.6505317687988,92.49568104436916,-29.929701094997753,3347811754
iw,-73.4452362060546,-57.2784538269043,89.74904433932392,-17.908876658122903,3347828421
iw,-72.0341873168945,-57.3341445922851,85.51459932830996,-7.089597024418685,3347845088
iw,-70.5336303710937,-57.4243736267089,79.76087023721969,1.8596047959328643,3347861755
iw,-69.0231399536132,-57.5674781799316,72.5126625547182,8.371786303040414,3347878422
iw,-67.8150100708007,-57.8046569824218,63.85614341791088,12.17866879570628,3347895089
iw,-67.0673294067382,-58.1674346923828,53.88370004789846,13.425390423019696,3347911756
iw,-66.6608047485351,-58.746971130371,42.59263608427608,12.67828261563084,3347928423
iw,-66.4283676147461,-59.2912330627441,29.796494691704762,10.830143105553145,3347945090
iw,-66.2736206054687,-59.4533958435058,15.12284233429652,8.922528252990594,3347961757
iw,-66.1376953125,-59.579303741455,-1.861412232871924,7.920940330719748,3347978424
iw,-66.1614608764648,-59.71577835083,-21.422382864162756,8.49998671077641,3347995091
iw,-66.5876922607421,-60.0487556457519,-43.416237115182334,10.903846761705408,3348011758
iw,-67.5774612426757,-61.0022239685058,-67.13855751429871,14.926496199024141,3348028425
iw,-69.0964202880859,-62.1576919555664,-91.34087336881409,20.01212983159546,3348045092
iw,-71.1026153564453,-63.0804443359375,-114.42088022314587,25.432545239528817,3348061759
iw,-73.4535369873046,-63.9325790405273,-134.72459976789932,30.478512493751275,3348078426
iw,-75.9943466186523,-64.8997192382812,-150.8616794975043,34.61400605798766,3348095093
iw,-78.5662765502929,-65.9389877319336,-161.94088058018056,37.57113347934014,3348111760
iw,-81.0890579223632,-67.2057418823242,-167.67253901813058,39.386516187959096,3348128427
iw,-83.5101318359375,-68.463752746582,-168.33672960767367,40.386039498272375,3348145094
iw,-85.6273193359375,-69.615364074707,-164.6570186397179,41.121148122360566,3348161761
iw,-87.0413055419921,-70.8120880126953,-157.63609903501117,42.25902822932016,3348178428
iw,-86.7443695068359,-72.0559158325195,-148.40068323146085,44.437241473331376,3348195095
iw,-85.1220321655273,-73.2894210815429,-138.07840196366323,48.10690956024624,3348211762
iw,-83.1499481201171,-74.5196380615234,-127.70301832053255,53.39963993659384,3348228429
iw,-81.1504745483398,-75.7499160766601,-118.12912302573962,60.05645583746607,3348245096
iw,-79.2634811401367,-77.0499114990234,-109.94083052096488,67.44873037943982,3348261763
iw,-77.542236328125,-78.5253067016601,-103.35851507886282,74.699773084583,3348278430
iw,-75.9737243652343,-80.129638671875,-98.17244096251436,80.88459229801023,3348295097
iw,-74.4981231689453,-81.809326171875,-93.74736582130738,85.25532881025995,3348311764
iw,-73.0874252319336,-83.4518051147461,-89.13512142215802,87.42507067799693,3348328431
iw,-71.6932373046875,-85.0298080444336,-83.2993558988165,87.45211111204533,3348345098
iw,-70.2673416137695,-86.5047531127929,-75.40813327531326,85.79803833380291,3348361765
iw,-68.9160995483398,-87.8790206909179,-65.10713950284155,83.1741728888922,3348378432
iw,-67.9400405883789,-89.2989120483398,-52.67291396957585,80.3259980978124,3348395099
iw,-67.4607925415039,-90.0,-38.976705178015756,77.82203008358242,3348411766
iw,-67.3719863891601,-88.5102310180664,-25.258459195526427,75.90748981634154,3348428433
iw,-67.320198059082,-87.1374130249023,-12.785803040562831,74.45826473699576,3348445100
iw,-67.4883346557617,-85.8184967041015,-2.5154483002841217,73.03737779228419,3348461767
iw,-67.5743789672851,-84.4748001098632,5.135826463282852,71.02626292647605,3348478434
iw,-67.9144058227539,-83.1400451660156,10.354185098935115,67.78485886213461,3348495101
iw,-68.4054260253906,-81.9091720581054,13.828719131928416,62.79131665705912,3348511768
iw,-68.7637023925781,-80.9337310791015,16.534020308927264,55.7240253730562,3348528435
iw,-68.9407043457031,-80.2224960327148,19.462161644162958,46.47263314169658,3348545102
iw,-69.1983337402343,-79.7249984741211,23.377821611609917,35.09279626454517,3348561769
iw,-69.6608657836914,-79.4478988647461,28.662938687388117,21.739507354287827,3348578436
iw,-70.513801574707,-79.4027404785156,35.287752805674685,6.616447802588718,3348595103
iw,-71.8004989624023,-79.5327377319336,42.89644474316821,-10.036592373631203,3348611770
iw,-72.9533004760742,-79.8673324584961,50.95174492359411,-27.9207679158186,3348628437
iw,-73.7303085327148,-80.5697937011718,58.87202696958058,-46.64306908727806,3348645104
iw,-74.9081573486328,-81.77978515625,66.12122469337437,-65.69845497682212,3348661771
iw,-76.3878631591796,-83.2614593505859,72.2503147651991,-84.48688826637016,3348678438
iw,-77.7550964355468,-84.977424621582,76.91027558940111,-102.3617028715829,3348695105
iw,-79.1580657958984,-86.5053176879882,79.8590407223022,-118.68908557375143,3348711772
iw,-80.6030883789062,-86.637222290039,80.98290512113297,-132.89535399473112,3348728439
iw,-82.1914901733398,-84.9229431152343,80.34432406699307,-144.488790895575,3348745106
iw,-83.8385314941406,-82.6154174804687,78.24279800228787,-153.05982163898418,3348761773
iw,-85.4184951782226,-80.2257766723632,75.24492369693249,-158.27825418733343,3348778440
iw,-86.9666900634765,-77.8490447998046,72.13350163537255,-159.9097892572234,3348795107
iw,-88.3032684326171,-75.4503021240234,69.75874388345254,-157.86228787473087,3348811774
iw,-89.0842208862304,-73.1019744873046,68.82974266582114,-152.251215339977,3348828441
iw,-88.6066131591796,-70.761474609375,69.72563139500551,-143.45481634746474,3348845108
iw,-87.3465728759765,-68.3784637451171,72.40509752416641,-132.12260813231646,3348861775
iw,-85.8968276977539,-66.0830764770507,76.44819831003382,-119.1101227527704,3348878442
iw,-84.4755096435546,-64.1116485595703,81.2022980053577,-105.33842269547095,3348895109
iw,-83.0451507568359,-62.5514259338378,85.96172208387328,-91.61301419200595,3348911776
iw,-81.6013412475586,-61.2610473632812,90.10971853465223,-78.4678511871766,3348928443
iw,-80.186767578125,-60.0317573547363,93.18424528586142,-66.1037610527752,3348945110
iw,-78.7447814941406,-58.7683563232421,94.87175279180445,-54.45415737365054,3348961777
iw,-77.2615127563476,-57.7896308898925,94.96358005983979,-43.348650943611545,3348978444
iw,-75.7645950317382,-57.1288681030273,93.31746382993899,-32.69464541399823,3348995111
iw,-74.2718811035156,-56.7140083312988,89.85294206850398,-22.591227972138828,3349011778
iw,-72.8086853027343,-56.589672088623,84.58294863328773,-13.330458427776627,3349028445
iw,-71.3318710327148,-56.5456428527832,77.65661439282823,-5.299807063205071,3349045112
iw,-69.8826065063476,-56.5083541870117,69.37141877629954,1.159211270499703,3349061779
iw,-68.7342224121093,-56.5925903320312,60.11564840590501,5.875671480623308,3349078446
iw,-68.0413513183593,-56.8847885131835,50.230092920160466,8.919869780258272,3349095113
iw,-67.6959075927734,-57.42036819458,39.82571897717856,10.61066031720889,3349111780
iw,-67.5269012451171,-57.8841743469238,28.63930264430497,11.464534948060244,3349128447
iw,-67.4492950439453,-58.1349220275878,16.02028350351452,12.095670307691003,3349145114
iw,-67.3533248901367,-58.4548568725585,1.1015756086410053,13.084636651934435,3349161781
iw,-67.224868774414,-58.7952041625976,-16.87293360385905,14.847841926349945,3349178448
iw,-67.3667984008789,-59.5577812194824,-38.17295741023746,17.546061275857312,3349195115
iw,-68.1177825927734,-60.6001625061035,-62.30665180158423,21.0588777264489,3349211782
iw,-69.6206817626953,-61.4369163513183,-87.96563323025056,25.0296451923812,3349228449
iw,-71.7104263305664,-62.3153495788574,-113.22367416771516,28.967020395962525,3349245116
iw,-74.1462097167968,-63.2890853881835,-135.92162212100533,32.379745581921696,3349261783
iw,-76.7445068359375,-64.4110260009765,-154.10700493199877,34.9158583189098,3349278450
iw,-79.3564300537109,-65.6400070190429,-166.3955747380863,36.47258591212221,3349295117
iw,-81.8708267211914,-66.8896789550781,-172.17197624526113,37.2451132995399,3349311784
iw,-84.2347640991211,-68.0752258300781,-171.61391306419517,37.69713456193721,3349328451
iw,-86.2538375854492,-69.2907943725586,-165.57712759329664,38.458831711005224,3349345118
iw,-87.2551956176757,-70.5475692749023,-155.40199711442958,40.17743278344081,3349361785
iw,-86.3517608642578,-71.7934188842773,-142.6975947641697,43.35488147140262,3349378452
iw,-84.5955352783203,-73.0138931274414,-129.1364170605981,48.20818598562199,3349395119
iw,-82.6900024414062,-74.2370300292968,-116.2672263018582,54.58574984872999,3349411786
iw,-80.8172302246093,-75.4835052490234,-105.33867446173153,61.967165428392285,3349428453
iw,-79.1521682739257,-76.871597290039,-97.13118539764486,69.55877196604871,3349445120
iw,-77.7604446411132,-78.4369888305664,-91.81728683368904,76.47074042866856,3349461787
iw,-76.4729614257812,-80.0905532836914,-88.8972983292324,81.93180910546666,3349478454
iw,-75.1290664672851,-81.755142211914,-87.26594637900146,85.47921280189455,3349495121
iw,-73.6996917724609,-83.3514938354492,-85.43892087521823,87.06427642210573,3349511788
iw,-72.2204055786132,-84.8975448608398,-81.91041231752406,87.03900469967763,3349528455
iw,-70.767463684082,-86.3448410034179,-75.55078200287781,86.02646921940409,3349545122
iw,-69.5885772705078,-87.6777114868164,-65.92196511468829,84.7143310327618,3349561789
iw,-68.7041320800781,-89.0746536254882,-53.40583092729731,83.6347682759737,3349578456
iw,-68.1385421752929,-90.0,-39.10087098570237,82.99824424741381,3349595123
iw,-67.9678726196289,-88.4124298095703,-24.519460331681408,82.6310143404584,3349611790
iw,-68.16455078125,-86.8944854736328,-11.181778913195172,82.03191603670808,3349628457
iw,-68.2281036376953,-85.3548049926757,-0.2312099872527595,80.52452325611776,3349645124
iw,-68.4150695800781,-83.7782440185546,7.819610781556674,77.45010561280056,3349661791
iw,-68.8454513549804,-82.3323593139648,13.154155475175004,72.33549963413603,3349678458
iw,-69.3144302368164,-81.1802291870117,16.53208415072311,64.98238892728689,3349695125
iw,-69.5989532470703,-80.3204574584961,19.034893632902488,55.45738593552583,3349711792
iw,-69.7928314208984,-79.6855392456054,21.756254726248113,44.00311196216932,3349728459
iw,-70.0822219848632,-79.252082824707,25.527350436005847,30.92056031748928,3349745126
iw,-70.7027435302734,-79.0347442626953,30.754901549926448,16.47834246726464,3349761793
iw,-71.4943542480468,-79.0560302734375,37.406652418002864,0.88445977674602,3349778460
iw,-72.6177139282226,-79.2163162231445,45.12013419788996,-15.677331046015112,3349795127
iw,-73.7556228637695,-79.5617599487304,53.366634433312974,-32.97609354857921,3349811794
iw,-74.6721801757812,-80.3055419921875,61.595626258649965,-50.672923543020495,3349828461
iw,-75.9723205566406,-81.6038208007812,69.31299014176764,-68.30907960938713,3349845128
iw,-77.329963684082,-83.2295532226562,76.08960349455936,-85.35282688349965,3349861795
iw,-78.6987533569336,-85.0214614868164,81.53439559617334,-101.28149152420674,3349878462
iw,-80.1938400268554,-86.8742599487304,85.28359878994087,-115.65759385953713,3349895129
iw,-81.8061981201171,-87.4815292358398,87.04716097764327,-128.16412480805658,3349911796
iw,-83.4888305664062,-85.7683944702148,86.7143164054787,-138.58645111017566,3349928463
iw,-85.1309585571289,-83.4158172607421,84.47182473341749,-146.75482663791558,3349945130
iw,-86.709487915039,-81.0654525756836,80.86267027604733,-152.48205557437143,3349961797
iw,-88.3448333740234,-78.7506713867187,76.7305228648759,-155.53594090917983,3349978464
iw,-90.0,-76.3254623413086,73.04706920547927,-155.67015105577488,3349995131
iw,-89.0706481933593,-73.826789855957,70.67587430426165,-152.7063560791306,3350011798
iw,-87.62109375,-71.3190841674804,70.15832052057665,-146.63158315286765,3350028465
iw,-86.1851501464843,-68.8274688720703,71.5993445274752,-137.66333310560967,3350045132
iw,-84.8045043945312,-66.4340591430664,74.68747659101697,-126.2466830326716,3350061799
iw,-83.4004364013671,-64.2751312255859,78.82700762890659,-112.97712205600807,3350078466
iw,-81.9244079589843,-62.4875030517578,83.31828739885063,-98.47782615128577,3350095133
iw,-80.3967742919921,-61.0425949096679,87.5131473013004,-83.28503567149026,3350111800
iw,-78.9458236694336,-59.7845916748046,90.89572400378836,-67.79614518991905,3350128467
iw,-77.5592651367187,-58.5775413513183,93.08054084724749,-52.306372320948284,3350145134
iw,-76.1495742797851,-57.6137046813964,93.76008445604057,-37.11189039111461,3350161801
iw,-74.6974792480468,-57.0541343688964,92.65453823203238,-22.61673743134038,3350178468
iw,-73.2075424194336,-56.8396949768066,89.50691656721841,-9.37508690142945,3350195135
iw,-71.6850662231445,-56.8985977172851,84.13312791268466,1.9648381464911862,3350211802
iw,-70.1330642700195,-56.8686141967773,76.49672748567616,10.797361941364409,3350228469
iw,-68.7671661376953,-57.0046234130859,66.7534389499506,16.72388842289493,3350245136
iw,-67.7980651855468,-57.3570938110351,55.21603131154078,19.69027918644374,3350261803
iw,-67.2544631958007,-57.9459648132324,42.228262537181486,20.05895601514153,3350278470
iw,-67.0985870361328,-58.6494483947753,27.99210274756721,18.592744216278508,3350295137
iw,-67.2013168334961,-59.1435317993164,12.435437020984402,16.337685467527503,3350311804
iw,-67.4320678710937,-59.2837486267089,-4.791131836914401,14.412649127513063,3350328471
iw,-67.6219711303711,-59.493408203125,-24.149250428624146,13.750754799882442,3350345138
iw,-67.8818283081054,-59.7195205688476,-45.92183258972448,14.87123384309352,3350361805
iw,-68.6523132324218,-60.4896736145019,-69.91093635572943,17.762129697873483,3350378472
iw,-70.0986251831054,-61.489891052246,-95.26032393445797,21.91729758747032,3350395139
iw,-72.2401809692382,-62.4531860351562,-120.49056957894508,26.515047734204185,3350411806
iw,-74.8797454833984,-63.3512077331543,-143.7415538635367,30.67837756559439,3350428473
iw,-77.6789169311523,-64.4027252197265,-163.13139249808395,33.736150238999734,3350445140
iw,-80.4415512084961,-65.5583953857421,-177.1074002984214,35.41235672716836,3350461807
iw,-83.0634765625,-66.7578506469726,-184.69273607337857,35.89708293924413,3350478474
iw,-85.422004699707,-67.9618072509765,-185.59454967572523,35.787199440454465,3350495141
iw,-86.9330596923828,-69.0842056274414,-180.19541987831906,35.91909684287288,3350511808
iw,-86.4392166137695,-70.2058868408203,-169.473259217158,37.14258767684936,3350528475
iw,-84.4726333618164,-71.365249633789,-154.88461144974298,40.09734976361881,3350545142
iw,-82.2829895019531,-72.5404586791992,-138.21937527022115,45.048015489479596,3350561809
iw,-80.1749725341796,-73.7446365356445,-121.4126829648914,51.814986507535295,3350578476
iw,-78.3061141967773,-75.0238494873046,-106.29800130554315,59.813053145331665,3350595143
iw,-76.7255554199218,-76.4306335449218,-94.31031793348686,68.18489796139522,3350611810
iw,-75.4486770629882,-77.9645156860351,-86.19123957961547,75.99465836348594,3350628477
iw,-74.2516708374023,-79.5760955810546,-81.78648352543763,82.43201129125116,3350645144
iw,-72.9931564331054,-81.2237243652343,-80.03242347426325,86.97505849869104,3350661811
iw,-71.5891571044921,-82.8103485107421,-79.18496392860537,89.47241469333802,3350678478
iw,-70.0944366455078,-84.3184509277343,-77.26050315574507,90.12743276947728,3350695145
iw,-68.6465454101562,-85.7261657714843,-72.57110261420937,89.39369659238054,3350711812
iw,-67.4756546020507,-87.0238952636718,-64.18759540764054,87.81417590815525,3350728479
iw,-66.438735961914,-88.1530532836914,-52.18067091785402,85.8512729986311,3350745146
iw,-65.9561157226562,-88.7094192504882,-37.56519082353555,83.75735208369686,3350761813
iw,-66.0168304443359,-88.0764465332031,-21.97618056086104,81.52326622813327,3350778480
iw,-66.1693115234375,-86.8914031982421,-7.195412352596098,78.91737974993035,3350795147
iw,-66.303237915039,-85.570571899414,5.31146896772243,75.59629898802008,3350811814
iw,-66.5386276245117,-84.2236557006836,14.712416359400217,71.24217810311686,3350828481
iw,-67.0033493041992,-82.9854660034179,20.918756813298742,65.67141277268234,3350845148
iw,-67.5640335083007,-81.9667205810546,24.501032562230037,58.87165395421389,3350861815
iw,-67.9683456420898,-81.1509628295898,26.470792862735152,50.955053248920656,3350878482
iw,-68.3503341674804,-80.5595245361328,28.0024350310673,42.05299390507263,3350895149
iw,-68.8601837158203,-80.1669692993164,30.165190749422077,32.20460863210961,3350911816
iw,-69.511245727539,-79.8857269287109,33.72013445018913,21.29556991205456,3350928483
iw,-70.3837890625,-79.7534713745117,39.01131980323068,9.082572293453037,3350945150
iw,-71.4206085205078,-79.6973342895507,45.95065679181995,-4.698959932222413,3350961817
iw,-72.2828063964843,-79.7730178833007,54.07662209223183,-20.185348230222925,3350978484
iw,-73.2651290893554,-80.2338638305664,62.66437068976734,-37.25700769379921,3350995151
iw,-74.7221069335937,-81.2659912109375,70.86977952329693,-55.489237668871745,3351011818
iw,-76.3705749511718,-82.6358489990234,77.88716017055323,-74.20222029100155,3351028485
iw,-77.9756240844726,-84.2352676391601,83.09088171641065,-92.5848075959393,3351045152
iw,-79.4100646972656,-85.977912902832,86.13248928039054,-109.83612219759702,3351061819
iw,-80.8998565673828,-86.910415649414,86.98388357543263,-125.26876183341896,3351078486
iw,-82.6041564941406,-85.7106552124023,85.93595971564991,-138.34316731491836,3351095153
iw,-84.3103866577148,-83.4775466918945,83.5613972195165,-148.63979892367297,3351111820
iw,-85.9181289672851,-81.1625366210937,80.63595034103125,-155.8074629781397,3351128487
iw,-87.5165939331054,-78.9142227172851,78.00921956755829,-159.5366232533539,3351145154
iw,-89.0793151855468,-76.6366424560546,76.43652281800391,-159.5887712398732,3351161821
iw,-90.0,-74.3695068359375,76.41399254656075,-155.87722377025608,3351178488
iw,-88.0511703491211,-72.0197219848632,78.07305439763284,-148.56245318282976,3351195155
iw,-86.3287506103515,-69.5543060302734,81.17394615152875,-138.1118299081088,3351211822
iw,-84.7286834716796,-67.1383895874023,85.19914538047666,-125.28217403582967,3351228489
iw,-83.1960906982421,-64.9959945678711,89.50909951131399,-111.01010859378735,3351245156
iw,-81.6151275634765,-63.240005493164,93.50431174580885,-96.23377729169466,3351261823
iw,-79.9524002075195,-61.8293266296386,96.74356729973294,-81.7064237179582,3351278490
iw,-78.2799377441406,-60.6040649414062,98.9885319518673,-67.87666926102449,3351295157
iw,-76.6269073486328,-59.4307594299316,100.1701262540568,-54.88781548547109,3351311824
iw,-75.0357894897461,-58.4153442382812,100.29698406399648,-42.69604654185877,3351328491
iw,-73.5166473388671,-57.607250213623,99.3462703154708,-31.251428922324713,3351345158
iw,-72.0188446044921,-57.0215225219726,97.18448928865111,-20.65542247438782,3351361825
iw,-70.4646682739257,-56.7572402954101,93.5540048549443,-11.219345081601206,3351378492
iw,-68.7900619506836,-56.6990890502929,88.13063730350181,-3.3942865500690966,3351395159
iw,-67.1714477539062,-56.8965148925781,80.62074992125564,2.3976909371685604,3351411826
iw,-65.8527374267578,-57.0768356323242,70.84306745269659,5.957168031202899,3351428493
iw,-64.9397506713867,-57.2703781127929,58.748886317868426,7.4446870227029365,3351445160
iw,-64.4414291381836,-57.5598831176757,44.374397571004295,7.410767539647702,3351461827
iw,-64.22802734375,-58.0217742919921,27.767425586042673,6.712273407042236,3351478494
iw,-64.1770477294921,-58.3596420288085,8.955159990458128,6.341560312524131,3351495161
iw,-64.2941131591796,-58.5520439147949,-11.9997799628347,7.209630843921087,3351511828
iw,-64.587417602539,-58.8190612792968,-34.8617653668406,9.93293018130253,3351528495
iw,-65.2328414916992,-59.5098266601562,-59.067690875820624,14.679529903208326,3351545162
iw,-66.423469543457,-60.376407623291,-83.64683785351005,21.122786118834078,3351561829
iw,-68.2669677734375,-61.4510078430175,-107.2832557689803,28.521872287011508,3351578496
iw,-70.680435180664,-62.5475959777832,-128.52523487056337,35.90937360802205,3351595163
iw,-73.3478927612304,-63.5839729309082,-146.07533918815946,42.33409550863403,3351611830
iw,-76.0524597167968,-64.7770614624023,-159.05510283404482,47.09352921126126,3351628497
iw,-78.6537017822265,-66.2671966552734,-167.15202505656825,49.896716329271705,3351645164
iw,-81.2080001831054,-67.6711196899414,-170.6122902866456,50.91925800723953,3351661831
iw,-83.6934509277343,-68.9253234863281,-170.1069073486675,50.740745763296026,3351678498
iw,-86.0233993530273,-70.207778930664,-166.53894259171946,50.18542513974118,3351695165
iw,-88.0331802368164,-71.5216979980468,-160.86219661653524,50.11218303565763,3351711832
iw,-87.4883804321289,-72.8421325683593,-153.95444967403802,51.21034829566495,3351728499
iw,-85.2915267944336,-74.1869506835937,-146.54955981462444,53.84988301743089,3351745166
iw,-82.9645538330078,-75.5612640380859,-139.2031860547686,58.01504297495764,3351761833
iw,-80.7397842407226,-76.9499206542968,-132.26180300683734,63.32876868967212,3351778500
iw,-78.6502532958984,-78.3953247070312,-125.82349174718762,69.15591246455655,3351795167
iw,-76.6865463256836,-79.9413604736328,-119.7058333411382,74.75835891895585,3351811834
iw,-74.7776489257812,-81.5098342895507,-113.45231551275381,79.4649906990843,3351828501
iw,-72.9041137695312,-83.0527954101562,-106.4042184746053,82.81602272742295,3351845168
iw,-71.1836624145507,-84.5768966674804,-97.84251721303832,84.64677366524614,3351861835
iw,-69.6496658325195,-86.0894393920898,-87.17563156985403,85.09077530484255,3351878502
iw,-68.2961044311523,-87.5389938354492,-74.12725152981632,84.50278531148173,3351895169
iw,-67.1959457397461,-88.9376220703125,-58.87134075333537,83.32332945937506,3351911836
iw,-66.3252639770507,-90.0,-42.069155761958996,81.92296784082346,3351928503
iw,-65.9468612670898,-88.6271286010742,-24.784027535341792,80.47223974559216,3351945170
iw,-65.7978515625,-87.3071746826171,-8.281927010441892,78.87809963549583,3351961837
iw,-66.125129699707,-85.9632797241211,6.237002156607441,76.80795539514068,3351978504
iw,-66.5774917602539,-84.5238189697265,17.902728698858873,73.79212987257242,3351995171
iw,-67.1889419555664,-83.0787582397461,26.358241399869037,69.36505260977027,3352011838
iw,-67.9336242675781,-81.8276443481445,31.808589343342298,63.18868769428802,3352028505
iw,-68.639045715332,-80.8840942382812,34.92743452559894,55.10981116970521,3352045172
iw,-69.111701965332,-80.2604217529296,36.658555701150085,45.13577661631627,3352061839
iw,-69.6266326904296,-79.8882369995117,37.98160438174319,33.35578318228571,3352078506
iw,-70.4474639892578,-79.6763153076171,39.71596665366877,19.86228891076721,3352095173
iw,-71.4703598022461,-79.582893371582,42.40897169669483,4.723370409949388,3352111840
iw,-72.6467666625976,-79.6705780029296,46.30872085705323,-11.975943849994335,3352128507
iw,-73.7171783447265,-79.9927978515625,51.38760690739109,-30.047054871787065,3352145174
iw,-74.3928985595703,-80.7081909179687,57.38188595884181,-49.11595354183394,3352161841
iw,-75.5538635253906,-82.0124435424804,63.836994337215295,-68.59325345568092,3352178508
iw,-77.0465240478515,-83.5424728393554,70.16828716414297,-87.71471072061975,3352195175
iw,-78.5016403198242,-85.292724609375,75.74447943131311,-105.6355773999645,3352211842
iw,-79.9872589111328,-86.6393203735351,79.98693934290736,-121.54085368445816,3352228509
iw,-81.4426727294921,-86.3372421264648,82.47141389114725,-134.73502790791622,3352245176
iw,-82.9593963623046,-84.3897857666015,83.01992522912144,-144.69338569596093,3352261843
iw,-84.5696029663086,-82.0235137939453,81.76646671362342,-151.08000731092855,3352278510
iw,-86.1828994750976,-79.6881332397461,79.17024159114274,-153.75314625722518,3352295177
iw,-87.7972640991211,-77.4125900268554,75.950194786505,-152.77832145217786,3352311844
iw,-89.2156600952148,-75.1429367065429,72.93662333818891,-148.45256701321415,3352328511
iw,-89.1188507080078,-72.9036178588867,70.87316380157603,-141.32001205743492,3352345178
iw,-87.8681564331054,-70.6927490234375,70.2334535095315,-132.1450782108453,3352361845
iw,-86.5299987792968,-68.5381393432617,71.11950268224007,-121.81634241128539,3352378512
iw,-85.2407073974609,-66.5926284790039,73.27760371995538,-111.18214391292342,3352395179
iw,-83.9536056518554,-64.8964614868164,76.21794499793339,-100.85836733235001,3352411846
iw,-82.5841903686523,-63.4187507629394,79.38261288526621,-91.0808308240915,3352428513
iw,-81.1802520751953,-61.9948348999023,82.29323048873107,-81.67687524389893,3352445180
iw,-79.7889328002929,-60.538890838623,84.62690654003946,-72.19034008236709,3352461847
iw,-78.4658203125,-59.1880836486816,86.20622409311723,-62.123934902259826,3352478514
iw,-77.1962661743164,-58.201374053955,86.92850834548071,-51.201266782167295,3352495181
iw,-75.8955154418945,-57.5497398376464,86.68458690573007,-39.53686090673079,3352511848
iw,-74.4800109863281,-57.1642417907714,85.31614628455758,-27.64642515621933,3352528515
iw,-72.9661026000976,-57.0944709777832,82.63327581320821,-16.304077686042177,3352545182
iw,-71.4256973266601,-57.0650253295898,78.47363192675418,-6.315815448178498,3352561849
iw,-69.9875030517578,-57.0250740051269,72.75466401495966,1.7000922945404322,3352578516
iw,-68.8568878173828,-57.0801773071289,65.47003586698366,7.457961921835008,3352595183
iw,-68.1044616699218,-57.3451614379882,56.614653986536624,11.052807033472783,3352611850
iw,-67.6222534179687,-57.8876762390136,46.07328028249642,12.926205361498301,3352628517
iw,-67.2926330566406,-58.4211349487304,33.54579602933118,13.772747890942691,3352645184
iw,-67.065673828125,-58.8077659606933,18.581176687459813,14.400926757347715,3352661851
iw,-66.8841247558593,-59.1348304748535,0.7462014657672698,15.56238641091337,3352678518
iw,-66.8036880493164,-59.4925384521484,-20.11572972789211,17.781834490010933,3352695185
iw,-67.168098449707,-60.3573303222656,-43.639014179825544,21.237090840981264,3352711852
iw,-68.1792831420898,-61.4509124755859,-68.81978125040304,25.730645190427733,3352728519
iw,-69.8386611938476,-62.5167770385742,-94.10059415074237,30.76125372028771,3352745186
iw,-72.0297241210937,-63.5977973937988,-117.64377282018847,35.66991242286545,3352761853
iw,-74.5230102539062,-64.5568084716796,-137.7020681168405,39.81804130336215,3352778520
iw,-77.0958862304687,-65.7363815307617,-152.9604128319146,42.755868288121796,3352795187
iw,-79.5806884765625,-67.1317062377929,-162.74502005457708,44.34521379676101,3352811854
iw,-81.9594650268554,-68.4841613769531,-167.05861806646456,44.80837055087685,3352828521
iw,-84.2570037841796,-69.7238388061523,-166.46834301938165,44.68676841336683,3352845188
iw,-86.2543563842773,-70.9694671630859,-161.91470131380618,44.71328852745242,3352861855
iw,-87.3464965820312,-72.2282638549804,-154.51416065820084,45.62674901667741,3352878522
iw,-86.5088500976562,-73.4703292846679,-145.40282893046546,47.97570028510312,3352895189
iw,-84.6659774780273,-74.6707763671875,-135.6325413192837,51.96346413588209,3352911856
iw,-82.601692199707,-75.8920974731445,-126.10083835936507,57.37759760020826,3352928523
iw,-80.5844268798828,-77.1976699829101,-117.4850614401733,63.62762515624924,3352945190
iw,-78.7426986694336,-78.6335144042968,-110.16284623831464,69.88673931210676,3352961857
iw,-77.0784683227539,-80.1325073242187,-104.13044890657439,75.30141009711434,3352978524
iw,-75.5597457885742,-81.6576461791992,-98.9597973510922,79.20895946715801,3352995191
iw,-74.112678527832,-83.1464004516601,-93.84498492070871,81.29849637336923,3353011858
iw,-72.6507949829101,-84.6148223876953,-87.7676767286518,81.66788584460681,3353028525
iw,-71.1655807495117,-86.0063934326171,-79.76393398474498,80.76163163936963,3353045192
iw,-69.7988357543945,-87.29296875,-69.22318853871515,79.21047708841573,3353061859
iw,-68.6431274414062,-88.5631942749023,-56.11986605679205,77.62277796517418,3353078526
iw,-67.8718185424804,-90.0,-41.087904949889605,76.39195308188472,3353095193
iw,-67.6084060668945,-89.3973693847656,-25.29854970941613,75.57815719452326,3353111860
iw,-67.6676788330078,-87.8867874145507,-10.172833310351677,74.8964947976589,3353128527
iw,-67.9728012084961,-86.4943542480468,2.979211362801338,73.80761295145987,3353145194
iw,-68.2798767089843,-85.0846633911132,13.277799616960944,71.67310354016647,3353161861
iw,-68.8445205688476,-83.7135391235351,20.458821093941257,67.9195955899731,3353178528
iw,-69.4571914672851,-82.5383911132812,24.88486742773008,62.15756720635737,3353195195
iw,-69.8893890380859,-81.648681640625,27.397072649806837,54.22294602755579,3353211862
iw,-70.2248306274414,-81.0139083862304,29.06609102249796,44.14361706782626,3353228529
iw,-70.6778259277343,-80.6146469116211,30.923336827594273,32.064642827757964,3353245196
iw,-71.4205169677734,-80.3761825561523,33.749406973424804,18.17983972558587,3353261863
iw,-72.2844924926757,-80.2841262817382,37.96417742277782,2.7058856104278,3353278530
iw,-73.2417373657226,-80.3851013183593,43.618223386520185,-14.095198324391207,3353295197
iw,-74.172866821289,-80.7664108276367,50.45355211752476,-31.870794506815226,3353311864
iw,-75.2571029663086,-81.6312103271484,57.99489798804594,-50.148943043146524,3353328531
iw,-76.6089935302734,-83.0088577270507,65.64170073245752,-68.35333481261411,3353345198
iw,-77.8661193847656,-84.5858612060546,72.74401484101368,-85.86072165589475,3353361865
iw,-79.1668624877929,-86.3006439208984,78.66296182195835,-102.07475778683316,3353378532
iw,-80.5775070190429,-87.6091079711914,82.83570355279842,-116.48495069330419,3353395199
iw,-82.1213455200195,-86.7937469482421,84.86893444303168,-128.69217009305132,3353411866
iw,-83.7876052856445,-84.4805450439453,84.65890737890983,-138.4007732500389,3353428533
iw,-85.4424591064453,-82.0118560791015,82.49375193393982,-145.39232913356008,3353445200
iw,-87.0453491210937,-79.6552200317382,79.07091424589578,-149.50374325157333,3353461867
iw,-88.5998916625976,-77.3881378173828,75.38384307093135,-150.63049625177192,3353478534
iw,-90.0,-75.1007461547851,72.49018629103286,-148.76175048755823,3353495201
iw,-89.0049514770507,-72.7953643798828,71.23516782666803,-144.03288713751212,3353511868
iw,-87.5409088134765,-70.4496841430664,72.03174975889893,-136.7638192029998,3353528535
iw,-86.0904464721679,-68.142219543457,74.77682458829348,-127.44893140103198,3353545202
iw,-84.6312637329101,-65.9325103759765,78.92336736243031,-116.68104812610517,3353561869
iw,-83.1396789550781,-64.0160751342773,83.66617610446457,-105.02351428063955,3353578536
iw,-81.635627746582,-62.4703865051269,88.16433648044841,-92.87878400326841,3353595203
iw,-80.0835952758789,-61.144905090332,91.72599455238725,-80.41940440665378,3353611870
iw,-78.5429000854492,-59.8041114807128,93.90921991965939,-67.63008105461026,3353628537
iw,-77.0494155883789,-58.4369354248046,94.52909003691758,-54.456457448566134,3353645204
iw,-75.5667037963867,-57.4282722473144,93.59193308864718,-40.99296486897984,3353661871
iw,-74.0967788696289,-56.8577232360839,91.19496739034628,-27.61030778948658,3353678538
iw,-72.6614456176757,-56.6874122619628,87.4302624996421,-14.949212295780072,3353695205
iw,-71.2275772094726,-56.6204605102539,82.31836025670961,-3.7766737428823034,3353711872
iw,-69.8301391601562,-56.6780853271484,75.77687189974307,5.231351684813334,3353728539
iw,-68.5808792114257,-56.827896118164,67.61356827151855,11.690506296059999,3353745206
iw,-67.645034790039,-57.1148033142089,57.530953323658736,15.622302812436656,3353761873
iw,-67.0526504516601,-57.5999336242675,45.142290734437935,17.456542651160404,3353778540
iw,-66.8406677246093,-58.1843338012695,30.018624107034707,17.934416836408758,3353795207
iw,-66.7604904174804,-58.5821380615234,11.794160364816763,17.94431198127135,3353811874
iw,-66.6691741943359,-58.8781852722168,-9.662803929701278,18.329412528819194,3353828541
iw,-66.7830429077148,-59.2618026733398,-34.05247349176568,19.71051276849897,3353845208
iw,-67.4502868652343,-60.2417373657226,-60.5035992058304,22.367268754788732,3353861875
iw,-68.816535949707,-61.270580291748,-87.58033113262485,26.20755988960121,3353878542
iw,-70.9886856079101,-62.25874710083,-113.47377274545086,30.828384116605932,3353895209
iw,-73.5827407836914,-63.1402854919433,-136.33134745697382,35.646693188123,3353911876
iw,-76.2457962036132,-64.1947402954101,-154.61035414349743,40.06617441262204,3353928543
iw,-78.8477020263671,-65.4867172241211,-167.33501004500073,43.64331546745962,3353945210
iw,-81.4059829711914,-66.9914855957031,-174.18998970198248,46.21485849515822,3353961877
iw,-83.8763122558593,-68.3684768676757,-175.46012534907095,47.95008120859131,3353978544
iw,-86.1041946411132,-69.6772842407226,-171.88003805370752,49.305096665943935,3353995211
iw,-87.5117950439453,-70.9952087402343,-164.46736863996213,50.88607092819345,3354011878
iw,-86.6928100585937,-72.3557357788086,-154.3869622483868,53.261645396215,3354028545
iw,-84.6584167480468,-73.7212982177734,-142.8533679679454,56.783374795208346,3354045212
iw,-82.5166397094726,-75.0889434814453,-131.04744965277564,61.46872782570464,3354061879
iw,-80.4386978149414,-76.4445877075195,-120.01444184459328,66.98000726827232,3354078546
iw,-78.5652999877929,-77.9120941162109,-110.52875915109215,72.70397201901143,3354095213
iw,-76.9487609863281,-79.4502487182617,-102.94575896669953,77.90805338408988,3354111880
iw,-75.4487838745117,-81.0343933105468,-97.09380843487394,81.92674978447766,3354128547
iw,-73.9710845947265,-82.6150436401367,-92.27113625343448,84.32359274481857,3354145214
iw,-72.4564971923828,-84.0876235961914,-87.38881330459665,84.98376977929712,3354161881
iw,-70.9896087646484,-85.506477355957,-81.2488372382951,84.11639414485568,3354178548
iw,-69.5687561035156,-86.870002746582,-72.8874373632354,82.17359940978028,3354195215
iw,-68.3540725708007,-88.1333465576171,-61.87671258908019,79.7152212588834,3354211882
iw,-67.4471588134765,-89.2384414672851,-48.48122632000857,77.25717892935428,3354228549
iw,-66.9977188110351,-89.1397476196289,-33.611073840639946,75.14019285123514,3354245216
iw,-66.8705825805664,-87.9880294799804,-18.582663904854808,73.44720617841773,3354261883
iw,-67.0896682739257,-86.7666244506836,-4.765512897126098,71.98515120406374,3354278550
iw,-67.353401184082,-85.5268325805664,6.769683405413308,70.33096475373436,3354295217
iw,-67.7249908447265,-84.2787170410156,15.49429786112296,67.92595990507014,3354311884
iw,-68.1660232543945,-83.0445022583007,21.49563027225757,64.19098982804039,3354328551
iw,-68.7091217041015,-81.9663467407226,25.38266092305227,58.63109952947211,3354345218
iw,-69.1189727783203,-81.099983215332,28.075947055432472,50.904739748835794,3354361885
iw,-69.4776916503906,-80.4256286621093,30.558883652372472,40.84789862021625,3354378552
iw,-70.0938644409179,-80.0130615234375,33.663985374818004,28.461712520691023,3354395219
iw,-71.044189453125,-79.8678359985351,37.939725416107095,13.884730332352497,3354411886
iw,-71.8916549682617,-79.933853149414,43.60296087049842,-2.6281230843165995,3354428553
iw,-72.964859008789,-80.1590118408203,50.55142473311384,-20.709201296502503,3354445220
iw,-73.89697265625,-80.6929779052734,58.40733199523847,-39.87131555998389,3354461887
iw,-75.0989608764648,-81.7798309326171,66.57967657992064,-59.50994433601011,3354478554
iw,-76.6115264892578,-83.2077178955078,74.34594280634008,-78.93182387764158,3354495221
iw,-78.1150588989257,-84.8319549560546,80.9522756409139,-97.4116372161019,3354511888
iw,-79.5986557006836,-86.5384140014648,85.72445049721863,-114.26165673286712,3354528555
iw,-81.0727157592773,-87.1217956542968,88.18151344336529,-128.892041851808,3354545222
iw,-82.7122573852539,-85.4539489746093,88.14445598035527,-140.8437400435426,3354561889
iw,-84.4779968261718,-83.0020446777343,85.82167751964747,-149.78851456777423,3354578556
iw,-86.1527481079101,-80.5270080566406,81.83502972614471,-155.5072539156615,3354595223
iw,-87.7593002319336,-78.1972351074218,77.14686975250483,-157.8701797054148,3354611890
iw,-89.1184005737304,-75.8495101928711,72.87673966880239,-156.84135592104283,3354628557
iw,-89.0580902099609,-73.5036163330078,70.04677268297992,-152.51337151484145,3354645224
iw,-87.8665084838867,-71.1407394409179,69.33659121366006,-145.15516051678884,3354661891
iw,-86.5067749023437,-68.733528137207,70.9327475707589,-135.23943797914964,3354678558
iw,-85.1524887084961,-66.3772735595703,74.52000760426199,-123.41568171829626,3354695225
iw,-83.8448638916015,-64.2374572753906,79.40393374350096,-110.41367776147769,3354711892
iw,-82.491096496582,-62.5196647644043,84.70828275287666,-96.89775891911029,3354728559
iw,-81.0052490234375,-61.1293182373046,89.57596591732515,-83.32865086477749,3354745226
iw,-79.4455490112304,-59.8610572814941,93.3163507983593,-69.90425792464113,3354761893
iw,-77.9168853759765,-58.571044921875,95.47094273401295,-56.62324897532237,3354778560
iw,-76.4631195068359,-57.4205322265625,95.80198379311156,-43.45168257327398,3354795227
iw,-75.0395812988281,-56.6340408325195,94.23507417507217,-30.50946726638315,3354811894
iw,-73.5927276611328,-56.2491455078125,90.79793820945784,-18.174336045746326,3354828561
iw,-72.1169738769531,-56.3337326049804,85.5864589322145,-7.043156210249656,3354845228
iw,-70.6033935546875,-56.3727912902832,78.76043123945833,2.232335021297408,3354861895
iw,-69.1921005249023,-56.5568046569824,70.54156947201018,9.156115564909847,3354878562
iw,-68.0646667480468,-56.7843894958496,61.17543280155356,13.554231038336502,3354895229
iw,-67.3475952148437,-57.1554489135742,50.83874983391138,15.642051638491978,3354911896
iw,-67.0192489624023,-57.6668701171875,39.51740095104175,15.986570725241261,3354928563
iw,-66.8910217285156,-58.191608428955,26.922462318035766,15.38927740305665,3354945230
iw,-66.8135681152343,-58.5642967224121,12.520661397547729,14.723322911503072,3354961897
iw,-66.6828918457031,-58.9171447753906,-4.284958758665533,14.758135689496322,3354978564
iw,-66.6195449829101,-59.2362556457519,-23.864294417678714,16.007440238068977,3354995231
iw,-66.9819412231445,-60.0710563659668,-46.070016735493404,18.63824805707857,3355011898
iw,-68.0112228393554,-61.2493057250976,-70.07956171515634,22.466305093505518,3355028565
iw,-69.7108078002929,-62.2707328796386,-94.45373429827396,27.036647077932727,3355045232
iw,-71.9379577636718,-63.0526885986328,-117.40371661479735,31.7614622751196,3355061899
iw,-74.4113311767578,-63.9847068786621,-137.1705396446057,36.07652504420509,3355078566
iw,-76.9202041625976,-65.1434326171875,-152.38373409021426,39.58139841117822,3355095233
iw,-79.4234619140625,-66.4982604980468,-162.2913601574197,42.13623723778597,3355111900
iw,-81.9042739868164,-67.8133773803711,-166.81842483083616,43.89461835474437,3355128567
iw,-84.2857437133789,-69.0123672485351,-166.4761311415327,45.26278136874177,3355145234
iw,-86.3369750976562,-70.2786483764648,-162.18262162971257,46.79408671948642,3355161901
iw,-87.5217971801757,-71.645751953125,-155.06140756029677,49.04599225277483,3355178568
iw,-86.6895599365234,-73.0359344482421,-146.2661103430008,52.43521081141291,3355195235
iw,-84.803108215332,-74.4171981811523,-136.85205290589113,57.1236504042249,3355211902
iw,-82.6911544799804,-75.7679901123046,-127.68835056090259,62.9599577792282,3355228569
iw,-80.6198196411132,-77.1300201416015,-119.38983706701589,69.49279752904802,3355245236
iw,-78.7052688598632,-78.6284790039062,-112.2534028024999,76.05930718766548,3355261903
iw,-77.0010833740234,-80.2455520629882,-106.20480943109048,81.93283538829033,3355278570
iw,-75.400894165039,-81.9447326660156,-100.7858754818708,86.49289486381271,3355295237
iw,-73.8318405151367,-83.623664855957,-95.22019351306967,89.36771153196457,3355311904
iw,-72.2942886352539,-85.231575012207,-88.57710639801064,90.50439346005788,3355328571
iw,-70.8155822753906,-86.7616653442382,-80.01344266499328,90.14386360061793,3355345238
iw,-69.5491256713867,-88.1589965820312,-69.03071387846386,88.70894802223157,3355361905
iw,-68.4421310424804,-89.3028335571289,-55.66501181272015,86.64271010291253,3355378572
iw,-67.5870132446289,-88.9502182006836,-40.53903191728966,84.25072140945211,3355395239
iw,-67.2533874511718,-87.6835403442382,-24.746400854374727,81.59976177861775,3355411906
iw,-67.2025299072265,-86.2740631103515,-9.593810058546856,78.50529243712006,3355428573
iw,-67.4603805541992,-84.8507614135742,3.7229013210755117,74.6067977542189,3355445240
iw,-67.9431610107421,-83.4817581176757,14.407414788823358,69.49690501555652,3355461907
iw,-68.5148162841796,-82.2185821533203,22.22778605798736,62.851631352426864,3355478574
iw,-69.1246337890625,-81.2184600830078,27.51444621372529,54.51299611366592,3355495241
iw,-69.5937805175781,-80.5219039916992,31.007543178481875,44.49917704093774,3355511908
iw,-69.963134765625,-80.0547790527343,33.62006489643765,32.9506561288985,3355528575
iw,-70.5410995483398,-79.8488998413086,36.20501973152339,20.048531208799947,3355545242
iw,-71.5077056884765,-79.8216247558593,39.39801604264765,5.950401122678438,3355561909
iw,-72.4802627563476,-79.9671020507812,43.55878613931043,-9.224169436986813,3355578576
iw,-73.6510009765625,-80.2783737182617,48.785192299887406,-25.355127594520724,3355595243
iw,-74.5574188232421,-80.8322677612304,54.95249678849966,-42.25534998283235,3355611910
iw,-75.5140762329101,-81.8861846923828,61.74644295898019,-59.61447536556636,3355628577
iw,-76.8033752441406,-83.2938690185546,68.68936382708857,-76.98358159621824,3355645244
iw,-78.1713409423828,-84.8529205322265,75.17795194118561,-93.80807010870232,3355661911
iw,-79.6432876586914,-86.5148544311523,80.55199726097561,-109.4930936653034,3355678578
iw,-81.1683654785156,-87.2626190185546,84.20296958076949,-123.47445160930369,3355695245
iw,-82.7188034057617,-85.7535171508789,85.71491267084046,-135.26981328023382,3355711912
iw,-84.3479232788086,-83.3556594848632,85.00784956085369,-144.49735756087588,3355728579
iw,-85.9925918579101,-80.8872146606445,82.43309543899757,-150.86717822149913,3355745246
iw,-87.6255416870117,-78.4969482421875,78.76664178468889,-154.16629729323412,3355761913
iw,-89.2947387695312,-76.1176681518554,75.07215622158114,-154.2602794837761,3355778580
iw,-90.0,-73.799331665039,72.4536101792861,-151.12138732865725,3355795247
iw,-88.3602828979492,-71.5163116455078,71.76776873500744,-144.87398479841892,3355811914
iw,-86.9043350219726,-69.1964950561523,73.39222247537104,-135.83323741991794,3355828581
iw,-85.4166183471679,-66.8603286743164,77.12876318660763,-124.50887403436279,3355845248
iw,-83.9419708251953,-64.6774215698242,82.27032196455569,-111.55431723000581,3355861915
iw,-82.4538650512695,-62.8899726867675,87.79905108758378,-97.66353000371731,3355878582
iw,-80.8875579833984,-61.4909286499023,92.64320626280174,-83.44773146208814,3355895249
iw,-79.2434616088867,-60.299144744873,95.91392538698994,-69.3452545929448,3355911916
iw,-77.5869750976562,-59.1121864318847,97.06242159821058,-55.610669557303225,3355928583
iw,-75.9872894287109,-58.1076164245605,95.92920076167886,-42.38972332576279,3355945250
iw,-74.5063934326171,-57.4817733764648,92.68917527787572,-29.8368994695101,3355961917
iw,-73.1359329223632,-57.0855331420898,87.72313062494402,-18.207183304620997,3355978584
iw,-71.8064193725586,-56.9138259887695,81.46045488716389,-7.87046178758083,3355995251
iw,-70.4952316284179,-57.0753211975097,74.23602516761963,0.7580883699786966,3356011918
iw,-69.277603149414,-57.2520561218261,66.18848034919198,7.336252156443316,3356028585
iw,-68.2906036376953,-57.4364128112793,57.208857080716626,11.710967471734929,3356045252
iw,-67.6106262207031,-57.8055305480957,46.93995205740747,13.995343799072279,3356061919
iw,-67.1965179443359,-58.3951416015625,34.830469198928185,14.592712359263224,3356078586
iw,-66.9560394287109,-58.9990997314453,20.25318741441321,14.164681774551608,3356095253
iw,-66.8428268432617,-59.4980392456054,2.6874892647754125,13.537961515888124,3356111920
iw,-66.8825378417968,-59.7947959899902,-18.06146837880545,13.550317767781001,3356128587
iw,-67.266975402832,-60.345344543457,-41.668512094844786,14.861316834187749,3356145254
iw,-68.2265853881836,-61.1153450012207,-67.19573848460362,17.782640887433345,3356161921
iw,-69.8101501464843,-61.7668228149414,-93.15628232990431,22.190262422603226,3356178588
iw,-71.9110336303711,-62.5956306457519,-117.73560682641585,27.5586348200438,3356195255
iw,-74.2960968017578,-63.7175941467285,-139.11178457929637,33.11630955390478,3356211922
iw,-76.871597290039,-64.9483566284179,-155.78204675812268,38.07909697306967,3356228589
iw,-79.504409790039,-66.1854934692382,-166.80816877395665,41.88721189947194,3356245256
iw,-82.0648956298828,-67.485481262207,-171.9288405591716,44.37063872707288,3356261923
iw,-84.3834381103515,-68.7444992065429,-171.53236204552712,45.79362695569061,3356278590
iw,-86.2978439331054,-69.9753875732421,-166.52058835893635,46.77058452774081,3356295257
iw,-87.1680068969726,-71.2374114990234,-158.11595455008236,48.08344795764319,3356311924
iw,-86.1977996826171,-72.5606002807617,-147.66412910877668,50.45408632342118,3356328591
iw,-84.3247756958007,-73.8621978759765,-136.46709676830542,54.33255360391839,3356345258
iw,-82.2945709228515,-75.1358261108398,-125.65470070964214,59.75598265542303,3356361925
iw,-80.2692413330078,-76.4457702636718,-116.08221201343021,66.31670968883,3356378592
iw,-78.4005508422851,-77.9117889404296,-108.23974963363457,73.25274596807746,3356395259
iw,-76.7524871826171,-79.5474472045898,-102.17702697520883,79.64057376324185,3356411926
iw,-75.2386627197265,-81.2431030273437,-97.47168729469554,84.6370014505566,3356428593
iw,-73.8400573730468,-82.9562225341796,-93.28271465015683,87.69701204786227,3356445260
iw,-72.4392395019531,-84.5121002197265,-88.51731644414569,88.69994317334967,3356461927
iw,-70.9419555664062,-85.9580383300781,-82.09907325753306,87.94767644308256,3356478594
iw,-69.396499633789,-87.3943634033203,-73.27289848476637,86.0427864649732,3356495261
iw,-68.1590881347656,-88.8326568603515,-61.84622817870886,83.69198943331762,3356511928
iw,-67.3586120605468,-90.0,-48.27221869774064,81.49654460828124,3356528595
iw,-67.1049880981445,-88.7103271484375,-33.53599284715819,79.78562780677011,3356545262
iw,-67.0102920532226,-87.3292236328125,-18.884740188823926,78.5298605672664,3356561929
iw,-67.2154006958007,-86.0099334716796,-5.503402849659615,77.34937834398188,3356578596
iw,-67.1880950927734,-84.6995086669921,5.752664297636954,75.60905276893082,3356595263
iw,-67.4968948364257,-83.3048477172851,14.497175998412171,72.57441501886865,3356611930
iw,-68.0816345214843,-81.9245529174804,20.813274133779867,67.58687956358953,3356628597
iw,-68.5880966186523,-80.7543487548828,25.147717234307315,60.2101617776621,3356645264
iw,-68.9999008178711,-79.8924789428711,28.149222426271134,50.307449119214645,3356661931
iw,-69.4466018676757,-79.2970581054687,30.502681802019048,38.03269663088056,3356678598
iw,-70.0205612182617,-78.99462890625,32.804614567983876,23.75106992316191,3356695265
iw,-71.0753936767578,-78.9997634887695,35.50495199421063,7.928138206148618,3356711932
iw,-72.1851501464843,-79.2064666748046,38.90480039591362,-8.966556218180695,3356728599
iw,-72.9974365234375,-79.5664367675781,43.17050112299351,-26.510134859708632,3356745266
iw,-73.7212982177734,-80.1868667602539,48.32787246154098,-44.32635412642938,3356761933
iw,-74.6993255615234,-81.2599258422851,54.23443325098052,-62.05485504060592,3356778600
iw,-75.9276275634765,-82.6608352661132,60.558086469552116,-79.31942303249946,3356795267
iw,-77.2529067993164,-84.2903442382812,66.79341867148258,-95.71643258967394,3356811934
iw,-78.5131225585937,-86.0219268798828,72.33023928377828,-110.82661152634905,3356828601
iw,-79.7863159179687,-86.8802719116211,76.57239105707349,-124.23827248139021,3356845268
iw,-81.3370056152343,-85.5972671508789,79.08997227906352,-135.56589984458458,3356861935
iw,-83.0174789428711,-83.2787704467773,79.7677601341905,-144.4558550778226,3356878602
iw,-84.6078414916992,-80.9290771484375,78.89375042971245,-150.58619708816784,3356895269
iw,-86.1139984130859,-78.7642211914062,77.13549937456992,-153.67928843700284,3356911936
iw,-87.3725967407226,-76.6117248535156,75.39012271119462,-153.54313108728724,3356928603
iw,-88.2211685180664,-74.3994445800781,74.55061405521397,-150.13904255266803,3356945270
iw,-88.4386596679687,-72.1764373779296,75.27244174856699,-143.6500072868423,3356961937
iw,-87.6419143676757,-69.9507293701171,77.82402033624737,-134.51090266952875,3356978604
iw,-86.3865966796875,-67.7487716674804,82.06303449483401,-123.36852732471688,3356995271
iw,-84.9591217041015,-65.8083801269531,87.5231193309468,-110.96585578128281,3357011938
iw,-83.4097137451171,-64.2511444091796,93.55430908459529,-97.98257605389736,3357028605
iw,-81.7894592285156,-62.9350929260253,99.45386669005781,-84.89642704030987,3357045272
iw,-80.1784133911132,-61.6795463562011,104.54750198948024,-71.93477410128158,3357061939
iw,-78.5533218383789,-60.3746643066406,108.21705938748786,-59.14811257342151,3357078606
iw,-76.8517074584961,-59.2836380004882,109.90062507587187,-46.5696168635423,3357095273
iw,-75.0853805541992,-58.5591888427734,109.10136991599376,-34.36997319432429,3357111940
iw,-73.2813644409179,-58.212043762207,105.42858419921673,-22.916181824688984,3357128607
iw,-71.4651412963867,-58.1561431884765,98.66591741157087,-12.700455644340806,3357145274
iw,-69.7532501220703,-58.1121711730957,88.83353598887112,-4.180756226215208,3357161941
iw,-68.3325958251953,-58.0730438232421,76.19937750863657,2.3835500914134986,3357178608
iw,-67.3178253173828,-58.1514663696289,61.20993053834199,7.030809355191742,3357195275
iw,-66.7863311767578,-58.5381774902343,44.3502157013993,10.106994710771176,3357211942
iw,-66.680419921875,-59.1249465942382,25.98816357801748,12.199489309056666,3357228609
iw,-66.8563995361328,-59.5124206542968,6.283859079623905,14.01694133870687,3357245276
iw,-67.0305862426757,-59.7171096801757,-14.772260558079124,16.23571890242945,3357261943
iw,-67.2711791992187,-60.2089500427246,-37.187139311680426,19.34241699066779,3357278610
iw,-67.9086761474609,-60.978759765625,-60.72833130590565,23.515481878590712,3357295277
iw,-69.0784683227539,-61.9846992492675,-84.73880283440013,28.58567818365373,3357311944
iw,-70.8584899902343,-63.0574493408203,-108.10550394345152,34.08977397209332,3357328611
iw,-73.2351455688476,-64.1761779785156,-129.41425498523975,39.40088879419145,3357345278
iw,-75.8871383666992,-65.3443069458007,-147.23735136022665,43.89889041114529,3357361945
iw,-78.5951080322265,-66.5582122802734,-160.44440800784344,47.13849754079901,3357378612
iw,-81.2023696899414,-67.9304962158203,-168.42704381520863,48.97660402354069,3357395279
iw,-83.6389694213867,-69.3592681884765,-171.17682162403264,49.62882912421833,3357411946
iw,-85.7883911132812,-70.7217330932617,-169.22172501225583,49.63716326884933,3357428613
iw,-87.1527023315429,-72.0467834472656,-163.47460680341896,49.748042534196856,3357445280
iw,-86.7841720581054,-73.3589706420898,-155.05885485892009,50.72386034915737,3357461947
iw,-84.9555053710937,-74.6825637817382,-145.1551685778836,53.13461801425039,3357478614
iw,-82.8132934570312,-75.9807891845703,-134.87762608272715,57.189389797856194,3357495281
iw,-80.703369140625,-77.2797012329101,-125.1609260384918,62.66162117887491,3357511948
iw,-78.7790756225586,-78.662109375,-116.6407248242787,68.9371195054328,3357528615
iw,-77.0687561035156,-80.2137145996093,-109.5351287699559,75.17528439906525,3357545282
iw,-75.4701080322265,-81.8302154541015,-103.56883303844789,80.53541964039422,3357561949
iw,-73.8913803100586,-83.423599243164,-97.99593718095905,84.39653722414877,3357578616
iw,-72.284065246582,-84.9656524658203,-91.75680975640093,86.50174890282446,3357595283
iw,-70.7472076416015,-86.4435577392578,-83.75392899066513,86.98611469352785,3357611950
iw,-69.2911529541015,-87.8697128295898,-73.17633207336053,86.2870959965883,3357628617
iw,-68.1399917602539,-89.2613983154296,-59.77122099040788,84.97315330452734,3357645284
iw,-67.33447265625,-89.4293899536132,-43.9705355920841,83.54684798836463,3357661951
iw,-66.9120025634765,-88.0339736938476,-26.826226794175426,82.28049353738712,3357678618
iw,-66.9292907714843,-86.6696319580078,-9.771662697349841,81.1278893398552,3357695285
iw,-67.3492279052734,-85.319351196289,5.71650821862671,79.7311469319626,3357711952
iw,-67.6027069091796,-83.9150466918945,18.453689349444492,77.51398709469362,3357728619
iw,-68.114013671875,-82.4417648315429,27.78953132034635,73.8284468836294,3357745286
iw,-68.9363098144531,-81.0891494750976,33.70917478342954,68.10684850085713,3357761953
iw,-69.7687911987304,-80.0417404174804,36.79152597450563,59.97193517464374,3357778620
iw,-70.4239883422851,-79.3153533935546,38.05116205178818,49.27889320249378,3357795287
iw,-71.0921325683593,-78.8423461914062,38.70491355929549,36.09630269767371,3357811954
iw,-71.7661819458007,-78.5910339355468,39.91478291421382,20.660175451445465,3357828621
iw,-72.7488098144531,-78.5060806274414,42.56250444197133,3.3386132973762117,3357845288
iw,-73.6702423095703,-78.6302413940429,47.09909559330114,-15.377401333761885,3357861955
iw,-74.5775680541992,-79.0077819824218,53.489376706545876,-34.87280108535785,3357878622
iw,-75.6189498901367,-79.8432464599609,61.25039030184339,-54.43031087273774,3357895289
iw,-77.0249862670898,-81.2672500610351,69.56918124835823,-73.2991237719371,3357911956
iw,-78.6069946289062,-83.0506515502929,77.47373531153194,-90.80154231246838,3357928623
iw,-80.1353225708007,-84.8982315063476,84.02058427567422,-106.43625548706856,3357945290
iw,-81.6379165649414,-86.7381820678711,88.46339961675918,-119.92932179489365,3357961957
iw,-83.2383041381836,-87.4046783447265,90.38098607229028,-131.2070018995494,3357978624
iw,-84.9502258300781,-85.6746444702148,89.75597887242621,-140.3015391466768,3357995291
iw,-86.6528625488281,-83.2788314819336,86.99467650923974,-147.23068655284982,3358011958
iw,-88.2566146850586,-80.9141235351562,82.8720331342468,-151.9037746605501,3358028625
iw,-90.0,-78.6203689575195,78.39345401347536,-154.09889664110645,3358045292
iw,-89.1078109741211,-76.2896041870117,74.5925432163404,-153.52812431549097,3358061959
iw,-87.6285858154296,-73.9415512084961,72.31487016604541,-149.96892243827415,3358078626
iw,-86.1508636474609,-71.5267639160156,72.04933231630025,-143.407064194635,3358095293
iw,-84.7446899414062,-69.1135559082031,73.85209663275467,-134.12551592088124,3358111960
iw,-83.3913803100586,-66.8290786743164,77.37397604259922,-122.69128343616372,3358128627
iw,-82.0179748535156,-64.7504119873046,81.96948759337144,-109.83343751291679,3358145294
iw,-80.546142578125,-63.0007362365722,86.84783097747928,-96.25620180104437,3358161961
iw,-78.9725952148437,-61.595718383789,91.2238777694871,-82.4686970175657,3358178628
iw,-77.3966064453125,-60.3520774841308,94.43564845656658,-68.71461060388602,3358195295
iw,-75.8214492797851,-59.0708503723144,96.0091132482736,-55.041358356395854,3358211962
iw,-74.2349700927734,-57.9431915283203,95.6683879073692,-41.47555702828278,3358228629
iw,-72.7229232788086,-57.2125396728515,93.3047725144003,-28.209563074603455,3358245296
iw,-71.2642974853515,-56.9244995117187,88.92591811381057,-15.693368047869606,3358261963
iw,-69.8614654541015,-56.9277915954589,82.6042254286517,-4.577742673338762,3358278630
iw,-68.5297012329101,-57.0802879333496,74.43403378202932,4.464713069212322,3358295297
iw,-67.3570785522461,-57.1717834472656,64.4966237995841,10.956607837046775,3358311964
iw,-66.4402160644531,-57.4511680603027,52.82792653757856,14.783667383045714,3358328631
iw,-65.8657760620117,-57.98876953125,39.390484783990665,16.26449061138279,3358345298
iw,-65.6635818481445,-58.7079010009765,24.065507619074495,16.11424000749575,3358361965
iw,-65.7184677124023,-59.3112258911132,6.691173767692716,15.314208822547574,3358378632
iw,-65.8670959472656,-59.5296745300293,-12.834512418517777,14.90804049939994,3358395299
iw,-66.1106262207031,-59.8961029052734,-34.39921477006147,15.764040025288212,3358411966
iw,-66.7792663574218,-60.3697547912597,-57.52412411961497,18.367670064310207,3358428633
iw,-67.9373550415039,-61.2895355224609,-81.29094515482707,22.712978544161146,3358445300
iw,-69.6486206054687,-62.2806434631347,-104.40635350577662,28.33213225246903,3358461967
iw,-71.9649276733398,-63.3017311096191,-125.40594152481991,34.452504635361514,3358478634
iw,-74.5041427612304,-64.4470443725586,-142.93521417953568,40.22750329405514,3358495301
iw,-77.065673828125,-65.6431350708007,-156.00917873166296,44.96885897038077,3358511968
iw,-79.5018081665039,-66.9241104125976,-164.1647570628408,48.31697130929633,3358528635
iw,-81.8298034667968,-68.3007049560546,-167.473160015982,50.311967494715255,3358545302
iw,-84.0972137451171,-69.599609375,-166.4407304097483,51.357616436823946,3358561969
iw,-86.0548400878906,-70.8572158813476,-161.8627658795842,52.09506106114836,3358578636
iw,-87.141860961914,-72.130012512207,-154.69084981648513,53.22201258509741,3358595303
iw,-86.2429275512695,-73.4397048950195,-145.9400466126546,55.30442284516672,3358611970
iw,-84.3395767211914,-74.7424774169921,-136.6220265970451,58.6283188366249,3358628637
iw,-82.2952804565429,-76.0754241943359,-127.66800895682334,63.128083823436214,3358645304
iw,-80.3085403442382,-77.4560852050781,-119.81414855551166,68.40716989775989,3358661971
iw,-78.4729080200195,-78.9400787353515,-113.45622673321384,73.8432468758507,3358678638
iw,-76.7783279418945,-80.4801483154296,-108.51961119287117,78.74753137133851,3358695305
iw,-75.1412963867187,-82.0522689819336,-104.41105692905452,82.53348197461096,3358711972
iw,-73.549331665039,-83.5924987792968,-100.10706491202457,84.84851298373734,3358728639
iw,-71.9512176513671,-85.0807952880859,-94.3901376508748,85.63509677521,3358745306
iw,-70.3578338623046,-86.5052642822265,-86.1851131021093,85.11001751533148,3358761973
iw,-68.9353637695312,-87.909683227539,-74.89808099529343,83.6744150825197,3358778640
iw,-67.8059768676757,-89.3130111694336,-60.644358124345885,81.78496445931852,3358795307
iw,-66.9586181640625,-89.6834869384765,-44.28060395936241,79.8238443389527,3358811974
iw,-66.7742691040039,-88.2096557617187,-27.220734037902233,78.0014548886371,3358828641
iw,-66.8744735717773,-86.8498077392578,-11.090889913573102,76.3130517753683,3358845308
iw,-67.0943527221679,-85.5426712036132,2.666045299131102,74.5525996583257,3358861975
iw,-67.3901977539062,-84.2070541381836,13.11571175878965,72.3700687058515,3358878642
iw,-67.8048400878906,-82.9374237060546,20.00404210724717,69.34777910853118,3358895309
iw,-68.4094009399414,-81.7498321533203,23.752760919438362,65.07033876378341,3358911976
iw,-69.0855255126953,-80.7293930053711,25.306667080699693,59.17108722176773,3358928643
iw,-69.501594543457,-79.9013137817382,25.887140828209617,51.352519762787175,3358945310
iw,-69.8032531738281,-79.2702407836914,26.71544581098144,41.392665553110426,3358961977
iw,-70.2347335815429,-78.8167953491211,28.770169372267166,29.156476944112867,3358978644
iw,-71.0144653320312,-78.5902404785156,32.63123759437099,14.626598365531363,3358995311
iw,-71.8871459960937,-78.5959243774414,38.432286716473094,-2.0468852162503652,3359011978
iw,-72.8020858764648,-78.7819671630859,45.90550943736556,-20.495982211596004,3359028645
iw,-73.7316360473632,-79.2845993041992,54.481570164889064,-40.11364009864909,3359045312
iw,-74.9860153198242,-80.3340682983398,63.40952869056254,-60.08908249672698,3359061979
iw,-76.4434738159179,-81.9501647949218,71.87412396432903,-79.50588698728109,3359078646
iw,-77.8615417480468,-83.7107925415039,79.09817616498198,-97.47831126641604,3359095313
iw,-79.3498001098632,-85.5397644042968,84.42873996060356,-113.28013159470028,3359111980
iw,-80.8474731445312,-86.9034576416015,87.41750807307471,-126.42346814623535,3359128647
iw,-82.4634399414062,-86.2833251953125,87.9058043789159,-136.668823965107,3359145314
iw,-84.1799774169921,-84.1195755004882,86.10322849851339,-143.97549778642914,3359161981
iw,-85.8724212646484,-81.7423629760742,82.6204284355661,-148.4217763384744,3359178648
iw,-87.5117111206054,-79.4564666748046,78.40818396865022,-150.13281005180735,3359195315
iw,-89.0844268798828,-77.160530090332,74.58278863040017,-149.24741636185172,3359211982
iw,-89.4390716552734,-74.8785552978515,72.1708729281139,-145.93203190921423,3359228649
iw,-88.0939254760742,-72.5866012573242,71.85454555090813,-140.4201089077559,3359245316
iw,-86.7063980102539,-70.2501068115234,73.80961105739225,-133.03674891971346,3359261983
iw,-85.220458984375,-67.9847412109375,77.69530502360405,-124.17491856977496,3359278650
iw,-83.7471237182617,-65.8993530273437,82.79066893963977,-114.21972819428927,3359295317
iw,-82.2352752685546,-64.0537719726562,88.21495381829432,-103.45489708858294,3359311984
iw,-80.6775512695312,-62.4161872863769,93.1460419036406,-92.00763684630836,3359328651
iw,-79.094741821289,-60.8990516662597,96.96665634164584,-79.87707948912436,3359345318
iw,-77.4972610473632,-59.4809913635253,99.30707197004517,-67.04817330981044,3359361985
iw,-75.9278411865234,-58.3654098510742,99.99479333801159,-53.641309833152235,3359378652
iw,-74.422248840332,-57.5807838439941,98.95235372275523,-40.0206465641815,3359395319
iw,-72.9863586425781,-57.1078414916992,96.09680824657634,-26.79991831936664,3359411986
iw,-71.4778671264648,-56.9527206420898,91.2857070921991,-14.733966376603586,3359428653
iw,-69.8590545654296,-57.0207557678222,84.3264341747412,-4.537415629044515,3359445320
iw,-68.286392211914,-57.0240325927734,75.02952653499192,3.3000091745754654,3359461987
iw,-67.1232681274414,-57.130271911621,63.26213418978726,8.640542909597187,3359478654
iw,-66.5149307250976,-57.6556167602539,48.96465226773047,11.73977504319986,3359495321
iw,-66.3392257690429,-58.4207344055175,32.13175621924521,13.204264229622204,3359511988
iw,-66.3132781982421,-58.9884223937988,12.800563289355072,13.877192730428165,3359528655
iw,-66.316421508789,-59.3419952392578,-8.904128973618285,14.665559955033139,3359545322
iw,-66.5057144165039,-59.6401214599609,-32.65771943267625,16.33678840384648,3359561989
iw,-67.1917648315429,-60.1835212707519,-57.80722837623763,19.33669440484109,3359578656
iw,-68.4344253540039,-61.3546752929687,-83.31020759354391,23.688970540204448,3359595323
iw,-70.2986145019531,-62.4178810119628,-107.80426057725101,29.012523588438032,3359611990
iw,-72.7155532836914,-63.2405242919921,-129.80749732252858,34.649804861586134,3359628657
iw,-75.2927017211914,-64.266357421875,-147.98515972431485,39.8634779085002,3359645324
iw,-77.9499893188476,-65.5064468383789,-161.38800478764585,44.04421491411921,3359661991
iw,-80.5340957641601,-66.8344039916992,-169.58687824359325,46.874449177409375,3359678658
iw,-83.0077667236328,-68.2546310424804,-172.67918662595466,48.40569285799209,3359695325
iw,-85.3433532714843,-69.5553207397461,-171.195237687527,49.031098467862904,3359711992
iw,-87.0888595581054,-70.7763519287109,-165.9599179556166,49.366710268200784,3359728659
iw,-87.197883605957,-72.0502777099609,-157.96054623288623,50.081926341774235,3359745326
iw,-85.4183654785156,-73.3967666625976,-148.24456122917834,51.73011824846651,3359761993
iw,-83.2534027099609,-74.7476806640625,-137.8389988160517,54.62199031915213,3359778660
iw,-81.1144027709961,-76.0707321166992,-127.66572594437302,58.765281188312656,3359795327
iw,-79.1329345703125,-77.3851013183593,-118.43282693512577,63.87573966191192,3359811994
iw,-77.3369064331054,-78.7437515258789,-110.50995831000515,69.45103269339434,3359828661
iw,-75.67724609375,-80.2059249877929,-103.82707368038464,74.88955882929078,3359845328
iw,-74.0901489257812,-81.7364730834961,-97.85129136126908,79.62736313427334,3359861995
iw,-72.5383682250976,-83.27392578125,-91.68351327558916,83.25995410645989,3359878662
iw,-71.0425186157226,-84.7368698120117,-84.27702807228133,85.61673233193748,3359895329
iw,-69.658332824707,-86.1487808227539,-74.73109136012295,86.76735200002557,3359911996
iw,-68.417236328125,-87.4565505981445,-62.57572703108996,86.95926893376945,3359928663
iw,-67.5096359252929,-88.4588394165039,-47.95669074672888,86.50675705175631,3359945330
iw,-66.8028793334961,-88.5772857666015,-31.655770151452842,85.66649508455444,3359961997
iw,-66.7076263427734,-87.7110748291015,-14.932656299690745,84.53895694381609,3359978664
iw,-66.9756851196289,-86.4646530151367,0.7668330427137762,83.0262282805575,3359995331
iw,-67.1965026855468,-85.0604553222656,14.147729189481286,80.8564077254448,3360011998
iw,-67.5835037231445,-83.61767578125,24.351034886317947,77.6589045732087,3360028665
iw,-68.2804565429687,-82.2988510131836,31.11865840070553,73.055597799594,3360045332
iw,-69.1621170043945,-81.1625595092773,34.81355513717147,66.73091675317885,3360061999
iw,-69.844970703125,-80.2090530395507,36.30456283910592,58.460958466952825,3360078666
iw,-70.2915267944336,-79.4477920532226,36.74812721232196,48.10742947319135,3360095333
iw,-70.7784423828125,-78.965705871582,37.320882550280245,35.60143177146131,3360112000
iw,-71.4031295776367,-78.6790390014648,38.972920881767834,20.945163998070583,3360128667
iw,-72.2585220336914,-78.5531311035156,42.263953966492814,4.245783189984406,3360145334
iw,-73.3883209228515,-78.6017456054687,47.310539680055506,-14.228646758939341,3360162001
iw,-74.3777389526367,-78.9535980224609,53.83193871350671,-34.00396233556794,3360178668
iw,-75.3962936401367,-79.8542709350586,61.25719058635895,-54.40431378207622,3360195335
iw,-76.7509613037109,-81.3367614746093,68.85273083155641,-74.62521098571202,3360212002
iw,-78.2235488891601,-83.0296783447265,75.8408544750538,-93.85683265851013,3360228669
iw,-79.7108459472656,-84.8698120117187,81.49644484985518,-111.40840136548111,3360245336
iw,-81.1519393920898,-86.3752822875976,85.22749502283085,-126.78160816732122,3360262003
iw,-82.6989440917968,-86.2879638671875,86.65497999358655,-139.66718663148532,3360278670
iw,-84.3385009765625,-84.5428924560546,85.69816102420513,-149.87671552789595,3360295337
iw,-85.9323501586914,-82.3520736694336,82.64434336157433,-157.25217726229013,3360312004
iw,-87.4688949584961,-80.102783203125,78.15930910358583,-161.60592898280336,3360328671
iw,-88.9601516723632,-77.7567749023437,73.20022857666588,-162.72855691400954,3360345338
iw,-90.0,-75.2939224243164,68.83001861729163,-160.46695880361324,3360362005
iw,-88.4924697875976,-72.818733215332,65.9796996800605,-154.83651926191416,3360378672
iw,-87.1840209960937,-70.3266372680664,65.23473513128606,-146.10938988929723,3360395339
iw,-85.9269180297851,-67.873664855957,66.71594741049975,-134.8271565674113,3360412006
iw,-84.700210571289,-65.54638671875,70.0888761071562,-121.7177983713449,3360428673
iw,-83.3715591430664,-63.5278091430664,74.68656067391446,-107.5401776339572,3360445340
iw,-81.915901184082,-61.9246406555175,79.69220769785288,-92.91659911984779,3360462007
iw,-80.3844604492187,-60.5892143249511,84.31442745637669,-78.22804398674621,3360478674
iw,-78.9248275756836,-59.2594871520996,87.90147335489488,-63.625554259301,3360495341
iw,-77.5766983032226,-57.9522895812988,89.97522572868836,-49.157004490007125,3360512008
iw,-76.2671890258789,-57.0665626525878,90.20535417232315,-34.9453135547475,3360528675
iw,-74.8638305664062,-56.6089096069335,88.36906216697999,-21.320781617916815,3360545342
iw,-73.3518447875976,-56.472297668457,84.33702017827005,-8.832207552666713,3360562009
iw,-71.8396911621093,-56.5011100769043,78.09376874527521,1.8735493802505971,3360578676
iw,-70.4023513793945,-56.6726531982421,69.76250931793906,10.247756151183335,3360595343
iw,-69.253662109375,-56.9639930725097,59.58727751327634,16.02604606857873,3360612010
iw,-68.5779724121093,-57.3631324768066,47.84501785147914,19.333672707459474,3360628677
iw,-68.3286972045898,-57.8693809509277,34.70818474644789,20.679782956000846,3360645344
iw,-68.3050079345703,-58.4322967529296,20.126901763838397,20.852065128418218,3360662011
iw,-68.3816299438476,-58.8945426940918,3.8142566746985556,20.747817635338382,3360678678
iw,-68.4182586669921,-59.3300285339355,-14.619103956789315,21.18421771412771,3360695345
iw,-68.5600357055664,-59.7262268066406,-35.41032705911571,22.72861403235471,3360712012
iw,-69.2067184448242,-60.5932731628418,-58.37071480348222,25.586433951338957,3360728679
iw,-70.446044921875,-61.7362518310546,-82.71821927789473,29.57638652649952,3360745346
iw,-72.3082199096679,-62.9074211120605,-107.10047578735865,34.2024725294035,3360762013
iw,-74.6639709472656,-63.9054985046386,-129.80990090713024,38.803848270144535,3360778680
iw,-77.2750778198242,-64.8386154174804,-149.1137316320125,42.74236137066458,3360795347
iw,-79.9780120849609,-66.0597229003906,-163.58630721962095,45.582092530709026,3360812014
iw,-82.6275482177734,-67.4862060546875,-172.34820617145175,47.21903810453292,3360828681
iw,-85.1683578491211,-68.8358078002929,-175.16832903073484,47.92570124648043,3360845348
iw,-87.2295684814453,-70.1036376953125,-172.43958405406477,48.29032339109613,3360862015
iw,-87.6566543579101,-71.3394165039062,-165.0715377830287,49.059874447890635,3360878682
iw,-85.8348236083984,-72.619155883789,-154.3454511439918,50.93011337134395,3360895349
iw,-83.5255889892578,-73.9340744018554,-141.75581150095294,54.34527506604119,3360912016
iw,-81.3128280639648,-75.2724151611328,-128.8363205770888,59.364427654867505,3360928683
iw,-79.3388671875,-76.6390075683593,-116.95870907624105,65.62829265062358,3360945350
iw,-77.6048049926757,-78.0725326538086,-107.11042293962197,72.43192778072826,3360962017
iw,-76.0893478393554,-79.5451126098632,-99.69222275010574,78.8829810196696,3360978684
iw,-74.5900802612304,-81.0731582641601,-94.40397610886164,84.1058920647912,3360995351
iw,-73.0400772094726,-82.6603469848632,-90.28344058429279,87.44232349194048,3361012018
iw,-71.5025482177734,-84.1953887939453,-85.92296411640082,88.5990879373812,3361028685
iw,-70.1287231445312,-85.6025695800781,-79.82825888466459,87.70690223615514,3361045352
iw,-68.8034133911132,-86.816665649414,-70.82869109105246,85.27487774915757,3361062019
iw,-67.5930633544921,-87.7206726074218,-58.42203894634227,82.05244519912338,3361078686
iw,-66.607437133789,-88.0359725952148,-42.94734064545519,78.8344545672319,3361095353
iw,-66.4521026611328,-87.6070709228515,-25.526199284990405,76.25817523472303,3361112020
iw,-66.4575805664062,-86.7614288330078,-7.78593191192119,74.63964395574978,3361128687
iw,-66.9525451660156,-85.7762222290039,8.54724281961476,73.88463044562613,3361145354
iw,-67.342529296875,-84.6995849609375,22.054945269988213,73.49206321099939,3361162021
iw,-67.8836669921875,-83.5033950805664,31.91586382044562,72.64820852909894,3361178688
iw,-68.6204605102539,-82.2253952026367,38.01623512302355,70.3893828110984,3361195355
iw,-69.457405090332,-81.0128784179687,40.886187942267995,65.79334652725827,3361212022
iw,-70.0746536254882,-79.9773864746093,41.51245218727369,58.15247757271256,3361228689
iw,-70.7201461791992,-79.2087707519531,41.09549130330518,47.09094142273408,3361245356
iw,-71.5185317993164,-78.7209396362304,40.81409823179849,32.609943148099816,3361262023
iw,-72.5409088134765,-78.5157318115234,41.63925731430417,15.068057653313707,3361278690
iw,-73.5471115112304,-78.5368118286132,44.209896124882036,-4.88396596904338,3361295357
iw,-74.3643035888671,-78.8079147338867,48.76229637239663,-26.39547324266249,3361312024
iw,-75.0830993652343,-79.6417617797851,55.10560378341295,-48.52312987453644,3361328691
iw,-76.2912368774414,-81.0714340209961,62.650379937800444,-70.34093387227729,3361345358
iw,-77.7425003051757,-82.6132354736328,70.50260761005,-91.03181888894058,3361362025
iw,-79.1918334960937,-84.2008285522461,77.62149984555872,-109.93437069003289,3361378692
iw,-80.611587524414,-85.5358200073242,83.0189201902989,-126.53128396985079,3361395359
iw,-82.1391525268554,-85.7439804077148,85.96656870937355,-140.394504716615,3361412026
iw,-83.798469543457,-84.3981475830078,86.17253305035484,-151.1257687094718,3361428693
iw,-85.4418563842773,-82.2823028564453,83.8836888304678,-158.33433171154635,3361445360
iw,-87.0552368164062,-79.9488754272461,79.87105167759586,-161.6754473879782,3361462027
iw,-88.63916015625,-77.5789947509765,75.27684404190337,-160.9437773933139,3361478694
iw,-90.0,-75.1838989257812,71.34700036442503,-156.18849006611632,3361495361
iw,-88.8417434692382,-72.862319946289,69.12150790940953,-147.80220047603535,3361512028
iw,-87.4986114501953,-70.6033096313476,69.17950929821524,-136.53911010220264,3361528695
iw,-86.2329864501953,-68.4512634277343,71.52053846148097,-123.43703603183822,3361545362
iw,-84.9540328979492,-66.4782333374023,75.6138617159121,-109.64795417354158,3361562029
iw,-83.5580444335937,-64.8166427612304,80.5879371442946,-96.21537412793812,3361578696
iw,-81.9846267700195,-63.4897727966308,85.48675632672034,-83.865042862337,3361595363
iw,-80.3382263183593,-62.3078422546386,89.50425073265761,-72.88444992986409,3361612030
iw,-78.8096847534179,-61.0638465881347,92.1247728859271,-63.14285003731143,3361628697
iw,-77.409927368164,-59.7483863830566,93.14003798673974,-54.24735153163097,3361645364
iw,-76.0373992919921,-58.7345809936523,92.56446511891649,-45.767283513754144,3361662031
iw,-74.6549224853515,-58.1468353271484,90.50828564966083,-37.42838105910575,3361678698
iw,-73.1664657592773,-57.7803153991699,87.07258109017845,-29.202688232899327,3361695365
iw,-71.6569137573242,-57.5133438110351,82.30231280604349,-21.2811172196979,3361712032
iw,-70.241455078125,-57.2040634155273,76.19173818803473,-13.96944654568816,3361728699
iw,-69.003303527832,-57.0439643859863,68.70732678798825,-7.565487622868705,3361745366
iw,-68.0086975097656,-57.0418548583984,59.79228374199645,-2.259770936634675,3361762033
iw,-67.2986984252929,-57.1048583984375,49.3412921702811,1.9226245390009693,3361778700
iw,-66.8365402221679,-57.3041267395019,37.166594186736226,5.138838392172177,3361795367
iw,-66.5802307128906,-57.6993293762207,22.99630166087601,7.7094757410652015,3361812034
iw,-66.4624481201171,-58.2278671264648,6.5398886390573985,10.068279354705412,3361828701
iw,-66.565559387207,-58.6127967834472,-12.37501040131249,12.681836074159433,3361845368
iw,-66.868049621582,-59.1597328186035,-33.631758285458396,15.947177380282348,3361862035
iw,-67.5237503051757,-59.8293380737304,-56.68779467952755,20.089290373917922,3361878702
iw,-68.7779769897461,-60.8166999816894,-80.54153765724925,25.089955681563772,3361895369
iw,-70.4847412109375,-61.9303932189941,-103.84056341360187,30.67482121062396,3361912036
iw,-72.5990142822265,-62.9460067749023,-125.11346798451218,36.37062967909279,3361928703
iw,-75.1726837158203,-63.9280776977539,-143.05520753300453,41.62519223035741,3361945370
iw,-77.7768096923828,-65.0526046752929,-156.7708406939277,45.961927189751854,3361962037
iw,-80.217170715332,-66.3780136108398,-165.89832951528948,49.12464657669973,3361978704
iw,-82.5932922363281,-67.6924667358398,-170.58190773137918,51.16621086107016,3361995371
iw,-84.7931976318359,-68.9254913330078,-171.3296120469071,52.4502926776918,3362012038
iw,-86.4791946411132,-70.2045745849609,-168.82982634059826,53.56276923167292,3362028705
iw,-86.8111343383789,-71.518684387207,-163.80203253433427,55.15713025879294,3362045372
iw,-85.2418518066406,-72.8689956665039,-156.9208412389592,57.776979923006095,3362062039
iw,-83.0364990234375,-74.2093963623046,-148.80284487890268,61.704060939911244,3362078706
iw,-80.7455825805664,-75.5533447265625,-140.01031155457517,66.8733683163906,3362095373
iw,-78.5979461669921,-76.9668273925781,-131.02281911144976,72.88029089346436,3362112040
iw,-76.6376724243164,-78.5122985839843,-122.15786849376501,79.08040035645095,3362128707
iw,-74.8611145019531,-80.1586990356445,-113.46635780506897,84.75507309534638,3362145374
iw,-73.2383499145507,-81.8575820922851,-104.6633964232314,89.29449803907809,3362162041
iw,-71.7393035888671,-83.5637969970703,-95.15968259203234,92.34309094972781,3362178708
iw,-70.3047790527343,-85.217056274414,-84.22699727627489,93.86415352163104,3362195375
iw,-68.7746505737304,-86.807632446289,-71.27240468160144,94.10601540055082,3362212042
iw,-67.4676971435546,-88.3004989624023,-56.1333439304874,93.48172143056445,3362228709
iw,-66.5068969726562,-89.3571548461914,-39.27233497910629,92.39966625810835,3362245376
iw,-66.2792663574218,-88.5789413452148,-21.77145950681105,91.09708460838597,3362262043
iw,-66.2708358764648,-87.225830078125,-5.102473425662888,89.52836334871846,3362278710
iw,-66.8654098510742,-85.7928085327148,9.256497317431458,87.34469713489638,3362295377
iw,-67.3489685058593,-84.3009567260742,20.222249556741623,83.9732670840162,3362312044
iw,-67.8432693481445,-82.7900238037109,27.388618772677717,78.77063061391532,3362328711
iw,-68.605224609375,-81.3467407226562,31.107815340395046,71.19827792494321,3362345378
iw,-69.2626571655273,-80.1770477294921,32.36687546930941,60.960160397742904,3362362045
iw,-69.6539230346679,-79.3874816894531,32.517163975605726,48.058445025350764,3362378712
iw,-70.0499267578125,-79.016372680664,32.945311481646726,32.75995060229469,3362395379
iw,-70.7019348144531,-78.9560012817382,34.77480923520237,15.50499688929639,3362412046
iw,-71.493667602539,-79.0777130126953,38.66395780381751,-3.188721497908428,3362428713
iw,-72.3119277954101,-79.3315353393554,44.72693190458195,-22.78477694142388,3362445380
iw,-73.2514038085937,-79.8287353515625,52.568368116053804,-42.7408274956668,3362462047
iw,-74.3738861083984,-80.7915420532226,61.403120783687086,-62.50101860729252,3362478714
iw,-75.7727661132812,-82.371826171875,70.22947478092185,-81.50236302529535,3362495381
iw,-77.2741241455078,-84.1056213378906,78.02446248549676,-99.20929905353371,3362512048
iw,-78.7713851928711,-85.9146728515625,83.93028345575058,-115.160741488256,3362528715
iw,-80.2719268798828,-86.9779357910156,87.40573414760556,-128.99921541687505,3362545382
iw,-81.8875656127929,-85.6689453125,88.32528329395304,-140.4606520954478,3362562049
iw,-83.6219100952148,-83.2543640136718,87.01278806471686,-149.32734616179286,3362578716
iw,-85.2847900390625,-80.8571014404296,84.19519032341474,-155.3720316145461,3362595383
iw,-86.8712539672851,-78.6039886474609,80.86600266805132,-158.3350530633446,3362612050
iw,-88.3768310546875,-76.3368835449218,78.07131644036981,-157.9675418036551,3362628717
iw,-90.0,-74.0216598510742,76.6664492047909,-154.14034799209617,3362645384
iw,-88.902114868164,-71.6426239013671,77.11547360263286,-146.9775512411096,3362662051
iw,-87.2785415649414,-69.2708053588867,79.39796532123601,-136.9485169509589,3362678718
iw,-85.7130737304687,-66.9617080688476,83.0485204686924,-124.85853945228497,3362695385
iw,-84.1794052124023,-64.8486938476562,87.30680033936758,-111.71416388438742,3362712052
iw,-82.6775360107421,-63.1442604064941,91.32347051044295,-98.49230290044244,3362728719
iw,-81.0937957763671,-61.8219604492187,94.36031349088991,-85.8922960898549,3362745386
iw,-79.4229660034179,-60.6311950683593,95.9347114729421,-74.1733306197053,3362762053
iw,-77.725715637207,-59.3368110656738,95.87844813841976,-63.15642101461973,3362778720
iw,-76.1594924926757,-58.0259208679199,94.30298968464938,-52.400833869005695,3362795387
iw,-74.7656936645507,-57.0222473144531,91.48822192933422,-41.48110143873144,3362812054
iw,-73.4808197021484,-56.3899192810058,87.73597811147158,-30.2416595123782,3362828721
iw,-72.1926116943359,-56.0939826965332,83.24239005769124,-18.922043443299742,3362845388
iw,-70.7958297729492,-55.9110069274902,78.0321840801677,-8.113028048175815,3362862055
iw,-69.3508071899414,-55.9313316345214,71.96436846302461,1.4212601161691183,3362878722
iw,-68.0389862060546,-56.0755462646484,64.78105372598942,8.977103321053015,3362895389
iw,-67.1238861083984,-56.3471908569335,56.15528893017217,14.12096295278037,3362912056
iw,-66.6132507324218,-56.8665122985839,45.71287142155178,16.820678896578805,3362928723
iw,-66.3204269409179,-57.5117568969726,33.04380566575472,17.474422743590377,3362945390
iw,-66.0962982177734,-58.1171722412109,17.74836819847329,16.836994245502392,3362962057
iw,-66.0232238769531,-58.5278358459472,-0.44685488983308264,15.859750012470743,3362978724
iw,-66.0744552612304,-58.9539527893066,-21.51440595630838,15.478380719593199,3362995391
iw,-66.4638442993164,-59.2982559204101,-44.95796501260196,16.401187175869563,3363012058
iw,-67.4562911987304,-60.1742134094238,-69.7397900528945,18.95698591974408,3363028725
iw,-69.0282211303711,-61.1148796081543,-94.36742674708718,23.045994649513684,3363045392
iw,-71.1339721679687,-61.9089431762695,-117.13946559180982,28.20359102355868,3363062059
iw,-73.6298599243164,-62.8714485168457,-136.47964307186118,33.75205816263965,3363078726
iw,-76.2550430297851,-63.9156188964843,-151.24832777696824,38.993711193279175,3363095393
iw,-78.6887283325195,-65.0752029418945,-160.9305220538053,43.39374622399454,3363112060
iw,-81.0583343505859,-66.4417419433593,-165.65345204101808,46.70871555721483,3363128727
iw,-83.4190979003906,-67.7014617919921,-166.0554527024501,49.03194015223972,3363145394
iw,-85.5733184814453,-68.9242706298828,-163.07594964118118,50.74758526448991,3363162061
iw,-87.12744140625,-70.146125793457,-157.74448683819855,52.4081731479678,3363178728
iw,-86.8972015380859,-71.4184494018554,-151.02114913389713,54.57090911118832,3363195395
iw,-85.1470413208007,-72.7065963745117,-143.70267844221786,57.63882280742027,3363212062
iw,-83.0562973022461,-74.0261535644531,-136.37834970195502,61.74923071666719,3363228729
iw,-80.9086532592773,-75.3490142822265,-129.40869865233117,66.73710803014052,3363245396
iw,-78.8233871459961,-76.7568893432617,-122.90901728379885,72.18043680627386,3363262063
iw,-76.8873825073242,-78.2979736328125,-116.73888964294504,77.51311851821697,3363278730
iw,-75.1361007690429,-79.8842544555664,-110.51616810406756,82.17253509560166,3363295397
iw,-73.4845504760742,-81.4476013183593,-103.67904827248066,85.73856772594829,3363312064
iw,-71.9205093383789,-82.9835968017578,-95.60881229316396,88.02387702290143,3363328731
iw,-70.4108047485351,-84.4789123535156,-85.80014187112296,89.09160810804946,3363345398
iw,-68.9414138793945,-85.8970642089843,-74.03560927110571,89.19985656658224,3363362065
iw,-67.7006683349609,-87.1776351928711,-60.502398266454875,88.6934260053329,3363378732
iw,-66.8875427246093,-88.1814575195312,-45.797655983584114,87.87686991452209,3363395399
iw,-66.6263961791992,-88.4077529907226,-30.80759951014518,86.90655300336402,3363412066
iw,-66.4216918945312,-87.5867080688476,-16.498680231455566,85.73311598895205,3363428733
iw,-66.4471435546875,-86.3408813476562,-3.696317028487657,84.10987007881408,3363445400
iw,-66.4029083251953,-84.971694946289,7.075504147520645,81.66053355358366,3363462067
iw,-66.7376861572265,-83.5394058227539,15.657411787397972,77.97840387924073,3363478734
iw,-67.3489532470703,-82.1754989624023,22.226875159007363,72.71751177412058,3363495401
iw,-67.9020843505859,-81.0464096069336,27.208430836200396,65.64136738747321,3363512068
iw,-68.3167037963867,-80.1934051513671,31.153334724286836,56.61694079580074,3363528735
iw,-68.777099609375,-79.5348968505859,34.61860923992479,45.57149406353775,3363545402
iw,-69.3361129760742,-79.1157913208007,38.0765778788947,32.45171615066818,3363562069
iw,-70.3243103027343,-78.8987808227539,41.87794966899129,17.224599812866202,3363578736
iw,-71.8169784545898,-78.8109054565429,46.26420167309719,-0.06410533635106797,3363595403
iw,-73.0729293823242,-78.9135131835937,51.391455081837954,-19.1938952730423,3363612070
iw,-73.7386322021484,-79.3096237182617,57.319606730434764,-39.685627382677254,3363628737
iw,-74.589126586914,-80.3211288452148,63.954095230108486,-60.78474620764682,3363645404
iw,-75.9742355346679,-81.8983306884765,70.97881549005032,-81.5396978225102,3363662071
iw,-77.5543518066406,-83.6829528808593,77.84086035287477,-100.95591375944166,3363678738
iw,-79.0629806518554,-85.5437698364257,83.82303211206016,-118.16549702780384,3363695405
iw,-80.6017532348632,-86.6547317504882,88.19466698808398,-132.54519574915838,3363712072
iw,-82.2529602050781,-85.7866744995117,90.39880126734018,-143.74346198059357,3363728739
iw,-83.9895401000976,-83.6719741821289,90.22222262242308,-151.62327604949874,3363745406
iw,-85.7222671508789,-81.3729248046875,87.89628766263642,-156.16681726029114,3363762073
iw,-87.51904296875,-79.0963287353515,84.08843751641653,-157.40238787340593,3363778740
iw,-89.2274780273437,-76.7947463989257,79.77207275686817,-155.39634691628473,3363795407
iw,-90.0,-74.4746627807617,76.00350695616748,-150.3120518874427,3363812074
iw,-88.2389678955078,-72.1616744995117,73.67276870941888,-142.495502683799,3363828741
iw,-86.7683868408203,-69.8726501464843,73.30825896810386,-132.5257857662079,3363845408
iw,-85.3570022583007,-67.6636276245117,74.99277817938346,-121.17856008841505,3363862075
iw,-83.9883651733398,-65.6626968383789,78.40128797128324,-109.2890165674098,3363878742
iw,-82.5665588378906,-63.9853172302246,82.92549406489292,-97.55191208289223,3363895409
iw,-81.0375061035156,-62.5842590332031,87.82864242581591,-86.338356282071,3363912076
iw,-79.4734268188476,-61.2783126831054,92.3795434035237,-75.6186198543123,3363928743
iw,-77.9421310424804,-59.9605369567871,95.93808458196106,-65.04414420955425,3363945410
iw,-76.4550628662109,-58.7355232238769,97.99262688244765,-54.17063967353641,3363962077
iw,-74.9329833984375,-57.7769050598144,98.17078657274955,-42.73295549517259,3363978744
iw,-73.2653350830078,-57.1472625732421,96.24898684507072,-30.852039338863584,3363995411
iw,-71.5573806762695,-56.8826255798339,92.16986556542298,-19.08327061259165,3364012078
iw,-69.9266967773437,-56.9191436767578,86.05077724707141,-8.287279625235595,3364028745
iw,-68.5411758422851,-57.0015220642089,78.15171896922982,0.6203740033106051,3364045412
iw,-67.447998046875,-57.054874420166,68.78239529743402,6.9431669072116025,3364062079
iw,-66.6157073974609,-57.3828773498535,58.162786747150136,10.411246745227212,3364078746
iw,-66.0628585815429,-57.8154907226562,46.28936867281024,11.273278772871262,3364095413
iw,-65.7136306762695,-58.2580528259277,32.876579997223665,10.265024303866477,3364112080
iw,-65.4886093139648,-58.6814002990722,17.42708948225799,8.470774544412032,3364128747
iw,-65.3671112060546,-58.9553108215332,-0.5627220129710884,7.104149998976875,3364145414
iw,-65.3504333496093,-59.0216255187988,-21.31710672775848,7.247484556284448,3364162081
iw,-65.6946716308593,-59.3970184326171,-44.519478742245816,9.607117604165579,3364178748
iw,-66.6422119140625,-60.164321899414,-69.18959373153115,14.350648630831007,3364195415
iw,-68.2883377075195,-60.8821907043457,-93.77158636351476,21.075947142099608,3364212082
iw,-70.4570617675781,-61.6284370422363,-116.42367362110146,28.923373726700422,3364228749
iw,-72.9576110839843,-62.6859397888183,-135.41741359771893,36.80072278414516,3364245416
iw,-75.5612258911132,-63.8977813720703,-149.51131002796612,43.660217175270816,3364262083
iw,-77.9756851196289,-65.1773529052734,-158.18003867801804,48.75439956851063,3364278750
iw,-80.2798614501953,-66.5593109130859,-161.64440666111932,51.805453622196886,3364295417
iw,-82.5457077026367,-67.8446350097656,-160.723866249722,53.04886477993552,3364312084
iw,-84.6789932250976,-69.0854187011718,-156.58726130510811,53.14825431311642,3364328751
iw,-86.5317459106445,-70.3633804321289,-150.49060999343024,53.01127475992351,3364345418
iw,-87.4043731689453,-71.7060623168945,-143.5684066385956,53.557647590914186,3364362085
iw,-86.3487014770507,-73.0674438476562,-136.70584931173676,55.49632348223434,3364378752
iw,-84.5160598754882,-74.4004287719726,-130.48335263114262,59.161318305873145,3364395419
iw,-82.4645156860351,-75.7474899291992,-125.16582091969586,64.44021444263358,3364412086
iw,-80.4314575195312,-77.1962890625,-120.71149452968858,70.80942199222149,3364428753
iw,-78.5229339599609,-78.8101425170898,-116.79170192787396,77.46690024318355,3364445420
iw,-76.772964477539,-80.5143585205078,-112.8313452751969,83.5283927590868,3364462087
iw,-75.0952758789062,-82.2192916870117,-108.0895043461044,88.23485256804912,3364478754
iw,-73.4157104492187,-83.8708114624023,-101.79281368935057,91.11581682017051,3364495421
iw,-71.7758255004882,-85.468879699707,-93.3109169315412,92.06876499827948,3364512088
iw,-70.2532043457031,-87.0183029174804,-82.33427458070267,91.34098913634952,3364528755
iw,-68.9758605957031,-88.4747924804687,-68.99808265887869,89.42693967262191,3364545422
iw,-68.0198974609375,-89.6384658813476,-53.90479774173212,86.91256519654543,3364562089
iw,-67.4855651855468,-88.6436157226562,-38.0294107494262,84.3068551930522,3364578756
iw,-67.1546630859375,-87.3011474609375,-22.530459184506505,81.90052523044164,3364595423
iw,-66.9453048706054,-85.977912902832,-8.517227753537908,79.6837325002788,3364612090
iw,-67.0417861938476,-84.7025070190429,3.170086505983037,77.34046915237562,3364628757
iw,-67.3857955932617,-83.3917083740234,12.120936403043288,74.31917984585674,3364645424
iw,-67.9154357910156,-82.0282897949218,18.425182725939774,69.95976494041301,3364662091
iw,-68.4585189819336,-80.724983215332,22.639204743051526,63.64043579247973,3364678758
iw,-68.8954467773437,-79.7226486206054,25.65189552971261,54.90128466559238,3364695425
iw,-69.3232879638671,-79.09228515625,28.480072377984683,43.512614697672824,3364712092
iw,-69.8170700073242,-78.7508392333984,32.04467649405084,29.483559539491225,3364728759
iw,-70.5458984375,-78.6627120971679,36.98429938610129,13.034712048261106,3364745426
iw,-71.5059738159179,-78.7323303222656,43.54621261652839,-5.432480519302797,3364762093
iw,-72.5621643066406,-78.9317855834961,51.56659166169473,-25.353658972863162,3364778760
iw,-73.5705184936523,-79.4792556762695,60.52697326465425,-46.01973631735922,3364795427
iw,-74.9378204345703,-80.6887512207031,69.66259850790765,-66.6237170493816,3364812094
iw,-76.5020675659179,-82.4607925415039,78.09765246759329,-86.35032956162001,3364828761
iw,-78.0281753540039,-84.3199768066406,84.98613253363412,-104.48776873216212,3364845428
iw,-79.5915145874023,-86.1512222290039,89.64385376012639,-120.5149783701767,3364862095
iw,-81.192642211914,-87.0276412963867,91.66526998860527,-134.12377690880263,3364878762
iw,-82.9318161010742,-85.6159515380859,91.01899521991177,-145.1674232138889,3364895429
iw,-84.6917190551757,-83.2324447631836,88.10224056485208,-153.56272707294292,3364912096
iw,-86.3776092529296,-80.8126525878906,83.7194893609933,-159.19375671004275,3364928763
iw,-88.0249404907226,-78.4731292724609,78.95742609333399,-161.86586251002592,3364945430
iw,-89.7323913574218,-76.0560150146484,74.96456468392718,-161.33922469738278,3364962097
iw,-89.2736892700195,-73.5907211303711,72.6920742948512,-157.4364441600007,3364978764
iw,-87.8404312133789,-71.0950469970703,72.68060798731045,-150.18162330882907,3364995431
iw,-86.3010101318359,-68.5951843261718,74.96542374828095,-139.9061829441673,3365012098
iw,-84.7366790771484,-66.1836013793945,79.12306856873046,-127.2624223163297,3365028765
iw,-83.2009582519531,-64.0060577392578,84.4247334251431,-113.12138707681292,3365045432
iw,-81.6733856201171,-62.2658004760742,90.02624693608186,-98.38476249515791,3365062099
iw,-80.1514205932617,-60.8933448791503,95.12762139848583,-83.78679066471705,3365078766
iw,-78.5877914428711,-59.5998611450195,99.06635819948553,-69.77385896004,3365095433
iw,-76.9889221191406,-58.2823944091796,101.34555494877031,-56.512612948626504,3365112100
iw,-75.3429183959961,-57.1800880432128,101.62145290632822,-44.008265489151334,3365128767
iw,-73.6650009155273,-56.4776649475097,99.67885076360211,-32.255862080314145,3365145434
iw,-72.0372772216796,-56.1296806335449,95.41116445276478,-21.338717650320163,3365162101
iw,-70.4606781005859,-56.0515327453613,88.80502828949359,-11.4338834770768,3365178768
iw,-69.0017852783203,-56.0545043945312,79.91768141623635,-2.747409128645815,3365195435
iw,-67.8002471923828,-56.031265258789,68.83577718960308,4.5639655610065395,3365212102
iw,-66.9910125732421,-56.2837562561035,55.618097704693376,10.4411949461719,3365228769
iw,-66.53076171875,-56.7356185913085,40.246360480653074,14.936260793545108,3365245436
iw,-66.3780517578125,-57.3576545715332,22.62419729115253,18.210533069755286,3365262103
iw,-66.3428192138671,-58.0150337219238,2.6576725227359765,20.532139578942758,3365278770
iw,-66.3327026367187,-58.5341339111328,-19.585783195016003,22.264972455820413,3365295437
iw,-66.6234130859375,-59.2920722961425,-43.69540529737756,23.832570782883632,3365312104
iw,-67.6277618408203,-60.5843811035156,-68.80266984131582,25.650401346272346,3365328771
iw,-69.1752243041992,-61.7848587036132,-93.61264832727089,28.03695307838493,3365345438
iw,-71.2650985717773,-62.4691772460937,-116.59819879464708,31.12730677263735,3365362105
iw,-73.7922210693359,-63.2786293029785,-136.29759814982518,34.8231432516637,3365378772
iw,-76.4546966552734,-64.47216796875,-151.60846476602788,38.81447795044804,3365395439
iw,-78.9602279663086,-65.8475036621093,-161.9759754775946,42.68565742757115,3365412106
iw,-81.3723373413086,-67.294563293457,-167.42491132886144,46.074434220548916,3365428773
iw,-83.7471237182617,-68.6753768920898,-168.45296464232334,48.81871673386389,3365445440
iw,-85.9263381958007,-70.0461120605468,-165.85109630217462,51.02770336278006,3365462107
iw,-87.4117736816406,-71.4322204589843,-160.52517876679292,53.048814373062086,3365478774
iw,-86.8416671752929,-72.8504562377929,-153.36702239172956,55.34465674315992,3365495441
iw,-84.8619155883789,-74.2655410766601,-145.18340637663113,58.3249907709174,3365512108
iw,-82.6675949096679,-75.6409454345703,-136.66005973085137,62.19113941989194,3365528775
iw,-80.4824600219726,-77.0112686157226,-128.32665692695582,66.845515775119,3365545442
iw,-78.4277267456054,-78.4689788818359,-120.50137779886762,71.89838216378396,3365562109
iw,-76.5532684326171,-80.011116027832,-113.22132006025126,76.7715644218229,3365578776
iw,-74.8810272216796,-81.6037063598632,-106.19305946725905,80.86497680089795,3365595443
iw,-73.3034133911132,-83.1844482421875,-98.81035669263348,83.72995445458209,3365612110
iw,-71.7516403198242,-84.6829757690429,-90.2730939912755,85.19221285851054,3365628777
iw,-70.2719650268554,-86.1151657104492,-79.80385152695489,85.38592335934788,3365645444
iw,-68.9415969848632,-87.4780349731445,-66.91123121302438,84.69016829037304,3365662111
iw,-67.8700942993164,-88.6377182006836,-51.61551728967718,83.5887993533218,3365678778
iw,-67.0956649780273,-89.0308609008789,-34.550958230660385,82.49639734350659,3365695445
iw,-66.8727340698242,-88.1848983764648,-16.893326486972025,81.60289217582101,3365712112
iw,-66.9905548095703,-86.9650115966796,-0.1195222317854954,80.78535869214559,3365728779
iw,-67.5136947631836,-85.6181411743164,14.33420906681398,79.6161039885158,3365745446
iw,-68.0292053222656,-84.1747589111328,25.41217960537129,77.46433559186559,3365762113
iw,-68.7676010131836,-82.7308349609375,32.67669231212185,73.65508001657078,3365778780
iw,-69.6009674072265,-81.4450149536132,36.38116273776642,67.62879357939426,3365795447
iw,-70.2769546508789,-80.410400390625,37.371481700668646,59.049236089266515,3365812114
iw,-70.755386352539,-79.6567001342773,36.8569535290898,47.83442080596918,3365828781
iw,-71.2738037109375,-79.2182006835937,36.12358142235143,34.12171243233434,3365845448
iw,-71.9704284667968,-79.0306625366211,36.269954362658225,18.204492847824003,3365862115
iw,-72.8274459838867,-79.0481262207031,38.02630438256992,0.4813466329699211,3365878782
iw,-73.6992950439453,-79.2227630615234,41.67950398837481,-18.560975843190644,3365895449
iw,-74.4968643188476,-79.6482543945312,47.09214859632649,-38.340255359012396,3365912116
iw,-75.4601593017578,-80.5650177001953,53.78752921318224,-58.17878138735443,3365928783
iw,-76.7901611328125,-82.0395736694336,61.070223457103744,-77.34004518247936,3365945450
iw,-78.0962905883789,-83.7624435424804,68.15396116365304,-95.10549318661461,3365962117
iw,-79.4258651733398,-85.5662384033203,74.27577319795994,-110.8640256483423,3365978784
iw,-80.8065567016601,-86.8737564086914,78.79281875870015,-124.17480482237794,3365995451
iw,-82.282485961914,-86.2518997192382,81.27374623046973,-134.7776173020225,3366012118
iw,-83.8765029907226,-84.1750946044921,81.5899239913514,-142.55309376768395,3366028785
iw,-85.4654235839843,-81.8879241943359,79.9841065527851,-147.46052719545938,3366045452
iw,-87.0413742065429,-79.6933212280273,77.07171269613848,-149.4915991171347,3366062119
iw,-88.5920867919921,-77.4938507080078,73.73894363597418,-148.66862833241578,3366078786
iw,-90.0,-75.2423629760742,70.94329950670279,-145.08945578762172,3366095453
iw,-88.9556427001953,-72.9681777954101,69.47148675256742,-138.99126646098392,3366112120
iw,-87.5033111572265,-70.6835098266601,69.73693078919214,-130.78945611975112,3366128787
iw,-86.1368026733398,-68.4446945190429,71.68788239064344,-121.05466202346244,3366145454
iw,-84.8388977050781,-66.4118499755859,74.85406799713658,-110.41870106666335,3366162121
iw,-83.4791717529296,-64.6547622680664,78.50791346762885,-99.43647176032796,3366178788
iw,-81.999282836914,-63.1430854797363,81.8788976084746,-88.45941564499736,3366195455
iw,-80.4852676391601,-61.7493095397949,84.34826077195622,-77.58103433949077,3366212122
iw,-79.0391387939453,-60.3961448669433,85.56574174557502,-66.68877219711422,3366228789
iw,-77.6910018920898,-59.1372261047363,85.46292262241563,-55.607999150618745,3366245456
iw,-76.4009704589843,-58.2243995666503,84.17697429532194,-44.27723605739205,3366262123
iw,-75.1136474609375,-57.605052947998,81.9284874865425,-32.876032781902985,3366278790
iw,-73.8131332397461,-57.2008361816406,78.90492873041654,-21.848606835053463,3366295457
iw,-72.5068588256836,-57.0806083679199,75.18540548943655,-11.81394445614887,3366312124
iw,-71.1674575805664,-57.0278854370117,70.713669813271,-3.4002222245931293,3366328791
iw,-69.8965606689453,-56.9654121398925,65.30126759444019,2.93348258345194,3366345458
iw,-68.9184341430664,-57.1759376525878,58.63528160701312,7.0296402461029075,3366362125
iw,-68.2326431274414,-57.4988899230957,50.279700240341676,9.086010130336478,3366378792
iw,-67.7502975463867,-57.8733482360839,39.6869987814672,9.626777816935293,3366395459
iw,-67.462532043457,-58.2826957702636,26.256564393405156,9.40576502385386,3366412126
iw,-67.3485946655273,-58.5521736145019,9.469793154752143,9.264107560250029,3366428793
iw,-67.2728652954101,-58.8248062133789,-10.905168195694372,9.96859795201947,3366445460
iw,-67.4317779541015,-59.1954345703125,-34.59585026964266,12.060800907655963,3366462127
iw,-68.2296981811523,-59.9731941223144,-60.68549944264864,15.748710016801091,3366478794
iw,-69.5943374633789,-60.807029724121,-87.63308596033843,20.867255174935906,3366495461
iw,-71.5923995971679,-61.6323165893554,-113.48159290763303,26.920207230323552,3366512128
iw,-74.0419235229492,-62.6607780456543,-136.20745495809533,33.197837360599564,3366528795
iw,-76.7020721435546,-63.8199958801269,-154.1063532822122,38.94684646209691,3366545462
iw,-79.3179702758789,-65.0433273315429,-166.09899168588908,43.555230931304884,3366562129
iw,-81.7943878173828,-66.3710708618164,-171.8771530765144,46.70863132480616,3366578796
iw,-84.085205078125,-67.6692428588867,-171.87346074299168,48.47873487730618,3366595463
iw,-86.0105209350586,-68.9315109252929,-167.0962461030248,49.317697964268035,3366612130
iw,-87.02099609375,-70.1907119750976,-158.9000220536009,49.95313335225656,3366628797
iw,-86.185920715332,-71.4938507080078,-148.75677148927468,51.20323161656261,3366645464
iw,-84.3013381958007,-72.7951736450195,-138.06448675932373,53.75570006019114,3366662131
iw,-82.2715530395507,-74.076789855957,-127.99670377118444,57.96958953239587,3366678798
iw,-80.2754669189453,-75.3919830322265,-119.37968458080978,63.75868638353998,3366695465
iw,-78.4496383666992,-76.8023452758789,-112.59131026672489,70.59564705419403,3366712132
iw,-76.7854690551757,-78.3921661376953,-107.49907099696017,77.6404461192789,3366728799
iw,-75.1660919189453,-80.0982131958007,-103.47316960912586,83.95602351820561,3366745466
iw,-73.4508209228515,-81.8186111450195,-99.50613207135554,88.74444690220646,3366762133
iw,-71.7685317993164,-83.4688644409179,-94.43851811652304,91.5317875573838,3366778800
iw,-70.2608413696289,-85.0222473144531,-87.24635219966792,92.25155805966703,3366795467
iw,-68.9205017089843,-86.4939041137695,-77.31459106814656,91.21424422729558,3366812134
iw,-67.7751312255859,-87.8537902832031,-64.61862570046445,88.98684416020474,3366828801
iw,-66.8301010131836,-88.9427947998046,-49.760347774820254,86.22768926463742,3366845468
iw,-66.2250061035156,-88.7866287231445,-33.844264781509466,83.52407450250845,3366862135
iw,-66.1976089477539,-87.5854873657226,-18.22239514637496,81.26778996106661,3366878802
iw,-66.3343963623046,-86.2784347534179,-4.176390611375054,79.58518010098308,3366895469
iw,-66.529426574707,-85.0069961547851,7.371905263008575,78.32264988257661,3366912136
iw,-66.8699264526367,-83.73193359375,16.039682410373796,77.08025119760599,3366928803
iw,-67.2701339721679,-82.3988876342773,22.01166358485534,75.2830227742993,3366945470
iw,-67.9038543701171,-81.0701370239257,25.928495259877593,72.27663909452372,3366962137
iw,-68.5835494995117,-79.8819808959961,28.68186088384182,67.42916855593276,3366978804
iw,-68.8884811401367,-78.8426895141601,31.17781521201169,60.21910161761898,3366995471
iw,-69.2935028076171,-77.9939346313476,34.131049622962045,50.29594403846794,3367012138
iw,-70.0561904907226,-77.4143447875976,37.94306825807548,37.511767457961085,3367028805
iw,-71.0748443603515,-77.1792221069336,42.68886886488635,21.933311292110954,3367045472
iw,-72.0827331542968,-77.1662368774414,48.19320475259784,3.847964352620131,3367062139
iw,-73.2008514404296,-77.3127517700195,54.144735074238305,-16.230169665667297,3367078806
iw,-74.0855331420898,-77.717170715332,60.19651026749022,-37.56366507495366,3367095473
iw,-75.257080078125,-78.6477966308593,66.0264677524266,-59.227568112747065,3367112140
iw,-76.6789245605468,-80.1342544555664,71.35775479677466,-80.19655981520569,3367128807
iw,-78.130256652832,-81.8786849975586,75.95371412415754,-99.47706768252051,3367145474
iw,-79.6171569824218,-83.80419921875,79.6090266076215,-116.24696756383045,3367162141
iw,-81.088882446289,-85.4108505249023,82.15832743262618,-129.95271449567917,3367178808
iw,-82.6119689941406,-85.7837905883789,83.51227082320916,-140.32989876811203,3367195475
iw,-84.2239608764648,-84.7418212890625,83.70951299411342,-147.3495855273402,3367212142
iw,-85.8535766601562,-83.1087493896484,82.95396412006276,-151.12910995163963,3367228809
iw,-87.5410690307617,-81.2493667602539,81.60464751091956,-151.86117947785183,3367245476
iw,-89.2527084350586,-79.0910415649414,80.10486629057804,-149.7979555438802,3367262143
iw,-90.0,-76.7728805541992,78.86882110463581,-145.2853854510525,3367278810
iw,-88.0978240966796,-74.4596176147461,78.16997446387596,-138.80340152119098,3367295477
iw,-86.4997177124023,-72.1688003540039,78.07998506431034,-130.95684566129665,3367312144
iw,-84.9758987426757,-69.9815368652343,78.48479840908787,-122.38858747374489,3367328811
iw,-83.5392913818359,-67.9228210449218,79.16734223624957,-113.63418279982922,3367345478
iw,-82.1279983520507,-66.1060409545898,79.9162870559498,-104.97805772361356,3367362145
iw,-80.712532043457,-64.3661270141601,80.61289333395938,-96.38160816177191,3367378812
iw,-79.3214645385742,-62.7177276611328,81.26216615929035,-87.52735381511307,3367395479
iw,-77.9848709106445,-61.1478576660156,81.95935397284971,-77.97263039345006,3367412146
iw,-76.6578521728515,-59.8397521972656,82.8072900703386,-67.35688590976255,3367428813
iw,-75.3056564331054,-58.8817710876464,83.81641807407101,-55.58444274544762,3367445480
iw,-73.9203186035156,-58.1197280883789,84.82303489389919,-42.91934159342733,3367462147
iw,-72.5313720703125,-57.5932273864746,85.45261906358841,-29.96747798680426,3367478814
iw,-71.0995407104492,-57.3287849426269,85.13907909252413,-17.560275029325126,3367495481
iw,-69.6547012329101,-57.2342948913574,83.19355029979275,-6.578792757539348,3367512148
iw,-68.2645416259765,-57.1664428710937,78.90276734187289,2.2347181992453207,3367528815
iw,-66.9851531982421,-57.308006286621,71.63077526958952,8.436552444241961,3367545482
iw,-65.9319458007812,-57.7048454284668,60.9016624224626,11.985094269071116,3367562149
iw,-65.2779693603515,-58.2634353637695,46.454887204947546,13.272311317510244,3367578816
iw,-65.0182800292968,-58.9397468566894,28.282667317193134,13.071412273533536,3367595483
iw,-64.9759902954101,-59.33984375,6.668871359436619,12.394764479738086,3367612150
iw,-65.0136642456054,-59.4174270629882,-17.761171721928786,12.278383019901936,3367628817
iw,-65.4283981323242,-59.870677947998,-44.00017570725907,13.544645228057249,3367645484
iw,-66.4023284912109,-60.8824081420898,-70.67639587959414,16.616552836354543,3367662151
iw,-67.9442367553711,-61.9324798583984,-96.17609682223198,21.441304611614246,3367678818
iw,-70.1913146972656,-62.6480407714843,-118.87571848741091,27.537715308964337,3367695485
iw,-72.7423858642578,-63.3141059875488,-137.42749178555468,34.143229176199725,3367712152
iw,-75.3321990966796,-64.3081970214843,-151.0021619017127,40.41825338967568,3367728819
iw,-77.7556915283203,-65.5443420410156,-159.40198716231643,45.65890664167036,3367745486
iw,-80.1376953125,-66.9166641235351,-163.0129758747177,49.46576401034121,3367762153
iw,-82.4602966308593,-68.1897659301757,-162.6334919017984,51.82370061569012,3367778820
iw,-84.5849990844726,-69.3515319824218,-159.25748693368962,53.0739424295083,3367795487
iw,-86.411880493164,-70.5679855346679,-153.88792144917116,53.794524278427616,3367812154
iw,-87.2548446655273,-71.8958282470703,-147.42097486828365,54.63105340135265,3367828821
iw,-86.1876144409179,-73.258316040039,-140.59842817418553,56.12612124123101,3367845488
iw,-84.3353881835937,-74.5888061523437,-133.9950916131909,58.58735400148463,3367862155
iw,-82.3252487182617,-75.8765487670898,-128.0024820551309,62.02079243250692,3367878822
iw,-80.3179550170898,-77.1724853515625,-122.7890367596474,66.14252151540116,3367895489
iw,-78.3750381469726,-78.5805435180664,-118.24778168307152,70.46533879023416,3367912156
iw,-76.5611953735351,-80.0659790039062,-113.9663485109264,74.4378887867201,3367928823
iw,-74.7643203735351,-81.5715866088867,-109.25928002811618,77.59654941657178,3367945490
iw,-73.0264053344726,-83.0579605102539,-103.28595852412889,79.68429179264425,3367962157
iw,-71.4112167358398,-84.4818954467773,-95.24487859739124,80.7006887357724,3367978824
iw,-69.8737258911132,-85.8429183959961,-84.59925870796931,80.87009937939185,3367995491
iw,-68.5540695190429,-87.1678619384765,-71.2662642325826,80.54177329543121,3368012158
iw,-67.5481719970703,-88.4589614868164,-55.70416407499721,80.05644836182461,3368028825
iw,-66.9662933349609,-90.0,-38.860315650180695,79.62249144243609,3368045492
iw,-66.7242584228515,-89.0440673828125,-21.988331160634402,79.23900769270838,3368062159
iw,-66.7418365478515,-87.6294174194336,-6.3865018232169435,78.68620413688821,3368078826
iw,-66.8063278198242,-86.2403182983398,6.868215029935957,77.58043809795592,3368095493
iw,-67.0621948242187,-84.8601989746093,17.124211286232214,75.47039443278254,3368112160
iw,-67.6970748901367,-83.5009231567382,24.258614588484182,71.93878317223952,3368128827
iw,-68.5049438476562,-82.2543029785156,28.66883889521921,66.6749180489291,3368145494
iw,-69.1165313720703,-81.2705764770507,31.158813024017793,59.49758902647687,3368162161
iw,-69.5245132446289,-80.5464935302734,32.74388594130514,50.33054361651739,3368178828
iw,-69.8874435424804,-79.9466094970703,34.42312397680367,39.155527370869784,3368195495
iw,-70.6696853637695,-79.557991027832,36.98412711659907,25.978451328823812,3368212162
iw,-71.6958541870117,-79.4499359130859,40.89023052193036,10.835967916253487,3368228829
iw,-72.7241821289062,-79.4986801147461,46.256851721406704,-6.1535292584101535,3368245496
iw,-73.5625534057617,-79.712776184082,52.887175238606325,-24.717082925683446,3368262163
iw,-74.3990020751953,-80.2973709106445,60.33402507599151,-44.37251546474209,3368278830
iw,-75.8178329467773,-81.4968872070312,67.974196584316,-64.42976174706268,3368295497
iw,-77.3335723876953,-83.0161819458007,75.09478269571697,-84.06110525986557,3368312164
iw,-78.8627090454101,-84.5657043457031,80.98890849541412,-102.4173217643049,3368328831
iw,-80.3278579711914,-85.7138519287109,85.05501427958845,-118.74279155033537,3368345498
iw,-81.8132934570312,-85.4861221313476,86.89721312772227,-132.44612655943266,3368362165
iw,-83.4606704711914,-83.8479843139648,86.4223164594402,-143.10960604507272,3368378832
iw,-85.1886749267578,-81.8170776367187,83.91200762320511,-150.45423714408324,3368395499
iw,-86.8484954833984,-79.7851943969726,80.02912604436953,-154.30069842756683,3368412166
iw,-88.5083923339843,-77.7384796142578,75.72024361691682,-154.56729584251596,3368428833
iw,-90.0,-75.5440826416015,72.01355660585952,-151.32072233274494,3368445500
iw,-88.7225189208984,-73.312873840332,69.7645872378003,-144.8553344310627,3368462167
iw,-87.3595886230468,-71.0688552856445,69.43861511264893,-135.7455882501477,3368478834
iw,-86.0433883666992,-68.8977890014648,71.01263490252617,-124.81543873334967,3368495501
iw,-84.7862091064453,-66.9598083496093,74.03172898697899,-113.0023642516461,3368512168
iw,-83.4361267089843,-65.2911911010742,77.79076506205455,-101.14744256676452,3368528835
iw,-81.9779663085937,-63.8381195068359,81.56466150146355,-89.7899343259157,3368545502
iw,-80.505142211914,-62.4786491394043,84.79870239503923,-79.05820991712085,3368562169
iw,-79.0822372436523,-61.1414413452148,87.19509375814195,-68.71562873270486,3368578836
iw,-77.7663650512695,-59.8691787719726,88.67973248260789,-58.352274129914015,3368595503
iw,-76.4525680541992,-58.8558502197265,89.28353256574329,-47.645088599380074,3368612170
iw,-75.1034164428711,-58.1407852172851,89.00469517682619,-36.57607962130071,3368628837
iw,-73.6889724731445,-57.680061340332,87.71875762788876,-25.517387458670612,3368645504
iw,-72.1995162963867,-57.5341186523437,85.17311107536345,-15.1513684548161,3368662171
iw,-70.6415252685546,-57.5994033813476,81.0570545499701,-6.263059891589583,3368678838
iw,-69.1180343627929,-57.665786743164,75.09935205448919,0.509870379237176,3368695505
iw,-67.8696899414062,-57.7183380126953,67.13220601150047,4.877459066438704,3368712172
iw,-67.0667495727539,-57.9762573242187,57.08252094881806,6.988312633487688,3368728839
iw,-66.6131362915039,-58.391990661621,44.900055139089275,7.400304984193422,3368745506
iw,-66.3693618774414,-58.7703170776367,30.481073063131397,6.9563309474112565,3368762173
iw,-66.3155517578125,-59.0413017272949,13.662876697237309,6.602617035960486,3368778840
iw,-66.2467269897461,-59.1236953735351,-5.6677315938551915,7.189054264689598,3368795507
iw,-66.1685104370117,-59.4767951965332,-27.377253940617532,9.29514494306648,3368812174
iw,-66.7251358032226,-60.2533874511718,-50.89056369305024,13.124574146736462,3368828841
iw,-67.9300689697265,-61.2248191833496,-75.1101131186407,18.49340258996926,3368845508
iw,-69.5862274169921,-62.072280883789,-98.51882478929915,24.905928405671947,3368862175
iw,-71.7966766357421,-63.0286102294921,-119.45295924584924,31.687622399760944,3368878842
iw,-74.2666625976562,-64.1520309448242,-136.454896023776,38.137368596024686,3368895509
iw,-76.7620010375976,-65.2874221801757,-148.5846577408123,43.6664706688098,3368912176
iw,-79.1670532226562,-66.5350799560546,-155.59159399365268,47.90166478507319,3368928843
iw,-81.5494537353515,-67.8526458740234,-157.9060514528538,50.74104753407867,3368945510
iw,-83.8084716796875,-69.0808639526367,-156.47468288889388,52.36206529723182,3368962177
iw,-85.7843933105468,-70.3433609008789,-152.50583438368304,53.18460648053958,3368978844
iw,-87.3052902221679,-71.687026977539,-147.20315188890584,53.79078218145763,3368995511
iw,-87.194465637207,-73.0356063842773,-141.55134925339235,54.80425694188159,3369012178
iw,-85.6151428222656,-74.3334732055664,-136.18903978754443,56.74308659837929,3369028845
iw,-83.6106719970703,-75.5895004272461,-131.37173855932105,59.87883850963048,3369045512
iw,-81.4645690917968,-76.8710021972656,-127.00479949709364,64.148485292341,3369062179
iw,-79.3541259765625,-78.2838363647461,-122.71724435611645,69.15886476150865,3369078846
iw,-77.4145965576171,-79.8443145751953,-117.95240112148514,74.29252633198907,3369095513
iw,-75.6297607421875,-81.4330596923828,-112.06472775403418,78.88251785000847,3369112180
iw,-73.9174728393554,-83.0202331542968,-104.42545177967662,82.39487085909035,3369128847
iw,-72.3306274414062,-84.5329132080078,-94.54269960924107,84.55634605297271,3369145514
iw,-70.9358520507812,-85.994155883789,-82.19065921591974,85.38966673252989,3369162181
iw,-69.6334381103515,-87.4197311401367,-67.5237560320129,85.15434531236167,3369178848
iw,-68.5778198242187,-88.7773132324218,-51.137980933599245,84.22182104479685,3369195515
iw,-67.8982162475586,-89.6948165893554,-34.04190108537145,82.9293568047906,3369212182
iw,-67.6397857666015,-88.4935073852539,-17.51813894758969,81.45704245711049,3369228849
iw,-67.5223922729492,-87.179573059082,-2.8886693642696954,79.76057567531426,3369245516
iw,-67.916030883789,-85.8509750366211,8.766966739673537,77.57431432058235,3369262183
iw,-68.2991256713867,-84.5129470825195,16.866756731439022,74.47853845285871,3369278850
iw,-68.8962020874023,-83.164680480957,21.478214111725844,70.00608895599693,3369295517
iw,-69.5049591064453,-81.9269332885742,23.314382732534288,63.75206083280031,3369312184
iw,-70.0387954711914,-80.9185791015625,23.56558114319327,55.45170618822744,3369328851
iw,-70.3604660034179,-80.2115020751953,23.610357001785125,45.007857424532794,3369345518
iw,-70.5963592529296,-79.7653045654296,24.689636839382167,32.47375819259037,3369362185
iw,-70.988410949707,-79.5508193969726,27.640742456260817,18.017230278721406,3369378852
iw,-71.6631240844726,-79.5681381225586,32.76445398657501,1.8957721169175596,3369395519
iw,-72.9206924438476,-79.7402725219726,39.8459523590791,-15.542682744650223,3369412186
iw,-74.0005950927734,-80.1333312988281,48.292835349246594,-33.84253117953419,3369428853
iw,-74.9048385620117,-80.9770126342773,57.31869573747335,-52.433360667996546,3369445520
iw,-76.1598205566406,-82.2991104125976,66.10438113537596,-70.65802219138232,3369462187
iw,-77.5142440795898,-83.8491058349609,73.90293793953263,-87.84067446529235,3369478854
iw,-78.9221572875976,-85.4876861572265,80.09430994790168,-103.37414914567024,3369495521
iw,-80.3778457641601,-86.5938339233398,84.22072532401332,-116.79259035376394,3369512188
iw,-81.9578704833984,-85.8609466552734,86.03343639706283,-127.80085728945646,3369528855
iw,-83.6301879882812,-83.841812133789,85.55692126808144,-136.2521167507711,3369545522
iw,-85.2785186767578,-81.6264724731445,83.1422918584723,-142.0902219293593,3369562189
iw,-86.8689956665039,-79.5023651123046,79.46251841418237,-145.2924528823595,3369578856
iw,-88.4542694091796,-77.4259796142578,75.4156112309195,-145.84886779852917,3369595523
iw,-90.0,-75.283447265625,71.94268231279507,-143.79285177454787,3369612190
iw,-88.9324722290039,-73.1081619262695,69.81194444653323,-139.26465038815044,3369628857
iw,-87.5072326660156,-70.8730773925781,69.4418860108277,-132.56570403878612,3369645524
iw,-86.1752624511718,-68.6640472412109,70.8252526733218,-124.16085722953449,3369662191
iw,-84.8817443847656,-66.6598739624023,73.57667411509432,-114.60898048355443,3369678858
iw,-83.5419311523437,-64.8984909057617,77.0801433801214,-104.43957221403332,3369695525
iw,-82.1329345703125,-63.3654670715332,80.67843191808991,-94.02598290768316,3369712192
iw,-80.7022323608398,-61.9521942138671,83.83690200929894,-83.51635690312824,3369728859
iw,-79.2813644409179,-60.5764694213867,86.23033426916493,-72.86124457544992,3369745526
iw,-77.9156875610351,-59.295181274414,87.7354057481143,-61.93038604385918,3369762193
iw,-76.5537033081054,-58.3146247863769,88.34886897747937,-50.6656754415847,3369778860
iw,-75.1499938964843,-57.7092666625976,88.07643370520839,-39.19987593799027,3369795527
iw,-73.6907196044921,-57.3269271850585,86.84009934569627,-27.89079717598243,3369812194
iw,-72.23486328125,-57.0212211608886,84.43400151519234,-17.262928245863563,3369828861
iw,-70.8160705566406,-56.8809356689453,80.5326505851793,-7.885860246822076,3369845528
iw,-69.4910812377929,-56.901927947998,74.73509470926103,-0.23426807611212913,3369862195
iw,-68.3757400512695,-57.0442657470703,66.62259762841927,5.431031661833266,3369878862
iw,-67.5180282592773,-57.4661674499511,55.81548520504886,9.136445185809384,3369895529
iw,-66.9021301269531,-58.0175552368164,42.02914588449216,11.212550213710678,3369912196
iw,-66.5269775390625,-58.6130218505859,25.138683735261388,12.250204066426376,3369928863
iw,-66.4136581420898,-59.0666427612304,5.257862691723841,12.995028345603538,3369945530
iw,-66.4945678710937,-59.3981399536132,-17.179254519483436,14.191759774415083,3369962197
iw,-66.9923477172851,-59.8444366455078,-41.36593624938106,16.412732361983405,3369978864
iw,-68.0487442016601,-60.9046897888183,-66.1397274948397,19.9219099362476,3369995531
iw,-69.484146118164,-61.7702903747558,-90.09410590385853,24.619645218529786,3370012198
iw,-71.3670501708984,-62.5471420288085,-111.77636461517722,30.085517210793295,3370028865
iw,-73.6621704101562,-63.5844192504882,-129.9264112961938,35.70498225635376,3370045532
iw,-76.1470718383789,-64.7735366821289,-143.68925374077816,40.84311201953893,3370062199
iw,-78.5865325927734,-65.9942932128906,-152.73732839318998,45.01754380856311,3370078866
iw,-80.9381561279296,-67.3309555053711,-157.2681889295002,48.024245404427205,3370095533
iw,-83.1897506713867,-68.6350860595703,-157.887826090473,49.98489080543938,3370112200
iw,-85.2665786743164,-69.9017028808593,-155.42974627882964,51.30734866213378,3370128867
iw,-86.9849395751953,-71.1978912353515,-150.77569281397686,52.57157280034188,3370145534
iw,-87.4020309448242,-72.5497131347656,-144.7296694406161,54.36838143876327,3370162201
iw,-85.9777679443359,-73.8987655639648,-137.96230877062206,57.12922147263424,3370178868
iw,-83.986213684082,-75.2034149169921,-131.00614382740662,60.99057600425843,3370195535
iw,-81.8944854736328,-76.4994964599609,-124.26240476196529,65.733731382431,3370212202
iw,-79.8786926269531,-77.8709640502929,-117.98564220054266,70.82532874121796,3370228869
iw,-78.0362854003906,-79.3569717407226,-112.2386348503176,75.55628923733572,3370245536
iw,-76.3370056152343,-80.9126510620117,-106.84114033861208,79.2432209167181,3370262203
iw,-74.6761703491211,-82.4749908447265,-101.35466224501404,81.43046383856088,3370278870
iw,-73.0789642333984,-83.9746170043945,-95.14016328195777,82.02562706491342,3370295537
iw,-71.5961685180664,-85.3591079711914,-87.4975876020451,81.32178801135257,3370312204
iw,-70.2134780883789,-86.635009765625,-77.85915735501455,79.89822668797969,3370328871
iw,-69.001594543457,-87.8416976928711,-65.98072296130047,78.43263454058284,3370345538
iw,-68.0393676757812,-88.9273529052734,-52.06806235294656,77.4851117020004,3370362205
iw,-67.2691574096679,-89.1649093627929,-36.78929407306046,77.3195681198652,3370378872
iw,-66.9856796264648,-88.1473388671875,-21.15649179304202,77.81264484625211,3370395539
iw,-67.1771163940429,-86.8931655883789,-6.302349006109887,78.47159111302227,3370412206
iw,-67.4154205322265,-85.5141525268554,6.781737298111473,78.54994851777177,3370428873
iw,-67.7624816894531,-84.0435256958007,17.461728653874836,77.22171874684015,3370445540
iw,-68.3236236572265,-82.6045532226562,25.565137866227143,73.75830686278982,3370462207
iw,-68.9511947631836,-81.3845977783203,31.353623618386827,67.65455104552166,3370478874
iw,-69.4522247314453,-80.4641189575195,35.39274448062546,58.67320230268532,3370495541
iw,-69.9526901245117,-79.8263320922851,38.37762420246405,46.81419937445429,3370512208
iw,-70.5608367919921,-79.4427032470703,40.977659690625096,32.24829257939254,3370528875
iw,-71.5541610717773,-79.2324676513671,43.74222887340538,15.265012065986188,3370545542
iw,-72.8861007690429,-79.196548461914,47.0698307529723,-3.734252930442012,3370562209
iw,-74.0029907226562,-79.3898544311523,51.2058824325953,-24.20505194002303,3370578876
iw,-74.6411590576171,-79.9317855834961,56.226902743868784,-45.43058994241419,3370595543
iw,-75.5714263916015,-81.1291351318359,62.00021154778186,-66.54108429607922,3370612210
iw,-76.9166870117187,-82.7296524047851,68.15214842729222,-86.60267013792655,3370628877
iw,-78.4056549072265,-84.4641723632812,74.09335396168895,-104.7539722597494,3370645544
iw,-79.9245071411132,-86.048843383789,79.12443453782313,-120.33664052806414,3370662211
iw,-81.3917083740234,-86.3207015991211,82.6042293373131,-132.96525015362496,3370678878
iw,-82.9380569458007,-84.8376007080078,84.13426382180162,-142.51094260061933,3370695545
iw,-84.547492980957,-82.6471099853515,83.70343775508134,-149.01496158400826,3370712212
iw,-86.1596298217773,-80.3825988769531,81.7416078746034,-152.58167166624852,3370728879
iw,-87.8055419921875,-78.1505508422851,79.04989315739333,-153.30873292651506,3370745546
iw,-89.5038681030273,-75.8563690185546,76.61215810637854,-151.28910773208014,3370762213
iw,-90.0,-73.5525894165039,75.33798534793459,-146.6763907087583,3370778880
iw,-88.0185089111328,-71.2654876708984,75.82051284193217,-139.76529818641717,3370795547
iw,-86.4240188598632,-69.0177383422851,78.19128224225874,-131.02613864297805,3370812214
iw,-84.8948135375976,-66.8903579711914,82.11581398729261,-121.0542707186349,3370828881
iw,-83.3781585693359,-64.9692840576171,86.91806454579363,-110.441984891592,3370845548
iw,-81.7958755493164,-63.2850723266601,91.77781002824506,-99.62655778757846,3370862215
iw,-80.1362380981445,-61.7635498046875,95.92951668111951,-88.7890427673389,3370878882
iw,-78.4558715820312,-60.3042449951171,98.80345106055717,-77.86015652513719,3370895549
iw,-76.8220443725586,-58.9200134277343,100.0786939776053,-66.63912840298586,3370912216
iw,-75.2513885498046,-57.7491073608398,99.65142743280563,-54.97432474201326,3370928883
iw,-73.7174987792968,-56.9458236694335,97.54954526116755,-42.92252849888621,3370945550
iw,-72.1798324584961,-56.4687728881835,93.83681302753365,-30.81518013952103,3370962217
iw,-70.6258544921875,-56.2046241760253,88.54216648462598,-19.206704658701042,3370978884
iw,-69.1502227783203,-56.0887031555175,81.62778617918447,-8.733616670447702,3370995551
iw,-67.855239868164,-56.0407333374023,72.98739291348487,0.05549299517827164,3371012218
iw,-66.8499450683593,-56.1601791381835,62.45763355618837,6.840835484296771,3371028885
iw,-66.0725021362304,-56.5864028930664,49.8339440314994,11.609788962421993,3371045552
iw,-65.5750656127929,-57.1730461120605,34.89839115544836,14.665640302839382,3371062219
iw,-65.369888305664,-57.8281059265136,17.475947592100862,16.571782645372945,3371078886
iw,-65.369026184082,-58.303295135498,-2.4716979410558277,18.038562352902275,3371095553
iw,-65.6220779418945,-58.6445121765136,-24.727720789220733,19.768301893084345,3371112220
iw,-66.2006225585937,-59.2213325500488,-48.71585438996757,22.293427808412023,3371128887
iw,-67.2187576293945,-60.4621047973632,-73.46287506957795,25.856155018489165,3371145554
iw,-68.7443695068359,-61.6858100891113,-97.6696181817847,30.367161901993306,3371162221
iw,-70.8868026733398,-62.6328010559082,-119.89489601539327,35.450432503890816,3371178888
iw,-73.4001007080078,-63.5285377502441,-138.80742018606858,40.55569997097911,3371195555
iw,-76.0070114135742,-64.5874710083007,-153.42538065834273,45.11060745644161,3371212222
iw,-78.5042419433593,-65.9081420898437,-163.26427449399432,48.68133209844363,3371228889
iw,-80.9043273925781,-67.4191436767578,-168.35347090518343,51.10286269645534,3371245556
iw,-83.2498321533203,-68.7506713867187,-169.13833902804453,52.53670720355321,3371262223
iw,-85.3210296630859,-69.9853515625,-166.3255145774641,53.42928387608051,3371278890
iw,-86.7694778442382,-71.233169555664,-160.73567957121875,54.3784425653071,3371295557
iw,-86.6602401733398,-72.5396881103515,-153.2048183163516,55.950656412892265,3371312224
iw,-84.9697799682617,-73.8730392456054,-144.53779388991185,58.508299038176276,3371328891
iw,-82.904556274414,-75.2264328002929,-135.48586869858613,62.099882445802145,3371345558
iw,-80.7776870727539,-76.5843200683593,-126.70832999946327,66.44395395930185,3371362225
iw,-78.7885665893554,-78.0068435668945,-118.69432231764462,71.00936132587114,3371378892
iw,-76.9930725097656,-79.5115890502929,-111.65568997208715,75.16723403812115,3371395559
iw,-75.3522872924804,-81.0291137695312,-105.43555658186798,78.36895113329858,3371412226
iw,-73.7929229736328,-82.5742416381836,-99.49142705651894,80.29612223744554,3371428893
iw,-72.2517471313476,-84.0552902221679,-92.99548954911408,80.93738360915015,3371445560
iw,-70.7531051635742,-85.4225997924804,-85.05150518534545,80.57057975241162,3371462227
iw,-69.2996978759765,-86.7085418701171,-74.9744353758709,79.65929102094505,3371478894
iw,-68.0524444580078,-87.9404373168945,-62.54100516629404,78.69847329572309,3371495561
iw,-67.1356048583984,-89.0212173461914,-48.11763985744783,78.05641803758348,3371512228
iw,-66.7345581054687,-89.0917282104492,-32.611712772434636,77.85717866603586,3371528895
iw,-66.6493530273437,-87.9951400756836,-17.25756958003822,77.93313422609674,3371545562
iw,-66.7210693359375,-86.7036666870117,-3.31042110357933,77.85720096917107,3371562229
iw,-66.9663848876953,-85.3380584716796,8.250477160535683,77.04259404554372,3371578896
iw,-67.200698852539,-83.9416885375976,16.923957926876003,74.8789193551262,3371595563
iw,-67.7141342163086,-82.5820693969726,22.754817962393467,70.86218776531537,3371612230
iw,-68.3600463867187,-81.412612915039,26.275093979291572,64.6787969191711,3371628897
iw,-68.8757019042968,-80.5026016235351,28.354685691369994,56.22166912469386,3371645564
iw,-69.2967376708984,-79.8096313476562,30.005974479299613,45.545116237158176,3371662231
iw,-69.9071731567382,-79.3479309082031,32.18566977044959,32.79091514927456,3371678898
iw,-70.505630493164,-79.1597747802734,35.62978655869481,18.12828690138154,3371695565
iw,-71.2812042236328,-79.1723861694336,40.74358427769347,1.7397044244182491,3371712232
iw,-72.4855651855468,-79.2835540771484,47.551490752509814,-16.142204351995957,3371728899
iw,-73.4443817138671,-79.624397277832,55.701407477577035,-35.171739984939066,3371745566
iw,-74.4328079223632,-80.5047073364257,64.51815397442036,-54.84449356409194,3371762233
iw,-75.9220199584961,-81.92724609375,73.10634021072377,-74.50513194562821,3371778900
iw,-77.5538787841796,-83.5370483398437,80.50041689551999,-93.4136049377593,3371795567
iw,-79.1740341186523,-85.1576690673828,85.8439551742321,-110.84027311235246,3371812234
iw,-80.7071533203125,-86.1031341552734,88.5640193620099,-126.1468408125636,3371828901
iw,-82.3440399169921,-85.2300567626953,88.50377356412407,-138.82386932228783,3371845568
iw,-84.0606307983398,-83.1527252197265,85.98394146932938,-148.48445348904798,3371862235
iw,-85.6516571044921,-80.8963851928711,81.77179778782758,-154.839934593846,3371878902
iw,-87.20166015625,-78.7533493041992,76.94811232903606,-157.6941096433694,3371895569
iw,-88.6955413818359,-76.6323852539062,72.68734318364508,-156.98026971556322,3371912236
iw,-90.0,-74.4243774414062,70.00029889560625,-152.83420501039387,3371928903
iw,-88.6654357910156,-72.1896057128906,69.51160600943318,-145.66292266995453,3371945570
iw,-87.1689758300781,-69.9329681396484,71.33859529899506,-136.1545158032538,3371962237
iw,-85.781135559082,-67.7388610839843,75.10345077443029,-125.19064264566428,3371978904
iw,-84.4234924316406,-65.7803955078125,80.06425893843645,-113.66435932508726,3371995571
iw,-82.9902801513671,-64.1181716918945,85.31479146895097,-102.25568396067592,3372012238
iw,-81.4744415283203,-62.7078666687011,89.98940136981525,-91.25297529208946,3372028905
iw,-79.8825988769531,-61.3504333496093,93.4176250047732,-80.50811639455858,3372045572
iw,-78.3124465942382,-59.9734687805175,95.19631762784425,-69.56709995971644,3372062239
iw,-76.8310394287109,-58.6760368347168,95.17771814896693,-57.93914623233676,3372078906
iw,-75.4116592407226,-57.7138900756835,93.40041522591443,-45.39623814412722,3372095573
iw,-73.9864425659179,-57.1706581115722,90.00545938686948,-32.17364033974959,3372112240
iw,-72.4688186645507,-56.9672393798828,85.17329229643516,-18.98590179163012,3372128907
iw,-70.919075012207,-56.9974708557128,79.09090503429586,-6.85648543547339,3372145574
iw,-69.5147628784179,-57.061222076416,71.92892264329613,3.165735038279279,3372162241
iw,-68.4242401123046,-57.3601684570312,63.79744029965916,10.299570395805306,3372178908
iw,-67.6944122314453,-57.801700592041,54.669192213507465,14.247580870813737,3372195575
iw,-67.1975631713867,-58.4671516418457,44.2982615967371,15.28768800536129,3372212242
iw,-66.8377151489257,-59.1701698303222,32.193633629552885,14.227845658538607,3372228909
iw,-66.6087265014648,-59.5225639343261,17.70343074907711,12.235220014057905,3372245576
iw,-66.4784317016601,-59.6535949707031,0.22290572807318543,10.574866639313045,3372262243
iw,-66.467658996582,-59.9202728271484,-20.523395901380137,10.321163048288108,3372278910
iw,-66.8010635375976,-60.490867614746,-44.225950303387854,12.123024845974012,3372295577
iw,-67.7141418457031,-61.29541015625,-69.8729074830659,16.090596623918582,3372312244
iw,-69.3736724853515,-62.2762641906738,-95.84187590889319,21.827544157598634,3372328911
iw,-71.7075271606445,-63.1635017395019,-120.19074380414264,28.58382427664254,3372345578
iw,-74.2808456420898,-64.1956481933593,-141.05375927958752,35.4733318466531,3372362245
iw,-76.8978881835937,-65.2650299072265,-157.0068638891719,41.69557558919078,3372378912
iw,-79.3211593627929,-66.4358901977539,-167.28874987635814,46.71234374165137,3372395579
iw,-81.6484222412109,-67.7811965942382,-171.83611743547274,50.34813041168735,3372412246
iw,-83.849868774414,-69.0709152221679,-171.1698683392582,52.800083768827506,3372428913
iw,-85.710708618164,-70.3039093017578,-166.2125853290294,54.55868332441042,3372445580
iw,-86.7599716186523,-71.5967788696289,-158.11284777481308,56.25705236386438,3372462247
iw,-85.991714477539,-72.9376678466796,-148.1133663736187,58.484583731542166,3372478914
iw,-84.1501541137695,-74.2471694946289,-137.4546829685016,61.61315921598267,3372495581
iw,-82.14697265625,-75.5671615600586,-127.27869574255062,65.68454288510006,3372512248
iw,-80.2247543334961,-76.9494094848632,-118.5002918921041,70.39312386916629,3372528915
iw,-78.4716262817382,-78.4313583374023,-111.64845044326455,75.17141064230687,3372545582
iw,-76.8591842651367,-79.9787445068359,-106.72097776576362,79.35321299610474,3372562249
iw,-75.266128540039,-81.5225448608398,-103.12299598386731,82.36295677071128,3372578916
iw,-73.5731353759765,-83.0326919555664,-99.74924970259359,83.87120392005168,3372595583
iw,-71.8074340820312,-84.431900024414,-95.22332954852205,83.87028331901192,3372612250
iw,-70.1542129516601,-85.7514419555664,-88.24340480059051,82.65280578001652,3372628917
iw,-68.739501953125,-86.94091796875,-77.93645257473183,80.70675720287655,3372645584
iw,-67.6859359741211,-87.9385375976562,-64.11563993551705,78.56306347231279,3372662251
iw,-66.8830795288086,-88.5231628417968,-47.36858449650136,76.6405393732561,3372678918
iw,-66.3130264282226,-88.2275619506836,-28.956591487179594,75.12964324380714,3372695585
iw,-66.1223907470703,-87.2745208740234,-10.553358956638517,73.94297052437663,3372712252
iw,-66.3045196533203,-86.1402435302734,6.114086926701739,72.74022914511053,3372728919
iw,-66.6927947998046,-84.9626998901367,19.639155666167508,71.01392290163668,3372745586
iw,-67.3985214233398,-83.7474060058593,29.236113110000545,68.20590420437811,3372762253
iw,-68.1598663330078,-82.5592956542968,34.89414248866889,63.819073354779526,3372778920
iw,-68.9524765014648,-81.5490570068359,37.34711956990994,57.49384404882245,3372795587
iw,-69.6002044677734,-80.7509994506836,37.868595163919565,49.034128859618185,3372812254
iw,-70.164077758789,-80.1675262451171,37.948511923210624,38.38837977970268,3372828921
iw,-70.7455596923828,-79.8434753417968,38.93975999372437,25.60947225677426,3372845588
iw,-71.5275573730468,-79.7165985107421,41.76631317242235,10.823522261459464,3372862255
iw,-72.2886428833007,-79.732681274414,46.75944800505899,-5.77224764897752,3372878922
iw,-73.3001632690429,-79.9698486328125,53.647836245699935,-23.88392530172156,3372895589
iw,-74.5216445922851,-80.6406707763671,61.68726574970461,-43.08920676090606,3372912256
iw,-76.0385513305664,-81.8127365112304,69.88290219840914,-62.826779371029424,3372928923
iw,-77.6314544677734,-83.1859436035156,77.23448529505839,-82.421406917502,3372945590
iw,-79.1502456665039,-84.8001632690429,82.93439747451932,-101.13926227503654,3372962257
iw,-80.5828247070312,-86.4277954101562,86.47945375451208,-118.2549838590774,3372978924
iw,-82.0978393554687,-86.5850524902343,87.70371244293904,-133.1106843370168,3372995591
iw,-83.8028717041015,-84.6770477294921,86.76648747885386,-145.15411490265475,3373012258
iw,-85.4605026245117,-82.2183532714843,84.11865266260195,-153.95532810815644,3373028925
iw,-87.0395202636718,-79.8612899780273,80.44094939326354,-159.21481835117356,3373045592
iw,-88.6019897460937,-77.558723449707,76.53667998641338,-160.78190673292667,3373062259
iw,-90.0,-75.1850662231445,73.18224440641217,-158.69191779460067,3373078926
iw,-88.9033584594726,-72.7474060058593,70.97278341193876,-153.20879451183572,3373095593
iw,-87.3888854980468,-70.2642440795898,70.21573261182957,-144.8413799184864,3373112260
iw,-85.9477386474609,-67.7859878540039,70.90845460692012,-134.3002735184557,3373128927
iw,-84.5934371948242,-65.4595260620117,72.79874977480318,-122.38193301203917,3373145594
iw,-83.2584381103515,-63.4637565612793,75.49310260017154,-109.80205028542885,3373162261
iw,-81.9326477050781,-61.812213897705,78.56481378750503,-97.03696351948088,3373178928
iw,-80.5869140625,-60.3461418151855,81.62449679210347,-84.24797313796336,3373195595
iw,-79.2495346069336,-58.8617706298828,84.33905403108459,-71.339429557755,3373212262
iw,-77.9246215820312,-57.4380531311035,86.4103601067358,-58.13912556790708,3373228929
iw,-76.5710678100586,-56.4550552368164,87.54209777929032,-44.621009021171155,3373245596
iw,-75.1476669311523,-55.9053077697753,87.42596572812934,-31.060997618705176,3373262263
iw,-73.6300659179687,-55.6924171447753,85.7645569583622,-18.049594691814082,3373278930
iw,-72.1083068847656,-55.6628608703613,82.32292474090137,-6.3586799230743445,3373295597
iw,-70.6525573730468,-55.8957023620605,76.97739988252799,3.273623799672194,3373312264
iw,-69.3665924072265,-56.0445480346679,69.72342139606208,10.352256717788162,3373328931
iw,-68.3718566894531,-56.4731941223144,60.621170534952796,14.761705642396779,3373345598
iw,-67.6946487426757,-57.0736083984375,49.69298912673295,16.803393707691715,3373362265
iw,-67.3641510009765,-57.7576026916503,36.8232693378643,17.139310865542214,3373378932
iw,-67.2413024902343,-58.2449722290039,21.72888905324257,16.65952225428662,3373395599
iw,-67.182861328125,-58.5813980102539,4.050582835278789,16.297412864765796,3373412266
iw,-67.1000213623046,-59.1112365722656,-16.43773802400336,16.829979244487635,3373428933
iw,-67.2519989013671,-59.6533851623535,-39.57266119119233,18.71375876666177,3373445600
iw,-68.0823135375976,-60.7821807861328,-64.61341853674304,22.00277849820118,3373462267
iw,-69.6220550537109,-62.0476036071777,-90.22556945056093,26.36919938472799,3373478934
iw,-71.7453689575195,-62.8626365661621,-114.66842591404482,31.214182055479913,3373495601
iw,-74.2360534667968,-63.5571632385253,-136.12725398475936,35.83467371842893,3373512268
iw,-76.8343734741211,-64.5848999023437,-153.0721129725375,39.607910306699345,3373528935
iw,-79.4002532958984,-65.833755493164,-164.5269224066433,42.158685835444025,3373545602
iw,-81.8922805786132,-67.1507797241211,-170.1845576229106,43.47343978171308,3373562269
iw,-84.2093887329101,-68.3701553344726,-170.37098478561836,43.9260915508147,3373578936
iw,-86.2243194580078,-69.5326461791992,-165.9094412984128,44.197530874370464,3373595603
iw,-87.3513717651367,-70.7860488891601,-157.9488685419014,45.10330660703582,3373612270
iw,-86.4267044067382,-72.0835189819336,-147.80317368788513,47.37547579858106,3373628937
iw,-84.4474868774414,-73.3285293579101,-136.81480670057408,51.459254719514306,3373645604
iw,-82.3570709228515,-74.5805282592773,-126.2271966330402,57.38027200791898,3373662271
iw,-80.3513565063476,-75.9046630859375,-117.04324909122371,64.7191200385126,3373678938
iw,-78.5724105834961,-77.3844909667968,-109.86747156250827,72.70144536895383,3373695605
iw,-76.9851837158203,-78.9882431030273,-104.76597473449017,80.37896239832234,3373712272
iw,-75.4094314575195,-80.6892166137695,-101.20734565422042,86.84899475430826,3373728939
iw,-73.7524108886718,-82.4049301147461,-98.14459595670118,91.44890713581079,3373745606
iw,-72.0738906860351,-84.0396423339843,-94.25617682240616,93.87255525584287,3373762273
iw,-70.4094772338867,-85.598030090332,-88.29833772947394,94.18417293662822,3373778940
iw,-68.852783203125,-87.053108215332,-79.4644315109007,92.73909170073469,3373795607
iw,-67.5572357177734,-88.3852920532226,-67.62918851437576,90.04695748015325,3373812274
iw,-66.6749496459961,-89.1843490600586,-53.38897792737296,86.62293704597784,3373828941
iw,-66.2979049682617,-88.3169250488281,-37.88124199358537,82.86538506430975,3373845608
iw,-66.1406478881836,-87.0050659179687,-22.448185960830568,78.98136836625837,3373862275
iw,-66.2162475585937,-85.7530975341796,-8.265529057028369,74.96382141192845,3373878942
iw,-66.3730773925781,-84.6023254394531,3.9380958145225815,70.61300328453451,3373895609
iw,-66.7392120361328,-83.4526748657226,13.990320314416515,65.59106724100175,3373912276
iw,-67.2540969848632,-82.3160018920898,22.200629065287053,59.49690303398668,3373928943
iw,-67.6972122192382,-81.3060226440429,29.151635387102893,51.944936332314796,3373945610
iw,-68.1095809936523,-80.5765609741211,35.4419561472793,42.62955082446123,3373962277
iw,-68.6373748779296,-80.1516799926757,41.47488635897475,31.36327767609788,3373978944
iw,-69.2582855224609,-79.9533996582031,47.36722461379587,18.091843515158544,3373995611
iw,-70.5508956909179,-79.9223327636718,53.00496588898558,2.9016117462180393,3374012278
iw,-72.6557998657226,-80.0755615234375,58.205793310483614,-13.966960004428158,3374028945
iw,-74.319465637207,-80.5086822509765,62.8899058928966,-32.10211401274602,3374045612
iw,-74.991584777832,-81.2814788818359,67.15255894845963,-50.918523586126575,3374062279
iw,-75.6666030883789,-82.532974243164,71.19454216222292,-69.69132762131052,3374078946
iw,-76.979248046875,-83.9766006469726,75.16252039181522,-87.63376763009707,3374095613
iw,-78.5709228515625,-85.5537109375,79.00565207630335,-104.0039602922593,3374112280
iw,-80.1315765380859,-86.6808166503906,82.43328135066913,-118.20935435077253,3374128947
iw,-81.6526412963867,-86.1896743774414,84.994602953124,-129.87344353811827,3374145614
iw,-83.2356643676757,-84.3217010498046,86.24617659373394,-138.84116596722944,3374162281
iw,-84.8551712036132,-82.0458908081054,85.9447293229236,-145.12432689056757,3374178948
iw,-86.5282516479492,-79.7114181518554,84.19410255704734,-148.81529591463354,3374195615
iw,-88.3427124023437,-77.4185180664062,81.48478607239515,-150.0104291279141,3374212282
iw,-90.0,-75.120735168457,78.59730903269046,-148.7760092171261,3374228949
iw,-88.9695968627929,-72.857681274414,76.39227412516887,-145.16539075090347,3374245616
iw,-87.5173034667968,-70.6306838989257,75.55956508612732,-139.2706949686846,3374262283
iw,-86.0531005859375,-68.3718948364257,76.42057306925805,-131.27707479530966,3374278950
iw,-84.5944137573242,-66.1504821777343,78.85497139198493,-121.48673540646391,3374295617
iw,-83.1730041503906,-64.1470413208007,82.3677548467816,-110.29365495727109,3374312284
iw,-81.6586380004882,-62.4794960021972,86.25392661641786,-98.11535756392142,3374328951
iw,-80.0310592651367,-61.0954551696777,89.78660839191959,-85.31554795252309,3374345618
iw,-78.4600982666015,-59.8191986083984,92.35903937001251,-72.16335639555739,3374362285
iw,-77.0410079956054,-58.5083236694335,93.54342762317471,-58.85697314117331,3374378952
iw,-75.7052154541015,-57.5075149536132,93.0729654728926,-45.597905215147605,3374395619
iw,-74.2888717651367,-56.9728775024414,90.78704726953326,-32.666315696846006,3374412286
iw,-72.7598190307617,-56.7364692687988,86.58590869040145,-20.446707307906035,3374428953
iw,-71.1741409301757,-56.4620018005371,80.41649116084346,-9.386138707548273,3374445620
iw,-69.7367553710937,-56.4579467773437,72.27494565653242,0.0949574484929315,3374462287
iw,-68.684211730957,-56.5933494567871,62.19197485804265,7.702966739062811,3374478954
iw,-68.0234985351562,-56.9172019958496,50.18221845324741,13.351872365106933,3374495621
iw,-67.6751708984375,-57.4520683288574,36.17824271977287,17.206490233820038,3374512288
iw,-67.5220031738281,-58.1821823120117,20.002744883616312,19.676963485841377,3374528955
iw,-67.5019073486328,-58.818073272705,1.4307388789761846,21.35627379140479,3374545622
iw,-67.6264877319336,-59.3949432373046,-19.64846561383617,22.901278251201987,3374562289
iw,-67.9605712890625,-59.9434432983398,-43.01991706235903,24.877922883380904,3374578956
iw,-68.7643737792968,-60.7438659667968,-67.97627000210825,27.613956801375824,3374595623
iw,-70.2239456176757,-61.7567405700683,-93.28825616461927,31.1105832136646,3374612290
iw,-72.3645782470703,-62.7372131347656,-117.35359510394821,35.04987357600909,3374628957
iw,-74.8716354370117,-63.5937194824218,-138.4876194476738,38.90434632620109,3374645624
iw,-77.5078659057617,-64.6570816040039,-155.25610432387415,42.12151270944627,3374662291
iw,-80.0516128540039,-65.9163513183593,-166.7373881165719,44.32907540665717,3374678958
iw,-82.4298248291015,-67.3044967651367,-172.64044957649386,45.493272015894476,3374695625
iw,-84.5689849853515,-68.5819778442382,-173.27073395164456,45.971306308008565,3374712292
iw,-86.1520843505859,-69.8109436035156,-169.38991489698685,46.431971667165506,3374728959
iw,-86.5762863159179,-71.0562057495117,-162.03764120868033,47.66637217753583,3374745626
iw,-85.3964462280273,-72.3498611450195,-152.3717832470438,50.35114573301744,3374762293
iw,-83.4106979370117,-73.6695785522461,-141.55121077435246,54.84063875852985,3374778960
iw,-81.3016204833984,-75.0111083984375,-130.64959035219357,61.04928596087436,3374795627
iw,-79.211685180664,-76.4115982055664,-120.56884668544411,68.4528052062748,3374812294
iw,-77.2962341308593,-77.9297790527343,-111.92874153430859,76.20111546346291,3374828961
iw,-75.60009765625,-79.517333984375,-104.94118371817281,83.3069130797393,3374845628
iw,-74.0933227539062,-81.1754989624023,-99.3161214449323,88.85757604051278,3374862295
iw,-72.6821060180664,-82.8446197509765,-94.26584745420321,92.19745078812403,3374878962
iw,-71.2352066040039,-84.4419784545898,-88.65741397708723,93.0407806418218,3374895629
iw,-69.6700210571289,-85.9518966674804,-81.3071273635106,91.49648155849901,3374912296
iw,-68.15478515625,-87.3154067993164,-71.33970399349364,88.00788095661947,3374928963
iw,-67.0219802856445,-88.4468154907226,-58.48740316174711,83.22849678597017,3374945630
iw,-66.3050384521484,-88.9520797729492,-43.21405084569026,77.86612166579843,3374962297
iw,-66.0653915405273,-88.2867431640625,-26.615650494648477,72.53052266945693,3374978964
iw,-65.9492416381836,-87.240966796875,-10.137372204285972,67.61498061828586,3374995631
iw,-66.2725219726562,-86.2397994995117,4.7904897378390245,63.230911209119036,3375012298
iw,-66.6128921508789,-85.2899780273437,17.082108182124454,59.20218361345091,3375028965
iw,-67.3279418945312,-84.317626953125,26.20521849274259,55.11470968402173,3375045632
iw,-68.0001068115234,-83.3672943115234,32.232016757594224,50.40747637499652,3375062299
iw,-68.541015625,-82.5395431518554,35.74256096052147,44.48327414941314,3375078966
iw,-69.0779571533203,-81.8782424926757,37.63018433443862,36.81413266295386,3375095633
iw,-69.7594909667968,-81.4246292114257,38.87895163834914,27.021664012819716,3375112300
iw,-70.7261276245117,-81.2298049926757,40.37583741646858,14.924559276602528,3375128967
iw,-71.8062057495117,-81.2263412475586,42.78718827817857,0.5572241284334754,3375145634
iw,-72.7831497192382,-81.4574356079101,46.4922276890118,-15.831861399377884,3375162301
iw,-73.5997543334961,-81.9823684692382,51.552553387097404,-33.79690928818644,3375178968
iw,-74.4412231445312,-82.8937225341796,57.7103952669498,-52.72752370459676,3375195635
iw,-75.6591873168945,-84.0909729003906,64.42710329232693,-71.89982682986302,3375212302
iw,-77.0599060058593,-85.5529251098632,70.97319393314913,-90.54381009403238,3375228969
iw,-78.4563293457031,-87.0101776123046,76.56408706769585,-107.91673139728628,3375245636
iw,-79.803237915039,-87.0568923950195,80.52067527107715,-123.36571073473357,3375262303
iw,-81.3226928710937,-85.0205154418945,82.42906980956104,-136.36203312342568,3375278970
iw,-82.9927139282226,-82.3052749633789,82.26930112420291,-146.499445652703,3375295637
iw,-84.6358261108398,-79.6567840576171,80.47293301708251,-153.46792482944824,3375312304
iw,-86.2302780151367,-77.2527465820312,77.86886966465048,-157.03198235678263,3375328971
iw,-87.6541442871093,-74.9722900390625,75.50390633331757,-157.04368600983315,3375345638
iw,-88.7932586669921,-72.7182693481445,74.37646764510463,-153.49988546799634,3375362305
iw,-89.1518936157226,-70.4228439331054,75.16871305485934,-146.6210387636544,3375378972
iw,-87.9701156616211,-68.0417556762695,78.07092580527146,-136.90428710326842,3375395639
iw,-86.4994354248046,-65.7701721191406,82.75424688469042,-125.10148985194628,3375412306
iw,-84.9751968383789,-63.8392868041992,88.48586239272326,-112.09968639565288,3375428973
iw,-83.3729171752929,-62.3278732299804,94.33005260275552,-98.7300744483771,3375445640
iw,-81.7429122924804,-61.0621795654296,99.36127490121059,-85.57954490071948,3375462307
iw,-80.0700988769531,-59.7480964660644,102.83015403861643,-72.8940117327513,3375478974
iw,-78.3856353759765,-58.3513603210449,104.2538848993957,-60.62560753031348,3375495641
iw,-76.7287521362304,-57.2245597839355,103.43254334878151,-48.60133041931425,3375512308
iw,-75.1006622314453,-56.5004196166992,100.41184343158399,-36.72512552400873,3375528975
iw,-73.4990005493164,-56.1030807495117,95.41759913572947,-25.112199031688796,3375545642
iw,-71.9329681396484,-55.955223083496,88.77989776843737,-14.099413568617186,3375562309
iw,-70.4950714111328,-56.0712852478027,80.85260689154163,-4.144986877224426,3375578976
iw,-69.1872177124023,-56.0142402648925,71.92562026467475,4.319783006033953,3375595643
iw,-68.1596221923828,-56.1865615844726,62.13076248713421,11.018704274556276,3375612310
iw,-67.4906616210937,-56.6355247497558,51.35823113973145,15.90178748823539,3375628977
iw,-67.0585556030273,-57.2513313293457,39.21997669659986,19.15853364514016,3375645644
iw,-66.7657089233398,-57.8948020935058,25.103340769001008,21.1872699409991,3375662311
iw,-66.5717620849609,-58.5002365112304,8.338360925398021,22.5284709198617,3375678978
iw,-66.4989318847656,-59.133674621582,-11.544168664333858,23.764786851951296,3375695645
iw,-66.6987380981445,-59.6968727111816,-34.53927601712863,25.39925255834272,3375712312
iw,-67.4595184326171,-60.7711105346679,-59.98285515151089,27.739338463378107,3375728979
iw,-68.8185653686523,-61.826545715332,-86.54195346428044,30.8229888955351,3375745646
iw,-70.8121948242187,-62.7379913330078,-112.40672979501772,34.41543395112289,3375762313
iw,-73.256118774414,-63.6599578857421,-135.63353225668607,38.085957571030406,3375778980
iw,-75.9378433227539,-64.7383117675781,-154.53155628629716,41.349762754387335,3375795647
iw,-78.5902099609375,-66.0228042602539,-167.9744136653029,43.83709303784567,3375812314
iw,-81.1581344604492,-67.4285354614257,-175.55453177906293,45.43640762207213,3375828981
iw,-83.5479125976562,-68.7176208496093,-177.5615205847741,46.36022467344396,3375845648
iw,-85.6012802124023,-69.9445648193359,-174.82482615933012,47.105732913458645,3375862315
iw,-86.828125,-71.1638488769531,-168.49289925872822,48.31930531538505,3375878982
iw,-86.3169784545898,-72.4113464355468,-159.81932137329852,50.60749381099191,3375895649
iw,-84.463638305664,-73.6708831787109,-149.99896004981886,54.3526700166527,3375912316
iw,-82.2869873046875,-74.950439453125,-140.06007279810927,59.586614579322344,3375928983
iw,-80.0003509521484,-76.2747116088867,-130.78959520171898,65.9566080342757,3375945650
iw,-77.8646621704101,-77.7026062011718,-122.66320419823563,72.79323294325829,3375962317
iw,-75.9971084594726,-79.2543182373046,-115.77218382437403,79.26221679279112,3375978984
iw,-74.3487777709961,-80.857437133789,-109.7733240968317,84.55977467925652,3375995651
iw,-72.7786407470703,-82.4929504394531,-103.91250700704319,88.09867270008169,3376012318
iw,-71.1780242919921,-84.1133117675781,-97.16481180023578,89.63495324200787,3376028985
iw,-69.5390090942382,-85.6366882324218,-88.48920099722753,89.30231754010724,3376045652
iw,-67.9737472534179,-87.0867767333984,-77.13560753416816,87.54742932090056,3376062319
iw,-66.8193206787109,-88.5022354125976,-62.902877682025675,84.98707337856622,3376078986
iw,-65.9754638671875,-90.0,-46.25371307925925,82.2287684779248,3376095653
iw,-65.6239242553711,-89.1021270751953,-28.244838004061563,79.70402160291734,3376112320
iw,-65.5685729980468,-87.7198104858398,-10.298539353853837,77.55653356580828,3376128987
iw,-65.7465362548828,-86.4033737182617,6.10836027290654,75.60944425937151,3376145654
iw,-66.0374755859375,-85.0827560424804,19.74879549675032,73.41207938588585,3376162321
iw,-66.7258911132812,-83.7617492675781,29.873013834040826,70.34486322355406,3376178988
iw,-67.5816497802734,-82.5324478149414,36.321864794289056,65.74799728917017,3376195655
iw,-68.3486785888671,-81.518814086914,39.51723150739957,59.03963751768278,3376212322
iw,-69.0026092529296,-80.7437744140625,40.34385660393292,49.80221110543583,3376228989
iw,-69.7547607421875,-80.147705078125,39.95644431443541,37.834089623071634,3376245656
iw,-70.7010040283203,-79.7471771240234,39.557325232885056,23.176554048353587,3376262323
iw,-71.5215911865234,-79.5795211791992,40.18627552615725,6.124904942915894,3376278990
iw,-72.2220382690429,-79.6784439086914,42.551125047321676,-12.77934624177023,3376295657
iw,-73.0211181640625,-80.1119842529296,46.91906456368303,-32.78883053007118,3376312324
iw,-73.9302139282226,-81.0708465576171,53.08627600290026,-53.034166047035676,3376328991
iw,-75.1570892333984,-82.5415725708007,60.43666881143006,-72.64393855021869,3376345658
iw,-76.550537109375,-84.1947174072265,68.08289727752828,-90.86999150065549,3376362325
iw,-77.9953460693359,-85.9430999755859,75.06233940278078,-107.17609309990553,3376378992
iw,-79.430549621582,-87.3897094726562,80.54823487841078,-121.25956974520989,3376395659
iw,-81.0098190307617,-86.7322998046875,84.03331146243688,-133.00264584174954,3376412326
iw,-82.7041625976562,-84.3067092895507,85.44512178484568,-142.37668802604392,3376428993
iw,-84.3806838989257,-81.6741180419921,85.15886265654127,-149.3382443167905,3376445660
iw,-86.0149841308593,-79.2441940307617,83.89211223304255,-153.7592362236777,3376462327
iw,-87.5191116333007,-77.0168533325195,82.50082423130644,-155.42407069940253,3376478994
iw,-88.8020477294921,-74.7796859741211,81.73625112089404,-154.10280416952668,3376495661
iw,-89.2815399169921,-72.484260559082,82.04541195998698,-149.6771843416187,3376512328
iw,-87.8506927490234,-70.0900650024414,83.48479983602667,-142.26811915892765,3376528995
iw,-86.2025375366211,-67.6627807617187,85.76985613464097,-132.30263980965722,3376545662
iw,-84.5846328735351,-65.4269027709961,88.4253177534459,-120.47471313286995,3376562329
iw,-83.0089950561523,-63.5861663818359,90.96488851996538,-107.59738806901244,3376578996
iw,-81.4310455322265,-62.116153717041,93.02867479834994,-94.39935131150864,3376595663
iw,-79.879898071289,-60.8187026977539,94.43590341534032,-81.35725826000935,3376612330
iw,-78.3663101196289,-59.4477462768554,95.14934103249304,-68.64616411820768,3376628997
iw,-76.886962890625,-58.0647621154785,95.1806521238526,-56.22989246315192,3376645664
iw,-75.4186630249023,-57.0286254882812,94.4840872586605,-44.035255066485504,3376662331
iw,-73.9346771240234,-56.4557647705078,92.88537994121783,-32.11056485550962,3376678998
iw,-72.4104690551757,-56.2230491638183,90.07392069964574,-20.688938360433333,3376695665
iw,-70.8226165771484,-56.0570831298828,85.65601191366002,-10.141716050257829,3376712332
iw,-69.2768096923828,-55.9890556335449,79.2381703719089,-0.8670793683257616,3376728999
iw,-67.9982528686523,-55.8918266296386,70.49675481277626,6.8241417715188755,3376745666
iw,-67.1545639038086,-56.1968383789062,59.203102431820504,12.78727496023616,3376762333
iw,-66.6561737060546,-56.7635536193847,45.20768340312219,17.08154301925599,3376779000
iw,-66.3603286743164,-57.4008560180664,28.42166982123317,19.973804828469284,3376795667
iw,-66.1653289794921,-57.9978294372558,8.843089642373082,21.908181574732183,3376812334
iw,-66.1791000366211,-58.6117248535156,-13.353891376951344,23.435573705968185,3376829001
iw,-66.5522308349609,-59.1031303405761,-37.69749945733129,25.107170586808635,3376845668
iw,-67.4006729125976,-60.2138977050781,-63.33230895769498,27.355306777976914,3376862335
iw,-68.8083724975586,-61.3875885009765,-89.03438608146614,30.39632793804509,3376879002
iw,-70.8454513549804,-62.4168663024902,-113.35242531653167,34.18503401544426,3376895669
iw,-73.248550415039,-63.1931762695312,-134.84234941118805,38.4353127126324,3376912336
iw,-75.8055419921875,-64.2337265014648,-152.3202585813932,42.70685567404213,3376929003
iw,-78.4241180419921,-65.6187667846679,-165.05241273166888,46.54320386159983,3376945670
iw,-81.0907821655273,-67.1622924804687,-172.83073119834535,49.626808418387746,3376962337
iw,-83.558349609375,-68.5817337036132,-175.92794351434685,51.89924420992905,3376979004
iw,-85.6349334716796,-69.9421005249023,-174.96503111031205,53.59689548609264,3376995671
iw,-86.8646240234375,-71.2996215820312,-170.7435987903269,55.18170035689017,3377012338
iw,-86.3575057983398,-72.6956939697265,-164.0963093630555,57.18823281218665,3377029005
iw,-84.4975814819336,-74.0941696166992,-155.7912564755992,60.03952492368588,3377045672
iw,-82.2247924804687,-75.4609375,-146.49584478391503,63.892893677453074,3377062339
iw,-79.8143920898437,-76.8425521850586,-136.77458901366833,68.5660057316074,3377079006
iw,-77.5510864257812,-78.2534027099609,-127.08016730883578,73.56913692959026,3377095673
iw,-75.5727615356445,-79.805305480957,-117.70938974539517,78.23767355857697,3377112340
iw,-73.926399230957,-81.4306945800781,-108.73180637478487,81.9263248366214,3377129007
iw,-72.4918594360351,-83.09326171875,-99.93788189127808,84.20340117642333,3377145674
iw,-71.0586929321289,-84.6500930786132,-90.86759771250046,84.9799820585068,3377162341
iw,-69.571548461914,-86.0890426635742,-80.95163051659179,84.5288848380526,3377179008
iw,-68.0317306518554,-87.4997024536132,-69.73589029824103,83.38555819186239,3377195675
iw,-66.8340377807617,-88.7953720092773,-57.102090972124984,82.16244290568082,3377212342
iw,-66.0504684448242,-90.0,-43.3819792753274,81.33531888303521,3377229009
iw,-65.912971496582,-88.734992980957,-29.305866491737508,81.06762343314477,3377245676
iw,-65.7642822265625,-87.4157791137695,-15.803623467156896,81.12676031485105,3377262343
iw,-65.800537109375,-86.0450210571289,-3.7412024011431417,80.91863751635724,3377279010
iw,-65.9628982543945,-84.5795745849609,6.307322748436163,79.62989981919215,3377295677
iw,-66.4592132568359,-83.0285263061523,14.181890396053243,76.43228834614644,3377312344
iw,-66.9398574829101,-81.6121749877929,20.1304861127001,70.68268786517426,3377329011
iw,-67.3329238891601,-80.5066528320312,24.694580898231123,62.055518276096684,3377345678
iw,-67.683837890625,-79.7201919555664,28.53407784434211,50.572736392352475,3377362345
iw,-68.1485519409179,-79.2301788330078,32.25428892221888,36.53944327909766,3377379012
iw,-68.9136962890625,-79.031021118164,36.291454549431414,20.42896624636324,3377395679
iw,-70.0700759887695,-79.0040969848632,40.88272412224985,2.772466017300114,3377412346
iw,-71.3203811645507,-79.1755294799804,46.10284350236761,-15.908587875138073,3377429013
iw,-72.2706298828125,-79.6079864501953,51.9196250361127,-35.12074860715414,3377445680
iw,-73.0368881225586,-80.5160217285156,58.22479543770294,-54.38854885011595,3377462347
iw,-74.2262725830078,-81.8873672485351,64.82959534296927,-73.24396006081635,3377479014
iw,-75.6587448120117,-83.4567794799804,71.44616143659988,-91.23037795510736,3377495681
iw,-77.1227416992187,-85.2559204101562,77.68462546360699,-107.91766145285455,3377512348
iw,-78.5957107543945,-86.9209518432617,83.08602602800362,-122.91498949773506,3377529015
iw,-80.1412048339843,-86.7891082763671,87.19669140287789,-135.8704482195469,3377545682
iw,-81.8112487792968,-84.6519622802734,89.6748907967707,-146.45579798097174,3377562349
iw,-83.6031875610351,-82.037353515625,90.40293561005429,-154.34732915969477,3377579016
iw,-85.4810104370117,-79.4976425170898,89.56259211685143,-159.22360363390464,3377595683
iw,-87.3041305541992,-77.0927658081054,87.63181213433991,-160.7998075371871,3377612350
iw,-88.8323211669921,-74.7066040039062,85.2852607217004,-158.90239838188828,3377629017
iw,-89.2645797729492,-72.3496475219726,83.22298449597417,-153.56387286357818,3377645684
iw,-87.9214248657226,-69.9717864990234,81.98808190406403,-145.09920359521925,3377662351
iw,-86.407844543457,-67.5424118041992,81.84108192171942,-134.12231740710595,3377679018
iw,-84.9796447753906,-65.2459259033203,82.73009276672109,-121.47544624726844,3377695685
iw,-83.5909729003906,-63.3354988098144,84.35111127225932,-108.07467255490174,3377712352
iw,-82.1227645874023,-61.8444747924804,86.25984650058582,-94.714546659048,3377729019
iw,-80.6425399780273,-60.5498809814453,87.98788248600653,-81.90566689406202,3377745686
iw,-79.198486328125,-59.2033424377441,89.12680244454856,-69.81762954023841,3377762353
iw,-77.7403259277343,-57.8388137817382,89.36377414360722,-58.35510196216504,3377779020
iw,-76.3359756469726,-56.7729530334472,88.47340834532308,-47.32723194827716,3377795687
iw,-74.9976654052734,-56.1063423156738,86.28680830994689,-36.6232925678378,3377812354
iw,-73.6774444580078,-55.7631492614746,82.66357567895652,-26.31264308259065,3377829021
iw,-72.3096618652343,-55.5565719604492,77.48355315490423,-16.638143668982124,3377845688
iw,-70.9015426635742,-55.5123329162597,70.65568067388163,-7.9304369161539165,3377862355
iw,-69.627197265625,-55.3544120788574,62.122293637818416,-0.49863441125648955,3377879022
iw,-68.7758407592773,-55.5063285827636,51.83407445580365,5.4584167795662015,3377895689
iw,-68.3992767333984,-55.8894233703613,39.69333145795072,9.906627533451392,3377912356
iw,-68.3095779418945,-56.4143333435058,25.501526079630008,13.003121853804586,3377929023
iw,-68.3217391967773,-56.8873634338378,8.97128606749787,15.097578031612619,3377945690
iw,-68.3085327148437,-57.5126113891601,-10.15501100301463,16.69839699091018,3377962357
iw,-68.3995513916015,-58.1872787475585,-31.89849446435129,18.391434590168718,3377979024
iw,-68.9225540161132,-58.9667663574218,-55.83450857265326,20.713950648363767,3377995691
iw,-70.1072921752929,-59.9279441833496,-80.9923766756005,24.01002868084308,3378012358
iw,-72.1669921875,-60.7942390441894,-105.93600075403748,28.313248306575666,3378029025
iw,-74.6667861938476,-61.6069145202636,-129.01083708056794,33.307131954758376,3378045692
iw,-77.2268295288086,-62.5463256835937,-148.6630647065829,38.39769762218141,3378062359
iw,-79.7182464599609,-63.8287963867187,-163.71286270387085,42.89615643701879,3378079026
iw,-82.1395797729492,-65.3064880371093,-173.50427859564272,46.263462410048284,3378095693
iw,-84.3981857299804,-66.6861953735351,-177.92320521779004,48.33152420409508,3378112360
iw,-86.164321899414,-67.9945755004882,-177.325737978962,49.410678756508325,3378129027
iw,-86.6221771240234,-69.3018493652343,-172.43065888269024,50.22965052541534,3378145694
iw,-85.2323913574218,-70.6029968261718,-164.2114474577837,51.718967514822225,3378162361
iw,-82.9616012573242,-71.9332504272461,-153.7951242714421,54.71076355669707,3378179028
iw,-80.6591262817382,-73.3066101074218,-142.35342110619823,59.659586942367426,3378195695
iw,-78.4591064453125,-74.7361221313476,-130.96720340820815,66.48012172538888,3378212362
iw,-76.4992370605468,-76.2679977416992,-120.46238207158024,74.55506713616793,3378229029
iw,-74.7900009155273,-78.0047073364257,-111.24746965936136,82.90641058568956,3378245696
iw,-73.2419128417968,-79.916633605957,-103.21083411891183,90.46700099548639,3378262363
iw,-71.7209701538086,-81.8330688476562,-95.73919505652383,96.35665167340088,3378279030
iw,-70.149543762207,-83.643196105957,-87.88738819589922,100.07068239832493,3378295697
iw,-68.5486297607421,-85.3293228149414,-78.67053438612544,101.5279748103012,3378312364
iw,-67.1579208374023,-86.8834152221679,-67.39023562693673,100.98328894575702,3378329031
iw,-66.1701431274414,-88.2660675048828,-53.88002833742185,98.85851435143364,3378345698
iw,-65.5978317260742,-89.0504455566406,-38.581303220337624,95.56839349810716,3378362365
iw,-65.3989028930664,-88.1343917846679,-22.428658249577243,91.40271648829321,3378379032
iw,-65.5565032958984,-86.6868438720703,-6.5981579472084295,86.49017609498755,3378395699
iw,-65.8658828735351,-85.2108306884765,7.783691066827066,80.82894250397287,3378412366
iw,-66.0346145629882,-83.8576507568359,19.876155022517548,74.34433504263787,3378429033
iw,-66.7527084350586,-82.7125625610351,29.254003860920914,66.93397183519852,3378445700
iw,-67.603515625,-81.7707290649414,35.92939811308582,58.48145626090811,3378462367
iw,-68.3338165283203,-80.9868774414062,40.29319994692384,48.84662496912396,3378479034
iw,-68.9372100830078,-80.345962524414,43.006380277589074,37.85749323525214,3378495701
iw,-69.6666564941406,-79.9082565307617,44.867560014429614,25.32806683265495,3378512368
iw,-70.5881652832031,-79.7446823120117,46.679342626103754,11.110749410026363,3378529035
iw,-71.852294921875,-79.788818359375,49.128472393224605,-4.827368634899791,3378545702
iw,-72.9410858154296,-80.0460052490234,52.68306263838002,-22.329539158146268,3378562369
iw,-73.6517715454101,-80.5961685180664,57.507828813878355,-41.0060576302238,3378579036
iw,-74.6225051879882,-81.6491317749023,63.412803615834214,-60.24636233465989,3378595703
iw,-76.089111328125,-83.1234054565429,69.86552574532999,-79.2912308612759,3378612370
iw,-77.5806808471679,-84.8332061767578,76.08652924260144,-97.34464075376785,3378629037
iw,-79.0767440795898,-86.6156311035156,81.21538020188724,-113.68722099488367,3378645704
iw,-80.5622253417968,-87.4431991577148,84.50816265204485,-127.75401037846488,3378662371
iw,-82.1336898803711,-85.8933486938476,85.52317069470675,-139.1573743553934,3378679038
iw,-83.7071075439453,-83.2818069458007,84.25676047491388,-147.66080342071402,3378695705
iw,-85.2681579589843,-80.6315841674804,81.19248887677558,-153.12942204076788,3378712372
iw,-86.8319473266601,-78.1219406127929,77.23233293345065,-155.49044876005001,3378729039
iw,-88.3261413574218,-75.7303390502929,73.50476249217324,-154.72838175265503,3378745706
iw,-90.0,-73.4921188354492,71.08946518549723,-150.9190407870096,3378762373
iw,-89.3172912597656,-71.2721786499023,70.74035226510212,-144.28405606267063,3378779040
iw,-87.7114181518554,-68.9922180175781,72.69963954559255,-135.2333619521309,3378795707
iw,-86.1810455322265,-66.6724166870117,76.66393347584832,-124.36227505529746,3378812374
iw,-84.6240005493164,-64.4916458129882,81.90225561939369,-112.3824610029435,3378829041
iw,-83.050422668457,-62.7012672424316,87.46846908468655,-99.99259956060453,3378845708
iw,-81.4629821777343,-61.3381652832031,92.42555879806044,-87.72917343760203,3378862375
iw,-79.8883209228515,-60.1545829772949,96.01339470980255,-75.86247744555395,3378879042
iw,-78.3289260864257,-58.8284683227539,97.72965915211448,-64.39476125874124,3378895709
iw,-76.7712783813476,-57.5927085876464,97.33231738505268,-53.17011208318525,3378912376
iw,-75.2388229370117,-56.7232666015625,94.7944121704608,-42.04412794161264,3378929043
iw,-73.7080383300781,-56.1665573120117,90.24338232351832,-31.027819113524615,3378945710
iw,-72.2132186889648,-55.8053245544433,83.90317676791021,-20.338308321189924,3378962377
iw,-70.8061218261718,-55.6382522583007,76.03905225644816,-10.34313380227419,3378979044
iw,-69.5643997192382,-55.6757087707519,66.89366222639428,-1.4371413149908816,3378995711
iw,-68.6060485839843,-55.6333045959472,56.60700305335772,6.087094902629842,3379012378
iw,-68.0351486206054,-55.9456596374511,45.13247210900704,12.126002479684127,3379029045
iw,-67.7748184204101,-56.4272422790527,32.18672621786683,16.78867176716965,3379045712
iw,-67.6766052246093,-56.8951377868652,17.283636732535083,20.36282589790024,3379062379
iw,-67.6133270263671,-57.3942527770996,-0.11525701135059432,23.240807147414003,3379079046
iw,-67.5991439819336,-57.9268684387207,-20.35193224000288,25.827146833340883,3379095713
iw,-67.9013137817382,-58.4902305603027,-43.30393120250558,28.45097841405513,3379112380
iw,-68.7699661254882,-59.7699737548828,-68.21065831947587,31.304542717591765,3379129047
iw,-70.3345642089843,-61.2224884033203,-93.68619297021485,34.41963784953715,3379145714
iw,-72.5564422607421,-62.2853279113769,-117.93792225512445,37.680800416330214,3379162381
iw,-75.108154296875,-63.0276870727539,-139.12245157376248,40.86816720955537,3379179048
iw,-77.7093734741211,-64.1213760375976,-155.71546562714204,43.72791029363399,3379195715
iw,-80.2239685058593,-65.6010818481445,-166.77808671015697,46.06919714736539,3379212382
iw,-82.6681060791015,-67.123550415039,-172.05867355779807,47.868849011808095,3379229049
iw,-84.9365081787109,-68.5031280517578,-171.93817306280718,49.34016561990564,3379245716
iw,-86.6059875488281,-69.8694076538086,-167.27314503559882,50.920419901980985,3379262383
iw,-86.9146041870117,-71.2620086669921,-159.20172860253274,53.162765534341595,3379279050
iw,-85.5539321899414,-72.6595306396484,-148.96370734619813,56.56208105909512,3379295717
iw,-83.5136032104492,-74.0634689331054,-137.75994884193986,61.37384276743721,3379312384
iw,-81.3889923095703,-75.5031127929687,-126.6484608616866,67.49006749386596,3379329051
iw,-79.3347473144531,-77.0036926269531,-116.4549564142276,74.41967656858974,3379345718
iw,-77.5180053710937,-78.6380920410156,-107.67734204358207,81.38828046297239,3379362385
iw,-75.9046249389648,-80.3710174560546,-100.38862769045636,87.53265597730362,3379379052
iw,-74.4620666503906,-82.2011947631836,-94.17729616203613,92.13087571715114,3379395719
iw,-73.1773300170898,-84.015884399414,-88.1839482699591,94.7933519796561,3379412386
iw,-71.8964767456054,-85.7152252197265,-81.27847132469951,95.55010705032711,3379429053
iw,-70.4325408935546,-87.2789688110351,-72.37025324096957,94.80339181754728,3379445720
iw,-68.9794464111328,-88.6405944824218,-60.773838529029106,93.16126950297934,3379462387
iw,-67.9262237548828,-89.3050765991211,-46.50042169290485,91.20971887952182,3379479054
iw,-67.4352264404296,-88.2853698730468,-30.34911770056146,89.30165244175306,3379495721
iw,-67.3682022094726,-86.9001007080078,-13.74147447563715,87.4328555373041,3379512388
iw,-67.6593856811523,-85.3884582519531,1.6537437959577972,85.24108358421934,3379529055
iw,-68.1789093017578,-83.8322601318359,14.375619265156937,82.11933398106436,3379545722
iw,-68.8414154052734,-82.3574829101562,23.552611201052404,77.39566052110192,3379562389
iw,-69.5166931152343,-81.0289840698242,29.0951389890275,70.51427855616494,3379579056
iw,-70.1924133300781,-79.9161682128906,31.658249338714207,61.160960770414135,3379595723
iw,-70.6078491210937,-79.0689086914062,32.4120654825612,49.3036813946874,3379612390
iw,-70.9966354370117,-78.5552825927734,32.71339199222533,35.153968612730516,3379629057
iw,-71.7484436035156,-78.367431640625,33.787210840360665,19.08174228334482,3379645724
iw,-72.5413513183593,-78.4157485961914,36.49966108875997,1.526962482890142,3379662391
iw,-73.4589614868164,-78.638916015625,41.25274781288826,-17.057804080130776,3379679058
iw,-74.6143798828125,-79.1309967041015,47.98575559656766,-36.22329591528113,3379695725
iw,-75.6468276977539,-80.0214157104492,56.247689448874894,-55.51166717609344,3379712392
iw,-76.9009399414062,-81.4169845581054,65.30498890574691,-74.44132077750915,3379729059
iw,-78.2410278320312,-83.0091171264648,74.25838057331266,-92.50616920566242,3379745726
iw,-79.6317977905273,-84.7384338378906,82.15830899678782,-109.19219027204744,3379762393
iw,-81.1801147460937,-86.2896499633789,88.12549384165132,-124.0041030434298,3379779060
iw,-82.8333587646484,-86.2839584350586,91.48823045939604,-136.49344415120927,3379795727
iw,-84.6005401611328,-84.420166015625,91.93019043982844,-146.2822243370264,3379812394
iw,-86.3218765258789,-82.0392303466796,89.61102933404295,-153.08087054371705,3379829061
iw,-88.0031585693359,-79.720947265625,85.20344135018875,-156.7043083795466,3379845728
iw,-90.0,-77.4180679321289,79.8047342226895,-157.09191394229293,3379862395
iw,-89.2267074584961,-75.0836410522461,74.72518673720423,-154.3315571825352,3379879062
iw,-87.7664718627929,-72.749755859375,71.2058293934677,-148.6774225988771,3379895729
iw,-86.3111419677734,-70.387222290039,70.14790909863162,-140.54392539463586,3379912396
iw,-84.9177017211914,-68.0201797485351,71.93049285738944,-130.46087075230577,3379929063
iw,-83.5862884521484,-65.8384704589843,76.35633962942181,-118.98931630078664,3379945730
iw,-82.2311859130859,-64.0123901367187,82.72023696104876,-106.61909911026649,3379962397
iw,-80.7377853393554,-62.5074272155761,89.96116909909374,-93.68808212202565,3379979064
iw,-79.1206359863281,-61.1074409484863,96.84988012382581,-80.36578611363839,3379995731
iw,-77.4576950073242,-59.6811828613281,102.17202818946974,-66.71984036810598,3380012398
iw,-75.8387603759765,-58.5225296020507,104.88387887910375,-52.839635355568866,3380029065
iw,-74.1680374145507,-57.7850074768066,104.23257902608603,-38.9550482877842,3380045732
iw,-72.3882446289062,-57.4124069213867,99.83822243861655,-25.487321789050718,3380062399
iw,-70.5623016357421,-57.0707283020019,91.72712364596052,-13.006057702283929,3380079066
iw,-68.9895477294921,-57.1213226318359,80.294057423871,-2.113336371877257,3380095733
iw,-67.9182510375976,-57.2297782897949,66.17505409706783,6.697058168156939,3380112400
iw,-67.3343048095703,-57.6543922424316,50.04428659887725,13.158673248256479,3380129067
iw,-67.1210327148437,-58.2911796569824,32.39683756678548,17.300622339033573,3380145734
iw,-67.1455612182617,-59.030216217041,13.410508626006479,19.45394690516694,3380162401
iw,-67.2980346679687,-59.6643943786621,-7.035323020267362,20.196451363229894,3380179068
iw,-67.4738845825195,-60.2987670898437,-29.16949954037387,20.244818704842967,3380195735
iw,-67.88037109375,-60.9567832946777,-53.036385548885754,20.31367809298457,3380212402
iw,-68.8604278564453,-61.8284454345703,-78.22804580189464,20.97257373314651,3380229069
iw,-70.4752960205078,-62.942626953125,-103.76773707824204,22.53641133271768,3380245736
iw,-72.7340545654296,-63.8583908081054,-128.20686998676828,25.019376125468675,3380262403
iw,-75.4768447875976,-64.7255096435546,-149.90234015735754,28.168993089850336,3380279070
iw,-78.3103713989257,-65.7412185668945,-167.3651891810549,31.57869141494973,3380295737
iw,-81.022476196289,-67.0261688232421,-179.55255417546718,34.85316767738887,3380312404
iw,-83.4578857421875,-68.3740310668945,-186.01651850843442,37.774433755418784,3380329071
iw,-85.4863815307617,-69.6678924560546,-186.89613754187724,40.403573608774806,3380345738
iw,-86.3675689697265,-70.8914718627929,-182.80060165786094,43.07128836248672,3380362405
iw,-85.5544204711914,-72.0939025878906,-174.65470497319714,46.256604105882936,3380379072
iw,-83.4601058959961,-73.3424224853515,-163.56135451508578,50.40223130247871,3380395739
iw,-81.0469131469726,-74.6506729125976,-150.69719225044813,55.73975706186949,3380412406
iw,-78.6871795654296,-76.0086288452148,-137.2201853115434,62.18893107673082,3380429073
iw,-76.5107269287109,-77.4626312255859,-124.15422366877777,69.3624401075498,3380445740
iw,-74.7238082885742,-79.0267181396484,-112.23631397407318,76.66745256147186,3380462407
iw,-73.2866592407226,-80.6502304077148,-101.75741074475373,83.46234378830695,3380479074
iw,-71.9150085449218,-82.3196258544921,-92.46949217259193,89.21124383265213,3380495741
iw,-70.5293502807617,-84.0055389404296,-83.63628545773625,93.58430124764075,3380512408
iw,-69.0659561157226,-85.6577453613281,-74.25827329936605,96.4742575834578,3380529075
iw,-67.6434173583984,-87.2377014160156,-63.422051665770866,97.93108226590718,3380545742
iw,-66.5338134765625,-88.7098693847656,-50.65278034560084,98.04600464414925,3380562409
iw,-65.6536788940429,-89.4539260864257,-36.1284683979403,96.83537636168423,3380579076
iw,-65.4313583374023,-88.1605911254882,-20.66236376352524,94.17609500402192,3380595743
iw,-65.7508392333984,-86.5903854370117,-5.45621639401486,89.82451301832731,3380612410
iw,-66.1972198486328,-84.9727783203125,8.273522816609685,83.51446912600306,3380629077
iw,-66.5816650390625,-83.4207916259765,19.645247764530023,75.09145660757432,3380645744
iw,-67.2736206054687,-82.1284484863281,28.31313638400442,64.61817382815413,3380662411
iw,-68.0111312866211,-81.1554718017578,34.47554958074746,52.39563765230727,3380679078
iw,-68.5933990478515,-80.6152114868164,38.72901180618728,38.882219935938764,3380695745
iw,-69.1346054077148,-80.3838653564453,41.85250267947307,24.542345248692882,3380712412
iw,-69.886848449707,-80.3564300537109,44.610381626370426,9.691905205022623,3380729079
iw,-71.2579956054687,-80.4988937377929,47.62879974071089,-5.589660379611381,3380745746
iw,-72.8249053955078,-80.7680740356445,51.345480242381555,-21.441175432096145,3380762413
iw,-73.8994064331054,-81.311897277832,55.99046552995832,-38.10304927733382,3380779080
iw,-74.8816833496093,-82.2236099243164,61.56013244099805,-55.749193924045805,3380795747
iw,-75.9046859741211,-83.4193038940429,67.79158674722495,-74.3298805623095,3380812414
iw,-77.338638305664,-84.9214401245117,74.17963453652823,-93.47772689823535,3380829081
iw,-79.067512512207,-86.7173538208007,80.0663269935189,-112.50309098438386,3380845748
iw,-80.8002700805664,-87.4951705932617,84.78909851500143,-130.47449919729647,3380862415
iw,-82.4371948242187,-85.7044525146484,87.8408908299823,-146.35415487301205,3380879082
iw,-83.9935455322265,-82.8468933105468,88.99618094831096,-159.14768113104068,3380895749
iw,-85.5308609008789,-79.8651580810546,88.37806009686817,-168.0347208789674,3380912416
iw,-87.1983108520507,-77.032470703125,86.45982650430709,-172.46446084488727,3380929083
iw,-89.1518936157226,-74.4268798828125,83.99973041392491,-172.21391177623914,3380945750
iw,-89.4845199584961,-71.8998489379882,81.90733929273132,-167.41076782308517,3380962417
iw,-87.8742218017578,-69.400894165039,81.04882720209513,-158.52067440793138,3380979084
iw,-86.5530929565429,-66.9711837768554,82.02265402857643,-146.29658000986146,3380995751
iw,-85.2533569335937,-64.6010208129882,84.96592909292937,-131.68816465410737,3381012418
iw,-83.8679962158203,-62.4043922424316,89.46241742764846,-115.71364168737148,3381029085
iw,-82.3103332519531,-60.6326904296875,94.59972042015865,-99.30751239151822,3381045752
iw,-80.4938278198242,-59.3365669250488,99.17193924552096,-83.17671649838519,3381062419
iw,-78.5955734252929,-58.2498626708984,101.96941820432265,-67.71428692205949,3381079086
iw,-76.8217849731445,-57.1287384033203,102.06522480182855,-53.01452822319301,3381095753
iw,-75.1928405761718,-56.1634712219238,99.01304894233394,-38.99543426485402,3381112420
iw,-73.6501235961914,-55.5364799499511,92.90783723697284,-25.578966249967785,3381129087
iw,-72.208511352539,-55.1870040893554,84.30714319362362,-12.845631153318228,3381145754
iw,-70.9432601928711,-55.0504150390625,74.04596050636978,-1.0924363195091027,3381162421
iw,-69.8374710083007,-55.3399505615234,62.99360218135296,9.226509712864136,3381179088
iw,-68.994384765625,-55.5577926635742,51.80500465692411,17.643225264624572,3381195755
iw,-68.4261627197265,-56.0711212158203,40.71947238263302,23.840414526128548,3381212422
iw,-68.118049621582,-56.7407150268554,29.458638591779373,27.77806700199067,3381229089
iw,-68.007209777832,-57.5354843139648,17.265767127103278,29.74467298476231,3381245756
iw,-67.952522277832,-58.1796493530273,3.101962138337766,30.319986353688886,3381262423
iw,-67.9509353637695,-58.813549041748,-14.030301384885808,30.2585690727071,3381279090
iw,-68.2133102416992,-59.4932174682617,-34.71750270026794,30.324763401113845,3381295757
iw,-68.8752975463867,-60.5747146606445,-58.834133418997425,31.124873300815253,3381312424
iw,-70.1305160522461,-61.876235961914,-85.41796044222495,32.98238422667733,3381329091
iw,-72.1516494750976,-62.9765510559082,-112.77515697649808,35.88689204408862,3381345758
iw,-74.6844482421875,-63.7833137512207,-138.78843310563497,39.52740117766953,3381362425
iw,-77.5124435424804,-64.8046188354492,-161.33030840349576,43.404373216553935,3381379092
iw,-80.3728790283203,-66.191535949707,-178.65549904336797,46.99900169926583,3381395759
iw,-83.206184387207,-67.7217102050781,-189.67104785672086,49.9564565809054,3381412426
iw,-85.6061782836914,-69.1727523803711,-194.04111817245956,52.221226311224314,3381429093
iw,-86.7343978881836,-70.6029205322265,-192.14224678544932,54.068220734170026,3381445760
iw,-85.8097457885742,-72.0273361206054,-184.91973226163663,56.010772213117534,3381462427
iw,-83.638069152832,-73.4531631469726,-173.70010225467277,58.61748004392615,3381479094
iw,-81.1292572021484,-74.9090042114257,-159.99546743193716,62.30552068467797,3381495761
iw,-78.6720428466796,-76.377456665039,-145.30873643076302,67.18345442318497,3381512428
iw,-76.4585418701171,-77.8628540039062,-130.9339679579688,72.99492592515027,3381529095
iw,-74.5851211547851,-79.4539108276367,-117.75715814550003,79.17810552544172,3381545762
iw,-72.9668426513671,-81.1653594970703,-106.09435998986754,85.01700311532785,3381562429
iw,-71.4642105102539,-82.939338684082,-95.6318242061064,89.8312267499235,3381579096
iw,-70.0123062133789,-84.6903076171875,-85.52884314488348,93.13953974307987,3381595763
iw,-68.5156021118164,-86.3462371826171,-74.69668695550384,94.74398021335756,3381612430
iw,-67.0199890136718,-87.8630218505859,-62.19158000906968,94.71175035941353,3381629097
iw,-65.767822265625,-89.0791015625,-47.592484384177695,93.27023525115297,3381645764
iw,-64.9385147094726,-88.8546524047851,-31.216124042477052,90.66158720944165,3381662431
iw,-65.0850296020507,-87.6459884643554,-14.074383311623846,87.01535037063142,3381679098
iw,-65.5115356445312,-86.2935638427734,2.4134409195922193,82.28640853040574,3381695765
iw,-65.8548507690429,-84.9088821411132,16.835624707361873,76.27622505089244,3381712432
iw,-66.4923858642578,-83.5578308105468,28.171356463023216,68.7203554726056,3381729099
iw,-67.3497848510742,-82.3913497924804,36.023280976753746,59.39954047750447,3381745766
iw,-68.2541580200195,-81.518814086914,40.65882709204145,48.226278407783084,3381762433
iw,-69.0140762329101,-80.8934249877929,42.886007896626644,35.274896435944996,3381779100
iw,-69.6584167480468,-80.6077117919921,43.82476214678804,20.751618739373182,3381795767
iw,-70.5063095092773,-80.6434631347656,44.64466691894834,4.927876467168469,3381812434
iw,-71.8774642944336,-80.89990234375,46.32776967466593,-11.926390701030927,3381829101
iw,-72.6201553344726,-81.3672409057617,49.48965710050848,-29.577014464107783,3381845768
iw,-73.198501586914,-82.1734161376953,54.27507579703023,-47.813754397814435,3381862435
iw,-74.3713226318359,-83.2502975463867,60.34787126440925,-66.40168668884408,3381879102
iw,-75.838394165039,-84.6034851074218,66.99419326254367,-85.02123067580293,3381895769
iw,-77.3153533935546,-86.3403930664062,73.32461661055025,-103.22482363938295,3381912436
iw,-78.7814025878906,-87.7819442749023,78.51334401766852,-120.42789181866588,3381929103
iw,-80.2701568603515,-86.7373352050781,81.99742708971216,-135.93543415700344,3381945770
iw,-81.7410583496093,-83.9535751342773,83.5881952853115,-148.99444909983092,3381962437
iw,-83.2949600219726,-80.8675918579101,83.48842649830881,-158.8633226283024,3381979104
iw,-84.9073410034179,-78.0085525512695,82.23095819889804,-164.89619280094328,3381995771
iw,-86.5448150634765,-75.4591674804687,80.55703835546981,-166.64053899794285,3382012438
iw,-88.1589965820312,-73.0903625488281,79.25336946040564,-163.93533914464274,3382029105
iw,-90.0,-70.6880722045898,78.9760537915177,-156.98346057276137,3382045772
iw,-89.0418243408203,-68.2493515014648,80.10160923563683,-146.36688149099194,3382062439
iw,-87.5226669311523,-65.8543472290039,82.6465591566381,-132.98161216991195,3382079106
iw,-86.0212326049804,-63.707347869873,86.28087750959176,-117.88976975698748,3382095773
iw,-84.442398071289,-61.944221496582,90.43126003152177,-102.11632488133334,3382112440
iw,-82.7420196533203,-60.5577278137207,94.43925571550032,-86.44954374686974,3382129107
iw,-80.9788818359375,-59.370735168457,97.71925957567035,-71.31951527012782,3382145774
iw,-79.2561645507812,-58.1946792602539,99.86161004081725,-56.80986321426349,3382162441
iw,-77.622688293457,-57.1010055541992,100.64878104749648,-42.80300064435162,3382179108
iw,-76.0802383422851,-56.3466453552246,99.99004117069457,-29.19504620026164,3382195775
iw,-74.6069641113281,-56.0147666931152,97.81548521794734,-16.081427368474877,3382212442
iw,-73.1267929077148,-56.0303688049316,93.98635989144057,-3.8309411784157494,3382229109
iw,-71.5863876342773,-56.1445350646972,88.26616139891458,6.976842197871559,3382245776
iw,-70.0459747314453,-56.5412559509277,80.36197211168631,15.714281817706123,3382262443
iw,-68.6619491577148,-56.9018440246582,70.00694779601479,21.898185211412446,3382279110
iw,-67.6412124633789,-57.4582786560058,57.03535140850404,25.345736101542208,3382295777
iw,-67.0688552856445,-58.1900901794433,41.413470163744925,26.25557814394536,3382312444
iw,-66.8666458129882,-59.0814170837402,23.225527457889562,25.204137943328593,3382329111
iw,-66.9540328979492,-59.9313583374023,2.6485970683156066,23.059884379799954,3382345778
iw,-67.2752838134765,-60.4121513366699,-20.040650711869322,20.822157748288603,3382362445
iw,-67.8298797607421,-60.6686897277832,-44.4090305320449,19.406975085071597,3382379112
iw,-68.7304153442382,-61.1931190490722,-69.78322856735693,19.43341830420683,3382395779
iw,-70.0976486206054,-62.1228446960449,-95.1942624609541,21.084751416596163,3382412446
iw,-72.0580215454101,-63.0191574096679,-119.40412896532555,24.100399533315514,3382429113
iw,-74.4600219726562,-63.9782447814941,-141.03452897462557,27.903309957247085,3382445780
iw,-77.1365661621093,-65.0612716674804,-158.76916253384536,31.814824324430177,3382462447
iw,-79.8717346191406,-66.1132736206054,-171.56684534236425,35.28285903344899,3382479114
iw,-82.4619903564453,-67.2511291503906,-178.8214469489276,38.05311712115449,3382495781
iw,-84.8632888793945,-68.5306549072265,-180.4339960249018,40.23778849056104,3382512448
iw,-86.7056274414062,-69.7035903930664,-176.8016994942672,42.269379234570415,3382529115
iw,-86.9340133666992,-70.8636322021484,-168.7537532329874,44.75852859736495,3382545782
iw,-85.147720336914,-72.0809783935546,-157.4619558317817,48.29804127466942,3382562449
iw,-82.8426132202148,-73.366340637207,-144.3314297408346,53.267770575362846,3382579116
iw,-80.6114883422851,-74.6841888427734,-130.8539639909285,59.69378327759718,3382595783
iw,-78.5724105834961,-76.0558700561523,-118.40561417464846,67.20054225327132,3382612450
iw,-76.871597290039,-77.5453033447265,-107.99911058813018,75.07078998495942,3382629117
iw,-75.4496078491211,-79.1541442871093,-100.04686480505035,82.39979223097258,3382645784
iw,-74.05126953125,-80.8514938354492,-94.22347095779264,88.30446080338068,3382662451
iw,-72.5144271850586,-82.5475463867187,-89.51011325810707,92.13106317137492,3382679118
iw,-70.9212493896484,-84.1764755249023,-84.44888513023928,93.6042476427519,3382695785
iw,-69.4137496948242,-85.7128067016601,-77.55357616343427,92.87600675773811,3382712452
iw,-68.0124740600586,-87.113784790039,-67.75523348822485,90.46080373013609,3382729119
iw,-66.9108505249023,-88.2404174804687,-54.73941937449707,87.07432750433674,3382745786
iw,-66.1506805419921,-88.7235946655273,-39.06556402353355,83.4206256455061,3382762453
iw,-65.9164199829101,-88.2254638671875,-22.031036915194996,79.98925374272575,3382779120
iw,-65.8518905639648,-87.2003326416015,-5.32574323549125,76.92432939055608,3382795787
iw,-66.3906173706054,-85.9870681762695,9.411533236330634,74.00659265931957,3382812454
iw,-66.8036727905273,-84.6738739013671,20.997838034901918,70.75075704958294,3382829121
iw,-67.4088363647461,-83.3141708374023,28.95594867362453,66.57727242451035,3382845788
iw,-68.0433578491211,-82.0549545288086,33.55252832818036,60.989483036398894,3382862455
iw,-68.6178817749023,-81.0627746582031,35.63920391651865,53.68856907752718,3382879122
iw,-69.0492858886718,-80.4110565185546,36.36823694477631,44.59064374282779,3382895789
iw,-69.4917984008789,-80.0242538452148,36.8813962366781,33.758320912124674,3382912456
iw,-70.1190414428711,-79.7838287353515,38.065196797744726,21.29872975788346,3382929123
iw,-71.0112380981445,-79.7191848754882,40.43135196746383,7.290672634362048,3382945790
iw,-72.4028167724609,-79.8073348999023,44.12763127477495,-8.218791434100748,3382962457
iw,-73.6723022460937,-80.0721969604492,49.03216196073852,-25.149204427773704,3382979124
iw,-74.4262084960937,-80.6242065429687,54.86084455742359,-43.29092171657991,3382995791
iw,-75.2737426757812,-81.7018737792968,61.23670391217196,-62.231341146476524,3383012458
iw,-76.635269165039,-83.102783203125,67.71428224022486,-81.34286345859518,3383029125
iw,-78.10791015625,-84.8172302246093,73.78617050186516,-99.84086812830347,3383045792
iw,-79.4794464111328,-86.534797668457,78.90526512807418,-116.8881302288805,3383062459
iw,-80.8510437011718,-86.9675903320312,82.54642981705379,-131.70546136512127,3383079126
iw,-82.4437408447265,-85.2477111816406,84.31573521044578,-143.6526281652731,3383095793
iw,-84.1086196899414,-82.7781066894531,84.08949932320742,-152.26454236796496,3383112460
iw,-85.7381896972656,-80.2808456420898,82.13110370256675,-157.25350744922915,3383129127
iw,-87.4299163818359,-77.9006958007812,79.11585362380337,-158.50388691220377,3383145794
iw,-89.0589294433593,-75.554946899414,76.017651701774,-156.0815672186004,3383162461
iw,-90.0,-73.2503814697265,73.87094211058732,-150.260395246199,3383179128
iw,-88.5176086425781,-70.9151916503906,73.48383416066247,-141.54462812792542,3383195795
iw,-87.0179061889648,-68.5681533813476,75.20701452940132,-130.6541701683056,3383212462
iw,-85.5589523315429,-66.3647384643554,78.84204794887957,-118.44592485502858,3383229129
iw,-84.0893859863281,-64.4717788696289,83.71489090334983,-105.77054428903499,3383245796
iw,-82.5135498046875,-62.9171676635742,88.87735990159265,-93.30079303298253,3383262463
iw,-80.8531646728515,-61.571060180664,93.35926428804339,-81.39680180660781,3383279130
iw,-79.2021102905273,-60.2583618164062,96.38793001201881,-70.07288886487414,3383295797
iw,-77.6100769042968,-58.9290618896484,97.51516046125398,-59.092292259199915,3383312464
iw,-76.075813293457,-57.8315391540527,96.63126748130101,-48.15655354234241,3383329131
iw,-74.5812149047851,-57.0790290832519,93.8851804883139,-37.108955828753416,3383345798
iw,-73.0968627929687,-56.6000785827636,89.55399294856505,-26.06474878806634,3383362465
iw,-71.6838912963867,-56.3605041503906,83.90829454076541,-15.417996452487417,3383379132
iw,-70.3748931884765,-56.3189048767089,77.10625372424165,-5.732281720653213,3383395799
iw,-69.1575622558593,-56.3441009521484,69.1311783530226,2.4318975534163556,3383412466
iw,-68.104866027832,-56.5010032653808,59.77408058113061,8.68644299018874,3383429133
iw,-67.3433685302734,-56.8842697143554,48.65849300862002,12.93161374809919,3383445800
iw,-66.9149932861328,-57.4221572875976,35.30766383059166,15.396719329942293,3383462467
iw,-66.7084197998046,-58.0447235107421,19.257535397656017,16.60392521338844,3383479134
iw,-66.5988159179687,-58.5586051940918,0.21242093511371057,17.26245574883207,3383495801
iw,-66.6954956054687,-58.8890991210937,-21.781509564906926,18.110006307944197,3383512468
iw,-67.2041244506836,-59.3870124816894,-46.197538371792206,19.73657253794511,3383529135
iw,-68.2687835693359,-60.4816398620605,-71.98827646943498,22.4423597864008,3383545802
iw,-69.8862609863281,-61.5733108520507,-97.68514608291613,26.17650765592897,3383562469
iw,-72.0892715454101,-62.443618774414,-121.62699082002939,30.574748138084384,3383579136
iw,-74.5926437377929,-63.2995834350585,-142.25327294670362,35.08152811280088,3383595803
iw,-77.1972885131836,-64.3406677246093,-158.37043058716543,39.12249893294441,3383612470
iw,-79.7422485351562,-65.5498580932617,-169.3147668404914,42.28451939694145,3383629137
iw,-82.2237777709961,-66.9464950561523,-174.98238576032293,44.45568670697185,3383645804
iw,-84.5475616455078,-68.2485885620117,-175.74907648185433,45.88159895701043,3383662471
iw,-86.2998504638671,-69.5089111328125,-172.3340695375597,47.11385523222205,3383679138
iw,-86.7385330200195,-70.809211730957,-165.66156226343892,48.85995165501676,3383695805
iw,-85.3267669677734,-72.1697235107421,-156.75083985710543,51.77640220550317,3383712472
iw,-83.1852264404296,-73.5428848266601,-146.6348198421788,56.26529159578326,3383729139
iw,-80.9288177490234,-74.8978271484375,-136.28301024881384,62.333833305438645,3383745806
iw,-78.7843551635742,-76.2920227050781,-126.50118166174832,69.55982637021013,3383762473
iw,-76.846435546875,-77.8669967651367,-117.80150352356101,77.17726391333285,3383779140
iw,-75.1146011352539,-79.568359375,-110.27357192888039,84.2604364487867,3383795807
iw,-73.5237121582031,-81.3533248901367,-103.51670820997835,89.95181069774,3383812474
iw,-71.9833526611328,-83.1009063720703,-96.6955467396692,93.66312247175911,3383829141
iw,-70.4630355834961,-84.7359771728515,-88.74576396355313,95.1895799008509,3383845808
iw,-68.9055023193359,-86.289810180664,-78.69551339956102,94.70986655948784,3383862475
iw,-67.430923461914,-87.8154678344726,-66.00730932652526,92.68440051470118,3383879142
iw,-66.3361129760742,-89.3070526123046,-50.816169304357736,89.6935202006297,3383895809
iw,-65.8263702392578,-89.3147201538086,-33.964133904758995,86.26649694438703,3383912476
iw,-65.7887954711914,-87.8554306030273,-16.80571038411698,82.743978310268,3383929143
iw,-66.1787948608398,-86.4974822998046,-0.8508619887481177,79.19979534298486,3383945810
iw,-66.571044921875,-85.1946258544921,12.625178815534289,75.43094113125254,3383962477
iw,-66.9932708740234,-83.9134979248046,22.874750971982113,71.01023778488467,3383979144
iw,-67.655288696289,-82.6754150390625,29.79744140065959,65.38494471429273,3383995811
iw,-68.4259643554687,-81.6005249023437,33.88397883169957,57.99667450848254,3384012478
iw,-68.9765014648437,-80.7311096191406,36.034946458150685,48.39565588334137,3384029145
iw,-69.5755462646484,-80.1095428466796,37.32512805324163,36.32754602625735,3384045812
iw,-70.2632217407226,-79.775764465332,38.779450584389465,21.781830417959554,3384062479
iw,-71.224609375,-79.7112808227539,41.20541802645048,5.00178899585121,3384079146
iw,-72.4275970458984,-79.9075698852539,45.096187986651685,-13.538247342200055,3384095813
iw,-73.5526046752929,-80.3889007568359,50.591865496645454,-33.18294201002374,3384112480
iw,-74.1494979858398,-81.246955871582,57.48074678069602,-53.16969858409699,3384129147
iw,-75.3771133422851,-82.6775894165039,65.23692396256345,-72.71943222007584,3384145814
iw,-77.0186767578125,-84.315559387207,73.10287537864696,-91.12847905030425,3384162481
iw,-78.5694427490234,-86.1170806884765,80.21566614709984,-107.83770305828436,3384179148
iw,-80.0550765991211,-87.4951705932617,85.75503241022008,-122.45735281985029,3384195815
iw,-81.5696334838867,-86.6874313354492,89.0874266152246,-134.74059776989353,3384212482
iw,-83.2361831665039,-84.2208709716796,89.89152812563425,-144.51799301957766,3384229149
iw,-85.0227127075195,-81.533088684082,88.25255456718878,-151.62208248236084,3384245816
iw,-86.8026733398437,-78.9710922241211,84.69745049672758,-155.84027414319306,3384262483
iw,-88.5585708618164,-76.5306396484375,80.13433977347326,-156.92786794697062,3384279150
iw,-90.0,-74.1446533203125,75.68108566145625,-154.68777918255074,3384295817
iw,-88.6552047729492,-71.8158264160156,72.41452245282863,-149.08792545103907,3384312484
iw,-87.2393341064453,-69.490982055664,71.11483121469091,-140.36126248277927,3384329151
iw,-85.8923034667968,-67.1807403564453,72.08987716305197,-129.03333430147646,3384345818
iw,-84.6293640136718,-65.0773086547851,75.13451485097309,-115.84973902921442,3384362485
iw,-83.3349151611328,-63.2908363342285,79.62675955461253,-101.62007005524941,3384379152
iw,-81.8750839233398,-61.8267364501953,84.71370567199195,-87.03758136347831,3384395819
iw,-80.2927169799804,-60.5507278442382,89.5153199667968,-72.55374217559954,3384412486
iw,-78.7288665771484,-59.3401374816894,93.27967345638872,-58.367860820857075,3384429153
iw,-77.2810821533203,-58.1962776184082,95.45364803662,-44.53702038737965,3384445820
iw,-75.8805694580078,-57.4138603210449,95.67523220752287,-31.148219860393894,3384462487
iw,-74.3975524902343,-57.0596351623535,93.72688893338166,-18.460638572132865,3384479154
iw,-72.8218078613281,-56.9576568603515,89.49548610847127,-6.942683509224283,3384495821
iw,-71.2780075073242,-57.1036567687988,82.96037677988991,2.81568867547625,3384512488
iw,-69.8501663208007,-57.2847251892089,74.19597273721192,10.274871361603129,3384529155
iw,-68.6787719726562,-57.5490493774414,63.35510260972862,15.128872703611592,3384545822
iw,-67.872444152832,-57.9293365478515,50.60939961687045,17.432260240780504,3384562489
iw,-67.4782562255859,-58.4797325134277,36.05717609584435,17.63334645789538,3384579156
iw,-67.4348831176757,-59.0589790344238,19.646593981827706,16.509716893268163,3384595823
iw,-67.601821899414,-59.5068778991699,1.1775245363981615,15.024469573978969,3384612490
iw,-67.8914566040039,-59.8426399230957,-19.576790812677054,14.133184814170361,3384629157
iw,-68.2249679565429,-60.1744041442871,-42.64390323424087,14.58090554720433,3384645824
iw,-68.9071273803711,-60.6590461730957,-67.60302027178928,16.73716754968755,3384662491
iw,-70.2174301147461,-61.6089096069335,-93.4291552246239,20.51716529943533,3384679158
iw,-72.1928024291992,-62.2808761596679,-118.5256656111954,25.41999555458226,3384695825
iw,-74.7073974609375,-63.3939704895019,-140.96609602787842,30.68257215545142,3384712492
iw,-77.4905014038086,-64.622573852539,-158.87741021748576,35.51136631972654,3384729159
iw,-80.2451477050781,-65.8574600219726,-170.84034444178457,39.32573874525081,3384745826
iw,-82.792984008789,-67.0858154296875,-176.18391958149138,41.93743371576386,3384762493
iw,-85.0841445922851,-68.3839111328125,-175.10094756631867,43.60881643085117,3384779160
iw,-86.6689300537109,-69.6388397216796,-168.57791684025693,44.97303561976816,3384795827
iw,-86.7941741943359,-70.8774185180664,-158.18409800453543,46.844028777998126,3384812494
iw,-85.3366241455078,-72.1531219482421,-145.7852261476797,49.97490793377545,3384829161
iw,-83.3213653564453,-73.4748458862304,-133.23936856419397,54.832801890029465,3384845828
iw,-81.3308029174804,-74.8595581054687,-122.11197876932096,61.44930167545552,3384862495
iw,-79.4639358520507,-76.3272018432617,-113.43289448082287,69.38415615350087,3384879162
iw,-77.7480392456054,-77.8534240722656,-107.52102086063617,77.81107884607135,3384895829
iw,-76.1105804443359,-79.5241088867187,-103.91584994878573,85.7032015212665,3384912496
iw,-74.4088897705078,-81.2998352050781,-101.45864795495481,92.0684390599335,3384929163
iw,-72.6221466064453,-83.0436553955078,-98.54280724259557,96.1704589326646,3384945830
iw,-70.8967742919921,-84.6822052001953,-93.50285023610887,97.6758970005337,3384962497
iw,-69.2654190063476,-86.1631469726562,-85.05500773478978,96.69268193693932,3384979164
iw,-67.7648773193359,-87.4033126831054,-72.6670121882599,93.6984760380049,3384995831
iw,-66.5737686157226,-88.0651779174804,-56.740049236420205,89.38863430188943,3385012498
iw,-65.8407897949218,-87.8793869018554,-38.534717911057875,84.49033718171307,3385029165
iw,-65.742561340332,-87.0681610107421,-19.852850093658102,79.59212490229983,3385045832
iw,-65.948745727539,-86.0119934082031,-2.5716005683263905,75.02835787103552,3385062499
iw,-66.2582168579101,-84.8726806640625,11.82044564371888,70.83898724915448,3385079166
iw,-66.6055831909179,-83.6972122192382,22.54156211371846,66.80105343307648,3385095833
iw,-67.0298385620117,-82.4988937377929,29.610248199929355,62.50714015613676,3385112500
iw,-67.73046875,-81.4449157714843,33.72144343479137,57.45584274046915,3385129167
iw,-68.447151184082,-80.6486740112304,35.97881764034043,51.125321546007456,3385145834
iw,-68.9264373779296,-80.0217514038086,37.57910820535242,43.02126531655261,3385162501
iw,-69.3417739868164,-79.5532455444336,39.53452572236308,32.71357958958301,3385179168
iw,-69.8521652221679,-79.2555618286132,42.4955217545723,19.885910784008992,3385195835
iw,-71.0448303222656,-79.1185226440429,46.70373041610175,4.4105582226633535,3385212502
iw,-72.7985076904296,-79.165298461914,52.060154531878034,-13.564689973902487,3385229169
iw,-73.9814758300781,-79.5272140502929,58.24910390915499,-33.5546452994172,3385245836
iw,-74.6983184814453,-80.4198379516601,64.84600273859739,-54.74081845123918,3385262503
iw,-75.7931823730468,-81.8996963500976,71.3730272499998,-76.06136298012966,3385279170
iw,-77.2362747192382,-83.5762710571289,77.32059331715843,-96.36958519581245,3385295837
iw,-78.9198532104492,-85.4921569824218,82.17727740767512,-114.61262047890713,3385312504
iw,-80.5037002563476,-87.01220703125,85.49412216975502,-129.9749487582356,3385329171
iw,-82.0705108642578,-86.6224670410156,86.97825244041174,-141.94955830803457,3385345838
iw,-83.6147232055664,-84.5232467651367,86.58920210156118,-150.3298242610192,3385362505
iw,-85.1413040161132,-81.9939346313476,84.60215531985607,-155.1432602706701,3385379172
iw,-86.7144927978515,-79.515510559082,81.6031713941213,-156.56438573700882,3385395839
iw,-88.3044204711914,-77.1276245117187,78.39571046352968,-154.84334813927597,3385412506
iw,-89.4614944458007,-74.7508392333984,75.82685385439878,-150.2716538098116,3385429173
iw,-88.6683731079101,-72.4080047607421,74.5770914979756,-143.18422348146473,3385445840
iw,-87.2467193603515,-70.073860168457,74.98243933167723,-133.97756909453125,3385462507
iw,-85.7418212890625,-67.7528915405273,76.95466472266916,-123.11512496683847,3385479174
iw,-84.2463684082031,-65.5397644042968,80.02972895009316,-111.09710764858566,3385495841
iw,-82.7610397338867,-63.6532516479492,83.52248091896575,-98.39298489598691,3385512508
iw,-81.2250213623046,-62.1314849853515,86.72538691958842,-85.36189611516568,3385529175
iw,-79.6262893676757,-60.8243446350097,89.0793189663977,-72.20505297855267,3385545842
iw,-78.086929321289,-59.5740852355957,90.26377103932333,-58.98811984367357,3385562509
iw,-76.6488189697265,-58.4372406005859,90.18909379790391,-45.737303985697096,3385579176
iw,-75.2763519287109,-57.6936950683593,88.910215490296,-32.56861448242419,3385595843
iw,-73.9429244995117,-57.2415504455566,86.50737804148882,-19.785506075344856,3385612510
iw,-72.568977355957,-57.0440864562988,82.98496594883161,-7.892966916707355,3385629177
iw,-71.1834716796875,-57.015941619873,78.22262776678474,2.484082089925711,3385645844
iw,-69.822525024414,-57.2351150512695,71.98296147074242,10.749122481932627,3385662511
iw,-68.6071701049804,-57.3437957763671,63.95379926028302,16.49792484424854,3385679178
iw,-67.7082366943359,-57.8768234252929,53.79536954886006,19.648317822043158,3385695845
iw,-67.2087631225586,-58.610782623291,41.177192798436685,20.502442917909413,3385712512
iw,-66.9748992919921,-59.2950592041015,25.815399963594704,19.725114331561457,3385729179
iw,-66.8946914672851,-59.7415199279785,7.536889422820894,18.23527791770872,3385745846
iw,-66.9168701171875,-60.1186981201171,-13.614831294935973,17.025187755028462,3385762513
iw,-67.2654266357421,-60.4956474304199,-37.25315399879678,16.946676200465383,3385779180
iw,-68.1406631469726,-61.3502082824707,-62.55745514184614,18.523008132371896,3385795847
iw,-69.48486328125,-62.2458915710449,-88.27987109593754,21.842676903349716,3385812514
iw,-71.4600601196289,-63.1722221374511,-112.87953569660947,26.566334552699466,3385829181
iw,-73.8540420532226,-64.2312240600586,-134.76066884650055,32.042662859440654,3385845848
iw,-76.4631195068359,-65.4094009399414,-152.54599475892704,37.49876810261653,3385862515
iw,-79.162483215332,-66.5536651611328,-165.30327855969395,42.25344570413437,3385879182
iw,-81.9003753662109,-67.8939971923828,-172.66450381674463,45.89815415279519,3385895849
iw,-84.5536041259765,-69.2832641601562,-174.81989807773977,48.399223611855746,3385912516
iw,-86.9235534667968,-70.5801849365234,-172.41065407713415,50.093752944368795,3385929183
iw,-88.177375793457,-71.8631744384765,-166.36882276759874,51.57868843826494,3385945850
iw,-86.7327728271484,-73.1930999755859,-157.75514159179363,53.523342182877,3385962517
iw,-84.4157333374023,-74.5485305786132,-147.62799498218885,56.460408422674796,3385979184
iw,-82.0302581787109,-75.9142990112304,-136.9484289314512,60.618377709921305,3385995851
iw,-79.7479019165039,-77.2954406738281,-126.50274686062383,65.84530088727031,3386012518
iw,-77.7051239013671,-78.7351455688476,-116.82102721841517,71.64501350714349,3386029185
iw,-75.9466323852539,-80.2844924926757,-108.09079374911401,77.31147688201456,3386045852
iw,-74.4086227416992,-81.8668975830078,-100.09717066533518,82.11610985764713,3386062519
iw,-72.9118499755859,-83.4252624511718,-92.24063542129107,85.48832342764312,3386079186
iw,-71.4051818847656,-84.9018783569336,-83.67129146431179,87.13706271841703,3386095853
iw,-69.9626770019531,-86.3170928955078,-73.53342318073356,87.0864777088687,3386112520
iw,-68.6337356567382,-87.6223220825195,-61.25743475887937,85.62839791106958,3386129187
iw,-67.6020050048828,-88.5256805419921,-46.79988270292183,83.21477663618505,3386145854
iw,-67.023941040039,-88.3806991577148,-30.7386114884703,80.32054197978457,3386162521
iw,-66.8835525512695,-87.5217971801757,-14.178782643766745,77.30682374673064,3386179188
iw,-66.8834533691406,-86.49072265625,1.505667375094553,74.31309842053167,3386195855
iw,-67.4221649169921,-85.3909683227539,15.01324412312067,71.204307573657,3386212522
iw,-67.9985427856445,-84.2364959716796,25.432922520277497,67.58954408489866,3386229189
iw,-68.7108154296875,-83.0452880859375,32.44669968675781,62.90952568616418,3386245856
iw,-69.5281448364257,-81.9396820068359,36.36636012345984,56.567077420954604,3386262523
iw,-70.1754684448242,-81.0504302978515,38.00855376194041,48.06057686321026,3386279190
iw,-70.5891036987304,-80.426773071289,38.46079090745138,37.08361270835969,3386295857
iw,-71.1046676635742,-80.0765151977539,38.81829980903131,23.5728787510123,3386312524
iw,-71.8851928710937,-80.0027084350586,39.96917133091658,7.708746277464473,3386329191
iw,-73.1901931762695,-80.1620712280273,42.473179057660985,-10.113769902835713,3386345858
iw,-74.1344604492187,-80.580322265625,46.53360921631352,-29.326784923450624,3386362525
iw,-74.9686279296875,-81.3498306274414,52.0292620098413,-49.237036066719206,3386379192
iw,-75.9824295043945,-82.5761413574218,58.57270111054445,-69.08050906492922,3386395859
iw,-77.2785720825195,-84.1153717041015,65.5790271064214,-88.0851904326399,3386412526
iw,-78.6206283569336,-85.8840103149414,72.34364969764069,-105.53497384751395,3386429193
iw,-80.0485763549804,-87.2501373291015,78.13196106575847,-120.82048536448835,3386445860
iw,-81.5134201049804,-86.5914230346679,82.28553924685255,-133.46365448171787,3386462527
iw,-83.0768356323242,-84.3415451049804,84.34607520088016,-143.11368637609493,3386479194
iw,-84.6957397460937,-81.8407974243164,84.18139198039663,-149.52738456320836,3386495861
iw,-86.3340377807617,-79.4331512451171,82.07394123699615,-152.55691001688146,3386512528
iw,-88.0440521240234,-77.07373046875,78.7217815563645,-152.16444524622202,3386529195
iw,-90.0,-74.7337265014648,75.12082339251488,-148.4652913824266,3386545862
iw,-89.3980178833007,-72.4074401855468,72.34128173328511,-141.77810019491233,3386562529
iw,-87.9314346313476,-70.0634231567382,71.25971864525889,-132.6464820575693,3386579196
iw,-86.588150024414,-67.7612838745117,72.33434975527443,-121.79928596882642,3386595863
iw,-85.2507629394531,-65.6682891845703,75.49883060616779,-110.03907441864911,3386612530
iw,-83.8796157836914,-63.8811149597168,80.20354121241071,-98.08309145267117,3386629197
iw,-82.3715667724609,-62.3815994262695,85.5779242997651,-86.41298432342643,3386645864
iw,-80.768798828125,-60.9915084838867,90.64950188717512,-75.19893943672781,3386662531
iw,-79.1418914794921,-59.6074905395507,94.54773223717554,-64.33876516639162,3386679198
iw,-77.5495300292968,-58.3253211975097,96.64062757734946,-53.600815663894686,3386695865
iw,-76.0643081665039,-57.3710289001464,96.58627645730033,-42.80903580723681,3386712532
iw,-74.5727920532226,-56.728660583496,94.3141035954986,-31.988693367652708,3386729199
iw,-73.0456085205078,-56.3152122497558,89.96775270109761,-21.41298167455924,3386745866
iw,-71.5530319213867,-56.0948410034179,83.83718628720403,-11.5383150343244,3386762533
iw,-70.159423828125,-56.080150604248,76.2891922329233,-2.863273594077316,3386779200
iw,-68.9317398071289,-56.1674423217773,67.68922384388733,4.227311135428079,3386795867
iw,-67.9612426757812,-56.3700141906738,58.30707479638386,9.573654951217332,3386812534
iw,-67.2566528320312,-56.7013931274414,48.215948215190565,13.274892231050066,3386829201
iw,-66.8209609985351,-57.2029953002929,37.218220408415554,15.64842267479352,3386845868
iw,-66.6102066040039,-57.6723899841308,24.845001824500425,17.14264249711432,3386862535
iw,-66.5151901245117,-58.1436653137207,10.466621523494673,18.236037513011674,3386879202
iw,-66.4796829223632,-58.6197166442871,-6.486174452310626,19.347711200022843,3386895869
iw,-66.5389328002929,-59.2099418640136,-26.244162246397575,20.775490208673673,3386912536
iw,-66.9042205810546,-60.3589286804199,-48.46385064986516,22.67044060157634,3386929203
iw,-67.9214630126953,-61.64990234375,-72.14109346270567,25.04553476330772,3386945870
iw,-69.6501159667968,-62.7876548767089,-95.73620536783623,27.803108180735073,3386962537
iw,-71.8292465209961,-63.4823188781738,-117.48814762520415,30.763939568841295,3386979204
iw,-74.3544998168945,-64.0777359008789,-135.81267282759111,33.69616287465698,3386995871
iw,-76.9167861938476,-65.0089721679687,-149.64320825818976,36.35860005710959,3387012538
iw,-79.2662887573242,-66.3078384399414,-158.60212360435514,38.568920064470404,3387029205
iw,-81.5381469726562,-67.6167831420898,-162.9658086828021,40.28286687190405,3387045872
iw,-83.684944152832,-68.71826171875,-163.46907498937506,41.65019212694744,3387062539
iw,-85.5280609130859,-69.8877029418945,-161.04444921108947,43.01574729620829,3387079206
iw,-86.7327728271484,-71.191291809082,-156.59395302304824,44.8564046982376,3387095873
iw,-86.3596572875976,-72.5021896362304,-150.85457551935536,47.66742177621938,3387112540
iw,-84.6642150878906,-73.8033218383789,-144.3666101870213,51.825228361762605,3387129207
iw,-82.5057983398437,-75.0810165405273,-137.50922183263557,57.46081418854089,3387145874
iw,-80.2800216674804,-76.3437194824218,-130.54698068719435,64.38162925951629,3387162541
iw,-78.1783294677734,-77.7129516601562,-123.64132390468326,72.07400016765196,3387179208
iw,-76.2872314453125,-79.3036499023437,-116.81501339558135,79.79658723343863,3387195875
iw,-74.589973449707,-81.061279296875,-109.89749988523529,86.74318430046264,3387212542
iw,-72.9729080200195,-82.8526535034179,-102.50320589287651,92.22469677190965,3387229209
iw,-71.4268112182617,-84.5804748535156,-94.08837438055853,95.81067632701094,3387245876
iw,-69.8878021240234,-86.2038345336914,-84.09609079998067,97.38675339832662,3387262543
iw,-68.4280166625976,-87.7727890014648,-72.15113473877456,97.11825273300246,3387279210
iw,-67.2126159667968,-89.1971588134765,-58.23231597733103,95.34498240611032,3387295877
iw,-66.4396514892578,-88.9967269897461,-42.74996928870429,92.45174572119288,3387312544
iw,-66.1094284057617,-87.5476837158203,-26.49303552270694,88.75778943260701,3387329211
iw,-66.0240631103515,-86.0757446289062,-10.465027047770088,84.45108011002286,3387345878
iw,-66.0766448974609,-84.646614074707,4.329828887397608,79.57049978362916,3387362545
iw,-66.2881851196289,-83.305908203125,17.081981874027132,74.02131640959563,3387379212
iw,-66.9983367919921,-82.0323257446289,27.308950014191236,67.60301544058228,3387395879
iw,-67.783332824707,-80.9613876342773,34.910389019072376,60.03431448435996,3387412546
iw,-68.3471527099609,-80.1615295410156,40.150131434280965,50.97386491526112,3387429213
iw,-69.0334930419921,-79.6052093505859,43.57904800299136,40.049882787924425,3387445880
iw,-69.9515304565429,-79.2551193237304,45.921300284504994,26.91874133315135,3387462547
iw,-70.968635559082,-79.0077819824218,47.950699686913275,11.363196546599175,3387479214
iw,-72.5828399658203,-78.8892059326171,50.37558253068286,-6.5849745256044,3387495881
iw,-73.7024688720703,-79.103515625,53.73547777085637,-26.542733006485918,3387512548
iw,-74.3427200317382,-79.7658081054687,58.308751183499844,-47.750451709140826,3387529215
iw,-75.3144454956054,-81.1158676147461,64.04576574781375,-69.15853265273083,3387545882
iw,-76.7065887451171,-82.9346160888671,70.55900994491489,-89.61222162081718,3387562549
iw,-78.2189636230468,-84.9110717773437,77.19325408943607,-108.07218572391734,3387579216
iw,-79.7951736450195,-86.9129486083984,83.16600602995219,-123.79010063594657,3387595883
iw,-81.3606185913086,-87.6039581298828,87.7409043234982,-136.3807091264508,3387612550
iw,-82.9357604980468,-85.750617980957,90.39349976245607,-145.7789557236628,3387629217
iw,-84.6195526123046,-83.1638488769531,90.93954066237598,-152.117031596778,3387645884
iw,-86.3580474853515,-80.6094970703125,89.60192169032399,-155.58257163370448,3387662551
iw,-88.1290512084961,-78.1346435546875,86.99291445229505,-156.31836583984773,3387679218
iw,-89.4979858398437,-75.6616134643554,83.99793160689899,-154.39831241244184,3387695885
iw,-88.7015609741211,-73.2554473876953,81.57568368142852,-149.87612297667386,3387712552
iw,-87.1884689331054,-70.8477096557617,80.52675898425497,-142.87034776550695,3387729219
iw,-85.5641250610351,-68.4317855834961,81.30309122361714,-133.6357499968152,3387745886
iw,-83.9874114990234,-66.1362686157226,83.9164007942227,-122.58062368671249,3387762553
iw,-82.4971923828125,-64.0637741088867,87.96204491107582,-110.216849754373,3387779220
iw,-80.9500045776367,-62.3080596923828,92.73270528233606,-97.06332611702683,3387795887
iw,-79.2298889160156,-60.8339538574218,97.37514505797263,-83.54900859613765,3387812554
iw,-77.5033187866211,-59.4926643371582,101.04424868061183,-69.96481415472786,3387829221
iw,-75.8446044921875,-58.2244758605957,103.02247087842584,-56.4894055673898,3387845888
iw,-74.1935348510742,-57.2752685546875,102.79178593230003,-43.27384129492503,3387862555
iw,-72.5202560424804,-56.6206855773925,100.06227252128878,-30.537319980713082,3387879222
iw,-70.8656463623046,-56.1233520507812,94.76864392707981,-18.620119310551168,3387895889
iw,-69.2783126831054,-55.8807868957519,87.04106727075325,-7.9621271387330825,3387912556
iw,-67.9126052856445,-55.9865570068359,77.14798169512953,0.9880909464642975,3387929223
iw,-66.8544158935546,-56.0538215637207,65.40879947731705,7.896890351383284,3387945890
iw,-66.0362930297851,-56.1197280883789,52.08787684278669,12.65358416264432,3387962557
iw,-65.4833526611328,-56.6454467773437,37.300014284871466,15.4277025618423,3387979224
iw,-65.2686157226562,-57.2493057250976,20.968309477059908,16.6631843660202,3387995891
iw,-65.3665390014648,-57.7377128601074,2.8683593200518636,17.011323638001734,3388012558
iw,-65.610366821289,-58.1243247985839,-17.232228873476906,17.210569188373945,3388029225
iw,-65.9905319213867,-58.5414161682128,-39.36803745561207,17.93390659786574,3388045892
iw,-66.6997375488281,-59.0671081542968,-63.1716730373363,19.642768933659944,3388062559
iw,-67.92333984375,-60.1302146911621,-87.75883297786751,22.492370639566214,3388079226
iw,-69.6956176757812,-61.2066307067871,-111.77166291528546,26.317147876546855,3388095893
iw,-72.1002349853515,-62.0506591796875,-133.59215619306934,30.696949553240767,3388112560
iw,-74.8186950683593,-62.9059143066406,-151.66592060499082,35.082222730165654,3388129227
iw,-77.5981292724609,-63.9408302307128,-164.82808677341498,38.94672616790768,3388145894
iw,-80.1310043334961,-65.1857681274414,-172.5239622688711,41.9338332389018,3388162561
iw,-82.5414886474609,-66.5563659667968,-174.8659381759732,43.961848614477795,3388179228
iw,-84.7318115234375,-67.7707824707031,-172.53604741846445,45.2583126423211,3388195895
iw,-86.3529357910156,-68.9580917358398,-166.5935302300416,46.3090145653261,3388212562
iw,-86.6124572753906,-70.2081527709961,-158.25898262311222,47.73246977002907,3388229229
iw,-85.1975936889648,-71.5211029052734,-148.7268506197182,50.114092737927514,3388245896
iw,-83.2708969116211,-72.8459320068359,-139.02624102652914,53.84564620190816,3388262563
iw,-81.2641448974609,-74.1844940185546,-129.92564765058802,59.0125940691002,3388279230
iw,-79.2630233764648,-75.5640335083007,-121.87008650214678,65.35894879598264,3388295897
iw,-77.3566436767578,-77.0513000488281,-114.94682829215694,72.33985150313235,3388312564
iw,-75.6151351928711,-78.6780624389648,-108.88797751910792,79.24873172252649,3388329231
iw,-74.0109634399414,-80.3647079467773,-103.12454335682028,85.38334268327006,3388345898
iw,-72.3930053710937,-82.0546569824218,-96.90172904008523,90.20156827919926,3388362565
iw,-70.8022232055664,-83.6725616455078,-89.44767653706899,93.42071376047738,3388379232
iw,-69.3165740966796,-85.2195510864257,-80.16336702632685,95.03365232520765,3388395899
iw,-68.0245895385742,-86.6807022094726,-68.78319288732791,95.24459032383297,3388412566
iw,-67.0710678100586,-87.9442367553711,-55.457437900751124,94.35457937560076,3388429233
iw,-66.3752822875976,-88.6238479614257,-40.731842709560624,92.64138278349957,3388445900
iw,-66.006233215332,-87.9720382690429,-25.43402628631691,90.27471091810973,3388462567
iw,-65.9242858886718,-86.6498260498046,-10.504991653180578,87.28838029617326,3388479234
iw,-66.0496368408203,-85.2034378051757,3.175408668303832,83.60426332543724,3388495901
iw,-66.0798034667968,-83.7797470092773,14.929750257050358,79.08120671624098,3388512568
iw,-66.5939254760742,-82.4920349121093,24.373973202491317,73.55598304357632,3388529235
iw,-67.3685302734375,-81.4004516601562,31.459527724498212,66.85571772851807,3388545902
iw,-68.1390914916992,-80.5094985961914,36.47047977719248,58.784839548479724,3388562569
iw,-68.7399520874023,-79.7160415649414,39.971665743447566,49.11038490032098,3388579236
iw,-69.4175872802734,-79.0646209716796,42.70579128045201,37.57472201037636,3388595903
iw,-70.2342453002929,-78.6735076904296,45.45368932847822,23.95149875993296,3388612570
iw,-71.1545028686523,-78.5151290893554,48.8867020711233,8.137383460032389,3388629237
iw,-72.249526977539,-78.5631484985351,53.440118756973405,-9.748623915873816,3388645904
iw,-73.3534393310546,-78.8841247558593,59.22777270459276,-29.29690768146288,3388662571
iw,-74.3730697631836,-79.6254425048828,66.01218686149315,-49.80509269063224,3388679238
iw,-75.7436981201171,-80.9168243408203,73.24164415990907,-70.35789353806548,3388695905
iw,-77.3219604492187,-82.6331329345703,80.15565367238578,-89.97294824497821,3388712572
iw,-78.9590682983398,-84.5646209716796,85.94163122919782,-107.76584564615585,3388729239
iw,-80.5387420654296,-86.3745346069336,89.9094562342135,-123.0764863405109,3388745906
iw,-82.2171020507812,-86.9558639526367,91.64719428441973,-135.5160380607138,3388762573
iw,-83.9817810058593,-85.3996353149414,91.127142637615,-144.92958040615116,3388779240
iw,-85.698616027832,-83.094985961914,88.73705588514622,-151.30496092316653,3388795907
iw,-87.3963928222656,-80.792495727539,85.21804857791756,-154.67792862534836,3388812574
iw,-89.1119918823242,-78.5305557250976,81.50866081555866,-155.08077429564213,3388829241
iw,-90.0,-76.1728286743164,78.52617635199888,-152.5580062074971,3388845908
iw,-88.2346420288086,-73.7630462646484,76.94675288403545,-147.23699829715275,3388862575
iw,-86.6280975341796,-71.3363265991211,77.05430775085884,-139.4095742850752,3388879242
iw,-85.1064758300781,-68.970100402832,78.70510148834178,-129.56881162179786,3388895909
iw,-83.6650619506836,-66.7642288208007,81.4112764394872,-118.3627916778304,3388912576
iw,-82.2137908935546,-64.8012619018554,84.50506008902926,-106.46775100694974,3388929243
iw,-80.7248611450195,-63.1384048461914,87.32386418546453,-94.4276338083096,3388945910
iw,-79.1782913208007,-61.7056083679199,89.35830160586934,-82.53177419725624,3388962577
iw,-77.618049621582,-60.3564491271972,90.32334303463739,-70.79210656266575,3388979244
iw,-76.1528549194336,-59.050968170166,90.13976859823919,-59.03778154827062,3388995911
iw,-74.7873229980468,-57.9597625732421,88.8427426877377,-47.08857217257111,3389012578
iw,-73.4716491699218,-57.276268005371,86.45905829491075,-34.92950802504818,3389029245
iw,-72.1273345947265,-56.9152526855468,82.90406288098085,-22.81072613337642,3389045912
iw,-70.7565536499023,-56.7315635681152,77.93682005170065,-11.235990460956797,3389062579
iw,-69.4179153442382,-56.7156219482421,71.18268215052467,-0.853327507832127,3389079246
iw,-68.2427597045898,-56.8211479187011,62.20277054976954,7.707476795615067,3389095913
iw,-67.4529190063476,-57.1738166809082,50.5776065971934,14.001723857346146,3389112580
iw,-67.0161895751953,-57.779239654541,35.98308249480735,17.902647200422003,3389129247
iw,-66.8546066284179,-58.5775146484375,18.259417783854364,19.67054623288066,3389145914
iw,-66.871109008789,-59.2493171691894,-2.5139178041226633,19.932792637745525,3389162581
iw,-67.0285110473632,-59.7233581542968,-25.936142655901044,19.561598180179505,3389179248
iw,-67.6393051147461,-60.0566520690918,-51.223004592545124,19.466977528332734,3389195915
iw,-68.8667907714843,-60.6384811401367,-77.21057301639988,20.3617227215503,3389212582
iw,-70.5805282592773,-61.6411476135253,-102.45902967645962,22.577929566174376,3389229249
iw,-72.7434310913086,-62.4051246643066,-125.44991988006726,26.001945230088744,3389245916
iw,-75.2434158325195,-63.2819633483886,-144.82624377600536,30.151624065806313,3389262583
iw,-77.8672256469726,-64.4571380615234,-159.60371868675003,34.36839457091318,3389279250
iw,-80.4476242065429,-65.6658325195312,-169.29351151124004,38.057151034042086,3389295917
iw,-82.8975067138671,-66.8664245605468,-173.91345650416227,40.891629859156446,3389312584
iw,-85.1671829223632,-68.1084823608398,-173.90717713173927,42.917749471418624,3389329251
iw,-86.8016281127929,-69.2788314819336,-170.018075772811,44.52718900021395,3389345918
iw,-86.7354736328125,-70.4642639160156,-163.16595535294408,46.319665340794984,3389362585
iw,-84.936164855957,-71.7070083618164,-154.3511018257353,48.905133886685796,3389379252
iw,-82.656021118164,-73.0009155273437,-144.5792704058217,52.70801996738531,3389395919
iw,-80.3607177734375,-74.3009414672851,-134.7802929624799,57.8275866135937,3389412586
iw,-78.2526321411132,-75.6203002929687,-125.69664158780778,63.98929376931288,3389429253
iw,-76.3602981567382,-77.033462524414,-117.74655545101258,70.59788675296168,3389445920
iw,-74.6527252197265,-78.5910186767578,-110.90365170970765,76.87751317295763,3389462587
iw,-72.9743118286132,-80.232437133789,-104.656908899538,82.06105581451276,3389479254
iw,-71.2614364624023,-81.8863296508789,-98.10272680667988,85.57644593159603,3389495921
iw,-69.6225051879882,-83.4718399047851,-90.17439883553762,87.17843283509762,3389512588
iw,-68.1227569580078,-84.9972763061523,-79.95506298279717,86.99104205540003,3389529255
iw,-66.7938842773437,-86.49072265625,-66.97819768783164,85.4521101464982,3389545922
iw,-65.7989654541015,-87.8602752685546,-51.41541158664353,83.17709271359125,3389562589
iw,-65.1660537719726,-89.0292434692382,-34.085905889088394,80.77846970440844,3389579256
iw,-65.0818481445312,-89.2139205932617,-16.281413319279604,78.68780284800161,3389595923
iw,-65.2129211425781,-88.1139450073242,0.5372793007992768,77.02826417306686,3389612590
iw,-65.7367095947265,-86.8980178833007,15.07465830440155,75.57323234734419,3389629257
iw,-66.1082382202148,-85.6451797485351,26.465287281277554,73.80175320087622,3389645924
iw,-66.6848983764648,-84.2844772338867,34.40562128146581,71.03138283264956,3389662591
iw,-67.5563507080078,-82.9103622436523,39.14491418971418,66.58381353152097,3389679258
iw,-68.4245071411132,-81.7777709960937,41.37018506303769,59.928905697825165,3389695925
iw,-69.1290435791015,-80.9674758911132,42.03373800553523,50.765069589008185,3389712592
iw,-69.8138275146484,-80.4111404418945,42.16474563038883,39.02560480935958,3389729259
iw,-70.6887283325195,-80.1100158691406,42.69570117611699,24.8354111975651,3389745926
iw,-71.5481033325195,-80.0185012817382,44.32525031477282,8.459606887441732,3389762593
iw,-72.5066680908203,-80.1248397827148,47.4289197073441,-9.724176773180721,3389779260
iw,-73.4897155761718,-80.4342346191406,52.02127097871748,-29.225738218563528,3389795927
iw,-74.1957244873046,-81.1350326538086,57.77109955881076,-49.43657904291076,3389812594
iw,-75.3995742797851,-82.3946304321289,64.07139821227578,-69.64796848120697,3389829261
iw,-76.8938064575195,-84.0692520141601,70.15874083641262,-89.1059665592584,3389845928
iw,-78.3417663574218,-85.9627914428711,75.26170887499646,-107.08854765322893,3389862595
iw,-79.7443161010742,-87.3626251220703,78.74760214104744,-122.97164323702025,3389879262
iw,-81.155647277832,-86.581787109375,80.2417016497987,-136.25653941783426,3389895929
iw,-82.6729278564453,-84.2188110351562,79.70582365983816,-146.55650860070148,3389912596
iw,-84.1965789794921,-81.6677551269531,77.46631693043682,-153.568006860647,3389929263
iw,-85.6880722045898,-79.218765258789,74.17586445114479,-157.06303840769658,3389945930
iw,-87.1904220581054,-76.8293228149414,70.69626664279868,-156.9262532482945,3389962597
iw,-88.6066131591796,-74.4376068115234,67.91284922820378,-153.22913314166132,3389979264
iw,-90.0,-72.0681228637695,66.5254766610821,-146.30216269615192,3389995931
iw,-89.045913696289,-69.7436218261718,66.88307251060942,-136.75383558048927,3390012598
iw,-87.5794219970703,-67.5282135009765,68.92045896433551,-125.4016420594462,3390029265
iw,-86.2027435302734,-65.5312576293945,72.2189802928426,-113.11812970842834,3390045932
iw,-84.8348693847656,-63.8081130981445,76.16422974053513,-100.63742891503664,3390062599
iw,-83.4033432006836,-62.2934036254882,80.13890843126343,-88.3945797991698,3390079266
iw,-81.9200363159179,-60.878604888916,83.68063453210043,-76.46656663989256,3390095933
iw,-80.4667587280273,-59.5338554382324,86.5532870756259,-64.64708331655429,3390112600
iw,-79.0707244873046,-58.3321571350097,88.71648403832684,-52.6307736564866,3390129267
iw,-77.6708984375,-57.4686050415039,90.2170434028455,-40.234188890748015,3390145934
iw,-76.2558975219726,-56.9544486999511,91.05376628452832,-27.565138435307297,3390162601
iw,-74.7751007080078,-56.6088066101074,91.07175261911796,-15.07604382584342,3390179268
iw,-73.2433853149414,-56.5757827758789,89.92388970751844,-3.4849939468411373,3390195935
iw,-71.6585617065429,-56.7301788330078,87.10512207113882,6.403612973536933,3390212602
iw,-70.0873565673828,-56.9491958618164,82.0349605995005,13.91657319471712,3390229269
iw,-68.7470397949218,-57.3569374084472,74.1494046573677,18.700193146307736,3390245936
iw,-67.8185653686523,-57.9016571044921,62.97238709613648,20.82972096107855,3390262603
iw,-67.2599716186523,-58.5562591552734,48.16465012996502,20.818128661289162,3390279270
iw,-66.9661788940429,-59.1948814392089,29.576202351751803,19.526329499620715,3390295937
iw,-66.8010635375976,-59.6721534729003,7.33295808955028,17.992525252762405,3390312604
iw,-66.7528991699218,-59.9087562561035,-18.042341229894667,17.212685916108786,3390329271
iw,-67.112060546875,-60.5146293640136,-45.52419647503197,17.92157828666332,3390345938
iw,-68.0826263427734,-61.4229011535644,-73.57443475727449,20.434541621925778,3390362605
iw,-69.7210464477539,-62.2411994934082,-100.29265811884409,24.598933611857895,3390379272
iw,-72.0323333740234,-63.1932525634765,-123.72627666363378,29.87020468025474,3390395939
iw,-74.64892578125,-64.3526840209961,-142.25946788948497,35.48782178920537,3390412606
iw,-77.2657394409179,-65.4778900146484,-154.95170042594413,40.69749472443956,3390429273
iw,-79.6106033325195,-66.7456665039062,-161.70778395977874,44.95518508396123,3390445940
iw,-81.7774581909179,-68.1429977416992,-163.22699753263814,48.056532915554634,3390462607
iw,-83.7801971435546,-69.4226608276367,-160.76313201100137,50.160061932115376,3390479274
iw,-85.4530410766601,-70.6606521606445,-155.788713145359,51.70573113014311,3390495941
iw,-86.4156494140625,-71.9431381225586,-149.67233569533443,53.26108492384942,3390512608
iw,-85.9196624755859,-73.2660140991211,-143.45086732265153,55.345585267603724,3390529275
iw,-84.3310623168945,-74.5721054077148,-137.72804642022842,58.28453650972805,3390545942
iw,-82.4092254638671,-75.9011917114257,-132.68249978895332,62.129363313624175,3390562609
iw,-80.3662185668945,-77.2763214111328,-128.14142312771634,66.65798298714851,3390579276
iw,-78.3747787475586,-78.7273635864257,-123.67738183443556,71.44523626924672,3390595943
iw,-76.4843673706054,-80.1879119873046,-118.70559233174431,75.97549037666322,3390612610
iw,-74.7024459838867,-81.6371688842773,-112.58113324888447,79.76304594338775,3390629277
iw,-73.0303344726562,-83.1088714599609,-104.70636144864615,82.4517057682032,3390645944
iw,-71.5087661743164,-84.5941925048828,-94.65314181014145,83.87677711254706,3390662611
iw,-70.1042175292968,-86.0848388671875,-82.28635491765684,84.08264737509256,3390679278
iw,-68.7800140380859,-87.5217971801757,-67.85542956006636,83.29411564495051,3390695945
iw,-67.7777328491211,-88.8115539550781,-52.01221736109208,81.84412984998247,3390712612
iw,-67.1538162231445,-89.4022598266601,-35.72600562179349,80.06972364449118,3390729279
iw,-67.0444030761718,-88.452880859375,-20.10044300563035,78.2011703099186,3390745946
iw,-67.0309829711914,-87.243667602539,-6.139162295779379,76.27876133612088,3390762613
iw,-67.212890625,-85.9547958374023,5.466768978660249,74.12741620338785,3390779280
iw,-67.4421691894531,-84.6288146972656,14.463598463623969,71.39881202145926,3390795947
iw,-67.8444595336914,-83.3368530273437,21.042776277057317,67.66276810232347,3390812614
iw,-68.5099411010742,-82.1506195068359,25.746030403214053,62.509706180366365,3390829281
iw,-69.168830871582,-81.1548233032226,29.307890107725353,55.62547807414867,3390845948
iw,-69.5541687011718,-80.3974914550781,32.48134795562846,46.818607136299796,3390862615
iw,-70.0156173706054,-79.8837661743164,35.88848419299493,36.00725263387876,3390879282
iw,-70.7955093383789,-79.6075134277343,39.93022500500426,23.19400682624782,3390895949
iw,-71.8576889038086,-79.4908294677734,44.77058429884142,8.459449155762023,3390912616
iw,-72.9931182861328,-79.5063400268554,50.37998897580754,-8.012002711955097,3390929283
iw,-74.1245880126953,-79.6912231445312,56.59830894805612,-25.888548614822746,3390945950
iw,-74.9960784912109,-80.3358688354492,63.180249119243285,-44.665227864985894,3390962617
iw,-76.2812347412109,-81.6549377441406,69.81015965269864,-63.688328817444756,3390979284
iw,-77.7406692504882,-83.2090988159179,76.09914409321279,-82.2342391527878,3390995951
iw,-79.212173461914,-84.9226379394531,81.58973002806792,-99.61306660325144,3391012618
iw,-80.7212905883789,-86.5836181640625,85.79250770199164,-115.25280122420146,3391029285
iw,-82.3227386474609,-86.9059829711914,88.26873313483597,-128.73267400644227,3391045952
iw,-84.0196228027343,-85.1917724609375,88.75153350690586,-139.76214074117124,3391062619
iw,-85.7178268432617,-82.8551788330078,87.26909112359424,-148.1279213318136,3391079286
iw,-87.4291458129882,-80.5275115966796,84.2130838514332,-153.64584774962316,3391095953
iw,-89.211181640625,-78.2706298828125,80.30455794576544,-156.15145499924324,3391112620
iw,-90.0,-75.9133834838867,76.44955887050608,-155.542126687358,3391129287
iw,-88.2036590576171,-73.4891586303711,73.52776015157528,-151.85247326097516,3391145954
iw,-86.7302017211914,-71.0081710815429,72.1893543321499,-145.32017510028157,3391162621
iw,-85.2283325195312,-68.5581741333007,72.72933618521704,-136.39701560103438,3391179288
iw,-83.8262557983398,-66.2913131713867,75.06841582283916,-125.68320405372216,3391195955
iw,-82.4696197509765,-64.2460479736328,78.82185265670289,-113.80203322103344,3391212622
iw,-81.0712203979492,-62.4741706848144,83.40926173819635,-101.2663003635101,3391229289
iw,-79.6328201293945,-60.8909797668457,88.15975285930534,-88.39771609730273,3391245956
iw,-78.1676712036132,-59.3990821838378,92.38781396581464,-75.33755627012631,3391262623
iw,-76.6949234008789,-58.0428047180175,95.43997784126266,-62.141319483256424,3391279290
iw,-75.1587371826171,-57.0084991455078,96.72843262911661,-48.906791401287826,3391295957
iw,-73.5423126220703,-56.3171043395996,95.76914712082525,-35.86906666207324,3391312624
iw,-71.906982421875,-55.9620170593261,92.22881382694123,-23.417199230211526,3391329291
iw,-70.2766647338867,-55.7833251953125,85.96483556172011,-12.030821898264783,3391345958
iw,-68.8111114501953,-55.6828994750976,77.02953250868002,-2.1725903229915033,3391362625
iw,-67.734146118164,-55.7708396911621,65.61630261145369,5.817894688987327,3391379292
iw,-67.0787200927734,-56.1045989990234,51.954089472687116,11.79964606017211,3391395959
iw,-66.7354583740234,-56.6707420349121,36.19426347749741,15.868772741673727,3391412626
iw,-66.6513519287109,-57.3801345825195,18.356318028944056,18.361991668538895,3391429293
iw,-66.6424179077148,-58.1304359436035,-1.6158290381876559,19.821013020724056,3391445960
iw,-66.6636199951171,-58.7338371276855,-23.687752935965793,20.90853751862787,3391462627
iw,-67.0470962524414,-59.426586151123,-47.525054262283845,22.277807454116694,3391479294
iw,-68.046272277832,-60.621768951416,-72.3460145079084,24.422236946797728,3391495961
iw,-69.6486053466796,-61.6114768981933,-96.92538388748586,27.55078434181497,3391512628
iw,-71.9357070922851,-62.4673957824707,-119.77004928856013,31.534353512638063,3391529295
iw,-74.4810409545898,-63.3042564392089,-139.40533815243475,35.95078570240846,3391545962
iw,-77.0606689453125,-64.4862442016601,-154.66239705577766,40.22739011284806,3391562629
iw,-79.5248413085937,-65.8749542236328,-164.8676121338597,43.843531403809486,3391579296
iw,-81.8958892822265,-67.2951126098632,-169.89223875188486,46.52318169978101,3391595963
iw,-84.1716690063476,-68.5915451049804,-170.08574078012336,48.34104095770035,3391612630
iw,-86.0872421264648,-69.8500671386718,-166.15333414633753,49.69758817570825,3391629297
iw,-87.0810775756836,-71.0846328735351,-159.03510774072862,51.17333257811742,3391645964
iw,-86.0978164672851,-72.3731384277343,-149.8132974812052,53.320600042693066,3391662631
iw,-84.0579605102539,-73.7200393676757,-139.63721444383697,56.47076043227424,3391679298
iw,-81.915901184082,-75.0979309082031,-129.63173482813446,60.62292064368047,3391695965
iw,-79.9096755981445,-76.4936828613281,-120.75935942184029,65.44673952372212,3391712632
iw,-78.11572265625,-77.9707794189453,-113.63922337148634,70.39129175538162,3391729299
iw,-76.4563751220703,-79.5324401855468,-108.37194647608526,74.85750704871104,3391745966
iw,-74.8290100097656,-81.0810775756836,-104.44834683168105,78.37403595095341,3391762633
iw,-73.1271362304687,-82.6063385009765,-100.81076971536314,80.71988191475607,3391779300
iw,-71.414192199707,-84.0722274780273,-96.08668012995561,81.95889771290256,3391795967
iw,-69.7418975830078,-85.4812622070312,-88.94612222431232,82.38204955821989,3391812634
iw,-68.2641525268554,-86.8439636230468,-78.48002094259435,82.38169118879797,3391829301
iw,-67.1694412231445,-88.221939086914,-64.48143090559451,82.29948154776481,3391845968
iw,-66.3980102539062,-89.7701568603515,-47.54293163522043,82.293347980241,3391862635
iw,-66.0209274291992,-89.2231750488281,-28.944195770852346,82.26107195721308,3391879302
iw,-65.7521667480468,-87.8169937133789,-10.366960140347828,81.84234429516957,3391895969
iw,-66.1858596801757,-86.3934860229492,6.48116062969103,80.50035169077523,3391912636
iw,-66.6918869018554,-84.8820114135742,20.234577953166266,77.6604165870573,3391929303
iw,-67.3317108154296,-83.3769760131836,30.137590110026803,72.86195680485736,3391945970
iw,-68.1187057495117,-82.099624633789,36.152152518868135,65.87077827805734,3391962637
iw,-68.8353805541992,-81.1464767456054,38.893801568476576,56.71104259716033,3391979304
iw,-69.4284057617187,-80.466567993164,39.43233850878344,45.609742556018595,3391995971
iw,-70.0718460083007,-80.0542221069336,39.025317221656934,32.88610540761986,3392012638
iw,-70.9246749877929,-79.8583068847656,38.857788391570935,18.842363111559006,3392029305
iw,-71.8018188476562,-79.7984924316406,39.8420790672509,3.707176804186096,3392045972
iw,-72.6671295166015,-79.8803100585937,42.499333161745206,-12.348410656047372,3392062639
iw,-73.5718612670898,-80.1617889404296,46.91950974729553,-29.143124667911508,3392079306
iw,-74.2726745605468,-80.812759399414,52.78888580415178,-46.413567421158454,3392095973
iw,-75.2462692260742,-82.0250396728515,59.47634954061797,-63.784486358706324,3392112640
iw,-76.6500091552734,-83.5728225708007,66.16736889166565,-80.79838844874848,3392129307
iw,-78.0511703491211,-85.3342742919921,72.02371319210549,-96.98453442786624,3392145974
iw,-79.3326416015625,-87.1184616088867,76.33934979595655,-111.92553110877824,3392162641
iw,-80.6595077514648,-87.3569183349609,78.66949493141496,-125.28380544853637,3392179308
iw,-82.1366577148437,-85.2615356445312,78.92286715941668,-136.77424362114425,3392195975
iw,-83.6957550048828,-82.6986846923828,77.40825765201525,-146.10059858325687,3392212642
iw,-85.2310409545898,-80.2640686035156,74.81413505635861,-152.89871760034174,3392229309
iw,-86.7393722534179,-77.9696655273437,72.09644634717105,-156.7351096658299,3392245976
iw,-88.1398544311523,-75.638687133789,70.27461153955952,-157.18645152035046,3392262643
iw,-89.4925537109375,-73.2026138305664,70.18096942387169,-153.98245795243858,3392279310
iw,-89.3909072875976,-70.6724090576171,72.24417670928949,-147.1540566830572,3392295977
iw,-87.8079605102539,-68.1686935424804,76.3846766088306,-137.11418271952923,3392312644
iw,-86.1521911621093,-65.8915634155273,82.05697688267514,-124.62023811866761,3392329311
iw,-84.5382995605468,-63.9613418579101,88.41298347738177,-110.61826331868374,3392345978
iw,-82.8800811767578,-62.3849334716796,94.51698316195754,-96.02594127465231,3392362645
iw,-81.1825180053711,-60.967472076416,99.5359078083971,-81.54436615373524,3392379312
iw,-79.5246353149414,-59.5760307312011,102.85393774581341,-67.57605163778648,3392395979
iw,-77.9228286743164,-58.3181991577148,104.09979378101707,-54.272769241158365,3392412646
iw,-76.3038024902343,-57.3604469299316,103.10948735818864,-41.671644473852524,3392429313
iw,-74.6545333862304,-56.7254676818847,99.8638152269996,-29.839740215266183,3392445980
iw,-73.0204162597656,-56.4151802062988,94.43389906654434,-18.955803935260196,3392462647
iw,-71.4756393432617,-56.2797813415527,86.94641111043276,-9.301411690209672,3392479314
iw,-70.0548782348632,-56.2365684509277,77.55803911527782,-1.1815240343395046,3392495981
iw,-68.8524017333984,-56.1172637939453,66.42002065133929,5.1805465237034465,3392512648
iw,-67.9347457885742,-56.397891998291,53.62288390501735,9.733471666370457,3392529315
iw,-67.447639465332,-56.8366203308105,39.13403611446087,12.652692736312172,3392545982
iw,-67.3422012329101,-57.4641914367675,22.765017590100598,14.351140934674914,3392562649
iw,-67.4944152832031,-57.9949607849121,4.215299739426772,15.436797930888149,3392579316
iw,-67.706802368164,-58.457778930664,-16.779261941930784,16.609454020501193,3392595983
iw,-67.956916809082,-58.8457832336425,-40.21503240154539,18.50676736484287,3392612650
iw,-68.5336608886718,-59.5406036376953,-65.58819862138711,21.537742264692223,3392629317
iw,-69.7797012329101,-60.6315078735351,-91.77533785840356,25.75947550679083,3392645984
iw,-71.827278137207,-61.5809783935546,-117.11333483618058,30.846049129870636,3392662651
iw,-74.39794921875,-62.615795135498,-139.682209147112,36.17043259175763,3392679318
iw,-77.1884002685546,-63.6381454467773,-157.70097469581594,40.985373902529936,3392695985
iw,-79.85888671875,-64.8549499511718,-169.89778069237215,44.65754382181883,3392712652
iw,-82.2939834594726,-66.2768936157226,-175.73680166743952,46.88556105329325,3392729319
iw,-84.5344924926757,-67.6084594726562,-175.45577748678048,47.826019861575546,3392745986
iw,-86.2809524536132,-68.8499298095703,-169.94388178284396,48.0736514613762,3392762653
iw,-86.7660217285156,-70.0760040283203,-160.53153876632052,48.49160508717722,3392779320
iw,-85.4175567626953,-71.31396484375,-148.76172466358722,49.945335402537054,3392795987
iw,-83.395149230957,-72.567512512207,-136.18162066198641,53.030440804915656,3392812654
iw,-81.4199142456054,-73.8781204223632,-124.16067480969448,57.88480730580955,3392829321
iw,-79.5883331298828,-75.2386779785156,-113.72804917957387,64.14263297247702,3392845988
iw,-77.9205856323242,-76.7152709960937,-105.43423025935327,71.03822157504702,3392862655
iw,-76.3517303466796,-78.287353515625,-99.26443254349752,77.61864636338703,3392879322
iw,-74.7763366699218,-79.8701248168945,-94.64374673673785,82.99281148236663,3392895989
iw,-73.1914596557617,-81.4377365112304,-90.56179095361587,86.54080383116643,3392912656
iw,-71.6940155029296,-82.9714965820312,-85.80968701427076,88.03044993411204,3392929323
iw,-70.331184387207,-84.408576965332,-79.28041939876114,87.6244261312492,3392945990
iw,-69.1241683959961,-85.733642578125,-70.25532642868397,85.79465792111267,3392962657
iw,-68.0870590209961,-86.9770278930664,-58.59727543235301,83.18022453301586,3392979324
iw,-67.3108215332031,-88.0574111938476,-44.79518831367399,80.42810153353814,3392995991
iw,-66.8641662597656,-88.5443801879882,-29.846572637068583,78.0477167146992,3393012658
iw,-66.9081802368164,-88.0697402954101,-15.012257575464268,76.29967734911664,3393029325
iw,-67.0267791748046,-87.1664886474609,-1.5158543152453676,75.1335113207458,3393045992
iw,-67.221694946289,-86.1108322143554,9.725552800365682,74.18790932907044,3393062659
iw,-67.518325805664,-84.9021453857421,18.270867465742487,72.86106622930299,3393079326
iw,-68.005630493164,-83.5580749511718,24.196683653029446,70.44123969288357,3393095993
iw,-68.5973052978515,-82.2215118408203,28.024529166485994,66.26309947240368,3393112660
iw,-69.2194137573242,-81.0877380371093,30.570662120770987,59.839718794667384,3393129327
iw,-69.6465988159179,-80.2721557617187,32.760518125854226,50.928220251111064,3393145994
iw,-70.2269592285156,-79.7904739379882,35.44554050177053,39.51914128005829,3393162661
iw,-71.0188674926757,-79.5069427490234,39.25214285634814,25.777249524693584,3393179328
iw,-71.6842880249023,-79.3493118286132,44.48195864303148,9.980278428091411,3393195995
iw,-72.6177749633789,-79.3421249389648,51.07262062688598,-7.510304621332679,3393212662
iw,-73.6771850585937,-79.588150024414,58.62252598497519,-26.245500148172265,3393229329
iw,-74.8516387939453,-80.2916946411132,66.47705445930414,-45.679381359271694,3393245996
iw,-76.3186416625976,-81.582778930664,73.86099348902394,-65.18449888167086,3393262663
iw,-77.919921875,-83.0861892700195,80.0269289499603,-84.10029957941859,3393279330
iw,-79.4335174560546,-84.6900177001953,84.3854993326668,-101.79597197392852,3393295997
iw,-80.858642578125,-86.1876144409179,86.59679519011462,-117.71941754271731,3393312664
iw,-82.4170608520507,-86.4074096679687,86.62179455782508,-131.4151479462825,3393329331
iw,-84.0856704711914,-84.796516418457,84.73972927907434,-142.51334891045676,3393345998
iw,-85.6736526489257,-82.6388320922851,81.52622338581537,-150.70820378700853,3393362665
iw,-87.1911849975586,-80.5047531127929,77.77508476003452,-155.7508949662007,3393379332
iw,-88.7223663330078,-78.3348083496093,74.35591942158194,-157.4773168987067,3393395999
iw,-90.0,-75.9973220825195,72.031508963515,-155.86983962527896,3393412666
iw,-88.7819595336914,-73.5882263183593,71.29006766480383,-151.12461934479418,3393429333
iw,-87.2166671752929,-71.1309738159179,72.2522484986388,-143.67929886329043,3393446000
iw,-85.6967086791992,-68.7461242675781,74.68446864885405,-134.1650662272969,3393462667
iw,-84.2960433959961,-66.5528259277343,78.10530572599305,-123.28093309549072,3393479334
iw,-82.8855590820312,-64.6119232177734,81.93651217866896,-111.63040431313266,3393496001
iw,-81.4263687133789,-62.8844261169433,85.64109261879125,-99.58852158036953,3393512668
iw,-79.9098968505859,-61.2639617919921,88.8059050803275,-87.26261808058115,3393529335
iw,-78.4159545898437,-59.730052947998,91.1529157232674,-74.57079992926636,3393546002
iw,-76.9728393554687,-58.3999061584472,92.49071756690151,-61.40600655419828,3393562669
iw,-75.5460968017578,-57.4101104736328,92.63944452774462,-47.81058714300915,3393579336
iw,-74.1034317016601,-56.765079498291,91.37127269203975,-34.08114112253328,3393596003
iw,-72.6192855834961,-56.4160194396972,88.39970711280708,-20.75838984289899,3393612670
iw,-71.1107940673828,-56.336124420166,83.42492860753892,-8.511065669996558,3393629337
iw,-69.6041412353515,-56.2944450378418,76.21063580303702,2.0334281915208474,3393646004
iw,-68.2789001464843,-56.3665122985839,66.64699314137631,10.445529359271854,3393662671
iw,-67.3630981445312,-56.7073974609375,54.758802706268,16.58897300467094,3393679338
iw,-66.9328842163086,-57.2243003845214,40.65044948354976,20.639162033166023,3393696005
iw,-66.8255462646484,-57.8216361999511,24.424345232874185,23.033782601990538,3393712672
iw,-66.8872680664062,-58.48579788208,6.138444727984101,24.374504602096135,3393729339
iw,-67.0189743041992,-59.0501670837402,-14.14411015070476,25.29978815818529,3393746006
iw,-67.2446517944336,-59.374828338623,-36.21378629803394,26.35333607216185,3393762673
iw,-67.8607330322265,-60.1618766784668,-59.54668427173791,27.88093174781829,3393779340
iw,-69.0786437988281,-61.5871963500976,-83.20734191124626,29.986899393394047,3393796007
iw,-70.8260345458984,-62.693000793457,-105.89682209422521,32.56004206544046,3393812674
iw,-73.0479278564453,-63.5673027038574,-126.15299265961578,35.35019976260266,3393829341
iw,-75.5689239501953,-64.3613128662109,-142.6369284984615,38.06513230341089,3393846008
iw,-78.0762481689453,-65.4612884521484,-154.4013486942182,40.46669380565134,3393862675
iw,-80.3486862182617,-66.8095703125,-161.05140007057764,42.453876744298185,3393879342
iw,-82.5677413940429,-68.2082138061523,-162.76234911099516,44.115369187564696,3393896009
iw,-84.6126403808593,-69.4262542724609,-160.17955715848282,45.728428186660885,3393912676
iw,-86.1104278564453,-70.6391525268554,-154.2604247847744,47.691747279835084,3393929343
iw,-86.41357421875,-71.8938064575195,-146.11416447209973,50.40636294902451,3393946010
iw,-85.2773971557617,-73.2189788818359,-136.86689831352217,54.14254243494507,3393962677
iw,-83.640998840332,-74.5726776123046,-127.5504305613102,58.93713868043032,3393979344
iw,-81.8899612426757,-75.9422607421875,-119.00046983607335,64.55487247821483,3393996011
iw,-80.1216354370117,-77.3390502929687,-111.75765633961568,70.52658916295259,3394012678
iw,-78.3289260864257,-78.8436126708984,-105.98307770431984,76.25473308023851,3394029345
iw,-76.6228561401367,-80.4040832519531,-101.4147596433532,81.15617079178837,3394046012
iw,-75.0344924926757,-81.9971237182617,-97.39399440392616,84.80082195372513,3394062679
iw,-73.5198440551757,-83.5431213378906,-92.97938782397459,87.00601133557221,3394079346
iw,-72.049087524414,-85.0095443725586,-87.14476046022857,87.86084309259935,3394096013
iw,-70.7311248779296,-86.419204711914,-79.02890448394727,87.67647026955642,3394112680
iw,-69.5179824829101,-87.7115020751953,-68.17925458062274,86.87889679725426,3394129347
iw,-68.4124450683593,-88.6274185180664,-54.71930606817192,85.87499295380681,3394146014
iw,-67.5739135742187,-88.4643096923828,-39.37950590652477,84.92776368549855,3394162681
iw,-67.3508605957031,-87.4379196166992,-23.36489484477667,84.07393391870956,3394179348
iw,-67.4346771240234,-86.1367492675781,-8.083479213480992,83.10590447456812,3394196015
iw,-67.6835250854492,-84.7449951171875,5.190148219791408,81.62191470294492,3394212682
iw,-68.0834197998046,-83.3330917358398,15.615406266421251,79.12694088466694,3394229349
iw,-68.615478515625,-81.9528274536132,22.963001717406495,75.15014033274703,3394246016
iw,-69.291748046875,-80.670051574707,27.624835783809086,69.33994295875581,3394262683
iw,-70.0345840454101,-79.5906372070312,30.464179771875067,61.508112866586586,3394279350
iw,-70.4845886230468,-78.7729797363281,32.556789453818446,51.61617285964793,3394296017
iw,-70.8090591430664,-78.2327880859375,34.90186476786597,39.72315187191918,3394312684
iw,-71.3074645996093,-77.9148330688476,38.18989787231203,25.931245406637345,3394329351
iw,-72.1802291870117,-77.8062133789062,42.69332368973667,10.365794362228533,3394346018
iw,-73.4847183227539,-77.8472900390625,48.295296824706206,-6.794244795437875,3394362685
iw,-74.8119812011718,-78.0506896972656,54.61425582653271,-25.250835841383488,3394379352
iw,-75.651496887207,-78.5691528320312,61.15152545557835,-44.528239551989444,3394396019
iw,-76.760757446289,-79.6960754394531,67.40282917978269,-63.96693575522693,3394412686
iw,-78.1813278198242,-81.2998352050781,72.91559962190811,-82.79060906478138,3394429353
iw,-79.6898345947265,-83.0354537963867,77.30943350176715,-100.22507784885988,3394446020
iw,-81.2095642089843,-84.7136459350586,80.28869701746349,-115.6169968671712,3394462687
iw,-82.6378555297851,-85.6193008422851,81.66890914462354,-128.50087727344763,3394479354
iw,-84.0809936523437,-85.0693054199218,81.42234678828189,-138.5940181238455,3394496021
iw,-85.5389328002929,-83.5970916748046,79.72826523656892,-145.74020073085194,3394512688
iw,-86.99755859375,-81.7762451171875,76.9960738209458,-149.8507851330495,3394529355
iw,-88.4964981079101,-79.7786865234375,73.8280890732592,-150.89019823603064,3394546022
iw,-90.0,-77.5665969848632,70.90980816413473,-148.92099732395982,3394562689
iw,-88.7752380371093,-75.3028717041015,68.85256594062757,-144.17965371274934,3394579356
iw,-87.4022674560546,-73.0558471679687,68.04478514313128,-137.12571876121598,3394596023
iw,-85.9571762084961,-70.8961868286132,68.57208237922042,-128.41332180271138,3394612690
iw,-84.5549392700195,-68.8680572509765,70.23721512251745,-118.77255607369909,3394629357
iw,-83.2281951904296,-67.0234832763671,72.66457120391632,-108.83758247438364,3394646024
iw,-81.8999099731445,-65.3448791503906,75.43815512169198,-98.99160347430289,3394662691
iw,-80.5447845458984,-63.7548370361328,78.21476985811414,-89.299026444156,3394679358
iw,-79.1818008422851,-62.2309417724609,80.77342551977112,-79.56117988835202,3394696025
iw,-77.8580627441406,-60.8012161254882,82.99371943734853,-69.47863938151781,3394712692
iw,-76.5381622314453,-59.5851020812988,84.7855172360015,-58.85519435354645,3394729359
iw,-75.1855316162109,-58.6630401611328,86.00956256476368,-47.759102230611646,3394746026
iw,-73.7692565917968,-57.976707458496,86.42816170640394,-36.575648135726794,3394762693
iw,-72.2912979125976,-57.5379180908203,85.70756167777566,-25.93059067689358,3394779360
iw,-70.7708435058593,-57.3743820190429,83.46700554936703,-16.514685493241522,3394796027
iw,-69.2893295288086,-57.2168807983398,79.34605848903155,-8.87505630339512,3394812694
iw,-67.9766616821289,-57.22314453125,73.05320791585689,-3.248214841167218,3394829361
iw,-66.9241867065429,-57.2154655456543,64.37070374596014,0.5104071498045397,3394846028
iw,-66.1652145385742,-57.3066062927246,53.11934852357558,2.8855050783852505,3394862695
iw,-65.7482147216796,-57.5568580627441,39.118639886046395,4.574653390387956,3394879362
iw,-65.6052703857421,-57.8584976196289,22.193436117413015,6.320618129190855,3394896029
iw,-65.5413284301757,-58.0740394592285,2.2635933821773424,8.747360149997132,3394912696
iw,-65.4702835083007,-58.2641906738281,-20.4927315296893,12.233400775230034,3394929363
iw,-65.7676544189453,-58.8315773010253,-45.46842254194029,16.84812135264126,3394946030
iw,-66.7823333740234,-60.0202751159668,-71.54799699424446,22.364977387985093,3394962697
iw,-68.4607009887695,-61.4310150146484,-97.19520212425964,28.34222021808885,3394979364
iw,-70.8054809570312,-62.5450592041015,-120.70839911615981,34.23769554994725,3394996031
iw,-73.4507522583007,-63.3418159484863,-140.55925278617337,39.521461422920986,3395012698
iw,-76.1139678955078,-64.1664352416992,-155.6869860440344,43.77031751440057,3395029365
iw,-78.5915832519531,-65.4070816040039,-165.6448158007341,46.74749001172166,3395046032
iw,-81.0383377075195,-66.9419631958007,-170.5700756957898,48.467053321451694,3395062699
iw,-83.4875106811523,-68.2561798095703,-171.02860669483402,49.223217919245336,3395079366
iw,-85.709243774414,-69.4939804077148,-167.82359837051706,49.5558299631967,3395096033
iw,-87.327896118164,-70.7440567016601,-161.84579458111338,50.14080833631903,3395112700
iw,-86.9659805297851,-72.0610961914062,-153.99463101431303,51.62693174876218,3395129367
iw,-84.9990768432617,-73.395034790039,-145.14938965783412,54.46532368993449,3395146034
iw,-82.7777862548828,-74.7463150024414,-136.1407468914192,58.78244847573912,3395162701
iw,-80.6870651245117,-76.0967636108398,-127.67868728203888,64.33392789874543,3395179368
iw,-78.7888870239257,-77.490852355957,-120.2293958404603,70.55291130958256,3395196035
iw,-77.0245285034179,-78.9912872314453,-113.88094909392186,76.68027273118628,3395212702
iw,-75.2516021728515,-80.5453109741211,-108.2667347134606,81.9415740961314,3395229369
iw,-73.4035949707031,-82.1521759033203,-102.60694684873873,85.72366671669485,3395246036
iw,-71.6389694213867,-83.7352523803711,-95.88472073531409,87.7049555355811,3395262703
iw,-70.1252059936523,-85.2344131469726,-87.11809058804772,87.90695984159234,3395279370
iw,-68.8435363769531,-86.6565475463867,-75.65062088964063,86.65701573545012,3395296037
iw,-67.7117538452148,-87.9871520996093,-61.376206537264906,84.47628570227246,3395312704
iw,-66.6543579101562,-89.1874771118164,-44.831606257333306,81.92606949280105,3395329371
iw,-66.2159194946289,-89.0698013305664,-27.123054340551672,79.4532845027197,3395346038
iw,-66.3384933471679,-87.8685226440429,-9.697279154975805,77.27219158398744,3395362705
iw,-66.5475006103515,-86.6155166625976,5.983017804447645,75.30755654648202,3395379372
iw,-66.684829711914,-85.4231185913086,18.764840452151752,73.20925207077575,3395396039
iw,-67.2110137939453,-84.1627960205078,28.041164492050065,70.43276989149841,3395412706
iw,-68.0868301391601,-82.8799972534179,33.84479502050517,66.3649888554437,3395429373
iw,-68.8980331420898,-81.6846618652343,36.79062166303272,60.4616337603102,3395446040
iw,-69.6927413940429,-80.7137985229492,37.89034626711088,52.35792338860577,3395462707
iw,-70.2048645019531,-79.9817199707031,38.29086823005428,41.923259434606365,3395479374
iw,-70.5857315063476,-79.567268371582,39.01012432322213,29.253453351042378,3395496041
iw,-71.4686813354492,-79.4609222412109,40.74748218704675,14.619171080253013,3395512708
iw,-72.6448440551757,-79.5633316040039,43.81526146918859,-1.5967831672841073,3395529375
iw,-73.8504791259765,-79.8216781616211,48.18259544036845,-18.945698471420332,3395546042
iw,-74.5734329223632,-80.2752304077148,53.576583975561306,-36.93531191755655,3395562709
iw,-75.4246292114257,-81.1542434692382,59.57969270497288,-55.042214432094,3395579376
iw,-76.7215042114257,-82.5397872924804,65.69387955245922,-72.73436577192162,3395596043
iw,-78.1268157958984,-84.1605834960937,71.37911319086713,-89.50986568579347,3395612710
iw,-79.5707015991211,-85.8261795043945,76.09166568102754,-104.93670864959643,3395629377
iw,-80.9850921630859,-86.8712539672851,79.3453299273526,-118.66849376458543,3395646044
iw,-82.4302444458007,-85.9863967895507,80.80440321147027,-130.42165056178865,3395662711
iw,-83.9467010498046,-83.8976135253906,80.3935998250557,-139.9239894987624,3395679378
iw,-85.4700012207031,-81.6594619750976,78.38355846908628,-146.86791880594245,3395696045
iw,-86.9629440307617,-79.4694290161132,75.39862443676114,-150.90960821676225,3395712712
iw,-88.4714584350586,-77.2563247680664,72.31185940347733,-151.7379671852299,3395729379
iw,-90.0,-74.9433898925781,70.03827860388277,-149.1987282301015,3395746046
iw,-89.1201782226562,-72.6350631713867,69.28844249846682,-143.4202441512718,3395762713
iw,-87.6854858398437,-70.3477020263671,70.37167641196298,-134.87404016346352,3395779380
iw,-86.295669555664,-68.184700012207,73.12390043897169,-124.32553940046444,3395796047
iw,-84.8529968261718,-66.2477874755859,76.98427618675987,-112.67810699443483,3395812714
iw,-83.3454818725586,-64.54052734375,81.18297375733287,-100.76255522444909,3395829381
iw,-81.7784423828125,-63.0077171325683,84.9604122134199,-89.15063899434786,3395846048
iw,-80.263427734375,-61.5675239562988,87.73496202222809,-78.06237097848005,3395862715
iw,-78.856948852539,-60.2544250488281,89.16895912388284,-67.39773518209203,3395879382
iw,-77.5126953125,-59.1242027282714,89.13307839735141,-56.872892444061634,3395896049
iw,-76.2098617553711,-58.2336692810058,87.61203052869614,-46.202952891345376,3395912716
iw,-74.8549118041992,-57.5482101440429,84.61089888296084,-35.263051141542846,3395929383
iw,-73.3987045288086,-57.0680656433105,80.10563784345632,-24.17670703979134,3395946050
iw,-71.9172210693359,-56.8525924682617,74.04428171799573,-13.31291872637517,3395962717
iw,-70.6175689697265,-56.7828369140625,66.37020973246713,-3.2051311166182135,3395979384
iw,-69.7097091674804,-56.7006225585937,57.02843477701298,5.5762178195841745,3395996051
iw,-69.1411590576171,-56.9659385681152,45.93816419626728,12.56425772350949,3396012718
iw,-68.7726135253906,-57.5455322265625,32.95391734654338,17.522947826368508,3396029385
iw,-68.5461883544921,-58.3036422729492,17.862851012164022,20.535889585987924,3396046052
iw,-68.4498672485351,-59.0001182556152,0.456013904563405,22.026052916231823,3396062719
iw,-68.5776596069336,-59.446533203125,-19.32951376610103,22.681603147302233,3396079386
iw,-69.0791931152343,-60.012092590332,-41.246034096008266,23.293454090708465,3396096053
iw,-70.0659790039062,-60.8899574279785,-64.6187808514614,24.550789620302258,3396112720
iw,-71.4723739624023,-61.4760398864746,-88.33549732882851,26.863182480794112,3396129387
iw,-73.3499908447265,-62.4243698120117,-110.96135774038675,30.269861545721003,3396146054
iw,-75.5408248901367,-63.5580673217773,-130.95440338461182,34.466070915359346,3396162721
iw,-78.0176773071289,-64.687629699707,-146.9253305865204,38.9358484395236,3396179388
iw,-80.5261611938476,-65.9281463623046,-157.87580806929506,43.14326374222601,3396196055
iw,-83.0338973999023,-67.2825317382812,-163.36083062135862,46.71552809743702,3396212722
iw,-85.4331436157226,-68.5690383911132,-163.54558424775547,49.558626015652784,3396229389
iw,-87.2982482910156,-69.8454666137695,-159.15553451356573,51.872644573480514,3396246056
iw,-87.5173797607421,-71.1322250366211,-151.3410253903953,54.0677270827216,3396262723
iw,-85.9437255859375,-72.4181671142578,-141.48976868749816,56.61221208640943,3396279390
iw,-83.9263305664062,-73.7298049926757,-131.02121202836935,59.8642416309095,3396296057
iw,-81.9581909179687,-75.1133117675781,-121.18896609348936,63.94204610904056,3396312724
iw,-80.0391693115234,-76.5397872924804,-112.90863669628953,68.6746682305035,3396329391
iw,-78.2005310058593,-78.0417022705078,-106.62560073815615,73.64694696879793,3396346058
iw,-76.4286956787109,-79.6308441162109,-102.2409568793526,78.31942240659885,3396362725
iw,-74.721206665039,-81.2338485717773,-99.11807691935974,82.1788697561806,3396379392
iw,-73.123176574707,-82.7976150512695,-96.18953754190947,84.86879542398108,3396396059
iw,-71.6716537475586,-84.3117980957031,-92.16971179663149,86.26267841163143,3396412726
iw,-70.2489700317382,-85.7703857421875,-85.85081577533441,86.46748937544434,3396429393
iw,-68.7831039428711,-87.2315521240234,-76.42445768113592,85.76796922317652,3396446060
iw,-67.4028091430664,-88.7292785644531,-63.73989029557318,84.53392436670441,3396462727
iw,-66.4244079589843,-89.9115295410156,-48.404895709059346,83.11321394604197,3396479394
iw,-66.0270843505859,-88.476333618164,-31.6725803733319,81.72949420588013,3396496061
iw,-66.0936508178711,-87.1810302734375,-15.132214891527438,80.40325109811417,3396512728
iw,-66.2235336303711,-85.8810195922851,-0.30052131709178875,78.91656416691387,3396529395
iw,-66.6764297485351,-84.5476684570312,11.751436086114905,76.8385011786807,3396546062
iw,-66.9792709350586,-83.1991729736328,20.620692633705673,73.61290236394504,3396562729
iw,-67.5259933471679,-81.8696975708007,26.591539736441675,68.68734632429775,3396579396
iw,-68.1439361572265,-80.6998443603515,30.468974394663793,61.64355783451029,3396596063
iw,-68.6707153320312,-79.7369537353515,33.295088518043386,52.28707187380801,3396612730
iw,-69.0945663452148,-79.0589828491211,36.04106501885523,40.670380432046294,3396629397
iw,-69.5452804565429,-78.6923751831054,39.367554612728426,27.051329881110714,3396646064
iw,-70.4107360839843,-78.6055831909179,43.522393429391265,11.813762299260999,3396662731
iw,-71.7632217407226,-78.7721786499023,48.39400337548353,-4.611646035229648,3396679398
iw,-73.4825668334961,-79.1170959472656,53.673061739099445,-21.796530620028,3396696065
iw,-74.5936660766601,-79.5889816284179,59.02873157436888,-39.32671272696897,3396712732
iw,-75.1336898803711,-80.4392700195312,64.21342459972927,-56.793433097453544,3396729399
iw,-76.2599258422851,-81.900520324707,69.06856689318323,-73.79005682717882,3396746066
iw,-77.7548751831054,-83.5231628417968,73.46683304689918,-89.92829004451686,3396762733
iw,-79.2905654907226,-85.2153778076171,77.2494553505434,-104.86444780096687,3396779400
iw,-80.6690444946289,-86.5125503540039,80.20170421859244,-118.31160826544442,3396796067
iw,-82.0709533691406,-86.194091796875,82.08551489756651,-130.01936305523577,3396812734
iw,-83.5694046020507,-84.4262390136718,82.72816984313015,-139.72481746924169,3396829401
iw,-85.1953964233398,-82.2884140014648,82.14101528556485,-147.10307538233758,3396846068
iw,-86.8807144165039,-80.0677032470703,80.61416950627125,-151.75749987771783,3396862735
iw,-88.6143569946289,-77.8005752563476,78.72435395515947,-153.27805924846706,3396879402
iw,-90.0,-75.4782485961914,77.22159861884349,-151.36193612902142,3396896069
iw,-88.8522644042968,-73.192886352539,76.81834600345515,-145.9528392285736,3396912736
iw,-87.3735656738281,-70.9157791137695,77.95923344158565,-137.33675247173488,3396929403
iw,-85.8298416137695,-68.7267379760742,80.66725725400589,-126.14321508846679,3396946070
iw,-84.2981719970703,-66.7467803955078,84.53001355558662,-113.23766499570705,3396962737
iw,-82.7137680053711,-65.0379028320312,88.82757430044823,-99.53595406023487,3396979404
iw,-81.0362854003906,-63.577896118164,92.74644556188647,-85.80695708614182,3396996071
iw,-79.3336181640625,-62.2784309387207,95.59714133623713,-72.53667755894661,3397012738
iw,-77.6636428833007,-61.0806808471679,96.96060256554138,-59.90213214869161,3397029405
iw,-76.0833053588867,-60.077293395996,96.72181456179071,-47.856468336805655,3397046072
iw,-74.5907897949218,-59.3490982055664,94.99329071999836,-36.281346312638796,3397062739
iw,-73.1918792724609,-58.8561286926269,91.97046671573781,-25.1406886484736,3397079406
iw,-71.8322525024414,-58.5791664123535,87.7810198012455,-14.578685662655033,3397096073
iw,-70.4308853149414,-58.4801216125488,82.3836454353056,-4.933949828904964,3397112740
iw,-68.9891281127929,-58.4805793762207,75.54327001191257,3.327361407264836,3397129407
iw,-67.7111663818359,-58.5955581665039,66.87438488769168,9.736973565878914,3397146074
iw,-66.8194198608398,-58.8187217712402,55.92193186234537,13.978437932856401,3397162741
iw,-66.2275085449218,-59.3183135986328,42.25167396475537,16.034674222062392,3397179408
iw,-65.9391021728515,-59.9807815551757,25.542246449058016,16.28476805292712,3397196075
iw,-65.9176330566406,-60.4169769287109,5.687233234083586,15.500269799057943,3397212742
iw,-66.0267868041992,-60.7460021972656,-17.090649030607498,14.709799094605083,3397229409
iw,-66.3646087646484,-61.0211143493652,-42.13841943570201,14.949876661440493,3397246076
iw,-67.2847595214843,-61.5583724975585,-68.33673450252398,16.976649313924955,3397262743
iw,-68.820571899414,-62.1598091125488,-94.1805870035168,21.04176859939038,3397279410
iw,-70.8941497802734,-63.019847869873,-117.9903775510695,26.8181358553569,3397296077
iw,-73.4100112915039,-64.1569213867187,-138.20763592233683,33.50680320385236,3397312744
iw,-76.1435546875,-65.2653656005859,-153.68387533908086,40.089452337989556,3397329411
iw,-78.7314224243164,-66.4751205444336,-163.86669373051666,45.638944245017,3397346078
iw,-81.0347061157226,-67.8436050415039,-168.82842202783024,49.58430195835011,3397362745
iw,-83.2791519165039,-69.1677932739257,-169.14845164117574,51.849805279853996,3397379412
iw,-85.4286880493164,-70.4400177001953,-165.7157987106176,52.83606943982137,3397396079
iw,-87.0160064697265,-71.6920471191406,-159.53462808815516,53.26315433862951,3397412746
iw,-86.8367156982421,-72.9331130981445,-151.58873852391767,53.93522296975423,3397429413
iw,-85.0261001586914,-74.1644592285156,-142.77322603643054,55.503487590893485,3397446080
iw,-82.9981231689453,-75.4249420166015,-133.86226426106177,58.29715514306215,3397462747
iw,-80.9917221069336,-76.769775390625,-125.4709190845215,62.265255326497446,3397479414
iw,-79.0817031860351,-78.1858596801757,-117.98800255397035,67.0341544618787,3397496081
iw,-77.2664947509765,-79.6576690673828,-111.49137561613921,72.04823814220337,3397512748
iw,-75.5561141967773,-81.1304321289062,-105.68591317007238,76.73845525292035,3397529415
iw,-73.9420089721679,-82.5714416503906,-99.91302767801034,80.66373701900156,3397546082
iw,-72.4161148071289,-84.0130615234375,-93.26524787418896,83.59035213486604,3397562749
iw,-70.9556427001953,-85.460334777832,-84.80404062528181,85.50080244344134,3397579416
iw,-69.555793762207,-86.8586349487304,-73.83492380387875,86.54388461014493,3397596083
iw,-68.4266967773437,-88.0606307983398,-60.15850528897076,86.94672983008853,3397612750
iw,-67.4979934692382,-88.6417465209961,-44.20806696798263,86.91212503847181,3397629417
iw,-66.9968795776367,-88.0553970336914,-27.01290950419127,86.5255473035405,3397646084
iw,-66.9256134033203,-86.9220962524414,-9.98405769577346,85.69640901570874,3397662751
iw,-67.2533874511718,-85.6288833618164,5.417462041682438,84.15277088938556,3397679418
iw,-67.6558990478515,-84.2525024414062,18.027045799406967,81.4947594140975,3397696085
iw,-68.2111434936523,-82.7964706420898,27.232592321003445,77.29105034749918,3397712752
iw,-68.947509765625,-81.3620986938476,33.07234922289326,71.18335036967098,3397729419
iw,-69.5906677246093,-80.193862915039,36.16303469142105,62.95759070046317,3397746086
iw,-70.0493927001953,-79.4261703491211,37.498419482500765,52.555885409264974,3397762753
iw,-70.5352096557617,-78.9818496704101,38.191471156335396,40.03635655171031,3397779420
iw,-71.204719543457,-78.7083740234375,39.24075304388982,25.51978760480223,3397796087
iw,-72.3394088745117,-78.5568695068359,41.379750803936844,9.169566687728889,3397812754
iw,-73.6041870117187,-78.5456466674804,45.02200416218933,-8.773899360930361,3397829421
iw,-74.6135711669921,-78.7959899902343,50.270197134782464,-27.92556287422416,3397846088
iw,-75.3761825561523,-79.3812713623046,56.94426863542397,-47.706726713162944,3397862755
iw,-76.4044342041015,-80.6432113647461,64.60810103806534,-67.36340656519515,3397879422
iw,-77.8008804321289,-82.3451690673828,72.6084900748177,-86.06432298683987,3397896089
iw,-79.391731262207,-84.0513687133789,80.15174484005856,-103.04366415276827,3397912756
iw,-81.0233993530273,-85.6633377075195,86.42754732755927,-117.72695553152752,3397929423
iw,-82.6396331787109,-86.2695999145507,90.76433060207731,-129.78786730902183,3397946090
iw,-84.3588180541992,-84.9841690063476,92.78128339815139,-139.11970437996607,3397962757
iw,-86.1519317626953,-82.9216079711914,92.49378132522946,-145.7451267714794,3397979424
iw,-87.9593429565429,-80.7894515991211,90.33242341832171,-149.7139257475587,3397996091
iw,-90.0,-78.6825256347656,87.05370186260262,-151.04195251373204,3398012758
iw,-88.9532089233398,-76.5258331298828,83.5533067568847,-149.72168899206025,3398029425
iw,-87.4442672729492,-74.3069534301757,80.63246505393175,-145.79538576956466,3398046092
iw,-86.0492858886718,-72.0635910034179,78.79493052377681,-139.44573541958874,3398062759
iw,-84.6768188476562,-69.7986221313476,78.14831218857337,-131.04644056143124,3398079426
iw,-83.2791519165039,-67.6164779663086,78.44355426030596,-121.13234939662796,3398096093
iw,-81.8283386230468,-65.6943283081054,79.22787729702766,-110.28808433538485,3398112760
iw,-80.3473815917968,-64.0933151245117,80.03995939381495,-98.99836838241117,3398129427
iw,-78.9381332397461,-62.6904335021972,80.56501621531702,-87.53175521165943,3398146094
iw,-77.6370162963867,-61.2852516174316,80.69401838313007,-75.92341126227106,3398162761
iw,-76.4098129272461,-59.884708404541,80.47870999821106,-64.07709689640006,3398179428
iw,-75.1789398193359,-58.7084083557128,80.01808996642514,-51.94174677176414,3398196095
iw,-73.8985061645507,-57.9066772460937,79.33332054962383,-39.67295777059809,3398212762
iw,-72.5349426269531,-57.4197349548339,78.28087325306952,-27.694526430091656,3398229429
iw,-71.1954345703125,-57.1805191040039,76.52727387448749,-16.626794135514068,3398246096
iw,-69.9450149536132,-57.1280059814453,73.58033385410108,-7.114094968363029,3398262763
iw,-68.7660446166992,-57.2214202880859,68.85547907389773,0.3728884022604841,3398279430
iw,-67.7383728027343,-57.26607131958,61.755129617592694,5.6803089745739594,3398296097
iw,-66.8895874023437,-57.439151763916,51.74784610858685,9.01233383911252,3398312764
iw,-66.2602767944336,-57.7753143310546,38.44373887450176,10.869991965279134,3398329431
iw,-65.966064453125,-58.0941696166992,21.66825904537751,11.923347053456382,3398346098
iw,-66.0354309082031,-58.4383010864257,1.5358822036566566,12.862517959738518,3398362765
iw,-66.2687759399414,-58.7752876281738,-21.482731862264803,14.263536339062885,3398379432
iw,-66.7202453613281,-59.1181106567382,-46.52090384173111,16.492678556112,3398396099
iw,-67.7941055297851,-60.0967941284179,-72.337297094288,19.66416615983418,3398412766
iw,-69.3967208862304,-61.6149864196777,-97.42906729250826,23.65435246087632,3398429433
iw,-71.3401870727539,-62.5761985778808,-120.23852402677551,28.15865050431003,3398446100
iw,-73.7820739746093,-63.2764015197753,-139.41140440762237,32.76901529701778,3398462767
iw,-76.4997406005859,-64.1896438598632,-154.0316680654771,37.059559551755115,3398479434
iw,-79.0197372436523,-65.3330917358398,-163.75545777783805,40.6805108387773,3398496101
iw,-81.3611679077148,-66.7607803344726,-168.80031370306492,43.45454684445477,3398512768
iw,-83.5920715332031,-68.1154327392578,-169.80191549812594,45.44947320783113,3398529435
iw,-85.4752807617187,-69.3283996582031,-167.60170051182078,46.992285313313296,3398546102
iw,-86.506103515625,-70.6153259277343,-163.04725165252913,48.60495466278892,3398562769
iw,-85.9380340576171,-71.9716186523437,-156.86615580521322,50.8716870403319,3398579436
iw,-84.1211700439453,-73.3608322143554,-149.62869946148086,54.2727383187629,3398596103
iw,-81.9431457519531,-74.7186660766601,-141.77024915022096,59.031514140575446,3398612770
iw,-79.7298431396484,-76.0604400634765,-133.62183920905716,65.0201574188975,3398629437
iw,-77.6625213623046,-77.4511947631836,-125.40674930434179,71.7562405093552,3398646104
iw,-75.7843933105468,-79.0366287231445,-117.19471604276247,78.49971360711676,3398662771
iw,-74.1006927490234,-80.7296905517578,-108.84458909198652,84.42829644397104,3398679438
iw,-72.5421295166015,-82.4792404174804,-99.98936663865398,88.84125413355648,3398696105
iw,-71.0280990600586,-84.1968765258789,-90.11022724487866,91.32905785591828,3398712772
iw,-69.4908981323242,-85.7981643676757,-78.70709999666003,91.8572184023216,3398729439
iw,-67.9925842285156,-87.3792343139648,-65.51812334362688,90.74232665163522,3398746106
iw,-66.9460906982421,-88.9850997924804,-50.6988152611078,88.5332592986842,3398762773
iw,-66.3866806030273,-90.0,-34.87304324765156,85.83656132489645,3398779440
iw,-66.2637557983398,-88.5676956176757,-19.01845460470533,83.13600195038728,3398796107
iw,-66.3311157226562,-87.1825561523437,-4.22273665092896,80.65362487495683,3398812774
iw,-66.7061691284179,-85.8414535522461,8.598098207990096,78.28635057311212,3398829441
iw,-67.0317764282226,-84.4789810180664,18.919610975472366,75.63051217528754,3398846108
iw,-67.6542816162109,-83.0640411376953,26.701939914311723,72.0807218606615,3398862775
iw,-68.3901824951171,-81.7139739990234,32.34414017860783,66.9672865272495,3398879442
iw,-69.1527099609375,-80.6147308349609,36.53318124513099,59.68783969762012,3398896109
iw,-69.7283401489257,-79.861701965332,40.044858553543754,49.79988223845402,3398912776
iw,-70.3143768310546,-79.4208068847656,43.558451882112024,37.06726792310202,3398929443
iw,-71.2730636596679,-79.1827316284179,47.53541373154494,21.479337972638774,3398946110
iw,-72.4997406005859,-79.0817031860351,52.183204784661186,3.2677536432226253,3398962777
iw,-73.6905059814453,-79.1214141845703,57.485875962585936,-17.072704488288576,3398979444
iw,-74.7836990356445,-79.5184249877929,63.25763628279332,-38.78197156859543,3398996111
iw,-75.6922607421875,-80.6496429443359,69.18454561800841,-60.88605439031896,3399012778
iw,-77.0682373046875,-82.3589172363281,74.85149894484205,-82.3161633982245,3399029445
iw,-78.658462524414,-84.2542419433593,79.7751075467049,-102.0679108963409,3399046112
iw,-80.2570877075195,-86.1841278076171,83.46199891785476,-119.34267665257931,3399062779
iw,-81.8521118164062,-87.1738128662109,85.49710769716845,-133.61966650463197,3399079446
iw,-83.4498596191406,-85.9372634887695,85.6512839960761,-144.64416128382692,3399096113
iw,-85.0462341308593,-83.6314163208007,83.98294663972979,-152.3575438504568,3399112780
iw,-86.6283798217773,-81.2298049926757,80.89509121447485,-156.8148502956635,3399129447
iw,-88.322525024414,-78.7996444702148,77.1077251188105,-158.12944857691497,3399146114
iw,-90.0,-76.2359390258789,73.52753970251152,-156.4592169267305,3399162781
iw,-88.9413070678711,-73.6689910888671,71.03728007551499,-152.0199628495754,3399179448
iw,-87.4969635009765,-71.1730880737304,70.26766823321414,-145.09753841137353,3399196115
iw,-86.1126403808593,-68.7626266479492,71.43166188850446,-136.0382903203585,3399212782
iw,-84.7253036499023,-66.4585342407226,74.28092802830783,-125.21902674668516,3399229449
iw,-83.3267669677734,-64.3360519409179,78.19489438973895,-113.01435882830641,3399246116
iw,-81.8581619262695,-62.4591026306152,82.35980251797305,-99.78026604518419,3399262783
iw,-80.3852615356445,-60.8129501342773,85.96682421833414,-85.86122187295756,3399279450
iw,-78.9482650756836,-59.3382110595703,88.36547992726594,-71.6140048518235,3399296117
iw,-77.548110961914,-58.0673332214355,89.14106776275271,-57.431828845084574,3399312784
iw,-76.1708602905273,-57.0849800109863,88.12149917640397,-43.75077863206912,3399329451
iw,-74.8024520874023,-56.4078674316406,85.34148109349053,-31.02737383159259,3399346118
iw,-73.4293899536132,-55.9715995788574,80.9930649414412,-19.689371423014233,3399362785
iw,-72.0747146606445,-55.6916427612304,75.37599328710627,-10.075540945875886,3399379452
iw,-70.7734909057617,-55.5517272949218,68.84159400528834,-2.3857796718374735,3399396119
iw,-69.6162796020507,-55.4787483215332,61.714026169394465,3.343996624016714,3399412786
iw,-68.7294998168945,-55.619945526123,54.18117972368472,7.24271411769306,3399429453
iw,-68.1369018554687,-56.0527153015136,46.173227223629176,9.591928983208478,3399446120
iw,-67.785903930664,-56.5981636047363,37.2769000711344,10.80795039355298,3399462787
iw,-67.5639572143554,-57.0273056030273,26.747745706269114,11.411538331768826,3399479454
iw,-67.3557891845703,-57.3406066894531,13.663870676767944,11.970905008898242,3399496121
iw,-67.1458587646484,-57.7792205810546,-2.7883054921188157,13.014724363270206,3399512788
iw,-67.08056640625,-58.1397171020507,-22.972731007076835,14.933447651244828,3399529455
iw,-67.5186920166015,-58.7738533020019,-46.5294045868406,17.90081797917272,3399546122
iw,-68.6830825805664,-60.1291809082031,-72.28409957371655,21.842577702898616,3399562789
iw,-70.4379577636718,-61.3746185302734,-98.39654020586345,26.460139093488404,3399579456
iw,-72.651626586914,-62.0864562988281,-122.70985238675077,31.29801806978903,3399596123
iw,-75.2406387329101,-62.865909576416,-143.18940607356947,35.83928852206971,3399612790
iw,-77.8959350585937,-63.9907798767089,-158.31532702891727,39.6201894392598,3399629457
iw,-80.4585266113281,-65.3635101318359,-167.32415775973433,42.35357958355966,3399646124
iw,-82.929702758789,-66.8075637817382,-170.25983212442856,44.03306874901062,3399662791
iw,-85.2138671875,-68.0706787109375,-167.86002137568764,44.97459761364412,3399679458
iw,-86.9887084960937,-69.3176879882812,-161.34369973075874,45.76291055780062,3399696125
iw,-87.2232208251953,-70.6180877685546,-152.16950612096934,47.10548947863547,3399712792
iw,-85.6622085571289,-71.9702682495117,-141.81199798252453,49.634310239603806,3399729459
iw,-83.7582626342773,-73.3420486450195,-131.57438228167956,53.71640192754247,3399746126
iw,-81.7920455932617,-74.7075881958007,-122.4389937596844,59.331884949059926,3399762793
iw,-79.8701858520507,-76.0923080444336,-114.9560829715912,66.05731186303926,3399779460
iw,-78.0753021240234,-77.5757827758789,-109.18076570634535,73.16032971155249,3399796127
iw,-76.3693237304687,-79.2366714477539,-104.67631573184836,79.77802945579725,3399812794
iw,-74.6501235961914,-80.9583663940429,-100.6010967504719,85.12613204373582,3399829461
iw,-72.9482269287109,-82.6591186523437,-95.88233558532451,88.67803370455223,3399846128
iw,-71.3870468139648,-84.2787170410156,-89.45460450334335,90.26480049287665,3399862795
iw,-69.9529037475586,-85.7912292480468,-80.51447420028883,90.07454312338079,3399879462
iw,-68.7036590576171,-87.1810302734375,-68.72900051300937,88.56076631446227,3399896129
iw,-67.7483901977539,-88.3460159301757,-54.342323341934346,86.29252813488091,3399912796
iw,-67.0794372558593,-88.8160095214843,-38.14988154483689,83.78905032873567,3399929463
iw,-66.8379669189453,-88.1186218261718,-21.345294467474726,81.37949367586855,3399946130
iw,-66.7926330566406,-86.9966506958007,-5.279423002681593,79.11936132675763,3399962797
iw,-66.8854370117187,-85.7850875854492,8.80779339779001,76.78095478369266,3399979464
iw,-67.1950454711914,-84.4559631347656,20.02196467251872,73.91687770769748,3399996131
iw,-67.9236602783203,-83.0955657958984,27.970687734523008,69.97464452960847,3400012798
iw,-68.7487335205078,-81.8317718505859,32.816090196258344,64.42379349523172,3400029465
iw,-69.3169250488281,-80.832649230957,35.2140685935945,56.85450253792973,3400046132
iw,-69.7678833007812,-80.1353454589843,36.152515589937146,47.02368991013598,3400062799
iw,-70.2605285644531,-79.651496887207,36.7301626578911,34.85347600400105,3400079466
iw,-70.9982376098632,-79.3498764038086,37.936595673693766,20.4098543829446,3400096133
iw,-72.1624755859375,-79.2700805664062,40.48355114394733,3.8914747746915075,3400112800
iw,-72.9436111450195,-79.4415817260742,44.705994463901675,-14.360246716102523,3400129467
iw,-73.5733108520507,-79.826416015625,50.52895002577878,-33.84329917514471,3400146134
iw,-74.4774322509765,-80.6912078857421,57.4982550022302,-53.89678979059112,3400162801
iw,-75.9182739257812,-82.1055679321289,64.88056473324754,-73.74291406626945,3400179468
iw,-77.4459991455078,-83.7611541748046,71.82326797575698,-92.56716544798314,3400196135
iw,-78.867919921875,-85.5508041381836,77.53624820037372,-109.61124886449316,3400212802
iw,-80.2313537597656,-86.9324188232421,81.44769658663395,-124.2454248636223,3400229469
iw,-81.6795883178711,-86.3794479370117,83.3058155074213,-135.9995226587454,3400246136
iw,-83.1988296508789,-84.2908554077148,83.22199827149534,-144.55520312956622,3400262803
iw,-84.7304306030273,-81.9537277221679,81.65565125088006,-149.72259559235246,3400279470
iw,-86.3105087280273,-79.6781158447265,79.33378580567884,-151.4314701517439,3400296137
iw,-87.8492355346679,-77.4324722290039,77.10317876447048,-149.7553435465181,3400312804
iw,-89.4335250854492,-75.18310546875,75.73805954639083,-144.96052892727883,3400329471
iw,-90.0,-72.9611511230468,75.75660261410417,-137.5458565901793,3400346138
iw,-87.9430999755859,-70.7654418945312,77.30946606086943,-128.22973719966762,3400362805
iw,-86.2933502197265,-68.6499404907226,80.17928357808998,-117.85761899407444,3400379472
iw,-84.729019165039,-66.7272644042968,83.88264834670468,-107.2390027373873,3400396139
iw,-83.1756515502929,-65.0500564575195,87.82500267045324,-96.96248554867553,3400412806
iw,-81.5968856811523,-63.5913162231445,91.44707307531941,-87.25993933092532,3400429473
iw,-80.0149383544921,-62.1937637329101,94.31901903335151,-77.98247630135856,3400446140
iw,-78.4328155517578,-60.7945709228515,96.16853268116158,-68.71029379490479,3400462807
iw,-76.8728637695312,-59.4871101379394,96.85545399314945,-58.96190318326626,3400479474
iw,-75.3535995483398,-58.4836120605468,96.32021819898964,-48.42372376293241,3400496141
iw,-73.791389465332,-57.8279762268066,94.53460764435691,-37.113219243396436,3400512808
iw,-72.1470565795898,-57.3854331970214,91.47177422999405,-25.421239846553373,3400529475
iw,-70.5622177124023,-57.1531982421875,87.09368547860305,-14.030954569527019,3400546142
iw,-69.0893402099609,-56.9983291625976,81.33903272842159,-3.7528055934547,3400562809
iw,-67.8606872558593,-56.9588317871093,74.09490467249897,4.668635904988055,3400579476
iw,-66.9339828491211,-57.1495971679687,65.15397885698587,10.726540336914827,3400596143
iw,-66.2183456420898,-57.4591178894043,54.18460931856873,14.27016670116612,3400612810
iw,-65.6238098144531,-57.8909645080566,40.75476449699598,15.553596165870006,3400629477
iw,-65.1536636352539,-58.4184188842773,24.437797981466627,15.208473967813168,3400646144
iw,-64.8850479125976,-58.963207244873,4.9903498432522335,14.13952648163175,3400662811
iw,-64.9438095092773,-59.1862144470214,-17.45051557895838,13.35033837911862,3400679478
iw,-65.4649887084961,-59.512451171875,-42.22783891824139,13.726700031682983,3400696145
iw,-66.4682388305664,-60.3434295654296,-68.15025970772547,15.830103384607025,3400712812
iw,-67.9548568725586,-61.0687980651855,-93.62984070949892,19.764740581480712,3400729479
iw,-70.0313339233398,-61.7913017272949,-116.94603276186017,25.163895342655724,3400746146
iw,-72.4893569946289,-62.7716369628906,-136.56300714725387,31.303702633503583,3400762813
iw,-75.0462112426757,-63.8436965942382,-151.4058462588376,37.31215938925385,3400779480
iw,-77.4920654296875,-65.0387573242187,-161.01520595761562,42.412639099266244,3400796147
iw,-79.8210830688476,-66.3927383422851,-165.54720972535276,46.13210450957574,3400812814
iw,-82.1752166748046,-67.6069793701171,-165.64410259266086,48.4175410128514,3400829481
iw,-84.4380645751953,-68.7974319458007,-162.24138887361633,49.63409708854444,3400846148
iw,-86.3445739746093,-70.0255737304687,-156.38075897150205,50.4530348324246,3400862815
iw,-87.1423416137695,-71.2955780029296,-149.07082873574575,51.66520749086814,3400879482
iw,-86.0190658569336,-72.5741729736328,-141.20084474276257,53.97004810139386,3400896149
iw,-84.2030563354492,-73.8819961547851,-133.48674158547342,57.791193731620375,3400912816
iw,-82.229263305664,-75.2194137573242,-126.42472295620286,63.16118935857683,3400929483
iw,-80.2838439941406,-76.6308212280273,-120.2424263832885,69.70150108340937,3400946150
iw,-78.4024276733398,-78.1761169433593,-114.85897156486887,76.70201676499076,3400962817
iw,-76.584243774414,-79.868049621582,-109.87859119637795,83.28007639480562,3400979484
iw,-74.8463363647461,-81.5757369995117,-104.64130282866718,88.57905160359876,3400996151
iw,-73.2183685302734,-83.2579116821289,-98.34008234821766,91.95710067484399,3401012818
iw,-71.7711029052734,-84.9006118774414,-90.19370992400638,93.12130271033219,3401029485
iw,-70.388069152832,-86.4482955932617,-79.64456855344051,92.17829703609684,3401046152
iw,-69.0899505615234,-87.8821563720703,-66.53574207420368,89.59281845505336,3401062819
iw,-68.0115814208984,-88.8214797973632,-51.21563372473244,86.06423719037257,3401079486
iw,-67.3748397827148,-88.5137786865234,-34.5269879488906,82.34698369048313,3401096153
iw,-67.1736755371093,-87.5275726318359,-17.66560097542194,79.05410290464329,3401112820
iw,-67.2900390625,-86.4389419555664,-1.9366271200868637,76.49152164012624,3401129487
iw,-67.5616226196289,-85.255256652832,11.526027262140367,74.56739529193698,3401146154
iw,-67.8438262939453,-83.9776153564453,21.99979350329785,72.80159028618213,3401162821
iw,-68.5240325927734,-82.6202545166015,29.313285868406364,70.42912755508246,3401179488
iw,-69.3576507568359,-81.345832824707,33.85822244125166,66.56144889175707,3401196155
iw,-69.9789428710937,-80.2670974731445,36.47559229004261,60.35570400490508,3401212822
iw,-70.4386672973632,-79.4857330322265,38.24406218240661,51.151735613069484,3401229489
iw,-71.0487442016601,-78.9676284790039,40.223971000805584,38.5618473181534,3401246156
iw,-71.9194717407226,-78.6333923339843,43.22553791695132,22.52222629802759,3401262823
iw,-72.9451828002929,-78.5060577392578,47.65960392066062,3.321320614053672,3401279490
iw,-73.906867980957,-78.6114273071289,53.49652683115483,-18.392392524006866,3401296157
iw,-74.9483871459961,-79.1611862182617,60.32542717108414,-41.63898193115905,3401312824
iw,-76.3522796630859,-80.3770065307617,67.48582705287123,-65.19198727739291,3401329491
iw,-77.8065414428711,-81.9844284057617,74.23344970849706,-87.72204120082706,3401346158
iw,-79.294319152832,-83.8228302001953,79.89841139439973,-107.97340496217028,3401362825
iw,-80.7921829223632,-85.8683395385742,84.00298841728869,-124.92995436625938,3401379492
iw,-82.2918701171875,-87.0552978515625,86.32685840025948,-137.93046517543405,3401396159
iw,-83.8340454101562,-85.8116149902343,86.9251975884353,-146.71110674533188,3401412826
iw,-85.4079895019531,-83.4215087890625,86.10728560088589,-151.37498025718185,3401429493
iw,-86.9736633300781,-81.0604705810546,84.3767872553564,-152.30824128776763,3401446160
iw,-88.5493698120117,-78.9038925170898,82.33553159058532,-150.07493630221734,3401462827
iw,-90.0,-76.7412490844726,80.56625596087105,-145.32179769417337,3401479494
iw,-88.5589752197265,-74.5105438232421,79.52560220742222,-138.70837540977752,3401496161
iw,-86.9740524291992,-72.3212432861328,79.4800390287762,-130.85632153940614,3401512828
iw,-85.3113250732421,-70.1553039550781,80.49841947588065,-122.30010615168156,3401529495
iw,-83.7500991821289,-68.0573348999023,82.4870877292973,-113.42915441461776,3401546162
iw,-82.2513427734375,-66.0943222045898,85.23678955690383,-104.43222098713397,3401562829
iw,-80.7849731445312,-64.3637084960937,88.45627628570796,-95.27251287301291,3401579496
iw,-79.2636642456054,-62.8373794555664,91.78800815052786,-85.72333839856128,3401596163
iw,-77.6717910766601,-61.4148750305175,94.81855766378148,-75.47576088292605,3401612830
iw,-76.0364227294921,-60.0720863342285,97.09843045867518,-64.29812974464481,3401629497
iw,-74.3681411743164,-58.9246101379394,98.17597316697262,-52.19603965542229,3401646164
iw,-72.712661743164,-58.089298248291,97.63843682241375,-39.50792656441148,3401662831
iw,-71.1070861816406,-57.6453781127929,95.14754966866732,-26.888634086744332,3401679498
iw,-69.5481414794921,-57.504653930664,90.45789787737723,-15.176880628914027,3401696165
iw,-68.1062316894531,-57.460578918457,83.41145141069595,-5.1911102297476015,3401712832
iw,-66.8078918457031,-57.5402183532714,73.90878003989957,2.4743119724820346,3401729499
iw,-65.8047790527343,-57.6682777404785,61.86674983328244,7.587597741471813,3401746166
iw,-65.1469421386718,-58.0061416625976,47.183457268589045,10.321369631772052,3401762833
iw,-64.8348388671875,-58.4662437438964,29.739881888840728,11.203627335093543,3401779500
iw,-64.8137283325195,-58.8928146362304,9.465479962168855,11.004096984995414,3401796167
iw,-64.9249954223632,-59.2027626037597,-13.526947234822286,10.584188133496223,3401812834
iw,-65.1315002441406,-59.4295654296875,-38.772116723689365,10.735710834325706,3401829501
iw,-65.7975006103515,-59.8712196350097,-65.3243451804953,12.035079651636456,3401846168
iw,-67.3260650634765,-60.711196899414,-91.756779670458,14.741519988832183,3401862835
iw,-69.3545303344726,-61.2099380493164,-116.33406638130297,18.76203725162498,3401879502
iw,-71.7988128662109,-61.8444938659668,-137.3284759446131,23.693903742509754,3401896169
iw,-74.5206146240234,-62.8794746398925,-153.37996775574473,28.940812152717385,3401912836
iw,-77.1672668457031,-64.0171661376953,-163.77788596032522,33.879237950535014,3401929503
iw,-79.6155242919921,-65.1644058227539,-168.57453625848046,38.030299823376126,3401946170
iw,-81.9205627441406,-66.3683242797851,-168.50722705201824,41.18587169632607,3401962837
iw,-84.0694808959961,-67.5546112060546,-164.77173959095953,43.45500333480317,3401979504
iw,-85.6849365234375,-68.7684020996093,-158.72894723639803,45.22503468922438,3401996171
iw,-86.2209930419921,-70.0110092163086,-151.6288292156313,47.053348388989896,3402012838
iw,-85.3866271972656,-71.2636032104492,-144.41275585780667,49.51703632920202,3402029505
iw,-83.7967300415039,-72.5319519042968,-137.62155863783846,53.05492777895851,3402046172
iw,-81.9137649536132,-73.8106689453125,-131.404637632444,57.840841743178956,3402062839
iw,-79.9412078857421,-75.1202926635742,-125.60130396154901,63.72293246212786,3402079506
iw,-78.0028991699218,-76.5216064453125,-119.8549816646715,70.24755661161782,3402096173
iw,-76.2109069824218,-78.1064529418945,-113.72504127565475,76.76120368862847,3402112840
iw,-74.5310745239257,-79.7802734375,-106.77551887345835,82.56037123297348,3402129507
iw,-72.9362335205078,-81.4283828735351,-98.63657888409261,87.04628877408871,3402146174
iw,-71.5023193359375,-83.0370025634765,-89.04543823752951,89.8440928359482,3402162841
iw,-70.2140502929687,-84.6217803955078,-77.87576996050522,90.86196153973846,3402179508
iw,-69.1117248535156,-86.1870040893554,-65.1614297716663,90.28532094452471,3402196175
iw,-68.2853088378906,-87.6788101196289,-51.11608212814619,88.51495133809217,3402212842
iw,-67.6200103759765,-88.9405746459961,-36.14621080711873,86.06364877421062,3402229509
iw,-67.2371826171875,-89.004165649414,-20.849851572110857,83.42910307717804,3402246176
iw,-66.9376983642578,-87.9232177734375,-5.9873946233853,80.9654813413404,3402262843
iw,-67.0089492797851,-86.7249374389648,7.5916712143195655,78.78148715703726,3402279510
iw,-67.3499069213867,-85.5266571044921,19.0744942831184,76.6923669311712,3402296177
iw,-68.0239028930664,-84.2403335571289,27.850574316883325,74.24238505659982,3402312844
iw,-68.9880752563476,-82.8675231933593,33.67713411043131,70.79349448506746,3402329511
iw,-69.8104248046875,-81.5841827392578,36.78504215653675,65.65359649948167,3402346178
iw,-70.4979476928711,-80.5965270996093,37.8735488560235,58.2065822495312,3402362845
iw,-71.116096496582,-79.8771362304687,37.97911292672537,48.014415843540526,3402379512
iw,-71.8642272949218,-79.3972396850586,38.25152263105572,34.88321389501673,3402396179
iw,-72.725959777832,-79.090950012207,39.7009925943725,18.902998760915423,3402412846
iw,-73.2825241088867,-78.962776184082,42.98110261264728,0.47004070533013076,3402429513
iw,-73.9453735351562,-79.0662231445312,48.256828919152,-19.71608575160733,3402446180
iw,-74.9595184326171,-79.6281356811523,55.18827904235441,-40.7033481240052,3402462847
iw,-76.3124771118164,-80.8565826416015,63.0350909149774,-61.402526158784376,3402479514
iw,-77.8176345825195,-82.4515838623046,70.84906186066593,-80.75373719812893,3402496181
iw,-79.2533874511718,-84.2307510375976,77.69165807490509,-97.8967276092515,3402512848
iw,-80.6877670288086,-86.0593566894531,82.81450722532435,-112.28536893990011,3402529515
iw,-82.1314392089843,-87.1743774414062,85.77321078032519,-123.70791478289333,3402546182
iw,-83.7449569702148,-86.1559066772461,86.47732489147072,-132.21544277144326,3402562849
iw,-85.4412155151367,-84.0928344726562,85.18723898512778,-137.9984747385618,3402579516
iw,-87.0392532348632,-81.9706039428711,82.45768908152563,-141.26949018797436,3402596183
iw,-88.614501953125,-79.8745574951171,79.02328502049149,-142.19986689719133,3402612850
iw,-90.0,-77.6573944091796,75.63900156463895,-140.92666713784268,3402629517
iw,-88.9063949584961,-75.4136734008789,72.91693456608682,-137.60414338162784,3402646184
iw,-87.4460296630859,-73.1736450195312,71.21404005235537,-132.45120910157178,3402662851
iw,-86.0047836303711,-70.9352340698242,70.60870783673478,-125.75408273193915,3402679518
iw,-84.6349487304687,-68.7932968139648,70.96499468817387,-117.81596408852882,3402696185
iw,-83.341064453125,-66.7787322998046,72.046008184063,-108.88105925125758,3402712852
iw,-82.0536193847656,-64.9244079589843,73.62281636665685,-99.07819499375286,3402729519
iw,-80.760139465332,-63.2423820495605,75.5357784455434,-88.42162102431722,3402746186
iw,-79.4627990722656,-61.7058906555175,77.69015833782059,-76.87853488473733,3402762853
iw,-78.1617660522461,-60.3435745239257,79.99429259583135,-64.47860593345071,3402779520
iw,-76.8632278442382,-59.2585716247558,82.26903793233438,-51.417445976019096,3402796187
iw,-75.5596008300781,-58.4893493652343,84.16782241842776,-38.10567446085939,3402812854
iw,-74.184455871582,-57.9662590026855,85.14417095348409,-25.138176156068802,3402829521
iw,-72.7515182495117,-57.783088684082,84.48737316210719,-13.192265047678081,3402846188
iw,-71.2999954223632,-57.6904640197753,81.42189635371864,-2.8915678555185154,3402862855
iw,-69.9373703002929,-57.6238479614257,75.24245463752048,5.3187066330748465,3402879522
iw,-68.7840042114257,-57.7391357421875,65.4452605793956,11.252466429973767,3402896189
iw,-67.9592132568359,-58.1446914672851,51.822124875487205,15.01028900997013,3402912856
iw,-67.4781036376953,-58.8159828186035,34.503466885528915,16.95993567202997,3402929523
iw,-67.339614868164,-59.4434928894043,13.956899492250564,17.67490561968089,3402946190
iw,-67.389404296875,-59.9033966064453,-9.043027448324917,17.83191941601668,3402962857
iw,-67.7280502319336,-60.1796760559082,-33.46556385572433,18.078735905872126,3402979524
iw,-68.7017593383789,-60.4233512878418,-58.1007671501098,18.906189529291716,3402996191
iw,-70.0544891357421,-61.4919128417968,-81.67300293687764,20.568393304392263,3403012858
iw,-71.6831893920898,-62.4535484313964,-102.9877359912536,23.074393345322697,3403029525
iw,-73.7321243286132,-63.0165214538574,-121.08590948282132,26.236618740325255,3403046192
iw,-76.0604553222656,-63.7003059387207,-135.36427393563443,29.740735621559523,3403062859
iw,-78.2734146118164,-64.4750289916992,-145.62042347812383,33.21329930325378,3403079526
iw,-80.3225708007812,-65.4756317138671,-152.00126908761638,36.28693856148982,3403096193
iw,-82.2837829589843,-66.6948623657226,-154.86975225766662,38.6703345584594,3403112860
iw,-84.0754699707031,-67.7369842529296,-154.64090186092108,40.218638687165765,3403129527
iw,-85.1696090698242,-68.7177658081054,-151.65244152855666,40.984458797939396,3403146194
iw,-84.9898834228515,-69.7028274536132,-146.11709355919993,41.22471919865807,3403162861
iw,-83.5894775390625,-70.686897277832,-138.1642707938409,41.349394930057336,3403179528
iw,-81.5523147583007,-71.6493301391601,-127.93856933253588,41.81912673255127,3403196195
iw,-79.3442153930664,-72.5948181152343,-115.69888829008224,43.01942945670242,3403212862
iw,-77.2540283203125,-73.5647277832031,-101.86514213179626,45.15000074861242,3403229529
iw,-75.5040435791015,-74.5858764648437,-86.98873524946437,48.16400103453199,3403246196
iw,-73.9242935180664,-75.691650390625,-71.6631028396738,51.77584946210592,3403262863
iw,-72.4543914794921,-76.8719177246093,-56.41783068877869,55.533644755258344,3403279530
iw,-71.2035598754882,-78.0817565917968,-41.638882341763406,58.93210712878365,3403296197
iw,-70.1896133422851,-79.2532882690429,-27.534793610665513,61.53111371774931,3403312864
iw,-69.408821105957,-80.3521499633789,-14.145336475037029,63.04705601836062,3403329531
iw,-68.8221359252929,-81.4090194702148,-1.3795614722207612,63.39754983398235,3403346198
iw,-68.4047088623046,-82.4430084228515,10.927932958780529,62.69755122859286,3403362865
iw,-68.2295227050781,-83.4610977172851,22.94994645121072,61.21829560673056,3403379532
iw,-68.2930908203125,-84.4098434448242,34.79626696199279,59.325012947759724,3403396199
iw,-68.5176467895507,-85.2793426513671,46.45027349269922,57.40665763263638,3403412866
iw,-68.8722534179687,-86.0755462646484,57.72544808690058,55.80611165088588,3403429533
iw,-69.3610153198242,-86.8046340942382,68.25382810554825,54.756325681750084,3403446200
iw,-69.9011688232421,-87.3823699951171,77.51338523847247,54.32720823203195,3403462867
iw,-70.3735809326171,-87.6794891357421,84.89381338042152,54.38881052184081,3403479534
iw,-70.8787078857421,-87.5681228637695,89.79248978869738,54.59764376096915,3403496201
iw,-71.4962997436523,-87.149673461914,91.72510079731016,54.41365938652255,3403512868
iw,-72.2332153320312,-86.5667572021484,90.42871659344421,53.15387042209013,3403529535
iw,-72.8846817016601,-85.9135208129882,85.93101990639023,50.08370344745394,3403546202
iw,-72.9815597534179,-85.2259521484375,78.56177256154312,44.53911561068084,3403562869
iw,-73.5279388427734,-84.5693817138671,68.89567092779394,36.062808242428,3403579536
iw,-74.0713119506836,-84.1021270751953,57.6408543960054,24.529756804405874,3403596203
iw,-74.352783203125,-83.8717041015625,45.5142657461004,10.234836948516907,3403612870
iw,-74.6760101318359,-83.7276458740234,33.152158051533654,-6.080018540630303,3403629537
iw,-75.1168899536132,-83.6685943603515,21.080892142558604,-23.273107321182266,3403646204
iw,-75.5736618041992,-83.8145523071289,9.73743544151645,-39.929033158586144,3403662871
iw,-75.8643646240234,-84.0714645385742,-0.49297459748164285,-54.553964403363615,3403679538
iw,-76.1741943359375,-84.0092010498046,-9.254998819463243,-65.80807734381077,3403696205
iw,-76.6871795654296,-83.3601760864257,-16.236940215640853,-72.72000128003272,3403712872
iw,-77.2136306762695,-82.2888717651367,-21.218991494014492,-74.82281488029626,3403729539
iw,-77.6592483520507,-80.9948806762695,-24.132080608670467,-72.17466263225185,3403746206
iw,-78.056037902832,-79.697525024414,-25.09182658113201,-65.26849229771629,3403762873
iw,-78.3713226318359,-78.4565505981445,-24.383196600697847,-54.87141178344451,3403779540
iw,-78.6632919311523,-77.3359603881836,-22.39866261877417,-41.84890225765125,3403796207
iw,-78.9717864990234,-76.3926086425781,-19.55606818674602,-27.022349700636536,3403812874
iw,-79.2638854980468,-75.5096740722656,-16.22841982393229,-11.088521319513266,3403829541
iw,-79.4961242675781,-74.6522216796875,-12.707938443232518,5.39441483195214,3403846208
iw,-79.6454315185546,-73.8716583251953,-9.210115599949175,21.970590004803242,3403862875
