Label,Left_Hip_q,Right_Hip_q,Left_Hip_qd,Right_Hip_qd,SampleTimeFine
bf,-46.9492607116699,-54.7512741088867,2.34535956382751,4.51228427886962,2242674798
bf,-46.3925628662109,-54.2417602539062,-1.477015665394159,4.2477766701330175,2242691465
bf,-46.4530448913574,-53.5562438964843,1.7007687479554086,2.283767258392779,2242708132
bf,-47.0074882507324,-52.8556098937988,4.44452521239101,0.5293468816801103,2242724799
bf,-47.11177444458,-51.6010475158691,6.425622550292326,-0.838834328121835,2242741466
bf,-47.0499038696289,-49.7998275756835,7.483963829163508,-1.7187970287803072,2242758133
bf,-47.051902770996,-47.7736282348632,7.654595162476254,-2.0973479849688794,2242774800
bf,-47.3275756835937,-45.6618843078613,7.143571197855417,-2.042923365872178,2242791467
bf,-47.268009185791,-43.3624076843261,6.2606885228816775,-1.681405013929755,2242808134
bf,-46.4793586730957,-40.8758201599121,5.330240469726837,-1.1634251177854256,2242824801
bf,-45.2765197753906,-38.6187171936035,4.606647020023202,-0.6322926893722886,2242841468
bf,-43.8614463806152,-36.3597717285156,4.218498483138362,-0.19915662625779332,2242858135
bf,-42.0117263793945,-34.6894264221191,4.154570011053811,0.07164879102580057,2242874802
bf,-39.4404106140136,-29.9578342437744,4.292209831475994,0.1671534769332316,2242891469
bf,-35.6761054992675,-16.4103336334228,4.455716994154932,0.12212374945032835,2242908136
bf,-31.5032844543457,-5.30569410324096,4.483264029309316,0.010133694165631651,2242924803
bf,-27.790298461914,-2.54101872444152,4.278676124739301,-0.06792120880349639,2242941470
bf,-24.152868270874,0.137259602546691,3.8309939178830277,0.0027248067848165344,2242958137
bf,-19.9275035858154,2.46317338943481,3.199132383743557,0.3321676009941155,2242974804
bf,-14.612377166748,5.13563632965087,2.4750866110527094,0.9981754229525305,2242991471
bf,-9.22106838226318,5.63011121749877,1.7480497708514258,2.012305860505477,2243008138
bf,-6.21372699737548,7.51232862472534,1.0876115677665146,3.2944065484246745,2243024805
bf,-4.48049926757812,6.17834949493408,0.5491074476679785,4.674546169506584,2243041472
bf,-4.00149774551391,3.55570030212402,0.18773292981846915,5.930312030169512,2243058139
bf,-5.24805879592895,2.94833660125732,0.0613394651899761,6.847569632526708,2243074806
bf,-7.14950227737426,2.23836231231689,0.21044983717915744,7.279819851662829,2243091473
bf,-7.83424234390258,1.52881646156311,0.6231152877063401,7.183684743686539,2243108140
bf,-7.91466951370239,-0.591300427913665,1.2083140276217244,6.621202850527665,2243124807
bf,-7.18551635742187,-1.83411049842834,1.8021361829308502,5.733687607452589,2243141474
bf,-6.13726091384887,-1.10010373592376,2.2142884204739777,4.700597520482367,2243158141
bf,-6.59580039978027,-0.248016715049743,2.298807596963478,3.6986544955989697,2243174808
bf,-7.48056602478027,-0.708157956600189,2.017178413894467,2.8722443664262354,2243191475
bf,-7.80770301818847,-1.46228265762329,1.4638141222362495,2.318611411014167,2243208142
bf,-8.37090682983398,-2.6128966808319,0.8411862679063009,2.084670273547102,2243224809
bf,-8.87369537353515,-2.60038614273071,0.3937611832592863,2.1697599649055643,2243241476
bf,-9.73727321624755,-3.03305292129516,0.3251771192507221,2.5305043855224256,2243258143
bf,-10.2255783081054,-3.75459718704223,0.727409455098257,3.0874843956342346,2243274810
bf,-10.1883697509765,-4.35068321228027,1.5454945594716656,3.735672715802299,2243291477
bf,-10.1463384628295,-5.55194807052612,2.589676316834758,4.360025557720442,2243308144
bf,-10.1536846160888,-6.70816946029663,3.5915723223095064,4.854831744901071,2243324811
bf,-10.163251876831,-7.00365257263183,4.286207224844704,5.142579488659316,2243341478
bf,-10.3884706497192,-7.31105852127075,4.492683855021907,5.187340617164507,2243358145
bf,-10.9325990676879,-7.44540214538574,4.16676351663528,4.99932595420215,2243374812
bf,-11.6784048080444,-7.61454153060913,3.4088146700055018,4.629993458148694,2243391479
bf,-12.1934471130371,-7.65623998641967,2.4264250805204095,4.159412306535607,2243408146
bf,-12.6526279449462,-7.66073417663574,1.4662879263371518,3.678831367628504,2243424813
bf,-12.8946342468261,-7.11500072479248,0.7392588223610921,3.271656012042923,2243441480
bf,-12.9369430541992,-6.74638652801513,0.3629713643471049,2.995865071029798,2243458147
bf,-12.8579444885253,-6.52920150756835,0.3386786796880181,2.8708892142623834,2243474814
bf,-12.549838066101,-6.44445753097534,0.5662690548615122,2.8720877702631142,2243491481
bf,-12.1732578277587,-6.03717803955078,0.8883406100407497,2.9354299352161046,2243508148
bf,-12.0328788757324,-5.74222230911254,1.145553384061534,2.9730359189886615,2243524815
bf,-11.8323707580566,-5.36553430557251,1.2241957074702898,2.896919144221345,2243541482
bf,-11.3492774963378,-4.58838272094726,1.0826757628015828,2.644733445564386,2243558149
bf,-10.6996765136718,-3.9256567955017,0.7530004833948437,2.1994113680667664,2243574816
bf,-10.1944150924682,-3.31090712547302,0.3217413053390011,1.5958226878153023,2243591483
bf,-9.65997505187988,-2.36646127700805,-0.10037423298792261,0.9120215278183184,2243608150
bf,-9.15089511871337,-1.48580420017242,-0.41041192498068163,0.2483867496892867,2243624817
bf,-8.45875453948974,-1.04928147792816,-0.5386443458897169,-0.2978428807558278,2243641484
bf,-7.70449447631835,-1.03583443164825,-0.4622607846936444,-0.6544005468104619,2243658151
bf,-6.91007757186889,-1.39169704914093,-0.2057135148669765,-0.7865068517687445,2243674818
bf,-6.15723276138305,-1.7040901184082,0.17040065983292424,-0.6984550292179876,2243691485
bf,-5.44254493713378,-2.49935007095336,0.5873465131995379,-0.426274576181792,2243708152
bf,-4.91699838638305,-3.63464903831481,0.9675542177645132,-0.025546125611515924,2243724819
bf,-4.66685962677001,-4.79691505432128,1.2503335228484986,0.44116093836063264,2243741486
bf,-4.76776552200317,-6.17308521270751,1.4009277716135382,0.9136121290731198,2243758153
bf,-5.31402063369751,-7.8217978477478,1.4120212847060547,1.3381052970702065,2243774820
bf,-6.2278618812561,-9.48817920684814,1.29882743651922,1.666915104041589,2243791487
bf,-7.33002233505249,-11.2315063476562,1.0904239542758576,1.855502346854576,2243808154
bf,-8.76192283630371,-13.8094224929809,0.820854201662972,1.8611704500596744,2243824821
bf,-10.4472227096557,-17.1034317016601,0.5234203588498415,1.646552406841165,2243841488
bf,-12.3966369628906,-21.1467609405517,0.23027601210612633,1.189687237273456,2243858155
bf,-14.6794414520263,-25.6325035095214,-0.023110169958816804,0.49982882864520556,2243874822
bf,-17.4520664215087,-29.6032009124755,-0.1921265351161667,-0.36518822848915206,2243891489
bf,-20.7447299957275,-32.6758270263671,-0.22162082666632113,-1.2874376262353966,2243908156
bf,-24.879108428955,-35.5515670776367,-0.05473952126270011,-2.0920749848228155,2243924823
bf,-29.6906623840332,-36.5158576965332,0.3453825940897302,-2.5717120871959267,2243941490
bf,-34.2267227172851,-35.038516998291,0.9646790323670089,-2.5320841814020625,2243958157
bf,-37.8721580505371,-32.55855178833,1.709153933133166,-1.8506408949647433,2243974824
bf,-41.2139511108398,-30.3412437438964,2.3947500800541546,-0.5324994219399849,2243991491
bf,-42.8739891052246,-29.795238494873,2.772124632490143,1.2553687645507436,2244008158
bf,-42.523193359375,-30.4685821533203,2.5910974868510923,3.1896952988170186,2244024825
bf,-41.5358695983886,-30.7501716613769,1.6898386812156978,4.84676283129708,2244041492
bf,-40.0929718017578,-29.7778224945068,0.07581090064647909,5.8038061000176,2244058159
bf,-39.1644096374511,-27.9251556396484,-2.038495179667292,5.760977705172997,2244074826
bf,-39.6376037597656,-25.2949390411376,-4.267037331786495,4.643445626228619,2244091493
bf,-40.3767395019531,-21.4684600830078,-6.143974472419406,2.643577850586526,2244108160
bf,-40.0924644470214,-16.8509578704834,-7.249667861529913,0.18235658907219043,2244124827
bf,-38.4310760498046,-12.1555633544921,-7.327271156103352,-2.2010439155956845,2244141494
bf,-35.9448661804199,-8.21136093139648,-6.353342461147771,-3.995841556463701,2244158161
bf,-33.7305450439453,-6.25305700302124,-4.542995294587071,-4.854158331760094,2244174828
bf,-31.9466075897216,-5.88054227828979,-2.2911338608802128,-4.67123298766125,2244191495
bf,-30.0574398040771,-5.84332752227783,-0.0693050554883784,-3.5905575512723753,2244208162
bf,-28.1653079986572,-5.90844297409057,1.6915634443913508,-1.940404663141628,2244224829
bf,-26.7232856750488,-5.81630277633667,2.7004830082489835,-0.1293121056820202,2244241496
bf,-25.8405666351318,-5.0903615951538,2.8626943197551213,1.4642838583043616,2244258163
bf,-25.2394046783447,-4.05129861831665,2.281465080664454,2.578100427059161,2244274830
bf,-24.5350456237792,-2.87317061424255,1.210046062028336,3.10952393153214,2244291497
bf,-23.4168281555175,-1.56329977512359,-0.028225079726217794,3.1120195504529007,2244308164
bf,-22.1178131103515,-0.0276402812451124,-1.127160246942383,2.752322576310425,2244324831
bf,-20.7423210144042,1.4239078760147,-1.869028058573043,2.2454661575939694,2244341498
bf,-19.3324813842773,2.64040803909301,-2.1638701156977698,1.7884861934354832,2244358165
bf,-17.8875198364257,3.59357547760009,-2.0510703628723244,1.5111051449095787,2244374832
bf,-16.2290000915527,4.46788072586059,-1.667899402185641,1.4540703323296285,2244391499
bf,-14.6198577880859,5.28940677642822,-1.1977102142095297,1.576091201491102,2244408166
bf,-13.0523471832275,5.94548177719116,-0.8140402598319194,1.7819688210986369,2244424833
bf,-11.3935203552246,6.44561862945556,-0.6357163898996199,1.960156065508588,2244441500
bf,-9.84647560119628,6.56631183624267,-0.7031289046061512,2.0181966739595163,2244458167
bf,-8.43114280700683,6.47812986373901,-0.9788196431014042,1.9077221097403234,2244474834
bf,-7.13937044143676,6.18266582489013,-1.368472403176575,1.6347573426023663,2244491501
bf,-5.95283460617065,5.62716054916381,-1.7533695845361386,1.2547858037358868,2244508168
bf,-4.98570489883422,5.04128885269165,-2.0237254101413464,0.8552382331172689,2244524835
bf,-4.26493024826049,4.43720483779907,-2.10410767709014,0.5307798572206117,2244541502
bf,-3.77551341056823,3.54860782623291,-1.966352572165265,0.3583418990561049,2244558169
bf,-3.48123359680175,2.24409365653991,-1.6301494718169403,0.3783973289838575,2244574836
bf,-3.34001040458679,0.578887224197387,-1.1548496129865529,0.5863705004863161,2244591503
bf,-3.39682292938232,-1.46066737174987,-0.6268197879514855,0.9343959100741538,2244608170
bf,-3.62177610397338,-3.77815794944763,-0.14516592339029502,1.3406886273452037,2244624837
bf,-3.89675140380859,-6.32507181167602,0.1934119063266569,1.70287851569591,2244641504
bf,-4.23111152648925,-8.97842693328857,0.3107714384972871,1.9128464976948512,2244658171
bf,-4.74972295761108,-11.7759094238281,0.16386989978365188,1.8726708545218105,2244674838
bf,-5.61959505081176,-14.8382005691528,-0.24057962722639073,1.5124597522561196,2244691505
bf,-7.04435777664184,-18.1256141662597,-0.8371601874084225,0.8098553618237946,2244708172
bf,-9.06770324707031,-20.6206340789794,-1.5031230357534588,-0.19192750521972046,2244724839
bf,-11.5234928131103,-21.8913230895996,-2.074188529895865,-1.373808435277116,2244741506
bf,-14.2900686264038,-22.6573829650878,-2.376442921967373,-2.545805148232801,2244758173
bf,-17.2315158843994,-21.7964286804199,-2.2713655164320525,-3.4725901712366403,2244774840
bf,-19.8359050750732,-19.1787986755371,-1.7050477294623165,-3.919099311276106,2244791507
bf,-21.4903984069824,-16.3052291870117,-0.7472931332384175,-3.707609683276962,2244808174
bf,-22.4466075897216,-14.7045450210571,0.39601740384952844,-2.7710341737359423,2244824841
bf,-22.5664348602294,-14.5088148117065,1.410630919825961,-1.1856766610371354,2244841508
bf,-22.0684604644775,-14.8322563171386,1.9445831616753295,0.828322809718523,2244858175
bf,-21.0347595214843,-15.7732019424438,1.708526342497121,2.9413343115254293,2244874842
bf,-19.8396377563476,-16.8740406036376,0.5764506842724307,4.7762065937879035,2244891509
bf,-19.2340602874755,-17.1893844604492,-1.3496642933415035,5.983809443119145,2244908176
bf,-19.1220340728759,-17.1708183288574,-3.7398513624684075,6.31537764577813,2244924843
bf,-19.4085884094238,-16.3982963562011,-6.1076027934885975,5.676341137414304,2244941510
bf,-20.1008338928222,-14.8811702728271,-7.93317573688092,4.15066566102258,2244958177
bf,-21.0603065490722,-13.2693147659301,-8.800308599955313,1.9899480924900874,2244974844
bf,-21.7675914764404,-11.1950006484985,-8.50421834082076,-0.4329511891609444,2244991511
bf,-21.3181476593017,-9.42212963104248,-7.100086583286267,-2.698749029158903,2245008178
bf,-20.3021392822265,-8.502197265625,-4.881351893437174,-4.4291741274321765,2245024845
bf,-19.6873950958251,-7.72831392288208,-2.297838201340416,-5.3644612711440836,2245041512
bf,-19.7976627349853,-7.91805744171142,0.16109851596601774,-5.409315355877305,2245058179
bf,-20.3258819580078,-9.37110233306884,2.086074895493204,-4.635954795085437,2245074846
bf,-21.0217113494873,-12.268982887268,3.2383097515620975,-3.247955495499925,2245091513
bf,-21.5236492156982,-16.0293197631835,3.588246189347929,-1.5210738245072497,2245108180
bf,-21.7690639495849,-18.9239063262939,3.2942013868530755,0.25861535120615553,2245124847
bf,-22.5838432312011,-20.4903907775878,2.6314338225344254,1.8436293117749984,2245141514
bf,-23.490306854248,-21.1392135620117,1.8969418635704156,3.0548654361673178,2245158181
bf,-23.9299335479736,-21.6110286712646,1.3208914608200246,3.7943931499375254,2245174848
bf,-24.1128387451171,-22.7178897857666,1.0105597993144992,4.046427150852643,2245191515
bf,-24.668342590332,-23.9475727081298,0.9403341517492787,3.869734043802011,2245208182
bf,-24.9204673767089,-24.7332248687744,0.9861473456918598,3.3815529354547933,2245224849
bf,-25.2922325134277,-24.5695476531982,0.9886660380350688,2.732454239380228,2245241516
bf,-25.9427108764648,-23.8512458801269,0.8205872929461081,2.0744386669722323,2245258183
bf,-26.9060382843017,-22.8616313934326,0.4334565081201453,1.52890065296245,2245274850
bf,-27.7362937927246,-21.8793296813964,-0.1307596651902881,1.163444658599445,2245291517
bf,-28.0906028747558,-21.005464553833,-0.7630728020136134,0.9848072668850708,2245308184
bf,-28.0896091461181,-19.9799709320068,-1.3325477303724758,0.9498170458724401,2245324851
bf,-27.7845821380615,-18.8094139099121,-1.7337828411177665,0.989923564554837,2245341518
bf,-27.3049182891845,-17.3566226959228,-1.9193640275046855,1.0401516117193432,2245358185
bf,-26.7574787139892,-15.7254762649536,-1.9074611034614495,1.0621844207049849,2245374852
bf,-25.8593730926513,-14.2237548828125,-1.764988118450865,1.0539371932167168,2245391519
bf,-24.535436630249,-12.6799964904785,-1.5759048962482982,1.0433134756552176,2245408186
bf,-23.4890689849853,-10.5285558700561,-1.4085609471208613,1.0697872628441976,2245424853
bf,-22.8061275482177,-9.34224033355712,-1.2938094070625845,1.1617826696540143,2245441520
bf,-21.4441776275634,-8.44428730010986,-1.2190892690384416,1.318888641678112,2245458187
bf,-19.8356552124023,-7.41921615600585,-1.1373413013098896,1.5054312747541598,2245474854
bf,-18.7078437805175,-6.3092188835144,-0.9863445972530852,1.6571424819067675,2245491521
bf,-17.729507446289,-5.93572568893432,-0.7128895334613677,1.6979644485126735,2245508188
bf,-16.701187133789,-5.38335561752319,-0.2951057692025837,1.5614133392498775,2245524855
bf,-15.8600339889526,-5.05710315704345,0.24434176030141866,1.210722206972869,2245541522
bf,-15.2707958221435,-5.12573766708374,0.8394032953886562,0.6529696294639378,2245558189
bf,-14.7275867462158,-5.33557081222534,1.3961166551070783,-0.056486769001168224,2245574856
bf,-14.3659954071044,-5.81798505783081,1.816560529988876,-0.8214443922978828,2245591523
bf,-14.336443901062,-6.26284551620483,2.0225884245089794,-1.5237444717809747,2245608190
bf,-14.6823081970214,-7.08063793182373,1.9721869635485345,-2.0498853616434887,2245624857
bf,-15.3136119842529,-8.21137428283691,1.665587613660399,-2.318900165430266,2245641524
bf,-16.2976551055908,-9.78555488586425,1.1422110877952247,-2.3041033068920314,2245658191
bf,-17.4463653564453,-11.93443775177,0.47130897850719894,-2.042559717930255,2245674858
bf,-19.0069828033447,-14.6913442611694,-0.26073529694311354,-1.6291590389513657,2245691525
bf,-20.8461227416992,-17.8476104736328,-0.9636768416095748,-1.1961372256390241,2245708192
bf,-22.8871212005615,-21.0256900787353,-1.554561092506794,-0.8827825117087477,2245724859
bf,-25.1994800567626,-24.225694656372,-1.9647861804537312,-0.8028039398093327,2245741526
bf,-28.1096744537353,-27.4235000610351,-2.1429860380685377,-1.0173609298969442,2245758193
bf,-31.4544315338134,-31.1165657043457,-2.0559337201172236,-1.5196085083403634,2245774860
bf,-34.7232131958007,-34.1341361999511,-1.6907078455708364,-2.232730656368712,2245791527
bf,-37.9654922485351,-35.4015998840332,-1.060085451365657,-3.020044272887492,2245808194
bf,-41.6069564819335,-35.0765762329101,-0.21025756737886256,-3.7049672275670016,2245824861
bf,-45.1450424194335,-33.2160301208496,0.7724721027102782,-4.100245703486387,2245841528
bf,-48.0879478454589,-29.0217876434326,1.760085742284749,-4.046514961648671,2245858195
bf,-49.8168601989746,-23.4898948669433,2.590015034984381,-3.4563537148122903,2245874862
bf,-49.7481613159179,-20.9472026824951,3.0840237431736157,-2.352188266777029,2245891529
bf,-47.778995513916,-19.9163074493408,3.079951098121353,-0.881116828974711,2245908196
bf,-44.15767288208,-19.341115951538,2.4729022072953954,0.7061709836194373,2245924863
bf,-40.4076995849609,-18.8528423309326,1.2557171595216357,2.1115978122333754,2245941530
bf,-37.4560241699218,-17.5960750579834,-0.4563996686148605,3.064811112658684,2245958197
bf,-35.1464691162109,-15.6397294998168,-2.4306406306424497,3.3927646001993943,2245974864
bf,-33.8346710205078,-12.8046731948852,-4.3552277071501395,3.0620128477797617,2245991531
bf,-33.0171012878418,-9.02244758605957,-5.904050747865533,2.1828232337712965,2246008198
bf,-32.0063362121582,-5.05499076843261,-6.809794182711831,0.9772232297856487,2246024865
bf,-30.240421295166,-1.82612168788909,-6.9245143364775235,-0.27735141159686316,2246041532
bf,-28.1616096496582,1.81484615802764,-6.24983235760982,-1.3134736232426423,2246058199
bf,-25.9559249877929,5.35495042800903,-4.928296860575631,-1.9334026491860565,2246074866
bf,-23.5994338989257,7.43589401245117,-3.2007126569422693,-2.049898552409156,2246091533
bf,-21.2508277893066,8.30150890350341,-1.3460107674715236,-1.6977136137004443,2246108200
bf,-18.8459033966064,8.69120502471923,0.37547601907059946,-1.0116416424824817,2246124867
bf,-16.3024559020996,8.6141881942749,1.7599850859060493,-0.17765394926092656,2246141534
bf,-13.615831375122,8.21045112609863,2.675890064844024,0.6258721641031443,2246158201
bf,-10.9815549850463,8.07501983642578,3.0636424933149637,1.2759570469450472,2246174868
bf,-8.44832611083984,8.16079711914062,2.93003376606184,1.7266135557270723,2246191535
bf,-6.34939193725585,8.09229660034179,2.3423315868450927,2.0012070578805274,2246208202
bf,-4.90934467315673,7.79084253311157,1.421019511687548,2.1646821324980614,2246224869
bf,-3.72304129600524,7.17730808258056,0.3264525483035193,2.2906279353866963,2246241536
bf,-2.54006123542785,6.09841394424438,-0.7633267515393964,2.435757015075312,2246258203
bf,-1.54261004924774,4.60734558105468,-1.6815339898831463,2.6267234931033734,2246274870
bf,-1.0153225660324,2.62863278388977,-2.3021616159758147,2.8568722591248186,2246291537
bf,-0.878594398498535,0.644109070301055,-2.5624262680429295,3.0877131068536183,2246308204
bf,-0.802236914634704,-1.69295048713684,-2.4717457028471865,3.252173530285785,2246324871
bf,-0.715092599391937,-4.6403112411499,-2.104056770816766,3.2612886282145115,2246341538
bf,-0.683002233505249,-8.13824939727783,-1.5744774378036337,3.019123458827651,2246358205
bf,-0.837210416793823,-11.8190298080444,-1.0053700196041984,2.4495549003703556,2246374872
bf,-1.48263955116271,-15.6075410842895,-0.48995158282685236,1.5325448217424318,2246391539
bf,-2.69548606872558,-18.1937217712402,-0.06341256809478825,0.3390674876277241,2246408206
bf,-4.65463972091674,-20.01828956604,0.3083530282744992,-0.952326743308303,2246424873
bf,-7.43123149871826,-19.6474533081054,0.7149146642829497,-2.0730763828393677,2246441540
bf,-10.4479169845581,-17.9986724853515,1.2613021372302653,-2.721408502070443,2246458207
bf,-13.355167388916,-15.1960153579711,2.0104618442795927,-2.647184252866935,2246474874
bf,-14.8854894638061,-13.0222854614257,2.926892604330429,-1.7392519633470878,2246491541
bf,-15.4218463897705,-13.1313915252685,3.8462137063749844,-0.08401628456266814,2246508208
bf,-15.0277738571167,-14.5773744583129,4.492741096930592,2.029981872792345,2246524875
bf,-13.4129409790039,-16.2699794769287,4.552652861771431,4.169588349135563,2246541542
bf,-10.9750699996948,-17.892894744873,3.7858886817758477,5.862729342404428,2246558209
bf,-9.82471466064453,-18.6899604797363,2.1358766467636476,6.720776149030389,2246574876
bf,-9.99259376525878,-18.1963748931884,-0.21188281901042094,6.540127648029452,2246591543
bf,-10.7957363128662,-16.109956741333,-2.854265211034142,5.35263308254077,2246608210
bf,-11.8887310028076,-13.7965049743652,-5.274699199585591,3.4112534628747913,2246624877
bf,-12.8325338363647,-11.1916217803955,-6.9898170350434015,1.1175743900709125,2246641544
bf,-13.1418714523315,-8.79773044586181,-7.685966606402033,-1.0856653232096558,2246658211
bf,-13.0740909576416,-7.47954034805297,-7.300788825286683,-2.825758003519988,2246674878
bf,-12.8857488632202,-6.76164674758911,-6.028271735203547,-3.8848492155846155,2246691545
bf,-12.4870634078979,-6.82795333862304,-4.251908125301362,-4.237167189439222,2246708212
bf,-12.5459623336792,-7.85371208190918,-2.4304435117870122,-4.031401323071363,2246724879
bf,-13.568733215332,-9.08831691741943,-0.9708052591300599,-3.5266131493136808,2246741546
bf,-14.8018674850463,-10.1283988952636,-0.12360183537582066,-3.0028781245944174,2246758213
bf,-15.9498472213745,-11.4023103713989,0.07105779495722714,-2.6738441257842034,2246774880
bf,-17.0848674774169,-13.054741859436,-0.22522178188916944,-2.626081612908838,2246791547
bf,-18.2339076995849,-15.4550247192382,-0.7145335672870127,-2.800999421155345,2246808214
bf,-19.4954357147216,-18.0711479187011,-1.062132662056275,-3.0224123671897885,2246824881
bf,-21.036277770996,-20.2203922271728,-0.9997828664280478,-3.0600803029609627,2246841548
bf,-22.2286148071289,-22.0700454711914,-0.4049742698814682,-2.709894010459388,2246858215
bf,-23.4799709320068,-23.8773708343505,0.6632342038011497,-1.8672419742120026,2246874882
bf,-24.9289093017578,-25.3960056304931,1.9794009449405015,-0.5722144631595268,2246891549
bf,-26.6281013488769,-26.8321380615234,3.213331772599114,0.9873793418653917,2246908216
bf,-28.2389755249023,-27.7392425537109,4.022166397962944,2.5185638865873705,2246924883
bf,-29.6448650360107,-28.733694076538,4.1485940449062255,3.702255787517313,2246941550
bf,-30.660924911499,-29.0428943634033,3.4982016897843584,4.287270538298866,2246958217
bf,-31.6116142272949,-28.6024188995361,2.173499393088604,4.169148376866258,2246974884
bf,-32.6124839782714,-27.5086402893066,0.45348258202564673,3.424869357472866,2246991551
bf,-33.8241729736328,-25.7028369903564,-1.2769316852024577,2.2885566552379024,2247008218
bf,-34.9134140014648,-23.3841438293457,-2.6281427484382633,1.0757380179317841,2247024885
bf,-35.8031349182128,-21.20894241333,-3.3087271236556712,0.0841051135873253,2247041552
bf,-36.3544692993164,-19.6748714447021,-3.2002400546434617,-0.4930517265161004,2247058219
bf,-36.3886680603027,-18.3472270965576,-2.3827812927830303,-0.6118770558309812,2247074886
bf,-36.0164070129394,-17.1970157623291,-1.1051360051293517,-0.3708546392570279,2247091553
bf,-35.0953636169433,-15.7489099502563,0.28958848409066174,0.039225298283976404,2247108220
bf,-34.2319412231445,-14.2907524108886,1.4582792297156515,0.40618581719174257,2247124887
bf,-33.0778312683105,-12.7955360412597,2.142832497733367,0.563473958445699,2247141554
bf,-31.8058147430419,-11.1597633361816,2.2228789752632405,0.4338674934449593,2247158221
bf,-30.4184532165527,-9.64920425415039,1.7269867639107261,0.040240888753533564,2247174888
bf,-29.0727558135986,-8.14423561096191,0.807310316021051,-0.5153747970638357,2247191555
bf,-27.8161563873291,-6.88346290588378,-0.3086607030558587,-1.0939298705847453,2247208222
bf,-26.7158412933349,-5.96936464309692,-1.3739915527638158,-1.56695029584751,2247224889
bf,-25.7138328552246,-5.55316305160522,-2.173544257941311,-1.8540403153581602,2247241556
bf,-24.8434925079345,-5.38765811920166,-2.562317493817981,-1.939916318573209,2247258223
bf,-24.1418552398681,-5.4665822982788,-2.486004229488922,-1.8685507826291792,2247274890
bf,-23.600227355957,-5.75161123275756,-1.9820197008696496,-1.7196936251227097,2247291557
bf,-23.1485500335693,-6.05806732177734,-1.1628862521193504,-1.577860583635377,2247308224
bf,-22.9193363189697,-6.6137638092041,-0.18744495419419432,-1.5046546247910757,2247324891
bf,-22.9715671539306,-7.37249183654785,0.7726015419150425,-1.5224320794131043,2247341558
bf,-23.3025856018066,-8.3465461730957,1.563675685984186,-1.6125372739466803,2247358225
bf,-23.9555168151855,-9.47264003753662,2.0738629950570804,-1.7267350637835852,2247374892
bf,-24.8854389190673,-10.763614654541,2.2466326946449877,-1.807373022256772,2247391559
bf,-26.0067062377929,-12.6219511032104,2.0844784000223004,-1.8102261830831508,2247408226
bf,-27.2629299163818,-14.8909177780151,1.643637959950029,-1.7234710009203755,2247424893
bf,-28.7476387023925,-17.5096035003662,1.021951027843696,-1.5768056234074803,2247441560
bf,-30.5335178375244,-20.5318737030029,0.3422981417786877,-1.4368661394486992,2247458227
bf,-32.7533721923828,-23.4968452453613,-0.2661759664611407,-1.3889621622716877,2247474894
bf,-35.5128135681152,-26.7777099609375,-0.6874812235016511,-1.5096983075600883,2247491561
bf,-38.6474838256835,-30.7574520111084,-0.8375006921944032,-1.8380918419874532,2247508228
bf,-41.89497756958,-34.0024528503418,-0.6798699969474644,-2.352991021850077,2247524895
bf,-45.2808570861816,-35.6430358886718,-0.2356427538309097,-2.9630149129216905,2247541562
bf,-49.0084571838378,-35.7498512268066,0.41667689819008014,-3.513843204452021,2247558229
bf,-52.0310821533203,-32.9756126403808,1.1520049489448885,-3.816220007715024,2247574896
bf,-53.8182067871093,-27.9546031951904,1.8183151404730236,-3.693865289181109,2247591563
bf,-54.3944625854492,-23.862979888916,2.2605889948337916,-3.042257368192667,2247608230
bf,-53.544692993164,-22.0982856750488,2.3451127999577546,-1.8801374680280452,2247624897
bf,-51.4547233581543,-21.6221618652343,1.982480178100817,-0.37216484067271277,2247641564
bf,-47.8866539001464,-21.1726608276367,1.1485561134192694,1.1920065737421521,2247658231
bf,-44.5305252075195,-19.6177520751953,-0.09983036483973004,2.461896370170199,2247674898
bf,-41.6239318847656,-16.7953472137451,-1.6212453507310343,3.1172858902952,2247691565
bf,-39.3053436279296,-13.9512844085693,-3.204689356854401,2.959896761415513,2247708232
bf,-37.5998382568359,-10.7165355682373,-4.6042040273825195,1.9781925077945186,2247724899
bf,-35.8213844299316,-6.76015377044677,-5.586049967915318,0.3647868257422211,2247741566
bf,-33.4046325683593,-2.0023558139801,-5.97655953237919,-1.5214654458249557,2247758233
bf,-30.9219169616699,2.35148668289184,-5.698886558238172,-3.2412109995570257,2247774900
bf,-28.7895717620849,5.26286888122558,-4.790791667433166,-4.385888430083247,2247791567
bf,-26.4909381866455,6.69060897827148,-3.401074161786351,-4.6826797496583605,2247808234
bf,-23.6370792388916,7.71744728088378,-1.7667988221975488,-4.0614188084461675,2247824901
bf,-20.3504467010498,7.78233909606933,-0.1752269380132117,-2.6633663921979287,2247841568
bf,-17.3825874328613,7.48804664611816,1.085857554934581,-0.7914439204199198,2247858235
bf,-14.9556589126586,7.46799993515014,1.7847151712903297,1.178416371486987,2247874902
bf,-13.0957775115966,7.67290925979614,1.800012566844776,2.8933752650322173,2247891569
bf,-11.831015586853,7.82826709747314,1.1581503908508506,4.097440803265036,2247908236
bf,-10.4632015228271,7.97447490692138,0.03705278431619196,4.666341204884643,2247924903
bf,-8.83931350708007,8.13536357879638,-1.2730207362422048,4.604198348749963,2247941570
bf,-7.12243127822876,8.23390388488769,-2.4456700867386103,4.015199323634029,2247958237
bf,-5.49611091613769,7.98077201843261,-3.2087404004674025,3.066741033006153,2247974904
bf,-4.26983022689819,7.55827188491821,-3.417733849778429,1.955547844263699,2247991571
bf,-3.26140832901,7.24931526184082,-3.0871374904342637,0.8797628033621759,2248008238
bf,-2.36431980133056,6.96481895446777,-2.3719107593887023,0.013695060124909411,2248024905
bf,-1.6163135766983,6.3531265258789,-1.5102312068157635,-0.518321180374423,2248041572
bf,-1.05136275291442,5.22843933105468,-0.7500665301331744,-0.6669557288888919,2248058239
bf,-0.802903234958648,3.04977440834045,-0.2833236811035449,-0.47331281125255753,2248074906
bf,-0.92175155878067,0.0311744678765535,-0.20435446654346806,-0.06466259482771815,2248091573
bf,-1.11013662815094,-3.87624931335449,-0.4986017186944742,0.37437561395095764,2248108240
bf,-1.52414715290069,-8.02447319030761,-1.0567920531067596,0.6508468383858242,2248124907
bf,-2.73573637008667,-11.9011087417602,-1.7044728241642573,0.619891151788935,2248141574
bf,-4.7365550994873,-13.8441314697265,-2.2375264197383107,0.23166150149792886,2248158241
bf,-7.31424236297607,-14.9280500411987,-2.45937240555173,-0.4465776486327386,2248174908
bf,-10.2068367004394,-14.9416608810424,-2.2200478110280284,-1.2416111469094522,2248191575
bf,-13.0174360275268,-14.4882707595825,-1.4569738630517755,-1.917553952518021,2248208242
bf,-15.3924379348754,-12.8723230361938,-0.2312062458964649,-2.240960897771292,2248224909
bf,-17.0733394622802,-10.619252204895,1.2549341790988529,-2.0504978633626587,2248241576
bf,-18.1179122924804,-10.203179359436,2.6761300423029284,-1.3101480381937831,2248258243
bf,-18.2612323760986,-10.891580581665,3.648313780659854,-0.12710221093390045,2248274910
bf,-17.527868270874,-12.5987882614135,3.830907656767089,1.273884098320018,2248291577
bf,-16.4878005981445,-14.8581666946411,3.037322505279822,2.611690033705611,2248308244
bf,-16.1937847137451,-16.1044902801513,1.3114910413160006,3.6240969268335688,2248324911
bf,-16.4700584411621,-16.5424938201904,-1.0642641822755903,4.131731046791198,2248341578
bf,-17.2520942687988,-16.2943630218505,-3.638158732120186,4.071767775895711,2248358245
bf,-18.3121223449707,-15.515417098999,-5.911112183875229,3.495069838876276,2248374912
bf,-19.2601013183593,-14.5166473388671,-7.468651037186966,2.533289143898957,2248391579
bf,-19.9094772338867,-13.8809471130371,-8.079024672761633,1.3509855251038867,2248408246
bf,-20.02587890625,-13.7281627655029,-7.730544323528256,0.10010274662171714,2248424913
bf,-19.9206981658935,-13.7854824066162,-6.604560345564038,-1.109209063369681,2248441580
bf,-19.9001922607421,-14.0262441635131,-5.001023260830868,-2.2145528412777447,2248458247
bf,-19.9982585906982,-14.8143472671508,-3.245095044023474,-3.185735406270796,2248474914
bf,-20.541202545166,-15.8428783416748,-1.6043005958014018,-3.9970069463510267,2248491581
bf,-21.4934616088867,-17.5121402740478,-0.2382313317420725,-4.600806171067168,2248508248
bf,-22.7295455932617,-19.7446670532226,0.8097467984155523,-4.916606311314124,2248524915
bf,-24.2533454895019,-21.7780303955078,1.5832429915139334,-4.8433413986711535,2248541582
bf,-26.0861301422119,-23.1964168548584,2.161793409965121,-4.294484751113194,2248558249
bf,-28.2303256988525,-24.063003540039,2.6088163145890184,-3.243911779052537,2248574916
bf,-29.3046436309814,-24.9075870513916,2.936915196444603,-1.7631363956784996,2248591583
bf,-29.1697330474853,-25.6763153076171,3.1010204082707977,-0.03093518169034612,2248608250
bf,-28.8449268341064,-26.5301723480224,3.0203572296035115,1.6943965848119946,2248624917
bf,-29.0834617614746,-27.377908706665,2.6215647170211303,3.135312380552399,2248641584
bf,-29.3144798278808,-28.0522956848144,1.8882251334830875,4.06870492613636,2248658251
bf,-29.2148513793945,-27.5062160491943,0.8976252856694347,4.3862293604043305,2248674918
bf,-29.6813049316406,-26.3252964019775,-0.17376411786368695,4.1180825848895735,2248691585
bf,-30.6467208862304,-24.8591938018798,-1.086297614686673,3.4119005222927266,2248708252
bf,-31.4914722442626,-23.3104801177978,-1.6091228631219248,2.477749971606853,2248724919
bf,-31.9067039489746,-22.1705379486084,-1.6044999596788452,1.5236313344709356,2248741586
bf,-31.8756599426269,-21.1999111175537,-1.089616491161958,0.7062988233806777,2248758253
bf,-31.1253490447998,-20.0522308349609,-0.2450564576622039,0.11066600554455966,2248774920
bf,-29.9561710357666,-18.5098781585693,0.640347003107524,-0.24420932273475313,2248791587
bf,-29.0489902496337,-17.0929584503173,1.270067683909116,-0.38473246396632943,2248808254
bf,-28.4662742614746,-15.771819114685,1.4459045104402033,-0.3613658784154712,2248824921
bf,-27.7148742675781,-14.6489906311035,1.1363443281681709,-0.23399412499177907,2248841588
bf,-26.7572879791259,-13.8469591140747,0.4809911717918976,-0.06460707287986786,2248858255
bf,-25.6946945190429,-13.2704010009765,-0.2677451025645854,0.08657820881597304,2248874922
bf,-24.5642681121826,-12.6835193634033,-0.8398509669070696,0.16574885530019376,2248891589
bf,-23.3056087493896,-12.1122331619262,-1.0419523378181663,0.1326233457426644,2248908256
bf,-21.9854164123535,-11.7839832305908,-0.8164632381677482,-0.03129539362898523,2248924923
bf,-20.7400569915771,-11.6946125030517,-0.24788363809850664,-0.31675449722415666,2248941590
bf,-19.7050819396972,-11.7645387649536,0.47990192304414175,-0.6864664432113451,2248958257
bf,-19.0635433197021,-11.77232837677,1.1538280351815768,-1.0820021286062536,2248974924
bf,-18.9221801757812,-11.8649854660034,1.6010573502751715,-1.4368288770508104,2248991591
bf,-19.1152610778808,-12.5398197174072,1.734530265216886,-1.6925420200312118,2249008258
bf,-19.5182285308837,-13.3930959701538,1.56436358299574,-1.8145106972528053,2249024925
bf,-20.1770420074462,-14.6422691345214,1.1783012413923197,-1.8032968761368278,2249041592
bf,-21.06494140625,-16.3175449371337,0.703488823181955,-1.6989814200423483,2249058259
bf,-22.1338806152343,-18.5734767913818,0.2648267100051206,-1.5765637556630323,2249074926
bf,-23.4272270202636,-21.6606044769287,-0.046979309975239726,-1.5317052541987717,2249091593
bf,-25.0608081817626,-24.7321643829345,-0.18991616154012855,-1.6576791319715949,2249108260
bf,-27.1475772857666,-28.0438175201416,-0.1666206512617603,-2.017198445264043,2249124927
bf,-29.7751369476318,-32.0978126525878,-0.006834199970461568,-2.616316376604895,2249141594
bf,-33.010513305664,-35.7804832458496,0.25460829341234814,-3.3892460530887143,2249158261
bf,-36.7720603942871,-37.8308868408203,0.5943182805254348,-4.200371635994486,2249174928
bf,-40.6271820068359,-38.2399978637695,1.0038093546622127,-4.8642232865501445,2249191595
bf,-44.5416870117187,-37.0614585876464,1.4773427726869144,-5.179920075972494,2249208262
bf,-48.2041282653808,-32.8311233520507,1.9885427520355354,-4.975330625867165,2249224929
bf,-50.1966590881347,-27.514347076416,2.4668543325962067,-4.155056596349748,2249241596
bf,-50.3494987487793,-25.1692180633544,2.7881144244897245,-2.742421181356565,2249258263
bf,-48.8418273925781,-24.5147800445556,2.7904447549026803,-0.9012771873269287,2249274930
bf,-46.0101432800293,-24.2128734588623,2.31732002160484,1.0758580066016483,2249291597
bf,-41.9377975463867,-22.9464435577392,1.2770744179603826,2.8186759616844457,2249308264
bf,-38.6220512390136,-20.1359310150146,-0.30242403600810175,3.9614545031145494,2249324931
bf,-36.008934020996,-16.9041271209716,-2.2476888318567285,4.2370365651915884,2249341598
bf,-34.304100036621,-14.1809339523315,-4.257306128593145,3.555414827685441,2249358265
bf,-33.6321563720703,-10.648624420166,-5.962581556351577,2.041491435642825,2249374932
bf,-32.770767211914,-6.69600629806518,-7.015091091798679,0.017130279267559227,2249391599
bf,-30.1414928436279,-2.01736450195312,-7.176597204672156,-2.0710912932061856,2249408266
bf,-26.8247318267822,1.7551827430725,-6.3857613926655095,-3.7601767350279327,2249424933
bf,-24.6874122619628,4.25861501693725,-4.781581260802928,-4.684673705112177,2249441600
bf,-23.0977210998535,5.85783338546752,-2.675431134002936,-4.663001054175622,2249458267
bf,-21.018325805664,6.72788143157959,-0.4795920936854447,-3.7313143390207864,2249474934
bf,-18.3747730255126,6.74840068817138,1.3866141709567685,-2.1177930644919822,2249491601
bf,-15.7356595993042,6.58850479125976,2.5879081681239087,-0.17022930950432122,2249508268
bf,-13.2472171783447,6.69405269622802,2.941088546147122,1.7364774527567883,2249524935
bf,-11.3070821762084,7.03101348876953,2.448024532038653,3.284170704726241,2249541602
bf,-9.63332939147949,7.26893329620361,1.2886951066226888,4.266528765448735,2249558269
bf,-7.8710913658142,7.46089553833007,-0.22460899446591154,4.608992960673787,2249574936
bf,-5.93470287322998,7.64741468429565,-1.7235755580629621,4.358981309402825,2249591603
bf,-4.1847128868103,7.7125277519226,-2.873763404447213,3.657441746460729,2249608270
bf,-2.82794070243835,7.42600107192993,-3.454769235082014,2.7019653993785067,2249624937
bf,-1.8200911283493,7.03482294082641,-3.4076644081431247,1.7076399807474714,2249641604
bf,-0.864360690116882,6.68775796890258,-2.8359353623275694,0.8685492342113044,2249658271
bf,-0.0421562008559703,5.97857284545898,-1.961638122808409,0.32243816280081045,2249674938
bf,0.416910499334335,4.78102684020996,-1.0535009446469452,0.12304928337670452,2249691605
bf,0.614159286022186,2.88008093833923,-0.3513699329291246,0.22676816810128086,2249708272
bf,0.689232766628265,-0.0965896621346473,-0.008854768016623195,0.5001107088167522,2249724939
bf,0.447057127952575,-3.98035931587219,-0.06598364427980774,0.7510284809587423,2249741606
bf,-0.183716863393783,-8.17684555053711,-0.45199701247380647,0.7805172463984057,2249758273
bf,-1.32215881347656,-12.1191539764404,-1.0103965007705535,0.443485794153965,2249774940
bf,-3.46612691879272,-15.1639471054077,-1.5363303618708868,-0.2980128575652726,2249791607
bf,-6.57416534423828,-16.4962711334228,-1.8192954696083032,-1.3472526315223945,2249808274
bf,-10.0750350952148,-16.4528560638427,-1.6883682155300763,-2.483476217973819,2249824941
bf,-13.2116546630859,-15.58247756958,-1.0582651451268321,-3.411795758284067,2249841608
bf,-15.8072128295898,-13.8755712509155,0.030013323721551584,-3.8407560659502478,2249858275
bf,-17.5406017303466,-10.786111831665,1.3880676291501208,-3.5667521317084097,2249874942
bf,-18.354694366455,-9.40036392211914,2.696808182561628,-2.540837104094534,2249891609
bf,-17.8023929595947,-9.78679752349853,3.5724764950302386,-0.8962712104796582,2249908276
bf,-16.2995471954345,-11.517554283142,3.674144606960795,1.0743219658912844,2249924943
bf,-14.6193046569824,-14.2662696838378,2.8208358019471147,2.986934652524358,2249941610
bf,-13.9344425201416,-16.0917987823486,1.0722208136231461,4.45865606909563,2249958277
bf,-13.9675226211547,-16.1197128295898,-1.265507204426278,5.196892764959314,2249974944
bf,-14.7015933990478,-14.4081392288208,-3.7181207867918373,5.06104507980221,2249991611
bf,-15.6682662963867,-12.8816833496093,-5.780260232268017,4.083650783652791,2250008278
bf,-16.4919700622558,-11.1487016677856,-7.061156973424094,2.4513494410339187,2250024945
bf,-16.7268009185791,-9.07306003570556,-7.388160272545034,0.4557364776125135,2250041612
bf,-16.160982131958,-8.14375114440918,-6.835969248967001,-1.571741072932102,2250058279
bf,-15.2826118469238,-7.86858654022216,-5.678314329192941,-3.3262552108263317,2250074946
bf,-14.4764413833618,-7.93144607543945,-4.285001557262561,-4.583880290477434,2250091613
bf,-14.5325078964233,-8.81850814819336,-3.0018633474526593,-5.232869329429277,2250108280
bf,-15.6138830184936,-10.0641250610351,-2.0520076152643334,-5.2765625280104205,2250124947
bf,-16.8141021728515,-11.0089874267578,-1.4865070376564897,-4.8102106372104965,2250141614
bf,-17.9069328308105,-13.7291469573974,-1.1954866950980352,-3.9813497109786535,2250158281
bf,-18.8492012023925,-16.8993034362792,-0.9710777204260507,-2.947279606665171,2250174948
bf,-19.6960487365722,-19.1988086700439,-0.5977424026034498,-1.8419189180655329,2250191615
bf,-20.5810985565185,-21.5199756622314,0.061260462650369496,-0.759011803441792,2250208282
bf,-20.95458984375,-23.8502826690673,1.0081859224847396,0.24753951309294986,2250224949
bf,-21.3366641998291,-25.9077777862548,2.1010982412860915,1.1502733352670487,2250241616
bf,-21.9356746673584,-27.1325721740722,3.091991067081125,1.9288624217864856,2250258283
bf,-22.5054950714111,-28.05419921875,3.702551942502342,2.5535926023320306,2250274950
bf,-23.1605987548828,-28.4707584381103,3.716835845271385,2.9795973882514364,2250291617
bf,-23.9782943725585,-28.9903354644775,3.0623560362511175,3.1558959660367365,2250308284
bf,-24.6672592163085,-29.0600109100341,1.8506271502305212,3.046461048320242,2250324951
bf,-25.5892791748046,-28.4428768157959,0.35892945780877905,2.653602089501571,2250341618
bf,-26.5069961547851,-27.1798038482666,-1.0448652267155414,2.031237207324902,2250358285
bf,-27.1529827117919,-25.292516708374,-2.011360655473748,1.2797445995658037,2250374952
bf,-27.5541400909423,-23.6056175231933,-2.316639413638329,0.5231416195946849,2250391619
bf,-27.9236736297607,-21.5418338775634,-1.9315017435445947,-0.1220316870821105,2250408286
bf,-28.1128845214843,-19.5731678009033,-1.0294719408397484,-0.5735117051368732,2250424953
bf,-27.9406394958496,-17.3815879821777,0.07038170589619848,-0.7966270711915583,2250441620
bf,-27.4748229980468,-15.170934677124,1.008364090038545,-0.8023223153698222,2250458287
bf,-26.923168182373,-13.2591762542724,1.5018118326598202,-0.6347303772826641,2250474954
bf,-26.3638381958007,-11.8511114120483,1.4336497980854457,-0.35564923828350714,2250491621
bf,-25.7530574798584,-10.4679069519042,0.879555631696601,-0.031387266354437934,2250508288
bf,-24.8383274078369,-9.23471736907959,0.06610802560637502,0.2763140197081788,2250524955
bf,-23.806282043457,-8.12455081939697,-0.719175831376576,0.5162261249589079,2250541622
bf,-22.7390003204345,-7.0635175704956,-1.227646864499829,0.6517665591588008,2250558289
bf,-21.6525192260742,-6.07483959197998,-1.3225540101624789,0.6635619086611441,2250574956
bf,-20.6279506683349,-5.31359052658081,-1.0051950404462775,0.54973352740298,2250591623
bf,-19.7198734283447,-4.87751531600952,-0.3945364459358083,0.3233327358391859,2250608290
bf,-18.99338722229,-4.75340509414672,0.3243317124906904,0.00745978445544121,2250624957
bf,-18.5271682739257,-4.95683622360229,0.9615650198934211,-0.37016044434769474,2250641624
bf,-18.4647274017334,-5.37989950180053,1.3743519392410084,-0.7810153636294797,2250658291
bf,-18.7327823638916,-6.05594062805175,1.4965381465085568,-1.1969997201060842,2250674958
bf,-19.1695079803466,-6.8411226272583,1.342177356080261,-1.5899082443984787,2250691625
bf,-19.7473850250244,-7.86402130126953,0.9870578962839128,-1.9316498283075543,2250708292
bf,-20.4923839569091,-9.12104606628418,0.5375691751036927,-2.1973449835943475,2250724959
bf,-21.4285373687744,-10.4792070388793,0.09793542905946823,-2.3714427043701396,2250741626
bf,-22.5617542266845,-12.1332826614379,-0.2549234852616216,-2.4544890416941825,2250758293
bf,-23.8753414154052,-14.4404716491699,-0.4835455105642206,-2.4669035709905325,2250774960
bf,-25.4650020599365,-17.2485733032226,-0.5881504539279442,-2.446986415342686,2250791627
bf,-27.4330329895019,-20.1024284362792,-0.5937960145206521,-2.4429359496798515,2250808294
bf,-29.8520450592041,-22.863634109497,-0.5320418995882058,-2.5014478018990554,2250824961
bf,-32.7904663085937,-26.224853515625,-0.42402759791884836,-2.656719843683688,2250841628
bf,-36.1490173339843,-29.7826347351074,-0.271361590774468,-2.9222620525090415,2250858295
bf,-39.5424194335937,-32.9488983154296,-0.05857468393842856,-3.284753097992715,2250874962
bf,-42.818546295166,-34.4895248413085,0.2333210701594933,-3.6977523797432865,2250891629
bf,-46.6007003784179,-34.3205757141113,0.6068274167494148,-4.076345120069808,2250908296
bf,-49.8012924194335,-32.5266914367675,1.0287566183204344,-4.2998367627249,2250924963
bf,-51.2254066467285,-28.1031856536865,1.4194424956688827,-4.2317150720854775,2250941630
bf,-50.95654296875,-23.2708377838134,1.656449940782585,-3.7592947452483654,2250958297
bf,-49.1423187255859,-20.1937236785888,1.5959413617414486,-2.842733897531523,2250974964
bf,-46.2234458923339,-19.0990142822265,1.1104304587979255,-1.5536126862569284,2250991631
bf,-42.5479621887207,-18.5877285003662,0.13529344843527533,-0.08384998565688234,2251008298
bf,-39.6336288452148,-17.6838722229003,-1.2905078887550978,1.2844615542456872,2251024965
bf,-36.8850364685058,-16.0702972412109,-3.007001384750276,2.244279964666487,2251041632
bf,-34.642593383789,-13.5419178009033,-4.751219475563248,2.5476196295685685,2251058299
bf,-33.4532585144043,-9.90010929107666,-6.210053528535271,2.084015531332978,2251074966
bf,-32.3405952453613,-5.45978546142578,-7.093698143162535,0.9278117669814333,2251091633
bf,-30.0627117156982,-1.04162240028381,-7.207436886421731,-0.664471153167658,2251108300
bf,-27.4833126068115,3.67419147491455,-6.499905162088308,-2.3112042945897153,2251124967
bf,-25.341064453125,6.90017795562744,-5.0743307325837375,-3.603576615104091,2251141634
bf,-22.8890762329101,8.3648624420166,-3.162758666537896,-4.21493658284689,2251158301
bf,-20.0137042999267,9.30261611938476,-1.0758401370995962,-3.9858931005403533,2251174968
bf,-16.8822479248046,9.27014541625976,0.8544992664461216,-2.9576156591366276,2251191635
bf,-13.9545259475708,8.69189834594726,2.327191908407342,-1.3456335213170458,2251208302
bf,-11.0892581939697,8.44041156768798,3.1157451171918624,0.5314288525403381,2251224969
bf,-8.77893829345703,8.2910099029541,3.104884713140739,2.3399185806073493,2251241636
bf,-7.12272262573242,7.91404914855957,2.3175064476139564,3.8073380012091538,2251258303
bf,-5.53184175491333,7.47454309463501,0.9216742253396344,4.768397682627475,2251274970
bf,-3.95148611068725,7.03401184082031,-0.7942078959282364,5.1768443164020015,2251291637
bf,-2.50016474723815,6.55809307098388,-2.480257857321546,5.0899274690034595,2251308304
bf,-1.24909949302673,5.75403356552124,-3.8041807768064153,4.636761652343977,2251324971
bf,-0.219195023179054,4.64848184585571,-4.525458713939853,3.9804684416207,2251341638
bf,0.609386444091796,3.40133953094482,-4.54110946236197,3.2803623846386976,2251358305
bf,1.30323445796966,1.95705223083496,-3.8924241354454123,2.658219169015392,2251374972
bf,1.81953060626983,0.164280250668525,-2.737785773785242,2.1731584099328844,2251391639
bf,2.16294169425964,-2.10389876365661,-1.3061937830416248,1.811189732993088,2251408306
bf,2.33516907691955,-4.8242506980896,0.15360111988215416,1.4949625243916018,2251424973
bf,2.37164425849914,-8.02784252166748,1.419029836630937,1.1149040378846622,2251441640
bf,2.22191882133483,-11.5493001937866,2.330910568817902,0.5755011918352769,2251458307
bf,1.43833363056182,-14.8275299072265,2.819778515661895,-0.1570714320028543,2251474974
bf,-0.0726347640156745,-16.9705219268798,2.9173560857625445,-1.0235814008209156,2251491641
bf,-2.03315663337707,-17.7983989715576,2.7474235752340253,-1.8710016913375638,2251508308
bf,-4.41524600982666,-19.0527915954589,2.4924660651925565,-2.486128621981126,2251524975
bf,-6.86745119094848,-19.8608207702636,2.3396185494925685,-2.6537877063670674,2251541642
bf,-8.93957138061523,-19.3116283416748,2.4190726949620087,-2.2209633261988406,2251558309
bf,-10.6107845306396,-17.532413482666,2.7552932300120485,-1.1477357937237322,2251574976
bf,-12.0139379501342,-16.1188011169433,3.2511794184868212,0.46855043660447754,2251591643
bf,-12.656699180603,-16.0294132232666,3.7153414368057005,2.4019835627373354,2251608310
bf,-12.333604812622,-17.0890178680419,3.9256329301997637,4.337797296497229,2251624977
bf,-11.1133403778076,-18.9406986236572,3.7060782462517836,5.933666036814196,2251641644
bf,-9.60075855255127,-20.4339599609375,2.988393289476791,6.888272002549907,2251658311
bf,-8.56946754455566,-20.6654815673828,1.8365790123529557,7.002363465934446,2251674978
bf,-8.09847545623779,-19.7756080627441,0.4286189530589092,6.220404288538682,2251691645
bf,-8.38197612762451,-18.5448417663574,-0.9952490082940553,4.644972309006533,2251708312
bf,-9.40635108947753,-16.7210025787353,-2.1987521331518334,2.52039851728064,2251724979
bf,-10.9358768463134,-14.5036849975585,-3.009398707248554,0.18716803977611118,2251741646
bf,-12.0818357467651,-12.8720598220825,-3.3554870270623307,-1.9853299139710385,2251758313
bf,-12.4514875411987,-11.6556577682495,-3.272774752617161,-3.6738894678146767,2251774980
bf,-12.7392330169677,-11.3006649017333,-2.8834021525580207,-4.666622235094684,2251791647
bf,-13.407320022583,-11.8683805465698,-2.3572442589578526,-4.901456576138978,2251808314
bf,-14.5384063720703,-12.7337379455566,-1.8683913520735176,-4.468459071508994,2251824981
bf,-15.9644165039062,-14.0720529556274,-1.557228415768092,-3.5771667360983495,2251841648
bf,-17.4313030242919,-15.2166299819946,-1.5040367057515105,-2.499826958319202,2251858315
bf,-18.7895183563232,-16.1356296539306,-1.7158719474773518,-1.5063932397803343,2251874982
bf,-19.8256492614746,-17.3848686218261,-2.1262517436713426,-0.8065687635160086,2251891649
bf,-20.3976421356201,-19.2391948699951,-2.6068551005273726,-0.5099474030228827,2251908316
bf,-21.0466918945312,-21.1364440917968,-2.990639213698644,-0.6099615093614029,2251924983
bf,-22.1091442108154,-23.101577758789,-3.1049349724838535,-0.9928063720818,2251941650
bf,-23.4647827148437,-24.6873054504394,-2.8106986591056087,-1.469263702530575,2251958317
bf,-25.0669937133789,-26.3301620483398,-2.041128644980181,-1.8244178230709003,2251974984
bf,-26.7832317352294,-27.115421295166,-0.8307870729327983,-1.8762734072457128,2251991651
bf,-28.355728149414,-27.8008651733398,0.6738328422873278,-1.5294875771389043,2252008318
bf,-29.4324874877929,-28.7862110137939,2.2293180789112266,-0.8077930465300545,2252024985
bf,-29.8348064422607,-29.474660873413,3.5384432040699227,0.14791909470020206,2252041652
bf,-30.4318389892578,-29.843463897705,4.316724016090568,1.1185265363933996,2252058319
bf,-30.550329208374,-29.9877986907959,4.368635116729691,1.8718212679101673,2252074986
bf,-30.6415405273437,-30.2027988433837,3.6516155243730215,2.2328748391988005,2252091653
bf,-31.0302906036376,-29.8964614868164,2.3041777329995985,2.136319951451197,2252108320
bf,-31.5286655426025,-28.8768100738525,0.6228767144444952,1.6435089321839231,2252124987
bf,-31.8155307769775,-26.9800548553466,-1.0101180737342939,0.9196550627542013,2252141654
bf,-32.0678482055664,-25.0269050598144,-2.2288740896596253,0.1797787688055558,2252158321
bf,-32.3183250427246,-23.416597366333,-2.7835697135443183,-0.37728144022856197,2252174988
bf,-32.4661598205566,-21.8641147613525,-2.606722037554751,-0.624630123176408,2252191655
bf,-32.1094856262207,-20.2724151611328,-1.8247720393231517,-0.5364972336102964,2252208322
bf,-31.4464645385742,-18.8397102355957,-0.7119183329207448,-0.18549063868803026,2252224989
bf,-30.5868473052978,-17.5606498718261,0.3978700948365348,0.2869643898420806,2252241656
bf,-29.7076835632324,-16.2952995300292,1.211325285936144,0.7154098985151536,2252258323
bf,-28.8249073028564,-14.8512630462646,1.5566855294763668,0.9564887774827963,2252274990
bf,-28.0212459564209,-13.4762859344482,1.4211620569349306,0.9238110643099283,2252291657
bf,-27.3022193908691,-12.141411781311,0.9371731834531478,0.6035030186323017,2252308324
bf,-26.7463245391845,-11.027829170227,0.32623216248660636,0.04911848041390619,2252324991
bf,-26.1020317077636,-10.2520389556884,-0.1782221313306332,-0.6391393723586428,2252341658
bf,-25.2604179382324,-9.71677112579345,-0.4028786142124412,-1.34254014154145,2252358325
bf,-24.2657165527343,-9.42930316925048,-0.2791268264221916,-1.9509651815224138,2252374992
bf,-23.3472576141357,-9.40682983398437,0.1508837344064385,-2.383105780753075,2252391659
bf,-22.6607856750488,-9.41884803771972,0.7631231521703936,-2.5970018245617728,2252408326
bf,-22.216775894165,-9.50841331481933,1.4001600215637433,-2.591132038581285,2252424993
bf,-21.9384517669677,-9.81993579864502,1.9197155584051062,-2.398211019613519,2252441660
bf,-21.885326385498,-10.5586471557617,2.227860366933918,-2.074700131481718,2252458327
bf,-22.1120681762695,-11.7141981124877,2.2904858655539,-1.689097865296135,2252474994
bf,-22.6359977722167,-13.0644655227661,2.125813044358334,-1.3116241448025696,2252491661
bf,-23.4741382598876,-14.6360387802124,1.7862234365765088,-1.0069699425993526,2252508328
bf,-24.4944324493408,-16.7626552581787,1.3386345554403696,-0.8302762129513094,2252524995
bf,-25.6491203308105,-19.5092658996582,0.8502245646582229,-0.8247021555634414,2252541662
bf,-27.0427093505859,-22.9582405090332,0.3824192884602842,-1.0177769021082943,2252558329
bf,-29.0659770965576,-26.4849948883056,-0.007909453492250073,-1.4144386510268259,2252574996
bf,-31.689546585083,-30.0465660095214,-0.2642560898163062,-1.987513083130235,2252591663
bf,-34.9796676635742,-34.4418830871582,-0.3290979174438449,-2.6697099540243157,2252608330
bf,-38.4635696411132,-37.3434295654296,-0.15022857199524192,-3.352507082259017,2252624997
bf,-41.9090461730957,-38.4630088806152,0.30382285766290856,-3.8956457312481767,2252641664
bf,-45.8960723876953,-37.9422645568847,1.0228650175813454,-4.148004483528477,2252658331
bf,-49.5325813293457,-34.9334144592285,1.9361878536865347,-3.978193903289783,2252674998
bf,-51.5840759277343,-29.3669624328613,2.9045661622251298,-3.31080832661644,2252691665
bf,-52.0417671203613,-25.8695812225341,3.730123743459543,-2.160471011682118,2252708332
bf,-50.9312477111816,-24.0088729858398,4.187125149377243,-0.6520902712811535,2252724999
bf,-48.3023147583007,-22.9547214508056,4.071183243645854,0.9839431054048067,2252741666
bf,-43.8578033447265,-21.4697856903076,3.257258765214025,2.446932113271011,2252758333
bf,-39.8245697021484,-19.4797229766845,1.7500286262736953,3.4276227865047733,2252775000
bf,-36.6981811523437,-16.9193630218505,-0.2918010630342372,3.6837871543996457,2252791667
bf,-34.4663009643554,-13.7842664718627,-2.5694340790230648,3.110353638090134,2252808334
bf,-33.2633171081543,-10.1740942001342,-4.69620952078423,1.7828202399934066,2252825001
bf,-32.1893501281738,-5.79820537567138,-6.2765726777693915,-0.04274051953719312,2252841668
bf,-30.1235294342041,-1.40388488769531,-6.993562437282723,-1.9787613357047027,2252858335
bf,-27.2658977508544,2.22596478462219,-6.684555281462248,-3.5953780355433267,2252875002
bf,-25.0319900512695,4.3832049369812,-5.386802488260725,-4.5270286052350315,2252891669
bf,-23.1501541137695,5.75382089614868,-3.3405328776653618,-4.565813346872329,2252908336
bf,-20.6182689666748,6.2787127494812,-0.9471310574826192,-3.7127649200814816,2252925003
bf,-17.587646484375,6.20688199996948,1.3104769384659571,-2.1706168936036954,2252941670
bf,-14.525351524353,5.95610189437866,2.970975157161407,-0.2810863950392804,2252958337
bf,-11.8557968139648,5.77948522567749,3.7012561064635934,1.5716259751356498,2252975004
bf,-9.88512802124023,5.71447420120239,3.3809183698751135,3.0594037327895904,2252991671
bf,-8.46171760559082,5.81247282028198,2.1379043368532313,3.981385094224917,2253008338
bf,-7.19326782226562,5.97526216506958,0.3177369666111055,4.290650879944157,2253025005
bf,-5.70786714553833,5.85421848297119,-1.610491128711819,4.076051238987856,2253041672
bf,-4.11398267745971,5.46255207061767,-3.1838860709530024,3.5131597225405033,2253058339
bf,-2.6110520362854,4.65432500839233,-4.068402747042927,2.8051156302342606,2253075006
bf,-1.35306417942047,3.67182874679565,-4.134213441591584,2.1316221727463867,2253091673
bf,-0.514655768871307,2.47595191001892,-3.4638692441803154,1.615616747694958,2253108340
bf,0.0267818756401538,0.82168710231781,-2.300481451310451,1.3080466382933318,2253125007
bf,0.242689162492752,-0.794096112251281,-0.9630742721536483,1.1866915332208012,2253141674
bf,0.316297233104705,-2.96907782554626,0.23953085141441743,1.165963131641286,2253158341
bf,0.240407794713974,-6.42075586318969,1.0745608162338447,1.1179294457460887,2253175008
bf,-0.149194851517677,-10.9139547348022,1.4234118307175976,0.9058852449709783,2253191675
bf,-0.944517314434051,-15.447319984436,1.2944350252471104,0.4279680724202021,2253208342
bf,-2.57632493972778,-19.8219947814941,0.8147762197114489,-0.3390835240884513,2253225009
bf,-5.24781417846679,-22.3130912780761,0.20271080766420876,-1.3121116188793487,2253241676
bf,-8.64017105102539,-22.2367572784423,-0.2803371402055877,-2.305269315201472,2253258343
bf,-12.4386339187622,-21.4026851654052,-0.3962640864700132,-3.071458488207996,2253275010
bf,-15.8654232025146,-19.1948356628417,-0.005348170960314438,-3.372378045668525,2253291677
bf,-18.0973930358886,-16.1821193695068,0.8702281941451318,-3.054576673897835,2253308344
bf,-19.214651107788,-15.3447608947753,2.0208854265184293,-2.1043418033222956,2253325011
bf,-19.1808414459228,-15.7183761596679,3.0844773127328855,-0.6611016640198268,2253341678
bf,-17.684455871582,-16.9136753082275,3.645264640678186,1.015680189286143,2253358345
bf,-15.5504741668701,-18.7333126068115,3.3720969338971893,2.614051012787134,2253375012
bf,-14.4828462600708,-20.2285556793212,2.145772641141787,3.8481329427742677,2253391679
bf,-14.379355430603,-20.8376102447509,0.12155632049161243,4.52286214156734,2253408346
bf,-14.6177644729614,-20.2189788818359,-2.303121374137361,4.567456461233085,2253425013
bf,-15.1470499038696,-17.9278202056884,-4.605423800191808,4.032237136911182,2253441680
bf,-15.7282419204711,-16.0002574920654,-6.293595689680251,3.0556896670875537,2253458347
bf,-16.103588104248,-14.3813924789428,-7.046256517498096,1.8168646079652622,2253475014
bf,-16.0244712829589,-13.547001838684,-6.789386885716321,0.4896289310450564,2253491681
bf,-15.2538175582885,-13.039433479309,-5.692625586288922,-0.7892924749701392,2253508348
bf,-14.8409900665283,-13.2370443344116,-4.095569151201312,-1.9333338818440884,2253525015
bf,-15.1796054840087,-14.0630903244018,-2.3956056992887023,-2.900833444267674,2253541682
bf,-16.1363658905029,-15.299069404602,-0.9361162127601824,-3.6763400276464764,2253558349
bf,-17.240831375122,-15.950961112976,0.07195041404727484,-4.246322821572525,2253575016
bf,-18.3096160888671,-16.7455730438232,0.5772346939566146,-4.578962054679442,2253591683
bf,-19.5895709991455,-18.2137794494628,0.6649601665331237,-4.617536457021694,2253608350
bf,-21.1325321197509,-18.6653575897216,0.501011400913869,-4.293512744388604,2253625017
bf,-22.9202976226806,-19.3104953765869,0.26732499329516796,-3.558190533567531,2253641684
bf,-23.8925151824951,-19.9506759643554,0.10897163237011612,-2.422354780235123,2253658351
bf,-24.6166610717773,-21.2165660858154,0.10328542787293754,-0.9862373389069617,2253675018
bf,-25.5391101837158,-22.4954814910888,0.25208905210637716,0.5578883319476065,2253691685
bf,-26.7236862182617,-23.9538669586181,0.49306633129033534,1.95906210562597,2253708352
bf,-27.741491317749,-24.7770881652832,0.724818270195646,2.9704849151351302,2253725019
bf,-28.3801021575927,-24.6055374145507,0.8396465348495519,3.421282226036804,2253741686
bf,-28.7771415710449,-24.0252037048339,0.7572263484365528,3.270402428381915,2253758353
bf,-29.4669017791748,-22.6265773773193,0.45139595848765973,2.6210981515091007,2253775020
bf,-30.2353458404541,-20.8671817779541,-0.03737650967176583,1.689286988820985,2253791687
bf,-30.9267444610595,-19.5578174591064,-0.6086548967077111,0.7370806111706759,2253808354
bf,-31.7277317047119,-18.5189552307128,-1.1277538361838413,-0.004201191742117619,2253825021
bf,-32.7891883850097,-17.2093029022216,-1.4644809478662817,-0.3947801056010399,2253841688
bf,-33.3768768310546,-15.9815196990966,-1.5337168761165347,-0.41258803116199505,2253858355
bf,-33.0489425659179,-14.8873891830444,-1.3243798435867147,-0.140952049924874,2253875022
bf,-32.1241149902343,-13.6462182998657,-0.9055202336530215,0.2723242264775955,2253891689
bf,-30.8680152893066,-12.4599437713623,-0.4052822293740858,0.6666731534180963,2253908356
bf,-29.4915962219238,-11.5445108413696,0.03149025799205928,0.9133731879508211,2253925023
bf,-28.1034431457519,-10.5157871246337,0.2920789013124767,0.9414958607266778,2253941690
bf,-26.7874488830566,-9.65532207489013,0.33260585205956905,0.7425348644123919,2253958357
bf,-25.4479427337646,-9.07749652862548,0.18861257543539311,0.3583994811090215,2253975024
bf,-23.9690055847167,-8.53502941131591,-0.043474214356369674,-0.1391203043504358,2253991691
bf,-22.3480358123779,-8.18740081787109,-0.24490145870490718,-0.6697397716897635,2254008358
bf,-20.7465457916259,-8.04164123535156,-0.3171162109768635,-1.1618606885208649,2254025025
bf,-19.4284553527832,-7.98120784759521,-0.2129340684372891,-1.563376452848317,2254041692
bf,-18.3392868041992,-7.95932102203369,0.05254148246144438,-1.8460104209374377,2254058359
bf,-17.4766578674316,-8.10460472106933,0.4120439809931649,-2.004364681459483,2254075026
bf,-16.8933696746826,-8.62894821166992,0.7715116482414579,-2.051657038010507,2254091693
bf,-16.7131061553955,-9.65767574310302,1.0411804611852533,-2.0144533687733337,2254108360
bf,-16.9798984527587,-10.9960660934448,1.162204914375927,-1.9282506596907318,2254125027
bf,-17.6606292724609,-12.4326944351196,1.1207178766465538,-1.834534142553025,2254141694
bf,-18.6539249420166,-14.1165189743042,0.9457954807505119,-1.7785530399546479,2254158361
bf,-19.8072452545166,-16.2852401733398,0.6937536345663073,-1.8063122147824802,2254175028
bf,-21.1091613769531,-18.9180355072021,0.4263384264282963,-1.9594174465768486,2254191695
bf,-22.6116313934326,-21.8221282958984,0.19218331187436977,-2.2672031688392433,2254208362
bf,-24.5340042114257,-24.4370422363281,0.018397909988079768,-2.7368204340538407,2254225029
bf,-27.0866928100585,-27.7718124389648,-0.08631383879240018,-3.3435215568992445,2254241696
bf,-30.279577255249,-31.9253025054931,-0.12114271943936465,-4.024475089968772,2254258363
bf,-33.9737663269043,-35.2514953613281,-0.08235563310163471,-4.678949314751525,2254275030
bf,-37.5592575073242,-37.0924644470214,0.04134216834963063,-5.175917592174553,2254291697
bf,-41.0527763366699,-37.1594543457031,0.26404171351506855,-5.369219580481247,2254308364
bf,-45.0544319152832,-35.2498130798339,0.5894868842313276,-5.121298692298527,2254325031
bf,-48.1313171386718,-30.4211101531982,0.9942744240491893,-4.336401696658955,2254341698
bf,-49.6011848449707,-26.7665119171142,1.414258130106741,-2.999372114253154,2254358365
bf,-49.4373168945312,-25.1216259002685,1.7413450129661627,-1.2081115437948449,2254375032
bf,-47.6125259399414,-24.5912628173828,1.8365424315907721,0.8169113018479078,2254391699
bf,-44.4717559814453,-24.3642578125,1.5614999323808587,2.7584341477947842,2254408366
bf,-40.2415390014648,-23.6159896850585,0.823769269729503,4.263530848912972,2254425033
bf,-36.5389595031738,-20.9878120422363,-0.37791154863984494,5.026172423569132,2254441700
bf,-33.5967636108398,-17.4155235290527,-1.9271210833151726,4.867875942691883,2254458367
bf,-31.7992572784423,-13.7536392211914,-3.5967035131464002,3.791851877390991,2254475034
bf,-30.8422107696533,-10.1511297225952,-5.091430507623604,1.9933174591489855,2254491701
bf,-29.367576599121,-5.68015003204345,-6.115114446752529,-0.17849351325069687,2254508368
bf,-26.5264682769775,-0.655476868152618,-6.442658377008645,-2.2971882924328257,2254525035
bf,-24.0314979553222,2.6226327419281,-5.976483503363457,-3.9545490581577774,2254541702
bf,-22.1802463531494,4.02344369888305,-4.7724487092388355,-4.848893547917076,2254558369
bf,-19.935733795166,5.185142993927,-3.0307891293338343,-4.843751157680702,2254575036
bf,-17.2885570526123,5.59363603591918,-1.0577430503249028,-3.9840614186492855,2254591703
bf,-14.6364622116088,5.37954473495483,0.7919985520756718,-2.4703211388931687,2254608370
bf,-12.0534124374389,5.3039903640747,2.182894221368246,-0.6025080849271672,2254625037
bf,-10.0655107498168,5.21856021881103,2.8676419785906297,1.2884167980577657,2254641704
bf,-8.7792100906372,5.12815618515014,2.7451824513597747,2.904078150755059,2254658371
bf,-7.48160314559936,5.18141078948974,1.8899288221320312,4.025506205780462,2254675038
bf,-5.98262882232666,5.31752634048461,0.5364482719575171,4.538967462332761,2254691705
bf,-4.59376764297485,5.27035331726074,-0.9829072700095558,4.442537327845156,2254708372
bf,-3.27473068237304,5.00975227355957,-2.330223093606432,3.837018353939345,2254725039
bf,-2.30244779586792,4.5339970588684,-3.2522677136613476,2.9031417692564254,2254741706
bf,-1.47200620174407,4.00655794143676,-3.6368627843055292,1.8653687392138834,2254758373
bf,-0.763189733028411,3.28100085258483,-3.518530263168489,0.9445599986862178,2254775040
bf,-0.258725404739379,1.97258806228637,-3.0383382560035486,0.3072765198297065,2254791707
bf,0.036356832832098,0.0944869667291641,-2.379747315146036,0.02485270136840289,2254808374
bf,0.148027673363685,-2.87730741500854,-1.706575393357062,0.056543091816908614,2254825041
bf,0.214980542659759,-7.4831953048706,-1.1213537573414727,0.26614938478885075,2254841708
bf,-0.17176353931427,-12.7113780975341,-0.6495516624131031,0.4714275910223415,2254858375
bf,-1.07684898376464,-17.8317756652832,-0.24568173602816043,0.5132034385518969,2254875042
bf,-2.91684770584106,-21.3365688323974,0.18519939116233106,0.3211026914617744,2254891709
bf,-5.95019388198852,-22.1020679473876,0.7548956736344961,-0.04967262173964479,2254908376
bf,-9.70370960235595,-21.8920154571533,1.5508892450100282,-0.4278445844486599,2254925043
bf,-13.3839559555053,-21.0089855194091,2.5913720055438034,-0.5820399284373743,2254941710
bf,-15.8076496124267,-18.6120128631591,3.787549177624373,-0.3046847496160795,2254958377
bf,-17.0941562652587,-17.3398838043212,4.930427334186749,0.5064961811598412,2254975044
bf,-17.200059890747,-16.9120922088623,5.719094737189789,1.7991813550124809,2254991711
bf,-15.4703550338745,-16.9865036010742,5.8359687109551,3.366669206385362,2255008378
bf,-12.9059896469116,-18.1431350708007,5.052810245030014,4.895970802055769,2255025045
bf,-11.5774068832397,-19.975902557373,3.3299294346946637,6.045570818699806,2255041712
bf,-11.5920286178588,-21.3480834960937,0.8650559758561147,6.527573725786881,2255058379
bf,-12.1931142807006,-20.4738693237304,-1.9345986612301356,6.172216920941392,2255075046
bf,-12.9036264419555,-17.7479934692382,-4.551781657484732,4.962008670487612,2255091713
bf,-13.3497314453125,-15.1148481369018,-6.49627055219108,3.0328450092597734,2255108380
bf,-13.1060228347778,-12.8929977416992,-7.433717845456937,0.6468183995032285,2255125047
bf,-12.5291776657104,-10.5978698730468,-7.266694476794204,-1.8552610584792493,2255141714
bf,-12.0791912078857,-8.30660915374755,-6.146741425538376,-4.113175595620357,2255158381
bf,-11.8115615844726,-6.96563148498535,-4.418841246658758,-5.809759726200814,2255175048
bf,-11.8287477493286,-6.87049293518066,-2.5195211747269917,-6.726400174006038,2255191715
bf,-12.2131223678588,-7.00686025619506,-0.8613629931135905,-6.78045728831888,2255208382
bf,-12.6351327896118,-8.21866416931152,0.2626607248996609,-6.035742031420149,2255225049
bf,-13.1949462890625,-10.607174873352,0.7310530731305792,-4.683248920221384,2255241716
bf,-14.0989999771118,-12.9972524642944,0.5936022653814598,-2.9967598879728397,2255258383
bf,-15.1610784530639,-14.71515750885,0.02735318011843209,-1.2738350339792561,2255275050
bf,-16.621467590332,-15.5617885589599,-0.7312194808776391,0.22405784395957573,2255291717
bf,-18.1401195526123,-15.5368347167968,-1.4542095244237525,1.3182524299691922,2255308384
bf,-19.1921691894531,-15.8054065704345,-1.9718249221905009,1.935992907114855,2255325051
bf,-19.9374275207519,-16.0976638793945,-2.1952768694829707,2.1070359822411864,2255341718
bf,-21.0139064788818,-16.0824451446533,-2.1154406178462377,1.939152151696086,2255358385
bf,-22.1651039123535,-15.4933805465698,-1.7861406077480655,1.58224499221268,2255375052
bf,-23.4416065216064,-14.7928714752197,-1.3016363736843353,1.18987775720998,2255391719
bf,-24.6703090667724,-14.3202924728393,-0.7744792293728389,0.8845146125097657,2255408386
bf,-25.9226760864257,-14.3569431304931,-0.31551623362461056,0.7323903372886887,2255425053
bf,-27.7775211334228,-14.5347843170166,-0.015271053716735698,0.7344966366226424,2255441720
bf,-29.7051086425781,-14.5687646865844,0.0734686960461666,0.8376057297465227,2255458387
bf,-31.3941650390625,-14.3524780273437,-0.051023113167150164,0.9621634463367258,2255475054
bf,-32.8635864257812,-13.7977895736694,-0.33591292258209554,1.0360565048675094,2255491721
bf,-34.121898651123,-12.8327322006225,-0.6852318676265806,1.020242022625631,2255508388
bf,-34.9493675231933,-11.4657106399536,-0.9859828365594302,0.9164347758804936,2255525055
bf,-35.6785469055175,-10.0022573471069,-1.141423661196392,0.7560862793728401,2255541722
bf,-35.8322563171386,-8.82651996612548,-1.0996119399721407,0.5785728780833538,2255558389
bf,-35.3333740234375,-7.74115276336669,-0.8666200959922857,0.41031809954107995,2255575056
bf,-34.5109176635742,-6.77985286712646,-0.5001409540938706,0.2542600250953379,2255591723
bf,-33.5395393371582,-6.04964113235473,-0.0873466635183704,0.0928602010637766,2255608390
bf,-32.4151420593261,-5.30102205276489,0.2831213550944209,-0.09863790582433402,2255625057
bf,-31.2517700195312,-4.64105510711669,0.5444272035248325,-0.3360060220322545,2255641724
bf,-29.6265258789062,-4.07930088043212,0.6641315039108803,-0.614610330835223,2255658391
bf,-27.8916034698486,-3.77660250663757,0.6463902893005546,-0.9076058324054262,2255675058
bf,-26.2838497161865,-3.62691974639892,0.5272216314777517,-1.1739340873756792,2255691725
bf,-24.8291492462158,-3.90498876571655,0.3653578682597118,-1.3722886680627402,2255708392
bf,-23.6367225646972,-4.53644180297851,0.22928449535943804,-1.4755291777862625,2255725059
bf,-22.6982421875,-5.27647733688354,0.1813290252744467,-1.4806913463597526,2255741726
bf,-21.9811725616455,-6.11595678329467,0.2618345866611663,-1.4116901841833076,2255758393
bf,-21.5760993957519,-7.12251949310302,0.47795918320921305,-1.3141414755382146,2255775060
bf,-21.5606117248535,-8.32843399047851,0.8007475129055998,-1.2439799100573452,2255791727
bf,-21.8841323852539,-9.89073944091796,1.1712621278268625,-1.2532931499511328,2255808394
bf,-22.5110054016113,-11.9043807983398,1.5135404782003459,-1.3774943447327848,2255825061
bf,-23.3620109558105,-14.4768476486206,1.7506795227554868,-1.6273620864702656,2255841728
bf,-24.4397792816162,-17.6089992523193,1.8208603538420987,-1.987837010197029,2255858395
bf,-25.9294033050537,-20.7451229095459,1.6914660804700992,-2.4234067987231094,2255875062
bf,-28.0467071533203,-23.9092235565185,1.3699665246120405,-2.888061281567289,2255891729
bf,-30.7301788330078,-27.314805984497,0.9094082636967917,-3.336409653855512,2255908396
bf,-34.2019577026367,-31.1702861785888,0.4053016105819869,-3.7317273175686796,2255925063
bf,-38.2468910217285,-34.6375579833984,-0.018850802392885783,-4.047175077156429,2255941730
bf,-42.0373611450195,-36.201862335205,-0.23743024389457115,-4.259327755852938,2255958397
bf,-46.4129753112793,-36.2083206176757,-0.15578992084160967,-4.338065676756677,2255975064
bf,-51.1236457824707,-34.4581871032714,0.25761796894635436,-4.2408897150329,2255991731
bf,-54.119529724121,-30.5361785888671,0.949905129732934,-3.9193294899555586,2256008398
bf,-55.3584442138671,-26.9566402435302,1.7812275446305044,-3.3393450263067166,2256025065
bf,-54.6237678527832,-24.3285312652587,2.5446018286415084,-2.5091594026605857,2256041732
bf,-52.2863693237304,-22.6136016845703,3.0061322470437926,-1.501621866830772,2256058399
bf,-48.1725883483886,-21.6245594024658,2.9583476379829454,-0.45783346854568646,2256075066
bf,-43.6481399536132,-19.7826099395751,2.2745523708373443,0.4351269761067875,2256091733
bf,-40.0787696838378,-16.7481937408447,0.9496897577946369,0.9896624969231079,2256108400
bf,-37.4341964721679,-13.3165216445922,-0.884296055544062,1.073919045672326,2256125067
bf,-35.7699317932128,-9.98866748809814,-2.973345530146939,0.6604005688726438,2256141734
bf,-34.5709686279296,-5.73578071594238,-4.983062239451214,-0.1517370855356471,2256158401
bf,-32.6796951293945,-2.44687414169311,-6.559075154721598,-1.1525790388136812,2256175068
bf,-29.6160907745361,0.214658722281456,-7.395708454664646,-2.0744029572940583,2256191735
bf,-26.7669811248779,2.47955298423767,-7.30109417088043,-2.66592253458043,2256208402
bf,-24.810447692871,4.16156339645385,-6.245423766011275,-2.7627415684673853,2256225069
bf,-23.1478843688964,5.23519086837768,-4.380267484997434,-2.3299883877282004,2256241736
bf,-21.4982891082763,5.92323350906372,-2.0219484956020977,-1.464247824976999,2256258403
bf,-19.7314853668212,6.10556697845459,0.4011561646290589,-0.35775947991278934,2256275070
bf,-16.8836994171142,6.37887382507324,2.4309250501858966,0.7590577178575074,2256291737
bf,-13.89093875885,6.94525146484375,3.6781203014555532,1.6759339420705617,2256308404
bf,-11.8264951705932,7.47009515762329,3.916024081990954,2.245595007237265,2256325071
bf,-10.2070341110229,7.9152774810791,3.141756536305203,2.4046186190214596,2256341738
bf,-8.21203231811523,8.20827770233154,1.5809667528088136,2.1747462801275237,2256358405
bf,-6.38143587112426,7.87228822708129,-0.37237546718967424,1.650688551571303,2256375072
bf,-5.34183025360107,7.18660831451416,-2.2654268993375326,0.9788006096110125,2256391739
bf,-4.56375646591186,6.42614364624023,-3.7096108487022503,0.3280022597704873,2256408406
bf,-3.81795072555542,5.34958982467651,-4.47647898708236,-0.14602809578370907,2256425073
bf,-3.1210446357727,3.84741520881652,-4.536903103721584,-0.3390692655955792,2256441740
bf,-2.66027092933654,1.4910569190979,-4.036792256929,-0.23009886454136136,2256458407
bf,-2.51613187789917,-1.80239450931549,-3.225312244024272,0.1045274924538411,2256475074
bf,-2.54298639297485,-5.44377040863037,-2.3649321969794053,0.503085993385516,2256491741
bf,-2.79416942596435,-9.6650333404541,-1.653064580760377,0.7585084407407282,2256508408
bf,-3.47202134132385,-13.6647787094116,-1.1756406359516196,0.6792299855812424,2256525075
bf,-4.73537683486938,-17.1034812927246,-0.8996962561780266,0.15509130400087429,2256541742
bf,-7.02036809921264,-19.0146865844726,-0.7004503348329703,-0.7925752856714776,2256558409
bf,-10.4449892044067,-19.6181144714355,-0.4117555641929291,-1.9959515959382057,2256575076
bf,-14.4141750335693,-18.61470413208,0.11257401135731124,-3.1705290271594757,2256591743
bf,-17.7785873413085,-17.0423374176025,0.9382415420397121,-3.9848703099380747,2256608410
bf,-20.0700168609619,-14.0817260742187,2.003571819822716,-4.152174123845273,2256625077
bf,-21.3558502197265,-12.4467897415161,3.1027780367936875,-3.5179327631935386,2256641744
bf,-21.5636539459228,-11.9740171432495,3.916544364182571,-2.1174614352947834,2256658411
bf,-20.0303325653076,-12.8558044433593,4.096372345080397,-0.18390836483448986,2256675078
bf,-17.909158706665,-15.4767217636108,3.3853587136915095,1.8988157474632237,2256691745
bf,-17.0668354034423,-17.4578876495361,1.7322760755018163,3.686802413307684,2256708412
bf,-17.47700881958,-17.9370746612548,-0.65290695679765,4.785772645463212,2256725079
bf,-18.1649475097656,-17.3400135040283,-3.33412495642588,4.949454121493108,2256741746
bf,-18.8134117126464,-15.5262699127197,-5.76721177234666,4.140114000359785,2256758413
bf,-19.3159122467041,-12.8495960235595,-7.456538429596879,2.535151450478672,2256775080
bf,-19.1072559356689,-10.1089000701904,-8.092295057669915,0.47829510361886013,2256791747
bf,-18.3764019012451,-8.80228424072265,-7.623023094659001,-1.6108204749721438,2256808414
bf,-17.2738895416259,-8.45628070831298,-6.246677885641713,-3.343060102376384,2256825081
bf,-16.6920871734619,-8.54974555969238,-4.333321159274781,-4.4516866842750265,2256841748
bf,-16.5920352935791,-9.43756675720214,-2.3119549001455706,-4.843761796814905,2256858415
bf,-17.0299491882324,-10.3670177459716,-0.5588935787041466,-4.598450213152968,2256875082
bf,-17.8799705505371,-11.6682558059692,0.6820593549375007,-3.91755108132137,2256891749
bf,-18.9280700683593,-13.1641216278076,1.3314080015005079,-3.0488084213699884,2256908416
bf,-19.6721649169921,-14.9616060256958,1.4576795454711038,-2.208930081409311,2256925083
bf,-20.1049308776855,-16.8356380462646,1.2268753029121693,-1.5294681690850298,2256941750
bf,-20.5710144042968,-17.7098579406738,0.8388857814686911,-1.038326879772382,2256958417
bf,-21.8893566131591,-18.0461139678955,0.4709627386717381,-0.6776200761878114,2256975084
bf,-22.9986686706542,-18.4768295288085,0.24050415083103568,-0.3483397389928229,2256991751
bf,-23.3195819854736,-19.034797668457,0.18990227694005216,0.03464757243263521,2257008418
bf,-23.5664749145507,-19.9983539581298,0.28992357074546354,0.49671318252273733,2257025085
bf,-24.060354232788,-21.1809883117675,0.456540325383564,0.9841612479415716,2257041752
bf,-24.9805564880371,-22.5891780853271,0.5771865502150747,1.3808564486629054,2257058419
bf,-25.3675498962402,-23.4074268341064,0.5429962782567892,1.5563775475907942,2257075086
bf,-25.7792930603027,-23.308084487915,0.28224317318580733,1.426654235788192,2257091753
bf,-26.1693401336669,-22.2909202575683,-0.21243132191318206,1.0003019994007885,2257108420
bf,-27.0799407958984,-20.5711460113525,-0.8721985996197309,0.38857448186406573,2257125087
bf,-28.5755729675292,-19.1350116729736,-1.5630484510905538,-0.2272137746924572,2257141754
bf,-29.7190647125244,-18.1296100616455,-2.1202748874371427,-0.6576403580725243,2257158421
bf,-30.2719554901123,-17.4287242889404,-2.3973369318988236,-0.7706057821884149,2257175088
bf,-30.2540874481201,-16.8194007873535,-2.3123758380370147,-0.5342423248551894,2257191755
bf,-29.7119884490966,-16.2411880493164,-1.8751303918341535,-0.02273067390924513,2257208422
bf,-28.7921714782714,-15.4300346374511,-1.1844403033082536,0.6134556532754365,2257225089
bf,-27.6848449707031,-14.4161615371704,-0.3981385754668731,1.1984481976486379,2257241756
bf,-26.3879203796386,-13.2516393661499,0.3128942073927188,1.5834330025190229,2257258423
bf,-24.8695945739746,-11.8840579986572,0.8105089780457834,1.6838124340939216,2257275090
bf,-23.4709758758544,-10.5789670944213,1.0210468176972392,1.492097432933558,2257291757
bf,-22.0366497039794,-9.44529342651367,0.9457190030890554,1.0667799798505013,2257308424
bf,-20.403657913208,-8.40824604034423,0.6500290284931873,0.5048345642664698,2257325091
bf,-18.9580154418945,-7.60791206359863,0.23877980507204372,-0.09088079006419579,2257341758
bf,-17.4236640930175,-6.9775333404541,-0.17418537997073977,-0.6386416817722074,2257358425
bf,-16.073335647583,-6.60585403442382,-0.49324231907140914,-1.0924654546624675,2257375092
bf,-15.0171327590942,-6.57903528213501,-0.6597708681337743,-1.4427541589201984,2257391759
bf,-14.335389137268,-6.71851396560668,-0.659978555622806,-1.7060709754089403,2257408426
bf,-14.0044984817504,-6.92252540588378,-0.5216728523486562,-1.9097688171704463,2257425093
bf,-13.916895866394,-7.33387565612793,-0.3017803537140679,-2.07742904671521,2257441760
bf,-14.10888671875,-8.11388301849365,-0.06808087436126105,-2.2195080016971422,2257458427
bf,-14.7376413345336,-9.19754886627197,0.12002474183143604,-2.3312256842593504,2257475094
bf,-15.7048301696777,-10.4533634185791,0.22650447151698155,-2.3974441472232595,2257491761
bf,-16.9152202606201,-11.9662361145019,0.24549686308242147,-2.4025160484717385,2257508428
bf,-18.3058052062988,-13.9945755004882,0.1987923484821269,-2.341924546592872,2257525095
bf,-19.9000434875488,-16.4247035980224,0.12603095382736607,-2.231971423783439,2257541762
bf,-21.7792835235595,-19.227632522583,0.07164997017217895,-2.1137884632345174,2257558429
bf,-23.9968681335449,-22.0217304229736,0.0726940176775768,-2.048741402480716,2257575096
bf,-26.7446537017822,-25.1747112274169,0.15019890611960227,-2.104311904452939,2257591763
bf,-30.0684566497802,-29.4182529449462,0.30510983214773807,-2.3325800018067016,2257608430
bf,-33.5767784118652,-33.272102355957,0.5186124523649451,-2.7461689878268634,2257625097
bf,-37.2409362792968,-35.5513267517089,0.7565529817555826,-3.2981277222043035,2257641764
bf,-41.271011352539,-35.8693161010742,0.9774226417376639,-3.873347889397447,2257658431
bf,-45.2284049987793,-34.2491111755371,1.1420311872566522,-4.2995449512243935,2257675098
bf,-47.9649353027343,-30.2235565185546,1.2208902169719564,-4.382769155915754,2257691765
bf,-49.4098014831543,-26.5607776641845,1.1950416599637759,-3.963526823841517,2257708432
bf,-48.9204711914062,-24.6106510162353,1.0497835452710218,-2.9777332520420536,2257725099
bf,-46.9239425659179,-23.0234794616699,0.7667316631864016,-1.4995607419015569,2257741766
bf,-43.5953178405761,-22.0807170867919,0.3226896326308899,0.2532180810385172,2257758433
bf,-39.8871307373046,-19.9793663024902,-0.2998358956712007,1.958004473920076,2257775100
bf,-36.639045715332,-18.1352081298828,-1.0939417970017087,3.2619796926349345,2257791767
bf,-33.9435234069824,-16.0979709625244,-2.0114401444191325,3.873409145163853,2257808434
bf,-32.1568641662597,-12.8339023590087,-2.957409854670909,3.645320307271308,2257825101
bf,-31.1089267730712,-8.6825942993164,-3.799697085963622,2.626980669176586,2257841768
bf,-29.3479328155517,-3.37166500091552,-4.390583357004343,1.0640438464493425,2257858435
bf,-26.1710033416748,0.457386285066604,-4.595283215553546,-0.6585422929324573,2257875102
bf,-23.0020656585693,2.69558644294738,-4.322269310650639,-2.1172443204270475,2257891769
bf,-20.9392433166503,4.84084606170654,-3.55091783410151,-2.963071190727949,2257908436
bf,-19.0349693298339,6.37021827697753,-2.3513283108382064,-3.010354530484251,2257925103
bf,-17.073579788208,6.51409196853637,-0.8897959222903317,-2.2741913440142834,2257941770
bf,-15.2913303375244,6.4013385772705,0.5872432363323097,-0.9492254162971103,2257958437
bf,-12.6630535125732,6.48613357543945,1.7953432869565822,0.657249445637526,2257975104
bf,-10.0296754837036,6.64349508285522,2.476617993345884,2.2118216872222654,2257991771
bf,-8.60604286193847,7.10430669784545,2.4709566171233153,3.4333369697834524,2258008438
bf,-7.62666702270507,7.64981174468994,1.7689060845114866,4.143935471900026,2258025105
bf,-6.32467174530029,8.04989910125732,0.5230324944123118,4.286999100935482,2258041772
bf,-5.01762247085571,7.98913240432739,-0.990613468331026,3.917498257136481,2258058439
bf,-4.0122537612915,7.5853271484375,-2.4484436575633555,3.1750689335928506,2258075106
bf,-3.3060278892517,6.87323427200317,-3.5649103852677095,2.249054944804025,2258091773
bf,-2.73149275779724,6.13387393951416,-4.158269837768591,1.3412148597221825,2258108440
bf,-2.12837314605712,5.22365760803222,-4.178537765917999,0.6292716294011813,2258125107
bf,-1.64315378665924,3.82980060577392,-3.696536789334539,0.23435732417564428,2258141774
bf,-1.28435707092285,2.21267795562744,-2.866161811053909,0.19681229145882875,2258158441
bf,-0.988754093647003,-0.0931645631790161,-1.8765935387802295,0.4657941395441643,2258175108
bf,-0.739515960216522,-3.10913395881652,-0.9082093494574848,0.9072299661161591,2258191775
bf,-0.649368107318878,-6.52657508850097,-0.09985069444499295,1.3315887156910409,2258208442
bf,-0.823091447353363,-10.6087570190429,0.47019345668754126,1.5384850002878985,2258225109
bf,-1.47405004501342,-14.6738128662109,0.7901947434082419,1.3700545005540232,2258241776
bf,-3.05478596687316,-18.131155014038,0.9097781181894695,0.7603732207287064,2258258443
bf,-5.56740760803222,-20.2351093292236,0.9250087234994319,-0.23390727879561488,2258275110
bf,-8.24302864074707,-21.6841087341308,0.9543738836045831,-1.4334378025436902,2258291777
bf,-10.8479576110839,-22.1413078308105,1.106124023893397,-2.5698760097280595,2258308444
bf,-13.3797788619995,-20.6843090057373,1.4398751599902293,-3.3467595804951196,2258325111
bf,-15.1722593307495,-17.372631072998,1.9309473686442384,-3.513619201630884,2258341778
bf,-16.1696548461914,-14.5686349868774,2.452144308619957,-2.935689913718086,2258358445
bf,-16.3886814117431,-13.4776353836059,2.7891878801724777,-1.6405718301058667,2258375112
bf,-15.5595483779907,-13.8302841186523,2.6975958936414504,0.17369847902867805,2258391779
bf,-14.1330518722534,-15.5343465805053,1.9903644389614088,2.1753246734389644,2258408446
bf,-12.8862476348876,-17.2954902648925,0.6256337522654473,3.9726273057007075,2258425113
bf,-12.3427600860595,-17.8793926239013,-1.2451130410914504,5.205415789503121,2258441780
bf,-12.1745529174804,-17.3262023925781,-3.296059305631384,5.6286197511079195,2258458447
bf,-12.2711963653564,-15.6843185424804,-5.112915631689595,5.165618098359608,2258475114
bf,-12.4276685714721,-13.4019594192504,-6.315699399709552,3.918210508901309,2258491781
bf,-12.6026678085327,-10.9175939559936,-6.672817937709928,2.133090253945291,2258508448
bf,-12.6994104385375,-9.54382133483886,-6.16562521364442,0.13652372823777248,2258525115
bf,-12.6270627975463,-8.92473316192627,-4.98385483403069,-1.7438624872949169,2258541782
bf,-12.5466709136962,-8.84106349945068,-3.4590826519623024,-3.249890693529697,2258558449
bf,-12.3905973434448,-9.3398265838623,-1.963679801834437,-4.239454699965583,2258575116
bf,-12.5675964355468,-10.1640138626098,-0.809623110282706,-4.699153051314293,2258591783
bf,-13.510305404663,-11.1064081192016,-0.1757541500155059,-4.722242478630268,2258608450
bf,-14.7293128967285,-11.3632917404174,-0.07922315900683634,-4.460692457223552,2258625117
bf,-16.0019798278808,-11.6836490631103,-0.3925719817398186,-4.067331126226738,2258641784
bf,-17.1894073486328,-13.487265586853,-0.8958453455672943,-3.646398756005396,2258658451
bf,-18.0809803009033,-15.2300548553466,-1.3456274552527163,-3.2272212493090304,2258675118
bf,-18.738914489746,-16.3226127624511,-1.5414060852194542,-2.767623117864133,2258691785
bf,-19.5918178558349,-17.331335067749,-1.3737565115656036,-2.184301323386821,2258708452
bf,-20.239667892456,-18.3940887451171,-0.8459215731616467,-1.3995739046627367,2258725119
bf,-21.1349143981933,-19.6858749389648,-0.06721014125005649,-0.38901092309700025,2258741786
bf,-22.1211223602294,-21.1058864593505,0.7783047043061793,0.786919951119544,2258758453
bf,-23.0904636383056,-22.661994934082,1.480392452547531,1.9806466949054449,2258775120
bf,-24.0102710723876,-23.8943481445312,1.8576797601045714,2.9891480037109552,2258791787
bf,-25.0855598449707,-24.5204181671142,1.8060675264217099,3.6113270578756604,2258808454
bf,-26.1645202636718,-24.7027053833007,1.3284504566619644,3.712066333528817,2258825121
bf,-27.1996612548828,-24.015604019165,0.5377381732053319,3.2700472984495588,2258841788
bf,-28.2478103637695,-23.2019062042236,-0.3688070864117801,2.3917189601839843,2258858455
bf,-29.6618900299072,-22.4968433380126,-1.159196238085239,1.2861652267104424,2258875122
bf,-31.1041736602783,-21.030382156372,-1.628913724677904,0.2097684017255246,2258891789
bf,-31.8896961212158,-19.750862121582,-1.6589639111136911,-0.6005435354411764,2258908456
bf,-31.9107151031494,-18.7706890106201,-1.2515708853143903,-0.9847963113891217,2258925123
bf,-31.2057132720947,-17.7633113861084,-0.5302747918834034,-0.8931609510446703,2258941790
bf,-30.0598983764648,-16.7439937591552,0.29760044399635194,-0.38909280583142825,2258958457
bf,-28.7081604003906,-15.9089088439941,1.004670474684289,0.37443898671344056,2258975124
bf,-27.134220123291,-15.4127693176269,1.4123237995418025,1.1964617560441584,2258991791
bf,-25.5649795532226,-14.7098884582519,1.4420072677655693,1.8756561595985775,2259008458
bf,-24.0505199432373,-14.0481719970703,1.13312079953003,2.253359813430557,2259025125
bf,-22.4821014404296,-13.4045934677124,0.6237639788642847,2.2439310404603963,2259041792
bf,-20.9133625030517,-12.547791481018,0.10301731175613438,1.8478771337465925,2259058459
bf,-19.24312210083,-11.8440151214599,-0.24835511163935842,1.1463465359287315,2259075126
bf,-17.6308212280273,-11.4146738052368,-0.3101357795018227,0.2787399929516192,2259091793
bf,-16.2812347412109,-11.1893472671508,-0.0531950979779252,-0.5914844360888579,2259108460
bf,-15.2245416641235,-11.3227024078369,0.4586883352353227,-1.3148859843723335,2259125127
bf,-14.4367389678955,-11.5704708099365,1.0940074553395596,-1.788889559396492,2259141794
bf,-14.0234308242797,-12.0548448562622,1.6962831083894805,-1.9776009161104848,2259158461
bf,-14.0252256393432,-13.005651473999,2.130316271456395,-1.9143614797862534,2259175128
bf,-14.5243330001831,-14.4722356796264,2.3176139986856765,-1.687566738727136,2259191795
bf,-15.4009790420532,-16.3490276336669,2.2509952822638883,-1.4146472925253377,2259208462
bf,-16.5242156982421,-18.3502388000488,1.98588861318613,-1.2117473969401535,2259225129
bf,-17.7596912384033,-20.5988407135009,1.6138772463675257,-1.166961393566714,2259241796
bf,-18.9775829315185,-22.9847927093505,1.2297294382754809,-1.3233418812192803,2259258463
bf,-20.3768520355224,-25.7089710235595,0.9044563250570365,-1.6749458582302588,2259275130
bf,-22.018440246582,-28.3887519836425,0.6734539317037505,-2.1755157132825684,2259291797
bf,-24.2182369232177,-31.7354354858398,0.5418600161706499,-2.755731696464701,2259308464
bf,-27.0763053894042,-35.2971878051757,0.5016962032781902,-3.342232689097311,2259325131
bf,-30.6802768707275,-39.470905303955,0.5504666462108114,-3.8705840750752687,2259341798
bf,-34.3987350463867,-42.8005332946777,0.7008921087789023,-4.286199885622245,2259358465
bf,-38.0686607360839,-43.8496971130371,0.9761948002572591,-4.5332557134350315,2259375132
bf,-42.3979721069335,-43.4036445617675,1.3921993557803636,-4.54073703623746,2259391799
bf,-46.2100028991699,-40.0444068908691,1.9332293502053441,-4.221042354064426,2259408466
bf,-48.3528709411621,-35.2679710388183,2.5316126513490897,-3.49284145881014,2259425133
bf,-48.9986381530761,-31.4133720397949,3.060654513378955,-2.3254968873946407,2259441800
bf,-47.9003562927246,-29.7481822967529,3.3485405818858784,-0.7860631953772864,2259458467
bf,-45.4253349304199,-28.4295501708984,3.215216111145576,0.9367708398224115,2259475134
bf,-41.0906524658203,-25.777229309082,2.5256693775163903,2.5499449581744478,2259491801
bf,-37.1941337585449,-23.2480430603027,1.24395219623039,3.7161234927554374,2259508468
bf,-34.5335884094238,-21.1695880889892,-0.5319095644269889,4.141529870505604,2259525135
bf,-32.8251724243164,-18.6270790100097,-2.5693828171088127,3.6657631267876174,2259541802
bf,-31.8668117523193,-15.0439662933349,-4.5388892033572645,2.3253925699498224,2259558469
bf,-30.3301753997802,-10.0861845016479,-6.080277237193084,0.3685891555455034,2259575136
bf,-27.4536533355712,-5.27341175079345,-6.881130836749145,-1.7895328868131697,2259591803
bf,-24.7463817596435,-0.884378314018249,-6.747586586779482,-3.6636075508421233,2259608470
bf,-22.8829517364501,2.20397925376892,-5.651611110070939,-4.821160606127647,2259625137
bf,-20.8774700164794,3.70042014122009,-3.7458188586326067,-4.99478957365607,2259641804
bf,-18.5956993103027,3.9690306186676,-1.3444166908790296,-4.1473386896665625,2259658471
bf,-16.1073932647705,3.59476137161254,1.1268604488665708,-2.470092387524555,2259675138
bf,-13.4480152130126,3.42234373092651,3.207117626889579,-0.31850462785889344,2259691805
bf,-10.7618694305419,3.31471848487854,4.493974639745926,1.8885082544039316,2259708472
bf,-8.82522773742675,3.4017493724823,4.736725303879539,3.7708043017118356,2259725139
bf,-7.46129894256591,3.68265104293823,3.9030827737533347,5.061763794900596,2259741806
bf,-6.05333614349365,4.00023460388183,2.194699127554614,5.64179998351148,2259758473
bf,-4.65987968444824,4.27222537994384,0.0004706301006482021,5.533054204945477,2259775140
bf,-3.45384740829467,4.22623825073242,-2.20149603772187,4.867964427894522,2259791807
bf,-2.31602239608764,3.7283182144165,-3.9627091024940237,3.846430947889455,2259808474
bf,-1.22756791114807,3.1871953010559,-4.9659863242646685,2.692385451799866,2259825141
bf,-0.365369766950607,2.5608971118927,-5.081147544969634,1.6151975230380047,2259841808
bf,0.318372398614883,1.45034527778625,-4.3662511380666755,0.7779623048995192,2259858475
bf,0.80137676000595,0.0762055590748786,-3.0262035221546957,0.2740479790553331,2259875142
bf,1.04935443401336,-1.90885460376739,-1.3506325060144928,0.11419404478899615,2259891809
bf,1.0597825050354,-4.45802545547485,0.3493584150164648,0.2274137193748519,2259908476
bf,0.838006496429443,-7.21944761276245,1.794843783182136,0.47861989279858497,2259925143
bf,0.305342078208923,-10.4519538879394,2.7801844759948557,0.7031474387629915,2259941810
bf,-0.769949853420257,-14.2227811813354,3.2011771424474507,0.7529898894801744,2259958477
bf,-2.4658818244934,-18.4822845458984,3.0683686762408433,0.5433857958957907,2259975144
bf,-4.68098545074462,-22.0893383026123,2.5020900673525364,0.08497512034787154,2259991811
bf,-7.22638463973999,-24.8416328430175,1.707033248709244,-0.5107620047055849,2260008478
bf,-10.1716165542602,-26.6071243286132,0.9285023276818498,-1.0568737734469829,2260025145
bf,-13.6170635223388,-27.1573410034179,0.39783916704083766,-1.3412481851264504,2260041812
bf,-17.5140800476074,-25.600881576538,0.2784887465673921,-1.1887174975254662,2260058479
bf,-20.8693618774414,-22.6320686340332,0.625219546102116,-0.5185160191778295,2260075146
bf,-23.6165733337402,-20.7384319305419,1.3670416197851705,0.6195037242399614,2260091813
bf,-25.0232620239257,-20.0553092956542,2.319932254704871,2.042854393070163,2260108480
bf,-24.750015258789,-20.6046924591064,3.228846073172264,3.472443758160605,2260125147
bf,-23.2977828979492,-21.9989414215087,3.8302132583540365,4.597922365489728,2260141814
bf,-21.0995712280273,-23.4754467010498,3.9186178219830587,5.153811999169625,2260158481
bf,-18.6071815490722,-23.7242069244384,3.398331183820331,4.985496113067392,2260175148
bf,-17.3696155548095,-21.9921035766601,2.304281938584613,4.088389033925726,2260191815
bf,-17.309341430664,-18.3676452636718,0.7871074984602096,2.6109367619456485,2260208482
bf,-17.9509906768798,-14.7397699356079,-0.9307762143229572,0.8204162541703153,2260225149
bf,-18.8968868255615,-12.5310049057006,-2.6120590875042495,-0.9608016296399283,2260241816
bf,-19.2598419189453,-11.5077676773071,-4.056268812947323,-2.4329208253683445,2260258483
bf,-18.5927219390869,-10.6976041793823,-5.132965098146735,-3.3898738704931026,2260275150
bf,-17.8782386779785,-10.7012577056884,-5.791061011808108,-3.7641588667546446,2260291817
bf,-17.6039333343505,-11.9456996917724,-6.046686515718547,-3.6325689135128503,2260308484
bf,-17.8009338378906,-12.8597259521484,-5.9576471159058215,-3.1817071333983353,2260325151
bf,-18.2123718261718,-13.5293273925781,-5.595312145414035,-2.644473470041345,2260341818
bf,-18.4904155731201,-14.8598432540893,-5.02385285052707,-2.227126917201626,2260358485
bf,-18.5647830963134,-16.4498271942138,-4.2921002894202935,-2.048552294420799,2260375152
bf,-18.5353603363037,-17.4206504821777,-3.437058407011986,-2.1091212637787526,2260391819
bf,-18.7638454437255,-18.3041152954101,-2.4937275056931143,-2.2977406645741247,2260408486
bf,-19.2098903656005,-19.2993412017822,-1.5053867772418124,-2.4346444906877847,2260425153
bf,-20.0133876800537,-19.9434013366699,-0.5307444835615263,-2.3368841729049694,2260441820
bf,-20.8168811798095,-20.8164939880371,0.3536101167757729,-1.886073604155767,2260458487
bf,-21.58762550354,-22.1856708526611,1.0569026284449237,-1.0761770122444678,2260475154
bf,-22.5591926574707,-22.7585906982421,1.48595420670975,-0.02448781284555631,2260491821
bf,-23.4555625915527,-23.4260063171386,1.5656543519443038,1.0592182133718466,2260508488
bf,-24.2625827789306,-24.0424880981445,1.264893112542824,1.9358479337366867,2260525155
bf,-24.9811096191406,-24.3143844604492,0.6200394033912621,2.411397890873019,2260541822
bf,-25.7135314941406,-24.1081180572509,-0.25471065254670144,2.3974416001307333,2260558489
bf,-26.8254985809326,-23.2829208374023,-1.1792117926578445,1.9374028773809047,2260575156
bf,-28.1409282684326,-22.0058574676513,-1.9438658460225828,1.1903868634862056,2260591823
bf,-29.1049461364746,-20.4483108520507,-2.363259630983696,0.37927252544444723,2260608490
bf,-29.6663284301757,-18.992332458496,-2.330743589276156,-0.2780176654643091,2260625157
bf,-29.7576217651367,-17.7710914611816,-1.8545722308973869,-0.6304198400720662,2260641824
bf,-29.533950805664,-16.4574642181396,-1.0607696172285845,-0.6295702032323253,2260658491
bf,-29.0557518005371,-15.3857851028442,-0.15910219094497502,-0.3313675726643286,2260675158
bf,-28.4032096862792,-14.4700002670288,0.6177051804531561,0.1327408055582742,2260691825
bf,-27.7053718566894,-13.4643621444702,1.0810654567810456,0.6021130164273066,2260708492
bf,-26.9107723236084,-12.2733268737792,1.1375579484452014,0.935081869876094,2260725159
bf,-25.970006942749,-10.9896650314331,0.8086705994588856,1.0448793450166074,2260741826
bf,-25.0064888000488,-9.70526123046875,0.21624950769186413,0.9146664495798493,2260758493
bf,-23.9233036041259,-8.45829105377197,-0.45804800648922556,0.5903336784543326,2260775160
bf,-22.768346786499,-7.24654912948608,-1.0247393515891348,0.15662884165986818,2260791827
bf,-21.6578578948974,-6.43576097488403,-1.3348741419824945,-0.29359829177927405,2260808494
bf,-20.7232971191406,-5.91941690444946,-1.3132356093226936,-0.6867703744172556,2260825161
bf,-19.9700088500976,-5.69820356369018,-0.9702289889888979,-0.9851382548324017,2260841828
bf,-19.3500347137451,-5.9354133605957,-0.39188815469277977,-1.1896318827282641,2260858495
bf,-18.9342060089111,-6.51824760437011,0.28767700621446707,-1.330635825674041,2260875162
bf,-18.6924228668212,-7.15851879119873,0.9233853899123211,-1.4515942339303227,2260891829
bf,-18.6827049255371,-7.81111097335815,1.3957939436835063,-1.5917904574718822,2260908496
bf,-19.0074100494384,-8.79179382324218,1.637445649684386,-1.7740209899419506,2260925163
bf,-19.6402626037597,-9.91818714141845,1.6424023510034773,-2.000438344443534,2260941830
bf,-20.6025085449218,-11.2312364578247,1.4579806056764721,-2.2565548797723203,2260958497
bf,-21.7306385040283,-13.0133762359619,1.163474393033592,-2.520656228399015,2260975164
bf,-23.0498352050781,-15.3502540588378,0.844159132059615,-2.7745891987156477,2260991831
bf,-24.5921916961669,-17.9238414764404,0.5690319488817006,-3.0121011259028134,2261008498
bf,-26.3707447052001,-20.9260921478271,0.3780811979797471,-3.242139992823628,2261025165
bf,-28.2686138153076,-23.9161167144775,0.2808211461491729,-3.486232578265622,2261041832
bf,-30.5725555419921,-28.0784301757812,0.26399254130913996,-3.7705527223104194,2261058499
bf,-33.612506866455,-32.7857093811035,0.30393995925271766,-4.113886389957361,2261075166
bf,-37.31880569458,-37.0041885375976,0.37865112211148877,-4.512768617575414,2261091833
bf,-40.9857444763183,-39.2263832092285,0.475438384042552,-4.926380243163219,2261108500
bf,-45.1522483825683,-39.3059158325195,0.5920044315184128,-5.267232773841169,2261125167
bf,-49.3832664489746,-36.7951431274414,0.7304615433518794,-5.406632125143537,2261141834
bf,-52.1756057739257,-31.8508186340332,0.8856352866205451,-5.201701203222018,2261158501
bf,-53.3436164855957,-27.7604274749755,1.0311615575073234,-4.541548059236278,2261175168
bf,-52.5342826843261,-25.3621253967285,1.1095893031033492,-3.3982728518366847,2261191835
bf,-50.3199577331543,-24.6876239776611,1.0343455178000576,-1.861785295978389,2261208502
bf,-46.8087196350097,-23.9392395019531,0.709073405950292,-0.14101159215657866,2261225169
bf,-42.8568840026855,-21.8642272949218,0.062178244776754654,1.4736132033572291,2261241836
bf,-39.4649085998535,-18.0582904815673,-0.9153146442288874,2.6771154242777873,2261258503
bf,-36.8160324096679,-15.4024724960327,-2.145370717251807,3.2274601666937355,2261275170
bf,-35.2450294494628,-13.5625619888305,-3.464170710908691,3.012252588992453,2261291837
bf,-33.7555465698242,-10.5042810440063,-4.649681666020465,2.0866956629380247,2261308504
bf,-31.2639274597167,-6.14042520523071,-5.466058148856668,0.6708985881991492,2261325171
bf,-28.437156677246,-2.5516083240509,-5.711952956162127,-0.896928242444502,2261341838
bf,-26.2509498596191,0.470689088106155,-5.262951744724193,-2.2428185372249003,2261358505
bf,-24.1176853179931,2.24392366409301,-4.103748769771569,-3.0528130112867045,2261375172
bf,-21.796875,3.09282875061035,-2.3482584973861815,-3.151995725776395,2261391839
bf,-19.424949645996,3.07061409950256,-0.2429723719449968,-2.5408819192034593,2261408506
bf,-16.7298507690429,2.63478231430053,1.8562770304783496,-1.3793863705237528,2261425173
bf,-13.1386795043945,2.63280177116394,3.5433601947032756,0.07132207390974166,2261441840
bf,-9.92826747894287,3.02102828025817,4.4539144058967866,1.5248569351965464,2261458507
bf,-7.46798658370971,3.5035970211029,4.368135813387726,2.7374116173077834,2261475174
bf,-5.52767705917358,4.05280828475952,3.2875059819351073,3.5501420095713723,2261491841
bf,-3.78610277175903,4.43869113922119,1.4510940093053541,3.9022405831619054,2261508508
bf,-2.3467833995819,4.37927150726318,-0.7217574792074586,3.821106268505292,2261525175
bf,-1.10369288921356,4.10280418395996,-2.7457306019101457,3.399668085088359,2261541842
bf,0.122868232429027,3.61585044860839,-4.201012058400625,2.7691069995471738,2261558509
bf,1.27170884609222,2.94461989402771,-4.837066919304033,2.0716089467647825,2261575176
bf,2.06220149993896,2.21545648574829,-4.618226077817656,1.4352597505646698,2261591843
bf,2.46736359596252,0.99539691209793,-3.705562417414328,0.9524541244242245,2261608510
bf,2.64709758758544,-0.575317621231079,-2.39170501923925,0.6635923796614479,2261625177
bf,2.75916028022766,-2.60631227493286,-1.0153610817567056,0.5486686289404183,2261641844
bf,2.80271339416503,-5.14401769638061,0.12020215319424651,0.5300158803574799,2261658511
bf,2.29366612434387,-8.3516092300415,0.8095082935328267,0.4890549279352456,2261675178
bf,1.31501901149749,-12.4631366729736,0.9813985145683256,0.2973450913244703,2261691845
bf,-0.387621134519577,-16.4475040435791,0.7077258465908944,-0.14268558413871027,2261708512
bf,-2.93438792228698,-20.3886547088623,0.18373653494329217,-0.8577990798104712,2261725179
bf,-5.86277914047241,-22.7664852142334,-0.3191478235480706,-1.7789634488871617,2261741846
bf,-9.01894474029541,-22.1407871246337,-0.5239851862676228,-2.743711309247912,2261758513
bf,-12.1580991744995,-21.8329257965087,-0.23140082272928553,-3.529792088469557,2261775180
bf,-15.0631198883056,-20.8495044708251,0.604780324132847,-3.9121157093345222,2261791847
bf,-17.1243553161621,-18.4870948791503,1.8356323981157083,-3.725790529655978,2261808514
bf,-18.4254550933837,-15.8387069702148,3.1327727740160385,-2.9160941412915125,2261825181
bf,-18.0125370025634,-15.2327833175659,4.069944670624116,-1.5610472707711878,2261841848
bf,-16.0778255462646,-15.6264352798461,4.2531955505001875,0.13902808027560032,2261858515
bf,-13.3896341323852,-16.3289394378662,3.4571783683788224,1.900716469088162,2261875182
bf,-12.0081911087036,-16.873456954956,1.7154225899353497,3.413442765749577,2261891849
bf,-11.7283582687377,-16.8400974273681,-0.6729853866880489,4.397754981985453,2261908516
bf,-11.7450990676879,-16.0605812072753,-3.2246095898821396,4.655060091586413,2261925183
bf,-12.0015468597412,-15.0816211700439,-5.410548511463789,4.10349692255775,2261941850
bf,-12.401460647583,-14.0609521865844,-6.803685044877761,2.797574366953823,2261958517
bf,-12.4945402145385,-12.3087224960327,-7.1870195442324665,0.9278328178545933,2261975184
bf,-12.1248922348022,-10.0737257003784,-6.593986634410614,-1.2056003549669023,2261991851
bf,-11.4412784576416,-7.73831939697265,-5.276383425393483,-3.2489602063687033,2262008518
bf,-10.8240270614624,-5.99751615524292,-3.617458583365227,-4.872917151057587,2262025185
bf,-10.6216831207275,-5.64979743957519,-2.020522129849068,-5.851546836541187,2262041852
bf,-11.007022857666,-6.28594303131103,-0.8054212364780095,-6.114201649954194,2262058519
bf,-11.6938285827636,-7.61039304733276,-0.13864112505409576,-5.74942110138588,2262075186
bf,-12.3826103210449,-9.60517692565918,-0.011257567497092492,-4.958681804993302,2262091853
bf,-13.2191696166992,-12.2461910247802,-0.26559082616772445,-3.978208050086567,2262108520
bf,-14.2604799270629,-15.3818836212158,-0.658960859080871,-2.999111174234412,2262125187
bf,-15.4629402160644,-17.796215057373,-0.9443059159598642,-2.1152314589285806,2262141854
bf,-16.8746891021728,-19.1035385131835,-0.9446847997303789,-1.3159416218883406,2262158521
bf,-18.2616996765136,-19.8329982757568,-0.6020204681392248,-0.5232326870681473,2262175188
bf,-19.3491134643554,-20.8657569885253,0.011634835560370343,0.344625540174638,2262191855
bf,-20.1639919281005,-22.2819519042968,0.7217071635464207,1.3104547406935851,2262208522
bf,-21.1301288604736,-23.6308670043945,1.3085230383006434,2.303344601240045,2262225189
bf,-22.0082187652587,-24.0873737335205,1.57723604278804,3.167136508771541,2262241856
bf,-22.6245212554931,-24.1207237243652,1.419206635047178,3.7100521153551016,2262258523
bf,-23.4023551940917,-24.1089420318603,0.8462166883057878,3.7760757840676367,2262275190
bf,-24.3734474182128,-24.0568771362304,-0.012572325258936349,3.3092015527451277,2262291857
bf,-25.3443794250488,-22.7838115692138,-0.9489893087915802,2.384363303657135,2262308524
bf,-26.7357311248779,-20.7444629669189,-1.7366306050452396,1.1928967187183426,2262325191
bf,-28.3428153991699,-18.3495159149169,-2.1951410451890156,-0.010730026364450276,2262341858
bf,-29.5717239379882,-16.1727447509765,-2.239194378747343,-0.9795547867730452,2262358525
bf,-30.1823196411132,-14.4997024536132,-1.8982209661449205,-1.5370011085973385,2262375192
bf,-30.2221641540527,-13.1760492324829,-1.3012385437395384,-1.6140209525466285,2262391859
bf,-29.9091911315917,-11.9663944244384,-0.6319313080889426,-1.2547186587587964,2262408526
bf,-29.4891128540039,-10.846318244934,-0.06959869155256773,-0.5949794938985344,2262425193
bf,-28.9149227142334,-9.89589309692382,0.2631629184980955,0.1762482885130713,2262441860
bf,-28.1378726959228,-9.15661239624023,0.32873400139992165,0.8624223445312786,2262458527
bf,-27.2108669281005,-8.53267860412597,0.17226655731411503,1.3018467431163052,2262475194
bf,-26.164846420288,-7.85562705993652,-0.10525092740507996,1.3987762934890238,2262491861
bf,-25.0204486846923,-7.19995498657226,-0.38555507097840364,1.1374103917090201,2262508528
bf,-23.8966999053955,-6.64371347427368,-0.5697137721996353,0.5769959714459048,2262525195
bf,-22.7590980529785,-6.23240947723388,-0.6032151808396011,-0.16902579532411144,2262541862
bf,-21.5977687835693,-5.99857997894287,-0.4849386554868948,-0.9630814779738573,2262558529
bf,-20.5535449981689,-6.05312156677246,-0.2596572758347679,-1.674471876896209,2262575196
bf,-19.8137226104736,-6.41817617416381,0.002467188378796681,-2.2041169756836965,2262591863
bf,-19.3591632843017,-7.02743530273437,0.23245022484093772,-2.4986763416588036,2262608530
bf,-19.1242809295654,-7.83176374435424,0.38617463990182016,-2.5531234981553155,2262625197
bf,-19.0941219329834,-8.78601932525634,0.45724130093145154,-2.4038182887901063,2262641864
bf,-19.3123130798339,-10.0145740509033,0.4751149286020149,-2.1158608756993877,2262658531
bf,-19.8008995056152,-11.5435104370117,0.4902850032421672,-1.7687757504461332,2262675198
bf,-20.555830001831,-13.3414106369018,0.5527366233093,-1.443645592540919,2262691865
bf,-21.5143413543701,-15.6411790847778,0.6917621798102619,-1.213273820110446,2262708532
bf,-22.648021697998,-18.3460254669189,0.9038605325865838,-1.1353994878699005,2262725199
bf,-23.9503993988037,-21.3798694610595,1.1523342715158207,-1.2478977946185117,2262741866
bf,-25.5365676879882,-24.4801635742187,1.3785955022342409,-1.5646385185483949,2262758533
bf,-27.3289356231689,-27.9648036956787,1.5219690229861906,-2.0713758252404073,2262775200
bf,-29.7168178558349,-32.0374069213867,1.5423402555739747,-2.722246405448163,2262791867
bf,-32.9782371520996,-36.061782836914,1.4386987280167056,-3.4382765570467,2262808534
bf,-36.6246681213378,-38.9391784667968,1.2569402168230024,-4.109554013545277,2262825201
bf,-40.1848716735839,-39.8043403625488,1.0825359879276877,-4.60321965994916,2262841868
bf,-44.8436546325683,-40.4730262756347,1.017611895925473,-4.780229895655472,2262858535
bf,-49.151065826416,-38.7178611755371,1.1466892933800967,-4.522946757823402,2262875202
bf,-51.8004722595214,-32.5502166748046,1.499670487253285,-3.7709661164093315,2262891869
bf,-52.5296058654785,-27.9196701049804,2.023609815128789,-2.555375966066142,2262908536
bf,-51.1898231506347,-26.3234195709228,2.5753642692419865,-1.0167153208872706,2262925203
bf,-48.2192306518554,-24.7246284484863,2.943836284058902,0.6059734393143924,2262941870
bf,-43.6540565490722,-23.0938529968261,2.901969664029414,2.018269159401816,2262958537
bf,-39.1043891906738,-21.0012264251709,2.2765214582340163,2.936972326224303,2262975204
bf,-35.9132461547851,-18.5543556213378,1.013587209102903,3.1624182840346164,2262991871
bf,-33.5421485900878,-15.5335941314697,-0.7835281303083725,2.635933462262424,2263008538
bf,-32.0225791931152,-11.7415742874145,-2.8585533069931888,1.4656417153701777,2263025205
bf,-30.7421493530273,-8.27237701416015,-4.848995607201778,-0.08793508796195998,2263041872
bf,-28.3871688842773,-4.68194770812988,-6.363645072353254,-1.6651486037306225,2263058539
bf,-25.181131362915,-1.22765815258026,-7.071890255557342,-2.8883570964457284,2263075206
bf,-22.6079769134521,1.73128616809844,-6.783274393610513,-3.451830639787786,2263091873
bf,-20.9452056884765,3.43515920639038,-5.498003191162358,-3.197046221486672,2263108540
bf,-19.2811126708984,4.18101549148559,-3.4165467740685447,-2.152052898740757,2263125207
bf,-16.9444541931152,4.08075046539306,-0.9061855320603988,-0.5229585537675112,2263141874
bf,-13.9304504394531,3.83679437637329,1.5696370216205742,1.360028862575983,2263158541
bf,-10.7655630111694,3.95460391044616,3.5473655087082108,3.1254606189409473,2263175208
bf,-8.0917682647705,4.41410112380981,4.666670616863188,4.4478021999527995,2263191875
bf,-6.22528171539306,4.99396800994873,4.756408195037087,5.115341645126969,2263208542
bf,-4.79836273193359,5.48370456695556,3.876875803462187,5.0641842350540935,2263225209
bf,-3.22820687294006,5.82003736495971,2.300816096292579,4.375627260723338,2263241876
bf,-1.80620217323303,6.04110193252563,0.4347224473031454,3.2439827368554073,2263258543
bf,-0.473826497793197,5.84524488449096,-1.2958424803141393,1.9266565348743045,2263275210
bf,0.642114400863647,5.45845746994018,-2.5587063783840245,0.6885775823269669,2263291877
bf,1.55230593681335,4.94373941421508,-3.1882876641576874,-0.24875691531486557,2263308544
bf,2.07471323013305,3.9400942325592,-3.1995412019443323,-0.7456856732053956,2263325211
bf,2.22502136230468,2.55571126937866,-2.747052506871423,-0.7650334313471718,2263341878
bf,2.2287323474884,0.570867180824279,-2.053090105291413,-0.37312206480435467,2263358545
bf,2.27578401565551,-2.25583386421203,-1.3343475951219068,0.2774733454767096,2263375212
bf,2.22353982925415,-5.84142923355102,-0.7495096347046122,0.9798303395354234,2263391879
bf,1.7252277135849,-10.1048393249511,-0.3755686752613723,1.5146467391662277,2263408546
bf,0.811449229717254,-14.4356937408447,-0.20847872841149168,1.6968292571190136,2263425213
bf,-0.706454813480377,-18.8466739654541,-0.17844351399271496,1.4195194489549738,2263441880
bf,-3.27854228019714,-22.4985370635986,-0.17201990632352057,0.6860941824567092,2263458547
bf,-6.33481693267822,-25.07493019104,-0.058498318958637004,-0.3799939903943047,2263475214
bf,-9.40186214447021,-26.0801239013671,0.27830884821516866,-1.554259216234612,2263491881
bf,-12.3274898529052,-26.4751281738281,0.9030731874994672,-2.558217349637962,2263508548
bf,-15.3651027679443,-25.1151161193847,1.7930264444974715,-3.1250316187180003,2263525215
bf,-17.8249320983886,-21.6303462982177,2.816171300481056,-3.068661678626735,2263541882
bf,-19.3287277221679,-18.2436161041259,3.7387667952773165,-2.3390122250331453,2263558549
bf,-19.4384117126464,-17.364158630371,4.271094335503239,-1.046187070280185,2263575216
bf,-18.3536167144775,-17.9889621734619,4.14669737925299,0.5571940630796275,2263591883
bf,-16.3590450286865,-19.4380512237548,3.2137486904196426,2.1341753987432526,2263608550
bf,-14.6545104980468,-20.6901893615722,1.5060670302315602,3.3462903588649455,2263625217
bf,-13.9972066879272,-21.1496677398681,-0.7368450782625109,3.936737511495675,2263641884
bf,-13.8334465026855,-20.48530960083,-3.114794151010214,3.790757040281743,2263658551
bf,-13.9611406326293,-18.8140640258789,-5.1663427310909205,2.95836321971662,2263675218
bf,-14.2122812271118,-16.8882408142089,-6.491116479147971,1.635619076122658,2263691885
bf,-14.3338899612426,-14.1050033569335,-6.855414011444291,0.1110769837012647,2263708552
bf,-14.2931995391845,-11.974139213562,-6.248984603992302,-1.3081125893422643,2263725219
bf,-14.0800580978393,-11.145299911499,-4.879060757045869,-2.3716145034252674,2263741886
bf,-14.08052444458,-11.0518941879272,-3.1084255538998726,-2.9437245744741976,2263758553
bf,-14.1194925308227,-11.6895475387573,-1.3594629443375303,-3.0285833113486826,2263775220
bf,-14.6922359466552,-12.5075693130493,-0.011860825634465798,-2.7563601766987715,2263791887
bf,-15.8168506622314,-13.2779378890991,0.6809969282277695,-2.335142225902535,2263808554
bf,-16.8915653228759,-13.890790939331,0.6395427337149207,-1.983106676817865,2263825221
bf,-17.76118850708,-14.4145154953002,-0.03792152519042215,-1.8605910726208859,2263841888
bf,-18.5147304534912,-15.2815599441528,-1.1112988853292187,-2.0210142006290814,2263858555
bf,-19.2769622802734,-16.1419296264648,-2.262640095071351,-2.3943738795539864,2263875222
bf,-20.3212070465087,-16.6504955291748,-3.1712119981277485,-2.808529015524065,2263891889
bf,-21.4058647155761,-17.2306175231933,-3.583684122050374,-3.042885793174933,2263908556
bf,-22.3118419647216,-18.1831665039062,-3.367355871462371,-2.8988798781584832,2263925223
bf,-23.2568778991699,-19.5928726196289,-2.5384591884574363,-2.2656249752072792,2263941890
bf,-24.3202247619628,-20.8455295562744,-1.260573682421595,-1.1605209291287237,2263958557
bf,-25.4391365051269,-22.0621013641357,0.18868445087420158,0.2667247481068823,2263975224
bf,-26.4432220458984,-23.1328392028808,1.4793034859285452,1.7665149007425187,2263991891
bf,-27.3871421813964,-23.8685455322265,2.307842348934098,3.0484001419594535,2264008558
bf,-28.2577819824218,-24.0545501708984,2.475215645683295,3.8514904900719555,2264025225
bf,-29.1970615386962,-23.9800224304199,1.9414667424442282,4.009213487958898,2264041892
bf,-30.248233795166,-24.033369064331,0.8396970409019343,3.4925563629247036,2264058559
bf,-31.1019058227539,-23.550329208374,-0.5573784194562313,2.420466016585721,2264075226
bf,-31.7843608856201,-22.4481163024902,-1.9098691303623805,1.0340041800503603,2264091893
bf,-32.2997131347656,-20.862642288208,-2.9009882245042657,-0.3597173537991737,2264108560
bf,-32.6240921020507,-18.8839664459228,-3.3183864378457826,-1.4599600163115132,2264125227
bf,-32.4593467712402,-17.0831432342529,-3.1032306590173895,-2.043386562224001,2264141894
bf,-31.8136348724365,-15.5905199050903,-2.3546582425412215,-2.0165038139545493,2264158561
bf,-30.8306274414062,-14.4604272842407,-1.2914656128119693,-1.4365873231586577,2264175228
bf,-29.6865673065185,-13.6036481857299,-0.1854260226105645,-0.49525106715390654,2264191895
bf,-28.3147430419921,-12.798225402832,0.7125482904356167,0.5320428987327596,2264208562
bf,-26.7033348083496,-11.8582201004028,1.23264453949481,1.357820844394084,2264225229
bf,-25.0132484436035,-10.570161819458,1.318461406167353,1.7563918282540143,2264241896
bf,-23.2828063964843,-9.16832447052002,1.0264684104887334,1.6191885671257964,2264258563
bf,-21.5143375396728,-7.7675175666809,0.4970046177467438,0.9767781246265534,2264275230
bf,-19.7695083618164,-6.56933546066284,-0.09191479485494417,-0.017012330852923214,2264291897
bf,-18.2225265502929,-5.70933294296264,-0.5737356603020842,-1.1320326827515717,2264308564
bf,-16.9597415924072,-5.30738019943237,-0.8324213591570911,-2.124616025435516,2264325231
bf,-16.0331325531005,-5.35550594329834,-0.8229614411291947,-2.798239729977093,2264341898
bf,-15.5032949447631,-5.78011798858642,-0.5710221507146903,-3.0468183890168854,2264358565
bf,-15.4149188995361,-6.47156143188476,-0.1551356950309602,-2.8718902510330135,2264375232
bf,-15.7243938446044,-7.44829130172729,0.32145146177063505,-2.3726146123794805,2264391899
bf,-16.358787536621,-8.65922164916992,0.760769136649769,-1.7142459979838258,2264408566
bf,-17.2611103057861,-9.90014553070068,1.0939595845820718,-1.0851994165621646,2264425233
bf,-18.3334579467773,-11.0102891921997,1.29308312088993,-0.6542042371944929,2264441900
bf,-19.503095626831,-12.30517578125,1.3687532769592456,-0.5373578993816882,2264458567
bf,-20.7512969970703,-14.1462659835815,1.3561765726661872,-0.7809766980250722,2264475234
bf,-22.1317081451416,-16.7588596343994,1.2960813405528462,-1.3613793041383997,2264491901
bf,-23.7486400604248,-19.5528621673584,1.2182175742995036,-2.1985680954077886,2264508568
bf,-25.7536640167236,-22.5607814788818,1.1331309116362247,-3.178226170241702,2264525235
bf,-28.4615936279296,-27.0205268859863,1.03406779749372,-4.175600820147657,2264541902
bf,-31.8497047424316,-31.4549674987792,0.9070542148010449,-5.074955818380421,2264558569
bf,-35.6088180541992,-34.710578918457,0.7446064216264495,-5.779345443830016,2264575236
bf,-39.3884010314941,-36.1498641967773,0.5574173399699853,-6.209033273810894,2264591903
bf,-43.6671867370605,-36.4780883789062,0.3785510220702392,-6.293464310744568,2264608570
bf,-47.5137939453125,-34.3324089050293,0.25625509600332,-5.967736173658396,2264625237
bf,-50.0622787475585,-30.0658340454101,0.23490178150895064,-5.184185346147838,2264641904
bf,-51.1508102416992,-26.650743484497,0.32879977372070146,-3.940781764363852,2264658571
bf,-50.6314697265625,-25.2721252441406,0.4991732847152354,-2.3151953960427827,2264675238
bf,-48.721336364746,-23.6624794006347,0.6472136674495912,-0.48514111343061284,2264691905
bf,-45.2416839599609,-22.2728099822998,0.6323625119705011,1.2824049248652305,2264708572
bf,-41.2504692077636,-20.4804897308349,0.3145322911022686,2.6790236128029288,2264725239
bf,-37.6790885925293,-17.6448402404785,-0.39336709866035313,3.429937188783863,2264741906
bf,-34.8264274597168,-14.5228929519653,-1.4827670306401723,3.373464266802888,2264758573
bf,-33.385196685791,-11.3032617568969,-2.833199041312221,2.5174122179728315,2264775240
bf,-32.3411788940429,-6.78213024139404,-4.2281662320019615,1.0516677589985037,2264791907
bf,-29.8050022125244,-2.93504405021667,-5.397665525974178,-0.688964395840198,2264808574
bf,-26.7435607910156,0.128090754151344,-6.0753799823938985,-2.3017483357661592,2264825241
bf,-24.1291999816894,2.88007640838623,-6.057660787212429,-3.411722615556603,2264841908
bf,-22.203384399414,4.6488938331604,-5.254255529172812,-3.7604964731089026,2264858575
bf,-20.4006385803222,5.27830600738525,-3.723343239523901,-3.264506678437824,2264875242
bf,-18.7336502075195,5.2738881111145,-1.6826017100829778,-2.02745659158029,2264891909
bf,-16.3342609405517,5.16808080673217,0.5140997187855669,-0.30521923784381316,2264908576
bf,-13.3552017211914,4.95466995239257,2.4412138322488754,1.5638823189079436,2264925243
bf,-10.9760303497314,4.95952463150024,3.700423643056164,3.2409742094502034,2264941910
bf,-9.27306842803955,5.15980720520019,4.028422404420323,4.457953422605627,2264958577
bf,-7.73199272155761,5.5510721206665,3.3765305435697806,5.063226999840179,2264975244
bf,-6.05089378356933,5.94056415557861,1.9305685463490163,5.037277712438833,2264991911
bf,-4.61253309249877,5.92744636535644,0.06091625857648976,4.481172957616863,2265008578
bf,-3.37492442131042,5.17673254013061,-1.7805664485357375,3.584387738822037,2265025245
bf,-2.23291420936584,4.49219322204589,-3.1811331932358056,2.578944090118466,2265041912
bf,-1.20219135284423,3.70821142196655,-3.866328995427508,1.6874525172828803,2265058579
bf,-0.2764792740345,2.2161214351654,-3.7508618068515,1.0739950556137738,2265075246
bf,0.459484964609146,0.283199191093444,-2.934404636413903,0.8078188026348968,2265091913
bf,1.01865661144256,-2.35993432998657,-1.6537829974971012,0.8489733215124186,2265108580
bf,1.43942582607269,-5.81053066253662,-0.21208700473525585,1.0615256150445718,2265125247
bf,1.5613784790039,-10.1787796020507,1.0955760701471264,1.253921076495718,2265141914
bf,0.908238112926483,-15.0843925476074,2.0458225026040333,1.2383408994243925,2265158581
bf,-0.270157814025878,-19.7194728851318,2.5313399894131323,0.8935652044581851,2265175248
bf,-1.92765653133392,-22.7031745910644,2.578859971725437,0.21199847944336414,2265191915
bf,-4.5148115158081,-24.3559761047363,2.3349550937233503,-0.6860038646358053,2265208582
bf,-7.84388303756713,-24.1122035980224,2.0180875574855057,-1.5780968879644595,2265225249
bf,-11.3135910034179,-22.7840881347656,1.8441345513658267,-2.2007316743883685,2265241916
bf,-14.4103317260742,-19.8208713531494,1.9440085354550525,-2.3275144575161395,2265258583
bf,-16.3052291870117,-17.2349185943603,2.3010713500808317,-1.8414691396552803,2265275250
bf,-17.0739402770996,-16.5765361785888,2.7366318137971324,-0.7783461730903518,2265291917
bf,-16.2233543395996,-16.8187026977539,2.9594151382875467,0.6734458090528147,2265308584
bf,-13.7893934249877,-17.9947891235351,2.6704315558582645,2.216548531906976,2265325251
bf,-11.332552909851,-19.0919437408447,1.687154576110349,3.5179628842706894,2265341918
bf,-10.3957548141479,-19.0085353851318,0.03553507446084392,4.289808604374384,2265358585
bf,-10.2408609390258,-17.4389343261718,-2.032643829328719,4.355665965406597,2265375252
bf,-10.5411071777343,-15.7148275375366,-4.108034147325304,3.687125283174551,2265391919
bf,-10.7757339477539,-13.9021883010864,-5.751225612056825,2.4045173852185737,2265408586
bf,-10.8189058303833,-11.3686656951904,-6.629509011005217,0.7450085410494098,2265425253
bf,-10.7884654998779,-8.67148971557617,-6.612765552855121,-0.9920428187529109,2265441920
bf,-10.3953123092651,-7.18920183181762,-5.798450070907894,-2.5091964260742676,2265458587
bf,-10.0319519042968,-6.74377870559692,-4.464637535725093,-3.5704832936414044,2265475254
bf,-9.93595314025878,-7.06666564941406,-2.9748160967014385,-4.04362837114845,2265491921
bf,-9.90772533416748,-8.44687843322753,-1.6697301264889455,-3.915920705497077,2265508588
bf,-10.7449522018432,-10.3207263946533,-0.7792648810569678,-3.2813341952772945,2265525255
bf,-12.2458763122558,-11.9345445632934,-0.37614694255339726,-2.30455216236123,2265541922
bf,-14.063621520996,-13.44478225708,-0.37869916755433725,-1.1740092742034949,2265558589
bf,-15.8423442840576,-15.1473426818847,-0.5957162176107259,-0.05836327927623153,2265575256
bf,-17.1842708587646,-16.5912265777587,-0.7957756932925931,0.92172677852362,2265591923
bf,-17.9776248931884,-17.9271221160888,-0.7789591113615766,1.7009319850906366,2265608590
bf,-18.6682147979736,-18.750051498413,-0.43198029254555903,2.257901041131573,2265625257
bf,-19.4638156890869,-18.911485671997,0.24430373434283195,2.5938093238341198,2265641924
bf,-20.2402153015136,-19.4178123474121,1.137332871422791,2.712079100645284,2265658591
bf,-21.4497318267822,-20.2878170013427,2.0513766459535185,2.6089609856428204,2265675258
bf,-23.0330600738525,-20.6068611145019,2.7550798480225205,2.279483986957151,2265691925
bf,-24.3342552185058,-20.5405960083007,3.039027733001663,1.7358251373811981,2265708592
bf,-25.1479721069335,-19.9162349700927,2.772204473066818,1.0281473369541874,2265725259
bf,-25.7090415954589,-19.0008182525634,1.9442114096766314,0.25522438748772486,2265741926
bf,-26.7903671264648,-18.1288738250732,0.6802581531376106,-0.44417576827216965,2265758593
bf,-28.2245483398437,-17.2085704803466,-0.7794913094569563,-0.9198327248579126,2265775260
bf,-29.7200355529785,-16.6878776550292,-2.1350336493778497,-1.0503143084307625,2265791927
bf,-30.7623844146728,-16.2880249023437,-3.1029252439965402,-0.7810697300560802,2265808594
bf,-31.219627380371,-16.2349395751953,-3.4916766108414388,-0.146409819147705,2265825261
bf,-30.9815788269042,-16.2613353729248,-3.2523438353202243,0.7330810511389575,2265841928
bf,-30.3051090240478,-16.0702934265136,-2.487893501341139,1.6773566114925764,2265858595
bf,-29.4675273895263,-15.6195125579833,-1.4185946272422227,2.4895273156244073,2265875262
bf,-28.5375175476074,-14.8431644439697,-0.31549646889061667,3.001808191723097,2265891929
bf,-27.6361351013183,-14.0822191238403,0.5758050012647634,3.112803607824103,2265908596
bf,-26.5839023590087,-13.1136598587036,1.0973340008377732,2.8074877808879535,2265925263
bf,-25.3521881103515,-11.9935026168823,1.2100028734407813,2.1557818104207427,2265941930
bf,-24.027286529541,-10.8043937683105,0.9887163058523246,1.2907439038554753,2265958597
bf,-22.6842308044433,-9.86830425262451,0.587136064128992,0.3725762572039993,2265975264
bf,-21.2666816711425,-9.04992389678955,0.18520264555374394,-0.45140535491355155,2265991931
bf,-19.9834041595459,-8.32023906707763,-0.06481220691929875,-1.0796113318867167,2266008598
bf,-18.8698806762695,-7.85241603851318,-0.07923336393698328,-1.4731477726992783,2266025265
bf,-18.0207004547119,-7.6144676208496,0.13923121586783027,-1.653712650992033,2266041932
bf,-17.4485645294189,-7.64263153076171,0.5104162085501676,-1.6855697866529882,2266058599
bf,-17.2183799743652,-7.95199298858642,0.9084203361245805,-1.6494060804291522,2266075266
bf,-17.1730995178222,-8.50522994995117,1.205625225613143,-1.6171134907853808,2266091933
bf,-17.2948532104492,-9.15781021118164,1.314947488012104,-1.634495109141345,2266108600
bf,-17.6818943023681,-9.93936729431152,1.2171635652271022,-1.7151547701299903,2266125267
bf,-18.3625926971435,-10.8192825317382,0.9653635415994495,-1.8450885900484255,2266141934
bf,-19.2458267211914,-11.9000978469848,0.6661861732159302,-1.9947421086618955,2266158601
bf,-20.2268543243408,-13.4347410202026,0.4446807951358629,-2.1338866100056575,2266175268
bf,-21.3504619598388,-15.5176534652709,0.4041409258369855,-2.244637822348519,2266191935
bf,-22.6357040405273,-17.9549884796142,0.5930509409651692,-2.329050949069484,2266208602
bf,-24.1241130828857,-20.6741943359375,0.9886644786649755,-2.4095101544205098,2266225269
bf,-25.9535007476806,-23.7967586517334,1.5018365188512792,-2.522113358252723,2266241936
bf,-28.4096641540527,-27.7869129180908,2.001990391432768,-2.7049247953968645,2266258603
bf,-31.6876831054687,-32.290843963623,2.3557133173928766,-2.983625588173165,2266275270
bf,-35.2836723327636,-36.4290542602539,2.4683104255128527,-3.356608359889018,2266291937
bf,-38.7559204101562,-39.1640701293945,2.315667687790589,-3.7815018954929065,2266308604
bf,-42.4823379516601,-40.0128707885742,1.9551781714193401,-4.167439405708465,2266325271
bf,-46.7608184814453,-39.4738578796386,1.5098899513299484,-4.3808819932027685,2266341938
bf,-50.2957115173339,-36.2469177246093,1.1284023613597896,-4.272421741338155,2266358605
bf,-52.5723838806152,-32.0684852600097,0.9317462332374666,-3.7239151482608257,2266375272
bf,-53.0431823730468,-29.2777080535888,0.9645216263394704,-2.70251361126376,2266391939
bf,-51.6959114074707,-27.4624004364013,1.1685068583689837,-1.2992721729912233,2266408606
bf,-48.9073371887207,-26.1178283691406,1.3913628105521347,0.26797403255428975,2266425273
bf,-44.8817520141601,-24.8860874176025,1.4314034863131488,1.6951942194796352,2266441940
bf,-41.2050552368164,-22.7963237762451,1.1052678588872236,2.6672803615619407,2266458607
bf,-38.065258026123,-20.2054004669189,0.3150482256280774,2.9455367798317798,2266475274
bf,-35.7451133728027,-17.510082244873,-0.9091386439022299,2.4403016520204646,2266491941
bf,-34.4876556396484,-14.2526845932006,-2.4053036950170106,1.2456015981264557,2266508608
bf,-33.2831878662109,-9.17860507965087,-3.913998602512054,-0.3759411931582851,2266525275
bf,-30.846996307373,-4.38480806350708,-5.138431087286796,-2.0550620270393374,2266541942
bf,-27.9624214172363,-1.10575318336486,-5.81222033285866,-3.4080148461624997,2266558609
bf,-25.9792194366455,1.3533798456192,-5.758350066975709,-4.133124525009838,2266575276
bf,-24.1644554138183,3.11116600036621,-4.929508911928053,-4.083881108493565,2266591943
bf,-21.9084339141845,3.70840740203857,-3.4266217489070643,-3.2970178681164657,2266608610
bf,-19.3939476013183,3.42082262039184,-1.4939434027133163,-1.9679832454615744,2266625277
bf,-16.9967212677001,3.2363064289093,0.5135744277782542,-0.38400707494040365,2266641944
bf,-14.1853256225585,3.38427686691284,2.194588206373975,1.1605045584493237,2266658611
bf,-11.0978555679321,3.71923899650573,3.1918966063070457,2.4370942296761933,2266675278
bf,-8.68584823608398,3.90965628623962,3.288114715975955,3.323491237592191,2266691945
bf,-6.84005546569824,3.97956490516662,2.474250743826429,3.8050303185634613,2266708612
bf,-5.30192995071411,3.7218542098999,0.9623988952154617,3.9463311588375984,2266725279
bf,-4.14309692382812,3.12638688087463,-0.8671890195218519,3.8501361290154312,2266741946
bf,-3.04576230049133,2.05563616752624,-2.568973156899534,3.619308787104061,2266758613
bf,-2.06991362571716,0.879571676254272,-3.7504457875362105,3.331579039893454,2266775280
bf,-1.28614664077758,-0.549321234226226,-4.167862577994028,3.0291717745521543,2266791947
bf,-0.708533585071563,-2.33932614326477,-3.773253877002516,2.7201062082943577,2266808614
bf,-0.390889525413513,-4.1481328010559,-2.7065468369286227,2.3859834766696855,2266825281
bf,-0.299264430999755,-6.34429740905761,-1.244314563653482,1.9922511228666981,2266841948
bf,-0.261452943086624,-9.21964836120605,0.2749600367919293,1.4997023496558177,2266858615
bf,-0.402447998523712,-12.8849468231201,1.5301531783506594,0.878084438214739,2266875282
bf,-0.959698498249054,-16.8423442840576,2.287255590694338,0.12235917106608754,2266891949
bf,-1.95675098896026,-20.9240970611572,2.449248558080451,-0.7308265005293163,2266908616
bf,-3.86288905143737,-24.6626052856445,2.0771856992851636,-1.5927108831694854,2266925283
bf,-6.70914697647094,-26.3570251464843,1.3753923913910713,-2.3259506177808156,2266941950
bf,-10.0920963287353,-26.7929534912109,0.6387344653341023,-2.767421505043728,2266958617
bf,-13.5921812057495,-25.7259769439697,0.1688886673041523,-2.7687949725704595,2266975284
bf,-16.6775283813476,-23.1281757354736,0.17781596929711121,-2.2448348936429117,2266991951
bf,-18.7497291564941,-20.6603412628173,0.7064838109104101,-1.2129352809190452,2267008618
bf,-19.8123054504394,-20.0025920867919,1.5899929831001134,0.19284132803548237,2267025285
bf,-19.2795658111572,-19.9717712402343,2.491442881372917,1.7421263682971904,2267041952
bf,-17.2725181579589,-20.4545383453369,3.0046005238486053,3.158612816455794,2267058619
bf,-14.5465412139892,-21.4887733459472,2.7958606090182863,4.184302809893698,2267075286
bf,-13.003734588623,-21.7438144683837,1.7332682878515546,4.637757451560835,2267091953
bf,-12.4777097702026,-20.580415725708,-0.05040011089684846,4.4511578230791935,2267108620
bf,-12.4925174713134,-19.6857528686523,-2.1881473650923122,3.6795209050114903,2267125287
bf,-12.9021100997924,-18.3045349121093,-4.191262818438209,2.4833580541674514,2267141954
bf,-13.4921035766601,-16.6055603027343,-5.599859168355959,1.091578850042853,2267158621
bf,-14.0589170455932,-14.855089187622,-6.116816089048977,-0.24595702858169433,2267175288
bf,-13.8015813827514,-13.4953393936157,-5.682799415147117,-1.3070021935132141,2267191955
bf,-12.8107547760009,-12.6290578842163,-4.475669494954265,-1.9389924401860812,2267208622
bf,-11.7765350341796,-12.2514734268188,-2.843775532392589,-2.0884093921241345,2267225289
bf,-11.6887989044189,-12.2185335159301,-1.2001114467713498,-1.8119441194111867,2267241956
bf,-12.9478302001953,-11.4893131256103,0.08954307668449983,-1.2652451262009896,2267258623
bf,-14.6836671829223,-12.1620769500732,0.794427701609206,-0.6683072892106124,2267275290
bf,-16.1454219818115,-13.4978160858154,0.861907022947868,-0.251974775723689,2267291957
bf,-17.1956539154052,-14.8074340820312,0.40896088799725827,-0.1961953517885635,2267308624
bf,-17.5183525085449,-15.7271490097045,-0.3298736206126891,-0.5755197201192592,2267325291
bf,-17.6058082580566,-16.4613132476806,-1.0787209867956682,-1.3287357634834571,2267341958
bf,-18.3893890380859,-17.1892681121826,-1.5977168103722617,-2.2655386640291373,2267358625
bf,-19.0750083923339,-17.7494583129882,-1.742286157770659,-3.1133360430188683,2267375292
bf,-20.008243560791,-18.4009437561035,-1.492694182832808,-3.5940114539764454,2267391959
bf,-21.1575031280517,-19.5414142608642,-0.9500410315010536,-3.5083998491570907,2267408626
bf,-22.5136756896972,-20.6907329559326,-0.30196286908752135,-2.8007581501521175,2267425293
bf,-23.8358306884765,-21.8391437530517,0.2324659760192418,-1.58047949917258,2267441960
bf,-25.1130084991455,-22.6259288787841,0.4647721407979315,-0.09307567889123915,2267458627
bf,-26.4440155029296,-22.9618949890136,0.29086146972152854,1.349089303184102,2267475294
bf,-27.7889385223388,-23.2385787963867,-0.2770703971387051,2.452073973784136,2267491961
bf,-29.2146053314209,-23.7630290985107,-1.1099880040340513,3.013944054454473,2267508628
bf,-30.54319190979,-23.5237560272216,-1.9952362790157603,2.9660449924005325,2267525295
bf,-31.7245826721191,-22.3072929382324,-2.6960749683650445,2.3746609754813326,2267541962
bf,-32.6829795837402,-20.3609390258789,-3.020409515791149,1.409253763436442,2267558629
bf,-33.3662185668945,-18.278242111206,-2.876934287247063,0.29216118030945754,2267575296
bf,-33.6253204345703,-16.2092514038085,-2.30040902082925,-0.7536896302482758,2267591963
bf,-33.3191452026367,-14.2830333709716,-1.4386051106996163,-1.546897492035487,2267608630
bf,-32.5746192932128,-12.4885740280151,-0.506895446668277,-1.9743904822168061,2267625297
bf,-31.6857166290283,-10.891544342041,0.27346133412599344,-2.0032240349740604,2267641964
bf,-30.7248039245605,-9.57392024993896,0.7343119579270426,-1.6792960166536062,2267658631
bf,-29.6844158172607,-8.51454448699951,0.8014727833842205,-1.1139159306135125,2267675298
bf,-28.3959884643554,-7.71425819396972,0.5089434346666776,-0.4588685748500659,2267691965
bf,-26.9458675384521,-7.25159120559692,-0.015012774991355938,0.1270581833320683,2267708632
bf,-25.4063053131103,-7.20490884780883,-0.5853338262641657,0.5134087789737757,2267725299
bf,-23.9306354522705,-7.20453214645385,-1.011441955514466,0.6264066849428962,2267741966
bf,-22.6344928741455,-7.06093263626098,-1.1488296890205303,0.4625516638942255,2267758633
bf,-21.43284034729,-6.89885950088501,-0.9364953614653955,0.08371439859147133,2267775300
bf,-20.3342590332031,-6.91715478897094,-0.4092606684187957,-0.4045373767507092,2267791967
bf,-19.4466724395751,-6.9650330543518,0.3181735536548649,-0.8844106259043176,2267808634
bf,-18.8734073638916,-7.05247688293457,1.0890442558555562,-1.2572157384452183,2267825301
bf,-18.6410808563232,-7.62587976455688,1.7506982512595113,-1.465451960931113,2267841968
bf,-18.6904125213623,-8.35203170776367,2.194030838539996,-1.5008090156833749,2267858635
bf,-19.006685256958,-9.17854118347168,2.375339029355786,-1.3985829434688415,2267875302
bf,-19.5657711029052,-10.2674417495727,2.3171869577924094,-1.2229593599402728,2267891969
bf,-20.3461093902587,-11.7672100067138,2.091901714513552,-1.0490915838662327,2267908636
bf,-21.2853908538818,-13.899091720581,1.7953313595456215,-0.9471019705604108,2267925303
bf,-22.4026374816894,-16.5183715820312,1.5190902625689862,-0.9708936889150435,2267941970
bf,-23.6641578674316,-19.5481834411621,1.3279798625222916,-1.1520948902715613,2267958637
bf,-25.0625114440917,-22.8302421569824,1.247133657768509,-1.497772617489755,2267975304
bf,-26.7250499725341,-25.8616275787353,1.261319422602187,-1.9903768981631667,2267991971
bf,-29.0087699890136,-29.669075012207,1.3264423472764915,-2.58907480528322,2268008638
bf,-32.0864067077636,-33.7925987243652,1.390236569171621,-3.231972185476729,2268025305
bf,-35.3522071838378,-36.9526405334472,1.415849933257755,-3.83860014925091,2268041972
bf,-38.6892433166503,-38.567024230957,1.399965842213617,-4.312840065758875,2268058639
bf,-43.0274391174316,-39.3440971374511,1.377735938762848,-4.548850639599415,2268075306
bf,-47.234619140625,-38.6814651489257,1.410458122984306,-4.444533565578255,2268091973
bf,-50.5158157348632,-35.0938568115234,1.5577959032283752,-3.9251576875244636,2268108640
bf,-52.470645904541,-30.2922172546386,1.8429717647883441,-2.972932524821605,2268125307
bf,-52.452033996582,-27.1898536682128,2.224632414027201,-1.6507693504340288,2268141974
bf,-50.4469261169433,-26.7045669555664,2.5898500770345234,-0.10703169600218962,2268158641
bf,-46.7261619567871,-25.9680080413818,2.7764907567426667,1.444657042416885,2268175308
bf,-42.0011901855468,-23.8310680389404,2.621054249411816,2.765543014121425,2268191975
bf,-37.8420372009277,-20.2056465148925,2.0156949991708646,3.63981877956042,2268208642
bf,-34.5483245849609,-16.5124778747558,0.9526686104154946,3.9186766327279656,2268225309
bf,-32.6771049499511,-13.0125474929809,-0.460419770030939,3.552514094346734,2268241976
bf,-31.9553127288818,-9.85429000854492,-2.0186921884399043,2.606974164855957,2268258643
bf,-30.4341278076171,-6.61450910568237,-3.4633249211395882,1.2592732450891784,2268275310
bf,-28.1553573608398,-3.52461433410644,-4.535940276901435,-0.22850084505629678,2268291977
bf,-25.8432121276855,-0.604051172733306,-5.0307986994924665,-1.5589136903699337,2268308644
bf,-23.337495803833,2.29900979995727,-4.836822668144183,-2.463559998272887,2268325311
bf,-20.2850151062011,4.52496337890625,-3.966222199816553,-2.7660345983470345,2268341978
bf,-17.2824687957763,5.89871978759765,-2.5661077634930494,-2.4241594431419724,2268358645
bf,-14.7386789321899,6.67861080169677,-0.9051242244056703,-1.5374205167558381,2268375312
bf,-12.3812952041625,6.96642589569091,0.6732015089453692,-0.3173935471205389,2268391979
bf,-9.76119804382324,7.32135915756225,1.8282664752787077,0.9682660514865229,2268408646
bf,-7.30736398696899,7.94651699066162,2.311609769111569,2.059818280305129,2268425313
bf,-5.32151699066162,8.5587100982666,2.035774426307755,2.7591572304211174,2268441980
bf,-3.62993431091308,9.26720142364502,1.095242003024396,2.961999519204876,2268458647
bf,-2.25582885742187,9.88346481323242,-0.26862242310711965,2.666392721830379,2268475314
bf,-0.982053697109222,10.2346792221069,-1.7432031196328268,1.9618595825736374,2268491981
bf,0.423468440771102,10.4451971054077,-3.03085591038219,1.0056380126768285,2268508648
bf,1.63512003421783,10.433964729309,-3.916269579841363,-0.008366284920731767,2268525315
bf,2.46504807472229,10.190426826477,-4.298436602758302,-0.8838890973952859,2268541982
bf,2.96661114692688,9.88220310211181,-4.187410697701143,-1.456631672571713,2268558649
bf,3.37747931480407,9.27772903442382,-3.6777281549750023,-1.6247770339771839,2268575316
bf,3.6379542350769,8.10086441040039,-2.9130596269766302,-1.370465361457205,2268591983
bf,3.62570810317993,5.96226978302001,-2.052436678150196,-0.7663342518727443,2268608650
bf,3.33467102050781,2.96149849891662,-1.2424576225141628,0.03690617042337887,2268625317
bf,2.74317789077758,-0.549499154090881,-0.5961638183754409,0.8412629839677689,2268641984
bf,1.92942917346954,-4.61516952514648,-0.17845198262803363,1.4445712579291503,2268658651
bf,0.651265859603881,-9.26450729370117,0.0015627897214141925,1.68620153024007,2268675318
bf,-1.17049944400787,-13.5148391723632,-0.009636313616161251,1.4848487348225734,2268691985
bf,-3.18201899528503,-17.6354637145996,-0.11879754809511106,0.8595156170439634,2268708652
bf,-5.37350749969482,-20.8537521362304,-0.20374516689707858,-0.07168553465630563,2268725319
bf,-8.07081413269043,-22.0669898986816,-0.13956236528023594,-1.1148927164858495,2268741986
bf,-11.3297224044799,-22.7915382385253,0.16947134856738072,-2.0398064371671105,2268758653
bf,-14.9372434616088,-22.3258972167968,0.7574397624823248,-2.625076064403049,2268775320
bf,-17.8787956237792,-19.8106498718261,1.5719655666783545,-2.7011865979628342,2268791987
bf,-20.2459831237792,-15.8369874954223,2.4670495579166816,-2.185890606918101,2268808654
bf,-21.2982063293457,-13.4648284912109,3.222560382469118,-1.1078896463805572,2268825321
bf,-20.8377571105957,-13.4081850051879,3.593134636027739,0.38800791641231885,2268841988
bf,-19.0389518737792,-14.3774728775024,3.378062195494181,2.060760843256322,2268858655
bf,-16.3949813842773,-15.84139919281,2.4919327431923834,3.617762756792417,2268875322
bf,-14.1315460205078,-17.1326522827148,1.0100396932382247,4.774458355551092,2268891989
bf,-13.2007036209106,-17.4237232208251,-0.832488575896191,5.3131876253937484,2268908656
bf,-12.9388389587402,-16.8066959381103,-2.6934621358765414,5.126435891519789,2268925323
bf,-13.0613813400268,-15.8660650253295,-4.214131707029025,4.2356011682792065,2268941990
bf,-13.5065422058105,-14.2905664443969,-5.118166782316407,2.7835364853192344,2268958657
bf,-14.003394126892,-12.2066297531127,-5.286572260346355,1.0044043119609054,2268975324
bf,-14.1391620635986,-10.7984361648559,-4.785388375053242,-0.8228553276933914,2268991991
bf,-13.9796323776245,-9.81377124786377,-3.83996163756476,-2.4293652067384928,2269008658
bf,-13.8072528839111,-9.23650550842285,-2.766552711748012,-3.6092878113140867,2269025325
bf,-14.0377292633056,-9.60799789428711,-1.8832128100994778,-4.259248391930996,2269041992
bf,-14.9225978851318,-10.4861602783203,-1.425236786406919,-4.393802172564295,2269058659
bf,-16.0523128509521,-11.4129571914672,-1.4871237823389336,-4.131823230020129,2269075326
bf,-17.1967983245849,-12.4768352508544,-2.004668874727327,-3.656808912093308,2269091993
bf,-18.2826881408691,-13.8000745773315,-2.779473748278051,-3.1620168447957484,2269108660
bf,-19.1864490509033,-15.4707746505737,-3.5366581798063708,-2.795840992331213,2269125327
bf,-19.8062438964843,-16.7510604858398,-3.9985857467710018,-2.6223511960489123,2269141994
bf,-20.4422817230224,-18.2448997497558,-3.955460107014017,-2.607259274202343,2269158661
bf,-21.4317607879638,-19.8972301483154,-3.3171606711002832,-2.63273625379501,2269175328
bf,-22.3799629211425,-21.8996887207031,-2.1368639254144624,-2.5373207281731345,2269191995
bf,-22.9135551452636,-23.6506805419921,-0.6031188464591093,-2.1708398368897726,2269208662
bf,-23.2919330596923,-25.6452236175537,0.9979264226810349,-1.4496985454968438,2269225329
bf,-23.7215671539306,-27.1932125091552,2.343946450598256,-0.39618478984245803,2269241996
bf,-24.5869026184082,-28.621259689331,3.1505137787688895,0.8520646110930439,2269258663
bf,-25.5475921630859,-29.4995193481445,3.242219814102667,2.069019545890486,2269275330
bf,-26.2687034606933,-30.0227699279785,2.6028045725281963,2.9993993569990662,2269291997
bf,-26.9290752410888,-30.3118267059326,1.3882969784419685,3.434366253568729,2269308664
bf,-27.8881549835205,-30.7895374298095,-0.1050858388478662,3.2800878560777353,2269325331
bf,-29.5065479278564,-30.1332893371582,-1.5138326384036436,2.594702390387709,2269341998
bf,-30.814432144165,-28.5896186828613,-2.502359997746556,1.5778621850536358,2269358665
bf,-31.4028911590576,-26.782241821289,-2.8526528405487968,0.5135169031987117,2269375332
bf,-31.4517135620117,-24.9974918365478,-2.5204903357684687,-0.3151857717398972,2269391999
bf,-30.9140853881835,-23.836835861206,-1.6407071184765714,-0.7086170710875019,2269408666
bf,-30.0168685913085,-23.0187835693359,-0.48051710412419,-0.6023267178802536,2269425333
bf,-29.1104583740234,-22.1808929443359,0.6433934271622667,-0.07279690390820179,2269442000
bf,-28.2786293029785,-21.1683750152587,1.4572536026910816,0.6990202000976125,2269458667
bf,-27.2615432739257,-19.9520320892334,1.8034227437417771,1.4886015300903024,2269475334
bf,-25.9841194152832,-18.7541809082031,1.673431587468793,2.0908314196659163,2269492001
bf,-24.5688934326171,-17.7936496734619,1.194125919357494,2.3669305650197274,2269508668
bf,-23.0993251800537,-16.7454032897949,0.5756013235028166,2.2661217300541434,2269525335
bf,-21.5768604278564,-15.3855104446411,0.0405333169841969,1.8220195513231907,2269542002
bf,-20.1408061981201,-14.0643558502197,-0.2421546456916639,1.1303157885786386,2269558669
bf,-18.8384952545166,-13.1506786346435,-0.2003308082769726,0.31733172070758636,2269575336
bf,-17.69087600708,-12.4945669174194,0.13157996321386287,-0.49112850505401956,2269592003
bf,-16.7465457916259,-12.0488119125366,0.6352123645928567,-1.1935942098083916,2269608670
bf,-16.1096477508544,-11.7581663131713,1.1528401901179903,-1.7260985682064263,2269625337
bf,-15.8477277755737,-11.6558275222778,1.5381401121444849,-2.0650421472844673,2269642004
bf,-15.9245862960815,-11.917254447937,1.6974641813325637,-2.22229400812692,2269658671
bf,-16.2761936187744,-12.4096212387084,1.6107731271727441,-2.2355207588924157,2269675338
bf,-16.8821411132812,-13.0279483795166,1.3287723672823348,-2.1563120623246474,2269692005
bf,-17.7579116821289,-13.8123378753662,0.9502164585884133,-2.03832320291582,2269708672
bf,-18.8175334930419,-14.8204860687255,0.5886227829021243,-1.927542004555246,2269725339
bf,-20.020278930664,-15.9527826309204,0.339427142055801,-1.856554649767894,2269742006
bf,-21.3454914093017,-17.2730484008789,0.2568574056138712,-1.844002968691094,2269758673
bf,-22.8680171966552,-19.155252456665,0.3456111065830726,-1.8991290177821458,2269775340
bf,-24.5394859313964,-21.4516944885253,0.5674251783783073,-2.029442611040852,2269792007
bf,-26.4346199035644,-24.0264835357666,0.8583210610855279,-2.247685967573778,2269808674
bf,-28.5152225494384,-26.6590251922607,1.149815893729713,-2.5735383808288135,2269825341
bf,-31.0366058349609,-29.8527870178222,1.387293958961655,-3.026755838105323,2269842008
bf,-34.0210723876953,-33.9007186889648,1.540824238698038,-3.6112643736271006,2269858675
bf,-37.2612037658691,-37.596866607666,1.6069597093120653,-4.293154332927391,2269875342
bf,-40.5476760864257,-39.4181900024414,1.6030514759400474,-4.97961571324942,2269892009
bf,-44.4555778503418,-39.3203697204589,1.5571811664881845,-5.510589642222501,2269908676
bf,-48.4167251586914,-37.1503982543945,1.4965518496103525,-5.6769599107685424,2269925343
bf,-51.3296012878418,-32.501293182373,1.4359026460644357,-5.272706228067982,2269942010
bf,-52.8782272338867,-27.9956684112548,1.367086626976846,-4.17215169459117,2269958677
bf,-52.5359115600585,-25.3592872619628,1.252644092720007,-2.405080085691704,2269975344
bf,-50.3787307739257,-23.8516483306884,1.028598209278113,-0.19471308446100866,2269992011
bf,-46.7979278564453,-22.3679103851318,0.6210353813169525,2.066678229580284,2270008678
bf,-42.8872680664062,-20.7519359588623,-0.024966606244020386,3.906579741567606,2270025345
bf,-39.3396835327148,-18.7875061035156,-0.9139397316442155,4.901858645824235,2270042012
bf,-36.1542015075683,-16.6329669952392,-1.9802170448488567,4.807594933296725,2270058679
bf,-33.8530349731445,-13.1775932312011,-3.0894521779592967,3.6397558226066726,2270075346
bf,-32.2137489318847,-7.51252365112304,-4.061297798830471,1.6799283273760452,2270092013
bf,-29.4974288940429,-2.38833999633789,-4.704951808704203,-0.6017740495036734,2270108680
bf,-26.0716705322265,0.0159407947212457,-4.857489119031271,-2.6785024302496807,2270125347
bf,-23.548583984375,1.2086763381958,-4.4180905697554795,-4.1066724133612444,2270142014
bf,-21.9096965789794,2.04627585411071,-3.3752602351383847,-4.628782100242278,2270158681
bf,-20.2953491210937,2.44895505905151,-1.825232339982432,-4.212580840476449,2270175348
bf,-18.4189300537109,2.5591185092926,0.02326676663701323,-3.0258053697112435,2270192015
bf,-15.8372364044189,2.67065644264221,1.8668581447999835,-1.3662805644291263,2270208682
bf,-13.0844049453735,2.86573505401611,3.3555950185477,0.4239364006758331,2270225349
bf,-10.8525667190551,3.32045912742614,4.16835696168681,2.03443056634838,2270242016
bf,-9.34397220611572,3.864919424057,4.09711404761174,3.236451870412358,2270258683
bf,-7.91388750076293,4.50089788436889,3.111456912746057,3.9032877295449926,2270275350
bf,-6.2521071434021,5.16366577148437,1.3779432740686581,4.006777267345169,2270292017
bf,-4.47626209259033,5.70568323135376,-0.7752227880519127,3.600157671326207,2270308684
bf,-3.15832924842834,6.25513172149658,-2.937104135584598,2.796418533797057,2270325351
bf,-2.24023270606994,6.84919071197509,-4.710392265267214,1.7471368786656842,2270342018
bf,-1.27542006969451,7.57128620147705,-5.795696352611266,0.6226797731655793,2270358685
bf,-0.349804580211639,8.19234180450439,-6.0424223547427225,-0.4070755286591742,2270375352
bf,0.456272929906845,8.31732749938964,-5.459261551431259,-1.1918631552808994,2270392019
bf,1.23284590244293,8.05320167541503,-4.190732426876865,-1.619224122620544,2270408686
bf,1.79466998577117,7.26555728912353,-2.4737300511657465,-1.6303148229216973,2270425353
bf,2.1799304485321,5.8100848197937,-0.5885628729004655,-1.2314318433459701,2270442020
bf,2.33480381965637,3.74260354042053,1.1853557516694877,-0.49876786875206286,2270458687
bf,1.94615614414215,1.24532675743103,2.604659768710894,0.42651377106145383,2270475354
bf,1.10738706588745,-1.70712089538574,3.4876734085733774,1.3552698040349136,2270492021
bf,0.110299609601497,-5.43008661270141,3.731834312311792,2.0798006460549163,2270508688
bf,-0.991554141044616,-9.70617008209228,3.3240042118049673,2.4127061926480917,2270525355
bf,-2.38571953773498,-14.0285415649414,2.343825429875099,2.2283471613709867,2270542022
bf,-3.96688675880432,-18.07102394104,0.9591766294990336,1.4973068241669514,2270558689
bf,-5.88844966888427,-21.6224060058593,-0.5881476267774851,0.3040587377437936,2270575356
bf,-8.54230976104736,-24.1350231170654,-2.008816908475875,-1.158830519268825,2270592023
bf,-12.1610803604125,-25.4729747772216,-3.006105038325193,-2.6209925965282297,2270608690
bf,-16.316349029541,-25.7782821655273,-3.3291189932260252,-3.784181597497502,2270625357
bf,-20.091381072998,-23.6455173492431,-2.8333905954796736,-4.38301354631808,2270642024
bf,-23.1118621826171,-19.0102291107177,-1.5356961795755777,-4.245609643584345,2270658691
bf,-25.6351852416992,-15.3292121887207,0.3566852770117272,-3.3413806584225014,2270675358
bf,-26.27978515625,-14.154312133789,2.4624224669777894,-1.802177043756139,2270692025
bf,-25.2846393585205,-14.5007171630859,4.297981507013693,0.09350404356113286,2270708692
bf,-22.7997684478759,-15.9778003692626,5.394311431391572,1.9738074573360929,2270725359
bf,-19.2762069702148,-17.4805850982666,5.425797824320891,3.452671393289378,2270742026
bf,-17.1790390014648,-18.2149868011474,4.3070779112480375,4.214985688361889,2270758693
bf,-16.688341140747,-17.4005012512207,2.2207839478529876,4.086846839500999,2270775360
bf,-17.0048351287841,-15.4500093460083,-0.4348460771101962,3.074897154590442,2270792027
bf,-17.696678161621,-13.5161485671997,-3.158152433167894,1.366635434130725,2270808694
bf,-18.3580741882324,-10.9758720397949,-5.475375885010921,-0.708061789162008,2270825361
bf,-18.1931381225585,-8.39985942840576,-7.049535743341163,-2.7466315793402907,2270842028
bf,-17.3294334411621,-6.50901889801025,-7.7397593642063285,-4.361045169511661,2270858695
bf,-16.4810733795166,-6.0670895576477,-7.603582818225635,-5.263935352260524,2270875362
bf,-16.1032752990722,-6.29270458221435,-6.851077529279062,-5.332655353092995,2270892029
bf,-16.3360080718994,-7.3374171257019,-5.769547835981752,-4.633400144292934,2270908696
bf,-16.8007011413574,-9.1279067993164,-4.641400844594802,-3.3975896247084507,2270925363
bf,-17.2690811157226,-11.1568336486816,-3.676408795295281,-1.9571276526591226,2270942030
bf,-17.5990886688232,-13.0372724533081,-2.973337502283263,-0.6578495021173498,2270958697
bf,-17.9280548095703,-14.4491853713989,-2.516287427404319,0.2242095179392815,2270975364
bf,-18.3302001953125,-15.5566492080688,-2.2013175931898363,0.5427331319860879,2270992031
bf,-18.808889389038,-16.9423503875732,-1.882184840884576,0.3057330343168637,2271008698
bf,-19.4105415344238,-18.3991298675537,-1.4214888386969997,-0.33643500553518646,2271025365
bf,-20.0761737823486,-19.5631580352783,-0.7344413773552211,-1.1335188390728912,2271042032
bf,-21.077314376831,-20.3155269622802,0.18423017808683498,-1.797981717456492,2271058699
bf,-22.1026897430419,-21.5571899414062,1.254926989276156,-2.0753458399482647,2271075366
bf,-23.2207698822021,-22.9268627166748,2.328843054783179,-1.8088085786789714,2271092033
bf,-24.407543182373,-23.9678688049316,3.220003756068539,-0.9844910951096669,2271108700
bf,-25.3988227844238,-25.1500339508056,3.746867847706077,0.2552076101236836,2271125367
bf,-26.1361808776855,-26.3156986236572,3.7759330635027446,1.6386059532046822,2271142034
bf,-26.7824687957763,-27.5312557220459,3.259169998462078,2.831520874689004,2271158701
bf,-27.5545902252197,-28.6770648956298,2.2562101814937265,3.52987075177463,2271175368
bf,-28.4656200408935,-28.9517097473144,0.9325707473500079,3.5512860946769536,2271192035
bf,-29.2036552429199,-27.7682189941406,-0.47063660325971624,2.8940802260923193,2271208702
bf,-29.8036365509033,-26.1411705017089,-1.6914045490556757,1.7404224684172638,2271225369
bf,-30.7264194488525,-24.29292678833,-2.5117755491293687,0.40086440601372153,2271242036
bf,-31.451524734497,-22.1632747650146,-2.8127248865798005,-0.7797182410976075,2271258703
bf,-31.4862194061279,-20.3257217407226,-2.600355889204263,-1.520897839460197,2271275370
bf,-30.85249710083,-18.9273281097412,-1.9944467264943546,-1.6777791755977198,2271292037
bf,-29.8437976837158,-17.5563831329345,-1.1842187342404853,-1.2658301496281006,2271308704
bf,-28.7032718658447,-16.5178661346435,-0.3681127478901227,-0.4387871825392361,2271325371
bf,-27.5266780853271,-15.4354848861694,0.3009349014151421,0.5667181967712455,2271342038
bf,-26.0586071014404,-14.2820568084716,0.7474498103906981,1.4992674689741794,2271358705
bf,-24.4009532928466,-13.4685888290405,0.9758926236682725,2.1536922147473843,2271375372
bf,-22.7260475158691,-12.8169403076171,1.0484931118330258,2.411372795825146,2271392039
bf,-21.0152397155761,-11.9976825714111,1.0507664345928986,2.254259112123377,2271408706
bf,-19.3090686798095,-11.1724653244018,1.0581673991558185,1.7541212620194393,2271425373
bf,-17.7728805541992,-10.5944852828979,1.1135294058948983,1.0430809165516965,2271442040
bf,-16.4704284667968,-10.3238086700439,1.2195300068085215,0.273914959807028,2271458707
bf,-15.4616928100585,-10.429817199707,1.3458432909551903,-0.42006304648355364,2271475374
bf,-14.8515853881835,-10.5958070755004,1.447125231497074,-0.9555969883981081,2271492041
bf,-14.6810035705566,-11.0948810577392,1.4851110610349862,-1.3128107100499125,2271508708
bf,-14.7746181488037,-11.8830814361572,1.4466323675691755,-1.5286339332608732,2271525375
bf,-15.1765556335449,-12.8250465393066,1.3507006657901206,-1.674279459594254,2271542042
bf,-15.8677177429199,-14.0142850875854,1.242076722952854,-1.8258306108730755,2271558709
bf,-16.811330795288,-15.225341796875,1.1741070543094452,-2.038349307352163,2271575376
bf,-17.8827209472656,-16.7758502960205,1.187586912856417,-2.331285310654764,2271592043
bf,-19.0585956573486,-18.7503337860107,1.2935913493719047,-2.687975124530469,2271608710
bf,-20.3661422729492,-21.1909923553466,1.466684454316775,-3.0667982957305333,2271625377
bf,-21.8745174407959,-24.0983905792236,1.6515309567454102,-3.4178220126455994,2271642044
bf,-23.6879405975341,-27.2339057922363,1.7816656454419184,-3.6977716569709616,2271658711
bf,-26.0935878753662,-31.206127166748,1.8050280280705944,-3.878328272047627,2271675378
bf,-29.1854839324951,-35.531078338623,1.7079022437148565,-3.94656662793176,2271692045
bf,-32.8447532653808,-38.9178123474121,1.528045761393584,-3.899132834444786,2271708712
bf,-36.6176528930664,-40.7628517150878,1.3496749218418187,-3.732769144566861,2271725379
bf,-40.3832359313964,-40.4838371276855,1.2777988984336919,-3.4349728533302923,2271742046
bf,-44.6748466491699,-37.3772277832031,1.3965520153575341,-2.9807117602214297,2271758713
bf,-47.8700561523437,-32.9235115051269,1.7237604820941017,-2.341153190543477,2271775380
bf,-49.42720413208,-29.5225772857666,2.1789355705617837,-1.505054055191359,2271792047
bf,-49.0579833984375,-27.8827648162841,2.5812871561917614,-0.5047687264245495,2271808714
bf,-46.9410972595214,-26.4997730255126,2.6868325005779767,0.5668558231299592,2271825381
bf,-42.8693618774414,-24.6162929534912,2.2601272142262876,1.5605551787105327,2271842048
bf,-38.3999328613281,-22.5624103546142,1.1604978960395986,2.2991366478459985,2271858715
bf,-35.2403945922851,-19.6658344268798,-0.5878573237986793,2.623434421179383,2271875382
bf,-32.9247550964355,-16.5814208984375,-2.770632982297817,2.4411123826227894,2271892049
bf,-31.793659210205,-13.3343648910522,-5.016443412268187,1.7619201883749587,2271908716
bf,-31.5307292938232,-9.93311786651611,-6.880475955486208,0.7075489263921092,2271925383
bf,-31.0141334533691,-5.98943853378295,-7.954816581466585,-0.5077050563228636,2271942050
bf,-28.952486038208,-1.53014779090881,-7.974773802723622,-1.621455121478751,2271958717
bf,-26.2169132232666,1.4111328125,-6.892184430641672,-2.3831217709498285,2271975384
bf,-24.0192375183105,3.11745619773864,-4.8948910626638416,-2.6153512770637746,2271992051
bf,-22.3666934967041,4.52270746231079,-2.365824471231563,-2.2608260134075753,2272008718
bf,-20.6271820068359,5.57187843322753,0.20725379808309063,-1.3996502007752634,2272025385
bf,-18.7156581878662,6.16927862167358,2.3456803335662504,-0.2293016906518924,2272042052
bf,-16.6897239685058,6.60930347442626,3.6862667131575857,0.9892800416917964,2272058719
bf,-14.7543392181396,7.03432703018188,4.053534337571786,2.003780331599191,2272075386
bf,-13.0343904495239,7.95108318328857,3.4826514349923605,2.637988792931197,2272092053
bf,-11.2171621322631,8.96049308776855,2.191745250634837,2.833338121959053,2272108720
bf,-9.1904296875,9.84749412536621,0.5150276486694249,2.652647377515902,2272125387
bf,-7.02457666397094,10.7296857833862,-1.182831744740815,2.2476334660538773,2272142054
bf,-5.1317400932312,11.6109542846679,-2.587617128186128,1.8036232276606412,2272158721
bf,-3.61166071891784,11.9843587875366,-3.492169259241542,1.480901086702335,2272175388
bf,-2.07477498054504,11.7481956481933,-3.8185902424551363,1.3707834368330623,2272192055
bf,-0.976019084453582,11.0977640151977,-3.607546766006349,1.4773652419644114,2272208722
bf,0.0059680379927158,10.2875461578369,-2.9853360031274074,1.7263850000631922,2272225389
bf,1.10132014751434,9.23371219635009,-2.1228759784630933,1.9944098880042824,2272242056
bf,2.05218815803527,7.79038429260253,-1.198373830909198,2.1469742727074164,2272258723
bf,2.65506935119628,6.16712951660156,-0.36981067449066723,2.0741257954079324,2272275390
bf,2.78339982032775,4.50643587112426,0.2418895236959964,1.715053830067665,2272292057
bf,2.32097816467285,2.66259884834289,0.5610854965319155,1.0680217754051542,2272308724
bf,1.54907643795013,0.471232950687408,0.559952498433941,0.18590394026969195,2272325391
bf,0.577285170555114,-2.42563486099243,0.25794439754812537,-0.8393265114478324,2272342058
bf,-0.562240540981292,-6.16644668579101,-0.28026266556911966,-1.897689645120222,2272358725
bf,-2.17694497108459,-10.0358753204345,-0.9486169190007062,-2.8814938903196268,2272375392
bf,-4.30814504623413,-13.2618160247802,-1.6076082941484424,-3.699400366249542,2272392059
bf,-6.6529221534729,-16.072301864624,-2.0996324168493614,-4.281514171072429,2272408726
bf,-9.2784833908081,-17.3455562591552,-2.2743810968896443,-4.576040795971023,2272425393
bf,-12.2518320083618,-17.9376850128173,-2.023695859005989,-4.541000797992731,2272442060
bf,-15.7324132919311,-18.2785606384277,-1.3202227008854877,-4.137156847416861,2272458727
bf,-18.6739521026611,-17.2416439056396,-0.24868011782389957,-3.3297374917144067,2272475394
bf,-20.9357662200927,-14.7181396484375,0.984943865617175,-2.1037557399782827,2272492061
bf,-21.6577453613281,-12.4500923156738,2.0795867542958617,-0.48952560866025563,2272508728
bf,-20.5802497863769,-12.2419567108154,2.705400299410069,1.4139416481131786,2272525395
bf,-17.9122104644775,-13.0877161026,2.599099542683527,3.432318339479483,2272542062
bf,-15.0524730682373,-14.3956212997436,1.6600317558321664,5.334085826073682,2272558729
bf,-13.656641960144,-16.2367820739746,0.009941767690818542,6.870206026876223,2272575396
bf,-13.6863412857055,-16.946979522705,-2.012618907329176,7.823267409307788,2272592063
bf,-14.0915822982788,-16.4180507659912,-3.929182515560669,8.05139467360661,2272608730
bf,-14.5994186401367,-15.2282743453979,-5.2482439278686766,7.515626973018879,2272625397
bf,-14.7300815582275,-13.6681880950927,-5.602204850198902,6.285950500637219,2272642064
bf,-13.7622079849243,-12.166706085205,-4.851488501771039,4.527162132727277,2272658731
bf,-12.24605178833,-10.7314205169677,-3.124936691180303,2.4692222407732674,2272675398
bf,-11.2367858886718,-9.71825504302978,-0.7866711377487126,0.3679073733820026,2272692065
bf,-10.8367805480957,-8.94406604766845,1.6581376552142546,-1.5380513919889451,2272708732
bf,-10.6934232711792,-8.12499237060546,3.689644607581703,-3.066113400956361,2272725399
bf,-11.1845712661743,-7.41910791397094,4.8963202504754,-4.116726383271252,2272742066
bf,-12.3853006362915,-7.2550311088562,5.063250969899005,-4.679894102039468,2272758733
bf,-13.8779458999633,-7.88806104660034,4.207192630242025,-4.818811748182746,2272775400
bf,-15.3752460479736,-9.51975917816162,2.5562530748734438,-4.636300379863738,2272792067
bf,-16.6380195617675,-11.8584280014038,0.4863488847309793,-4.2367553023126225,2272808734
bf,-17.5982666015625,-14.4643192291259,-1.565599568418976,-3.6973561101512105,2272825401
bf,-18.5318946838378,-17.1443462371826,-3.1911701528370497,-3.056813487475614,2272842068
bf,-19.8242588043212,-19.6668395996093,-4.086285865487369,-2.3216687256919393,2272858735
bf,-21.5169982910156,-21.6747074127197,-4.102829689185651,-1.4840301868709356,2272875402
bf,-22.9998664855957,-23.3032836914062,-3.270680358712819,-0.543018528517032,2272892069
bf,-23.8176898956298,-24.9085273742675,-1.7887140063305607,0.4762671466628029,2272908736
bf,-24.8812599182128,-26.5207500457763,0.014115656701458635,1.5107150577547273,2272925403
bf,-25.7773189544677,-27.8309383392334,1.7441433400075965,2.4579882512429334,2272942070
bf,-26.6438789367675,-29.0124721527099,3.0269520745217355,3.1894498033136767,2272958737
bf,-27.3773078918457,-29.8292198181152,3.594645218262991,3.5778821306976774,2272975404
bf,-28.0169162750244,-30.1474437713623,3.353780281449593,3.5351377340340613,2272992071
bf,-29.0631828308105,-29.7073040008544,2.410565515970472,3.0482308978474033,2273008738
bf,-30.3130226135253,-29.0805683135986,1.040363425936929,2.1986507949206726,2273025405
bf,-31.4119338989257,-28.0086116790771,-0.3924125753590372,1.1528570737794337,2273042072
bf,-32.2375717163085,-26.2783908843994,-1.5392276800047457,0.1225103947236619,2273058739
bf,-32.7608680725097,-24.3060760498046,-2.163125970544984,-0.6937205294869437,2273075406
bf,-32.8181648254394,-22.7122573852539,-2.1950136973663428,-1.1661828270840335,2273092073
bf,-32.494514465332,-21.3013362884521,-1.734994772373504,-1.2679307307265362,2273108740
bf,-31.9389686584472,-19.7012386322021,-1.0025994283785415,-1.0748470190363406,2273125407
bf,-31.2490787506103,-18.2326736450195,-0.25660401557042795,-0.733785571013859,2273142074
bf,-30.5165996551513,-16.8166980743408,0.2865824165544852,-0.41160754504741437,2273158741
bf,-29.7274417877197,-15.3862447738647,0.5098887237296656,-0.24357844638035406,2273175408
bf,-28.7812252044677,-14.0509624481201,0.413758022124502,-0.29782979945306765,2273192075
bf,-27.598669052124,-12.741810798645,0.09643928492996752,-0.5649297627296586,2273208742
bf,-26.3954067230224,-11.7252731323242,-0.2909293345720195,-0.9720136810444846,2273225409
bf,-25.3524627685546,-11.0372104644775,-0.5968725554914142,-1.4134779602275824,2273242076
bf,-24.4632625579834,-10.7123460769653,-0.7137746172155165,-1.7868588822468283,2273258743
bf,-23.6455459594726,-10.5617084503173,-0.6031044575556814,-2.022865456192408,2273275410
bf,-22.8721313476562,-10.6251420974731,-0.2976306904195105,-2.101534265916106,2273292077
bf,-22.2215061187744,-10.711386680603,0.11714856119992975,-2.051256547101372,2273308744
bf,-21.8451404571533,-10.8335390090942,0.5350406333298138,-1.9329384620177605,2273325411
bf,-21.7608127593994,-11.0858755111694,0.8641860627978829,-1.816093520903163,2273342078
bf,-21.9237270355224,-11.4956436157226,1.0542065850039517,-1.7555643312138247,2273358745
bf,-22.3347263336181,-11.9636878967285,1.1074391908620353,-1.77634959804805,2273375412
bf,-22.9129543304443,-12.5687952041625,1.0718105184031694,-1.8705903492632856,2273392079
bf,-23.6713886260986,-13.341833114624,1.0193583034474634,-2.006630933536117,2273408746
bf,-24.5605812072753,-14.4378366470336,1.0190253718357456,-2.146429899866798,2273425413
bf,-25.5459175109863,-16.0780963897705,1.1131991883501147,-2.2651856794744054,2273442080
bf,-26.7190017700195,-18.1066398620605,1.3046785985687497,-2.3662668711232455,2273458747
bf,-28.0543994903564,-20.5019874572753,1.5563009452195216,-2.485598528059771,2273475414
bf,-29.6169567108154,-23.3449764251709,1.8016549979016712,-2.682570017609358,2273492081
bf,-31.4774456024169,-26.4898223876953,1.963330842009338,-3.018915845050839,2273508748
bf,-33.9221153259277,-30.4817657470703,1.974754659438279,-3.5315664459719907,2273525415
bf,-37.0540618896484,-34.4800033569335,1.8016834084548072,-4.208016946469645,2273542082
bf,-40.3648452758789,-37.6825675964355,1.4589120430326412,-4.972069328798532,2273558749
bf,-43.437515258789,-39.3708190917968,1.0168129513429052,-5.685090084975935,2273575416
bf,-47.4255409240722,-39.5053253173828,0.5923414698111658,-6.1652924971068535,2273592083
bf,-51.8115539550781,-36.9843254089355,0.32173106784345146,-6.224899613766697,2273608750
bf,-55.1683959960937,-32.9326210021972,0.3178850198915183,-5.720336784351786,2273625417
bf,-56.7335777282714,-30.4109878540039,0.6231589246921571,-4.603676809202843,2273642084
bf,-56.0773200988769,-28.6797733306884,1.1744958316595893,-2.958268452070033,2273658751
bf,-53.3284950256347,-27.4599380493164,1.7984146906037213,-1.0027940153671813,2273675418
bf,-49.3781356811523,-26.888235092163,2.2453860062665822,0.9429525666691804,2273692085
bf,-45.2061119079589,-26.067663192749,2.258278258520878,2.5245333326330597,2273708752
bf,-41.4516220092773,-23.6090202331542,1.6543266164580823,3.434901383280516,2273725419
bf,-38.5461196899414,-21.1945362091064,0.39252624779361833,3.4905549991071805,2273742086
bf,-36.6132850646972,-18.4281482696533,-1.3971255388470256,2.681999877257399,2273758753
bf,-35.1350021362304,-14.9908876419067,-3.4321508770333957,1.184926785985118,2273775420
bf,-33.1090965270996,-10.5792636871337,-5.3377115149822565,-0.6728245686435508,2273792087
bf,-30.051887512207,-6.85552406311035,-6.7310962660499625,-2.483317968978507,2273808754
bf,-27.031286239624,-4.26790046691894,-7.308883217638691,-3.8536181381056593,2273825421
bf,-24.8108234405517,-2.3569700717926,-6.916400211372473,-4.499186925702226,2273842088
bf,-23.1865100860595,-1.00127518177032,-5.5850417666672305,-4.308472832622565,2273858755
bf,-21.4642105102539,-0.588596403598785,-3.531466529553571,-3.3591088887154434,2273875422
bf,-19.4141235351562,-0.550632238388061,-1.1202998185880078,-1.8825108853092256,2273892089
bf,-16.9817867279052,-0.493428140878677,1.2034373195080588,-0.19212567029665803,2273908756
bf,-14.0716876983642,-0.0733457878232002,3.002790207604651,1.3980369291427228,2273925423
bf,-11.49205493927,0.495232999324798,3.943772476384193,2.6390082099783703,2273942090
bf,-9.75465583801269,1.09633839130401,3.8753039865269985,3.382462859999857,2273958757
bf,-8.29794597625732,1.69519650936126,2.8695928944652382,3.586512951355526,2273975424
bf,-6.80117177963256,2.15823125839233,1.2056238620234587,3.3015154682931485,2273992091
bf,-5.48749589920043,2.34864926338195,-0.7036620300923289,2.6473369526945127,2274008758
bf,-4.52952527999877,2.11326789855957,-2.4194689475830993,1.788988210578582,2274025425
bf,-3.62339544296264,1.60115599632263,-3.587037117775221,0.9116422129856078,2274042092
bf,-2.78969693183898,1.28889560699462,-4.01482252659933,0.19310636411618934,2274058759
bf,-2.06572341918945,0.81964486837387,-3.7031609996654278,-0.22676391662893502,2274075426
bf,-1.58361005783081,-0.195087164640426,-2.820499703162553,-0.27613302234493403,2274092093
bf,-1.2535890340805,-1.85898900032043,-1.640932053192074,0.02666410542604409,2274108760
bf,-0.980813443660736,-4.33414411544799,-0.4651074224047482,0.5675272417640286,2274125427
bf,-0.762370586395263,-7.32271909713745,0.45350731968574515,1.1538863729516018,2274142094
bf,-0.694246411323547,-10.7822761535644,0.9612317646412097,1.5557485021930773,2274158761
bf,-0.999317824840545,-14.578366279602,1.0283413651078674,1.5642318867702962,2274175428
bf,-1.80292296409606,-18.2105998992919,0.7449318714856118,1.0545967224732644,2274192095
bf,-3.34921288490295,-21.2976741790771,0.2931722402662995,0.036371205927429685,2274208762
bf,-5.64929819107055,-22.7321891784667,-0.0977211070462668,-1.3270430442597514,2274225429
bf,-8.10758304595947,-22.4332103729248,-0.2072746584729956,-2.7410721899802333,2274242096
bf,-10.5289916992187,-22.129409790039,0.11712022585267348,-3.844820243280228,2274258763
bf,-13.239815711975,-20.4695873260498,0.9081223978551853,-4.303601292782925,2274275430
bf,-15.352515220642,-17.5515003204345,2.047444976768872,-3.9041113862754697,2274292097
bf,-16.69038772583,-16.0172653198242,3.270837569096626,-2.6245570066118176,2274308764
bf,-17.1052932739257,-15.7037696838378,4.218313845870727,-0.6578456069911095,2274325431
bf,-16.1912879943847,-16.0725517272949,4.525687296420065,1.6215291202252062,2274342098
bf,-14.0454740524292,-17.6321907043457,3.9357553701312478,3.7401573296075585,2274358765
bf,-12.0879011154174,-18.9895210266113,2.3930947140370606,5.2365341103340795,2274375432
bf,-11.3279552459716,-19.178295135498,0.08520290249088845,5.770636092062208,2274392099
bf,-11.1921043395996,-17.8065967559814,-2.5908156813962773,5.203738413743845,2274408766
bf,-11.2809963226318,-15.910189628601,-5.128885027896145,3.6283790567053122,2274425433
bf,-11.5561456680297,-13.3119211196899,-7.049140911288786,1.3415337961210332,2274442100
bf,-12.1919431686401,-9.81012439727783,-8.023459597687566,-1.2310434913430168,2274458767
bf,-12.6083440780639,-7.12052297592163,-7.953288765987339,-3.638318718386018,2274475434
bf,-12.6605062484741,-6.01944303512573,-6.980569325404457,-5.507094990456759,2274492101
bf,-12.5633964538574,-5.32567644119262,-5.434954353946516,-6.6176460365097505,2274508768
bf,-12.2388105392456,-5.70709800720214,-3.7379331212488904,-6.933782502109457,2274525435
bf,-12.3797855377197,-7.14249563217163,-2.2924929932745846,-6.583223950638514,2274542102
bf,-13.1945114135742,-8.65424728393554,-1.3863843306574766,-5.798753748184393,2274558769
bf,-14.3472175598144,-9.84324550628662,-1.130957616697948,-4.841220228614646,2274575436
bf,-15.7430191040039,-11.2732877731323,-1.4479491633133312,-3.9284211243478326,2274592103
bf,-17.0203590393066,-13.667628288269,-2.1046252790018505,-3.1886888582984287,2274608770
bf,-17.9324493408203,-16.3676376342773,-2.785722858826177,-2.647512965238804,2274625437
bf,-18.8205451965332,-17.8878078460693,-3.182217608628991,-2.2445420409591463,2274642104
bf,-19.3235149383544,-18.6977291107177,-3.07441231008406,-1.870930490621205,2274658771
bf,-19.4019794464111,-19.7366752624511,-2.3898015242707467,-1.4148355442354312,2274675438
bf,-19.854377746582,-20.8107395172119,-1.2227734920438593,-0.8043262412628496,2274692105
bf,-21.4128150939941,-22.1030559539794,0.1881924005674793,-0.038829113530847184,2274708772
bf,-23.5419216156005,-23.2580337524414,1.5207267022951947,0.7990097622044502,2274725439
bf,-24.9389572143554,-24.5438041687011,2.452143008718045,1.5576358875837226,2274742106
bf,-25.6289730072021,-25.5081443786621,2.7459016598794292,2.0581296969565126,2274758773
bf,-26.2089557647705,-25.8914775848388,2.318399228859876,2.1538275081268106,2274775440
bf,-27.2608585357666,-25.5047302246093,1.2669062314282538,1.7880781773333612,2274792107
bf,-29.1722373962402,-24.5470333099365,-0.1515906963539177,1.0261692080090283,2274808774
bf,-31.2658634185791,-22.9899520874023,-1.587557770159078,0.045358239303020506,2274825441
bf,-32.8159294128418,-21.1455154418945,-2.6944262286697427,-0.9156190150829672,2274842108
bf,-33.4832725524902,-19.6010646820068,-3.224115267265311,-1.628702782387225,2274858775
bf,-33.4348220825195,-18.2664108276367,-3.092664855833098,-1.9435020559255978,2274875442
bf,-33.0148963928222,-16.8679790496826,-2.3955613862418574,-1.8267263005408925,2274892109
bf,-32.3772468566894,-15.3798599243164,-1.3696274637483041,-1.3640425662828475,2274908776
bf,-31.6376590728759,-13.9390506744384,-0.3162433653553915,-0.7277251057174463,2274925443
bf,-30.6867179870605,-12.4838676452636,0.4879253344976274,-0.12296902728244821,2274942110
bf,-29.5325355529785,-10.9798860549926,0.8650240462165901,0.2701219288641056,2274958777
bf,-28.3363800048828,-9.3664960861206,0.7748298256172574,0.342530747391572,2274975444
bf,-27.100149154663,-7.52043628692626,0.311126744202085,0.07846368998600792,2274992111
bf,-25.909475326538,-5.74979877471923,-0.33822226137427686,-0.4507783610350311,2275008778
bf,-24.8190765380859,-4.32699680328369,-0.9521830707176412,-1.1167708850649491,2275025445
bf,-23.7455654144287,-3.43006515502929,-1.3401796508064168,-1.7760144473059325,2275042112
bf,-22.7909545898437,-3.05545806884765,-1.3925317316122376,-2.3096954384126485,2275058779
bf,-22.173038482666,-2.94437026977539,-1.1068216205551968,-2.6500250742625306,2275075446
bf,-21.9571704864501,-3.08802986145019,-0.5851057491967092,-2.788688806824844,2275092113
bf,-21.8785133361816,-3.47590088844299,-0.003026878112905469,-2.7691165766388446,2275108780
bf,-21.9414463043212,-4.00207662582397,0.44163175403444194,-2.6677336538253402,2275125447
bf,-22.3342170715332,-4.73655319213867,0.5875908905170445,-2.570330165652472,2275142114
bf,-22.9685192108154,-5.7732810974121,0.35948976168689895,-2.5493117690656715,2275158781
bf,-23.7629566192626,-6.91465377807617,-0.20680816815691477,-2.6465020398825043,2275175448
bf,-24.6641178131103,-8.10583686828613,-0.9713933453357674,-2.864614393359575,2275192115
bf,-25.6966133117675,-9.69658279418945,-1.7285341474621725,-3.1687564775537123,2275208782
bf,-26.8236694335937,-11.7204341888427,-2.264594151323808,-3.4975425869707126,2275225449
bf,-28.0037612915039,-13.9862842559814,-2.4179447411799946,-3.7815359577825007,2275242116
bf,-29.3620166778564,-16.8025703430175,-2.1228636718105722,-3.964852392722309,2275258783
bf,-31.0609340667724,-19.6821269989013,-1.4250115543067106,-4.024192293993387,2275275450
bf,-33.4284973144531,-22.8449211120605,-0.46508689289768995,-3.9788636508201605,2275292117
bf,-36.6235084533691,-26.7408466339111,0.56349695659869,-3.886100837640645,2275308784
bf,-40.2077941894531,-31.0616340637207,1.4699335482804707,-3.8191754482195366,2275325451
bf,-43.6406478881835,-33.7997970581054,2.117695871755628,-3.8323410050558584,2275342118
bf,-47.3613052368164,-34.937255859375,2.4565102759323474,-3.925064043482812,2275358785
bf,-51.3161163330078,-34.4116325378418,2.523745231419723,-4.023238731753019,2275375452
bf,-54.3648834228515,-31.1706504821777,2.41363027583223,-3.991692454034303,2275392119
bf,-55.8965110778808,-26.8995304107666,2.224449672051512,-3.67944423511317,2275408786
bf,-55.5581703186035,-23.5554370880126,2.0041993362168884,-2.9828161874605876,2275425453
bf,-53.44575881958,-21.8091087341308,1.7187390109369909,-1.9011509888116127,2275442120
bf,-49.8869361877441,-20.7346744537353,1.2593006949536103,-0.5618264831742491,2275458787
bf,-46.1277275085449,-19.5611515045166,0.489807980023805,0.7964227442791187,2275475454
bf,-42.4687271118164,-17.6203384399414,-0.6835978810398448,1.87786731154617,2275492121
bf,-38.8649253845214,-14.7790508270263,-2.248721083123111,2.406680180173495,2275508788
bf,-36.1845474243164,-11.3978719711303,-4.054775332251077,2.2057594775544693,2275525455
bf,-34.4933624267578,-8.0693302154541,-5.8247429463855855,1.2561683301041486,2275542122
bf,-32.7605400085449,-3.90779471397399,-7.211401563648553,-0.28065819005332304,2275558789
bf,-30.3087844848632,0.321902751922607,-7.883128703628706,-2.0878937329721925,2275575456
bf,-28.0406246185302,3.31510066986084,-7.616765536053201,-3.763391225289243,2275592123
bf,-26.4499530792236,5.80713701248168,-6.3713644948870884,-4.918771092376299,2275608790
bf,-24.840705871582,7.35268592834472,-4.320651938909133,-5.279987853641621,2275625457
bf,-22.029275894165,7.82849740982055,-1.8327135018049925,-4.7583680579870675,2275642124
bf,-19.1928596496582,7.54679489135742,0.601773309855854,-3.4693181797587007,2275658791
bf,-16.2684001922607,7.32460212707519,2.4796778216485666,-1.694046765505541,2275675458
bf,-13.5952577590942,7.43229341506958,3.4093389035330666,0.2000895077831797,2275692125
bf,-11.8573703765869,7.84870433807373,3.213735572488043,1.852272906105358,2275708792
bf,-10.3357353210449,8.15719509124755,1.9778986307832942,2.9857610472323675,2275725459
bf,-8.7263069152832,8.48187923431396,0.02131107980579631,3.453068978736515,2275742126
bf,-7.1026268005371,8.69667625427246,-2.1965276676395646,3.245871277058006,2275758793
bf,-5.60783767700195,8.84878253936767,-4.204010492172718,2.476837153375217,2275775460
bf,-4.39140462875366,8.82355308532714,-5.63507168233701,1.3439789155096855,2275792127
bf,-3.34999752044677,8.53643321990966,-6.300967012579668,0.08695336530655863,2275808794
bf,-2.40101504325866,8.1629467010498,-6.201633304831049,-1.0573909697746124,2275825461
bf,-1.66975104808807,7.54521179199218,-5.485474452683043,-1.8944130277773492,2275842128
bf,-1.20869052410125,6.53897380828857,-4.3820063191553,-2.301317265738454,2275858795
bf,-1.00086343288421,5.17512798309326,-3.1344447347888327,-2.2437618099027214,2275875462
bf,-0.881252229213714,2.9069983959198,-1.950842871319308,-1.778066272208231,2275892129
bf,-0.921694874763488,0.047256913036108,-0.9794562255082171,-1.0394402204006266,2275908796
bf,-1.22300803661346,-3.64364266395568,-0.30350982188968684,-0.2177236776417978,2275925463
bf,-1.76694476604461,-8.22034263610839,0.05399647905974535,0.4772832899944362,2275942130
bf,-2.81901979446411,-12.9835929870605,0.12345438686449381,0.8575488069738254,2275958797
bf,-4.36654186248779,-17.285493850708,-0.017236389844761318,0.7994388979046892,2275975464
bf,-6.1691517829895,-20.2628288269042,-0.25022951325269815,0.2777394743435423,2275992131
bf,-8.23042964935302,-22.0852756500244,-0.4327250722122037,-0.6195791946134473,2276008798
bf,-10.8393621444702,-21.9702644348144,-0.4239063541929786,-1.7029906721726837,2276025465
bf,-13.9045715332031,-21.8561534881591,-0.1229234609449465,-2.7190745357804667,2276042132
bf,-16.8065147399902,-19.836217880249,0.49033856794054403,-3.4062510541645565,2276058799
bf,-18.7845859527587,-16.5178089141845,1.3260892687679682,-3.556030157501879,2276075466
bf,-19.9938373565673,-14.3886880874633,2.1831723942300667,-3.065396738035905,2276092133
bf,-19.7885208129882,-13.622932434082,2.7863218112066974,-1.9664045888320913,2276108800
bf,-18.3180046081542,-14.1007280349731,2.86048102694939,-0.42358709686674245,2276125467
bf,-15.8695259094238,-15.4303140640258,2.2234117394595296,1.3010077467520589,2276142134
bf,-13.5266685485839,-17.0819797515869,0.8641447146114422,2.9053579930257825,2276158801
bf,-12.4626760482788,-18.2817687988281,-1.0261047316893714,4.111949287529244,2276175468
bf,-12.3652238845825,-18.102819442749,-3.0885087350066525,4.723477094977608,2276192135
bf,-12.6895542144775,-16.3504962921142,-4.889173030386782,4.658236558513249,2276208802
bf,-13.114912033081,-14.6274719238281,-6.039225891818951,3.959775691052793,2276225469
bf,-13.4419651031494,-13.2949237823486,-6.302052123239325,2.781136384290028,2276242136
bf,-13.411410331726,-11.8265905380249,-5.653259396234922,1.3481003015784352,2276258803
bf,-12.7747325897216,-10.4657468795776,-4.277154008879055,-0.09123647370681756,2276275470
bf,-12.1235218048095,-9.85447025299072,-2.506111789901408,-1.3205622791460365,2276292137
bf,-11.9605350494384,-9.8286714553833,-0.7271962006120626,-2.2012303619773075,2276308804
bf,-12.4321870803833,-10.342206954956,0.7128428881052846,-2.698608708847456,2276325471
bf,-13.5396738052368,-10.8012065887451,1.5782867878016353,-2.8814869497551303,2276342138
bf,-14.8041982650756,-11.1902179718017,1.7777336682379226,-2.893615981984596,2276358805
bf,-15.8897047042846,-11.84166431427,1.3606157173822895,-2.903990504187176,2276375472
bf,-16.4823055267334,-12.6849555969238,0.4872061006252326,-3.049191701366299,2276392139
bf,-17.0080547332763,-13.501238822937,-0.6146622422164578,-3.3847157851087886,2276408806
bf,-17.6930027008056,-14.6769838333129,-1.6955981565680922,-3.86068857553243,2276425473
bf,-18.3874568939209,-16.0233364105224,-2.527420736555611,-4.3303976132098585,2276442140
bf,-19.1038074493408,-18.0071144104003,-2.9396127828978353,-4.590009343870943,2276458807
bf,-20.0488014221191,-19.2914524078369,-2.8464677481012064,-4.438697692359432,2276475474
bf,-21.366075515747,-20.3142776489257,-2.261042378812523,-3.743291682279793,2276492141
bf,-22.4914779663085,-21.4645595550537,-1.2924825144836516,-2.4907330315394507,2276508808
bf,-23.2848644256591,-22.6292819976806,-0.12583835873099286,-0.8135174783375357,2276525475
bf,-24.2559909820556,-23.9359416961669,1.012913075129255,1.0227686348460583,2276542142
bf,-25.3263759613037,-24.793867111206,1.9007975535793493,2.67322712268844,2276558809
bf,-26.5701713562011,-25.5774326324462,2.363091337354526,3.799958761444891,2276575476
bf,-27.6334991455078,-26.137502670288,2.311749409275283,4.167962705520485,2276592143
bf,-28.2397346496582,-25.5479068756103,1.7691289092511226,3.718665785818189,2276608810
bf,-28.7133636474609,-23.6875228881835,0.8698632362323431,2.592510583192806,2276625477
bf,-29.3939552307128,-21.4492321014404,-0.16409633113285899,1.0893508266051317,2276642144
bf,-29.9511451721191,-19.3811092376709,-1.0747802869293586,-0.42029775601694613,2276658811
bf,-30.3897762298584,-17.5725440979003,-1.6361423325605136,-1.600932247463864,2276675478
bf,-31.0125293731689,-16.2156887054443,-1.719430805272627,-2.2379576912702563,2276692145
bf,-31.1465091705322,-15.2033319473266,-1.33302331785355,-2.278240895453327,2276708812
bf,-30.4392642974853,-14.1638536453247,-0.6199797905137794,-1.8193103127697352,2276725479
bf,-29.2672863006591,-12.9107751846313,0.18848854433572323,-1.0593253195653924,2276742146
bf,-27.8118553161621,-11.7290687561035,0.8483193555717108,-0.22982827192683652,2276758813
bf,-26.4681091308593,-10.6512451171875,1.1801616425048511,0.46658907792552445,2276775480
bf,-25.3497905731201,-9.61611747741699,1.1223968712487036,0.8983800325530875,2276792147
bf,-24.3107719421386,-8.71578788757324,0.7428772515311904,1.0208110544171047,2276808814
bf,-23.1942539215087,-8.26102352142334,0.20815287825462897,0.8674440217907673,2276825481
bf,-22.1267910003662,-7.98407649993896,-0.2764180282080868,0.5247296523108925,2276842148
bf,-20.9870510101318,-7.95302200317382,-0.5336628125578645,0.09935442397799664,2276858815
bf,-19.9197769165039,-8.33108901977539,-0.46636472254804234,-0.3125117168868605,2276875482
bf,-18.9489078521728,-8.78666305541992,-0.07870338676510207,-0.6472523426102612,2276892149
bf,-18.2476863861084,-9.23823356628418,0.536078943216145,-0.8834275821756039,2276908816
bf,-17.913179397583,-9.93348789215087,1.2335032698628619,-1.038530084871527,2276925483
bf,-17.9915790557861,-10.9365835189819,1.8653930789266362,-1.1555266927905155,2276942150
bf,-18.41623878479,-12.122802734375,2.320477078560201,-1.2843668514535942,2276958817
bf,-19.0685558319091,-13.6378364562988,2.546518955796062,-1.4647603950372476,2276975484
bf,-19.9013881683349,-15.4664001464843,2.5505740418476246,-1.715553371269216,2276992151
bf,-20.9201564788818,-17.6967411041259,2.3817642966793136,-2.033116813714083,2277008818
bf,-22.1011734008789,-20.2424411773681,2.106026720408284,-2.3974227633496517,2277025485
bf,-23.4197635650634,-23.1800842285156,1.7834990102773196,-2.781509619825062,2277042152
bf,-24.9765510559082,-26.1705436706542,1.456590592961134,-3.159212140768785,2277058819
bf,-27.1126861572265,-29.0672359466552,1.1515039956752868,-3.5076529232084686,2277075486
bf,-29.9985561370849,-32.7350616455078,0.8899576646260958,-3.8038779256021544,2277092153
bf,-33.5029563903808,-36.5365867614746,0.7031717899963947,-4.017583527960557,2277108820
bf,-37.1074714660644,-38.7866706848144,0.6385782228037671,-4.103750895119884,2277125487
bf,-40.5118942260742,-39.2821311950683,0.75235094543878,-4.000547926141108,2277142154
bf,-44.9062118530273,-37.9891700744628,1.0873075816069158,-3.6382162963161537,2277158821
bf,-48.750431060791,-34.5096168518066,1.6432838270885566,-2.9617424053168357,2277175488
bf,-50.9275169372558,-30.8286743164062,2.3520234701284357,-1.9631781456792674,2277192155
bf,-51.3764457702636,-28.5530109405517,3.068970259038612,-0.7113322278526575,2277208822
bf,-50.0335083007812,-27.3457260131835,3.5905421919016423,0.637200345876529,2277225489
bf,-47.07661819458,-26.195852279663,3.698329769015618,1.8568814600522556,2277242156
bf,-42.4277267456054,-24.7447109222412,3.221606828681857,2.701379818814459,2277258823
bf,-38.6595115661621,-22.0795745849609,2.099268388770122,2.968175704384173,2277275490
bf,-36.0354766845703,-18.7861652374267,0.41796370455761817,2.5597436284552897,2277292157
bf,-34.3023490905761,-15.0363101959228,-1.5903902386700273,1.5216487049901957,2277308824
bf,-33.4601821899414,-11.2859048843383,-3.5937860946101012,0.044571704830614296,2277325491
bf,-32.5881843566894,-6.84651184082031,-5.23536150417107,-1.5719822770519551,2277342158
bf,-30.5030612945556,-2.59828734397888,-6.217801791081089,-2.985442084029261,2277358825
bf,-27.5063095092773,0.213981792330741,-6.37445698486516,-3.8885913924442237,2277375492
bf,-25.135290145874,1.78169798851013,-5.707985078965407,-4.080714541912447,2277392159
bf,-23.4257907867431,2.99224591255188,-4.385645790784288,-3.513337897246129,2277408826
bf,-21.7989330291748,4.05005168914794,-2.6934584541850817,-2.2987282535062428,2277425493
bf,-19.8599071502685,4.67502450942993,-0.9646036456797652,-0.6790064218916534,2277442160
bf,-17.6520366668701,4.96674585342407,0.4959698870808216,1.035437590684613,2277458827
bf,-15.5256690979003,5.32661724090576,1.4712611689976862,2.5408467866270534,2277475494
bf,-13.7637281417846,5.99128484725952,1.864962985955063,3.6074314620194627,2277492161
bf,-11.9083042144775,6.96828651428222,1.7046135848350614,4.121350474432889,2277508828
bf,-10.0080184936523,7.89702367782592,1.118879387300038,4.092266823071569,2277525495
bf,-8.00428485870361,8.81132793426513,0.29670487112955996,3.628677272725447,2277542162
bf,-5.9703197479248,9.52466201782226,-0.5615197622345879,2.893037780034252,2277558829
bf,-4.20384931564331,9.77747440338134,-1.2896323838120136,2.053477652114049,2277575496
bf,-2.71462631225585,9.52254867553711,-1.7878499735662303,1.2469840541289363,2277592163
bf,-1.40650343894958,8.97328281402587,-2.0340944117769704,0.561806127506374,2277608830
bf,-0.362511426210403,8.46168518066406,-2.0727544482137863,0.03834267360013059,2277625497
bf,0.427118420600891,7.99198246002197,-1.9861584198020406,-0.3182835789022374,2277642164
bf,1.07057774066925,7.39024066925048,-1.8597909255481697,-0.5227599677139952,2277658831
bf,1.54507994651794,6.44488430023193,-1.7538441028445122,-0.5983772562192374,2277675498
bf,1.86953997611999,5.03847646713256,-1.6900772298573492,-0.5733288884762981,2277692165
bf,2.01753067970275,3.24476337432861,-1.6560068708033016,-0.48335788315640316,2277708832
bf,1.95952641963958,1.0477328300476,-1.621525921109253,-0.3764114674112532,2277725499
bf,1.53972899913787,-1.75672519207,-1.558943270558525,-0.31396317151339237,2277742166
bf,0.798413813114166,-5.18984222412109,-1.4572265770968127,-0.36481628149373263,2277758833
bf,-0.288383245468139,-9.03905296325683,-1.324488200833631,-0.5900483378446336,2277775500
bf,-1.88920259475708,-12.8762006759643,-1.1781357799736276,-1.021697945016129,2277792167
bf,-3.69958472251892,-15.925910949707,-1.0277336065578886,-1.641710320665721,2277808834
bf,-5.67234897613525,-18.2280101776123,-0.8594581218179257,-2.369680387747256,2277825501
bf,-8.12760543823242,-19.9679870605468,-0.6315047671351406,-3.066410950075025,2277842168
bf,-11.1783227920532,-20.4368515014648,-0.28639131463924206,-3.555555268053905,2277858835
bf,-14.5918645858764,-19.8498477935791,0.22043398500139488,-3.6602002178265467,2277875502
bf,-17.6043586730957,-17.8627071380615,0.8841254647323826,-3.2473876687414704,2277892169
bf,-19.7915916442871,-15.4376001358032,1.6211808115269881,-2.270941867584268,2277908836
bf,-21.1872425079345,-14.1468915939331,2.2646571876386523,-0.8008684142286113,2277925503
bf,-21.126573562622,-14.0236873626708,2.5957656337896116,0.9719379998741652,2277942170
bf,-19.6291160583496,-15.0926809310913,2.4099329000873726,2.7613198641800203,2277958837
bf,-16.9304485321044,-16.9249401092529,1.5974037988247682,4.238225363147684,2277975504
bf,-14.8357887268066,-18.0646018981933,0.20567797171874708,5.098216185857315,2277992171
bf,-14.0941743850708,-18.1145877838134,-1.5470418495823357,5.1288643574722235,2278008838
bf,-14.1024475097656,-17.4205436706542,-3.319785414513562,4.262248347966232,2278025505
bf,-14.3633995056152,-15.7115850448608,-4.744189163082931,2.6009738671454405,2278042172
bf,-14.7496194839477,-13.5354747772216,-5.532978931958832,0.41106241227518914,2278058839
bf,-14.8972949981689,-11.6417484283447,-5.5626534119333515,-1.9194024745315206,2278075506
bf,-14.6054582595825,-10.2730226516723,-4.903223873355751,-3.951457446469715,2278092173
bf,-14.0022888183593,-9.45758533477783,-3.7887799943250546,-5.285836002288019,2278108840
bf,-13.4623880386352,-8.93078517913818,-2.543010321873021,-5.655516763083403,2278125507
bf,-13.2050552368164,-9.69443988800048,-1.4862508094629807,-4.99691421267335,2278142174
bf,-13.7797737121582,-11.5784873962402,-0.8526045214854959,-3.4763230270348733,2278158841
bf,-14.8882331848144,-13.6705436706542,-0.7388260561653925,-1.4577973528763961,2278175508
bf,-16.0150184631347,-15.5126323699951,-1.0946360681362222,0.5836943159142522,2278192175
bf,-16.931676864624,-16.9907207489013,-1.751022028966035,2.1813523693196935,2278208842
bf,-17.8019523620605,-18.1627769470214,-2.4730313477507875,2.993998387803069,2278225509
bf,-18.5395851135253,-18.9657402038574,-3.019719315555229,2.8883925815815346,2278242176
bf,-19.114990234375,-19.2171611785888,-3.196520040055353,1.9641580853329976,2278258843
bf,-19.829174041748,-18.9943943023681,-2.8914209079648674,0.5165688626976699,2278275510
bf,-20.7239456176757,-18.9773406982421,-2.092242696933014,-1.0496826905050216,2278292177
bf,-21.8644371032714,-18.4836311340332,-0.8861326256612104,-2.32972517768508,2278308844
bf,-23.1646003723144,-18.110107421875,0.5558399550443154,-3.0201112313699023,2278325511
bf,-24.3231811523437,-17.906566619873,2.0054765842378988,-2.9864439945156493,2278342178
bf,-25.2914810180664,-18.0097141265869,3.212057281008614,-2.2820828335685466,2278358845
bf,-26.3447036743164,-18.1582679748535,3.941505478666627,-1.1176299409617063,2278375512
bf,-27.6158733367919,-18.5655174255371,4.0172882825143095,0.20590673088247877,2278392179
bf,-28.5984115600585,-19.0797138214111,3.359757082048924,1.3793190444149215,2278408846
bf,-29.4674644470214,-19.1672534942626,2.017973280648012,2.160323133074765,2278425513
bf,-30.0944328308105,-18.4514255523681,0.1837397376499682,2.4236818843236154,2278442180
bf,-30.8575000762939,-17.4290657043457,-1.8247456200904655,2.17709090484907,2278458847
bf,-31.8611183166503,-16.1891784667968,-3.617588319688418,1.543528376674891,2278475514
bf,-32.9243659973144,-14.8539657592773,-4.82113070786841,0.7187909291768735,2278492181
bf,-33.873435974121,-13.5128021240234,-5.177251447816522,-0.08284566266418927,2278508848
bf,-34.0005493164062,-12.2623538970947,-4.6210805071023096,-0.6813401608306141,2278525515
bf,-33.6397323608398,-11.2087326049804,-3.3066348767957976,-0.9703542194238423,2278542182
bf,-32.9810409545898,-10.3751182556152,-1.5668302987814615,-0.9354225538628436,2278558849
bf,-31.7899513244628,-9.63758659362793,0.1812356336021896,-0.6479045875446349,2278575516
bf,-30.2632293701171,-8.79520225524902,1.5540690491901727,-0.2379236919665407,2278592183
bf,-28.9092197418212,-8.10843849182128,2.3030820661915254,0.14504085677992387,2278608850
bf,-27.6067733764648,-7.50468397140502,2.3675206682658354,0.3724434612850884,2278625517
bf,-26.2918987274169,-6.71578550338745,1.8661117453728253,0.3671995846277109,2278642184
bf,-24.8384399414062,-5.94105577468872,1.0366269704711806,0.1175918714138787,2278658851
bf,-23.3448944091796,-5.43168830871582,0.14929654336088935,-0.32719010423839595,2278675518
bf,-21.8997898101806,-5.15921449661254,-0.5743734055140494,-0.8766924075097744,2278692185
bf,-20.5904464721679,-5.20527458190918,-1.0122851874176735,-1.4271214505473062,2278708852
bf,-19.5663928985595,-5.37502574920654,-1.151346277140962,-1.8890063046902492,2278725519
bf,-18.9336051940917,-5.7649450302124,-1.0611573518785367,-2.207064173318904,2278742186
bf,-18.7436752319335,-6.45657682418823,-0.8479344573372557,-2.368026975415314,2278758853
bf,-18.9893989562988,-7.42601156234741,-0.6080571432231191,-2.3963392931242877,2278775520
bf,-19.633129119873,-8.62589931488037,-0.3967892870187962,-2.341065391927577,2278792187
bf,-20.5650043487548,-9.91379165649414,-0.21968483340334344,-2.2591509381472274,2278808854
bf,-21.7093772888183,-11.3968362808227,-0.04540371631418363,-2.2002598172315118,2278825521
bf,-22.938549041748,-13.3103494644165,0.16815727454265805,-2.19709659956097,2278842188
bf,-24.1965866088867,-15.5962352752685,0.4458197173916068,-2.2629738092059695,2278858855
bf,-25.5404338836669,-18.0767421722412,0.7759685269861576,-2.395997231608573,2278875522
bf,-27.0538997650146,-21.0368995666503,1.1072262814693588,-2.587257504039763,2278892189
bf,-28.7898006439209,-23.9714908599853,1.3622079211178204,-2.8293670502205517,2278908856
bf,-30.9698333740234,-27.518835067749,1.4639187667533304,-3.121649137194954,2278925523
bf,-33.8194732666015,-32.1844139099121,1.3662520091547727,-3.4688489560286047,2278942190
bf,-37.2740859985351,-36.4578704833984,1.0783652894783522,-3.8713742401730253,2278958857
bf,-40.6899909973144,-39.445945739746,0.6736637594894572,-4.307927931174061,2278975524
bf,-44.0792236328125,-40.6507873535156,0.2776445684443546,-4.716741406317068,2278992191
bf,-48.1249542236328,-39.9837570190429,0.034689285893858716,-4.98708545241073,2279008858
bf,-51.7111434936523,-35.8878860473632,0.060994767033533785,-4.973157446967527,2279025525
bf,-53.8180427551269,-30.6209716796875,0.3971916015536724,-4.534377690915574,2279042192
bf,-54.243724822998,-27.4964408874511,0.9774158762072833,-3.5921307039552075,2279058859
bf,-52.7270011901855,-26.2142658233642,1.6296633824439477,-2.181106337984485,2279075526
bf,-49.7612342834472,-25.8660831451416,2.113992132596027,-0.4715977042528841,2279092193
bf,-45.6930656433105,-25.6383991241455,2.191423700154681,1.2510253121524963,2279108860
bf,-41.780288696289,-24.1237144470214,1.7020281375871602,2.647592584365752,2279125527
bf,-38.3826675415039,-21.6799793243408,0.623681794934851,3.4108611145490575,2279142194
bf,-35.89892578125,-19.1727771759033,-0.9108004317509412,3.3514738792299563,2279158861
bf,-34.6954498291015,-15.33203125,-2.643446345296823,2.459527217498511,2279175528
bf,-33.9211540222168,-10.3606481552124,-4.255204800048335,0.9232689256196348,2279192195
bf,-32.3280067443847,-6.58649492263793,-5.441951066355744,-0.9030471034570267,2279208862
bf,-29.8934364318847,-2.00227808952331,-5.980319312456541,-2.5775791458384973,2279225529
bf,-27.6472454071044,2.15644145011901,-5.768563710739953,-3.678366114091744,2279242196
bf,-25.4886474609375,4.61828994750976,-4.838377616798034,-3.9122785036026273,2279258863
bf,-22.9640064239501,5.76339149475097,-3.3432191820616874,-3.193654715731376,2279275530
bf,-20.0837135314941,5.92918300628662,-1.5319141517329355,-1.6668232984016456,2279292197
bf,-17.3001995086669,5.73037767410278,0.2879446905826609,0.33623353147628643,2279308864
bf,-14.6960124969482,5.68635940551757,1.7978567877520368,2.3892465061663977,2279325531
bf,-11.7267732620239,5.94191837310791,2.727504518691533,4.084304420487847,2279342198
bf,-8.6889533996582,6.59681463241577,2.916045117911391,5.127328029782315,2279358865
bf,-6.07915639877319,7.51375198364257,2.356852470499815,5.3900214669320246,2279375532
bf,-4.00582981109619,8.4076862335205,1.20566044060265,4.91086618547086,2279392199
bf,-2.45188450813293,9.18408107757568,-0.25727979847352933,3.8559461499256655,2279408866
bf,-1.09069395065307,9.85230255126953,-1.7022954716469165,2.4604341039556408,2279425533
bf,0.12936432659626,10.3762779235839,-2.8377759798314335,0.971456790949559,2279442200
bf,1.04850304126739,10.7131757736206,-3.4796722862714495,-0.39413137301650125,2279458867
bf,1.79570090770721,10.9100093841552,-3.580670983177811,-1.4728691506039229,2279475534
bf,2.36439251899719,10.6800603866577,-3.214165945576896,-2.162049816367144,2279492201
bf,2.70577669143676,9.76756477355957,-2.526473767034371,-2.4183648025184685,2279508868
bf,2.78242850303649,8.50657081604003,-1.681347184161579,-2.2543442099061606,2279525535
bf,2.80946397781372,6.51466464996337,-0.819361045699189,-1.7355252492868622,2279542202
bf,2.77516150474548,4.1010398864746,-0.0431039514125936,-0.9769020810289211,2279558869
bf,2.3565194606781,1.43353414535522,0.5758217145870254,-0.1343167476361507,2279575536
bf,1.55517923831939,-1.75373482704162,0.9824376186756992,0.613587870505072,2279592203
bf,-0.0454961918294429,-5.58613967895507,1.132361504174047,1.094214704640819,2279608870
bf,-2.38796591758728,-9.61110973358154,1.0020242555580101,1.1769005803805068,2279625537
bf,-4.79454040527343,-13.5474071502685,0.6108919399026261,0.8069516225565454,2279642204
bf,-7.14130878448486,-17.032299041748,0.041803479446149476,0.02663248572234928,2279658871
bf,-9.79948997497558,-19.4592590332031,-0.5563098662940607,-1.0253026615156062,2279675538
bf,-13.0609140396118,-20.6565437316894,-0.9924448025342557,-2.13677096504488,2279692205
bf,-16.8665237426757,-20.7160739898681,-1.0821890191746308,-3.0623428546001534,2279708872
bf,-20.2176666259765,-18.6584854125976,-0.7082342300515605,-3.5717002865994667,2279725539
bf,-23.0512466430664,-14.4144773483276,0.1268336171068604,-3.499449201192554,2279742206
bf,-24.4458618164062,-10.4627847671508,1.2762543678070737,-2.788738883675843,2279758873
bf,-23.9033603668212,-9.43922805786132,2.468289614766412,-1.5175902050149381,2279775540
bf,-21.8375225067138,-9.91498184204101,3.370478955613389,0.10420396705129517,2279792207
bf,-18.428913116455,-10.9621601104736,3.6829156892066393,1.773022788947627,2279808874
bf,-14.9916458129882,-11.9747352600097,3.2301738303665926,3.1573829356225547,2279825541
bf,-13.243480682373,-12.7385463714599,2.0185044325679,3.9744686258802386,2279842208
bf,-12.6556549072265,-12.8942031860351,0.2366658308191163,4.056070117475531,2279858875
bf,-12.5675916671752,-12.0943975448608,-1.7991334359768187,3.3867528667275453,2279875542
bf,-12.6899938583374,-10.4586582183837,-3.7340650559726574,2.105800126941791,2279892209
bf,-12.9490766525268,-9.03643798828125,-5.264589202068604,0.4735656741659001,2279908876
bf,-12.9066476821899,-7.94552135467529,-6.200794507326693,-1.190303667372364,2279925543
bf,-12.4999370574951,-6.7358374595642,-6.486941854556212,-2.584038607068468,2279942210
bf,-12.1088972091674,-5.84339904785156,-6.182861124244264,-3.498407643098652,2279958877
bf,-11.734670639038,-5.6857590675354,-5.421293544332317,-3.867770993169531,2279975544
bf,-11.7980604171752,-6.26557731628418,-4.360918501973113,-3.779882700004523,2279992211
bf,-12.4984169006347,-6.73617315292358,-3.1518490154708085,-3.4391188991953823,2280008878
bf,-13.3581094741821,-7.01702404022216,-1.9219852428867918,-3.0947803074306095,2280025545
bf,-13.4496583938598,-7.46319580078125,-0.7815662461446097,-2.9591006513548197,2280042212
bf,-13.4861698150634,-8.23151493072509,0.1665423729864656,-3.1419094899984272,2280058879
bf,-14.098611831665,-9.78435230255127,0.8262738572093594,-3.6204359781552906,2280075546
bf,-14.5238819122314,-12.190463066101,1.125344309154941,-4.249133638518735,2280092213
bf,-14.6078624725341,-15.0222721099853,1.0432363206885562,-4.80245908950594,2280108880
bf,-14.7926158905029,-17.1359748840332,0.6329878593564652,-5.037037982725504,2280125547
bf,-15.6079177856445,-18.2291202545166,0.0206968312246207,-4.758292917804277,2280142214
bf,-16.7974185943603,-18.6822776794433,-0.6221792859093239,-3.8778513220797493,2280158881
bf,-18.184154510498,-19.2185516357421,-1.1254265790365097,-2.449693685601783,2280175548
bf,-19.6456794738769,-20.4095478057861,-1.3688176891445163,-0.6746777172773143,2280192215
bf,-21.4518775939941,-21.5989646911621,-1.3152209614052868,1.133438857536417,2280208882
bf,-23.1066226959228,-22.9022312164306,-1.016436710167677,2.6193073537127356,2280225549
bf,-24.4190711975097,-24.1611061096191,-0.5907724730088,3.480377897657308,2280242216
bf,-25.6371135711669,-24.5497360229492,-0.18185764198309323,3.5568075146101505,2280258883
bf,-26.9509201049804,-23.3935413360595,0.08613865801056356,2.884416668340129,2280275550
bf,-28.4393653869628,-21.4214782714843,0.14276864687631194,1.6879609633902826,2280292217
bf,-30.1213054656982,-19.1653976440429,-0.0130512755943758,0.3142967700786162,2280308884
bf,-31.7539730072021,-17.1945095062255,-0.31695494379747374,-0.8706921195376732,2280325551
bf,-32.9768943786621,-15.9362640380859,-0.6586740144530426,-1.5840791866696593,2280342218
bf,-33.5275115966796,-14.6856613159179,-0.9117435519764719,-1.6933739620400727,2280358885
bf,-33.7756080627441,-13.0498580932617,-0.9679276809834518,-1.2335055929185064,2280375552
bf,-34.1310691833496,-11.4503765106201,-0.7699847790691826,-0.3774883413127983,2280392219
bf,-33.9661026000976,-9.96118450164795,-0.33400883247570146,0.6218870810389594,2280408886
bf,-32.8304367065429,-8.77040863037109,0.24836519530925308,1.4988787485944433,2280425553
bf,-31.0375099182128,-7.84134149551391,0.8332976378694685,2.033597999048505,2280442220
bf,-28.8903064727783,-6.7975730895996,1.2690597038922178,2.092638103962017,2280458887
bf,-26.9586353302001,-5.77879238128662,1.4460678829583342,1.6474166017978658,2280475554
bf,-25.2579364776611,-4.79324960708618,1.332992451899068,0.7708639758118341,2280492221
bf,-23.8013038635253,-3.86920237541198,0.9846678360089248,-0.3837716929406936,2280508888
bf,-22.4361667633056,-3.22143507003784,0.519804024214731,-1.6166291872557024,2280525555
bf,-21.0769596099853,-2.79060840606689,0.07892960379197123,-2.721321910085135,2280542222
bf,-19.8626632690429,-2.71166467666625,-0.22040226960943496,-3.5246065753981815,2280558889
bf,-18.8827571868896,-2.96243453025817,-0.3154748143879417,-3.918332826190941,2280575556
bf,-18.1931991577148,-3.66307282447814,-0.20894169097938833,-3.8771708721736555,2280592223
bf,-17.8327503204345,-4.76989269256591,0.04152884379439853,-3.458579446771692,2280608890
bf,-17.7508754730224,-6.21124792098999,0.3475808424923063,-2.7859597366945477,2280625557
bf,-18.1005115509033,-7.79842233657836,0.6189437970055196,-2.020107608427191,2280642224
bf,-18.9434947967529,-9.44312953948974,0.7877633116447216,-1.3263811289776775,2280658891
bf,-20.199758529663,-11.1496591567993,0.8223038715919524,-0.8449823371011513,2280675558
bf,-21.681203842163,-13.1073522567749,0.727855391725518,-0.6697714328971209,2280692225
bf,-23.216661453247,-15.3853597640991,0.5371690141636806,-0.8379315600909714,2280708892
bf,-24.7602043151855,-17.9977684020996,0.2961579221470075,-1.3298225106822927,2280725559
bf,-26.4162044525146,-20.6971092224121,0.05130233716744424,-2.0767555685392716,2280742226
bf,-28.278148651123,-23.6099205017089,-0.15709254635404174,-2.974535773847372,2280758893
bf,-30.4955444335937,-27.1697101593017,-0.2954647261885457,-3.901171944997197,2280775560
bf,-33.2813415527343,-31.2282905578613,-0.3343255494820594,-4.736187791213564,2280792227
bf,-36.3287925720214,-34.2198524475097,-0.24657775012939867,-5.3765495852433585,2280808894
bf,-39.2705001831054,-35.8806648254394,-0.010183459862083986,-5.7436834628996385,2280825561
bf,-42.8429222106933,-36.0911331176757,0.38372396509310724,-5.780537899918251,2280842228
bf,-46.8939208984375,-34.8026390075683,0.9187525235045657,-5.445216056551708,2280858895
bf,-49.6005821228027,-31.1486854553222,1.540748754327606,-4.711820192949499,2280875562
bf,-50.6430587768554,-27.4580879211425,2.1500746519407414,-3.5849389476844613,2280892229
bf,-49.8828048706054,-24.7686290740966,2.605194602019187,-2.123503978534651,2280908896
bf,-47.3407897949218,-23.5798225402832,2.7438232933920195,-0.4599727283730946,2280925563
bf,-43.2439956665039,-22.8178825378417,2.423100425986401,1.2008951243177848,2280942230
bf,-39.0855407714843,-21.4065055847167,1.5702192174764462,2.611557980669572,2280958897
bf,-35.9080734252929,-18.9105358123779,0.2248982677674571,3.534635414764199,2280975564
bf,-33.7087478637695,-16.0880584716796,-1.4465163721261671,3.803443678107616,2280992231
bf,-32.5431098937988,-13.3237771987915,-3.1754594932775833,3.3701478724298184,2281008898
bf,-31.6281757354736,-9.75135326385498,-4.648453580292731,2.3255456235855823,2281025565
bf,-29.991111755371,-5.25970697402954,-5.579804368590868,0.8840250887167208,2281042232
bf,-27.3289051055908,-0.961449861526489,-5.7787672663634515,-0.6622875480738184,2281058899
bf,-24.8525848388671,2.22988581657409,-5.193774918118349,-2.0083601481208135,2281075566
bf,-23.0020923614501,4.34621810913085,-3.923826156218505,-2.9041961563639993,2281092233
bf,-21.0623359680175,6.12912654876709,-2.19675091307796,-3.2092462123962022,2281108900
bf,-18.8006973266601,7.03584909439086,-0.32287330030496153,-2.919006700235208,2281125567
bf,-16.4222106933593,7.21820878982543,1.3633461162959977,-2.155959506218188,2281142234
bf,-13.8162336349487,7.32465839385986,2.5628093044691598,-1.1275492161719356,2281158901
bf,-10.878451347351,7.89263868331909,3.065195736675963,-0.06520453788965117,2281175568
bf,-8.22968006134033,8.6847276687622,2.789956052242407,0.8351419046748769,2281192235
bf,-6.33900928497314,9.32377338409423,1.8063560088361053,1.4527375390785255,2281208902
bf,-4.91119384765625,9.77297210693359,0.32335282477742194,1.7531553460308416,2281225569
bf,-3.64415097236633,10.1900424957275,-1.3544472443906401,1.773855036397266,2281242236
bf,-2.28743004798889,10.4242782592773,-2.897096766323124,1.5953303490660786,2281258903
bf,-0.951268315315246,10.3979568481445,-4.02649967319025,1.3109922864385188,2281275570
bf,0.194395691156387,10.1373090744018,-4.576334023841088,1.005412201488701,2281292237
bf,1.25327789783477,9.7952184677124,-4.516619183282356,0.7443049075386498,2281308904
bf,2.14779090881347,9.43338203430175,-3.9391472247879333,0.5737508294642528,2281325571
bf,2.78566408157348,8.80973815917968,-3.0148567324109687,0.5228555002174099,2281342238
bf,3.19915652275085,7.50069093704223,-1.9421150207738682,0.6041722442456774,2281358905
bf,3.49148821830749,5.5577712059021,-0.9031449583672787,0.809243421442145,2281375572
bf,3.50363945960998,3.06536555290222,-0.037437470273488295,1.1010372745952723,2281392239
bf,3.06305623054504,0.338583588600158,0.5683647471454434,1.408919598460372,2281408906
bf,2.25380277633667,-2.63772320747375,0.8802006992746655,1.6331568742814158,2281425573
bf,1.32021689414978,-6.15681886672973,0.9122844302424186,1.6634472401217744,2281442240
bf,0.0862179026007652,-10.4072732925415,0.7217428828977729,1.4098437488914697,2281458907
bf,-1.45387065410614,-15.1728048324584,0.4014863683683072,0.8371139743370035,2281475574
bf,-3.25344634056091,-20.264720916748,0.06905982346300019,-0.011014741790312492,2281492241
bf,-5.49934482574462,-24.7458686828613,-0.1498601110294481,-1.0096921496262614,2281508908
bf,-8.47471046447753,-26.0005092620849,-0.14266532239688814,-1.9764146021266682,2281525575
bf,-11.9112291336059,-27.3621711730957,0.1665847335316123,-2.7123901029292248,2281542242
bf,-15.5556211471557,-27.0924911499023,0.7944775529921562,-3.0471704712198364,2281558909
bf,-18.7605800628662,-24.8244762420654,1.6809284100225923,-2.8739458233580435,2281575576
bf,-21.3325157165527,-21.0196208953857,2.6834375478474066,-2.1705226764194783,2281592243
bf,-22.819839477539,-18.6803150177001,3.590306983125752,-1.0066705187776206,2281608910
bf,-22.0137100219726,-18.0638313293457,4.1579642511479165,0.4611012141309665,2281625577
bf,-19.3173885345459,-18.6400127410888,4.1698897261459,2.008114972848725,2281642244
bf,-15.8445739746093,-19.4956359863281,3.503456343389585,3.374280244867671,2281658911
bf,-12.9313516616821,-19.5956764221191,2.182217662786961,4.309271881158,2281675578
bf,-11.4313449859619,-18.4134864807128,0.39126438535788516,4.624199379554054,2281692245
bf,-10.7712039947509,-17.042043685913,-1.5554744495239408,4.239241272757617,2281708912
bf,-11.1250076293945,-15.0367403030395,-3.28896198425617,3.213480653188589,2281725579
bf,-12.2561264038085,-12.8353586196899,-4.47681270914054,1.7440159184119874,2281742246
bf,-12.933554649353,-10.3540668487548,-4.904342361558602,0.12814259579111517,2281758913
bf,-12.2751770019531,-8.85885047912597,-4.5224572720394605,-1.3060563688050366,2281775580
bf,-10.9471254348754,-8.0461368560791,-3.4532857443562652,-2.2830682188133693,2281792247
bf,-10.1823415756225,-8.23010921478271,-1.9574415894388826,-2.652162455356153,2281808914
bf,-10.2974824905395,-8.97667121887207,-0.37468389228979493,-2.425247759028953,2281825581
bf,-11.0092277526855,-9.97626495361328,0.9475939391327084,-1.7685068506272748,2281842248
bf,-12.1159286499023,-11.2198820114135,1.7239182307257688,-0.9516831780489794,2281858915
bf,-13.3546276092529,-12.4141941070556,1.7860941765860474,-0.27194584576324055,2281875582
bf,-14.4963884353637,-13.4614744186401,1.1154505124415417,0.02508832833564241,2281892249
bf,-15.69029712677,-14.5470104217529,-0.1525554307584457,-0.19317403047108292,2281908916
bf,-17.1202411651611,-16.1927013397216,-1.751434196793655,-0.9152743406428109,2281925583
bf,-18.5642299652099,-18.1774826049804,-3.3308015448362527,-1.9892737055171632,2281942250
bf,-19.7362899780273,-19.7105712890625,-4.5208908867583855,-3.1578934438365747,2281958917
bf,-20.8909397125244,-20.7343482971191,-5.0050286547433975,-4.117354404360136,2281975584
bf,-21.9976730346679,-22.3680362701416,-4.588129947035916,-4.588512219147574,2281992251
bf,-23.0394134521484,-24.3583602905273,-3.2476597731995183,-4.385814216116204,2282008918
bf,-24.2126083374023,-26.4887084960937,-1.1539754207759378,-3.4679604788914347,2282025585
bf,-25.3455009460449,-28.1282348632812,1.3492181179310976,-1.9561973847975858,2282042252
bf,-26.4688777923584,-29.7958431243896,3.8056746225638047,-0.11319393702076207,2282058919
bf,-27.7304325103759,-31.0116996765136,5.739133357923345,1.7141366058004308,2282075586
bf,-29.1705131530761,-31.5613689422607,6.757602190095372,3.174604969403868,2282092253
bf,-30.6535415649414,-31.5650672912597,6.64404680687807,3.996252004451706,2282108920
bf,-32.2736282348632,-31.0131607055664,5.4104856733275675,4.052916962881275,2282125587
bf,-33.3696823120117,-30.763427734375,3.301672297576476,3.396246542259647,2282142254
bf,-33.9676971435546,-30.199872970581,0.7468232257503113,2.242465119814501,2282158921
bf,-34.1876564025878,-28.8808784484863,-1.730866046705709,0.9146604348192328,2282175588
bf,-34.7785263061523,-27.2018108367919,-3.6289460302855305,-0.24467087902990414,2282192255
bf,-36.1247329711914,-25.1714439392089,-4.581085104269519,-0.9649148407387376,2282208922
bf,-36.9922828674316,-23.5691108703613,-4.445902816061326,-1.1142546539417406,2282225589
bf,-36.8162689208984,-22.5670928955078,-3.3429616875857104,-0.722732866549672,2282242256
bf,-35.7497367858886,-21.8294658660888,-1.619593836173108,0.041933013724240784,2282258923
bf,-34.0796546936035,-20.8469944000244,0.24759123871223662,0.9332500156971638,2282275590
bf,-32.1100578308105,-19.4124679565429,1.7889936149596206,1.6978476112081318,2282292257
bf,-30.1879711151123,-17.9227466583251,2.672787263634846,2.1384170994625524,2282308924
bf,-28.5203704833984,-16.5030765533447,2.787406987710192,2.152398281507235,2282325591
bf,-27.1044178009033,-15.1980371475219,2.2504530470042323,1.7408335178045504,2282342258
bf,-25.5897846221923,-14.0476646423339,1.345806205384038,0.9909881179435417,2282358925
bf,-23.8158473968505,-12.9993677139282,0.4160035060855316,0.04249884777303977,2282375592
bf,-21.9969177246093,-12.1573915481567,-0.24999610148692575,-0.9511377606510605,2282392259
bf,-20.2852993011474,-11.6432218551635,-0.4966400868665875,-1.8556314365952071,2282408926
bf,-18.8033008575439,-11.4139528274536,-0.3279167207160223,-2.5773703229446396,2282425593
bf,-17.6719741821289,-11.3518781661987,0.12094841072981913,-3.0714549582051505,2282442260
bf,-16.9567031860351,-11.4199018478393,0.6492809509304973,-3.337734655294531,2282458927
bf,-16.6237850189209,-11.7125177383422,1.0675926768323991,-3.4082768144714772,2282475594
bf,-16.6513347625732,-12.2999143600463,1.2587254533162144,-3.3308228290117454,2282492261
bf,-17.1011276245117,-13.1094341278076,1.206089209571204,-3.153244500051074,2282508928
bf,-17.981798171997,-13.9456329345703,0.9849179153003934,-2.9134531447294885,2282525595
bf,-19.0672626495361,-14.9127120971679,0.7248941204347975,-2.6373048468135645,2282542262
bf,-20.151288986206,-16.2647190093994,0.5599350875653067,-2.3441428958306547,2282558929
bf,-21.2070274353027,-17.9345531463623,0.5821021098349023,-2.05670570281252,2282575596
bf,-22.3149547576904,-20.0879917144775,0.8127332429026315,-1.8102955106708558,2282592263
bf,-23.593729019165,-22.651756286621,1.1974027681210209,-1.6560484641452742,2282608930
bf,-25.2470264434814,-25.1636371612548,1.624428314797673,-1.6549797509701927,2282625597
bf,-27.3525638580322,-27.7012252807617,1.9608676388069346,-1.862791291182353,2282642264
bf,-29.9532661437988,-30.822130203247,2.0959738361503044,-2.3092105764810498,2282658931
bf,-33.2004127502441,-34.6595001220703,1.9801098367990069,-2.9781338592248234,2282675598
bf,-36.7438621520996,-37.7182350158691,1.6472912809989468,-3.7946780260477513,2282692265
bf,-39.9707794189453,-39.5253715515136,1.2122968082416619,-4.623261220111051,2282708932
bf,-43.5603294372558,-40.1706848144531,0.8392642630581959,-5.279549258356303,2282725599
bf,-47.6533775329589,-38.6582832336425,0.6875368699965643,-5.558938173558613,2282742266
bf,-50.9481544494628,-33.6848373413085,0.8499165755548415,-5.281981815274176,2282758933
bf,-52.9939041137695,-28.6159687042236,1.3045823294316068,-4.350146902664118,2282775600
bf,-53.0416641235351,-26.2745723724365,1.901182384220411,-2.7961160772308924,2282792267
bf,-51.0789642333984,-25.3794975280761,2.3924373827787986,-0.8082245355337697,2282808934
bf,-47.3032722473144,-24.9515285491943,2.5065196259999127,1.2868586388290923,2282825601
bf,-42.936767578125,-24.8024291992187,2.0379800946675632,3.086538695011063,2282842268
bf,-39.5294456481933,-23.7788352966308,0.9246057568536782,4.207558461205072,2282858935
bf,-37.0382270812988,-20.860595703125,-0.7187258016572124,4.388835263261438,2282875602
bf,-35.5060806274414,-16.8359184265136,-2.621014741952185,3.57089505539825,2282892269
bf,-34.5864372253418,-12.4248924255371,-4.421561169029411,1.9255688876119692,2282908936
bf,-32.8103294372558,-7.91377162933349,-5.758342792900038,-0.17629466335170169,2282925603
bf,-30.0588912963867,-3.1492793560028,-6.352323188623982,-2.2525649301331017,2282942270
bf,-27.2828674316406,-0.120501957833766,-6.067833941772539,-3.8292443229607547,2282958937
bf,-25.0415325164794,1.98022830486297,-4.938959616164671,-4.5577279286242245,2282975604
bf,-23.0632247924804,3.70946049690246,-3.1612902963780662,-4.2966813448414065,2282992271
bf,-20.8479061126709,4.61265754699707,-1.0546509819059475,-3.136582210026547,2283008938
bf,-18.4025001525878,5.04857349395751,0.9954035335816668,-1.3629946648154636,2283025605
bf,-15.6656417846679,5.34253358840942,2.6092614230412776,0.626958406485761,2283042272
bf,-13.1389484405517,5.7283878326416,3.4883246934295764,2.427956182319106,2283058939
bf,-11.3955268859863,6.36292314529418,3.4797706653249727,3.7197448519492853,2283075606
bf,-9.80685520172119,7.33566951751709,2.6143109052622737,4.326913802990141,2283092273
bf,-8.08193302154541,8.4603099822998,1.1028633767515297,4.23463985817939,2283108940
bf,-6.43273305892944,9.62257385253906,-0.71195523224453,3.5640677018423257,2283125607
bf,-5.12275886535644,10.5016899108886,-2.4392339768363938,2.521584309284939,2283142274
bf,-3.86710929870605,11.1179399490356,-3.734998432543803,1.3402430195743416,2283158941
bf,-2.78873014450073,11.6318941116333,-4.380767972178966,0.2292438043504786,2283175608
bf,-1.64725649356842,11.9100046157836,-4.321975764778284,-0.6587239797832799,2283192275
bf,-0.253181606531143,11.6448917388916,-3.657127252520515,-1.239464859375612,2283208942
bf,1.10007274150848,11.0590009689331,-2.5865199995950845,-1.4918251726004905,2283225609
bf,2.17326855659484,10.0955410003662,-1.3429554080613042,-1.442139395470286,2283242276
bf,2.9532516002655,8.67090225219726,-0.13022131845299917,-1.1472541587979108,2283258943
bf,3.40761399269104,7.00820159912109,0.9122824710683713,-0.6829242362953877,2283275610
bf,3.60624933242797,4.99841928482055,1.7137906781273506,-0.1398505595720286,2283292277
bf,3.4734890460968,2.5944275856018,2.2530487757271924,0.37560912956790155,2283308944
bf,3.17814254760742,-0.584316313266754,2.530864262020092,0.7426207685240839,2283325611
bf,2.56891226768493,-4.54174757003784,2.5496042555052205,0.8358626034438681,2283342278
bf,1.59545946121215,-8.99857902526855,2.3091070846342285,0.5480137100691413,2283358945
bf,0.270747601985931,-13.5878171920776,1.819391266136718,-0.17751544117333268,2283375612
bf,-1.27731919288635,-17.4782047271728,1.1218934944607606,-1.3124998253950924,2283392279
bf,-3.12122893333435,-20.837791442871,0.30625887217297787,-2.7215600509620046,2283408946
bf,-5.60026407241821,-22.4741268157959,-0.48933388985456083,-4.163699764688469,2283425613
bf,-9.11386203765869,-23.0312423706054,-1.1004895352670354,-5.323916447425867,2283442280
bf,-13.2335262298583,-21.3215961456298,-1.379283963940464,-5.8733893476457615,2283458947
bf,-16.3873882293701,-17.1565170288085,-1.246180432613097,-5.549402727844816,2283475614
bf,-19.2532215118408,-14.1858196258544,-0.7328055162110056,-4.238144556893571,2283492281
bf,-21.1161727905273,-13.5624904632568,0.0051124682983327285,-2.0357549453918704,2283508948
bf,-21.370283126831,-14.8922290802001,0.7187852942689195,0.7380584204468462,2283525615
bf,-20.3933544158935,-17.3152465820312,1.1392861377405192,3.588318003237169,2283542282
bf,-17.9310359954834,-19.5205993652343,1.070146438739215,5.94916150478484,2283558949
bf,-15.3058185577392,-20.0546855926513,0.4639338599116003,7.3185898610421445,2283575616
bf,-13.9993543624877,-19.4778118133544,-0.5508761529709525,7.386508594562635,2283592283
bf,-13.1183519363403,-18.3091106414794,-1.7073778723350592,6.119680274962719,2283608950
bf,-12.5882873535156,-16.268346786499,-2.6889252304974325,3.7790739732260534,2283625617
bf,-12.6821136474609,-13.2051610946655,-3.2341551942156173,0.8634356306765014,2283642284
bf,-13.4207124710083,-10.4011163711547,-3.219323458493061,-2.0083657763323592,2283658951
bf,-13.4365911483764,-8.90910911560058,-2.692311618844581,-4.248178205377583,2283675618
bf,-12.4092845916748,-8.32608032226562,-1.853203564996976,-5.443928087761131,2283692285
bf,-11.3988828659057,-8.84063625335693,-0.992679793891733,-5.458504267581026,2283708952
bf,-10.9690904617309,-10.6455135345458,-0.40726633069384144,-4.451840087432474,2283725619
bf,-11.4525871276855,-13.0356388092041,-0.31247334347538686,-2.819284053303995,2283742286
bf,-12.3326845169067,-15.2336835861206,-0.7748032522273853,-1.0668727586945965,2283758953
bf,-13.2087230682373,-17.32470703125,-1.6811151487005878,0.3362627516980318,2283775620
bf,-14.1257705688476,-18.9933414459228,-2.7561064757507427,1.0837706365332858,2283792287
bf,-14.8928022384643,-20.1809902191162,-3.625925482426524,1.1019368433203962,2283808954
bf,-15.3849878311157,-21.1933574676513,-3.9128806406061605,0.5481772813645341,2283825621
bf,-15.6040029525756,-21.6678733825683,-3.338019835276444,-0.2565072367011302,2283842288
bf,-16.0798244476318,-21.7035770416259,-1.8066735027249714,-0.9385126809894518,2283858955
bf,-16.2723388671875,-22.1684684753417,0.5444533617553379,-1.1927400446456289,2283875622
bf,-17.0353107452392,-23.2652130126953,3.3529513475156687,-0.878249614091504,2283892289
bf,-18.8534049987792,-23.7483043670654,6.093179209582522,-0.05987873750056712,2283908956
bf,-20.5008678436279,-24.1202945709228,8.186527046460647,1.0172150790759769,2283925623
bf,-21.6309261322021,-25.5293292999267,9.13680175567279,2.012303238164322,2283942290
bf,-22.4065036773681,-26.4802894592285,8.658150110879616,2.605450103828953,2283958957
bf,-23.3083915710449,-26.4519100189209,6.7612142133914315,2.6062019563213887,2283975624
bf,-24.3129749298095,-25.6592044830322,3.7714631830734993,2.017156549013339,2283992291
bf,-25.2818202972412,-24.1302185058593,0.2699178277777121,1.0306548922110301,2284008958
bf,-26.3708534240722,-22.3996543884277,-3.0336142752793425,-0.03884722681482769,2284025625
bf,-27.7682189941406,-21.2546100616455,-5.4660527562196455,-0.8606939438432862,2284042292
bf,-29.4587593078613,-20.8553371429443,-6.5537998088349045,-1.1934631190532972,2284058959
bf,-30.6810054779052,-20.8860263824462,-6.138529748475203,-0.9543520516302786,2284075626
bf,-30.8061485290527,-20.6895751953125,-4.411980361827091,-0.23341156925253675,2284092293
bf,-30.2801647186279,-20.053503036499,-1.8578606713407013,0.7454328934165813,2284108960
bf,-29.3260803222656,-19.4675159454345,0.8829831490305572,1.6980175536731013,2284125627
bf,-28.2884826660156,-18.5085945129394,3.1839509222094384,2.362224252812915,2284142294
bf,-27.1700057983398,-17.1958446502685,4.589665392258449,2.564679595742974,2284158961
bf,-26.0103855133056,-15.5459833145141,4.914147655033942,2.256026732046453,2284175628
bf,-24.9492111206054,-13.9135246276855,4.256559249450889,1.5102211616958092,2284192295
bf,-23.9539833068847,-12.6088323593139,2.9376917970058893,0.49362618836584743,2284208962
bf,-22.902717590332,-11.6706628799438,1.3840292723966705,-0.5838295057550854,2284225629
bf,-21.6495971679687,-10.9800033569335,-0.0005100321879653279,-1.5213080165921133,2284242296
bf,-20.2856407165527,-10.4040832519531,-0.9356433267196219,-2.171121833736754,2284258963
bf,-19.0540561676025,-9.93167114257812,-1.312498995450364,-2.4655713576196963,2284275630
bf,-18.1736717224121,-9.79194927215576,-1.182658767937715,-2.4227342412749255,2284292297
bf,-17.6977653503417,-9.9341230392456,-0.7029890684498752,-2.13236380268663,2284308964
bf,-17.5455646514892,-10.3042039871215,-0.06295364373324194,-1.7272541186849166,2284325631
bf,-17.6911182403564,-10.9211130142211,0.5780125437669302,-1.3479991043246078,2284342298
bf,-18.1788864135742,-11.6963653564453,1.1247527996612003,-1.1096864505943709,2284358965
bf,-18.8809623718261,-12.644829750061,1.548296311400236,-1.077902449762148,2284375632
bf,-19.8599166870117,-13.568941116333,1.8642049778781433,-1.2588898527509742,2284392299
bf,-20.9682331085205,-14.5543050765991,2.102330934620645,-1.605289844936404,2284408966
bf,-22.1956539154052,-15.8009786605834,2.2817224961422413,-2.035214676336605,2284425633
bf,-23.5492877960205,-17.4098682403564,2.398517876540019,-2.459176896717053,2284442300
bf,-25.117784500122,-19.4151706695556,2.4279689953490307,-2.8073895235338755,2284458967
bf,-26.8682117462158,-21.7511463165283,2.3369239456929023,-3.0497148430666443,2284475634
bf,-28.8162956237792,-24.1957664489746,2.1009572379052717,-3.202317373203722,2284492301
bf,-30.9207649230957,-27.0263710021972,1.7203404096121315,-3.3186031138769123,2284508968
bf,-33.3968963623046,-30.6475238800048,1.2302000925652257,-3.46639731573356,2284525635
bf,-36.3412933349609,-34.9449844360351,0.7017068331408312,-3.6972646501007604,2284542302
bf,-39.3384819030761,-38.6434059143066,0.23283062937473648,-4.016525518172236,2284558969
bf,-42.1814460754394,-41.0953788757324,-0.0704795119128422,-4.363727728486581,2284575636
bf,-45.9934272766113,-41.8562850952148,-0.11901580644351613,-4.612950479505033,2284592303
bf,-49.9385185241699,-40.8545722961425,0.13463964775152878,-4.599147063118045,2284608970
bf,-52.9220733642578,-37.2550811767578,0.6761400928902273,-4.169071987997083,2284625637
bf,-54.5953903198242,-31.9558124542236,1.4187443427183564,-3.243866060393647,2284642304
bf,-54.2950096130371,-28.8968849182128,2.2062102203073013,-1.8705191577684963,2284658971
bf,-52.2452087402343,-27.6982517242431,2.833726477613405,-0.2386720141620605,2284675638
bf,-48.6636276245117,-27.0417976379394,3.088693137063799,1.3497879679319431,2284692305
bf,-44.3650283813476,-26.2802219390869,2.805513859403709,2.5533573081069814,2284708972
bf,-40.5694732666015,-25.3738288879394,1.9193832078646418,3.085152672461975,2284725639
bf,-37.5527572631835,-22.5564193725585,0.5000521386132758,2.7999700244799097,2284742306
bf,-35.6943321228027,-18.0543212890625,-1.2483035378453968,1.7463284954791467,2284758973
bf,-34.7069969177246,-12.7500057220458,-3.023343292397305,0.16505491253567167,2284775640
bf,-33.2952995300293,-7.57459640502929,-4.487659379643234,-1.5684003077932382,2284792307
bf,-30.7959060668945,-3.80681633949279,-5.342666331174974,-3.042898733683013,2284808974
bf,-28.2664394378662,-1.81467115879058,-5.395715731433859,-3.9224403964208827,2284825641
bf,-26.8137016296386,-0.741104543209075,-4.6054663147100126,-4.034287215687044,2284842308
bf,-25.9558849334716,0.248811662197113,-3.09633339632747,-3.4065638258986595,2284858975
bf,-24.7087879180908,0.582108259201049,-1.1400017984033717,-2.2445378174482924,2284875642
bf,-23.1065464019775,0.671185135841369,0.892175944271362,-0.8558120517033316,2284892309
bf,-21.0432224273681,0.866642773151397,2.5985240574136497,0.4484789413009366,2284908976
bf,-18.3846263885498,1.43689048290252,3.6277319084022217,1.4429315222958954,2284925643
bf,-15.7108831405639,2.58837413787841,3.756300530448993,2.0396070512122066,2284942310
bf,-13.3679723739624,4.09547519683837,2.9443927927356275,2.288848021636883,2284958977
bf,-11.4392576217651,5.67264461517334,1.352617026166352,2.333894327675251,2284975644
bf,-9.4871187210083,6.75523090362548,-0.689367546400312,2.339492954118724,2284992311
bf,-7.66731166839599,7.16456365585327,-2.757555534681369,2.422428476699923,2285008978
bf,-6.20655441284179,7.21079635620117,-4.4328043251903475,2.609252311109988,2285025645
bf,-4.80482721328735,7.07333040237426,-5.397650063748229,2.8344687491091443,2285042312
bf,-3.35845828056335,6.80604410171508,-5.5046226121064405,2.9760018183171484,2285058979
bf,-2.06198859214782,6.4034776687622,-4.799056381992886,2.9109297327067556,2285075646
bf,-0.965528666973114,5.77078008651733,-3.4932533999394297,2.5686188043065394,2285092313
bf,-0.220216661691665,4.91979026794433,-1.902552965678506,1.961722204954875,2285108980
bf,0.0441036932170391,3.87411713600158,-0.36321799600717025,1.1854469326211243,2285125647
bf,-0.0446528643369674,2.61226153373718,0.8451419975785683,0.38760642464450384,2285142314
bf,-0.269964843988418,1.23941051959991,1.5538025803296596,-0.27823399815084854,2285158981
bf,-0.716328978538513,-0.360539972782135,1.725964287748629,-0.6998526048820769,2285175648
bf,-1.38882958889007,-2.67507743835449,1.4454008777899967,-0.838767807987841,2285192315
bf,-2.26302528381347,-5.9721360206604,0.8818341945993019,-0.7390958500551307,2285208982
bf,-3.36516308784484,-10.1357955932617,0.2455298015162537,-0.5116853045531045,2285225649
bf,-4.7885422706604,-14.0656576156616,-0.2577900755921196,-0.29908502238472023,2285242316
bf,-6.30527448654174,-18.359182357788,-0.4644831602527156,-0.23130168387040603,2285258983
bf,-7.92728233337402,-22.2529106140136,-0.2795596016056075,-0.3838670905713737,2285275650
bf,-9.67855453491211,-24.7410736083984,0.3086401931571979,-0.7486935397012705,2285292317
bf,-11.7211551666259,-25.6806678771972,1.2254552597223112,-1.22549629667645,2285308984
bf,-13.7510871887207,-25.0813446044921,2.3180933283803586,-1.6383156751237036,2285325651
bf,-15.6917076110839,-21.8549690246582,3.3747121931674844,-1.7776628620718928,2285342318
bf,-17.126365661621,-17.9249229431152,4.154674910319312,-1.4621721166009662,2285358985
bf,-17.5645275115966,-15.9390811920166,4.430227790062271,-0.6041884244903902,2285375652
bf,-16.8819713592529,-16.0716743469238,4.037203467347429,0.7433681206018503,2285392319
bf,-15.4264421463012,-17.5102787017822,2.9261021265327543,2.3789459375439486,2285408986
bf,-13.8939704895019,-18.9295558929443,1.197817399775061,3.9898493049320787,2285425653
bf,-12.865008354187,-19.4752082824707,-0.8938614854445558,5.225187611515804,2285442320
bf,-12.3804311752319,-18.9161415100097,-2.983790934624566,5.782705994087375,2285458987
bf,-12.1360454559326,-18.0613937377929,-4.6768834719927685,5.485298248035002,2285475654
bf,-11.7988910675048,-16.7200546264648,-5.648626394926516,4.3276771976363895,2285492321
bf,-11.3519830703735,-14.5304489135742,-5.733591480573745,2.482339407027828,2285508988
bf,-11.0492010116577,-12.4777650833129,-4.972122308463492,0.26377349272988976,2285525655
bf,-10.8835077285766,-11.4800758361816,-3.598884147940354,-1.9409568911309043,2285542322
bf,-10.8230810165405,-10.1733675003051,-1.9774780924019888,-3.7595648982195486,2285558989
bf,-10.912573814392,-8.81279182434082,-0.5037956115384619,-4.9192067514687565,2285575656
bf,-11.4873695373535,-8.02673530578613,0.4908924881576683,-5.307048586873399,2285592323
bf,-12.8484878540039,-8.10998821258545,0.8103273548499328,-4.990078296903751,2285608990
bf,-14.5170450210571,-9.01471328735351,0.42305994567746863,-4.1878042313810475,2285625657
bf,-15.9320564270019,-10.4236593246459,-0.5480661317923217,-3.2049252736522806,2285642324
bf,-17.1554279327392,-11.7757120132446,-1.8660954180181692,-2.3432771340463026,2285658991
bf,-18.1813602447509,-13.4679079055786,-3.2351923793507917,-1.8187888723335262,2285675658
bf,-19.0464992523193,-15.3525352478027,-4.358043588287442,-1.7072287396706762,2285692325
bf,-19.9865245819091,-17.4243049621582,-4.987133392656786,-1.9329549077176453,2285708992
bf,-20.9536209106445,-18.2085266113281,-4.965727888581493,-2.301588693129184,2285725659
bf,-22.1489791870117,-18.0666236877441,-4.2561277657678644,-2.5653618401893064,2285742326
bf,-23.2039909362792,-18.3748626708984,-2.952251256482006,-2.502021286837489,2285758993
bf,-24.2297134399414,-19.7041568756103,-1.2724934000712214,-1.9852319396619995,2285775660
bf,-25.5909748077392,-21.0544376373291,0.4710232391324702,-1.0262951915118919,2285792327
bf,-26.9102573394775,-22.3924369812011,1.9277418660479597,0.22570148929090453,2285808994
bf,-27.9308013916015,-23.4578533172607,2.7831971044103443,1.5258781031431659,2285825661
bf,-28.4868297576904,-23.9974021911621,2.839011990350276,2.604574230424829,2285842328
bf,-28.8302154541015,-24.4478073120117,2.0769244151137802,3.244649577192432,2285858995
bf,-29.6470375061035,-24.621992111206,0.6829142938126125,3.340696032489357,2285875662
bf,-31.3347702026367,-24.4257946014404,-0.9855835282223191,2.9226125482867413,2285892329
bf,-32.9441566467285,-23.9741973876953,-2.4892196230725507,2.138697997348898,2285908996
bf,-33.8183250427246,-22.8153171539306,-3.4304701948207703,1.207135924733367,2285925663
bf,-34.0704879760742,-21.4620876312255,-3.5714730680294573,0.3540688938999658,2285942330
bf,-33.5317268371582,-20.4873104095459,-2.903348310670571,-0.24200382068167198,2285958997
bf,-32.4659881591796,-19.6250228881835,-1.640874781535732,-0.48555138353169774,2285975664
bf,-31.2795963287353,-18.6605777740478,-0.14566169401601706,-0.37429799890862625,2285992331
bf,-30.1456241607666,-17.8213520050048,1.1911180398435721,0.012420519122743792,2286008998
bf,-28.9870357513427,-17.1592140197753,2.0626015661806054,0.5402567893046807,2286025665
bf,-27.6392345428466,-16.370433807373,2.320057375165042,1.054103262878793,2286042332
bf,-26.127212524414,-15.4619121551513,1.99050110625788,1.4135223878149112,2286058999
bf,-24.5989170074462,-14.5179834365844,1.2436728515868931,1.523071555660326,2286075666
bf,-23.0100498199462,-13.5704307556152,0.32771308592074433,1.3511288284315306,2286092333
bf,-21.3258628845214,-12.5489988327026,-0.5035051852613126,0.9322686104140362,2286109000
bf,-19.6398105621337,-11.6422729492187,-1.052147952902277,0.352349378740413,2286125667
bf,-18.1043014526367,-10.7912673950195,-1.2151540422939178,-0.27897719663396153,2286142334
bf,-16.9113979339599,-10.1758079528808,-0.9953159166714325,-0.8595028614192122,2286159001
bf,-16.1420917510986,-9.99183177947998,-0.48640891224212796,-1.3200093993099018,2286175668
bf,-15.8936109542846,-10.0008497238159,0.16135503197646345,-1.6374347550734376,2286192335
bf,-16.0476951599121,-10.1087226867675,0.7862153099112963,-1.8333143704416617,2286209002
bf,-16.4114189147949,-10.429214477539,1.2589407171110105,-1.959405768219371,2286225669
bf,-16.9101028442382,-11.0016174316406,1.5148087710247196,-2.075688676996725,2286242336
bf,-17.4794540405273,-11.8231077194213,1.5648265360340956,-2.227859717105271,2286259003
bf,-18.1362247467041,-12.8756561279296,1.4833955765011002,-2.431572448152257,2286275670
bf,-18.9558658599853,-14.1064929962158,1.3772300512106745,-2.6685954507974188,2286292337
bf,-19.9606380462646,-15.5108222961425,1.3465293167603791,-2.896029323868399,2286309004
bf,-21.1634140014648,-17.2526340484619,1.4513882260679056,-3.0650577637351377,2286325671
bf,-22.5796279907226,-19.5404644012451,1.6936410995070443,-3.1422507849190144,2286342338
bf,-24.2181205749511,-21.7218589782714,2.018515037560987,-3.1255119258111237,2286359005
bf,-26.0617656707763,-24.0903167724609,2.334223870961402,-3.0485891856535163,2286375672
bf,-28.2747116088867,-26.6925888061523,2.542965373339638,-2.971893415752628,2286392339
bf,-30.8277320861816,-30.6120300292968,2.5744173659307914,-2.961773909083127,2286409006
bf,-33.7559394836425,-35.2252616882324,2.4124653119320936,-3.0637758826389097,2286425673
bf,-36.8468513488769,-39.1280899047851,2.107039543687092,-3.276934118946326,2286442340
bf,-39.9884223937988,-41.3960418701171,1.7655944422232386,-3.5366202540827523,2286459007
bf,-44.0386352539062,-42.919807434082,1.5232938269785201,-3.7139059968104577,2286475674
bf,-48.0330009460449,-43.0101242065429,1.497290743195701,-3.6384118574972746,2286492341
bf,-51.3038940429687,-38.9429588317871,1.7373583967451407,-3.145678746752242,2286509008
bf,-52.7176971435546,-32.4808273315429,2.1900364735579214,-2.138644775637737,2286525675
bf,-51.4576225280761,-31.5035915374755,2.693199750870299,-0.6417490653162199,2286542342
bf,-48.4216499328613,-31.3737297058105,3.0101884883870897,1.1758524954057534,2286559009
bf,-44.3334579467773,-29.5817165374755,2.898330837002442,3.0213423703075137,2286575676
bf,-40.4685630798339,-27.4446487426757,2.191352644543985,4.540407209494725,2286592343
bf,-36.9575157165527,-24.9803867340087,0.8665865271983864,5.403432118279503,2286609010
bf,-34.2318954467773,-22.0775451660156,-0.9286134379033723,5.3919538033865235,2286625677
bf,-32.4307708740234,-19.0369548797607,-2.9021055472883037,4.4616184550063815,2286642344
bf,-30.8963947296142,-15.075810432434,-4.685772963417437,2.7633373785159105,2286659011
bf,-28.7069091796875,-10.7887639999389,-5.925720636580822,0.6148377416004677,2286675678
bf,-25.932876586914,-6.34675979614257,-6.36750621559621,-1.5713376808510318,2286692345
bf,-23.7907886505126,-2.37850093841552,-5.915119152458022,-3.384339184773353,2286709012
bf,-22.0510711669921,0.524751543998718,-4.652388805694981,-4.509651116574554,2286725679
bf,-19.9721145629882,2.65095663070678,-2.825623978464408,-4.796420373768769,2286742346
bf,-17.5558948516845,3.88497996330261,-0.7933875349349416,-4.28061404063774,2286759013
bf,-15.0033016204833,4.51950311660766,1.0469211929298652,-3.160343707795156,2286775680
bf,-12.4857845306396,5.03745698928833,2.34320752680992,-1.7333586689105596,2286792347
bf,-10.3153266906738,5.32556676864624,2.8670879104746727,-0.3167691063016187,2286809014
bf,-8.76583480834961,5.50922870635986,2.5664736818516585,0.8274589210297485,2286825681
bf,-7.47321891784668,5.86982107162475,1.5741611173986234,1.5417511615276531,2286842348
bf,-6.31210279464721,6.36578178405761,0.1656586878744731,1.7874488150422332,2286859015
bf,-5.12162590026855,6.90601396560668,-1.3222152814343913,1.62728734880339,2286875682
bf,-3.65632677078247,7.20658540725708,-2.584284415369862,1.1880709107522611,2286892349
bf,-2.42938828468322,7.24908924102783,-3.4193390230586767,0.6192966138893954,2286909016
bf,-1.47207152843475,7.29871559143066,-3.759848608838238,0.06039372340697881,2286925683
bf,-0.76462984085083,7.292320728302,-3.656304822202602,-0.37799412388981773,2286942350
bf,-0.351696729660034,7.08006525039672,-3.2312433475711098,-0.6206561728829384,2286959017
bf,-0.0872102528810501,6.35428714752197,-2.6259986670611886,-0.6285431629772308,2286975684
bf,0.172620072960853,4.80293083190918,-1.959826970268319,-0.3994545005241802,2286992351
bf,0.425551176071167,2.53461718559265,-1.3107495019431648,0.029040530518468635,2287009018
bf,0.550077378749847,-0.178007408976554,-0.7168330135921612,0.5766600047845777,2287025685
bf,0.361996412277221,-2.94851779937744,-0.190055559190459,1.1227091143522994,2287042352
bf,-0.0395314469933509,-5.74852085113525,0.26669785513734345,1.5191177842237908,2287059019
bf,-0.73262870311737,-8.81765747070312,0.6471234282465552,1.6167334216384317,2287075686
bf,-1.9551727771759,-12.3098287582397,0.9377220312018337,1.3018225802902288,2287092353
bf,-3.41213345527648,-16.1512794494628,1.1232791143552647,0.5334543617409832,2287109020
bf,-5.00080919265747,-20.40083694458,1.1985891719475419,-0.6315971624444785,2287125687
bf,-6.86631441116333,-24.14404296875,1.180738064936286,-2.038426376107623,2287142354
bf,-8.99657440185546,-25.3905982971191,1.11532365359347,-3.4618478433684974,2287159021
bf,-11.7405109405517,-27.5392932891845,1.0713978032211557,-4.654319370544525,2287175688
bf,-14.8919315338134,-28.935977935791,1.1234688661926069,-5.397412672169402,2287192355
bf,-17.816499710083,-28.334394454956,1.3237628547326925,-5.5418440692058235,2287209022
bf,-19.9738140106201,-25.7941207885742,1.6729742465407396,-5.030446328541916,2287225689
bf,-21.32053565979,-21.8941211700439,2.101310044214561,-3.906876230077604,2287242356
bf,-21.5069828033447,-19.2912368774414,2.4712991539394977,-2.3137485940553524,2287259023
bf,-20.5563087463378,-19.2147064208984,2.6077616794158067,-0.4790717013071835,2287275690
bf,-18.689302444458,-20.0145454406738,2.349653233460018,1.3132961933705456,2287292357
bf,-16.4424724578857,-20.7393779754638,1.60762172691149,2.7698433354900804,2287309024
bf,-14.9310207366943,-21.319236755371,0.40548180808865103,3.642627778308604,2287325691
bf,-14.3725090026855,-21.7644424438476,-1.1127318878628374,3.7795654989673246,2287342358
bf,-14.3403749465942,-21.2327289581298,-2.716018863299752,3.155965144312775,2287359025
bf,-14.8538188934326,-19.9256706237792,-4.149563671417846,1.8792059115956414,2287375692
bf,-15.4197807312011,-17.3621368408203,-5.205134962705521,0.1660495695123307,2287392359
bf,-15.5536661148071,-14.3832893371582,-5.773665596490672,-1.701211590986407,2287409026
bf,-15.3956203460693,-12.8840446472167,-5.8628057425183036,-3.428992326838195,2287425693
bf,-15.2874593734741,-11.6003198623657,-5.576190430098522,-4.764641211328011,2287442360
bf,-15.4204416275024,-10.6543607711792,-5.065130648638268,-5.536014888768853,2287459027
bf,-15.533348083496,-10.3921737670898,-4.472189672679172,-5.6721200429056156,2287475694
bf,-15.8471622467041,-11.146312713623,-3.8870544578819555,-5.203605080257706,2287492361
bf,-16.7780876159667,-12.739161491394,-3.3287704163384344,-4.2457841920741375,2287509028
bf,-17.5756893157959,-14.8186159133911,-2.7575143046387005,-2.9691307934102675,2287525695
bf,-17.3290901184082,-16.4615516662597,-2.107520243666777,-1.563597593388441,2287542362
bf,-16.7079811096191,-18.2845573425292,-1.3251089848054305,-0.20420122575532643,2287559029
bf,-16.8746891021728,-20.2776985168457,-0.3959449309795326,0.9748905445310823,2287575696
bf,-18.4860973358154,-21.980125427246,0.6460469720813319,1.89328878456262,2287592363
bf,-20.2202701568603,-23.5151462554931,1.7245956210161402,2.524461990957403,2287609030
bf,-21.3359394073486,-24.8701190948486,2.732736248124562,2.886596665160052,2287625697
bf,-21.9558887481689,-26.0595111846923,3.545064568358344,3.0282025670031008,2287642364
bf,-22.6929550170898,-26.8251266479492,4.033778033839713,3.0110975172469563,2287659031
bf,-23.7200870513916,-27.4372634887695,4.094279501557046,2.893413811519289,2287675698
bf,-25.1962509155273,-27.9815292358398,3.678817166274224,2.7168471251428388,2287692365
bf,-26.8776206970214,-28.5785694122314,2.826026105992713,2.502670587407599,2287709032
bf,-28.5719203948974,-28.6507244110107,1.6704668388588633,2.258000348432986,2287725699
bf,-29.7911548614501,-28.4032802581787,0.42291915231665095,1.988825950684062,2287742366
bf,-30.5183639526367,-27.726541519165,-0.6756281787865084,1.7127182295213155,2287759033
bf,-31.1582069396972,-26.8113059997558,-1.4129755174867358,1.4640675563585148,2287775700
bf,-31.8771286010742,-25.6399230957031,-1.6596872939738616,1.28816522802024,2287792367
bf,-32.2822265625,-24.1650123596191,-1.4012184834226684,1.2258868499384228,2287809034
bf,-31.9285221099853,-22.8330745697021,-0.7377676143999728,1.2957251010632616,2287825701
bf,-31.1970405578613,-21.6464824676513,0.14804495292866932,1.4818180020722105,2287842368
bf,-30.1319255828857,-20.6568012237548,1.0443833307766095,1.7341808229347278,2287859035
bf,-28.8745594024658,-19.5814628601074,1.7664491488145402,1.9818682106373748,2287875702
bf,-27.5025997161865,-18.3406257629394,2.199102102258744,2.1542335810166877,2287892369
bf,-25.9775085449218,-16.9415130615234,2.31618261149958,2.2023416134159643,2287909036
bf,-24.2126483917236,-15.8170042037963,2.17515526454924,2.112760912098454,2287925703
bf,-22.3541717529296,-14.6808156967163,1.8919257405894696,1.9088589246281253,2287942370
bf,-20.5520401000976,-13.6782312393188,1.6042505858626956,1.6391957422074204,2287959037
bf,-18.8688220977783,-12.8824462890625,1.4336660683680251,1.357273200797433,2287975704
bf,-17.4076175689697,-12.3885450363159,1.4554208922666239,1.1001532441496373,2287992371
bf,-16.2385387420654,-11.9706230163574,1.6832005900905889,0.8739582991429891,2288009038
bf,-15.3916149139404,-11.7150468826293,2.0709829184520117,0.6516714488744493,2288025705
bf,-14.7925691604614,-11.6581621170043,2.5297385164972255,0.3840460995001465,2288042372
bf,-14.3361015319824,-11.7047605514526,2.9533537928547324,0.01971875450944478,2288059039
bf,-14.2531270980834,-11.873737335205,3.246576808325144,-0.47252693285188674,2288075706
bf,-14.6298913955688,-12.2781734466552,3.347898563732166,-1.0870717726319277,2288092373
bf,-15.3452939987182,-12.8925418853759,3.242052872323657,-1.7761845649025987,2288109040
bf,-16.2943000793457,-13.5163564682006,2.9599474445152545,-2.4582208093408267,2288125707
bf,-17.427900314331,-14.1424894332885,2.5673577081730645,-3.0370205008027935,2288142374
bf,-18.740098953247,-15.1416568756103,2.14643845920395,-3.4267989951911253,2288159041
bf,-20.2086334228515,-16.5589084625244,1.7753596755058085,-3.5753788730374443,2288175708
bf,-21.7375221252441,-18.380687713623,1.511137224291759,-3.4794580301817737,2288192375
bf,-23.3108482360839,-20.3010463714599,1.3793633043743796,-3.1882185346718197,2288209042
bf,-24.9605407714843,-22.5185508728027,1.3724975206422734,-2.79485872887991,2288225709
bf,-26.8062686920166,-24.577199935913,1.4561240378134832,-2.418446323454399,2288242376
bf,-29.0804729461669,-27.2301902770996,1.5806519718204275,-2.180019792674977,2288259043
bf,-31.7796783447265,-30.8528900146484,1.6948990488078555,-2.176702097243399,2288275710
bf,-34.8384284973144,-34.7064933776855,1.7581391367708508,-2.4562938904000213,2288292377
bf,-37.8278274536132,-37.3617973327636,1.7482271075575215,-2.9945838445972353,2288309044
bf,-41.0279655456543,-37.9601249694824,1.6645873385938401,-3.6807831500376715,2288325711
bf,-44.9374732971191,-37.5357017517089,1.525511364644056,-4.321622084506734,2288342378
bf,-48.1623344421386,-35.0091857910156,1.3594562619514354,-4.675325432775677,2288359045
bf,-50.3574333190918,-28.9071636199951,1.1908801793982797,-4.517000066561951,2288375712
bf,-50.9944038391113,-24.2655181884765,1.0236763303776646,-3.7190589636602183,2288392379
bf,-49.891429901123,-23.3854103088378,0.8289330199463688,-2.3152762383137278,2288409046
bf,-47.697525024414,-23.3483448028564,0.5455756079444073,-0.5170694515723947,2288425713
bf,-44.6842041015625,-23.46577835083,0.09905079463943811,1.3312695023687189,2288442380
bf,-41.6624717712402,-23.0878887176513,-0.5655119386337407,2.844852297151306,2288459047
bf,-38.8146934509277,-21.4148807525634,-1.4486303567416643,3.7044161497406027,2288475714
bf,-36.7358474731445,-18.4426956176757,-2.4767590113716036,3.740063538453576,2288492381
bf,-35.7421035766601,-14.7289190292358,-3.50838974950121,2.9690618895847205,2288509048
bf,-35.0486259460449,-10.1222257614135,-4.365211757651841,1.5831486795312546,2288525715
bf,-33.4329071044921,-4.62756443023681,-4.876817357999841,-0.10418860628751704,2288542382
bf,-31.0625877380371,-0.44591337442398,-4.922848677331274,-1.732771204845529,2288559049
bf,-29.2366123199462,1.97028851509094,-4.459513252192223,-2.9746125601271385,2288575716
bf,-27.656358718872,3.55326795578002,-3.526022585385195,-3.6005391798891524,2288592383
bf,-25.6796112060546,4.671311378479,-2.2357460086107603,-3.521996686294458,2288609050
bf,-23.8118267059326,4.93186235427856,-0.7606562012052298,-2.799954558062513,2288625717
bf,-21.6956710815429,4.73269081115722,0.6865494146738149,-1.6193458420043771,2288642384
bf,-18.9740371704101,4.51829242706298,1.8759923761197959,-0.23612380483027567,2288659051
bf,-16.2828845977783,4.5491189956665,2.5959358328711275,1.0879954438434838,2288675718
bf,-14.1870079040527,4.84736680984497,2.699125807396411,2.144724859308154,2288692385
bf,-12.6126260757446,5.28214311599731,2.1471775445199723,2.817114296039117,2288709052
bf,-11.346432685852,5.6428894996643,1.0327935022365466,3.088901963840581,2288725719
bf,-10.2244987487792,5.93009757995605,-0.43513831346615417,3.0272504835834586,2288742386
bf,-9.09586143493652,6.14562606811523,-1.982558202319853,2.748047340695373,2288759053
bf,-7.86754322052001,6.23445844650268,-3.3394709112609253,2.3763356367556088,2288775720
bf,-6.62602710723876,5.95332479476928,-4.30193535411274,2.01367484594203,2288792387
bf,-5.49337244033813,5.54900503158569,-4.766733350550554,1.7202265698775405,2288809054
bf,-4.61069679260253,4.83317136764526,-4.732577753417065,1.5136217245580483,2288825721
bf,-3.94151616096496,3.7850329875946,-4.275652919123549,1.3809054969890258,2288842388
bf,-3.42911434173584,2.64577317237854,-3.5145079234825842,1.2958528512606122,2288859055
bf,-3.01682353019714,1.35568976402282,-2.5784244131473684,1.2331228562989482,2288875722
bf,-2.58581399917602,-0.138760223984718,-1.5872530329394259,1.1734216099772123,2288892389
bf,-2.27034068107605,-1.8538806438446,-0.6434157057440484,1.099009964990987,2288909056
bf,-2.42433524131774,-3.98018097877502,0.16865166745860008,0.9843752635236847,2288925723
bf,-3.01879858970642,-6.67227029800415,0.7823678281299735,0.7901388343948615,2288942390
bf,-3.86289882659912,-10.0359945297241,1.1533897674194251,0.4673971763410875,2288959057
bf,-5.1583924293518,-13.7435903549194,1.2695557913053162,-0.025355583629194458,2288975724
bf,-6.78073167800903,-17.5733127593994,1.1624979686404384,-0.6975848527057273,2288992391
bf,-8.52982425689697,-20.3624477386474,0.9135572456471868,-1.50459776944723,2289009058
bf,-10.5086965560913,-22.5111618041992,0.6465131993213985,-2.3388900719298804,2289025725
bf,-12.7596073150634,-23.6022663116455,0.5035006446433781,-3.041329164123099,2289042392
bf,-15.4732217788696,-23.7041072845459,0.6070463067297192,-3.431303868353549,2289059059
bf,-18.3587627410888,-22.2742195129394,1.0176889846037063,-3.3489497208223677,2289075726
bf,-20.6726169586181,-19.8790473937988,1.7004955075310562,-2.6996423928710875,2289092393
bf,-22.3585262298584,-17.5876960754394,2.513655376618067,-1.4899896774125638,2289109060
bf,-22.9308261871337,-16.8173427581787,3.228086319937322,0.15556131656833583,2289125727
bf,-22.1542854309082,-18.1824932098388,3.578806743791443,2.005954771313102,2289142394
bf,-19.8088665008544,-20.8679008483886,3.337785737252179,3.7640939896870886,2289159061
bf,-16.8189620971679,-23.1944599151611,2.387476592092029,5.128671327550321,2289175728
bf,-14.7716045379638,-24.4835815429687,0.7697621201417225,5.861746922046525,2289192395
bf,-14.0403242111206,-24.875186920166,-1.3090957470357525,5.844321811173702,2289209062
bf,-14.1508274078369,-23.7936325073242,-3.5215874624460595,5.10490613327582,2289225729
bf,-15.0151138305664,-21.6868247985839,-5.496459075339115,3.8123965461605906,2289242396
bf,-16.14621925354,-19.8441143035888,-6.905492051338903,2.233370260382145,2289259063
bf,-16.6333312988281,-18.1413307189941,-7.5341917743555165,0.6638711309461118,2289275730
bf,-16.292682647705,-16.5979976654052,-7.319991893482858,-0.6458549577539583,2289292397
bf,-15.9616384506225,-15.4777536392211,-6.35390214537492,-1.552124239827004,2289309064
bf,-16.0072479248046,-14.9879159927368,-4.851504692139527,-2.0467819437351498,2289325731
bf,-16.4630031585693,-14.9627056121826,-3.1042150360300553,-2.2471558432741543,2289342398
bf,-16.9999752044677,-14.90558719635,-1.4223681783815079,-2.351464422231872,2289359065
bf,-17.487979888916,-14.9764499664306,-0.07998578606572392,-2.5731785756043926,2289375732
bf,-18.1771450042724,-15.1538333892822,0.7312034627595146,-3.0721447996815896,2289392399
bf,-19.1781101226806,-15.2555093765258,0.9327624518334907,-3.9002692523785334,2289409066
bf,-20.5029487609863,-14.9344854354858,0.5710396461364471,-4.9762865980654825,2289425733
bf,-21.8414878845214,-14.8730325698852,-0.1940873299067452,-6.097585446083289,2289442400
bf,-22.8987483978271,-15.8787145614624,-1.1238156237757189,-6.9873014782516725,2289459067
bf,-23.5687580108642,-17.9896659851074,-1.954124432745393,-7.36452399811176,2289475734
bf,-24.5430908203125,-20.0862712860107,-2.4581614393158353,-7.018943592168821,2289492401
bf,-25.9010028839111,-22.2969608306884,-2.50205305851712,-5.87109942241556,2289509068
bf,-27.1877937316894,-24.5422573089599,-2.0784680599807723,-4.004262033110337,2289525735
bf,-28.2432765960693,-26.4312381744384,-1.3075244377900137,-1.6608455864228342,2289542402
bf,-29.4762687683105,-28.0948657989501,-0.40387684426167936,0.7970964643625609,2289559069
bf,-30.867374420166,-29.6451663970947,0.38158312214943085,2.957706920960662,2289575736
bf,-32.2509498596191,-30.5326194763183,0.8303007664788674,4.447759016839841,2289592403
bf,-33.0650596618652,-31.0428962707519,0.8173020020833552,5.021397904102111,2289609070
bf,-33.4930725097656,-30.9873180389404,0.3488349313133376,4.625967530551986,2289625737
bf,-34.0313377380371,-30.0821952819824,-0.4351888386617191,3.422723428512537,2289642404
bf,-34.8824462890625,-28.6327629089355,-1.2974215975432706,1.7506187117273244,2289659071
bf,-35.8963012695312,-26.7357196807861,-1.970380981666003,0.03946541694027067,2289675738
bf,-36.3241806030273,-24.8718547821044,-2.2361545812115864,-1.3028027288874042,2289692405
bf,-35.9858665466308,-23.283821105957,-1.9936397056144346,-1.994174332712726,2289709072
bf,-35.0219268798828,-22.1255187988281,-1.2909504334589827,-1.9426039454847313,2289725739
bf,-33.7339096069335,-21.2989349365234,-0.31165237957691966,-1.2532803359004745,2289742406
bf,-32.3258781433105,-20.2747192382812,0.6812048271171353,-0.18168645173972836,2289759073
bf,-30.7557487487792,-19.0332927703857,1.4254895119029471,0.948372388725175,2289775740
bf,-29.0227279663085,-17.5325088500976,1.7393260952773808,1.8343855737712096,2289792407
bf,-27.2389202117919,-16.0327339172363,1.5743289149581736,2.266928679444468,2289809074
bf,-25.4269886016845,-14.5801095962524,1.02611480152702,2.1676355523020603,2289825741
bf,-23.6601963043212,-13.2772808074951,0.29943347583159885,1.5894731797478794,2289842408
bf,-21.8515586853027,-12.1074304580688,-0.35974295078692553,0.6857566287278143,2289859075
bf,-20.119213104248,-11.1244201660156,-0.7420959834498245,-0.3394540026433293,2289875742
bf,-18.6555614471435,-10.5493364334106,-0.7371577674749971,-1.2850964877743458,2289892409
bf,-17.5802135467529,-10.3934173583984,-0.3605170322585757,-1.9981530042391455,2289909076
bf,-16.8670673370361,-10.5653762817382,0.26063115478532706,-2.401096383778766,2289925743
bf,-16.527545928955,-10.8695287704467,0.936063575558907,-2.4979860481503477,2289942410
bf,-16.5534343719482,-11.2466878890991,1.4770727233761074,-2.3608238409128806,2289959077
bf,-16.9117584228515,-11.8054275512695,1.7551682577259158,-2.10221163660914,2289975744
bf,-17.5733394622802,-12.5806398391723,1.7369774377695355,-1.8428038892431688,2289992411
bf,-18.4499969482421,-13.483039855957,1.4865488680244605,-1.6820412335166275,2290009078
bf,-19.4559822082519,-14.5909729003906,1.1371601029050993,-1.6785402791079236,2290025745
bf,-20.5305652618408,-16.0565891265869,0.8438145061160045,-1.8432682185652125,2290042412
bf,-21.6280841827392,-17.9008235931396,0.732429479751275,-2.1453167933501893,2290059079
bf,-22.8431358337402,-19.7720012664794,0.8613721133196907,-2.5274006451270696,2290075746
bf,-24.2452545166015,-21.8162288665771,1.2061000407618132,-2.926332631397796,2290092413
bf,-25.9103946685791,-23.9416007995605,1.6700210334460046,-3.292705154366297,2290109080
bf,-27.8723793029785,-26.5005912780761,2.116819613564279,-3.604094319984124,2290125747
bf,-30.4018039703369,-29.8336391448974,2.413815877033105,-3.8675667620172023,2290142414
bf,-33.7169494628906,-33.9138069152832,2.473697480743365,-4.109829733225993,2290159081
bf,-37.2724227905273,-37.5421142578125,2.2830351855784197,-4.356544544066051,2290175748
bf,-40.4402389526367,-39.6701736450195,1.9094732029246995,-4.606257400347576,2290192415
bf,-44.0223503112793,-40.1634101867675,1.484578393309998,-4.8090039486289715,2290209082
bf,-47.9084930419921,-39.0071945190429,1.165326037701045,-4.862470729206975,2290225749
bf,-51.1373138427734,-35.9796981811523,1.0831467414474991,-4.635250883169329,2290242416
bf,-53.3316001892089,-31.9104537963867,1.294167724315905,-4.015361540448015,2290259083
bf,-53.8462333679199,-28.1956329345703,1.7463945803071728,-2.9675979327639257,2290275750
bf,-52.4737472534179,-25.9087162017822,2.2775398136853546,-1.5748607128593612,2290292417
bf,-49.5828819274902,-24.5985622406005,2.6498137993908744,-0.042606621221350637,2290309084
bf,-45.3596954345703,-23.5548114776611,2.6159100741733554,1.3401611891986265,2290325751
bf,-41.2061157226562,-22.1478996276855,1.9974657199590775,2.273496795437304,2290342418
bf,-37.7640228271484,-19.7858486175537,0.7498550777342439,2.5313540456674963,2290359085
bf,-35.1503067016601,-16.7780303955078,-1.0094717055178053,2.0334833925455054,2290375752
bf,-33.5515556335449,-12.8510446548461,-3.018679513447577,0.8822970388843405,2290392419
bf,-32.0622596740722,-8.97666645050048,-4.9291496260244125,-0.6490958548361823,2290409086
bf,-30.2063789367675,-5.59476423263549,-6.386083383413265,-2.179175732958979,2290425753
bf,-28.2034950256347,-2.54595041275024,-7.111161927496684,-3.3169936864242735,2290442420
bf,-26.4803562164306,-0.483470737934112,-6.967112150869383,-3.769960597036909,2290459087
bf,-25.0941143035888,0.367276489734649,-5.9884740661264,-3.425919981955669,2290475754
bf,-23.848066329956,0.969333529472351,-4.371137972949953,-2.3817019366613463,2290492421
bf,-22.2437210083007,1.43771207332611,-2.4244109866821377,-0.9093685375280776,2290509088
bf,-20.5070323944091,1.8948780298233,-0.5000685978977647,0.6260887600989666,2290525755
bf,-19.4001998901367,2.3306016921997,1.0815819504188275,1.8683532208001006,2290542422
bf,-18.1877937316894,3.06443119049072,2.090847044183924,2.5586488249078885,2290559089
bf,-16.1169967651367,4.14723825454711,2.423284104580588,2.588571391942604,2290575756
bf,-13.9027814865112,5.27328538894653,2.10817302890049,2.0085347616095217,2290592423
bf,-11.8691673278808,6.10849475860595,1.2928747141809882,0.9981659970389484,2290609090
bf,-10.103401184082,6.61228227615356,0.20590227282292828,-0.18597630597600642,2290625757
bf,-8.30427932739257,6.76634407043457,-0.8961505096747263,-1.268820048396757,2290642424
bf,-6.47149944305419,6.56272554397583,-1.7875908702011165,-2.0096160447914504,2290659091
bf,-4.88130521774292,6.12911796569824,-2.323981825259117,-2.243800550883905,2290675758
bf,-3.6641993522644,5.35154294967651,-2.469877710913093,-1.9122914989782736,2290692425
bf,-2.73042583465576,3.70153403282165,-2.296174524011614,-1.0765908733498537,2290709092
bf,-2.05883908271789,1.16910028457641,-1.9487567572123816,0.08412539517286977,2290725759
bf,-1.60251891613006,-2.01837515830993,-1.598844622556224,1.29877821369446,2290742426
bf,-1.26968467235565,-6.00097703933715,-1.390025032498418,2.254977140226781,2290759093
bf,-1.15717041492462,-10.6072034835815,-1.396157073598271,2.669340457382989,2290775760
bf,-1.47957801818847,-14.3726167678833,-1.5995364034389838,2.3637021023095532,2290792427
bf,-2.6278383731842,-17.7070064544677,-1.892729048398118,1.3266013312194171,2290809094
bf,-4.66865015029907,-19.7902679443359,-2.102943705130255,-0.2617632143329383,2290825761
bf,-7.55180215835571,-19.3948707580566,-2.0354844127181577,-2.055846589730252,2290842428
bf,-10.9960861206054,-17.7725486755371,-1.5310399129675119,-3.6216610630749617,2290859095
bf,-14.2040138244628,-15.1411123275756,-0.5275640574992919,-4.545125906044651,2290875762
bf,-16.3693332672119,-12.9033613204956,0.8893961106108439,-4.540194352552504,2290892429
bf,-17.65283203125,-12.9066133499145,2.469961489368053,-3.5248209498167453,2290909096
bf,-17.803295135498,-14.0227832794189,3.8363999214407665,-1.6441818983913241,2290925763
bf,-16.338882446289,-16.023790359497,4.576541620455091,0.7621602125921223,2290942430
bf,-14.3734540939331,-18.6251735687255,4.371684660933257,3.2362882301926494,2290959097
bf,-13.1407623291015,-20.4851398468017,3.113322097606992,5.298971714396159,2290975764
bf,-13.1515598297119,-21.0818557739257,0.959014971573666,6.544833098437728,2290992431
bf,-13.916404724121,-19.9856700897216,-1.7001339080656612,6.717929453350744,2291009098
bf,-14.9318628311157,-18.4725131988525,-4.349900467414264,5.756706736682103,2291025765
bf,-15.8659315109252,-16.1935882568359,-6.4980950383420435,3.802693823357931,2291042432
bf,-16.5021228790283,-13.5869617462158,-7.80091145454272,1.1714561705064108,2291059099
bf,-16.4003028869628,-11.2581272125244,-8.130880119100802,-1.7107604793446323,2291075766
bf,-15.5924167633056,-9.25116920471191,-7.57435883236815,-4.39397179358842,2291092433
bf,-15.005027770996,-7.88181829452514,-6.372827480592532,-6.496092073773188,2291109100
bf,-14.9672451019287,-7.52553176879882,-4.836904581628387,-7.7759263251582,2291125767
bf,-15.6458616256713,-8.49317169189453,-3.262813875202181,-8.167661655306341,2291142434
bf,-16.725414276123,-10.3947629928588,-1.8725399052215737,-7.768689105381905,2291159101
bf,-17.9568157196044,-12.6359357833862,-0.7871893861808952,-6.788024907755647,2291175768
bf,-19.3169956207275,-14.5888214111328,-0.03212755364492907,-5.475068957042453,2291192435
bf,-20.5588989257812,-16.4066467285156,0.4356258599690415,-4.052798916945062,2291209102
bf,-21.5332126617431,-17.6842956542968,0.6911075438096383,-2.6747388503456517,2291225769
bf,-22.5157127380371,-19.1119632720947,0.8087004496108378,-1.4141315730171602,2291242436
bf,-22.9358501434326,-20.7385864257812,0.8409594659946283,-0.2816832438240007,2291259103
bf,-23.2754535675048,-22.4424209594726,0.8114118263363437,0.7403262670352666,2291275770
bf,-23.7198295593261,-24.4391574859619,0.7198561150629973,1.6625908753159584,2291292437
bf,-23.7972965240478,-25.9253787994384,0.5569386387698498,2.464770422085626,2291309104
bf,-23.8892250061035,-26.9623794555664,0.3233596490345365,3.090667956565168,2291325771
bf,-24.5438785552978,-27.7987937927246,0.04645624803367382,3.4640920887977527,2291342438
bf,-25.8023529052734,-28.9941329956054,-0.21488847474826916,3.5200751445593053,2291359105
bf,-26.9769058227539,-29.5893459320068,-0.38302015379291776,3.239912491596354,2291375772
bf,-27.6291732788085,-28.792516708374,-0.3893695505532323,2.6754712606541844,2291392439
bf,-27.8903789520263,-27.7421112060546,-0.20550068801393254,1.9507059937218851,2291409106
bf,-27.7568836212158,-26.5183677673339,0.1380043579543192,1.23637283058592,2291425773
bf,-27.1963195800781,-25.3501815795898,0.5552578331551382,0.7047001282692792,2291442440
bf,-26.4193572998046,-24.2742290496826,0.9313411608332501,0.4794336448325291,2291459107
bf,-25.5510826110839,-23.3198165893554,1.1608268312017875,0.5989852445433995,2291475774
bf,-24.655906677246,-22.3678455352783,1.1832367618718376,1.0054367424909136,2291492441
bf,-23.5511207580566,-21.4386940002441,1.0023005886726086,1.5625887622210075,2291509108
bf,-22.178165435791,-20.3915157318115,0.6832999540814974,2.0963011732583943,2291525775
bf,-20.7187442779541,-19.2667598724365,0.33133145899857436,2.4435795026431433,2291542442
bf,-19.275442123413,-18.1697902679443,0.059289110556627,2.4951413885597535,2291559109
bf,-17.8223915100097,-16.7626934051513,-0.04374633898651486,2.2195867469756667,2291575776
bf,-16.2629146575927,-15.5938653945922,0.06534922728611012,1.6640953229156712,2291592443
bf,-14.7007427215576,-14.6223249435424,0.37634579569901294,0.9341394542011215,2291609110
bf,-13.3485879898071,-13.6411399841308,0.8336309381146956,0.1605279231288681,2291625777
bf,-12.3833026885986,-12.8567323684692,1.3557963420055852,-0.5354033261429312,2291642444
bf,-11.804141998291,-12.3847637176513,1.8600426420969485,-1.0688205266146664,2291659111
bf,-11.4106121063232,-12.2609577178955,2.2836435155184245,-1.4049548300972212,2291675778
bf,-11.0827369689941,-12.3254880905151,2.5960518436494104,-1.5584183096290911,2291692445
bf,-10.8628482818603,-12.5162868499755,2.79853730655951,-1.5814902054168194,2291709112
bf,-10.8362741470336,-12.8238506317138,2.9126057887318715,-1.546543631306679,2291725779
bf,-11.0137386322021,-13.3587589263916,2.962456140047731,-1.5276204638861235,2291742446
bf,-11.5042171478271,-14.0292844772338,2.9588837714227445,-1.5846453735825818,2291759113
bf,-12.4963302612304,-14.6924743652343,2.891477999535683,-1.7519392770215354,2291775780
bf,-13.8256330490112,-15.3957023620605,2.7328592443842026,-2.0313754410258396,2291792447
bf,-15.240436553955,-16.211233139038,2.454052285172986,-2.3901151685953845,2291809114
bf,-16.5201549530029,-17.2116775512695,2.0453282903124355,-2.76325555281904,2291825781
bf,-17.8590240478515,-18.5173645019531,1.533736668892725,-3.0623014366358587,2291842448
bf,-19.5282382965087,-20.1916847229003,0.9887504102758228,-3.1902851899736313,2291859115
bf,-21.512336730957,-22.1284751892089,0.511457197035979,-3.0630910709154984,2291875782
bf,-23.6244640350341,-24.1670913696289,0.20909826524030978,-2.6343516961322306,2291892449
bf,-25.6237564086914,-26.7136726379394,0.16268251751824792,-1.9190239775836564,2291909116
bf,-27.5305061340332,-30.0335712432861,0.3983610016570951,-1.0093155188209058,2291925783
bf,-29.4618740081787,-33.887954711914,0.8723469121876121,-0.07657227713146814,2291942450
bf,-31.5777034759521,-38.6489715576171,1.4751857506890638,0.6457287747285482,2291959117
bf,-34.1407394409179,-43.0131149291992,2.0556143710989474,0.8994210851851313,2291975784
bf,-37.1427612304687,-46.0498466491699,2.4585281047655676,0.45573749844882494,2291992451
bf,-40.5421714782714,-48.1439056396484,2.5669608989287553,-0.8244950051145343,2292009118
bf,-44.6779060363769,-48.5396537780761,2.3357698587725055,-2.9409870601013015,2292025785
bf,-48.8868598937988,-46.1669731140136,1.8061936341834748,-5.732469349031698,2292042452
bf,-52.0856552124023,-40.725040435791,1.0960085730061233,-8.896113852438692,2292059119
