Label,Left_Hip_q,Right_Hip_q,Left_Hip_qd,Right_Hip_qd,SampleTimeFine
sw,-83.0317611694336,-52.1573219299316,42.4135475158691,-29.1018104553222,33428801
sw,-82.4141082763671,-51.6922874450683,44.16013441242091,-27.33008439342147,33445468
sw,-81.8401641845703,-51.3384552001953,40.03699763106463,-3.7520032073295226,33462135
sw,-81.3568420410156,-51.1999130249023,36.25840656206864,18.799696447896256,33478802
sw,-80.9086303710937,-51.3807144165039,33.38364917139166,39.40922569977694,33495469
sw,-80.5236892700195,-52.7228698730468,31.752858253802756,57.18944692917078,33512136
sw,-80.20068359375,-54.7205505371093,31.414506690630322,71.46704202237977,33528803
sw,-79.8540954589843,-56.4455223083496,32.10733018176438,82.01029982312959,33545470
sw,-79.4317779541015,-57.8098220825195,33.29828895238293,89.15702822883412,33562137
sw,-78.932388305664,-59.2353897094726,34.264516567430576,93.7434429417738,33578804
sw,-78.3574295043945,-60.7523460388183,34.191779113868016,96.84441972774735,33595471
sw,-77.8299102783203,-62.3143844604492,32.25387454287272,99.42893191853068,33612138
sw,-77.4559631347656,-63.9644546508789,27.646351068249338,102.05960271281153,33628805
sw,-77.3388900756836,-65.3986434936523,19.576147704439606,104.73226666622855,33645472
sw,-77.5507431030273,-66.8673477172851,7.24587845563639,106.89792854401333,33662139
sw,-77.9790802001953,-68.3714370727539,-10.103516524304798,107.65894190824723,33678806
sw,-78.549087524414,-70.0150909423828,-33.036721788868824,106.08631315763652,33695473
sw,-79.3243637084961,-71.8173294067382,-61.64939515024694,101.56596869581149,33712140
sw,-80.6109390258789,-73.6704864501953,-95.24323346055965,94.06049817622738,33728807
sw,-82.641128540039,-75.0967407226562,-132.07854732315522,84.18821793394451,33745474
sw,-85.1958465576171,-75.9952087402343,-169.34235280196674,73.08180917828653,33762141
sw,-87.6666107177734,-76.4881286621093,-203.42230106329242,62.076839338015134,33778808
sw,-86.9213333129882,-76.8876495361328,-230.48913564779343,52.35359761080538,33795475
sw,-82.4192886352539,-77.4380645751953,-247.28482639145926,44.67020194203714,33812142
sw,-76.2327728271484,-78.2026138305664,-251.90824306328463,39.270091242339504,33828809
sw,-71.9856643676757,-79.0391540527343,-244.3262321258241,35.95775404686494,33845476
sw,-69.0458602905273,-79.873062133789,-226.38569532732888,34.26876657369662,33862143
sw,-66.3774795532226,-80.7986145019531,-201.28710033856854,33.647824626178256,33878810
sw,-63.4942054748535,-81.6461486816406,-172.7064263430938,33.58088232786459,33895477
sw,-61.032787322998,-82.3621139526367,-143.87166401987946,33.66823719209498,33912144
sw,-59.3282890319824,-82.9718627929687,-116.86137124926778,33.64933831274894,33928811
sw,-58.1786231994628,-83.6268005371093,-92.27549348084317,33.39724398974318,33945478
sw,-57.3778800964355,-84.3632659912109,-69.32367708100358,32.89851440884158,33962145
sw,-56.6069984436035,-85.0864181518554,-46.29904805137086,32.22420158896165,33978812
sw,-55.9530334472656,-85.6553955078125,-21.327327623913835,31.483329059688476,33995479
sw,-55.5354118347168,-86.089485168457,6.80275009450305,30.745360773425443,34012146
sw,-55.4738426208496,-86.4169616699218,37.97684283856425,29.933186879669176,34028813
sw,-55.9511528015136,-86.6663360595703,70.49246462245691,28.715881353594046,34045480
sw,-58.1287155151367,-86.8968200683593,101.32136452564734,26.450088523270267,34062147
sw,-61.160587310791,-87.0898742675781,126.8466777054984,22.213646627087403,34078814
sw,-63.8858757019043,-87.2761688232421,143.84986125036363,14.945005261749188,34095481
sw,-66.4061889648437,-87.4055786132812,150.43450286300717,3.6625755526852712,34112148
sw,-68.9206237792968,-87.3798294067382,146.61494903379992,-12.291252170773145,34128815
sw,-71.4910736083984,-87.0692901611328,134.423825059899,-33.04450103585138,34145482
sw,-73.8789901733398,-86.3688049316406,117.52238447223262,-58.078209471830384,34162149
sw,-75.4931640625,-85.2291946411132,100.39374056108517,-86.22128013553623,34178816
sw,-76.5505752563476,-83.313735961914,87.28008600854791,-115.75311438615476,34195483
sw,-76.975959777832,-80.8125457763671,81.1065923705059,-144.58561256709453,34212150
sw,-77.4416122436523,-77.9405441284179,82.68610736363085,-170.48329635775391,34228817
sw,-78.5221481323242,-74.8594055175781,90.46557244498511,-191.2851284188062,34245484
sw,-80.2667617797851,-71.5115661621093,100.93524573584205,-205.11294029603275,34262151
sw,-82.2393951416015,-67.8332824707031,109.61695362529386,-210.5731650631272,34278818
sw,-83.887336730957,-64.1170425415039,112.36107215342652,-206.95891052121152,34295485
sw,-84.9271545410156,-60.7763748168945,106.58327358881118,-194.43246019021092,34312152
sw,-84.5896301269531,-58.0424690246582,92.07997654639745,-174.1336854112029,34328819
sw,-83.4923858642578,-55.6044616699218,71.16104646708963,-148.14519543404978,34345486
sw,-83.0044250488281,-53.3034133911132,48.01835463642301,-119.26133718378317,34362153
sw,-83.1161575317382,-51.7426109313964,27.491548598133953,-90.54988769226368,34378820
sw,-83.7933502197265,-51.4274406433105,13.626511846755458,-64.75946283855082,34395487
sw,-84.595718383789,-51.599308013916,8.52869146007928,-43.70811954085078,34412154
sw,-84.9532165527343,-51.7897033691406,11.910999341065542,-27.85464049547382,34428821
sw,-84.4581527709961,-51.4849777221679,21.454478066947377,-16.241616634539294,34445488
sw,-83.2551193237304,-50.9269981384277,33.77187527206464,-6.878572113726718,34462155
sw,-82.1460723876953,-50.3842048645019,45.54805788271283,2.5477449938511882,34478822
sw,-81.4734573364257,-49.953441619873,54.423284213854025,13.892029926244735,34495489
sw,-80.9287567138671,-50.0937309265136,59.367649182409174,27.982657631205193,34512156
sw,-80.2882537841796,-51.2905120849609,60.5490974356186,44.453832022545654,34528823
sw,-79.4826889038086,-52.9802818298339,58.883966464158185,61.98955785519262,34545490
sw,-78.6733856201171,-54.492504119873,55.5077984904187,78.8280988008665,34562157
sw,-77.9957427978515,-55.821418762207,51.34202561687169,93.30516096469302,34578824
sw,-77.4535751342773,-57.4173698425293,46.83506689730578,104.25863364266856,34595491
sw,-76.8931198120117,-59.4954681396484,41.88239687205407,111.2219502950514,34612158
sw,-76.251594543457,-61.5572052001953,35.892219386815334,114.41738291673029,34628825
sw,-75.684814453125,-63.5279922485351,27.947632606241253,114.59359224967443,34645492
sw,-75.3119735717773,-65.1449890136718,17.01124604904415,112.75983670002317,34662159
sw,-75.2696990966796,-66.4411544799804,2.125275609969339,109.88393923932472,34678826
sw,-75.7063522338867,-67.905776977539,-17.418062559612174,106.63840953022097,34695493
sw,-76.5879974365234,-69.4024658203125,-41.932695882990835,103.27125418053213,34712160
sw,-77.8294067382812,-70.969482421875,-71.20171544738653,99.6325878217942,34728827
sw,-79.3748321533203,-72.3667678833007,-104.33878982703447,95.32780677330615,34745494
sw,-81.3864593505859,-73.7380752563476,-139.67673707569867,89.92958138395142,34762161
sw,-84.071304321289,-75.130386352539,-174.7519196968063,83.17865900897655,34778828
sw,-86.9052276611328,-76.5320053100586,-206.46482621278452,75.12136807338139,34795495
sw,-87.682014465332,-77.5718383789062,-231.46541493029068,66.15036882095849,34812162
sw,-84.6976242065429,-78.2285842895507,-246.74345391542275,56.93510091015235,34828829
sw,-79.4977188110351,-78.8229827880859,-250.31402287469825,48.259219324056836,34845496
sw,-73.6470108032226,-79.5207748413086,-241.7976515625913,40.818157088636504,34862163
sw,-70.2140884399414,-80.2445602416992,-222.65547152919095,35.04885249237567,34878830
sw,-67.9977798461914,-81.0132980346679,-195.92354272840876,31.051059246356154,34895497
sw,-65.9618225097656,-81.9544372558593,-165.49708744102796,28.621413212397048,34912164
sw,-63.8045196533203,-82.7551116943359,-135.21880819993936,27.37575852786376,34928831
sw,-61.8052215576171,-83.2536315917968,-108.07960127197575,26.902609586264518,34945498
sw,-60.1892738342285,-83.5563659667968,-85.73115198081598,26.88738033667332,34962165
sw,-59.2138938903808,-83.9334106445312,-68.35341898660398,27.17335863759311,34978832
sw,-58.5734024047851,-84.4611892700195,-54.82391676442362,27.759587633550655,34995499
sw,-57.9537124633789,-85.0861434936523,-43.11401842064499,28.752321303968095,35012166
sw,-57.3965873718261,-85.683479309082,-30.840483520219227,30.281713714619496,35028833
sw,-57.0056800842285,-86.1761856079101,-15.886634948124495,32.387488697799405,35045500
sw,-56.75239944458,-86.5454406738281,3.0215309608497773,34.884588994205984,35062167
sw,-56.8297653198242,-86.846694946289,25.91535722743928,37.24149563469051,35078834
sw,-57.4560585021972,-87.1420669555664,51.47000662945416,38.522984957339546,35095501
sw,-59.1909255981445,-87.436164855957,77.22434622030369,37.44724125254955,35112168
sw,-60.9833374023437,-87.6815948486328,100.0909895388084,32.57801650506809,35128835
sw,-63.0904731750488,-87.8297576904296,117.0321552817942,22.62508589038312,35145502
sw,-65.1287612915039,-87.8390655517578,125.74178348449642,6.7799439886047,35162169
sw,-67.2637176513671,-87.7451019287109,125.19187588320435,-15.011713478386682,35178836
sw,-69.3063812255859,-87.658576965332,115.94335325623446,-41.93154315500439,35195503
sw,-71.5726165771484,-87.2622680664062,100.15822443714141,-72.3733102514375,35212170
sw,-73.4225997924804,-85.9557647705078,81.27875251427838,-104.21498886079158,35228837
sw,-74.2730331420898,-83.4799880981445,63.386282570898146,-135.1950203104231,35245504
sw,-74.3823013305664,-80.4356689453125,50.33781531568842,-163.2674286140169,35262171
sw,-74.5335540771484,-77.2182159423828,44.87905425309607,-186.81850480369516,35278838
sw,-75.0612640380859,-74.0629501342773,47.982747892288735,-204.6928580130061,35295505
sw,-76.1097106933593,-70.8634643554687,58.60941143407675,-216.0736261795913,35312172
sw,-77.6014175415039,-67.3861770629882,73.95260904580545,-220.3381502440186,35328839
sw,-79.0857543945312,-63.7387657165527,90.08796884030849,-217.01735438386748,35345506
sw,-80.4625091552734,-59.7281761169433,102.85950815078137,-205.9144374040569,35362173
sw,-81.9030380249023,-56.3003044128418,108.81753242656015,-187.32796118694748,35378840
sw,-83.5386276245117,-53.9484367370605,106.03086662772122,-162.24679382986878,35395507
sw,-84.8830108642578,-52.2070960998535,94.5966604962224,-132.39023641468484,35412174
sw,-84.8331298828125,-50.7090682983398,76.67773324758043,-100.04428155976198,35428841
sw,-84.8168106079101,-49.5885124206543,55.97160611961962,-67.73166719017594,35445508
sw,-85.4720001220703,-49.0110816955566,36.69566904688074,-37.798895387643476,35462175
sw,-86.0718536376953,-49.2442016601562,22.397555039446413,-12.011702155036051,35478842
sw,-86.3597640991211,-49.9970588684082,15.020718161003478,8.74858737465296,35495509
sw,-86.3094406127929,-50.674949645996,14.562237889898514,24.598084170690782,35512176
sw,-86.0631942749023,-51.0793495178222,19.392380559937607,36.51654360838197,35528843
sw,-85.6463928222656,-51.2949562072753,27.02618178700079,45.990165559932876,35545510
sw,-85.2565841674804,-51.6770324707031,34.99748379336146,54.549172375204954,35562177
sw,-84.73046875,-52.6484375,41.522189066289094,63.36709414011214,35578844
sw,-84.0139541625976,-54.2061920166015,45.78326182862116,73.05126503463623,35595511
sw,-83.3594970703125,-56.0057220458984,47.83360012251301,83.649564821816,35612178
sw,-82.8276672363281,-57.6792755126953,48.23488000052249,94.79533413516305,35628845
sw,-82.3413772583007,-59.2572746276855,47.608554299542185,105.87576833118118,35645512
sw,-81.6821823120117,-60.9568367004394,46.26711922077646,116.1493187536498,35662179
sw,-80.9230804443359,-62.8683319091796,44.03125330403639,124.80805738566572,35678846
sw,-80.2033538818359,-64.8529510498046,40.2513470823275,131.02582411815996,35695513
sw,-79.5691909790039,-66.8090362548828,33.980748937092976,134.03340037701668,35712180
sw,-79.1015853881836,-68.7947998046875,24.21980189874686,133.23612243380575,35728847
sw,-78.9165649414062,-70.6551895141601,10.161372496357059,128.36060963180475,35745514
sw,-79.0279846191406,-72.3303146362304,-8.6037453978558,119.5943618671322,35762181
sw,-79.4768142700195,-73.9170532226562,-31.941534584614555,107.66610293095754,35778848
sw,-80.3507003784179,-75.5084152221679,-59.10162041255257,93.8118782049548,35795515
sw,-81.7298202514648,-76.4858627319336,-88.728596849532,79.59266803454936,35812182
sw,-83.6807785034179,-76.9850311279296,-118.96743355935631,66.57927023537864,35828849
sw,-86.1244964599609,-77.1190948486328,-147.65957245403774,55.98727990083182,35845516
sw,-87.7645416259765,-77.5064849853515,-172.60601129257478,48.39328181035487,35862183
sw,-86.321662902832,-78.122802734375,-191.8577943846074,43.65141161482348,35878850
sw,-83.4578857421875,-78.9000015258789,-203.99111093873873,41.04843715417542,35895517
sw,-79.7935943603515,-79.8188781738281,-208.32646972701235,39.62789530384115,35912184
sw,-75.6473922729492,-80.7623291015625,-205.04510937345123,38.54342152728545,35928851
sw,-72.5203094482421,-81.6832504272461,-195.14726440974795,37.30345823560411,35945518
sw,-69.8292007446289,-82.4993362426757,-180.21765065766547,35.83200891219374,35962185
sw,-67.0840225219726,-83.3986282348632,-162.02875396473172,34.35500118331494,35978852
sw,-64.8425750732421,-84.3651885986328,-142.08820748096915,33.191654590635245,35995519
sw,-63.3741493225097,-85.2254943847656,-121.27301281721809,32.5579828663196,36012186
sw,-62.0472221374511,-85.8945388793945,-99.67612335328397,32.463990481174896,36028853
sw,-60.8158073425293,-86.3757781982421,-76.7341591959616,32.721982074973376,36045520
sw,-59.7295265197753,-86.7153854370117,-51.62039156344024,33.019712423876165,36062187
sw,-58.9969902038574,-87.0765838623046,-23.790226004189847,32.98786115230036,36078854
sw,-58.6221466064453,-87.4725341796875,6.506681435930165,32.21750805263616,36095521
sw,-58.7138214111328,-87.8049240112304,37.944159752374425,30.23624217508431,36112188
sw,-59.7921257019043,-87.982681274414,68.19815582117019,26.491648653779382,36128855
sw,-62.2589454650878,-87.9514007568359,94.39323562070602,20.390976236258606,36145522
sw,-64.5161209106445,-87.7704162597656,113.78621415624053,11.40818806297502,36162189
sw,-66.5900115966796,-87.6779632568359,124.4686939385446,-0.777997762202535,36178856
sw,-68.7268142700195,-87.9222717285156,125.87878513246264,-16.176177081710467,36195523
sw,-70.8015365600586,-88.403823852539,119.00007119210126,-34.4513070136851,36212190
sw,-72.5833053588867,-88.6261291503906,106.2274291809471,-54.97589327310601,36228857
sw,-74.3816680908203,-87.9926071166992,90.94567103557279,-76.9291468444072,36245524
sw,-75.7448348999023,-86.7106781005859,76.89946476948981,-99.39764942578036,36262191
sw,-76.8241500854492,-84.8650817871093,67.45721806565915,-121.44696665191265,36278858
sw,-77.2874603271484,-82.5248336791992,64.90142680183679,-142.15843119660974,36295525
sw,-77.8787536621093,-79.6676254272461,69.90188445354957,-160.63940402866197,36312192
sw,-79.1228637695312,-76.6016082763671,81.3165646759846,-176.01625026237474,36328859
sw,-80.8579788208007,-73.417854309082,96.39693195929513,-187.420186382208,36345526
sw,-82.7453918457031,-70.143928527832,111.36665632949394,-193.9876453916341,36362193
sw,-84.3801574707031,-66.7138290405273,122.2457252475372,-194.91081765289704,36378860
sw,-85.7055053710937,-63.2600784301757,125.74610977288077,-189.56822406862904,36395527
sw,-86.3836135864257,-59.8775367736816,120.06401479377467,-177.72624644686135,36412194
sw,-85.3478622436523,-57.0396270751953,105.40189460897578,-159.74581670364276,36428861
sw,-83.418586730957,-54.6801986694335,84.06141674874402,-136.69148290386582,36445528
sw,-82.3405532836914,-52.5941085815429,59.99802659373535,-110.25285557022691,36462195
sw,-82.4164657592773,-51.1744117736816,37.86597813009259,-82.4511187238104,36478862
sw,-83.3482284545898,-51.1003265380859,21.787589640897718,-55.19324999265111,36495529
sw,-84.2366027832031,-51.5623397827148,14.243443461715323,-29.823499605415122,36512196
sw,-84.4006652832031,-51.8363876342773,15.480764181898316,-6.863462894341866,36528863
sw,-83.6689682006836,-51.6036834716796,23.644215710255573,13.919107063712211,36545530
sw,-82.2907485961914,-51.1171340942382,35.5382581140835,33.122754580993146,36562197
sw,-80.7518234252929,-51.0073547363281,47.68528242463832,51.1911954186394,36578864
sw,-79.591812133789,-51.7428855895996,57.26470411822254,68.0293516412349,36595531
sw,-78.8169860839843,-53.6749954223632,62.624825970989185,82.95754226250506,36612198
sw,-78.1345596313476,-56.0661125183105,63.2790681036533,95.01649441690161,36628865
sw,-77.5320281982421,-58.2783164978027,59.51511207738307,103.44499146007779,36645532
sw,-77.1122436523437,-60.1111373901367,51.86499498553159,108.07450055449067,36662199
sw,-76.676155090332,-61.5317192077636,40.67762931361388,109.45641394069116,36678866
sw,-76.1925964355468,-62.9056816101074,25.937079522862785,108.69314805063681,36695533
sw,-75.7898406982421,-64.3666763305664,7.341516143519066,107.07852861695396,36712200
sw,-75.8223571777343,-65.9205703735351,-15.444552265462383,105.7004228684925,36728867
sw,-76.5045928955078,-67.5815124511718,-42.49309599961633,105.12848960752699,36745534
sw,-77.8582534790039,-68.9171295166015,-73.37465901492543,105.25444050322156,36762201
sw,-79.6961822509765,-70.1616058349609,-107.02475640077672,105.31257777828984,36778868
sw,-81.8601150512695,-71.5075912475586,-141.71047701636184,104.08644088369158,36795535
sw,-84.0986099243164,-73.0056228637695,-175.08384066627795,100.2783560436202,36812202
sw,-85.8929138183593,-74.8237533569336,-204.33406894535318,92.96571367576351,36828869
sw,-86.0638885498046,-76.7895278930664,-226.47889841273442,82.00667220879292,36845536
sw,-84.0794372558593,-78.2672119140625,-238.82713246551904,68.23199168543559,36862203
sw,-79.9666519165039,-78.9989013671875,-239.5775378423183,53.309373986023786,36878870
sw,-74.176155090332,-79.0768508911132,-228.40463264427706,39.2935516400039,36895537
sw,-70.4153442382812,-79.0105438232421,-206.7868477111529,28.024042859450248,36912204
sw,-68.3152313232421,-79.2753067016601,-177.8584380977403,20.614590918821463,36928871
sw,-66.6674728393554,-79.9186859130859,-145.75264408241875,17.234747316041584,36945538
sw,-65.2678298950195,-80.6552124023437,-114.64652723874126,17.237176624036763,36962205
sw,-63.8513145446777,-81.2749862670898,-87.84591530682488,19.525308644231306,36978872
sw,-62.6570129394531,-81.7992935180664,-67.18906425297683,22.974262734874152,36995539
sw,-61.57080078125,-82.2963027954101,-52.87691841686037,26.739499104257412,37012206
sw,-60.7065048217773,-82.7662277221679,-43.680107379284856,30.37464308500193,37028873
sw,-60.2376708984375,-83.2733764648437,-37.39486079850815,33.77409945738224,37045540
sw,-59.8924407958984,-83.865982055664,-31.416668488005225,37.01588055514154,37062207
sw,-59.5378227233886,-84.4598541259765,-23.330166790193626,40.191305124940236,37078874
sw,-59.166145324707,-85.0009231567382,-11.435289150116283,43.28016373115075,37095541
sw,-58.7444496154785,-85.4019393920898,4.87159775537183,46.0871251076062,37112208
sw,-58.6873703002929,-85.7340545654296,24.947680856146683,48.223826764089104,37128875
sw,-59.7678451538085,-86.0781936645507,47.043431745859316,49.11485283635966,37145542
sw,-61.6453475952148,-86.4073486328125,68.71387986073395,48.020448272116745,37162209
sw,-63.2918663024902,-86.6584854125976,87.38671507052376,44.08861396810936,37178876
sw,-64.981086730957,-86.7653579711914,100.91990735397559,36.45749869494059,37195543
sw,-66.4298629760742,-86.7021255493164,108.0124678788178,24.416310713508782,37212210
sw,-68.0716781616211,-86.5837860107421,108.41731234976245,7.60189860219066,37228877
sw,-69.9177627563476,-86.6136093139648,102.9742864888999,-13.825475655303855,37245544
sw,-72.0711593627929,-86.9809188842773,93.49148728722118,-39.09719379491623,37262211
sw,-73.8289337158203,-87.4248123168945,82.47404059690811,-66.89075382379592,37278878
sw,-74.8489532470703,-87.0150909423828,72.68860965504298,-95.5208576210455,37295545
sw,-75.5479583740234,-85.2923126220703,66.59691299066301,-123.20691505149541,37312212
sw,-76.367691040039,-82.8821411132812,65.77152036798282,-148.32351468430033,37328879
sw,-77.3453369140625,-80.2043991088867,70.45951166044496,-169.55178924243305,37345546
sw,-78.4722747802734,-77.4281768798828,79.43998739355678,-185.90345270656795,37362213
sw,-79.8908081054687,-74.5134963989257,90.24108552134348,-196.65790699083004,37378880
sw,-81.4009323120117,-71.1807785034179,99.68509168536657,-201.29642750472212,37395547
sw,-82.9926834106445,-67.6492156982421,104.65000469189523,-199.50879201727972,37412214
sw,-84.6376876831054,-64.0653839111328,102.88063672648273,-191.29169101869226,37428881
sw,-85.7911300659179,-61.122631072998,93.64930277058178,-177.09087574779196,37445548
sw,-85.6838912963867,-58.7560958862304,78.0636019924727,-157.90275590498067,37462215
sw,-85.1265335083007,-56.5970458984375,58.87425668085279,-135.26304769090493,37478882
sw,-85.2482833862304,-54.5051498413085,39.773886946976845,-111.09145810696586,37495549
sw,-85.7722396850586,-52.9935188293457,24.37313689814577,-87.40341403269038,37512216
sw,-86.1515274047851,-52.3042755126953,15.200720502162023,-65.93585346477964,37528883
sw,-86.2426605224609,-52.081615447998,13.090326503162743,-47.77434465804585,37545550
sw,-86.0105667114257,-51.9384956359863,17.156900545428257,-33.10422082552646,37562217
sw,-85.4001541137695,-51.6280899047851,25.309339020110592,-21.201905801133805,37578884
sw,-84.6125030517578,-51.1366882324218,35.03718343040457,-10.70876642868899,37595551
sw,-83.889778137207,-50.5940208435058,44.146459785597436,-0.11235744995030647,37612218
sw,-83.1089248657226,-50.3340225219726,51.207526985839294,11.739386675230005,37628885
sw,-82.2644729614257,-50.2619285583496,55.64077466880382,25.290004591264875,37645552
sw,-81.4646606445312,-51.0686683654785,57.514274979744584,40.22296601306309,37662219
sw,-80.7333145141601,-52.9295425415039,57.2069343227111,55.702516065939975,37678886
sw,-80.014778137207,-54.7143325805664,55.093628258206124,70.76400703095862,37695553
sw,-79.1880111694336,-55.8977737426757,51.35539972037045,84.64604283263087,37712220
sw,-78.3335723876953,-56.9992332458496,45.93799156055387,96.91274789620584,37728887
sw,-77.5505828857421,-58.5095443725585,38.6097237819654,107.35629256058021,37745554
sw,-76.9418792724609,-60.2845268249511,29.03645313069701,115.7956848930676,37762221
sw,-76.6987686157226,-62.2528839111328,16.81124183700854,121.91835347007466,37778888
sw,-76.9391555786132,-64.0928421020507,1.4361040032978676,125.25281858163638,37795555
sw,-77.6198654174804,-66.0400390625,-17.682442391682557,125.276403306453,37812222
sw,-78.5241012573242,-67.8245315551757,-41.13381007603893,121.60233672955657,37828889
sw,-79.4518585205078,-69.4479675292968,-69.24332676682923,114.1689002283609,37845556
sw,-80.5368118286132,-70.9164505004882,-101.68578727662627,103.36203973186687,37862223
sw,-82.1683273315429,-72.3160781860351,-137.10967437385304,90.03142149556483,37878890
sw,-84.313491821289,-73.7001419067382,-172.96186468777162,75.39519462911139,37895557
sw,-85.960952758789,-74.8750457763671,-205.66541082773657,60.85606535463589,37912224
sw,-85.3978500366211,-75.3900527954101,-231.18905933802182,47.76540094914858,37928891
sw,-82.371467590332,-75.5903396606445,-245.905284287692,37.18214441610725,37945558
sw,-76.4063415527343,-75.9370727539062,-247.50767291619536,29.686108265236516,37962225
sw,-71.5164947509765,-76.6251373291015,-235.68498863021918,25.306751254937094,37978892
sw,-69.0408020019531,-77.5832214355468,-212.28403909802697,23.597748640337883,37995559
sw,-67.1065521240234,-78.3844833374023,-180.8750081417865,23.82949124735615,38012226
sw,-64.9662322998046,-79.0395889282226,-145.88746340172452,25.22187815904348,38028893
sw,-62.9146842956543,-79.5582046508789,-111.64288714297355,27.131429774901555,38045560
sw,-61.3679885864257,-79.9129104614257,-81.57288053728696,29.140712880710772,38062227
sw,-60.5155982971191,-80.199234008789,-57.75599215616723,31.04928845277867,38078894
sw,-60.018684387207,-80.6363906860351,-40.771958773745915,32.80650249945662,38095561
sw,-59.6333427429199,-81.2352981567382,-29.82055439600024,34.44023048570443,38112228
sw,-59.2422752380371,-81.9005966186523,-23.048803930685786,36.018338226530574,38128895
sw,-58.8639297485351,-82.5412063598632,-18.02540484753027,37.643957600053234,38145562
sw,-58.6085090637207,-83.1033477783203,-12.282639147199557,39.455743932483735,38162229
sw,-58.4540977478027,-83.6171875,-3.83013137250176,41.598284078888895,38178896
sw,-58.4015731811523,-84.1156005859375,8.453323060345665,44.145962897760064,38195563
sw,-58.6232872009277,-84.6440505981445,24.621661072893545,46.99195140280617,38212230
sw,-59.5261039733886,-85.1830596923828,43.690551196262334,49.73676894205129,38228897
sw,-60.8411750793457,-85.67822265625,63.876996627315485,51.619526304164346,38245564
sw,-62.3006706237793,-86.0557861328125,82.98462272853816,51.52961669610973,38262231
sw,-64.051284790039,-86.3015441894531,98.84394932960512,48.12155351576792,38278898
sw,-65.61474609375,-86.4412460327148,109.72587356230619,40.03378191656312,38295565
sw,-67.3278350830078,-86.5151290893554,114.67706522961193,26.184381635222422,38312232
sw,-69.3011932373046,-86.5665817260742,113.74796162722372,6.085443636578352,38328899
sw,-71.7241058349609,-86.6656341552734,108.07663508696214,-19.907455396833146,38345566
sw,-74.1531219482421,-86.8522186279296,99.76614285075635,-50.49931095151779,38362233
sw,-75.8999481201171,-86.8658142089843,91.49357486116273,-83.57317109307287,38378900
sw,-76.6900100708007,-85.7638549804687,85.85980259809595,-116.51677993281575,38395567
sw,-77.3209915161132,-83.4286346435546,84.62081052173168,-146.67453989178622,38412234
sw,-78.1307525634765,-80.4379348754882,88.05723393513506,-171.78504995014683,38428901
sw,-79.2553405761718,-77.1970977783203,94.74842244303791,-190.26873185551216,38445568
sw,-80.7477874755859,-74.1386413574218,101.89560572823909,-201.29993418788308,38462235
sw,-82.6035232543945,-70.9976959228515,106.14166387449251,-204.69843930006766,38478902
sw,-84.6378326416015,-67.7519836425781,104.6484779220954,-200.7503910428305,38495569
sw,-86.232925415039,-64.6078033447265,96.08030422410003,-190.07601072000529,38512236
sw,-85.6057357788086,-61.6695251464843,81.13770557913594,-173.60041880420357,38528903
sw,-84.9442138671875,-59.0126838684082,62.41191489352223,-152.5952540449049,38545570
sw,-85.2792205810546,-56.7763671875,43.575776279295624,-128.69601797095575,38562237
sw,-85.8258972167968,-55.1632843017578,28.211948741192465,-103.79739142575679,38578904
sw,-86.0207901000976,-54.047061920166,18.748033159425265,-79.78770768930634,38595571
sw,-85.7713088989257,-53.5750122070312,15.90321873879336,-58.176018651908926,38612238
sw,-85.2025833129882,-53.4014739990234,18.785479052613432,-39.74488009374681,38628905
sw,-84.5401611328125,-53.1828155517578,25.48101838867893,-24.384984379483054,38645572
sw,-83.9970397949218,-52.8209114074707,33.814060804376886,-11.212948650148858,38662239
sw,-83.3722686767578,-52.3794441223144,41.97417306836191,1.0418055780840663,38678906
sw,-82.5378646850586,-52.2360801696777,48.844529337688634,13.517024771253348,38695573
sw,-81.6020202636718,-52.3451042175293,54.01691493623147,26.765782505331945,38712240
sw,-80.7632446289062,-52.620750427246,57.5828821986872,40.55081578126885,38728907
sw,-80.0101928710937,-53.3873176574707,59.8325545978924,53.96592539077455,38745574
sw,-79.2366714477539,-55.0482559204101,60.98664599272569,65.83688866160448,38762241
sw,-78.3266296386718,-57.0917930603027,61.047213428937845,75.23923755810921,38778908
sw,-77.3359756469726,-58.6603164672851,59.79068676858873,81.91208094330912,38795575
sw,-76.3200988769531,-59.989574432373,56.863092174871156,86.3828056820091,38812242
sw,-75.3365783691406,-61.3872413635253,51.89861587672608,89.74413965355797,38828909
sw,-74.5062561035156,-62.3906860351562,44.58579058856153,93.18073199961795,38845576
sw,-74.0743713378906,-63.8452911376953,34.64716519919415,97.44581908410034,38862243
sw,-74.0442886352539,-65.2329177856445,21.757803373690244,102.49857118117336,38878910
sw,-74.339973449707,-66.6677627563476,5.477212807021206,107.44269027401438,38895577
sw,-74.7980728149414,-68.5388488769531,-14.718397698498583,110.79625372638628,38912244
sw,-75.3696365356445,-70.6310653686523,-39.254656000237695,111.00842256806163,38928911
sw,-76.1738891601562,-72.7790985107421,-68.15556103981694,107.04823305742842,38945578
sw,-77.5172576904296,-74.7787399291992,-100.72207809770335,98.8515542376398,38962245
sw,-79.6527862548828,-76.4513473510742,-135.33197800781625,87.4477741703379,38978912
sw,-82.5211029052734,-77.674575805664,-169.4732402286145,74.69685693422166,38995579
sw,-85.7425079345703,-78.014533996582,-200.04995753521135,62.71489958711146,39012246
sw,-89.0857162475586,-78.0595703125,-223.9158431187479,53.195891939397576,39028913
sw,-86.1255569458007,-78.3854293823242,-238.5213375735516,46.89188802322994,39045580
sw,-80.894546508789,-79.1702499389648,-242.50890935249942,43.45774820270085,39062247
sw,-76.2092590332031,-80.5421524047851,-236.06540929401604,41.71330518896488,39078914
sw,-73.1288909912109,-82.0773468017578,-220.8774734465212,40.195512913604624,39095581
sw,-70.6030883789062,-83.4063873291015,-199.6648185504285,37.7569008165097,39112248
sw,-67.7876586914062,-84.3981170654296,-175.43918182882098,33.96830174410915,39128915
sw,-64.9537582397461,-84.7632598876953,-150.74274374253451,29.190882476598475,39145582
sw,-63.0348243713378,-84.7178802490234,-127.09569488237706,24.334079469850106,39162249
sw,-61.7517623901367,-84.6690597534179,-104.77673817728514,20.440913849298497,39178916
sw,-60.6788902282714,-84.9786300659179,-82.9604770678532,18.28850788765497,39195583
sw,-59.5795783996582,-85.5498809814453,-60.16804069826579,18.146489441604807,39212250
sw,-58.5597877502441,-86.1153106689453,-34.92271636381775,19.73455133647796,39228917
sw,-57.8808135986328,-86.5396575927734,-6.431918594000631,22.327562494859283,39245584
sw,-57.7415542602539,-86.8761367797851,24.92044125485065,24.921316444857894,39262251
sw,-58.7463951110839,-87.2275924682617,57.44658173529252,26.394661192095136,39278918
sw,-60.9852294921875,-87.5930404663086,88.44735943141639,25.64721496910064,39295585
sw,-63.0414428710937,-87.9167175292968,114.83015192627121,21.719298055798983,39312252
sw,-65.2354278564453,-88.0618515014648,133.85481832565307,13.90131311329517,39328919
sw,-67.7845993041992,-87.9685668945312,143.799187283818,1.8259723273985973,39345586
sw,-70.3818359375,-87.6316528320312,144.3945962320684,-14.473948787679003,39362253
sw,-72.7509307861328,-87.0125961303711,136.95456267795103,-34.558054564220534,39378920
sw,-74.7542190551757,-86.0017395019531,124.17396085921452,-57.62385047636246,39395587
sw,-77.0793228149414,-84.5500030517578,109.61850044641123,-82.59095942602141,39412254
sw,-78.8718185424804,-82.6976852416992,96.96977885379864,-108.196524785788,39428921
sw,-80.1328735351562,-80.2066650390625,89.14873283666103,-133.07306171326587,39445588
sw,-80.5029754638671,-77.5124130249023,87.51106377803598,-155.7945754938785,39462255
sw,-80.7770385742187,-74.6746292114257,91.36579587815672,-174.9039273777045,39478922
sw,-81.8681259155273,-71.6484832763671,98.0515217845752,-188.96134271144,39495589
sw,-83.5569458007812,-68.2133026123046,103.66396175466603,-196.65941531612307,39512256
sw,-85.4197387695312,-64.4800262451171,104.2868651225599,-197.01842512377237,39528923
sw,-86.1863327026367,-61.5609741210937,97.34072608534942,-189.61970893785573,39545590
sw,-84.797492980957,-59.1124687194824,82.55556112951537,-174.79474706013926,39562257
sw,-83.801284790039,-56.7760772705078,62.17022980365816,-153.69353745057563,39578924
sw,-83.8671722412109,-54.4032287597656,40.24771297396016,-128.1929009511867,39595591
sw,-84.1995849609375,-52.5478630065918,21.360736330697964,-100.63823485412621,39612258
sw,-84.6302795410156,-51.6582565307617,9.167032085793087,-73.4377626902521,39628925
sw,-85.0841064453125,-51.4637565612793,5.4146534670119015,-48.57420554818397,39645592
sw,-85.1703033447265,-51.6898155212402,9.690350198104268,-27.166443648664387,39662259
sw,-84.5757369995117,-51.770034790039,19.885039117362986,-9.252231312748716,39678926
sw,-83.4106063842773,-51.6200981140136,33.07548752660445,6.084261508593988,39695593
sw,-82.3690948486328,-51.5568351745605,46.42021656356506,20.249293081419683,39712260
sw,-81.7382507324218,-51.6461601257324,57.751790762093854,34.50281589107254,39728927
sw,-81.1468048095703,-51.7162933349609,65.7504421693423,49.398975621118915,39745594
sw,-80.3710403442382,-52.523868560791,69.7949703059364,64.53175239851014,39762261
sw,-79.3432540893554,-54.3781547546386,69.70075990618065,78.68705504710685,39778928
sw,-78.0714950561523,-56.581859588623,65.52944660084034,90.32703099627983,39795595
sw,-76.8471145629882,-58.3087844848632,57.53448901948017,98.1921958360161,39812262
sw,-75.909927368164,-59.8189811706543,46.18403484653353,101.77726604188099,39828929
sw,-75.3032073974609,-61.3648452758789,32.151155963118306,101.52511095059218,39845596
sw,-75.0543441772461,-62.8432273864746,16.196825203431583,98.71821836804597,39862263
sw,-75.2445755004882,-64.4280776977539,-1.044622923530353,95.14321883446542,39878930
sw,-75.9064102172851,-65.9597396850586,-19.2886560675799,92.63365104017608,39895597
sw,-76.7975921630859,-67.3568420410156,-38.70964383634136,92.58899676301075,39912264
sw,-77.7848968505859,-68.4572525024414,-59.84068546699172,95.5626608049311,39928931
sw,-78.939224243164,-69.5304260253906,-83.249430222202,101.01924439250813,39945598
sw,-80.3195037841796,-70.6975173950195,-109.07686424779476,107.36130451276546,39962265
sw,-82.0245208740234,-72.3153762817382,-136.6037373520845,112.28384885071863,39978932
sw,-84.0182037353515,-74.5226364135742,-164.02722728943596,113.41564585265397,39995599
sw,-85.8873901367187,-77.0751953125,-188.58106057387644,109.07724004073388,40012266
sw,-86.495361328125,-79.3890991210937,-207.0336619838475,98.89189841516738,40028933
sw,-84.418472290039,-80.9743957519531,-216.47656714093685,83.99569762779525,40045600
sw,-79.7505874633789,-81.6440353393554,-215.19276982061226,66.72965588793703,40062267
sw,-74.7718887329101,-81.5911788940429,-203.30733316386977,49.91126043695821,40078934
sw,-72.2916488647461,-81.5023651123046,-182.93302674230972,35.9710128110781,40095601
sw,-70.6342010498046,-81.9321136474609,-157.68351496096335,26.298674583842228,40112268
sw,-69.0331878662109,-82.9283447265625,-131.69104546009135,21.035807439320397,40128935
sw,-67.7650833129882,-83.9744262695312,-108.4822839873184,19.33449334148111,40145602
sw,-66.4054565429687,-84.6077346801757,-90.10195185139831,19.899433330182074,40162269
sw,-65.1696319580078,-85.0542297363281,-76.7357627419405,21.546141709781004,40178936
sw,-63.8951835632324,-85.4792709350586,-66.8823573714599,23.560084334773492,40195603
sw,-62.7708129882812,-85.8735122680664,-57.95873627846811,25.769301490508138,40212270
sw,-61.8972244262695,-86.3022918701171,-47.134101405463866,28.368735922413425,40228937
sw,-61.2640037536621,-86.8036499023437,-32.168229965994,31.613038754246986,40245604
sw,-60.7401428222656,-87.2832946777343,-12.059701129907554,35.51538883615803,40262271
sw,-60.4421806335449,-87.6538162231445,12.636886195878652,39.66111077997943,40278938
sw,-60.8273849487304,-87.7439804077148,39.89647661805126,43.18703136255521,40295605
sw,-62.7056808471679,-87.5651397705078,66.6938623597871,44.91708167490056,40312272
sw,-64.8688583374023,-87.2651290893554,89.73462664476418,43.6023881172161,40328939
sw,-66.563850402832,-86.9642333984375,106.24053924211199,38.19696893965211,40345606
sw,-68.2764129638671,-86.6840057373046,114.57898783708019,28.102890231218822,40362273
sw,-70.1787033081054,-86.4195861816406,114.60451841424056,13.331032615420048,40378940
sw,-72.3546829223632,-86.277847290039,107.68022350477911,-5.461699130479145,40395607
sw,-74.1282653808593,-86.4301528930664,96.40583516284833,-27.079574621344022,40412274
sw,-75.7296981811523,-86.9050979614257,84.09887258854664,-50.03102569391742,40428941
sw,-77.0187149047851,-87.3396453857421,74.09748021285428,-72.85483737107047,40445608
sw,-77.6657943725586,-86.5434494018554,69.00139373953908,-94.43063519196774,40462275
sw,-78.183235168457,-84.8757019042968,70.021455118808,-114.15482710757169,40478942
sw,-79.1059951782226,-83.0947952270507,76.62712746254537,-131.89837098653553,40495609
sw,-80.4323043823242,-81.1212158203125,86.63224178797661,-147.7532917114839,40512276
sw,-82.0012969970703,-78.8839797973632,96.74212491116035,-161.67869110077316,40528943
sw,-83.7546234130859,-76.3917160034179,103.44146797879975,-173.21460601632404,40545610
sw,-85.70947265625,-73.4212493896484,103.98700823561934,-181.41001964790786,40562277
sw,-87.2644805908203,-70.1238403320312,97.21743833802941,-185.02076455102866,40578944
sw,-86.7715377807617,-66.6066360473632,83.91824869472906,-182.91556548750896,40595611
sw,-86.0802841186523,-63.3015785217285,66.5914434311657,-174.53398899721464,40612278
sw,-86.1111907958984,-60.7420120239257,48.67618074725166,-160.20925055663463,40628945
sw,-86.4216613769531,-58.4966239929199,33.488876296966936,-141.21635905247288,40645612
sw,-86.4564666748046,-56.6887474060058,23.283177800394363,-119.51041658347975,40662279
sw,-86.1336593627929,-55.3790054321289,18.774145276751522,-97.2342883324931,40678946
sw,-85.4946365356445,-54.6930427551269,19.245631012902574,-76.15615275694627,40695613
sw,-84.8107681274414,-54.1479873657226,23.099458665524867,-57.22377891265695,40712280
sw,-84.2423782348632,-53.4975891113281,28.55425503146015,-40.38729854525191,40728947
sw,-83.7064895629882,-52.8583450317382,34.21366665503867,-24.750846019006858,40745614
sw,-83.0794448852539,-52.3253364562988,39.34733221465017,-8.994198426170778,40762281
sw,-82.3368682861328,-52.2088661193847,43.87128314570913,8.090400714351837,40778948
sw,-81.5353164672851,-52.4814109802246,48.110514740805286,27.13084516616692,40795615
sw,-80.7194747924804,-52.7113418579101,52.458548500181045,47.92161713699632,40812282
sw,-79.8308944702148,-53.7205467224121,57.036914985134985,69.44743250169074,40828949
sw,-78.9683151245117,-55.9295120239257,61.43151992475423,90.15529586167268,40845616
sw,-78.1974334716796,-58.362319946289,64.56194858256399,108.36237256419162,40862283
sw,-77.4674835205078,-60.300235748291,64.72505132880839,122.64098023585476,40878950
sw,-76.5753173828125,-62.1159553527832,59.83307535112425,132.04985019974538,40895617
sw,-75.5145721435546,-64.2471008300781,47.825788674380576,136.17692148802786,40912284
sw,-74.6347503662109,-65.8762512207031,27.178236229814082,135.05778267105796,40928951
sw,-74.4214477539062,-67.9329833984375,-2.6229694872048133,129.07010472749258,40945618
sw,-75.0503005981445,-69.4316787719726,-40.76859859368462,118.87229425256389,40962285
sw,-76.2784118652343,-71.0281448364257,-85.0692185993401,105.3946281502392,40978952
sw,-78.3034973144531,-72.7271957397461,-132.16529469848027,89.84266427292938,40995619
sw,-81.0984573364257,-74.104133605957,-177.9528105850259,73.65326723876065,41012286
sw,-83.9645767211914,-75.0092391967773,-218.13469256964987,58.35646759035846,41028953
sw,-85.4521408081054,-75.4173889160156,-248.80301583782702,45.3393833450473,41045620
sw,-84.2782745361328,-75.4737930297851,-266.977106202483,35.568630143671626,41062287
sw,-80.4626159667968,-75.8621215820312,-271.046111353482,29.3745177219314,41078954
sw,-74.9561767578125,-76.4525833129882,-261.06036719113195,26.399020076845616,41095621
sw,-71.119873046875,-77.401626586914,-238.78734303899796,25.74966514691602,41112288
sw,-68.3050460815429,-78.3959503173828,-207.45472178812224,26.311939845530027,41128955
sw,-65.7126541137695,-79.2375335693359,-171.1916853048595,27.103361059269726,41145622
sw,-63.4938354492187,-80.0442276000976,-134.30147686154123,27.538551644919128,41162289
sw,-61.7696647644043,-80.3672637939453,-100.55550406439312,27.518212544082587,41178956
sw,-60.8344612121582,-80.5014877319336,-72.66094434450913,27.331797342087533,41195623
sw,-60.0439949035644,-80.7721633911132,-51.97482587258438,27.44026687756157,41212290
sw,-59.3918151855468,-81.3014602661132,-38.473390144385014,28.24676433298892,41228957
sw,-58.7868156433105,-81.9549484252929,-30.9442787626512,29.947641869630715,41245624
sw,-58.263801574707,-82.4726181030273,-27.339732698325946,32.49649582464753,41262291
sw,-57.8707199096679,-82.7982482910156,-25.212292671289788,35.65311149112245,41278958
sw,-57.5599098205566,-83.0835266113281,-22.156441798026435,39.06443866206999,41295625
sw,-57.2310791015625,-83.4475479125976,-16.195851560614358,42.336774655435086,41312292
sw,-57.0192794799804,-83.876220703125,-6.074035353672087,45.0822036635575,41328959
sw,-57.0688247680664,-84.3408813476562,8.580262465522571,46.93772242169192,41345626
sw,-57.6328926086425,-84.8038940429687,27.22786190149351,47.56111981536567,41362293
sw,-58.6063156127929,-85.2453994750976,48.52863476875676,46.61177724990314,41378960
sw,-59.6892433166503,-85.617073059082,70.55785592439987,43.73054691338584,41395627
sw,-61.1465110778808,-85.8644027709961,91.0905364041764,38.53628499633207,41412294
sw,-62.8875274658203,-86.0334014892578,107.91977192444553,30.651739434894886,41428961
sw,-64.8061904907226,-86.188491821289,119.18426456552714,19.758477560886096,41445628
sw,-66.8890151977539,-86.4035415649414,123.67836240899668,5.66646169823153,41462295
sw,-69.0674514770507,-86.7008209228515,121.10211632999032,-11.622780911530677,41478962
sw,-71.5781478881836,-87.0059814453125,112.18886852227901,-31.876434611842775,41495629
sw,-73.7601165771484,-87.0366134643554,98.64234001925281,-54.619996486528706,41512296
sw,-74.659797668457,-86.3600311279296,82.84779155896811,-79.15003618014235,41528963
sw,-75.0210876464843,-84.9031829833984,67.40246965462218,-104.55581470917197,41545630
sw,-75.527961730957,-82.8766250610351,54.604586350218796,-129.73446587784207,41562297
sw,-76.3399505615234,-80.5082931518554,46.075428754531195,-153.39379940312313,41578964
sw,-77.4174652099609,-77.8955841064453,42.622288126980486,-174.05756898180144,41595631
sw,-78.7158432006836,-75.0978927612304,44.31948641490059,-190.1131746581544,41612298
sw,-79.8410034179687,-71.91162109375,50.68165427561559,-199.95275943968824,41628965
sw,-80.729263305664,-68.255126953125,60.79251948330452,-202.233769929904,41645632
sw,-81.5999908447265,-64.3616867065429,73.33000058959942,-196.21972579706693,41662299
sw,-82.5469131469726,-61.1011657714843,86.53669602982387,-182.0863924345263,41678966
sw,-83.6525421142578,-58.6658477783203,98.2562471790207,-161.04767221920403,41695633
sw,-84.9155044555664,-56.8180313110351,106.15207534152215,-135.20593970639638,41712300
sw,-86.3044509887695,-55.3939208984375,108.14812141034837,-107.14283857763283,41728967
sw,-87.1061935424804,-54.4597969055175,103.01199216120088,-79.37376042512425,41745634
sw,-85.8502731323242,-53.948616027832,90.88576066049662,-53.83702234163183,41762301
sw,-84.3778915405273,-53.5960693359375,73.51841796043713,-31.566731869295975,41778968
sw,-84.1785278320312,-53.3868713378906,54.02163496666759,-12.629360377209188,41795635
sw,-84.4897842407226,-53.3414916992187,36.1572734665615,3.68120257950364,41812302
sw,-84.7480545043945,-53.522289276123,23.381226765649277,18.468691029718205,41828969
sw,-84.7142868041992,-53.9910049438476,17.98131326240608,32.79803255307307,41845636
sw,-84.2410888671875,-54.6111946105957,20.588714977102732,47.31612079650503,41862303
sw,-83.3850326538086,-55.3452415466308,30.16195532413052,62.02164322894847,41878970
sw,-82.1862564086914,-55.979564666748,44.35410779891398,76.24054939191616,41895637
sw,-81.0097732543945,-56.9858665466308,60.0694251114175,88.82509742779348,41912304
sw,-79.9253005981445,-59.240005493164,74.01976797781812,98.53866601465052,41928971
sw,-78.6793212890625,-61.8346672058105,83.1697178533923,104.50838544399498,41945638
sw,-77.2449951171875,-64.1218795776367,85.04978534104167,106.56015438255925,41962305
sw,-75.7941589355468,-64.7860565185546,77.96777238945198,105.26920405098167,41978972
sw,-74.60693359375,-65.6523971557617,61.14650146152174,101.69496914413969,41995639
sw,-73.9137115478515,-66.7194290161132,34.78807835679534,96.94471357834263,42012306
sw,-73.9524917602539,-68.083381652832,0.04740619441246313,91.79546794905245,42028973
sw,-74.8174972534179,-69.2394027709961,-41.091680081539465,86.54230298179252,42045640
sw,-76.2548904418945,-70.4417495727539,-86.01609056693866,81.09664542450155,42062307
sw,-78.3329849243164,-71.9966659545898,-131.71678676751003,75.23459160864871,42078974
sw,-81.1179046630859,-73.3047790527343,-175.0174544152997,68.84802554451795,42095641
sw,-84.3301620483398,-74.3529891967773,-212.78486631671484,62.08096439757326,42112308
sw,-86.9333724975586,-75.1903686523437,-242.13645878304706,55.311010283009175,42128975
sw,-86.669692993164,-75.8763656616211,-260.67993383733346,49.016598094978214,42145642
sw,-82.8485412597656,-76.4121398925781,-266.81339419448216,43.61260572889682,42162309
sw,-77.5195999145507,-76.9814529418945,-260.06473345154126,39.32848446585635,42178976
sw,-72.8542175292968,-77.9023895263671,-241.36602288663096,36.16689830585343,42195643
sw,-69.4908294677734,-78.9418411254882,-213.1059692361366,33.943636586955336,42212310
sw,-66.8064956665039,-79.9453735351562,-178.84967089459224,32.38176982292004,42228977
sw,-64.5127410888671,-80.7234420776367,-142.74834021379297,31.217038399825178,42245644
sw,-62.7596778869628,-81.1392440795898,-108.79049520469519,30.272597280039914,42262311
sw,-61.7494735717773,-81.4544982910156,-80.09390380458655,29.482522910626383,42278978
sw,-61.0568237304687,-81.8429107666015,-58.40555652826317,28.87491230881466,42295645
sw,-60.2962265014648,-82.3721618652343,-43.90748481658913,28.545284775539216,42312312
sw,-59.5695304870605,-82.9594573974609,-35.34790061598726,28.64360089461755,42328979
sw,-59.0345268249511,-83.4925308227539,-30.443294116904035,29.370892363978697,42345646
sw,-58.6356163024902,-83.9286270141601,-26.44486546575035,30.959474710206138,42362313
sw,-58.2556953430175,-84.307014465332,-20.745081584437113,33.61310491898484,42378980
sw,-57.8322486877441,-84.6688461303711,-11.410675106218767,37.4070286429643,42395647
sw,-57.7339706420898,-85.0582733154296,2.449593696229807,42.173692485323116,42412314
sw,-57.8460617065429,-85.4908065795898,20.545853511620983,47.41179095853926,42428981
sw,-58.888313293457,-85.9225921630859,41.51843235537927,52.25197836911133,42445648
sw,-60.1931953430175,-86.2740631103515,63.265624013611806,55.50009955049323,42462315
sw,-61.45601272583,-86.4421310424804,83.4036332717794,55.76590470530526,42478982
sw,-63.107063293457,-86.3661727905273,99.75538219678292,51.67225077981425,42495649
sw,-64.7677688598632,-86.0740966796875,110.78175629697928,42.12150880210228,42512316
sw,-66.6935958862304,-85.7113037109375,115.89687272870593,26.570079743006616,42528983
sw,-69.1729736328125,-85.5699462890625,115.61995727463845,5.237692103919515,42545650
sw,-71.8619384765625,-85.7746505737304,111.50948198137556,-20.82570319582679,42562317
sw,-73.861831665039,-86.3376159667968,105.83159739641013,-49.861945534472476,42578984
sw,-74.971923828125,-86.9380340576171,100.97402249240821,-79.70178274846204,42595651
sw,-75.6799087524414,-86.5293197631836,98.73143525072328,-108.15750368964993,42612318
sw,-76.8661270141601,-84.8061599731445,99.69753499349486,-133.39092023461396,42628985
sw,-78.3848037719726,-82.3668060302734,103.01361289688955,-154.14303688431227,42645652
sw,-80.3324203491211,-79.6777801513671,106.60874317018546,-169.7664289879681,42662319
sw,-82.4664688110351,-77.0116195678711,107.8772162525663,-180.082145439417,42678986
sw,-84.5134887695312,-74.3095779418945,104.5710716622404,-185.15493147268796,42695653
sw,-86.6535034179687,-71.5155639648437,95.60691992860656,-185.11123480373936,42712320
sw,-88.0340805053711,-68.3766479492187,81.51072293321448,-180.09598017356558,42728987
sw,-87.8371658325195,-64.7499313354492,64.33634071749564,-170.38330245552064,42745654
sw,-87.6882705688476,-61.829605102539,47.07013446665513,-156.56090555864253,42762321
sw,-87.6743469238281,-59.7355918884277,32.729203149303274,-139.65445517111988,42778988
sw,-87.7398986816406,-58.0087699890136,23.490390001510775,-121.08531624925614,42795655
sw,-87.7667388916015,-56.3370933532714,20.16917072349241,-102.4431137157723,42812322
sw,-87.5618515014648,-55.0495643615722,22.20027659580385,-85.14301134361689,42828989
sw,-86.9825439453125,-54.2651176452636,28.050366112750154,-70.08222533669954,42845656
sw,-86.1936798095703,-53.5652770996093,35.836428148921044,-57.41100125902788,42862323
sw,-85.371711730957,-52.7008094787597,43.89349889703256,-46.503144825464204,42878990
sw,-84.5035324096679,-51.9081687927246,51.114758074275926,-36.15273090877795,42895657
sw,-83.5950698852539,-51.323013305664,57.01329397081094,-24.94763745134526,42912324
sw,-82.7195587158203,-50.9639816284179,61.56430837695977,-11.709154590095899,42928991
sw,-81.8465957641601,-50.7942504882812,64.94452235639802,4.131976103780794,42945658
sw,-80.9469223022461,-50.909381866455,67.28949910149183,22.32985103882693,42962325
sw,-79.8886642456054,-51.2402191162109,68.5543910185485,41.84798206036598,42978992
sw,-78.653076171875,-52.2716407775878,68.50756018128165,61.11467401468796,42995659
sw,-77.3108749389648,-54.0726203918457,66.82824037777354,78.44115226795145,43012326
sw,-76.0208129882812,-55.6883468627929,63.23849452652514,92.47151648578713,43028993
sw,-74.9785842895507,-57.3976936340332,57.592094320097644,102.51009698771212,43045660
sw,-74.2405471801757,-59.2009735107421,49.871985672053405,108.61416629057875,43062327
sw,-73.7568740844726,-61.0820884704589,40.09955021973096,111.43361298282645,43078994
sw,-73.4512786865234,-62.7384986877441,28.20681408252023,111.8758089523287,43095661
sw,-73.299331665039,-64.1285705566406,13.943583906746477,110.73258210124455,43112328
sw,-73.3681488037109,-65.5447463989257,-3.1222062934005246,108.41293287163734,43128995
sw,-73.7621612548828,-67.1569366455078,-23.490041857409096,104.88082230358837,43145662
sw,-74.5145950317382,-68.8503952026367,-47.519313688941516,99.81264727690146,43162329
sw,-75.5504150390625,-70.3994979858398,-75.1815386214527,92.89399378373939,43178996
sw,-77.0759353637695,-71.8208618164062,-105.84092671876066,84.11486200251689,43195663
sw,-79.2429275512695,-72.8191528320312,-138.13033231509743,73.92891035089907,43212330
sw,-82.0077056884765,-73.7596130371093,-169.96999921805417,63.210514534798776,43228997
sw,-85.0956420898437,-74.528938293457,-198.7440604480578,53.03496188321056,43245664
sw,-87.780532836914,-74.94189453125,-221.61864336697388,44.37679253732087,43262331
sw,-86.8947982788086,-75.3096771240234,-235.96668297764495,37.84480888804162,43278998
sw,-83.0547103881836,-75.9679565429687,-239.85005600315267,33.550140371661335,43295665
sw,-78.5000839233398,-76.9365615844726,-232.47974862408708,31.148162475048654,43312332
sw,-74.2166213989257,-77.9655303955078,-214.53157527852062,30.024798049561255,43328999
sw,-71.0439453125,-78.9423599243164,-188.18044133017253,29.54098898984244,43345666
sw,-68.8049392700195,-79.7483825683593,-156.77683147660235,29.233037333973215,43362333
sw,-67.0240249633789,-80.2191162109375,-124.21659706152725,28.89808246257988,43379000
sw,-65.7073898315429,-80.5195617675781,-94.17741543494142,28.555452170853158,43395667
sw,-64.8124847412109,-80.8733444213867,-69.44001063804001,28.334081133185975,43412334
sw,-64.1071395874023,-81.3934631347656,-51.46639943196892,28.362238603325192,43429001
sw,-63.3207702636718,-82.0125656127929,-40.310915811073095,28.715140252334315,43445668
sw,-62.6377258300781,-82.5869903564453,-34.839686412243886,29.425914472301503,43462335
sw,-61.9919395446777,-83.0661697387695,-33.16027342799313,30.52312820746323,43479002
sw,-61.3275184631347,-83.4721984863281,-33.12897575535929,32.05093295472449,43495669
sw,-60.5948219299316,-83.8734054565429,-32.80864883465682,34.05299269802008,43512336
sw,-59.9901657104492,-84.2823181152343,-30.783387430356036,36.53337640057918,43529003
sw,-59.5928878784179,-84.7359771728515,-26.284677255381634,39.42235169738682,43545670
sw,-59.4678344726562,-85.2440795898437,-19.137239452135955,42.56619648261395,43562337
sw,-59.5090560913085,-85.7155456542968,-9.58129865571609,45.73920631915915,43579004
sw,-59.6867141723632,-86.0827331542968,1.9433566687931878,48.660603329961404,43595671
sw,-59.9965744018554,-86.3294448852539,14.96856286321708,50.99964392357787,43612338
sw,-60.5267791748046,-86.4300994873046,29.07248439571134,52.3658269884059,43629005
sw,-61.3012886047363,-86.3113555908203,43.85139174726362,52.295126864650676,43645672
sw,-62.1527557373046,-85.9912185668945,58.8248689104669,50.247446763013045,43662339
sw,-63.0806427001953,-85.6165771484375,73.34079349156661,45.62608265369033,43679006
sw,-64.0824737548828,-85.2954711914062,86.5566909960239,37.82542482338065,43695673
sw,-65.5838317871093,-85.0544281005859,97.55430647954172,26.311946512184424,43712340
sw,-67.8327331542968,-84.8278656005859,105.58561530772863,10.738515977785372,43729007
sw,-70.5286712646484,-84.6630020141601,110.36279673345916,-8.925041533446858,43745674
sw,-73.1139068603515,-84.7424621582031,112.23734588056391,-32.28570880222379,43762341
sw,-75.0101089477539,-85.2294769287109,112.12403695801487,-58.49505131174047,43779008
sw,-75.933120727539,-85.8966369628906,111.1378463563518,-86.31791286647399,43795675
sw,-77.0782470703125,-85.9165420532226,110.07675559982586,-114.28129529671273,43812342
sw,-78.508056640625,-84.7314376831054,108.99740461907831,-140.84201825443435,43829009
sw,-80.1364974975586,-82.6695785522461,107.11199696638812,-164.50988535603148,43845676
sw,-82.0361251831054,-80.1744384765625,103.08926541779877,-183.90418053744955,43862343
sw,-84.0699462890625,-77.337173461914,95.65383195300663,-197.77771034373657,43879010
sw,-85.9889755249023,-74.115493774414,84.24136991249559,-205.07534989784588,43895677
sw,-87.2179412841796,-70.6942977905273,69.43440394831865,-205.07837680428196,43912344
sw,-87.2870483398437,-66.9537353515625,52.98217603517797,-197.62529227015239,43929011
sw,-87.0422286987304,-63.5960960388183,37.36997435571365,-183.32590937383472,43945678
sw,-86.9056701660156,-60.9039573669433,25.089492572869656,-163.64463322393496,43962345
sw,-86.9760589599609,-58.9363250732421,17.891020932733834,-140.75595068506826,43979012
sw,-87.0644836425781,-57.2893333435058,16.303306229262848,-117.16465831369779,43995679
sw,-87.1535263061523,-55.950813293457,19.581938031025086,-95.18662588561507,44012346
sw,-87.0458679199218,-55.1288681030273,26.06022789961694,-76.44771143640676,44029013
sw,-86.6307067871093,-54.3715896606445,33.72556272409712,-61.55625064161825,44045680
sw,-86.0302963256836,-53.4600753784179,40.79343537906993,-50.048928407747724,44062347
sw,-85.3322601318359,-52.6104698181152,46.10129755432486,-40.62310103526638,44079014
sw,-84.557632446289,-51.8750877380371,49.24689028029601,-31.578597086645374,44095681
sw,-83.796760559082,-51.4063873291015,50.49266824806716,-21.33188756211764,44112348
sw,-83.128677368164,-51.1809425354003,50.51563836400727,-8.85659707560486,44129015
sw,-82.5427551269531,-51.1380767822265,50.099937737738244,6.060060050216781,44145682
sw,-81.8963012695312,-51.2074928283691,49.862506258599666,22.799169839597564,44162349
sw,-81.1193542480468,-51.9286918640136,50.079278292861694,40.12501602830667,44179016
sw,-80.2151641845703,-53.339729309082,50.64237240023288,56.56785615100468,44195683
sw,-79.2083969116211,-54.6862030029296,51.1341797492519,70.85578271000298,44212350
sw,-78.1957702636718,-55.9616470336914,50.96690719817578,82.25382442170167,44229017
sw,-77.2788391113281,-57.5644035339355,49.52115027289944,90.69973223262066,44245684
sw,-76.5013809204101,-59.6209678649902,46.23005001026755,96.7011161523335,44262351
sw,-75.9020919799804,-61.2013435363769,40.58959585365597,101.03956898256345,44279018
sw,-75.515869140625,-62.3572425842285,32.115137527129356,104.38830106265615,44295685
sw,-75.3007049560546,-63.6032562255859,20.29250280340146,106.98536163010007,44312352
sw,-75.3479461669921,-65.0689620971679,4.5786531913407975,108.50118393415899,44329019
sw,-75.7336120605468,-66.9715576171875,-15.509821914556973,108.17480670462749,44345686
sw,-76.3095016479492,-69.0590667724609,-40.21606810217623,105.17649994327493,44362353
sw,-77.0945968627929,-70.8503494262695,-69.30821300885628,99.0417027547555,44379020
sw,-78.4625549316406,-72.2959442138671,-101.86627331569544,89.97919182726429,44395687
sw,-80.695198059082,-73.3366012573242,-136.180458253518,78.91321935324895,44412354
sw,-83.791015625,-74.1068038940429,-169.82514171108147,67.24440868636954,44429021
sw,-87.0924224853515,-74.8179092407226,-199.91646684577597,56.43955727988683,44445688
sw,-88.7672729492187,-75.3560180664062,-223.50915085589213,47.623802055088724,44462355
sw,-85.6857070922851,-75.8639144897461,-238.06625887081154,41.32765524322097,44479022
sw,-80.7803192138671,-76.5796279907226,-241.9293800908903,37.45961028067543,44495689
sw,-75.7022094726562,-77.558364868164,-234.69280498846058,35.47868373151207,44512356
sw,-72.445068359375,-78.6681747436523,-217.35828595130022,34.67123804184845,44529023
sw,-70.0159835815429,-79.6880950927734,-192.1812782082006,34.41422897450047,44545690
sw,-67.6128616333007,-80.5165786743164,-162.23597488224675,34.33365655795011,44562357
sw,-65.2614440917968,-81.0974426269531,-130.84475484606727,34.32515590232145,44579024
sw,-63.4614334106445,-81.5682983398437,-101.04279125910716,34.46488712885125,44595691
sw,-62.3313026428222,-82.0279464721679,-75.18305179955138,34.87698488578469,44612358
sw,-61.6369590759277,-82.589370727539,-54.71004331501509,35.62621560696738,44629025
sw,-61.038028717041,-83.27734375,-40.09431183376434,36.67555055084431,44645692
sw,-60.4651641845703,-83.9631729125976,-30.910665717650826,37.90634457834891,44662359
sw,-59.9240989685058,-84.5736465454101,-26.031016813672323,39.16728868044722,44679026
sw,-59.4814071655273,-85.1132049560546,-23.884604724512403,40.313240559870735,44695693
sw,-59.1936912536621,-85.6035079956054,-22.731564587196583,41.214634841463266,44712360
sw,-58.9068374633789,-86.0813369750976,-20.909144370210832,41.74482457287978,44729027
sw,-58.6931419372558,-86.5537185668945,-17.032848416209468,41.76684356561725,44745694
sw,-58.5631637573242,-87.0055923461914,-10.150445570355933,41.13533824213469,44762361
sw,-58.4944114685058,-87.3708038330078,0.15155166717480603,39.711928219298784,44779028
sw,-58.893756866455,-87.5958862304687,13.694904493720912,37.378271371458645,44795695
sw,-59.3581504821777,-87.6620101928711,29.718797381230033,34.03086232351408,44812362
sw,-60.1218376159668,-87.5748062133789,46.95673970469412,29.55383984837237,44829029
sw,-61.1714668273925,-87.3626251220703,63.78273656438253,23.781325394261724,44845696
sw,-62.261489868164,-87.1409683227539,78.4256077094001,16.469713214176895,44862363
sw,-63.6348228454589,-86.9893569946289,89.24390160385678,7.299362279883072,44879030
sw,-65.2529678344726,-86.9248352050781,95.03497663851702,-4.083827805636407,44895697
sw,-67.4108428955078,-86.9337615966796,95.31768996838738,-17.989664646977836,44912364
sw,-69.8680114746093,-87.0019989013671,90.49222027968932,-34.583748089670145,44929031
sw,-71.290054321289,-86.9835815429687,81.7775505318256,-53.790623199448376,44945698
sw,-71.7379989624023,-86.5561065673828,70.89309203331412,-75.22241031165875,44962365
sw,-71.8471984863281,-85.4686203002929,59.576889418894055,-98.14381966761331,44979032
sw,-72.4225006103515,-83.8336029052734,49.1419542641988,-121.4718967962534,44995699
sw,-73.1751251220703,-81.7040252685546,40.273170591038344,-143.80664589365145,45012366
sw,-74.1388320922851,-79.2030258178711,33.14372090949996,-163.50019323588182,45029033
sw,-75.1053695678711,-76.4892654418945,27.761911366732672,-178.78720648278988,45045700
sw,-75.8123245239257,-73.326919555664,24.350450391490543,-187.99976702093062,45062367
sw,-76.3578796386718,-69.7922134399414,23.560147706880965,-189.86192839123544,45079034
sw,-76.865119934082,-66.0763931274414,26.408422774840073,-183.80660618690962,45095701
sw,-77.2212448120117,-63.2315368652343,33.95356284595185,-170.2096638210081,45112368
sw,-77.8502349853515,-61.1960372924804,46.815374128856085,-150.43469036741686,45129035
sw,-78.8411636352539,-59.4538040161132,64.70357197204211,-126.64272021272426,45145702
sw,-80.0169448852539,-57.8066520690918,86.11475316549314,-101.40875527655687,45162369
sw,-81.3933944702148,-56.6012687683105,108.3211167364864,-77.24485182996673,45179036
sw,-82.8357391357421,-55.8415069580078,127.7151916491856,-56.13680506176997,45195703
sw,-84.2985534667968,-55.4977912902832,140.49929567166708,-39.1838317072884,45212370
sw,-85.6149673461914,-55.4279632568359,143.61134785004285,-26.415908506021697,45229037
sw,-85.5151138305664,-55.3375854492187,135.66665075359677,-16.847238581957825,45245704
sw,-83.5600814819336,-55.1101455688476,117.60793110748845,-8.784493771352263,45262371
sw,-81.5308456420898,-54.7788429260253,92.76090900325914,-0.338021921976677,45279038
sw,-80.9554290771484,-54.5265769958496,66.14369586822623,9.995008821676443,45295705
sw,-81.58203125,-54.5179138183593,43.15636353204822,22.856033486341882,45312372
sw,-82.5917816162109,-54.6905136108398,28.064548957352056,37.82740917724821,45329039
sw,-82.8220901489257,-55.6823997497558,22.823909298213565,53.597036018512924,45345706
sw,-82.1215438842773,-57.7238426208496,26.672479270158256,68.43559715771097,45362373
sw,-80.9262008666992,-59.7307777404785,36.59619256403181,80.79896596437523,45379040
sw,-79.3205642700195,-60.9471092224121,48.42033276603377,89.80257962512539,45395707
sw,-77.669319152832,-62.2862854003906,58.07031248902367,95.37701551383972,45412374
sw,-76.3715438842773,-63.3611946105957,62.55224793782551,98.0798694429044,45429041
sw,-75.5625457763671,-64.5882797241211,60.38547187653958,98.70448645567042,45445708
sw,-75.0982589721679,-66.1326828002929,51.470171883576604,97.89402650419059,45462375
sw,-74.9112701416015,-67.396499633789,36.58356913255278,95.92358442253634,45479042
sw,-74.9658737182617,-68.5214462280273,16.793196084494493,92.70813079271367,45495709
sw,-75.1843719482421,-69.7671966552734,-6.959718228381318,87.99454256440265,45512376
sw,-75.575698852539,-71.133544921875,-33.98020878836485,81.63390338919898,45529043
sw,-76.2598037719726,-72.0930862426757,-63.66695082851336,73.80930706017928,45545710
sw,-77.42529296875,-72.9562377929687,-95.22407238861538,65.11632292913667,45562377
sw,-79.4007339477539,-73.7947311401367,-127.4117650352996,56.457970992330445,45579044
sw,-82.0349884033203,-74.6821517944336,-158.46705478255367,48.79916737386563,45595711
sw,-84.7029876708984,-75.3325424194336,-186.23447276933967,42.88351439894367,45612378
sw,-86.406753540039,-75.7471237182617,-208.4603916863274,39.02196298357047,45629045
sw,-85.7875061035156,-76.2462539672851,-223.16499698147575,37.02721619993427,45645712
sw,-82.7335891723632,-77.0536422729492,-229.0079686334582,36.31250251061594,45662379
sw,-78.5376739501953,-78.0612030029296,-225.5730757247731,36.114536477560584,45679046
sw,-74.9772415161132,-79.0807571411132,-213.49826878209865,35.753677558715545,45695713
sw,-72.3815155029296,-79.9844360351562,-194.397659705174,34.831420855913684,45712380
sw,-69.800552368164,-80.7388305664062,-170.58140930650714,33.298104046635146,45729047
sw,-66.8654708862304,-81.3144760131836,-144.64714650425728,31.385935358915592,45745714
sw,-64.6742172241211,-81.6876144409179,-119.03882771735263,29.459783320441645,45762381
sw,-63.4400558471679,-81.9416351318359,-95.6452498701638,27.863824105769552,45779048
sw,-62.6408081054687,-82.2243576049804,-75.49168238124498,26.82999301838068,45795715
sw,-61.8951187133789,-82.5929718017578,-58.58763605311654,26.474231754653957,45812382
sw,-61.1526527404785,-82.9768905639648,-43.9947574832323,26.857666066580528,45829049
sw,-60.5834770202636,-83.3666229248046,-30.133170464535397,28.05521879738751,45845716
sw,-60.2146415710449,-83.7675399780273,-15.266530944109345,30.17173972523578,45862383
sw,-60.0738143920898,-84.1698150634765,1.9589205700554102,33.2764329323749,45879050
sw,-60.1070022583007,-84.5326309204101,22.068933638541598,37.27272896661408,45895717
sw,-60.4828338623046,-84.849609375,44.53686009994211,41.75903679798974,45912384
sw,-61.6817245483398,-85.100112915039,67.85248191760707,45.94932985191608,45929051
sw,-63.6015815734863,-85.2545089721679,89.873654131082,48.70696816346608,45945718
sw,-65.7928466796875,-85.2718429565429,108.35967873871628,48.707502636233556,45962385
sw,-68.0087203979492,-85.1540222167968,121.52462048349389,44.700716121434326,45979052
sw,-69.9164352416992,-84.9054946899414,128.4520986866969,35.80459844635517,45995719
sw,-72.1166534423828,-84.6323928833007,129.27578734634596,21.746266155076096,46012386
sw,-74.7293319702148,-84.5944900512695,125.10734751015377,2.973025020660006,46029053
sw,-76.9654312133789,-84.8134078979492,117.74427903596091,-19.409346227617963,46045720
sw,-78.7614822387695,-85.3378448486328,109.21642986536507,-43.86177057694329,46062387
sw,-79.8604202270507,-85.8257522583007,101.26363131978704,-68.73541079488213,46079054
sw,-80.7156219482421,-85.758316040039,94.88527617809567,-92.58916097743115,46095721
sw,-81.9547042846679,-84.7918472290039,90.12396016821161,-114.39342745151893,46112388
sw,-83.5899353027343,-83.2043685913086,86.18962754585392,-133.55459142516622,46129055
sw,-85.541389465332,-81.3331069946289,81.89837614157786,-149.77021517077077,46145722
sw,-87.380126953125,-79.2341842651367,76.25522448185218,-162.80160600685602,46162389
sw,-88.6094284057617,-76.7087020874023,68.93631970775293,-172.28929629989202,46179056
sw,-88.5720672607421,-73.7991943359375,60.46744573055073,-177.71545071920158,46195723
sw,-88.1760864257812,-70.4381637573242,52.03223565133578,-178.54187880637272,46212390
sw,-87.8794784545898,-66.6672821044921,45.00853004305835,-174.45849125865635,46229057
sw,-87.4862747192382,-63.7921180725097,40.446796672523604,-165.6136540778016,46245724
sw,-86.9657821655273,-61.6942253112793,38.716058861802914,-152.70343408086146,46262391
sw,-86.1995468139648,-59.7779579162597,39.44782122968867,-136.87086355349,46279058
sw,-85.0556945800781,-57.7908782958984,41.76072221639068,-119.45967078078358,46295725
sw,-83.9777069091796,-55.9247817993164,44.62668465930007,-101.71764541237887,46312392
sw,-83.2048873901367,-54.7440910339355,47.20093881286672,-84.5368123776265,46329059
sw,-82.6465225219726,-53.958023071289,48.99211782608574,-68.28687590766758,46345726
sw,-82.0464859008789,-53.1495094299316,49.853375976689236,-52.7782965169823,46362393
sw,-81.3146591186523,-52.5166931152343,49.86517882672707,-37.375095145926515,46379060
sw,-80.485107421875,-52.0548782348632,49.20721211535885,-21.244416045663307,46395727
sw,-79.6128540039062,-51.841926574707,48.08079907104359,-3.6847900517795775,46412394
sw,-78.7126998901367,-51.9302673339843,46.682684604942445,15.556890470393064,46429061
sw,-77.8403167724609,-52.2294006347656,45.1883171092168,36.07253232917462,46445728
sw,-77.0991287231445,-53.1017265319824,43.69896981247441,56.75276201503361,46462395
sw,-76.5274124145507,-54.3678131103515,42.13872981371141,75.94512703867683,46479062
sw,-76.1498489379882,-55.9160652160644,40.13416225024104,91.78338151329821,46495729
sw,-75.8273391723632,-57.7307815551757,36.943813032833816,102.61260629520623,46512396
sw,-75.3565292358398,-59.6432189941406,31.503441921053028,107.40758667179986,46529063
sw,-74.7528457641601,-61.5166511535644,22.609720956891984,106.08245082516669,46545730
sw,-74.2458267211914,-63.2030754089355,9.198677147031196,99.61334774563365,46562397
sw,-74.1300277709961,-64.8545761108398,-9.376960671505014,89.9332859462312,46579064
sw,-74.7174377441406,-66.2644500732421,-33.17060388594132,79.60124935104825,46595731
sw,-75.9577026367187,-67.1013565063476,-61.61260639166889,71.29260166573219,46612398
sw,-77.6470718383789,-67.8281097412109,-93.60166842309903,67.20320028091787,46629065
sw,-79.7807083129882,-68.5240478515625,-127.63766452130402,68.49906086196293,46645732
sw,-82.1546478271484,-69.3296356201171,-161.91839458989608,74.9599048675093,46662399
sw,-84.6155166625976,-70.5053939819336,-194.3727609727148,84.93926598779443,46679066
sw,-86.2349090576171,-71.9160614013671,-222.6702931890141,95.69127415090396,46695733
sw,-85.4570541381836,-73.5689849853515,-244.29696244932927,104.01334175088702,46712400
sw,-82.6979751586914,-75.4339065551757,-256.79314854951826,107.05811191463131,46729067
sw,-78.6630630493164,-77.600830078125,-258.1949665055716,103.10607668853973,46745734
sw,-73.2333984375,-79.9440612792968,-247.60796147499843,92.07684041775389,46762401
sw,-68.7545394897461,-81.7542343139648,-225.71534497993787,75.60197830874085,46779068
sw,-65.2937469482421,-82.6448593139648,-194.9640879606574,56.59677676064895,46795735
sw,-62.3684997558593,-82.7992248535156,-159.24830139328014,38.43959475983272,46812402
sw,-60.8041267395019,-82.4701461791992,-123.10190709299533,24.031570926100446,46829069
sw,-60.3825073242187,-82.1742858886718,-90.62345670714785,15.072039771796497,46845736
sw,-60.1916313171386,-82.2422790527343,-64.48322743524993,11.795803263875545,46862403
sw,-59.6503257751464,-82.7997665405273,-45.35204863561097,13.216762189884236,46879070
sw,-58.7489776611328,-83.6467971801757,-31.942375451000732,17.711744908699075,46895737
sw,-57.8880958557128,-84.5242156982421,-21.623851796922896,23.66055622334525,46912404
sw,-57.2782249450683,-85.255500793457,-11.372144673866439,29.87999986763513,46929071
sw,-56.876365661621,-85.7659454345703,1.2798997403103838,35.72449819484271,46945738
sw,-56.8089866638183,-86.090087890625,17.576801996097355,40.89623170840567,46962405
sw,-57.4564743041992,-86.4013595581054,37.31657535911318,45.130424310970355,46979072
sw,-59.2858047485351,-86.8136520385742,59.06332549814656,47.947878130018154,46995739
sw,-61.0679779052734,-87.017707824707,80.65419769642929,48.598855834485974,47012406
sw,-62.7230911254882,-86.7733001708984,99.79218000085,46.20628378708638,47029073
sw,-64.3798599243164,-86.3730163574218,114.5464051083992,40.017780459631624,47045740
sw,-66.0223083496093,-86.085090637207,123.68098378694195,29.641995863776476,47062407
sw,-68.1355819702148,-85.9666290283203,126.8276280822459,15.176424196542552,47079074
sw,-70.5177841186523,-86.0614013671875,124.54355976123044,-2.8044483770338964,47095741
sw,-73.325569152832,-86.2781677246093,118.25407156471715,-23.378598615713138,47112408
sw,-75.7844848632812,-86.4721374511718,110.02659432303645,-45.472337391221586,47129075
sw,-77.2353134155273,-86.2686538696289,102.13078244001424,-68.06072474016777,47145742
sw,-77.8010101318359,-85.3730239868164,96.43457670082515,-90.31016455351146,47162409
sw,-78.5335845947265,-83.917366027832,93.81992784270219,-111.61303850783156,47179076
sw,-79.7008514404296,-82.17236328125,93.8703247149101,-131.49798780934753,47195743
sw,-81.4812927246093,-80.1357192993164,95.00970258294277,-149.45302269561498,47212410
sw,-83.6353607177734,-77.8406448364257,95.08192868917634,-164.75039454964676,47229077
sw,-85.7109298706054,-75.2230224609375,92.15969326692813,-176.38145881054965,47245744
sw,-87.5511245727539,-72.2517471313476,85.27008267595264,-183.17806089195548,47262411
sw,-88.3264923095703,-68.9800796508789,74.76265885805284,-184.1195602569606,47279078
sw,-88.1012268066406,-64.7810516357421,62.193367910590425,-178.7281108805066,47295745
sw,-87.9847183227539,-61.5669212341308,49.78604415276306,-167.38207161688973,47312412
sw,-88.0393600463867,-59.701187133789,39.68994904253166,-151.37902289887944,47329079
sw,-87.9490051269531,-58.2882766723632,33.31770153928106,-132.6801953962911,47345746
sw,-87.5109252929687,-56.7245903015136,30.99765872644636,-113.419794530044,47362413
sw,-86.7149658203125,-55.191104888916,32.03282095787083,-95.3646712015406,47379080
sw,-85.7539825439453,-53.9088706970214,35.091272581714186,-79.50237509370048,47395747
sw,-84.9562835693359,-53.2495384216308,38.7371527603693,-65.8566513866186,47412414
sw,-84.2064819335937,-52.7201118469238,41.892500213962165,-53.55497148544214,47429081
sw,-83.4234771728515,-52.0917701721191,44.09018615734391,-41.12977799519015,47445748
sw,-82.6820373535156,-51.3997459411621,45.482831398641274,-26.997096885992505,47462415
sw,-81.9807815551757,-50.9525451660156,46.656294653875165,-10.003270119849113,47479082
sw,-81.2607955932617,-50.8724975585937,48.335832230145805,10.115013105896285,47495749
sw,-80.4535522460937,-50.9970664978027,51.075580778703916,32.51216304348973,47512416
sw,-79.4892883300781,-51.7638511657714,55.00384718186586,55.35149428608509,47529083
sw,-78.4623870849609,-53.2857246398925,59.67108534837189,76.25119115169458,47545750
sw,-77.4817733764648,-55.2803039550781,64.02411134456578,92.93609564870383,47562417
sw,-76.5395889282226,-57.5737838745117,66.51374443445833,103.88774054849468,47579084
sw,-75.5263290405273,-59.6853370666503,65.32931352049022,108.76993879123826,47595751
sw,-74.4160842895507,-61.6873321533203,58.731823117880545,108.48125044691507,47612418
sw,-73.3674163818359,-63.3363304138183,45.42456734631133,104.8234204478219,47629085
sw,-72.7043075561523,-64.5750579833984,24.869902738691565,99.91578769319764,47645752
sw,-72.5901412963867,-65.7061309814453,-2.541542751235586,95.56836478002688,47662419
sw,-73.1664581298828,-66.9886245727539,-35.52401292450024,92.81968854422955,47679086
sw,-74.5466003417968,-68.2475891113281,-72.11815021285344,91.76153975443168,47695753
sw,-76.5335998535156,-69.4404983520507,-110.01931032439389,91.65922327488893,47712420
sw,-79.0692520141601,-70.7281341552734,-146.89687859055974,91.28843475168034,47729087
sw,-82.0221405029296,-72.1388320922851,-180.6058153984987,89.37297383840355,47745754
sw,-84.9166946411132,-73.8211517333984,-209.25576224275622,85.00687715005589,47762421
sw,-87.1573791503906,-75.3806457519531,-231.18880588667375,77.95491587638857,47779088
sw,-86.7048568725586,-76.4661331176757,-244.98285489181424,68.7457457149612,47795755
sw,-83.6754455566406,-77.2043151855468,-249.59687894627288,58.5215794839785,47812422
sw,-78.5169296264648,-77.6088180541992,-244.68047129553884,48.69013984153124,47829089
sw,-72.3839263916015,-78.0252838134765,-230.91454609782082,40.50419157875555,47845756
sw,-69.3824310302734,-78.6386108398437,-210.1384056046077,34.72274287181912,47862423
sw,-67.5545578002929,-79.4235763549804,-185.07136149292538,31.466566301066788,47879090
sw,-65.6107025146484,-80.3147277832031,-158.65927045185398,30.29368975697385,47895757
sw,-63.4903259277343,-81.1902084350586,-133.30650361426402,30.434632499010373,47912424
sw,-61.6898918151855,-82.0107498168945,-110.31226688554607,31.07948172746174,47929091
sw,-60.1073951721191,-82.6746673583984,-89.70167748492825,31.612010393138032,47945758
sw,-58.9520606994628,-83.2424011230468,-70.45723583469837,31.729543540604904,47962425
sw,-58.1720848083496,-83.796760559082,-51.030641792566165,31.444495998452215,47979092
sw,-57.5349655151367,-84.2862243652343,-29.967770923838838,31.004091930998378,47995759
sw,-57.0277214050293,-84.7179489135742,-6.477897324634586,30.773654711809744,48012426
sw,-56.8990249633789,-85.0916061401367,19.202401423863048,31.11495692754226,48029093
sw,-57.4630241394043,-85.3651504516601,45.75644008778053,32.27475457702217,48045760
sw,-59.091697692871,-85.5737991333007,71.07050493313919,34.29213304897202,48062427
sw,-61.4590339660644,-85.7543487548828,92.76900671860325,36.93499257237552,48079094
sw,-63.3806533813476,-85.8842010498046,108.82788356200588,39.67776094788568,48095761
sw,-65.1722259521484,-85.8913955688476,118.07624163904738,41.72904863527666,48112428
sw,-66.9826583862304,-85.7546691894531,120.46501371815958,42.11088567355137,48129095
sw,-68.9493942260742,-85.5471115112304,117.08187647446665,39.78484037455606,48145762
sw,-71.1006317138671,-85.3449096679687,109.95381663504358,33.815108292725434,48162429
sw,-73.2853012084961,-85.1545944213867,101.68219109269639,23.549240064088348,48179096
sw,-75.1938018798828,-84.9561996459961,94.93913301050206,8.780898062292687,48195763
sw,-76.3581848144531,-84.8929748535156,91.87065294910322,-10.154255235691103,48212430
sw,-77.1352310180664,-85.1469955444336,93.5150867721595,-32.39047015214072,48229097
sw,-78.138427734375,-85.5552062988281,99.41505362311727,-56.65642638899325,48245764
sw,-79.7086868286132,-85.70947265625,107.60755824688114,-81.47182114961666,48262431
sw,-81.7227020263671,-85.2124710083007,115.0801152324615,-105.3527188756646,48279098
sw,-83.8596572875976,-83.8369674682617,118.61137074674545,-126.97523942614487,48295765
sw,-86.0098800659179,-81.7209014892578,115.75501533427003,-145.2777053201134,48312432
sw,-87.5674819946289,-79.1166534423828,105.64949930025998,-159.50354964968938,48329099
sw,-86.9559249877929,-76.3235168457031,89.36982990928114,-169.19542929291129,48345766
sw,-85.969497680664,-73.5917205810546,69.67080880301431,-174.15791524710158,48362433
sw,-85.8456497192382,-70.8847961425781,50.17420482989466,-174.41773138161776,48379100
sw,-85.9741592407226,-67.7640075683593,34.268246455856975,-170.2118278966543,48395767
sw,-86.0250701904296,-64.7183685302734,24.1216848597561,-162.00657660524968,48412434
sw,-85.8642654418945,-62.4809188842773,20.178539900158782,-150.50715651732867,48429101
sw,-85.1021499633789,-60.6442527770996,21.289727515116354,-136.59746683210508,48445768
sw,-84.0074310302734,-58.8334007263183,25.35861413011969,-121.18706167173687,48462435
sw,-83.0458526611328,-57.5414085388183,30.17715894228925,-105.00903172879917,48479102
sw,-82.5167541503906,-56.3307762145996,34.10324723109952,-88.45706423129486,48495769
sw,-82.3524780273437,-55.0089836120605,36.368836822131975,-71.53904130164038,48512436
sw,-82.1260604858398,-53.9554710388183,37.015723000439934,-53.96926146699905,48529103
sw,-81.5888442993164,-53.4844589233398,36.61190511447058,-35.36011061225569,48545770
sw,-80.8199005126953,-53.3586273193359,35.93635432822029,-15.444569860519067,48562437
sw,-79.9979476928711,-53.3018798828125,35.7468752770172,5.729873176379326,48579104
sw,-79.3390502929687,-53.4264335632324,36.640007152967705,27.675007849423736,48595771
sw,-78.7960510253906,-54.1364974975585,38.94975008338881,49.43479810863855,48612438
sw,-78.2696151733398,-55.4164276123046,42.639629483606534,69.6838274029524,48629105
sw,-77.6438827514648,-56.8716583251953,47.192500546018984,86.95284392506889,48645772
sw,-76.8823699951171,-58.5226593017578,51.547397286158834,99.94043621025465,48662439
sw,-76.0683212280273,-60.496726989746,54.14259480349686,107.8347743333678,48679106
sw,-75.2484130859375,-62.4816131591796,53.09791127279854,110.55873535619749,48695773
sw,-74.4644012451171,-64.3111038208007,46.5243446886173,108.86403698080228,48712440
sw,-73.7669830322265,-66.0625991821289,32.9049432535196,104.22929485490467,48729107
sw,-73.3880920410156,-67.8043060302734,11.461645241973109,98.55967644771586,48745774
sw,-73.6307601928711,-69.1735229492187,-17.582239751133024,93.73613038445168,48762441
sw,-74.4733505249023,-70.1247100830078,-52.912174508675946,91.11216235939021,48779108
sw,-75.9571151733398,-70.8904647827148,-92.23083037840433,91.09658803178787,48795775
sw,-78.0925598144531,-71.6956100463867,-132.54242065319696,92.97353001623502,48812442
sw,-80.7841186523437,-73.0367584228515,-170.55222754853912,95.07022776992054,48829109
sw,-83.7709350585937,-74.808853149414,-203.10149226533983,95.27732773719335,48845776
sw,-86.1764373779296,-76.9762954711914,-227.56263921429104,91.78229341359305,48862443
sw,-86.1482696533203,-79.0904312133789,-242.14704040548787,83.75895749115138,48879110
sw,-83.4180755615234,-80.6033630371093,-246.11117453173082,71.7342966972635,48895777
sw,-78.8143844604492,-81.2294921875,-239.85799362139068,57.45943257206507,48912444
sw,-74.1832199096679,-81.1649169921875,-224.9042648514449,43.3159930994537,48929111
sw,-71.1586303710937,-81.072998046875,-203.65482335381216,31.501981939322174,48945778
sw,-68.530532836914,-81.3581008911132,-178.95210543693295,23.34861716494408,48962445
sw,-66.1112899780273,-82.1603622436523,-153.46714578549432,19.049274081153857,48979112
sw,-64.3789520263671,-82.953857421875,-129.0994908628833,17.867419696936345,48995779
sw,-62.9951171875,-83.4700622558593,-106.58159719224194,18.661261686867356,49012446
sw,-61.8185691833496,-84.0144424438476,-85.42586667293362,20.44822830648615,49029113
sw,-60.4798164367675,-84.593147277832,-64.24595427422368,22.769306158370394,49045780
sw,-59.5043067932128,-85.0763778686523,-41.367152829799004,25.74282652033872,49062447
sw,-59.1205940246582,-85.4557113647461,-15.54768660361186,29.83493732855454,49079114
sw,-59.1241416931152,-85.7892761230468,13.404861677546155,35.467208873265584,49095781
sw,-59.3371124267578,-86.0786895751953,44.31010906656951,42.61544556514127,49112448
sw,-60.0334434509277,-86.2419281005859,74.69668724218316,50.534026367743564,49129115
sw,-62.3159637451171,-86.1295547485351,101.29696991489271,57.68667718986362,49145782
sw,-65.1482849121093,-85.7631683349609,120.84072551241977,61.90407127978244,49162449
sw,-67.5962829589843,-85.2936401367187,130.9261389701672,60.74077027069731,49179116
sw,-69.6839523315429,-84.830322265625,130.71059428719468,51.97124982617588,49195783
sw,-71.6865310668945,-84.4895706176757,121.22862299805142,34.13722339183404,49212450
sw,-74.0023651123046,-84.2189025878906,105.26734063292606,7.03023217811274,49229117
sw,-75.8141250610351,-84.2217559814453,86.83828368175833,-28.025191001452637,49245784
sw,-76.5076522827148,-84.871109008789,70.35468233800556,-68.20765277961281,49262451
sw,-76.9974670410156,-85.9335098266601,59.679762670802205,-109.60586797801963,49279118
sw,-77.4766540527343,-86.04833984375,57.261390110583264,-147.9333663282485,49295785
sw,-78.4659729003906,-83.8838119506836,63.57245765913473,-179.3705775493998,49312452
sw,-79.8530731201171,-80.3822555541992,77.0025444803973,-201.2923857210663,49329119
sw,-81.5449295043945,-76.5322494506836,94.2194807685741,-212.66786965686657,49345786
sw,-83.2449188232421,-72.9386749267578,110.90268089940139,-214.02879739944643,49362453
sw,-84.7835388183593,-69.7098388671875,122.68762840024807,-207.05206868809037,49379120
sw,-86.2593765258789,-67.0146026611328,126.14753539463587,-193.93271075846096,49395787
sw,-86.8210983276367,-64.6022338867187,119.63599460454299,-176.78607803716184,49412454
sw,-84.935073852539,-62.0491256713867,103.79812934056255,-157.2808050710948,49429121
sw,-82.7627792358398,-59.3751983642578,81.55464934709683,-136.57917001038192,49445788
sw,-81.9970321655273,-56.9655647277832,57.444526047794234,-115.50681540417384,49462455
sw,-82.7283248901367,-55.1687469482421,36.4187903810653,-94.77086637539888,49479122
sw,-83.9460830688476,-54.0147285461425,22.440702189488526,-75.0515737913481,49495789
sw,-84.4252243041992,-53.618782043457,17.4002657270544,-56.90095778420494,49512456
sw,-83.8359222412109,-53.6464653015136,20.758452587586824,-40.52533948331974,49529123
sw,-82.4156875610351,-53.458740234375,30.019772641982694,-25.620835258588375,49545790
sw,-80.744514465332,-53.0177040100097,41.76762371571881,-11.415044524417368,49562457
sw,-79.3397140502929,-52.4345741271972,52.789018762817335,3.0498057835038015,49579124
sw,-78.4963684082031,-52.0300407409668,60.856436857260626,18.507087480581543,49595791
sw,-77.9181442260742,-52.2346000671386,64.96518176061545,35.131979047982306,49612458
sw,-77.3346633911132,-53.526382446289,65.09639206983258,52.45281110218272,49629125
sw,-76.5411682128906,-55.7164001464843,61.75023237688265,69.53884072293198,49645792
sw,-75.6664810180664,-57.3351287841796,55.512043887458724,85.34184919101315,49662459
sw,-74.7662734985351,-58.4957771301269,46.809732043213856,99.0043680371193,49679126
sw,-74.0187683105468,-60.0401420593261,35.87866763126013,110.01053676354913,49695793
sw,-73.453628540039,-62.0821800231933,22.84934511729647,118.17851965332393,49712460
sw,-73.2626953125,-64.1925735473632,7.847790904861384,123.5686847816019,49729127
sw,-73.5627212524414,-66.2294540405273,-8.961284655083691,126.37232509825891,49745794
sw,-74.2916488647461,-68.1855163574218,-27.390568378307176,126.80378196283965,49762461
sw,-75.2352752685546,-69.6084747314453,-47.25441509760752,125.00530999603197,49779128
sw,-76.2727813720703,-71.0491714477539,-68.34294417739595,120.99421657940923,49795795
sw,-77.4500350952148,-72.616828918457,-90.32868447570065,114.69775100298732,49812462
sw,-78.9625701904296,-74.2825546264648,-112.64841571349223,106.0976329671658,49829129
sw,-81.0488891601562,-76.0154571533203,-134.43752425157103,95.44151103869173,49845796
sw,-83.7403793334961,-77.4167098999023,-154.57691001131926,83.41012801505934,49862463
sw,-86.6232223510742,-78.2142333984375,-171.85441828789254,71.11234887263682,49879130
sw,-88.7342224121093,-78.6575241088867,-185.18360826046117,59.84999579991014,49895797
sw,-86.3614883422851,-79.0752258300781,-193.79898734813014,50.72498882616086,49912464
sw,-82.999526977539,-79.6371078491211,-197.36583372858112,44.26974858933561,49929131
sw,-79.7004089355468,-80.4623031616211,-195.98342158786159,40.28838761445042,49945798
sw,-76.6793823242187,-81.5703735351562,-190.09667118202933,37.991114287282024,49962465
sw,-73.8541870117187,-82.7340240478515,-180.35023494107358,36.354702380248085,49979132
sw,-70.8862686157226,-83.6752624511718,-167.4212670452607,34.537456391504044,49995799
sw,-68.0397186279296,-84.3821105957031,-151.85946499963234,32.16940961542112,50012466
sw,-66.3024978637695,-84.9806594848632,-133.95876020587713,29.4185950375858,50029133
sw,-65.0620498657226,-85.434211730957,-113.69747446442247,26.848929437732433,50045800
sw,-63.7566604614257,-85.7518081665039,-90.80235909414033,25.170847382724215,50062467
sw,-62.5168800354003,-85.9794692993164,-64.97782220417493,25.00180114839407,50079134
sw,-61.6316680908203,-86.0631942749023,-36.27111623182952,26.704305004551145,50095801
sw,-61.0796966552734,-86.0300979614257,-5.449797408871096,30.299214001969574,50112468
sw,-60.9397201538085,-85.9666290283203,25.785541718371082,35.41376394809043,50129135
sw,-61.5034828186035,-85.9252777099609,54.90115879712042,41.238345053254356,50145802
sw,-63.496238708496,-85.8252410888671,78.98333639899245,46.510932677827256,50162469
sw,-65.9566421508789,-85.5396347045898,95.44027933109223,49.581731479627614,50179136
sw,-67.6584167480468,-85.0411376953125,102.73123021210417,48.603968259536884,50195803
sw,-69.3681411743164,-84.4241333007812,100.87818076622301,41.85075132538763,50212470
sw,-71.2178268432617,-83.8915100097656,91.59710682048018,28.098377009679865,50229137
sw,-72.8967514038086,-83.5646820068359,78.01315355097476,6.975322242418587,50245804
sw,-73.6583480834961,-83.5316162109375,64.0326141196111,-20.828058132840923,50262471
sw,-74.0211181640625,-84.0107040405273,53.51895440564132,-53.56242764753974,50279138
sw,-74.5407943725586,-85.0904846191406,49.468237810130574,-88.65296689575692,50295805
sw,-75.2200622558593,-86.0790405273437,53.38472799613297,-123.1174946017169,50312472
sw,-76.5414886474609,-85.7044525146484,64.9978794054685,-154.06835633421628,50329139
sw,-78.2784881591796,-83.4727401733398,82.35451485508439,-179.1713322557442,50345806
sw,-80.07421875,-80.1823806762695,102.21959764225032,-196.94865659223305,50362473
sw,-81.7274703979492,-76.5173950195312,120.67419863620653,-206.86062589803865,50379140
sw,-83.3839645385742,-73.0148849487304,133.81451439449734,-209.1662710329381,50395807
sw,-85.1692886352539,-69.9775466918945,138.48765849976334,-204.6337191826863,50412474
sw,-86.9202499389648,-67.2933502197265,132.991722048055,-194.22555563963482,50429141
sw,-86.3950576782226,-64.4925003051757,117.60257735336661,-178.89365015193158,50445808
sw,-84.0731582641601,-61.68017578125,94.72093945523544,-159.558924505507,50462475
sw,-83.124397277832,-58.825023651123,68.45635817697374,-137.24047263214504,50479142
sw,-83.5753860473632,-56.5255737304687,43.640440359310844,-113.19681766399925,50495809
sw,-84.8415603637695,-55.1920700073242,24.53446518882011,-88.91962627990554,50512476
sw,-85.6387481689453,-54.5404243469238,13.700221571232039,-65.90138458246196,50529143
sw,-85.387222290039,-54.4784393310546,11.478152662694693,-45.24022262509394,50545810
sw,-84.2620544433593,-54.5953788757324,16.24857621363428,-27.263700211915413,50562477
sw,-82.8095321655273,-54.4808044433593,25.292133163303887,-11.378054377240618,50579144
sw,-81.5977249145507,-54.1488609313964,35.822610312210095,3.7382566281259115,50595811
sw,-80.8218536376953,-53.7720642089843,45.75735878889869,19.636697546668422,50612478
sw,-80.2213897705078,-53.5932464599609,53.98499598234268,37.48640242120635,50629145
sw,-79.7957153320312,-54.1661262512207,60.15370116484128,57.59779108356697,50645812
sw,-79.164077758789,-56.3050003051757,64.2003823719896,79.26488394309628,50662479
sw,-78.1969757080078,-58.7135429382324,65.90009947771459,100.94832896369077,50679146
sw,-77.0833206176757,-60.3163299560546,64.64247301337836,120.66708029352803,50695813
sw,-75.8688278198242,-62.0660400390625,59.498144350805596,136.4192091417181,50712480
sw,-74.775894165039,-64.3080444335937,49.50139094944336,146.5215092760248,50729147
sw,-74.0376434326171,-66.6145248413086,34.001240125299034,149.85453047785074,50745814
sw,-73.8265533447265,-68.9584732055664,12.937502085551461,146.03738681298137,50762481
sw,-74.1202239990234,-70.4975967407226,-13.042544424078615,135.53379352733654,50779148
sw,-74.8234405517578,-71.9134750366211,-42.636879199157846,119.66056928258507,50795815
sw,-76.0380706787109,-73.5396881103515,-74.06757670265765,100.46553230317848,50812482
sw,-77.7842178344726,-74.9845809936523,-105.32406271024583,80.45922478773603,50829149
sw,-79.8539657592773,-76.1327667236328,-134.4169132993078,62.21341680509685,50845816
sw,-82.3723907470703,-76.648941040039,-159.60479171999552,47.879529767804165,50862483
sw,-85.3949584960937,-76.7393188476562,-179.56978894708288,38.731246688921615,50879150
sw,-88.0210800170898,-76.9411697387695,-193.52199382672518,34.875134027291686,50895817
sw,-86.8676223754882,-77.5243759155273,-201.2188289937344,35.259379580086964,50912484
sw,-84.1541748046875,-78.5196228027343,-202.90004195108494,38.01920098739396,50929151
sw,-81.1374282836914,-79.8372650146484,-199.16653251785795,41.05941629472224,50945818
sw,-78.0048065185546,-80.9601745605468,-190.8510112324565,42.66786806564602,50962485
sw,-74.7761688232421,-81.9568481445312,-178.9175185156992,41.9434539674905,50979152
sw,-71.8370590209961,-82.7258758544921,-164.38750035852613,38.912243769414864,50995819
sw,-69.0627365112304,-83.2687072753906,-148.25479872661754,34.33896544892136,51012486
sw,-67.0588150024414,-83.66748046875,-131.3546842678396,29.35197537028785,51029153
sw,-65.8047180175781,-83.9903182983398,-114.19826239139229,25.04779659050437,51045820
sw,-64.4760665893554,-84.255126953125,-96.84201318529098,22.218122296061477,51062487
sw,-63.0931510925293,-84.4844512939453,-78.88412872368444,21.26336050395565,51079154
sw,-61.9263534545898,-84.5976409912109,-59.63714260418371,22.25970996143528,51095821
sw,-61.1841468811035,-84.6756134033203,-38.44324545129829,25.07999746052645,51112488
sw,-60.8631591796875,-84.8962707519531,-15.030438673914325,29.465172916898613,51129155
sw,-60.9442825317382,-85.3011398315429,10.208934217743646,34.99885169332662,51145822
sw,-61.3654174804687,-85.7383651733398,36.107261991536326,41.01283106332074,51162489
sw,-62.1327629089355,-86.0160675048828,60.82094844768656,46.501715194263454,51179156
sw,-63.804588317871,-86.0175476074218,82.13146162286911,50.12691053326069,51195823
sw,-65.6747283935546,-85.7590103149414,97.88758741764383,50.352432978744964,51212490
sw,-67.7235641479492,-85.3911743164062,106.48371433089542,45.70229641572341,51229157
sw,-69.5442810058593,-85.0383682250976,107.25285529380558,35.084486185398056,51245824
sw,-71.0207366943359,-84.7129898071289,100.67900466812324,18.100006964448745,51262491
sw,-72.76025390625,-84.53076171875,88.38699547475821,-4.7521867242349325,51279158
sw,-74.4211807250976,-84.6803894042968,72.91776357070343,-32.05192290856159,51295825
sw,-75.268081665039,-85.3545913696289,57.327480970693614,-61.657189663090136,51312492
sw,-75.6354827880859,-86.3208694458007,44.67427788713032,-91.10255526642406,51329159
sw,-75.7875747680664,-86.2419281005859,37.489544928207714,-118.09480471769058,51345826
sw,-76.44775390625,-84.5675430297851,37.35178090839579,-140.94882412722106,51362493
sw,-77.4766235351562,-82.181167602539,44.65438888605975,-158.81434428814072,51379160
sw,-78.790901184082,-79.6196060180664,58.585585379402346,-171.62354076000364,51395827
sw,-80.2392578125,-76.944839477539,77.26735712045108,-179.80459990038992,51412494
sw,-81.7036514282226,-74.1498336791992,97.98256090615739,-183.89849204124323,51429161
sw,-83.0775756835937,-71.2334060668945,117.46131739289207,-184.2427171571458,51445828
sw,-84.3940887451171,-68.2192001342773,132.2580619765211,-180.84145604221177,51462495
sw,-85.674331665039,-64.9463958740234,139.27170045942387,-173.45279230452678,51479162
sw,-86.5049819946289,-62.0748214721679,136.4068703045432,-161.83111428107964,51495829
sw,-85.3274765014648,-59.9423294067382,123.252886445125,-146.00593842349267,51512496
sw,-82.7821350097656,-58.066307067871,101.53022099680022,-126.47847673912862,51529163
sw,-80.7817077636718,-56.015869140625,75.01849123121278,-104.26116503941435,51545830
sw,-80.6054534912109,-54.3234252929687,48.81035072089903,-80.73750527552357,51562497
sw,-81.7711639404296,-53.7327804565429,28.016178192201902,-57.363458982663204,51579164
sw,-82.9662017822265,-53.8549919128418,16.33964221316212,-35.28284177166799,51595831
sw,-83.2885513305664,-54.2155647277832,15.067225860645816,-14.990696432825468,51612498
sw,-82.6490249633789,-54.6295738220214,22.863050721567124,3.7932709406248994,51629165
sw,-81.0460815429687,-54.5651931762695,36.4055781467251,21.93646645753341,51645832
sw,-78.9860610961914,-54.233226776123,51.544806568596314,40.424915387603995,51662499
sw,-77.5011520385742,-54.4556159973144,64.48551674223195,59.79929305036285,51679166
sw,-76.7770843505859,-55.1402893066406,72.57929772314046,79.74934712212686,51695833
sw,-76.1895751953125,-57.363712310791,74.55989510619308,99.05609837963154,51712500
sw,-75.3352508544921,-60.2201652526855,70.32473906220945,115.90065284912635,51729167
sw,-74.2445297241211,-62.2345123291015,60.50885579474299,128.3824317836483,51745834
sw,-73.3147277832031,-64.1658554077148,46.07671481435904,135.01824784081953,51762501
sw,-72.8458251953125,-66.0685653686523,28.042636617404963,135.0591879055406,51779168
sw,-72.7548217773437,-67.5797424316406,7.3230323545232885,128.59213108046202,51795835
sw,-72.9845504760742,-69.1908798217773,-15.322774648326352,116.48479290868072,51812502
sw,-73.5853652954101,-70.6253967285156,-39.30260943401355,100.24640253811869,51829169
sw,-74.5888061523437,-71.6555709838867,-64.1721381695748,81.83912047612185,51845836
sw,-76.1364517211914,-72.4847564697265,-89.5906907900317,63.438469044785776,51862503
sw,-78.065444946289,-73.1497573852539,-115.24852621204138,47.137616845645205,51879170
sw,-80.3504791259765,-73.5639038085937,-140.76067859180966,34.621242327303946,51895837
sw,-83.0072631835937,-73.8358764648437,-165.53219373529117,26.874566207918665,51912504
sw,-85.8310165405273,-74.3476638793945,-188.6211791817482,24.011186189047002,51929171
sw,-87.7192993164062,-74.9533920288086,-208.6526063221099,25.28238855552033,51945838
sw,-86.3854522705078,-75.4627838134765,-223.85426051795815,29.277861039370183,51962505
sw,-83.4194793701171,-76.1257553100586,-232.28002380706724,34.2704342208602,51979172
sw,-79.6750183105468,-77.0192337036132,-232.23704099230537,38.61926155232058,51995839
sw,-74.9621124267578,-77.9948501586914,-222.83795275108005,41.13084534336142,52012506
sw,-70.2987289428711,-78.9638137817382,-204.49020910669464,41.28384161064741,52029173
sw,-67.1972427368164,-79.8128128051757,-179.0852603784052,39.25822982674078,52045840
sw,-65.2165298461914,-80.4168167114257,-149.72932007128847,35.77281278966255,52062507
sw,-64.0858306884765,-80.8854446411132,-120.05226356158511,31.80336739943948,52079174
sw,-63.1517257690429,-81.2209396362304,-93.33084510196358,28.29029408463902,52095841
sw,-61.9888916015625,-81.507339477539,-71.73972709498568,25.93017745603576,52112508
sw,-60.8391456604003,-81.9036178588867,-55.961727424081325,25.093761342849632,52129175
sw,-59.8152885437011,-82.4210510253906,-45.21856548395286,25.85536987083909,52145842
sw,-59.1513595581054,-82.9830093383789,-37.633716440037574,28.082182176629388,52162509
sw,-58.7137489318847,-83.554817199707,-30.774883347343152,31.52544756842076,52179176
sw,-58.5295715332031,-84.1118392944336,-22.238856071102507,35.87405524913284,52195843
sw,-58.4641380310058,-84.614387512207,-10.18640131951514,40.75962924939719,52212510
sw,-58.3354301452636,-85.020278930664,6.236854665529193,45.72705971889937,52229177
sw,-58.3040466308593,-85.3212738037109,26.65853804142519,50.19746610804604,52245844
sw,-58.6145248413085,-85.5331420898437,49.48887923736418,53.451961018500995,52262511
sw,-60.0147361755371,-85.6912078857421,72.2282207543811,54.657507437852956,52279178
sw,-62.1257362365722,-85.78857421875,92.04082637546472,52.94341432784682,52295845
sw,-64.3082122802734,-85.7621536254882,106.45697022692494,47.52048073170109,52312512
sw,-66.6469192504882,-85.603775024414,113.99611855875298,37.81788655394539,52329179
sw,-68.381103515625,-85.4392395019531,114.52356381981319,23.60234705880861,52345846
sw,-69.8737106323242,-85.4523544311523,109.25394083506261,5.046586687915184,52362513
sw,-71.6242141723632,-85.6771392822265,100.43731115321303,-17.270179858608994,52379180
sw,-73.4105758666992,-86.1163711547851,90.84215878451039,-42.42703162534932,52395847
sw,-74.788703918457,-86.6804656982421,83.1633984318417,-69.27339096686075,52412514
sw,-75.8388290405273,-86.7822875976562,79.46235260407529,-96.5609003547223,52429181
sw,-76.9577560424804,-85.6789932250976,80.72921105376301,-123.0609690331222,52445848
sw,-78.4087448120117,-83.5817337036132,86.65077864280852,-147.63354014593986,52462515
sw,-80.0174942016601,-81.0803756713867,95.64335389911204,-169.2290918741816,52479182
sw,-81.5894012451171,-78.3171615600586,105.16275799280619,-186.84163717277434,52495849
sw,-83.1369323730468,-75.305923461914,112.24841863671683,-199.46903731445113,52512516
sw,-84.8196105957031,-71.8525848388671,114.2127268788131,-206.1498500149745,52529183
sw,-86.7993698120117,-68.0537185668945,109.34656115607797,-206.1143608194723,52545850
sw,-87.9038925170898,-64.1549224853515,97.47031194873655,-199.02055286097803,52562517
sw,-86.5386962890625,-61.1369972229003,80.13910079799757,-185.1804594734501,52579184
sw,-85.5747299194336,-58.5999908447265,60.36129362177268,-165.6609609068651,52595851
sw,-85.5282287597656,-56.2150230407714,41.84034874848477,-142.1812601554855,52612518
sw,-85.8214950561523,-54.2910614013671,27.954484375381192,-116.8037590909738,52629185
sw,-85.9573135375976,-53.1776962280273,20.830492740935195,-91.4896329893985,52645852
sw,-85.8553314208984,-52.749038696289,20.84785530234426,-67.64615327543738,52662519
sw,-85.3119125366211,-52.4162292480468,26.728201510904608,-45.82000547447687,52679186
sw,-84.1738891601562,-52.0268630981445,36.1220475180891,-25.667828621449566,52695853
sw,-82.7519149780273,-51.6299591064453,46.42108284049399,-6.245443192785544,52712520
sw,-81.5905685424804,-51.2283821105957,55.474257631788454,13.47426668395803,52729187
sw,-80.7077941894531,-51.2670707702636,61.97386144993009,34.05384271145925,52745854
sw,-79.9346389770507,-51.7634582519531,65.44793871798585,55.23954000210246,52762521
sw,-79.0936584472656,-52.7828483581543,65.96027983217935,75.95641084778477,52779188
sw,-78.1380157470703,-55.2430229187011,63.70545049835763,94.65433233798548,52795855
sw,-77.2240982055664,-58.3678588867187,58.675066846137724,109.85011909836867,52812522
sw,-76.5422668457031,-60.3537940979003,50.4990572296419,120.61655310657882,52829189
sw,-76.0526809692382,-61.8116912841796,38.484794613973605,126.80299319929777,52845856
sw,-75.6426239013671,-63.5550193786621,21.818376727814773,128.92579515268935,52862523
sw,-75.3539581298828,-65.6161193847656,-0.14224265230515004,127.83771203340086,52879190
sw,-75.6102523803711,-67.5251159667968,-27.569068761545655,124.36100371882556,52895857
sw,-76.6898651123046,-68.8435974121093,-59.942439241608746,119.032540992709,52912524
sw,-78.3936233520507,-70.1553878784179,-95.95619643119751,112.02975874057807,52929191
sw,-80.5943984985351,-71.8801193237304,-133.5560841324398,103.28028811930339,52945858
sw,-83.0698165893554,-73.6742553710937,-170.08994740709912,92.70593166127843,52962525
sw,-85.6382141113281,-75.4810256958007,-202.55189323405594,80.50167061333536,52979192
sw,-87.0290222167968,-76.7947311401367,-227.92283170238363,67.32064184340392,52995859
sw,-85.5517272949218,-77.6724014282226,-243.61367352572546,54.25941710658957,53012526
sw,-81.4770278930664,-77.9093475341796,-247.97713711093107,42.62236524634336,53029193
sw,-75.5041732788086,-78.1851043701171,-240.7700763053165,33.553781678744734,53045860
sw,-71.5255813598632,-78.6435165405273,-223.372555658863,27.69941282360831,53062527
sw,-69.2897720336914,-79.4440307617187,-198.59372583808596,25.046695124151608,53079194
sw,-67.222412109375,-80.3187942504882,-170.05816849782173,24.999911358490607,53095861
sw,-65.1800079345703,-81.0109939575195,-141.37573571384263,26.631493687242134,53112528
sw,-63.2467346191406,-81.5767593383789,-115.39322294757852,28.983096745775388,53129195
sw,-61.4831924438476,-82.0453720092773,-93.74816412502027,31.298095824378013,53145862
sw,-60.0936660766601,-82.4347534179687,-76.78120552532572,33.12776886388851,53162529
sw,-59.1226768493652,-82.8414154052734,-63.73452854459709,34.32201922888219,53179196
sw,-58.3029060363769,-83.3955307006836,-53.11780908637666,34.9573048080839,53195863
sw,-57.5606613159179,-84.0563430786132,-43.13580800968731,35.25609573795785,53212530
sw,-56.9142684936523,-84.6795120239257,-32.09925730079156,35.522214911782555,53229197
sw,-56.5367889404296,-85.1285858154296,-18.760282801793856,36.08031081204634,53245864
sw,-56.4811096191406,-85.4125137329101,-2.528600456385323,37.19280253033409,53262531
sw,-56.7986640930175,-85.6382598876953,16.453591034985656,38.943857559412095,53279198
sw,-57.5390243530273,-85.8977813720703,37.37044744475891,41.11358716436546,53295865
sw,-58.8313217163085,-86.1477127075195,58.889880714330566,43.09172923892821,53312532
sw,-60.1349792480468,-86.2934494018554,79.3716217877949,43.88129865634273,53329199
sw,-61.5407218933105,-86.3073196411132,97.08787219960215,42.218913587725275,53345866
sw,-63.2735900878906,-86.216079711914,110.44576875234608,36.802336850703966,53362533
sw,-65.0824584960937,-86.0268936157226,118.22442757699221,26.581011066634375,53379200
sw,-66.9592971801757,-85.836181640625,119.83512469597225,11.0404277248385,53395867
sw,-69.0194549560546,-85.7734451293945,115.5752351428966,-9.598381542286761,53412534
sw,-71.8305892944336,-85.8601531982421,106.79181508837411,-34.33091113773665,53429201
sw,-74.1756210327148,-85.9743118286132,95.83231769874598,-61.502880667548425,53445868
sw,-75.3396682739257,-85.617202758789,85.68109784279677,-89.10130331128089,53462535
sw,-75.9597015380859,-84.4288787841796,79.2876316071686,-115.12428861704565,53479202
sw,-76.7580642700195,-82.5519943237304,78.74915078675771,-137.9194934693644,53495869
sw,-77.7952270507812,-80.1843032836914,84.61947509462122,-156.3899806729595,53512536
sw,-79.1867523193359,-77.5276641845703,95.60045750014717,-170.015623037066,53529203
sw,-80.9669570922851,-74.7898330688476,108.74509778402957,-178.7091098662252,53545870
sw,-82.7761535644531,-71.8562927246093,120.13870143309836,-182.58948386616726,53562537
sw,-84.5775833129882,-69.0406036376953,125.89421128877748,-181.78661814414758,53579204
sw,-86.3776702880859,-66.2053298950195,123.22089969218368,-176.37202119518497,53595871
sw,-86.5048141479492,-63.3275680541992,111.29049386193053,-166.44802903260808,53612538
sw,-84.3121871948242,-60.6987495422363,91.62858825849113,-152.34320419344868,53629205
sw,-82.9634704589843,-58.2679405212402,67.83555511069878,-134.79620204952656,53645872
sw,-82.979736328125,-56.2579803466796,44.63036078563146,-115.00033090131443,53662539
sw,-83.8120498657226,-54.9936180114746,26.48150664705661,-94.438044903694,53679206
sw,-84.4840621948242,-54.3119773864746,16.307636679938437,-74.53570654936816,53695873
sw,-84.5104522705078,-53.9644393920898,14.74269367738807,-56.267338217947106,53712540
sw,-83.8776626586914,-53.657371520996,20.225017963572537,-39.88168253282863,53729207
sw,-82.5799789428711,-53.1739616394043,29.804721913918293,-24.890092838436495,53745874
sw,-81.1239395141601,-52.6116638183593,40.2687401560882,-10.343984696201435,53762541
sw,-80.2714233398437,-52.2186698913574,49.105945835581196,4.700046637986415,53779208
sw,-79.7204666137695,-52.2318153381347,54.98737718123621,20.71754877723626,53795875
sw,-79.1485061645507,-52.6275520324707,57.70635577527371,37.44889392183357,53812542
sw,-78.4767913818359,-53.6047401428222,57.75545411272582,53.93755336612514,53829209
sw,-77.6916732788086,-55.3398094177246,55.809308534777585,68.85456035664555,53845876
sw,-76.8296966552734,-57.171142578125,52.33074481080112,80.9697285395335,53862543
sw,-76.042121887207,-58.7511482238769,47.393404878299044,89.5729819214304,53879210
sw,-75.4174118041992,-60.3019523620605,40.699004024703,94.68208192142494,53895877
sw,-74.9046554565429,-61.9852600097656,31.707784080092267,96.976598754049,53912544
sw,-74.5003280639648,-63.3102798461914,19.79818122329343,97.51369737152581,53929211
sw,-74.3212127685546,-64.5458908081054,4.401536778647768,97.35407101412953,53945878
sw,-74.6016464233398,-66.1455612182617,-14.904928885853812,97.23612897606141,53962545
sw,-75.4310684204101,-67.7129745483398,-38.330907720147394,97.39358418043537,53979212
sw,-76.68896484375,-69.2899932861328,-65.79448433444149,97.54334029895757,53995879
sw,-78.2789993286132,-70.4356918334961,-96.79773514507326,97.01390272508166,54012546
sw,-80.0698547363281,-71.5091552734375,-130.25802113729526,94.96471966061198,54029213
sw,-82.1924209594726,-72.9058685302734,-164.35610624680842,90.6542704622392,54045880
sw,-84.550796508789,-74.6250381469726,-196.51060165313368,83.71434898458241,54062547
sw,-86.1303634643554,-76.4476699829101,-223.5878363610805,74.3612675535597,54079214
sw,-85.296890258789,-77.4675674438476,-242.39281313022454,63.44964898108475,54095881
sw,-81.8415908813476,-77.7001495361328,-250.37432852224853,52.30340378227956,54112548
sw,-75.4594116210937,-77.8714828491211,-246.34925989542901,42.355567758479346,54129215
sw,-71.2866134643554,-78.3176879882812,-230.96679866535192,34.736051200355114,54145882
sw,-68.982681274414,-79.0155944824218,-206.67432187011306,29.980474625686817,54162549
sw,-66.8088912963867,-79.8800354003906,-177.14322092628777,27.966965009216636,54179216
sw,-64.6185302734375,-80.7705841064453,-146.36207348393512,28.072758350101275,54195883
sw,-62.7245445251464,-81.5192031860351,-117.73182142176083,29.453633214861686,54212550
sw,-61.0134048461914,-82.1128005981445,-93.43399918771514,31.32462135058721,54229217
sw,-59.7957801818847,-82.6246185302734,-74.17938552866755,33.151304404346234,54245884
sw,-58.8604316711425,-83.18359375,-59.30753507623372,34.715868467875445,54262551
sw,-58.2106628417968,-83.7741775512695,-47.146223774418985,36.07096575895774,54279218
sw,-57.6534004211425,-84.3825302124023,-35.52999534413109,37.42133628702206,54295885
sw,-57.156997680664,-84.9910888671875,-22.379560350506203,38.978219018105605,54312552
sw,-56.8478126525878,-85.5162887573242,-6.24003421391,40.824613267131724,54329219
sw,-56.8054275512695,-85.9115524291992,13.327898601487837,42.82009678342347,54345886
sw,-57.1078186035156,-86.2308502197265,35.59593441804698,44.56587685731102,54362553
sw,-58.1191940307617,-86.5471954345703,58.80288729032633,45.44169749794349,54379220
sw,-59.9894294738769,-86.8519744873046,80.55231123127396,44.71140746960385,54395887
sw,-61.7398719787597,-86.9746322631836,98.373212898504,41.67250759920289,54412554
sw,-63.604564666748,-86.9025650024414,110.29923069374908,35.80494654529214,54429221
sw,-65.3599090576171,-86.7951507568359,115.3308535611974,26.869931644319387,54445888
sw,-67.3337631225586,-86.7869720458984,113.69420461050235,14.928523629529794,54462555
sw,-69.4742965698242,-86.924072265625,106.85852840302259,0.2842385281727965,54479222
sw,-71.7713317871093,-87.1324920654296,97.2995517256928,-16.615784173804716,54495889
sw,-73.3393936157226,-87.3456878662109,88.01519507917607,-35.27603624251783,54512556
sw,-74.0715713500976,-87.3924102783203,81.84956081720873,-55.209867634652674,54529223
sw,-74.7435455322265,-87.0615539550781,80.76561181610201,-75.94516133985633,54545890
sw,-75.9213790893554,-86.1277389526367,85.27660094530118,-96.98497716922799,54562557
sw,-77.4714660644531,-84.5536041259765,94.23489277720468,-117.74399358430254,54579224
sw,-79.3277053833007,-82.4011077880859,105.07052330045619,-137.4891364285321,54595891
sw,-81.2157287597656,-79.695327758789,114.42702252101724,-155.3119449039144,54612558
sw,-83.0698699951171,-76.7295913696289,119.03015760184712,-170.15096693569757,54629225
sw,-85.0553359985351,-73.6382064819336,116.57447978291665,-180.87080210205096,54645892
sw,-86.9367599487304,-70.5886154174804,106.40688022435127,-186.3976655682995,54662559
sw,-87.0824813842773,-67.7522048950195,89.8086374454937,-185.90689616593244,54679226
sw,-86.203369140625,-64.4136734008789,69.74317010017778,-179.04167133435595,54695893
sw,-86.048095703125,-61.2006340026855,50.077340784522434,-166.10614310005,54712560
sw,-86.3209228515625,-58.5536613464355,34.48544775218597,-148.13962881334814,54729227
sw,-86.5503158569336,-56.6093940734863,25.41075257267003,-126.7843659252518,54745894
sw,-86.4004364013671,-55.4249191284179,23.468781997384976,-103.93344149606692,54762561
sw,-85.7947616577148,-54.7492446899414,27.49432661474273,-81.25881870168796,54779228
sw,-84.7163162231445,-54.2564468383789,35.15327087042534,-59.802507415977544,54795895
sw,-83.5545425415039,-53.6541099548339,43.81561267853028,-39.809392774014135,54812562
sw,-82.6520156860351,-52.9204521179199,51.32690260395307,-20.881059130989627,54829229
sw,-81.9398345947265,-52.2176094055175,56.4275382398157,-2.3829530808990373,54845896
sw,-81.1453475952148,-52.0689010620117,58.76800870714035,16.08163443557272,54862563
sw,-80.2811279296875,-52.5707054138183,58.63974012558162,34.34509146363324,54879230
sw,-79.5117416381836,-53.1935348510742,56.61131946708396,51.63645829577173,54895897
sw,-78.6532516479492,-54.3635063171386,53.226210960572864,66.83804545616508,54912564
sw,-77.8051834106445,-56.5754280090332,48.83140276234441,78.92024697289628,54929231
sw,-77.102066040039,-58.6477890014648,43.52549529919724,87.36253274912967,54945898
sw,-76.5601272583007,-60.1854286193847,37.17439669239983,92.37069195465028,54962565
sw,-76.1417160034179,-61.3516845703125,29.446702839368985,94.78897447367528,54979232
sw,-75.7628784179687,-62.6477851867675,19.84900937574087,95.74982599409655,54995899
sw,-75.5052185058593,-63.6823844909668,7.767099165204753,96.22621706185406,55012566
sw,-75.5770034790039,-65.1393356323242,-7.471873463470446,96.683575344678,55029233
sw,-76.0719604492187,-66.8047714233398,-26.503704494730382,96.96435482096665,55045900
sw,-77.0258178710937,-68.4691619873046,-49.78913552052034,96.42660389624358,55062567
sw,-78.2699203491211,-69.8725204467773,-77.42885647789284,94.25706070017401,55079234
sw,-79.9262008666992,-71.1244812011718,-108.94208510017599,89.82767531746015,55095901
sw,-81.8799362182617,-72.2363586425781,-143.05200966672118,82.97012661499625,55112568
sw,-84.1018600463867,-73.5477676391601,-177.56055305414085,74.0881440533399,55129235
sw,-86.0832366943359,-74.8859710693359,-209.41573894760478,64.08488430080355,55145902
sw,-86.0434951782226,-75.7124328613281,-235.0544730095793,54.133741897891746,55162569
sw,-83.5590438842773,-76.0914459228515,-251.0324680800949,45.362847001856885,55179236
sw,-78.6198348999023,-76.4371948242187,-254.83782724654986,38.554913975707116,55195903
sw,-72.1066284179687,-77.0226135253906,-245.65508896060763,33.96867856211976,55212570
sw,-68.6596221923828,-77.8584747314453,-224.77428851863257,31.346270832092287,55229237
sw,-66.4759750366211,-78.7919082641601,-195.41812585599484,30.091734277030554,55245904
sw,-64.5846633911132,-79.6627197265625,-162.0001804765952,29.532743679181092,55262571
sw,-62.6767807006835,-80.3364944458007,-129.08540957085557,29.152954750623838,55279238
sw,-60.8799629211425,-80.7432632446289,-100.41928903372434,28.714344720232617,55295905
sw,-59.5864944458007,-81.0595626831054,-78.2886205079942,28.251386092200303,55312572
sw,-58.5907516479492,-81.4046554565429,-63.29537610541702,27.975813129005587,55329239
sw,-57.6141471862793,-81.8726959228515,-54.48977512858391,28.15632351088076,55345906
sw,-56.6371917724609,-82.4323959350586,-49.75277247964843,29.0255822977419,55362573
sw,-55.8806037902832,-82.9747619628906,-46.312536811110405,30.731485113695566,55379240
sw,-55.3175315856933,-83.4727401733398,-41.29605682056633,33.316033159543785,55395907
sw,-54.8683242797851,-83.909309387207,-32.243696243702814,36.69309596421056,55412574
sw,-54.6338996887207,-84.3151779174804,-17.54015996731408,40.60843589656844,55429241
sw,-54.6142616271972,-84.7404098510742,3.2733124196766257,44.58926108816445,55445908
sw,-54.8323745727539,-85.1669845581054,29.345685896725026,47.9099926065585,55462575
sw,-55.6971244812011,-85.5474166870117,58.56876129585284,49.605899922844394,55479242
sw,-57.0333518981933,-85.8403701782226,87.87113204672727,48.556268117258405,55495909
sw,-58.8185768127441,-86.0370101928711,113.74899344728955,43.639319404673216,55512576
sw,-61.1121063232421,-86.1354293823242,132.96826967381216,33.93857781018001,55529243
sw,-63.7847137451171,-86.159423828125,143.30851427955176,18.95984191030773,55545910
sw,-66.6648254394531,-86.1523971557617,144.1713113252909,-1.1956954669646471,55562577
sw,-69.7512893676757,-86.2467346191406,136.86297758028306,-25.757718179330496,55579244
sw,-72.6579971313476,-86.3803100585937,124.40308945677178,-53.35123328033822,55595911
sw,-74.0313568115234,-86.1198577880859,110.82205514941586,-82.20159581681145,55612578
sw,-74.6165008544921,-84.8494262695312,100.08343982717084,-110.43267867376159,55629245
sw,-75.2662353515625,-82.8004760742187,94.94091809613079,-136.3659724398166,55645912
sw,-76.472785949707,-80.3403167724609,96.11621884587703,-158.71655943485902,55662579
sw,-78.1952056884765,-77.6506652832031,102.09517889333651,-176.6222358534888,55679246
sw,-80.3023605346679,-74.9468917846679,109.61722859975755,-189.52296553717002,55695913
sw,-82.3744964599609,-71.979019165039,114.69321642639474,-196.9863835315184,55712580
sw,-84.2271194458007,-68.6249847412109,113.83139411254699,-198.60371449240066,55729247
sw,-86.035530090332,-65.2510299682617,105.11352518428457,-194.03909220917467,55745914
sw,-86.597053527832,-61.9365577697753,88.81575089442538,-183.22502097903327,55762581
sw,-85.8246765136718,-59.0443420410156,67.38225184134089,-166.60740414342064,55779248
sw,-85.7282257080078,-56.6176223754882,44.73221380493864,-145.30281559095698,55795915
sw,-86.2932968139648,-54.5606613159179,25.10259135770985,-121.05715555128947,55812582
sw,-86.7872772216796,-53.1318244934082,11.824214968657332,-95.97296298523189,55829249
sw,-87.0714950561523,-52.3633041381835,6.4737826691947005,-72.06782964508676,55845916
sw,-87.0446166992187,-51.9902992248535,8.679273383992207,-50.803295767041035,55862583
sw,-86.4582366943359,-51.7629089355468,16.560976678711114,-32.75356161980811,55879250
sw,-85.6693954467773,-51.3832778930664,27.532867028425446,-17.54728549317358,55895917
sw,-85.1336517333984,-50.8546981811523,39.10093790617262,-4.117163300115586,55912584
sw,-84.5394134521484,-50.4987144470214,49.389279932981964,8.831239010601388,55929251
sw,-83.7096710205078,-50.7143974304199,57.310121834944034,22.30839090269513,55945918
sw,-82.6955032348632,-51.0352439880371,62.45419787653489,36.674875181566264,55962585
sw,-81.7397003173828,-51.3095779418945,64.84720099163002,51.543466576535145,55979252
sw,-80.9097518920898,-52.5566329956054,64.7049674652971,65.970005050721,55995919
sw,-80.0425262451171,-54.6154899597168,62.269186042609626,78.84966906731991,56012586
sw,-79.0159378051757,-56.2723121643066,57.74949252295715,89.35446297055086,56029253
sw,-77.9525451660156,-57.7188835144043,51.34699759300922,97.22603159674065,56045920
sw,-77.0502700805664,-59.3549194335937,43.297302309462005,102.80324153340122,56062587
sw,-76.4105529785156,-61.0774307250976,33.86476081975507,106.78919332994639,56079254
sw,-76.0487213134765,-62.3466796875,23.25331437862756,109.87514584120824,56095921
sw,-76.0424575805664,-63.7907638549804,11.45839041746782,112.38688019134723,56112588
sw,-76.302131652832,-65.3771209716796,-1.86239149298685,114.09826503205709,56129255
sw,-76.7483520507812,-67.2321624755859,-17.404172474001253,114.287001026094,56145922
sw,-77.2736892700195,-68.9800415039062,-36.05087934700495,112.01457031965857,56162589
sw,-77.915054321289,-70.6584548950195,-58.5393981298568,106.52847119777678,56179256
sw,-78.8443527221679,-72.2706146240234,-85.042859051898,97.63922635091146,56195923
sw,-80.2859268188476,-73.8008270263671,-114.82014314686744,85.93020205440786,56212590
sw,-82.3998641967773,-75.1897430419921,-146.07570274840666,72.71064180243398,56229257
sw,-84.5453338623046,-75.8719329833984,-176.11050413382443,59.707632802497685,56245924
sw,-85.8089447021484,-75.9217453002929,-201.753430933467,48.59017895831202,56262591
sw,-84.7316589355468,-76.0556564331054,-219.98191872960203,40.49557309817443,56279258
sw,-80.9137573242187,-76.5598068237304,-228.5861019417099,35.74234715062356,56295925
sw,-76.008056640625,-77.5408554077148,-226.69918201209578,33.8399008964886,56312592
sw,-73.1006240844726,-78.7275924682617,-215.02400078554243,33.7701062870697,56329259
sw,-70.6147384643554,-79.6708755493164,-195.66698673052366,34.39677110429855,56345926
sw,-67.893081665039,-80.4418563842773,-171.63384932280286,34.82360706725575,56362593
sw,-64.8234634399414,-80.9548263549804,-146.15721640853738,34.579324002347775,56379260
sw,-62.7937622070312,-81.290786743164,-122.03823956680978,33.610993323789565,56395927
sw,-61.6551475524902,-81.6659164428711,-101.12323754760234,32.15273244730787,56412594
sw,-60.6788215637207,-82.1713562011718,-83.98927204996221,30.57015376382979,56429261
sw,-59.6397171020507,-82.8084106445312,-69.9013379627937,29.257728671605022,56445928
sw,-58.6281051635742,-83.4015655517578,-57.078325468004785,28.60672226274177,56462595
sw,-57.791877746582,-83.8995361328125,-43.233278440024506,29.002552559152548,56479262
sw,-57.1393890380859,-84.3238067626953,-26.265750685197617,30.78781389470993,56495929
sw,-56.7520027160644,-84.7072067260742,-4.929005697872997,34.15196660905075,56512596
sw,-56.7673873901367,-85.067398071289,20.706410074191606,38.96144854143352,56529263
sw,-57.2637176513671,-85.4205551147461,49.12424366092721,44.59157443739146,56545930
sw,-58.8029899597168,-85.745735168457,77.61869874388931,49.83984361584713,56562597
sw,-60.8365364074707,-86.0048294067382,102.88384806586029,52.984477279543924,56579264
sw,-62.9049415588378,-86.1171798706054,121.79308939650333,52.01270738705755,56595931
sw,-65.2581253051757,-86.0382461547851,132.175579416466,44.995368634096025,56612598
sw,-67.5908050537109,-85.8140869140625,133.40277893802133,30.538854750553114,56629265
sw,-70.0846786499023,-85.5482482910156,126.643191686137,8.209895931854293,56645932
sw,-72.8765335083007,-85.3911743164062,114.70153208694514,-21.188377503816035,56662599
sw,-74.8397750854492,-85.4939346313476,101.42763864360558,-55.596336875795636,56679266
sw,-75.612434387207,-85.7129898071289,90.77973238117401,-91.98460350728082,56695933
sw,-75.9245300292968,-85.1160888671875,85.75674466970393,-126.90444741600692,56712600
sw,-76.6667938232421,-83.071792602539,87.51993623137488,-157.15711367778658,56729267
sw,-78.2214584350586,-79.9940795898437,95.01758653041414,-180.3774642519957,56745934
sw,-80.2742385864257,-76.770149230957,105.27272910395827,-195.34913611741342,56762601
sw,-82.4759521484375,-73.7334899902343,114.25953727571842,-201.97335243539283,56779268
sw,-84.4927062988281,-70.714614868164,118.09767633310241,-200.95657860641032,56795935
sw,-86.42724609375,-68.009780883789,114.21122894696386,-193.39316926043873,56812602
sw,-87.5120239257812,-65.2583084106445,102.12466291861338,-180.44111038599218,56829269
sw,-86.1009750366211,-62.1007575988769,83.66210377020441,-163.21045336542326,56845936
sw,-85.1558837890625,-59.2249107360839,62.46144207157879,-142.84642882929913,56862603
sw,-85.0826339721679,-56.91353225708,42.91496320510374,-120.66892929786911,56879270
sw,-85.5394210815429,-55.4130554199218,28.86365850687526,-98.19899680963607,56895937
sw,-85.9230194091796,-54.4561729431152,22.49780397359933,-76.98028983243077,56912604
sw,-85.8691940307617,-53.9368705749511,23.85491941186102,-58.23852705012101,56929271
sw,-85.0992736816406,-53.6807441711425,31.06259742658701,-42.53174187077773,56945938
sw,-83.7771377563476,-53.258861541748,41.16465706971098,-29.569734850334022,56962605
sw,-82.4202423095703,-52.7159690856933,51.150409301088025,-18.313742923973884,56979272
sw,-81.4330825805664,-52.2112312316894,58.7801298086593,-7.3433987866346815,56995939
sw,-80.6814575195312,-51.905418395996,62.95670568575239,4.6411371242999815,57012606
sw,-79.9587020874023,-51.8773345947265,63.62973805237411,18.371324505766975,57029273
sw,-79.1633529663086,-52.2828636169433,61.406378031817965,33.77801403327768,57045940
sw,-78.3965606689453,-53.3645896911621,57.106582795808386,50.041370048962996,57062607
sw,-77.5540161132812,-54.9267272949218,51.443537419155014,65.87402676646899,57079274
sw,-76.7089233398437,-56.4201583862304,44.893339345001735,79.90466913627014,57095941
sw,-76.0027236938476,-57.7322959899902,37.71165744735813,91.01507863328969,57112608
sw,-75.4447021484375,-59.1190719604492,30.002859094172564,98.541060309832,57129275
sw,-74.9832763671875,-60.6689834594726,21.756056137505905,102.33355831279474,57145942
sw,-74.7597274780273,-62.4050483703613,12.811720358431765,102.73139283642533,57162609
sw,-74.9054489135742,-64.0275497436523,2.7818818916698627,100.49338651409109,57179276
sw,-75.3378677368164,-65.7603302001953,-9.008255749683746,96.69655352016309,57195943
sw,-75.9043426513671,-67.3916931152343,-23.47668266981212,92.5734119381781,57212610
sw,-76.4594802856445,-68.6144332885742,-41.58842177351117,89.26746823692808,57229277
sw,-77.2204132080078,-69.5112075805664,-64.0240228448532,87.53421836530983,57245944
sw,-78.4646072387695,-70.2891311645507,-90.80520468243813,87.47962282929326,57262611
sw,-80.240737915039,-71.4839096069336,-121.0107569459712,88.46330391175717,57279278
sw,-82.6224899291992,-73.049560546875,-152.6975430109656,89.257944784668,57295945
sw,-85.2486572265625,-74.934211730957,-183.07747440805971,88.44813082388879,57312612
sw,-87.1400146484375,-76.6013565063476,-208.92917083189633,84.9273594791552,57329279
sw,-86.0936508178711,-77.8896102905273,-227.1714975993813,78.29169547778577,57345946
sw,-82.7786865234375,-79.1685485839843,-235.4944720266288,68.97344051010427,57362613
sw,-77.8826751708984,-80.1139373779296,-232.9132151490058,58.077359436159014,57379280
sw,-73.4454269409179,-80.636978149414,-220.08428460516973,47.00544556159848,57395947
sw,-70.7001037597656,-81.1607513427734,-199.24070831898487,37.029766695772295,57412614
sw,-68.0501556396484,-81.8356475830078,-173.70160070526362,28.976944074218597,57429281
sw,-65.6993942260742,-82.6567993164062,-147.06805809761866,23.12611216037556,57445948
sw,-64.2883605957031,-83.2540435791015,-122.34093059085623,19.321262575611055,57462615
sw,-63.0277214050293,-83.6334533691406,-101.22250826123994,17.208090303215464,57479282
sw,-61.8062171936035,-83.9475784301757,-83.79921910671962,16.469745469460708,57495949
sw,-60.5609855651855,-84.3015060424804,-68.6860419220959,16.962314121101862,57512616
sw,-59.5325584411621,-84.7244110107421,-53.581202175496976,18.710504493481697,57529283
sw,-58.7449836730957,-85.2099304199218,-36.06749451324994,21.7827740399471,57545950
sw,-58.28369140625,-85.6808090209961,-14.436671570672184,26.104735864401828,57562617
sw,-57.9754600524902,-86.0806808471679,11.68467222437434,31.285610789726242,57579284
sw,-58.1222343444824,-86.3716125488281,41.07705990985322,36.525556714169994,57595951
sw,-59.4597015380859,-86.5591278076171,71.11676487748873,40.64567644919377,57612618
sw,-61.9327011108398,-86.6308212280273,98.36969271288392,42.244572192293,57629285
sw,-64.1512603759765,-86.5949325561523,119.42659411738823,39.94578107302721,57645952
sw,-66.2792129516601,-86.505142211914,131.74507285248575,32.67141806134818,57662619
sw,-68.4130096435546,-86.4374542236328,134.28327161231113,19.869092732618167,57679286
sw,-70.9155120849609,-86.428726196289,127.79446228631889,1.634588845769068,57695953
sw,-73.2926559448242,-86.5488357543945,114.73673401088445,-21.294592610620604,57712620
sw,-75.2038879394531,-86.6120452880859,98.80676117678054,-47.66268683964178,57729287
sw,-76.6833114624023,-86.3337707519531,84.15670211540186,-75.89562736404176,57745954
sw,-77.2874908447265,-85.3930511474609,74.42977734499244,-104.32454847384341,57762621
sw,-77.4501647949218,-83.8004684448242,71.83896951984026,-131.38160025041807,57779288
sw,-78.2193145751953,-81.6138458251953,76.55815123355009,-155.72765253100508,57795955
sw,-79.7092742919921,-78.8783340454101,86.64126355297753,-176.29061870987752,57812622
sw,-81.6427154541015,-75.8289337158203,98.53017107724436,-192.2224671009134,57829289
sw,-83.6580734252929,-72.5408706665039,108.02003775511805,-202.81693861025758,57845956
sw,-85.5366897583007,-69.0524520874023,111.41070746228644,-207.4526308455733,57862623
sw,-87.0549697875976,-65.7198944091796,106.52952580888821,-205.6204876258058,57879290
sw,-86.8653793334961,-62.2126159667968,93.3516875994774,-197.0555054923294,57895957
sw,-85.4219207763671,-59.1439132690429,74.03846371361189,-181.93251574824862,57912624
sw,-84.8595886230468,-56.3236465454101,52.35491120152891,-161.03365991769658,57929291
sw,-84.9546966552734,-54.0068359375,32.61445899338463,-135.78197643771168,57945958
sw,-85.3317947387695,-52.4116821289062,18.47766427097291,-108.0767508906113,57962625
sw,-85.6189041137695,-51.5327606201171,12.008077248182266,-79.94931894024737,57979292
sw,-85.5887374877929,-51.1672096252441,13.291607184741926,-53.14631312270541,57995959
sw,-85.0320205688476,-51.0350723266601,20.691826343398596,-28.796390224189324,58012626
sw,-83.9770278930664,-50.8579444885253,31.563039139656574,-7.294757054758645,58029293
sw,-82.9161224365234,-50.5970726013183,43.09879292745728,11.551001812730016,58045960
sw,-82.0993499755859,-50.6203384399414,53.00873305986797,28.18948904797795,58062627
sw,-81.2983016967773,-50.836311340332,59.856053489175515,42.97129745431053,58079294
sw,-80.4402694702148,-51.1321563720703,63.06019658303056,55.944733509267415,58095961
sw,-79.5603332519531,-52.3981819152832,62.68638858483395,66.89952364872256,58112628
sw,-78.6956634521484,-54.8268928527832,59.168693591173685,75.62606649686396,58129295
sw,-77.930793762207,-56.9890937805175,53.06974162051218,82.22809660676731,58145962
sw,-77.2542724609375,-58.269287109375,44.91679570259568,87.27502167983756,58162629
sw,-76.6496810913086,-59.4174880981445,35.10638239746069,91.66066923459336,58179296
sw,-76.157356262207,-60.6134071350097,23.849514087442433,96.21216236110095,58195963
sw,-75.8624496459961,-61.9158706665039,11.132466120766008,101.24825238125419,58212630
sw,-75.9469528198242,-63.3747444152832,-3.3133775933526635,106.32086593500583,58229297
sw,-76.4383468627929,-65.1326446533203,-20.01279213651866,110.28173061573654,58245964
sw,-77.292739868164,-67.1956024169921,-39.67730904113136,111.66448359806259,58262631
sw,-78.45947265625,-69.1810913085937,-63.02280441063346,109.23722483360139,58279298
sw,-79.8033599853515,-71.0577545166015,-90.46526889152578,102.51148402078073,58295965
sw,-81.4905929565429,-72.7836151123046,-121.74818566050045,92.00988926700684,58312632
sw,-83.7288360595703,-74.0377960205078,-155.61825271470659,79.18499464081948,58329299
sw,-86.5183334350586,-74.8619384765625,-189.69384826023034,66.01111915886862,58345966
sw,-88.2201766967773,-75.1486587524414,-220.6404289606672,54.39389043201046,58362633
sw,-85.4966354370117,-75.2425918579101,-244.6848846037001,45.61382402808399,58379300
sw,-81.0845642089843,-75.6977005004882,-258.39025740117927,40.009864390582415,58395967
sw,-74.7680435180664,-76.6804504394531,-259.49853567037104,37.01330545444776,58412634
sw,-69.9324722290039,-77.9703140258789,-247.57092842311351,35.497272301945465,58429301
sw,-67.1929244995117,-79.1766510009765,-224.17713749329963,34.27904743720496,58445968
sw,-64.8696746826171,-80.2545013427734,-192.54593783028542,32.565132537442985,58462635
sw,-62.3917503356933,-81.0061492919921,-156.815414001006,30.178290879177457,58479302
sw,-60.2787208557128,-81.2617568969726,-121.16004124807769,27.514554671269252,58495969
sw,-58.9374923706054,-81.2839965820312,-89.04690869978214,25.289983345136754,58512636
sw,-58.0870246887207,-81.3736801147461,-62.753500636914055,24.20902919587802,58529303
sw,-57.442699432373,-81.7635803222656,-43.173532688406354,24.696200681318064,58545970
sw,-56.9497375488281,-82.3592300415039,-29.882317389866607,26.780410938705728,58562637
sw,-56.5226554870605,-82.9977798461914,-21.40562748162572,30.136627320930348,58579304
sw,-56.261848449707,-83.5939407348632,-15.617150580557686,34.22047727234497,58595971
sw,-56.1269493103027,-84.106948852539,-10.183358775652922,38.41280766586122,58612638
sw,-56.174446105957,-84.5706100463867,-2.9858710075997905,42.12061518759607,58629305
sw,-56.3350448608398,-85.053352355957,7.527779125164401,44.82723423242657,58645972
sw,-56.6297264099121,-85.5712356567382,22.096915012353133,46.11498081479757,58662639
sw,-57.3139572143554,-86.0631942749023,40.527811654648794,45.68364917085143,58679306
sw,-58.475414276123,-86.4434509277343,61.71921271347875,43.36779939826349,58695973
sw,-59.6651382446289,-86.6424026489257,83.83910353338477,39.13650194467737,58712640
sw,-61.2904357910156,-86.6248474121093,104.63855150982808,33.058444635356025,58729307
sw,-63.4939651489257,-86.4835357666015,121.86449167382357,25.23403502696736,58745974
sw,-65.8863296508789,-86.3043518066406,133.7066622085808,15.719638090210873,58762641
sw,-68.3871154785156,-86.1065597534179,139.1884105350026,4.479374208510021,58779308
sw,-70.8631896972656,-85.8892974853515,138.40054170934968,-8.610337933566532,58795975
sw,-73.6507873535156,-85.6735534667968,132.49509381610727,-23.70174186898175,58812642
sw,-75.8242492675781,-85.4314727783203,123.40403273227622,-40.8825801670316,58829309
sw,-77.4378433227539,-85.0091552734375,113.32269008782428,-60.078500682264426,58845976
sw,-78.3900604248046,-84.3435516357421,104.08906323601083,-80.9746931957056,58862643
sw,-79.2794723510742,-83.2310028076171,96.6637521455692,-102.96606690830248,58879310
sw,-80.5214309692382,-81.59326171875,90.91667544808398,-125.13459244112758,58895977
sw,-82.1700057983398,-79.4405059814453,85.82453995609002,-146.25410072471988,58912644
sw,-83.9865341186523,-76.9739761352539,80.01115810631381,-164.83592062862573,58929311
sw,-85.5772094726562,-74.2912139892578,72.40875719358678,-179.2425174761524,58945978
sw,-86.815803527832,-71.3066787719726,62.7654897289178,-187.89517039956874,58962645
sw,-87.0568237304687,-67.9230728149414,51.79745545000833,-189.57308257260505,58979312
sw,-86.7413024902343,-64.0811920166015,40.9418712140947,-183.74652144800143,58995979
sw,-86.3330154418945,-61.0993156433105,31.835408007566155,-170.8314081515395,59012646
sw,-86.029556274414,-58.9077720642089,25.7442037604511,-152.24120572806268,59029313
sw,-85.8620910644531,-57.110122680664,23.16946178767029,-130.1710041942078,59045980
sw,-85.6681289672851,-55.3909759521484,23.75702877666025,-107.15290852668177,59062647
sw,-85.3568344116211,-54.2798728942871,26.504597874703684,-85.5098683462573,59079314
sw,-84.8921661376953,-53.6743392944335,30.14743020366285,-66.86705644458023,59095981
sw,-84.3700866699218,-53.0093650817871,33.554805729685434,-51.858978260206555,59112648
sw,-83.9018173217773,-52.2261543273925,35.99707386421964,-40.11181253436008,59129315
sw,-83.4470748901367,-51.4599838256835,37.22526867409407,-30.494371907182334,59145982
sw,-83.0188293457031,-50.9455223083496,37.393522117005766,-21.54230654406883,59162649
sw,-82.6065521240234,-50.5809860229492,36.90260413135444,-11.908734975725109,59179316
sw,-82.1846542358398,-50.2276229858398,36.237150153385684,-0.7026368068908644,59195983
sw,-81.7507858276367,-50.5926399230957,35.832830233140086,12.367161003138193,59212650
sw,-81.3088684082031,-51.700828552246,35.97791338714047,27.045544201217716,59229317
sw,-80.8471527099609,-52.6528854370117,36.74460040429732,42.71131177375294,59245984
sw,-80.3570022583007,-53.3000297546386,37.95308212209667,58.57832576008217,59262651
sw,-79.8321762084961,-54.0229415893554,39.17823121583217,73.84053071163552,59279318
sw,-79.2527236938476,-55.276065826416,39.8033160376966,87.7526566991324,59295985
sw,-78.5746154785156,-57.1237907409668,39.108101582238966,99.68511823040937,59312652
sw,-77.8787307739257,-59.3484992980957,36.36112904411318,109.17883808790693,59329319
sw,-77.3589935302734,-61.3640327453613,30.881571193815173,115.98190113049301,59345986
sw,-77.1073608398437,-63.0812301635742,22.053332318610867,120.03322540046258,59362653
sw,-77.1824951171875,-64.7540664672851,9.308881303562417,121.39106146329367,59379320
sw,-77.5739212036132,-66.55615234375,-7.866016327766717,120.15179570510865,59395987
sw,-78.1632919311523,-68.3866958618164,-29.847596525441116,116.4171072385091,59412654
sw,-78.983169555664,-70.2044448852539,-56.68242038053552,110.33187720458226,59429321
sw,-80.2653656005859,-71.7228775024414,-87.8243767944456,102.16396808062295,59445988
sw,-82.1153717041015,-73.127456665039,-121.8975534770233,92.37105381274594,59462655
sw,-84.5214614868164,-74.340835571289,-156.6073557207521,81.61101468702046,59479322
sw,-86.8387603759765,-75.4520111083984,-188.89633288602286,70.68225872091516,59495989
sw,-87.5378875732421,-76.2421340942382,-215.37576460835567,60.40630907350334,59512656
sw,-84.7067260742187,-76.7062225341796,-232.97789615151038,51.48210152792261,59529323
sw,-78.8735809326171,-77.1675109863281,-239.67708803594078,44.354397626970815,59545990
sw,-73.9335098266601,-77.8227157592773,-235.04502771796314,39.14271364224781,59562657
sw,-71.199966430664,-78.6028518676757,-220.40174788852966,35.659903218035936,59579324
sw,-68.8302001953125,-79.421142578125,-198.45987845680307,33.513072047500316,59595991
sw,-66.1053466796875,-80.214859008789,-172.5824506268408,32.24625389772544,59612658
sw,-63.4179458618164,-81.0042724609375,-145.92979611652,31.474601337347572,59629325
sw,-61.4719009399414,-81.6800155639648,-120.76149721287742,30.9727991412976,59645992
sw,-60.1166152954101,-82.1751403808593,-98.0435309332937,30.70184763890674,59662659
sw,-59.2281227111816,-82.6812286376953,-77.4052141577628,30.777600646905917,59679326
sw,-58.5360527038574,-83.2715988159179,-57.4352612634996,31.396270354883484,59695993
sw,-57.8360214233398,-83.8963546752929,-36.262887558809986,32.7335086958983,59712660
sw,-57.2996177673339,-84.4799423217773,-12.30396677623737,34.82854128208323,59729327
sw,-56.9251861572265,-84.9942626953125,15.021993609147536,37.46511299353103,59745994
sw,-56.854393005371,-85.4390182495117,44.835502278891305,40.07404042563372,59762661
sw,-57.445011138916,-85.8324737548828,74.79233042636746,41.69924473688855,59779328
sw,-60.2002830505371,-86.2222900390625,101.59081409529222,41.07130251443785,59795995
sw,-63.1580505371093,-86.5597457885742,121.86293111323268,36.80712335091072,59812662
sw,-65.7773132324218,-86.7524337768554,133.15720819920463,27.706454707644248,59829329
sw,-67.8941345214843,-86.8303451538086,134.67980822927692,13.067762604406196,59845996
sw,-69.886978149414,-86.8871841430664,127.56712506088165,-7.075472875521981,59862663
sw,-72.2027206420898,-86.962173461914,114.64092850446569,-31.877970322282625,59879330
sw,-74.1825637817382,-86.8506698608398,99.74030220846905,-59.79377761108162,59895997
sw,-75.371353149414,-86.0355758666992,86.7986660518715,-88.84240717508447,59912664
sw,-76.1175842285156,-84.3545532226562,78.87409537702432,-116.9489422305469,59929331
sw,-76.4803848266601,-82.0965957641601,77.37226399674135,-142.25744610328329,59945998
sw,-77.3674774169921,-79.3372344970703,81.69412588136588,-163.33168608992972,59962665
sw,-78.9594268798828,-76.3443069458007,89.4488502466918,-179.2017572003613,59979332
sw,-81.097183227539,-73.2726440429687,97.19886674982172,-189.27568762463324,59995999
sw,-83.2365417480468,-70.1374206542968,101.51617657701411,-193.19120751513205,60012666
sw,-85.0635833740234,-67.109992980957,100.01672128104462,-190.71139337699725,60029333
sw,-86.5766906738281,-63.9066581726074,92.05069267560329,-181.749122181245,60046000
sw,-86.9793624877929,-60.7789115905761,78.84421306468991,-166.53645965186234,60062667
sw,-86.87451171875,-58.2685012817382,63.06085630221986,-145.86355852166028,60079334
sw,-87.0439529418945,-56.0971031188964,47.93345615028468,-121.24734997797302,60096001
sw,-87.3545455932617,-54.346076965332,36.26257312439502,-94.89324113245847,60112668
sw,-87.7379150390625,-53.206199645996,29.629295390908535,-69.38523513200158,60129335
sw,-87.7882232666015,-53.1317329406738,28.084275779152357,-47.151988545090774,60146002
sw,-87.0620193481445,-53.4113960266113,30.377524323021756,-29.86767464394211,60162669
sw,-86.1177825927734,-53.3670043945312,34.57883602579174,-18.008912336439785,60179336
sw,-85.2036819458007,-53.114387512207,38.809809031611984,-10.757059663966604,60196003
sw,-84.2823486328125,-52.740478515625,41.81224506864538,-6.305935218120541,60212670
sw,-83.5632553100586,-52.2162475585937,43.1874172074902,-2.469607609575858,60229337
sw,-83.2211837768554,-51.8297042846679,43.288747904171416,2.632220223125577,60246004
sw,-82.90234375,-51.5550727844238,42.87470051765677,10.053841118620419,60262671
sw,-82.306396484375,-51.6459655761718,42.69186755813636,19.8363334580927,60279338
sw,-81.5487823486328,-52.8455963134765,43.147900102342426,31.185301108111723,60296005
sw,-80.7340087890625,-54.4425354003906,44.16588362270499,42.8969065837863,60312672
sw,-79.8723373413086,-55.1396102905273,45.226482944779576,53.821201786710475,60329339
sw,-78.9639434814453,-55.5506858825683,45.54129907529676,63.1693515447996,60346006
sw,-78.0901260375976,-56.5625953674316,44.27486214050077,70.59278773565987,60362673
sw,-77.2047042846679,-58.1090850830078,40.73570526922431,76.09615518132482,60379340
sw,-76.4409408569336,-59.6302642822265,34.47785350333568,79.89790524696318,60396007
sw,-76.0461654663086,-60.8160858154296,25.288252343652243,82.31818558730335,60412674
sw,-76.0206451416015,-61.9634628295898,13.08031091889034,83.71974347828593,60429341
sw,-76.3355636596679,-63.4255867004394,-2.2420878478895827,84.49782770598387,60446008
sw,-76.9021835327148,-65.2794113159179,-20.862995257971086,85.09673179429052,60462675
sw,-77.5936126708984,-66.8970489501953,-43.0055589081019,86.00520475303318,60479342
sw,-78.4442901611328,-68.1117095947265,-68.74346620810195,87.67120966364315,60496009
sw,-79.8100128173828,-68.9495620727539,-97.7315133260548,90.31472935942811,60512676
sw,-81.8793563842773,-69.8577575683593,-128.96142397839753,93.70155086925828,60529343
sw,-84.4986801147461,-71.1760635375976,-160.64719078748206,97.01229877588825,60546010
sw,-86.98876953125,-72.8279571533203,-190.301570641804,98.933564303916,60562677
sw,-87.5495223999023,-74.656021118164,-215.0154066390688,98.00078578562136,60579344
sw,-84.9641418457031,-76.3502426147461,-231.91687945302112,93.09179195867644,60596011
sw,-81.1979751586914,-78.1146392822265,-238.75595091523547,83.88209944171865,60612678
sw,-76.3137054443359,-79.6731491088867,-234.50339066152353,71.07089556845321,60629345
sw,-71.4388046264648,-80.6683044433593,-219.78197281240034,56.26720298496023,60646012
sw,-68.2486190795898,-81.0834197998046,-196.9213426316941,41.55848998791523,60662679
sw,-65.7427291870117,-81.2275085449218,-169.51382609527653,28.9196287653398,60679346
sw,-63.6873893737793,-81.4774398803711,-141.537057731951,19.694288757095627,60696013
sw,-62.5864028930664,-81.8323745727539,-116.30186554644838,14.345779486592473,60712680
sw,-61.7282028198242,-82.283447265625,-95.57335861996081,12.54288474916973,60729347
sw,-60.7664184570312,-82.8402938842773,-79.16372355860092,13.492358266247152,60746014
sw,-59.4372100830078,-83.4937438964843,-65.1377001846913,16.33519059998387,60762681
sw,-58.1525268554687,-84.0899429321289,-50.565600645344105,20.42512451068121,60779348
sw,-57.1569595336914,-84.6222534179687,-32.57662148883611,25.38776997340281,60796015
sw,-56.489200592041,-85.0873336791992,-9.37366121393544,30.96941896906979,60812682
sw,-56.268627166748,-85.4819946289062,19.103377308472933,36.776264048254276,60829349
sw,-56.8999900817871,-85.8982162475586,51.057723440950134,42.04407378631563,60846016
sw,-58.7944793701171,-86.3385238647461,83.28003949097526,45.5575112552063,60862683
sw,-61.4719200134277,-86.6288452148437,112.00456481256677,45.77228471515725,60879350
sw,-63.9016036987304,-86.6982116699218,133.90266010178857,41.112263681504615,60896017
sw,-66.4211883544921,-86.6719894409179,146.91555746013765,30.35024428736593,60912684
sw,-69.0703353881836,-86.660530090332,150.70840593983706,12.955526603305286,60929351
sw,-71.7554016113281,-86.705093383789,146.66063205086618,-10.695267693330305,60946018
sw,-74.3504562377929,-86.7842941284179,137.42821573392249,-39.306670048350135,60962685
sw,-76.4001846313476,-86.5451507568359,126.19743940493596,-70.85748687898452,60979352
sw,-77.8332138061523,-85.2611618041992,115.8121071406526,-102.94231577154675,60996019
sw,-78.7223510742187,-83.1748504638671,108.00602586683723,-133.15748536461757,61012686
sw,-79.5840682983398,-80.615966796875,102.98315528503639,-159.41652100888012,61029353
sw,-81.0672149658203,-77.6755676269531,99.51532584022647,-180.11791853785314,61046020
sw,-83.3913497924804,-74.7161102294921,95.55817941940604,-194.1606132289206,61062687
sw,-86.0023727416992,-71.6564331054687,89.17258611835963,-200.87503167437833,61079354
sw,-87.9390182495117,-68.4732589721679,79.38734464148511,-199.9723729215541,61096021
sw,-88.344123840332,-65.0513305664062,66.64566179057955,-191.58893069986132,61112688
sw,-88.1257019042968,-61.2560195922851,52.65820424292289,-176.4210418888655,61129355
sw,-88.2266845703125,-58.4887962341308,39.753487211826275,-155.8522902760439,61146022
sw,-88.401496887207,-56.7524642944335,30.03266603199996,-131.9344556617022,61162689
sw,-88.4209518432617,-55.259162902832,24.69143236438743,-107.13755870686349,61179356
sw,-88.2874221801757,-54.0589485168457,23.75305143876293,-83.90087295494135,61196023
sw,-87.7680511474609,-53.4687995910644,26.24707264249808,-64.11776736549888,61212690
sw,-86.9481582641601,-52.9031295776367,30.684671759602338,-48.72028949083374,61229357
sw,-86.1404037475586,-52.2649765014648,35.59969884873234,-37.496094802804464,61246024
sw,-85.4056015014648,-51.7771987915039,39.95249030461551,-29.196226765311813,61262691
sw,-84.7043533325195,-51.329231262207,43.2915246503429,-21.90437452608878,61279358
sw,-84.0173873901367,-50.9255447387695,45.679129435240306,-13.564438403377753,61296025
sw,-83.3823318481445,-50.6990165710449,47.46496854874834,-2.5239551037578547,61312692
sw,-82.7532653808593,-50.5234413146972,49.0170441424107,12.04880073126709,61329359
sw,-82.0192794799804,-50.841251373291,50.50405285591345,29.978920937807807,61346026
sw,-81.148941040039,-52.1902122497558,51.78498487916037,50.16445634451696,61362693
sw,-80.2058792114257,-53.9316482543945,52.41837841844607,70.86765626608762,61379360
sw,-79.2538986206054,-55.1809196472168,51.7662392887967,90.09837767991772,61396027
sw,-78.3585052490234,-56.423110961914,49.14453705034199,105.97198317261243,61412694
sw,-77.547607421875,-58.1799011230468,43.966724721453915,116.9922781883443,61429361
sw,-76.8030319213867,-60.2433013916015,35.83642557310329,122.27993104901537,61446028
sw,-76.2747116088867,-62.4392471313476,24.5654697334287,121.77048419613827,61462695
sw,-76.1806411743164,-64.6941146850586,10.120875069175932,116.34495058281952,61479362
sw,-76.622200012207,-66.7357101440429,-7.463685532849935,107.79595072261382,61496029
sw,-77.3491516113281,-67.8495483398437,-28.150047049058607,98.53954607530763,61512696
sw,-78.2176971435546,-68.7806243896484,-51.86788208882963,91.07352250950105,61529363
sw,-79.3056106567382,-69.6457901000976,-78.3708456775197,87.31276760473402,61546030
sw,-80.6655654907226,-70.7385101318359,-107.0151639229917,88.02254563043093,61562697
sw,-82.5763549804687,-72.1541213989257,-136.55654132217475,92.55997060662159,61579364
sw,-84.9753952026367,-73.8169937133789,-165.07572754152525,99.02538726160334,61596031
sw,-87.3362655639648,-75.5924835205078,-190.107024927778,104.77997250224345,61612698
sw,-87.0968017578125,-77.4315338134765,-208.97948818499387,107.17285932764659,61629365
sw,-84.2539672851562,-79.6177444458007,-219.31753204689932,104.27093497560519,61646032
sw,-80.6752777099609,-81.6410675048828,-219.60033994601469,95.38916135991276,61662699
sw,-76.4670715332031,-83.1694183349609,-209.64400187558846,81.26819093725005,61679366
sw,-72.360366821289,-84.3572921752929,-190.84684149279062,63.842777046564045,61696033
sw,-69.3621139526367,-84.9619598388671,-166.05312648094267,45.678532629501746,61712700
sw,-67.4504699707031,-85.0632629394531,-138.9809365997209,29.274861600173995,61729367
sw,-66.4716567993164,-85.0107650756836,-113.32313803849604,16.47352873469082,61746034
sw,-65.8154144287109,-85.0481719970703,-91.79226399038897,8.151250653332731,61762701
sw,-64.8912887573242,-85.2505111694336,-75.43982887745793,4.245979670599538,61779368
sw,-63.6984558105468,-85.6863403320312,-63.490832049784366,4.035345596886293,61796035
sw,-62.4206771850585,-86.187255859375,-53.73829488254736,6.507743251500918,61812702
sw,-61.3490180969238,-86.6261749267578,-43.341120227922275,10.666108835195994,61829369
sw,-60.6521911621093,-86.9459762573242,-29.750679113090996,15.670464349576415,61846036
sw,-60.2191009521484,-87.151123046875,-11.486659334369554,20.819225805457354,61862703
sw,-60.0398368835449,-87.3073959350586,11.438262592272597,25.44350467556423,61879370
sw,-60.4068031311035,-87.4156341552734,37.530331179061434,28.811388225510854,61896037
sw,-62.3018455505371,-87.3891067504882,64.22861746044268,30.11020121963916,61912704
sw,-64.3653945922851,-87.2366485595703,88.57822405026045,28.520436458284188,61929371
sw,-66.1829299926757,-87.0970764160156,107.95330680397817,23.348237932680558,61946038
sw,-67.8244247436523,-87.0849685668945,120.63216002729095,14.163487551889867,61962705
sw,-69.7507553100586,-87.1481018066406,126.11264696484807,0.8969817744298512,61979372
sw,-72.171630859375,-87.2312622070312,125.15230842203674,-16.129870640797428,61996039
sw,-74.9736938476562,-87.2356567382812,119.56044603880541,-36.24729693586026,62012706
sw,-76.9586791992187,-86.8590698242187,111.76717159871771,-58.53565398875585,62029373
sw,-78.5265960693359,-85.8228530883789,104.21126885481587,-81.94782582797794,62046040
sw,-79.3106536865234,-84.2975540161132,98.66363897535689,-105.41484664391629,62062707
sw,-79.8322143554687,-82.3551254272461,95.69545206126782,-127.90042252556974,62079374
sw,-81.0081787109375,-80.0515518188476,94.5210666199789,-148.3932897463443,62096041
sw,-82.8241119384765,-77.5710144042968,93.3384881390484,-165.86087675344382,62112708
sw,-84.9802703857421,-74.8408050537109,90.08395903660004,-179.21969108483157,62129375
sw,-86.8526611328125,-71.8695449829101,83.31658169825675,-187.388025306821,62146042
sw,-87.5095901489257,-68.7444610595703,72.86772647690839,-189.45871751679155,62162709
sw,-87.1917419433593,-65.0614242553711,59.9800411277054,-184.96433646564688,62179376
sw,-86.8545303344726,-61.7658882141113,46.88255939331569,-174.13214765020902,62196043
sw,-86.5085678100586,-59.34175491333,35.99392932961472,-157.99028423823378,62212710
sw,-86.2709121704101,-57.4863853454589,29.09454136439118,-138.22794475688428,62229377
sw,-86.2747955322265,-55.9262962341308,26.793314836757798,-116.81996930303627,62246044
sw,-86.1229858398437,-54.658706665039,28.460745762100505,-95.53760637224406,62262711
sw,-85.5079574584961,-53.8029518127441,32.59637661818994,-75.51979792393261,62279378
sw,-84.5463333129882,-53.0098037719726,37.43800352137599,-57.055631452877584,62296045
sw,-83.6408157348632,-52.2459373474121,41.556389404156185,-39.651142139741125,62312712
sw,-83.0046844482421,-51.7357673645019,44.22456990199633,-22.35530742296274,62329379
sw,-82.4215087890625,-51.4842948913574,45.47348416748606,-4.233321836248786,62346046
sw,-81.8128128051757,-51.5135803222656,45.879948989608764,15.17144199971354,62362713
sw,-81.1861953735351,-51.7233581542968,46.2145678860189,35.53996527723533,62379380
sw,-80.5301055908203,-52.2553672790527,47.083889661573345,55.74849271110608,62396047
sw,-79.8504180908203,-53.6457901000976,48.65866366750455,74.13255769227013,62412714
sw,-79.1311264038086,-55.8534240722656,50.52992452879065,88.97209470322838,62429381
sw,-78.3635177612304,-57.8673706054687,51.70138217458016,99.03678291562935,62446048
sw,-77.5670318603515,-59.397605895996,50.71021629011142,103.99627385570658,62462715
sw,-76.8037872314453,-60.9825057983398,45.85716095848039,104.55203614795114,62479382
sw,-76.1420135498046,-62.6083755493164,35.51225242283304,102.25937270817003,62496049
sw,-75.699836730957,-64.2172927856445,18.446172722326654,99.11008413110355,62512716
sw,-75.7310104370117,-65.6056289672851,-5.872471446525368,96.99453444474935,62529383
sw,-76.3900146484375,-66.8018951416015,-37.067776399504154,97.1701482978909,62546050
sw,-77.6047821044921,-67.6669845581054,-73.76781191182137,99.86357522354358,62562717
sw,-79.288215637207,-68.737564086914,-113.644677765006,104.12951338644484,62579384
sw,-81.4579925537109,-70.0826568603515,-153.5782109736201,108.05476317121844,62596051
sw,-83.8531188964843,-71.9527816772461,-189.9397603565661,109.30853647635097,62612718
sw,-85.6295547485351,-74.372817993164,-218.99798674104582,105.90990252258666,62629385
sw,-85.4931106567382,-76.8259582519531,-237.44344351760688,96.96287839313526,62646052
sw,-83.3138732910156,-78.7386398315429,-243.00016865655437,83.07180764131897,62662719
sw,-78.9148254394531,-79.7428970336914,-235.02911878803133,66.2425120600602,62679386
sw,-72.8782730102539,-79.9381942749023,-214.9377201809483,49.27891988009434,62696053
sw,-69.9939880371093,-79.8879089355468,-186.15624449022496,34.906932266618234,62712720
sw,-68.6172714233398,-80.167984008789,-153.52721339473564,24.97679132281147,62729387
sw,-67.5991134643554,-80.7301712036132,-122.199923586521,20.04353047580153,62746054
sw,-66.6882553100586,-81.4106216430664,-96.38476470016015,19.436118338604828,62762721
sw,-65.4817276000976,-82.1178665161132,-78.40537599041892,21.711185212732786,62779388
sw,-64.1297454833984,-82.8870544433593,-68.33938562604655,25.255108117492604,62796055
sw,-62.7165260314941,-83.5738296508789,-64.2821625029834,28.790251312250128,62812722
sw,-61.3998908996582,-84.1163711547851,-63.05759654637911,31.63036584406978,62829389
sw,-60.2323379516601,-84.5776214599609,-61.1107229859623,33.658025069394974,62846056
sw,-59.3040199279785,-85.0568771362304,-55.33921624229168,35.10585559093387,62862723
sw,-58.6218757629394,-85.5563125610351,-43.70351742523454,36.27436611413327,62879390
sw,-58.1009635925293,-86.019905090332,-25.546617904429393,37.30453931803804,62896057
sw,-58.0483093261718,-86.3722076416015,-1.6234308415658136,38.06719862283015,62912724
sw,-58.4936981201171,-86.6036758422851,26.118532887731018,38.171326847791,62929391
sw,-59.7707862854003,-86.7751770019531,54.93989304028757,37.05664689798128,62946058
sw,-61.3255424499511,-86.9453964233398,81.80747758947321,34.126255611873695,62962725
sw,-62.7089042663574,-87.1215209960937,103.90452790541956,28.88151547000793,62979392
sw,-64.3010635375976,-87.2493591308593,119.08974412199363,21.03037187976035,62996059
sw,-66.4569244384765,-87.2941207885742,126.27115919407731,10.546765869899826,63012726
sw,-69.0523605346679,-87.2647628784179,125.66325925004475,-2.3332301696845787,63029393
sw,-71.7970352172851,-87.1804046630859,118.86100230346656,-17.178589275695288,63046060
sw,-74.2570877075195,-86.978775024414,108.63372405252699,-33.47456184896535,63062727
sw,-75.7197875976562,-86.4435577392578,98.37705487767492,-50.74179801269974,63079394
sw,-76.5015182495117,-85.564338684082,91.28204947132257,-68.62034298344436,63096061
sw,-77.1498565673828,-84.4882202148437,89.43532041526085,-86.88268975826365,63112728
sw,-78.1375503540039,-83.094985961914,93.15583076339416,-105.36080201432533,63129395
sw,-79.6793212890625,-81.3366241455078,100.83213042762586,-123.80138954938214,63146062
sw,-81.7156295776367,-79.1672973632812,109.35681722559416,-141.69388579164283,63162729
sw,-83.874267578125,-76.7681198120117,115.043305313987,-158.13823231667143,63179396
sw,-86.0424499511718,-74.0912857055664,114.74661431522973,-171.82632559383413,63196063
sw,-87.9842376708984,-71.1151351928711,106.84580505167374,-181.19229016925433,63212730
sw,-87.1703567504882,-67.9956970214843,91.78235058307659,-184.735806678912,63229397
sw,-85.9714889526367,-64.273811340332,71.97035401517678,-181.44609205196713,63246064
sw,-85.6722946166992,-61.1578979492187,51.087262030396715,-171.18118712017824,63262731
sw,-85.7513046264648,-58.7866477966308,32.976473891772365,-154.834851076463,63279398
sw,-86.0218658447265,-56.9451179504394,20.55131467408992,-134.1851643051304,63296065
sw,-86.0749435424804,-55.3777999877929,15.086023427345724,-111.44681617795666,63312732
sw,-85.7797927856445,-54.4739532470703,16.10379749745927,-88.67610072552489,63329399
sw,-85.065689086914,-53.8853492736816,21.81918374709742,-67.24003466237332,63346066
sw,-84.0941543579101,-53.1271209716796,29.889303183753754,-47.53731188779991,63362733
sw,-83.3151702880859,-52.3818283081054,38.15730931415696,-29.06369758953893,63379400
sw,-82.7657852172851,-51.8958549499511,45.14034281054532,-10.784727165618621,63396067
sw,-82.1030578613281,-51.771385192871,50.16845965184523,8.332453302230412,63412734
sw,-81.3045272827148,-51.9197463989257,53.23426871442518,28.822447575219186,63429401
sw,-80.4438323974609,-52.3663749694824,54.69380476898392,50.427512111173485,63446068
sw,-79.4985809326171,-53.1355895996093,54.951162937958344,72.0982392548284,63462735
sw,-78.5547866821289,-55.0245857238769,54.20141949148637,92.28414768473931,63479402
sw,-77.7772750854492,-57.990608215332,52.25305399236144,109.40578320594796,63496069
sw,-77.2532730102539,-60.3911590576171,48.43396301603012,122.31907008342952,63512736
sw,-76.85693359375,-62.160057067871,41.599569784896765,130.5779539758993,63529403
sw,-76.5136413574218,-64.0172653198242,30.277421492596698,134.40244295017473,63546070
sw,-76.2132339477539,-65.9020614624023,12.969219171446955,134.41339892159493,63562737
sw,-76.1974639892578,-67.8098602294921,-11.418317087768203,131.29854311931422,63579404
sw,-76.7134246826171,-69.3486022949218,-43.10489932379284,125.5704989105476,63596071
sw,-77.730972290039,-70.5630340576171,-81.0629745353408,117.50131424798158,63612738
sw,-79.30859375,-72.3542098999023,-122.870814463317,107.23273729001691,63629405
sw,-81.746337890625,-74.4749984741211,-164.8813061736198,94.9965983281428,63646072
sw,-84.767707824707,-76.3031234741211,-202.72062692371773,81.33458956790535,63662739
sw,-86.7530975341796,-77.4981384277343,-232.04179035610454,67.19282536876787,63679406
sw,-85.4233322143554,-77.9271774291992,-249.37964995405287,53.810159573669736,63696073
sw,-81.0505142211914,-78.1104660034179,-252.90781374347688,42.420066989140395,63712740
sw,-75.2781143188476,-78.6292037963867,-242.88992954532796,33.89242061608059,63729407
sw,-72.3301773071289,-79.4949798583984,-221.6597364675805,28.483522973297074,63746074
sw,-70.3098831176757,-80.5909271240234,-193.08704359498134,25.809620318262965,63762741
sw,-68.2017211914062,-81.4844284057617,-161.6777514526595,25.045451798977453,63779408
sw,-65.9915924072265,-82.2727966308593,-131.60528050233137,25.2460185953265,63796075
sw,-63.9830894470214,-82.8175506591796,-105.96267098378078,25.650094289534064,63812742
sw,-62.2709655761718,-83.1430511474609,-86.37601869928254,25.85511347234154,63829409
sw,-61.1447830200195,-83.4101257324218,-72.95935328247313,25.826912753898615,63846076
sw,-60.3148803710937,-83.7809219360351,-64.5166657084098,25.784372920878038,63862743
sw,-59.3999786376953,-84.3785552978515,-58.90479839738504,26.04132180497271,63879410
sw,-58.4838371276855,-85.0438232421875,-53.500940120368796,26.87780108915684,63896077
sw,-57.6878318786621,-85.6049346923828,-45.725104464263055,28.465302847508227,63912744
sw,-56.979133605957,-85.9987564086914,-33.54992939286188,30.825990458157253,63929411
sw,-56.4677391052246,-86.2938232421875,-15.912468290839778,33.79606976555323,63946078
sw,-56.5591468811035,-86.6067962646484,7.053426519582602,36.98717279358494,63962745
sw,-57.1394538879394,-86.9700393676757,34.01466122343863,39.769613262052836,63979412
sw,-58.3779067993164,-87.3467178344726,62.66746071187945,41.310912608804934,63996079
sw,-59.9203834533691,-87.6635971069336,90.1482877807281,40.68508370547127,64012746
sw,-61.6552429199218,-87.7629699707031,113.54817296977862,37.03543409269033,64029413
sw,-63.7940711975097,-87.6306610107421,130.44668711940506,29.74595973072077,64046080
sw,-66.0609588623046,-87.4309005737304,139.38905602476115,18.56839083484955,64062747
sw,-68.740982055664,-87.2704925537109,140.22966990940466,3.666649001838497,64079414
sw,-71.8160629272461,-87.1514663696289,134.2536461119925,-14.430536822924642,64096081
sw,-74.5435104370117,-86.9647521972656,123.98803696997544,-34.94838921652351,64112748
sw,-76.0866470336914,-86.4334411621093,112.66366496019258,-57.01525261865028,64129415
sw,-76.9802093505859,-85.4836044311523,103.40465511548099,-79.79292919883822,64146082
sw,-77.8812255859375,-84.2261657714843,98.36382676361303,-102.54366135160475,64162749
sw,-79.1178359985351,-82.6309509277343,98.097574464313,-124.60936832751239,64179416
sw,-80.7734603881836,-80.628791809082,101.41687226501672,-145.3132409359179,64196083
sw,-82.7552185058593,-78.2280120849609,105.78159050713249,-163.8320697700395,64212750
sw,-84.730842590332,-75.5740127563476,108.11206414713044,-179.11293664725252,64229417
sw,-86.590103149414,-72.5412445068359,105.7600677187143,-189.90594416346227,64246084
sw,-88.0372695922851,-69.2171325683593,97.3444201162132,-194.94929161237684,64262751
sw,-87.3106613159179,-65.5989379882812,83.2024353588682,-193.27955761466114,64279418
sw,-86.2481384277343,-62.2658233642578,65.31598951566443,-184.57008577161895,64296085
sw,-86.0138549804687,-59.5115432739257,46.72700771781145,-169.35948905471133,64312752
sw,-86.1674346923828,-57.1924171447753,30.632969010041933,-149.05142890842976,64329419
sw,-86.2830047607421,-55.2527275085449,19.479071051591436,-125.64651322366042,64346086
sw,-86.1618194580078,-53.9939079284668,14.3631630671647,-101.27230672756187,64362753
sw,-85.8193359375,-53.3470306396484,14.92940313303758,-77.66171833996411,64379420
sw,-85.1893234252929,-52.7585487365722,19.720043132232792,-55.76066753860271,64396087
sw,-84.3780670166015,-52.0907096862793,26.787533236057104,-35.60831176828709,64412754
sw,-83.6551437377929,-51.5268211364746,34.31035801679411,-16.534107155920296,64429421
sw,-82.9860916137695,-51.2887268066406,41.00996283989899,2.4061171862856043,64446088
sw,-82.2267379760742,-51.4376602172851,46.28518905523598,21.92090757804758,64462755
sw,-81.4199523925781,-51.853832244873,50.097963207700154,42.08394054528616,64479422
sw,-80.6311798095703,-52.4372329711914,52.71099913825818,62.18108121165635,64496089
sw,-79.8427810668945,-53.4756126403808,54.38721197282754,80.85806646395507,64512756
sw,-79.0718002319336,-55.7337265014648,55.13534134460568,96.52622921462778,64529423
sw,-78.3013458251953,-58.581298828125,54.554233817434564,107.88473060730776,64546090
sw,-77.5154266357421,-60.6948928833007,51.801597550606054,114.35205746452586,64562757
sw,-76.7550735473632,-62.5646362304687,45.69073322201282,116.22272032624225,64579424
sw,-76.0814666748046,-63.9637107849121,34.89700394766319,114.4925907080794,64596091
sw,-75.672866821289,-65.0870056152343,18.23586376032581,110.45875954870388,64612758
sw,-75.7567825317382,-66.873420715332,-5.037715930594541,105.29165681301595,64629425
sw,-76.4302978515625,-68.1856384277343,-34.9583524978077,99.75027163302238,64646092
sw,-77.4557418823242,-69.2168655395507,-70.65009521354268,94.10777967828628,64662759
sw,-78.8900070190429,-70.5494308471679,-110.23504083684877,88.25601795662604,64679426
sw,-81.0458145141601,-71.8901443481445,-150.89127426044612,81.9108629701293,64696093
sw,-83.8620529174804,-73.4510803222656,-189.09588813481233,74.83779182998899,64712760
sw,-86.3490219116211,-74.8528976440429,-221.05999834828341,67.02832627128831,64729427
sw,-86.3174133300781,-75.6590270996093,-243.3133204489929,58.77406165143689,64746094
sw,-83.3249740600586,-76.1826782226562,-253.3453736284569,50.615892763683775,64762761
sw,-78.2115097045898,-76.8270034790039,-250.16837240549958,43.19405035451004,64779428
sw,-73.0123291015625,-77.6301345825195,-234.63684543103315,37.067012345019556,64796095
sw,-70.2603988647461,-78.6241912841796,-209.37297791542088,32.5749406620699,64812762
sw,-68.2005767822265,-79.4912948608398,-178.25206887607848,29.791540136234044,64829429
sw,-66.1641082763671,-80.2142715454101,-145.57889229709633,28.56147476873617,64846096
sw,-64.2477798461914,-80.7583923339843,-115.21754935227494,28.587051651399026,64862763
sw,-62.608226776123,-81.1206893920898,-89.92592004416119,29.520181718946183,64879430
sw,-61.4092674255371,-81.4996795654296,-71.01918895250641,31.03012652083426,64896097
sw,-60.431957244873,-82.0462112426757,-58.3545235845533,32.84157537369419,64912764
sw,-59.6828155517578,-82.7969055175781,-50.56159225277951,34.7542736393234,64929431
sw,-58.9603729248046,-83.6109848022461,-45.434638020572294,36.653215462381496,64946098
sw,-58.2550239562988,-84.3327255249023,-40.413061360388284,38.50270665870784,64962765
sw,-57.6957702636718,-84.9028015136718,-33.08422759573053,40.30774496356416,64979432
sw,-57.2783203125,-85.3703079223632,-21.642062189685333,42.036611775245724,64996099
sw,-57.0984840393066,-85.8067550659179,-5.235920614345348,43.52456629049304,65012766
sw,-57.2562103271484,-86.2481384277343,15.846922025504295,44.40090199611034,65029433
sw,-57.8047447204589,-86.7125854492187,40.202316845804596,44.083199159417234,65046100
sw,-59.0023384094238,-87.1614456176757,65.5404609652875,41.86005093002592,65062767
sw,-60.5813484191894,-87.5332794189453,89.095359357541,37.04728846297832,65079434
sw,-62.3583106994628,-87.7457122802734,108.14356538481553,29.169303461606127,65096101
sw,-64.3542861938476,-87.8023376464843,120.540563082605,18.101005273740792,65112768
sw,-66.4768981933593,-87.8322830200195,125.17944249932616,4.114884573748375,65129435
sw,-68.7761840820312,-87.9830703735351,122.28336969380983,-12.189707325134245,65146102
sw,-71.4930267333984,-88.1058654785156,113.4522420560339,-30.0523294882817,65162769
sw,-73.5999450683593,-87.8256149291992,101.40428767250441,-48.749355841557964,65179436
sw,-74.5312881469726,-86.9326782226562,89.4110597408627,-67.74536647462068,65196103
sw,-75.0336074829101,-85.6951599121093,80.52861390132209,-86.73666963958227,65212770
sw,-75.9487838745117,-84.1841583251953,76.83474750855552,-105.56861732808184,65229437
sw,-77.2987213134765,-82.3572006225586,78.912758066752,-124.05905910018569,65246104
sw,-78.9237823486328,-80.1264190673828,85.7384015869855,-141.79896310379178,65262771
sw,-80.646614074707,-77.5870513916015,94.97859869348335,-158.01404839657496,65279438
sw,-82.3224868774414,-74.7099533081054,103.58817928261769,-171.55473347323482,65296105
sw,-84.0152282714843,-71.4819717407226,108.54326236189198,-181.04221651887943,65312772
sw,-85.7787780761718,-68.1705474853515,107.5590911571391,-185.147525436952,65329439
sw,-87.4869003295898,-64.7441101074218,99.66118725042126,-182.9314405566484,65346106
sw,-87.8484191894531,-61.6666450500488,85.48827528137745,-174.14183034604653,65362773
sw,-86.6468963623046,-59.3285179138183,67.22189921134306,-159.36586189957868,65379440
sw,-86.1711120605468,-57.0842704772949,48.10181869752047,-139.97260232215046,65396107
sw,-86.4281768798828,-54.94087600708,31.61457884845586,-117.84305021646676,65412774
sw,-86.9471282958984,-53.611083984375,20.588464559136344,-94.9455228736663,65429441
sw,-87.2089385986328,-53.0262870788574,16.498505466820916,-72.86175338395044,65446108
sw,-86.8606262207031,-52.671272277832,19.215215260115915,-52.40186860633586,65462775
sw,-85.9727020263671,-52.4164237976074,27.24538785918896,-33.45018859399912,65479442
sw,-84.8247985839843,-52.0601692199707,38.3136378586658,-15.131043925579146,65496109
sw,-83.7189025878906,-51.6240882873535,50.02315928789083,3.7276588022392914,65512776
sw,-82.7350692749023,-51.5033836364746,60.35509500993666,23.981694771767284,65529443
sw,-81.7823333740234,-51.7488861083984,67.88500611049352,45.634938341648514,65546110
sw,-80.8174667358398,-52.3892593383789,71.73771980508782,67.59523263895342,65562777
sw,-79.8250961303711,-54.0958824157714,71.39955450310661,87.83499306893286,65579444
sw,-78.7697219848632,-56.6019248962402,66.52844161550581,103.91802327690917,65596111
sw,-77.7817459106445,-58.7800979614257,56.85861820924014,113.71392524633299,65612778
sw,-76.9941864013671,-60.4952049255371,42.223391697939554,116.0594854128365,65629445
sw,-76.4983291625976,-62.1518859863281,22.65545996172978,111.17085238166096,65646112
sw,-76.3142395019531,-63.9461097717285,-1.506396557379579,100.7179253313898,65662779
sw,-76.6911544799804,-66.042495727539,-29.567783401335767,87.56376336870147,65679446
sw,-77.8280334472656,-67.0521087646484,-60.51299786870049,75.21411753693289,65696113
sw,-79.5480880737304,-67.4696731567382,-93.10105514984235,67.05427650267437,65712780
sw,-81.6995315551757,-68.0078430175781,-125.96402230110515,65.51485088623923,65729447
sw,-84.1231002807617,-68.6252059936523,-157.64548022246927,71.38112239703474,65746114
sw,-86.2650833129882,-69.7403488159179,-186.5564842373004,83.47223951812971,65762781
sw,-86.6934661865234,-71.1925430297851,-210.89241594298576,98.82956223797724,65779448
sw,-85.0851821899414,-73.0602188110351,-228.61463522279493,113.40043527523525,65796115
sw,-82.2984924316406,-75.3201828002929,-237.6192226935437,123.05224715095584,65812782
sw,-78.452880859375,-77.7236022949218,-236.15998281205216,124.65264600511541,65829449
sw,-73.3613662719726,-80.6331329345703,-223.46082634929076,116.92194475611167,65846116
sw,-69.3036499023437,-83.4908447265625,-200.2980378352541,100.80343515796152,65862783
sw,-66.3625717163086,-85.1429595947265,-169.25782701354896,79.2107989887474,65879450
sw,-63.7023124694824,-85.6162643432617,-134.45292208550788,56.19688248110902,65896117
sw,-62.222240447998,-84.9794540405273,-100.68691545203906,35.79927175641777,65912784
sw,-62.2060050964355,-84.2732009887695,-72.28216418219593,20.957982209614567,65929451
sw,-62.4417114257812,-84.1937026977539,-51.93892783877056,12.87856452801608,65946118
sw,-62.241397857666,-84.5653762817382,-40.01596603706709,11.023075058064247,65962785
sw,-61.5046920776367,-85.030044555664,-34.49707384297268,13.644817304239155,65979452
sw,-60.4844207763671,-85.5761413574218,-31.668748807359066,18.576721014616517,65996119
sw,-59.5156669616699,-86.2299728393554,-27.282070175248894,23.9323545218328,66012786
sw,-58.6108016967773,-86.714614868164,-17.81869898065202,28.48384238411933,66029453
sw,-58.1104774475097,-87.0255966186523,-1.4768520770978086,31.665029634144794,66046120
sw,-58.4566612243652,-87.218147277832,21.385553232172413,33.31436335513571,66062787
sw,-59.6454048156738,-87.3737106323242,48.4268216638682,33.352536496106,66079454
sw,-61.5100746154785,-87.353515625,76.00637899538907,31.565569162041786,66096121
sw,-63.3193359375,-86.9863662719726,100.14168952357925,27.565554503661968,66112788
sw,-65.1688461303711,-86.5311279296875,117.46943010713088,20.893817798805713,66129455
sw,-67.1715774536132,-86.1994018554687,125.99885184338382,11.174436803230746,66146122
sw,-69.7828826904296,-86.0532989501953,125.53394561395403,-1.7642930061276925,66162789
sw,-72.2420272827148,-86.0594635009765,117.70959843166497,-17.836734026826324,66179456
sw,-74.2967529296875,-86.0885391235351,105.62985191889277,-36.70946312264305,66196123
sw,-75.6481857299804,-85.8678207397461,93.15010759681782,-57.84843826720402,66212790
sw,-76.6439437866211,-85.1476058959961,83.93343491875908,-80.57589673998592,66229457
sw,-77.1922760009765,-83.9579849243164,80.50636902360044,-104.11174105597021,66246124
sw,-78.0812301635742,-82.2570419311523,83.5818007793052,-127.57972015597848,66262791
sw,-79.5247116088867,-80.07421875,91.86311053363926,-149.9722041945043,66279458
sw,-81.4385604858398,-77.4926986694336,102.40228153670776,-170.09228879702746,66296125
sw,-83.4187927246093,-74.6678619384765,111.41224832402628,-186.52227225078036,66312792
sw,-85.2344131469726,-71.5455627441406,115.30333342759124,-197.6860655546273,66329459
sw,-86.7895965576171,-68.2826690673828,111.6676851368881,-202.05907849445984,66346126
sw,-87.1182556152343,-64.7372131347656,99.96413791092162,-198.52240736239602,66362793
sw,-85.7032699584961,-61.1725959777832,81.7246215121881,-186.77274853994155,66379460
sw,-84.3927917480468,-58.2094459533691,60.19943944657051,-167.62709131776944,66396127
sw,-84.2986907958984,-56.0432929992675,39.496203761483066,-143.0540530680903,66412794
sw,-84.7956466674804,-54.3845100402832,23.43872644893143,-115.84636407597074,66429461
sw,-85.3026809692382,-53.4315032958984,14.50913685526548,-88.9906720350628,66446128
sw,-85.5159835815429,-53.1081390380859,13.241730450410325,-64.92300144083117,66462795
sw,-85.1050338745117,-52.9792251586914,18.272428246602225,-44.92106016397818,66479462
sw,-84.0207366943359,-52.6777725219726,26.982841865822657,-28.852612243366934,66496129
sw,-82.7774581909179,-52.2725257873535,36.44730595767241,-15.38041011477923,66512796
sw,-81.8790283203125,-51.8134384155273,44.30636647656717,-2.559101319359815,66529463
sw,-81.226806640625,-51.4960327148437,49.277433035087796,11.386541532991298,66546130
sw,-80.5968170166015,-51.5476341247558,51.20663099353478,27.37867916506615,66562797
sw,-79.9268493652343,-51.931282043457,50.75362559118411,45.13634122086369,66579464
sw,-79.261604309082,-53.2218513488769,48.89914343467312,63.27018976143381,66596131
sw,-78.6726760864257,-55.3113365173339,46.4614795019804,79.76920129830245,66612798
sw,-78.1418304443359,-57.2550735473632,43.747882564739314,92.68393575346887,66629465
sw,-77.6509704589843,-58.8731422424316,40.399429860258365,100.75161184636302,66646132
sw,-77.1277313232421,-60.5672302246093,35.43654801882618,103.75895814526072,66662799
sw,-76.5670471191406,-62.2839851379394,27.47474890205824,102.56426383297594,66679466
sw,-76.1216812133789,-63.801902770996,15.050194893511161,98.82404250113258,66696133
sw,-76.0188827514648,-65.3708572387695,-3.0241138530540774,94.53791451189981,66712800
sw,-76.4916915893554,-66.7842788696289,-27.34825456118426,91.5363340828522,66729467
sw,-77.5671463012695,-67.9042739868164,-57.72167074886136,91.01839886893433,66746134
sw,-79.0815734863281,-68.9266738891601,-93.03986266773532,93.22745752855812,66762801
sw,-81.0427017211914,-69.9812393188476,-131.29287206249117,97.33898291559507,66779468
sw,-83.4247817993164,-71.1374282836914,-169.66091846295038,101.61651485146449,66796135
sw,-85.6537780761718,-72.6841506958007,-204.72382918492443,103.84643589300391,66812802
sw,-86.3538513183593,-74.7057189941406,-232.8162179396448,101.98121120133028,66829469
sw,-84.4766082763671,-77.1437911987304,-250.54834978683232,94.8216997701029,66846136
sw,-80.8246841430664,-79.1977920532226,-255.45980779989551,82.50117625509235,66862803
sw,-74.8348617553711,-80.4372100830078,-246.67927328796634,66.55696107433042,66879470
sw,-70.3190155029296,-80.9658432006836,-225.36587964399732,49.516582456940135,66896137
sw,-67.4961395263671,-81.0443038940429,-194.69061012735563,34.134523584305114,66912804
sw,-65.1889038085937,-81.1704940795898,-159.24874186540742,22.578451471225257,66929471
sw,-63.8067207336425,-81.4401245117187,-124.03121853848866,15.88002018895644,66946138
sw,-63.0536041259765,-81.7804489135742,-93.27818137792407,13.828458145775304,66962805
sw,-62.1338691711425,-82.2426605224609,-69.57774136072044,15.28314610636533,66979472
sw,-61.0409240722656,-82.8971252441406,-53.458673354731644,18.72221997039319,66996139
sw,-60.0297393798828,-83.615493774414,-43.53616651076112,22.78697680504758,67012806
sw,-59.2900924682617,-84.2197875976562,-37.096159709183226,26.626268352440967,67029473
sw,-58.7903823852539,-84.6973648071289,-30.909294938293897,29.956313055144918,67046140
sw,-58.4658584594726,-85.0798797607421,-22.060503822855928,32.878870520204615,67062807
sw,-58.0737113952636,-85.4420318603515,-8.626765992502246,35.59034309980351,67079474
sw,-57.8202629089355,-85.8476791381836,9.911635097320243,38.130372667223355,67096141
sw,-58.0019607543945,-86.2258682250976,32.59567691551563,40.26457713677489,67112808
sw,-59.3590583801269,-86.4548645019531,57.261041758688755,41.51167700906962,67129475
sw,-61.3392448425293,-86.5427169799804,81.09140638524855,41.25858870656393,67146142
sw,-63.2241783142089,-86.614761352539,101.29810426457406,38.887079209138,67162809
sw,-65.1532440185546,-86.7265548706054,115.73866858773536,33.86030654329803,67179476
sw,-66.9457473754882,-86.7966156005859,123.33147498222307,25.761444005475003,67196143
sw,-68.9347457885742,-86.7734756469726,124.21444433125538,14.309685523365243,67212810
sw,-71.1756896972656,-86.6924591064453,119.66837732565666,-0.6149858579515947,67229477
sw,-73.5846252441406,-86.6005096435546,111.8456225517327,-18.924663253639732,67246144
sw,-75.4441757202148,-86.4440002441406,103.33405647831573,-40.2662112927242,67262811
sw,-76.8162460327148,-86.0404281616211,96.59421321384336,-63.982264268312726,67279478
sw,-77.8837127685546,-85.2468032836914,93.3585243707723,-89.11592459714169,67296145
sw,-78.9357681274414,-83.9258193969726,94.14643975675536,-114.46535407744996,67312812
sw,-80.2627792358398,-82.0241546630859,98.06784245486718,-138.67302869048416,67329479
sw,-81.8959655761718,-79.5350265502929,103.02410435770952,-160.32535426216864,67346146
sw,-83.7148132324218,-76.7047653198242,106.29004608888675,-178.0469602254705,67362813
sw,-85.5532302856445,-73.5865020751953,105.32644876209771,-190.59367017393862,67379480
sw,-87.2663421630859,-70.3147048950195,98.58458462517903,-196.96400189620053,67396147
sw,-87.3185424804687,-67.0863037109375,86.04753379377138,-196.54570110078026,67412814
sw,-86.0605087280273,-63.9757385253906,69.31275639916502,-189.2856893410489,67429481
sw,-85.5151138305664,-61.0167236328125,51.15484157232759,-175.83029594011012,67446148
sw,-85.600341796875,-58.3464393615722,34.69499580908278,-157.55321582577378,67462815
sw,-85.8660202026367,-56.1007385253906,22.47451848958269,-136.3977334091941,67479482
sw,-85.9993438720703,-54.6324996948242,15.78427527481283,-114.51778810893087,67496149
sw,-85.8117980957031,-53.6758155822753,14.491002381326542,-93.79195237233606,67512816
sw,-85.148208618164,-52.8820991516113,17.375655619011784,-75.36226203415175,67529483
sw,-84.1606521606445,-52.0114555358886,22.779266357748895,-59.368236511365815,67546150
sw,-83.3947296142578,-51.0810470581054,29.24753479769136,-44.98487805855816,67562817
sw,-82.8045883178711,-50.2551307678222,35.915552421519735,-30.758835987693278,67579484
sw,-82.1730880737304,-49.9010467529296,42.53277648621461,-15.128704793848373,67596151
sw,-81.5081634521484,-49.8415184020996,49.19902498319465,3.036365628655347,67612818
sw,-80.8673477172851,-49.9813117980957,55.981791255984994,24.032793722994114,67629485
sw,-80.1672058105468,-50.3613090515136,62.59144013974644,47.15673025953431,67646152
sw,-79.3087997436523,-51.0908660888671,68.23427981273088,70.82028782916768,67662819
sw,-78.2344665527343,-52.9281387329101,71.68481249038733,92.92754092485318,67679486
sw,-76.8959655761718,-55.5061721801757,71.54249343161393,111.40835651603996,67696153
sw,-75.4340133666992,-57.7275657653808,66.57822141132037,124.73694161826948,67712820
sw,-74.1825790405273,-59.8130073547363,56.044922969453594,132.2516142950906,67729487
sw,-73.3873519897461,-62.117073059082,39.83895453718525,134.1732741552712,67746154
sw,-73.1581115722656,-63.5860710144043,18.457674889611457,131.35553319916374,67762821
sw,-73.5758743286132,-65.1409454345703,-7.21530702414413,124.91136184820012,67779488
sw,-74.5983734130859,-66.8750305175781,-36.18893780373293,115.8925506152026,67796155
sw,-76.0359725952148,-68.4888381958007,-67.5690384798137,105.14194879421049,67812822
sw,-77.5975265502929,-70.1011581420898,-100.58426886295226,93.33039271120444,67829489
sw,-79.3570785522461,-71.4785461425781,-134.41887721220468,81.09145302427144,67846156
sw,-81.6678466796875,-72.556167602539,-167.94102011439276,69.12999343998125,67862823
sw,-84.672737121582,-73.3904190063476,-199.4806188120826,58.217328918505864,67879490
sw,-87.2099914550781,-74.1532440185546,-226.80296494339157,49.065846975874074,67896157
sw,-86.4384994506836,-74.6793823242187,-247.35172405113502,42.14907692667485,67912824
sw,-82.7856140136718,-75.1968002319336,-258.73439588797555,37.56148661589754,67929491
sw,-77.2956619262695,-75.8505859375,-259.3252851158889,34.9901519049504,67946158
sw,-72.2729187011718,-76.6937866210937,-248.78738938326302,33.818300253405795,67962825
sw,-69.0243988037109,-77.817153930664,-228.30493909171176,33.32504019393349,67979492
sw,-66.1988525390625,-78.8567352294921,-200.41171983545158,32.90708991296694,67996159
sw,-63.5181846618652,-79.6052856445312,-168.46566625600323,32.24038786513131,68012826
sw,-61.1496925354003,-80.0113296508789,-135.95168028275157,31.326329027839275,68029493
sw,-59.4043273925781,-80.2493820190429,-105.81576540219702,30.41921369263829,68046160
sw,-58.3005065917968,-80.5559997558593,-79.97158192868116,29.88353094799719,68062827
sw,-57.549030303955,-81.0587310791015,-59.05073449296645,30.052938329630567,68079494
sw,-57.0301933288574,-81.7309341430664,-42.424173855718486,31.14374376564268,68096161
sw,-56.539752960205,-82.4737167358398,-28.486826537151835,33.22898706818995,68112828
sw,-56.1835289001464,-83.1371612548828,-15.151053876841672,36.23870376299439,68129495
sw,-56.0507659912109,-83.6781463623046,-0.44315376014650176,39.945359934429895,68146162
sw,-56.135684967041,-84.1300430297851,16.93683727488302,43.92239554459141,68162829
sw,-56.3019485473632,-84.5912246704101,37.231746632204086,47.50457926321112,68179496
sw,-57.2343864440918,-85.1230392456054,59.522596381972505,49.80070752058721,68196163
sw,-58.8962860107421,-85.6610336303711,81.93509367731193,49.795738901483205,68212830
sw,-60.9584426879882,-86.0993194580078,102.10174930767104,46.538620068282455,68229497
sw,-63.0748252868652,-86.3703689575195,117.74950871420724,39.36796247097467,68246164
sw,-64.9835739135742,-86.4761962890625,127.25737059673621,28.102959988969673,68262831
sw,-66.9660263061523,-86.5147933959961,130.058781394456,13.130358985904438,68279498
sw,-69.6552581787109,-86.5886688232421,126.81521056490864,-4.653888949162844,68296165
sw,-72.5455093383789,-86.6987380981445,119.32138580654242,-24.04611968091145,68312832
sw,-74.363037109375,-86.591079711914,110.12446356267402,-43.82790830296348,68329499
sw,-75.48486328125,-85.8704223632812,101.89390040880035,-63.05679662854728,68346166
sw,-76.2665405273437,-84.7191390991211,96.68317286634577,-81.24607922231148,68362833
sw,-77.3470611572265,-83.3570404052734,95.32003817364006,-98.35475882551081,68379500
sw,-78.805305480957,-81.8879241943359,97.1610167889616,-114.58250954859383,68396167
sw,-80.601318359375,-80.1208267211914,100.32282178365315,-130.05177811465038,68412834
sw,-82.538703918457,-77.9783782958984,102.32116620874257,-144.51443415050332,68429501
sw,-84.2915420532226,-75.4409027099609,100.89927012198731,-157.21381797007504,68446168
sw,-85.9686660766601,-72.5047912597656,94.77231502770971,-166.96966309271508,68462835
sw,-87.0456085205078,-69.3167953491211,84.05211484331572,-172.4651095355311,68479502
sw,-86.8117446899414,-65.9470443725586,70.21922693291997,-172.63842864158812,68496169
sw,-86.3365478515625,-62.9012832641601,55.64980016376373,-167.04266201253745,68512836
sw,-86.1301116943359,-60.5169448852539,42.85651976555294,-156.04541565226185,68529503
sw,-85.9678421020507,-58.4657287597656,33.7190844837276,-140.7955052784136,68546170
sw,-85.5560531616211,-56.5798110961914,28.991888411910374,-122.96316208468811,68562837
sw,-84.9089202880859,-55.0985832214355,28.253742889824153,-104.33469388705892,68579504
sw,-84.2145309448242,-54.1332206726074,30.261528775701912,-86.38582347768893,68596171
sw,-83.6080017089843,-53.2624397277832,33.501492518138235,-69.96228702361884,68612838
sw,-83.1299972534179,-52.2476730346679,36.68850964504713,-55.161905761988464,68629505
sw,-82.5127639770507,-51.3149719238281,39.04739811840041,-41.44391771757913,68646172
sw,-81.739273071289,-50.7097129821777,40.34700949447445,-27.911416542678186,68662839
sw,-81.0087051391601,-50.4609222412109,40.76131783199514,-13.660596993184544,68679506
sw,-80.4331817626953,-50.469913482666,40.662768294354635,1.910097906114828,68696173
sw,-79.9479293823242,-50.6336288452148,40.42844949262632,18.902015404469363,68712840
sw,-79.4507522583007,-50.9128952026367,40.298599284460586,36.86195659736666,68729507
sw,-78.9359664916992,-51.7517280578613,40.29653510546581,54.87688787661115,68746174
sw,-78.4098587036132,-53.2643013000488,40.20500559934734,71.7956538951131,68762841
sw,-77.818603515625,-54.8870506286621,39.58991231290884,86.51782492114818,68779508
sw,-77.1513442993164,-56.4600563049316,37.859637966525725,98.25913671134354,68796175
sw,-76.4839477539062,-58.265380859375,34.34198292296648,106.70890895228868,68812842
sw,-75.9432983398437,-60.1524810791015,28.35446901302595,112.04042611569997,68829509
sw,-75.6438446044921,-62.0201454162597,19.247273679135315,114.79049513854339,68846176
sw,-75.677734375,-63.69136428833,6.417306232530603,115.6594773710956,68862843
sw,-76.1297149658203,-65.5152816772461,-10.67940756111635,115.29252126051352,68879510
sw,-76.927864074707,-67.1946487426757,-32.46912876172412,114.09626160636026,68896177
sw,-77.9952316284179,-68.8013305664062,-59.11320780490544,112.13293809912611,68912844
sw,-79.3715515136718,-70.0641937255859,-90.26885378281209,109.12179976364003,68929511
sw,-81.1222610473632,-71.5795974731445,-124.81501018122525,104.56376912659815,68946178
sw,-83.2735748291015,-73.3805541992187,-160.6548811946839,97.97690436744435,68962845
sw,-85.596206665039,-75.3245849609375,-194.7259944007223,89.17931363736939,68979512
sw,-87.0366744995117,-76.9293594360351,-223.3179839798569,78.50485800910471,68996179
sw,-85.5275344848632,-78.0091934204101,-242.71791482990585,66.8330781474085,69012846
sw,-80.8210830688476,-78.4749603271484,-250.080996363632,55.38648421252305,69029513
sw,-74.2341156005859,-78.7191619873046,-244.28447643432577,45.364954334979736,69046180
sw,-70.4871978759765,-79.0811386108398,-226.431893328884,37.575729344471256,69062847
sw,-67.9488677978515,-79.800048828125,-199.73350560955294,32.221408048342816,69079514
sw,-65.6940689086914,-80.8728408813476,-168.72547164202132,28.927764696360267,69096181
sw,-64.0267562866211,-81.7957534790039,-138.08006825446736,26.97910626193883,69112848
sw,-62.4802780151367,-82.446304321289,-111.41672120751754,25.6440871523769,69129515
sw,-61.0853881835937,-82.8721923828125,-90.47977034483836,24.456144489105302,69146182
sw,-59.9612197875976,-83.2791213989257,-74.8807012884484,23.35489599132837,69162849
sw,-59.0951538085937,-83.7196197509765,-62.42024514512049,22.662747617559358,69179516
sw,-58.181957244873,-84.21484375,-49.86784424870317,22.927487047509025,69196183
sw,-57.3891677856445,-84.7191390991211,-33.989514979624765,24.6894821384329,69212850
sw,-56.7491455078125,-85.1597290039062,-12.569236735210731,28.235199469562332,69229517
sw,-56.2694854736328,-85.4958953857421,14.837982936844693,33.39020419631982,69246184
sw,-56.2511444091796,-85.7719573974609,46.63801961304948,39.39473585461962,69262851
sw,-57.892822265625,-86.0763397216796,79.51902929832538,44.8953439386545,69279518
sw,-60.8686981201171,-86.4415206909179,109.29439613169905,48.07273968301517,69296185
sw,-63.5474662780761,-86.7899017333984,132.01856371034773,46.90471823244398,69312852
sw,-66.2209167480468,-87.0130615234375,145.02777082685228,39.53434036912604,69329519
sw,-68.4677352905273,-87.0447463989257,147.60086566771884,24.68319456074869,69346186
sw,-70.9877853393554,-86.9448852539062,141.08861216008737,2.0248954723739234,69362853
sw,-73.5442886352539,-86.897834777832,128.52557769860803,-27.577736024195605,69379520
sw,-75.4441223144531,-86.886245727539,113.84847668404905,-62.05867867832503,69396187
sw,-76.7720413208007,-86.4212265014648,100.9044796585147,-98.4043950229661,69412854
sw,-77.7601623535156,-84.6484069824218,92.47608224392881,-133.15253892830307,69429521
sw,-78.4472885131836,-81.7783508300781,89.57402300506341,-163.0189280219625,69446188
sw,-79.519905090332,-78.4478988647461,91.21747443367677,-185.47541795498552,69462855
sw,-80.9380264282226,-75.0715255737304,94.80399597478478,-199.10677239574457,69479522
sw,-82.8433303833007,-71.8364486694336,96.99140316486377,-203.65855189790153,69496189
sw,-84.8671035766601,-68.5297622680664,94.83266371156738,-199.81270293851102,69512856
sw,-86.4278488159179,-65.4584655761718,86.79632148860418,-188.82881756376236,69529523
sw,-86.4483566284179,-62.7279396057128,73.31988027497168,-172.21782214597204,69546190
sw,-85.8194732666015,-60.1042366027832,56.691323318104615,-151.5627174017104,69562857
sw,-85.5474548339843,-57.5862350463867,40.29351169735592,-128.4975464239029,69579524
sw,-85.3690795898437,-55.4195899963378,27.488471043444708,-104.752774967057,69596191
sw,-85.134780883789,-54.0010185241699,20.555280416429216,-82.12867572147555,69612858
sw,-85.0528869628906,-53.3932723999023,20.05908367545956,-62.3019064365091,69629525
sw,-84.9832382202148,-53.3375663757324,24.839808477915543,-46.487110689127086,69646192
sw,-84.5269012451171,-53.197395324707,32.56077006899451,-35.09512395787569,69662859
sw,-83.6095352172851,-52.7744216918945,40.55829061413464,-27.57107657458266,69679526
sw,-82.6386795043945,-52.18892288208,46.658581804500265,-22.526384716651116,69696193
sw,-81.763313293457,-51.6124687194824,49.69344784809129,-18.140276604490428,69712860
sw,-81.0473556518554,-51.2100486755371,49.604998738971915,-12.683145292901703,69729527
sw,-80.4687957763671,-50.9950370788574,47.1967234116083,-4.969632292509127,69746194
sw,-79.958740234375,-51.0780220031738,43.691280059626834,5.406654290459706,69762861
sw,-79.5521163940429,-51.815330505371,40.2719888442742,18.10542870817287,69779528
sw,-79.2096405029296,-52.9646835327148,37.74020856143969,32.27941131130513,69796195
sw,-78.7884979248046,-53.9480934143066,36.353999647678386,46.889642319422165,69812862
sw,-78.1920928955078,-54.6574363708496,35.85083654586943,60.96166700710079,69829529
sw,-77.5205001831054,-55.5751762390136,35.60775360840538,73.71351482723557,69846196
sw,-76.8619537353515,-56.971580505371,34.860762180425475,84.57406155521119,69862863
sw,-76.2642364501953,-58.8665542602539,32.89897873618105,93.15829530887137,69879530
sw,-75.813232421875,-60.7515830993652,29.171477357545907,99.25222613347312,69896197
sw,-75.561782836914,-62.4441223144531,23.288637982588583,102.81703073775469,69912864
sw,-75.4862899780273,-64.1056213378906,14.946872993084405,103.99367899265364,69929531
sw,-75.5902404785156,-65.7999954223632,3.8371367111979255,103.08780067009253,69946198
sw,-75.8808364868164,-67.3290481567382,-10.39783654263003,100.52407085660158,69962865
sw,-76.3770370483398,-68.7097930908203,-28.114825913361848,96.76891521433629,69979532
sw,-77.1707916259765,-69.8009185791015,-49.52596205586803,92.23446295572867,69996199
sw,-78.3068389892578,-70.9292068481445,-74.49556506033565,87.19647109581007,70012866
sw,-79.9055633544921,-72.2501754760742,-102.34240785341136,81.768213775432,70029533
sw,-82.1037521362304,-73.707778930664,-131.71843026180235,75.95180621595159,70046200
sw,-84.6713409423828,-75.1290206909179,-160.62060029718847,69.7422593271696,70062867
sw,-87.3208770751953,-76.1214828491211,-186.56695737819476,63.22171076428845,70079534
sw,-88.6568145751953,-76.7203292846679,-206.94011190861664,56.58752370586115,70096201
sw,-85.6926116943359,-77.3689727783203,-219.46760783026852,50.107454829105414,70112868
sw,-81.0500335693359,-78.1077499389648,-222.75445369286413,44.0451913113373,70129535
sw,-76.1035537719726,-78.8656234741211,-216.7132333500951,38.607107191510636,70146202
sw,-72.8749465942382,-79.5722503662109,-202.70105677507152,33.92761111801142,70162869
sw,-70.4785690307617,-80.3086242675781,-183.23724087591253,30.076408032383785,70179536
sw,-68.1690063476562,-81.0580902099609,-161.34380212411304,27.06709825081027,70196203
sw,-66.2013778686523,-81.6470184326171,-139.72502857198134,24.864739797170518,70212870
sw,-64.4467849731445,-82.0370864868164,-120.06841682557415,23.403786906860926,70229537
sw,-62.8008460998535,-82.321418762207,-102.68379685554937,22.624990301597116,70246204
sw,-61.4067611694335,-82.7041854858398,-86.5650760474315,22.52670179572123,70262871
sw,-60.2328224182128,-83.254653930664,-69.83147641878404,23.21101204819817,70279538
sw,-59.3064727783203,-83.8597869873046,-50.41578764652167,24.892782149317583,70296205
sw,-58.6878204345703,-84.4165115356445,-26.819653035599487,27.837656151432512,70312872
sw,-58.365005493164,-84.8726043701171,1.2560756034145524,32.213855212798286,70329539
sw,-58.3982734680175,-85.2423553466796,32.57851798849695,37.88179689658538,70346206
sw,-58.93550491333,-85.5753555297851,64.4663534703738,44.18823580099294,70362873
sw,-60.8751831054687,-85.9087371826171,93.31432703511774,49.85411362886847,70379540
sw,-63.5335998535156,-86.2106475830078,115.4547131652025,53.03354315345464,70396207
sw,-66.0491256713867,-86.4472503662109,128.12763810697666,51.57726627434181,70412874
sw,-68.4699325561523,-86.5463485717773,130.27441481295662,43.47121289293717,70429541
sw,-70.7647857666015,-86.4611129760742,122.9139725202454,27.35757887507461,70446208
sw,-72.9294815063476,-86.3150177001953,108.98755347365511,3.0004367286016635,70462875
sw,-74.5913314819336,-86.3666534423828,92.70210665934687,-28.45276305007713,70479542
sw,-75.3665313720703,-86.8084945678711,78.52860598890045,-64.52558088322247,70496209
sw,-75.8165588378906,-86.9730224609375,70.10520156983216,-101.80915787456104,70512876
sw,-76.3799514770507,-85.5290603637695,69.33834866291153,-136.61391642939645,70529543
sw,-77.6210021972656,-82.6294326782226,75.95597247228966,-165.69210849481487,70546210
sw,-79.2722854614257,-79.1202011108398,87.63682876130268,-186.81337565144608,70562877
sw,-81.2004241943359,-75.708755493164,100.66497798135146,-199.02720839184417,70579544
sw,-83.0501403808593,-72.6541748046875,110.91391665876253,-202.56530220653212,70596211
sw,-84.6385269165039,-69.7454223632812,114.90214674598572,-198.4744375586352,70612878
sw,-86.0525131225586,-67.012092590332,110.67550738045848,-188.16577728815756,70629545
sw,-86.5048675537109,-64.1356964111328,98.32121595208524,-173.07301637095688,70646212
sw,-85.3034362792968,-61.1394691467285,79.97793851740974,-154.5257726722393,70662879
sw,-84.6752395629882,-58.6331443786621,59.2926964374166,-133.8126846993601,70679546
sw,-84.9390258789062,-56.4614715576171,40.42195834146086,-112.30371632518926,70696213
sw,-85.5799942016601,-54.7733650207519,26.858532018118193,-91.47818423183617,70712880
sw,-85.8169021606445,-53.7219886779785,20.483551898407537,-72.76970875421746,70729547
sw,-85.4782257080078,-53.3221969604492,21.185438918624428,-57.252713360065506,70746214
sw,-84.6638870239257,-53.146743774414,27.153672033813102,-45.30067401715315,70762881
sw,-83.578987121582,-52.7003746032714,35.66953941794336,-36.391216455948665,70779548
sw,-82.5073699951171,-51.9284133911132,44.03679732553011,-29.187056945845825,70796215
sw,-81.6665725708007,-51.1163787841796,50.30145205517313,-21.900624842054548,70812882
sw,-80.9164123535156,-50.5814361572265,53.56469715279318,-12.818575817568565,70829549
sw,-80.261360168457,-50.2624244689941,53.891215964139775,-0.7933449827340324,70846216
sw,-79.7131729125976,-50.2752380371093,51.95938147972547,14.467090280922946,70862883
sw,-79.1682586669921,-50.958812713623,48.64752056430856,32.387047999958234,70879550
sw,-78.5271606445312,-52.2718353271484,44.712408184582756,51.75254298471872,70896217
sw,-77.7541961669921,-53.5592384338378,40.630927849493396,71.06347876278596,70912884
sw,-76.9483642578125,-54.6497573852539,36.586306822342515,88.87039446474226,70929551
sw,-76.2649002075195,-55.9667739868164,32.52287589818269,104.00648732880337,70946218
sw,-75.8011093139648,-57.8047714233398,28.188280552527285,115.70420421337916,70962885
sw,-75.5900802612304,-60.0272903442382,23.124644943137405,123.63401029220668,70979552
sw,-75.6002120971679,-62.1726989746093,16.63176100756268,127.89463616181244,70996219
sw,-75.7059478759765,-64.1894302368164,7.7689600206053715,128.94864734121762,71012886
sw,-75.8732528686523,-66.2631072998046,-4.537524692563508,127.48228068829279,71029553
sw,-76.1321487426757,-67.6825180053711,-21.2593279630734,124.19354299647405,71046220
sw,-76.6071243286132,-68.993408203125,-42.946680617359064,119.56220014526272,71062887
sw,-77.5257949829101,-70.1483535766601,-69.42248433518935,113.69805357807078,71079554
sw,-79.0447998046875,-71.7009124755859,-99.59991503460338,106.36525062138341,71096221
sw,-81.2251968383789,-73.7233200073242,-131.4987656360679,97.21633129131364,71112888
sw,-83.7776718139648,-75.8685760498046,-162.4717416448578,86.15347836300504,71129555
sw,-86.3936462402343,-77.4085998535156,-189.59261577671694,73.63138541232291,71146222
sw,-87.8194961547851,-78.1641387939453,-210.12882534172417,60.710477087170865,71162889
sw,-85.5499725341796,-78.4345092773437,-222.018921915014,48.791420610227995,71179556
sw,-81.0604476928711,-78.6772079467773,-224.27450476149738,39.14485392831496,71196223
sw,-76.6702117919921,-79.1677703857421,-217.211857065466,32.47124555954527,71212890
sw,-73.7153930664062,-80.0411224365234,-202.41655810107568,28.704593686769837,71229557
sw,-71.0967330932617,-81.0035018920898,-182.4001753637009,27.133882856803947,71246224
sw,-68.5415725708007,-81.9383239746093,-160.01920234662165,26.755508516598415,71262891
sw,-66.36669921875,-82.7621307373046,-137.82290487109026,26.678827598001554,71279558
sw,-64.5869064331054,-83.3249740600586,-117.51478194141369,26.41493116997408,71296225
sw,-63.119758605957,-83.6625289916992,-99.65915929306901,25.95836254779194,71312892
sw,-61.8235397338867,-83.9309463500976,-83.68861216076138,25.6724921929039,71329559
sw,-60.7416038513183,-84.3509063720703,-68.19897794387974,26.06415461825289,71346226
sw,-59.8586845397949,-84.9355392456054,-51.459391734953975,27.55268842660112,71362893
sw,-59.1225624084472,-85.5286254882812,-32.01557041568193,30.304768202553472,71379560
sw,-58.5135154724121,-85.9681854248046,-9.233682780475936,34.152260628505665,71396227
sw,-58.4177818298339,-86.2775344848632,16.36845132516263,38.57475737348135,71412894
sw,-58.9011001586914,-86.5546875,43.11451148164268,42.72692946617162,71429561
sw,-60.5772705078125,-86.8210372924804,68.5117941876781,45.509200512700744,71446228
sw,-62.4898262023925,-86.9943695068359,89.85457876086807,45.693130003542585,71462895
sw,-64.4836807250976,-87.0103073120117,104.91029468710131,42.105409609319544,71479562
sw,-66.4265060424804,-86.8631896972656,112.48811999541758,33.84942964359941,71496229
sw,-68.1625671386718,-86.5846481323242,112.74462674841435,20.515719296586695,71512896
sw,-70.0713882446289,-86.3909835815429,107.17315315915813,2.318576822152708,71529563
sw,-72.0995178222656,-86.4730224609375,98.3011891126607,-19.89360967329485,71546230
sw,-73.7001724243164,-86.7816772460937,89.16328799021262,-44.77171673623545,71562897
sw,-74.6405792236328,-86.8699417114257,82.64437652132247,-70.7108133448351,71579564
sw,-75.5287094116211,-86.1340103149414,80.82211084128349,-96.13102764382236,71596231
sw,-76.6755599975586,-84.7056503295898,84.46495020434637,-119.7032875456189,71612898
sw,-78.2992172241211,-82.7445907592773,92.82599918892997,-140.45286974200945,71629565
sw,-80.0207290649414,-80.3698959350586,103.7959906366848,-157.72756169307283,71646232
sw,-81.7201919555664,-77.5834808349609,114.37712588392802,-171.0739434838533,71662899
sw,-83.4254989624023,-74.495491027832,121.36499076284632,-180.09803688720697,71679566
sw,-84.9457321166992,-71.3398056030273,122.0980386982156,-184.38554674139672,71696233
sw,-86.07275390625,-68.427978515625,115.13284988694623,-183.5298876825099,71712900
sw,-85.9024124145507,-65.4038162231445,100.7018855758841,-177.27499257722096,71729567
sw,-84.3366317749023,-62.2636108398437,80.81043249129003,-165.7304720116228,71746234
sw,-83.1545639038086,-59.4509506225585,58.86833987139746,-149.56718586353452,71762901
sw,-83.1387634277343,-57.1396827697753,38.87152819836177,-130.07647781758834,71779568
sw,-83.8132553100586,-55.5560073852539,24.333876701417996,-109.00770559364064,71796235
sw,-84.3743362426757,-54.71773147583,17.324485804284443,-88.1903541919692,71812902
sw,-84.4684524536132,-54.182014465332,17.969303263450062,-69.05832019616132,71829569
sw,-83.8382720947265,-53.723087310791,24.595565619855314,-52.262580849686465,71846236
sw,-82.6552200317382,-53.1665687561035,34.42395016992923,-37.54137032193433,71862903
sw,-81.3618698120117,-52.5118064880371,44.497700835794454,-23.91696252721439,71879570
sw,-80.4393692016601,-51.8847541809082,52.486233153804065,-10.151775489480658,71896237
sw,-79.6997756958007,-51.6481056213378,57.11626472108449,4.711871094863503,71912904
sw,-78.9576263427734,-51.8013000488281,58.18148375319873,20.935451121173802,71929571
sw,-78.1984100341796,-52.3369178771972,56.25043342426889,37.942387074278585,71946238
sw,-77.4559631347656,-53.6322402954101,52.26060957797646,54.48759249843494,71962905
sw,-76.7368927001953,-55.2059135437011,47.15545947556179,69.05502470547236,71979572
sw,-76.0778427124023,-56.4630699157714,41.64089981907413,80.32421748751379,71996239
sw,-75.5552673339843,-57.828556060791,36.06447289944791,87.54530145715489,72012906
sw,-75.1398391723632,-59.4663658142089,30.382655366786608,90.72460835258065,72029573
sw,-74.6961212158203,-61.0178833007812,24.179456904968706,90.60361220413134,72046240
sw,-74.2755966186523,-62.4701118469238,16.71485014171456,88.46993859839293,72062907
sw,-74.1675109863281,-63.7039260864257,6.999139140020754,85.86297169634486,72079574
sw,-74.5381317138671,-64.9950256347656,-6.095104961523663,84.24162836015807,72096241
sw,-75.2715530395507,-66.6596374511718,-23.659584849469383,84.67453272117943,72112908
sw,-76.1573104858398,-68.2089233398437,-46.49350962156042,87.59488486788734,72129575
sw,-77.1630401611328,-69.4287872314453,-74.7744745807437,92.64779511036765,72146242
sw,-78.5349197387695,-70.3531723022461,-107.72846065098902,98.66500669389876,72162909
sw,-80.6238708496093,-71.5313262939453,-143.42479167668944,103.82248724368998,72179576
sw,-83.5442352294921,-73.3000869750976,-178.82619175826864,106.0266615688862,72196243
sw,-86.8915939331054,-75.5371475219726,-210.16258186020528,103.49663103379606,72212910
sw,-88.7035140991211,-77.9003829956054,-233.59707224837115,95.38366249150162,72229577
sw,-85.2307968139648,-79.6676788330078,-246.05615357482023,82.18013276358242,72246244
sw,-80.0188903808593,-80.7080917358398,-246.0231518016225,65.70390905251683,72262911
sw,-74.0170288085937,-81.0185241699218,-234.0477330841447,48.612281009461,72279578
sw,-70.9711151123046,-81.0733566284179,-212.73778350814771,33.61734884776826,72296245
sw,-68.9521560668945,-81.2573852539062,-186.13408336897953,22.715370435088836,72312912
sw,-67.0338592529296,-81.7523803710937,-158.61450726510108,16.72528593732836,72329579
sw,-65.2621688842773,-82.3597946166992,-133.69666203198514,15.27486175807112,72346246
sw,-63.6357040405273,-82.9278488159179,-113.15295114447717,17.172450671213795,72362913
sw,-61.9740028381347,-83.5011978149414,-96.70537173993318,20.960226067815608,72379580
sw,-60.5600967407226,-84.0759582519531,-82.34369080536779,25.410512799288004,72396247
sw,-59.4492416381835,-84.6045379638671,-67.12502862928584,29.79014723277702,72412914
sw,-58.426170349121,-85.1131286621093,-48.20807478606089,33.835527608825394,72429581
sw,-57.4341468811035,-85.5931396484375,-23.84127040644834,37.50238664450348,72446248
sw,-56.844669342041,-86.0540008544921,5.958115383106096,40.634291721358416,72462915
sw,-57.0759696960449,-86.45751953125,39.23077324157728,42.70675731541453,72479582
sw,-58.5167503356933,-86.7259521484375,72.48048126499314,42.754724528032526,72496249
sw,-61.263011932373,-86.8473205566406,101.55880194974095,39.510572695853135,72512916
sw,-63.7317314147949,-86.8167266845703,122.76820560599215,31.703649238774858,72529583
sw,-66.1186752319336,-86.7297210693359,133.84808660691277,18.42439878959851,72546250
sw,-68.2858428955078,-86.6570739746093,134.5623805834925,-0.5564545269532762,72562917
sw,-70.7604293823242,-86.589241027832,126.75166947794817,-24.60636266440995,72579584
sw,-73.230728149414,-86.4725799560546,113.86458526655129,-52.24407844046325,72596251
sw,-74.3426895141601,-85.9699783325195,100.09522067399561,-81.35777874243351,72612918
sw,-75.2146224975586,-84.5398406982421,89.33418874528789,-109.58452320627119,72629585
sw,-75.7928771972656,-82.2749557495117,84.20031814186069,-134.75370684689875,72646252
sw,-76.9553985595703,-79.426773071289,85.42315173104393,-155.26277113893755,72662919
sw,-78.6229629516601,-76.4814453125,91.75356333011798,-170.2634850791138,72679586
sw,-80.397964477539,-73.6426849365234,100.41105901955781,-179.60375835979062,72696253
sw,-82.2252960205078,-70.6580429077148,107.91077651515975,-183.57319840797092,72712920
sw,-83.7846755981445,-67.7688217163086,111.02425364839286,-182.58995232563493,72729587
sw,-85.0674819946289,-65.0906600952148,107.63067187417664,-176.99024537177058,72746254
sw,-85.5697708129882,-62.1370811462402,97.27166478954594,-167.02299671564958,72762921
sw,-84.8092193603515,-59.3754425048828,81.2899322726867,-153.03775379562921,72779588
sw,-83.9097595214843,-56.904499053955,62.502891621997925,-135.74263814853947,72796255
sw,-83.6122360229492,-54.9637794494628,44.46127258200661,-116.35931292439052,72812922
sw,-83.9236907958984,-53.3913764953613,30.474315695377857,-96.54266274030206,72829589
sw,-84.3666763305664,-52.6354751586914,22.696966953076938,-78.04444721289711,72846256
sw,-84.4860153198242,-52.4241256713867,21.588730965852125,-62.229687091815215,72862923
sw,-84.050537109375,-52.1483268737793,25.928206519416065,-49.64273765086292,72879590
sw,-83.1211776733398,-51.5486106872558,33.34811952337663,-39.82051240967286,72896257
sw,-82.0387344360351,-50.7534255981445,41.15320052639142,-31.451560614602712,72912924
sw,-81.2038650512695,-49.9576148986816,47.09996327762082,-22.82569239665797,72929591
sw,-80.535400390625,-49.4505500793457,49.88344071274286,-12.392708704694988,72946258
sw,-79.9292449951171,-49.3818054199218,49.2374440852371,0.7823495917297293,72962925
sw,-79.3685150146484,-50.0036430358886,45.71751303433307,16.808294333231817,72979592
sw,-78.8802413940429,-51.1580390930175,40.32595031994009,35.01671786308706,72996259
sw,-78.4448089599609,-52.1482124328613,34.139015219627304,54.18016570020408,73012926
sw,-78.0400390625,-52.97412109375,28.037493524061343,72.77790514366203,73029593
sw,-77.6529846191406,-54.0320854187011,22.56782682421773,89.23558441248238,73046260
sw,-77.3664779663086,-55.6026649475097,17.90549981839752,102.13878845574077,73062927
sw,-77.1485977172851,-57.7712631225585,13.870547260032263,110.45211229281844,73079594
sw,-76.9646453857421,-59.9852066040039,9.954323358197165,113.742578720543,73096261
sw,-76.8964004516601,-62.011734008789,5.342976275815947,112.34804923354854,73112928
sw,-77.0466766357421,-63.8803367614746,-1.0491191083113909,107.40455772023003,73129595
sw,-77.4429321289062,-65.5406951904296,-10.503245167080781,100.67445349453753,73146262
sw,-78.0697631835937,-66.9851989746093,-24.339607116791292,94.18077768811911,73162929
sw,-78.9057006835937,-68.2095184326171,-43.65708219829311,89.71972566764033,73179596
sw,-79.9916610717773,-69.2277450561523,-68.98461455923427,88.37151726803327,73196263
sw,-81.3864364624023,-70.1812362670898,-99.91195209565073,90.1520245101458,73212930
sw,-83.3023910522461,-71.2725143432617,-134.81268420142422,93.93486483190824,73229597
sw,-85.6719284057617,-72.7123641967773,-170.78577335181208,97.7152268339842,73246264
sw,-87.6228256225586,-74.5062408447265,-203.91084328701976,99.1826015993248,73262931
sw,-86.5429458618164,-76.5568313598632,-229.84358881326887,96.44820926856781,73279598
sw,-83.0807495117187,-78.6593475341796,-244.6836325871285,88.68676830820357,73296265
sw,-77.4886169433593,-80.302619934082,-245.9370984928003,76.45146416553646,73312932
sw,-72.1194992065429,-81.1481857299804,-233.29398896599645,61.52482424241643,73329599
sw,-68.8293914794921,-81.5180282592773,-208.9116609575752,46.34813359026843,73346266
sw,-66.170166015625,-81.6421508789062,-177.01320666789263,33.25123790086131,73362933
sw,-64.3157653808593,-82.0029144287109,-142.8592698888327,23.78892210906938,73379600
sw,-63.4634475708007,-82.5168304443359,-111.40540254388036,18.42856288578774,73396267
sw,-62.6475601196289,-82.9926834106445,-86.0759586363394,16.661584411477104,73412934
sw,-61.713882446289,-83.500015258789,-68.02748868585937,17.42644893171912,73429601
sw,-60.5541305541992,-84.0276184082031,-56.089694961140644,19.623427254605403,73446268
sw,-59.5150260925293,-84.5752716064453,-47.34649302585907,22.50224063693653,73462935
sw,-58.6560592651367,-85.1457901000976,-38.13817729123992,25.788970749082377,73479602
sw,-58.0686912536621,-85.6619873046875,-25.180616818400612,29.54043752520991,73496269
sw,-57.6161842346191,-86.0507736206054,-6.508903944259275,33.82310471849903,73512936
sw,-57.3554420471191,-86.3687515258789,17.97497914331038,38.371789193533345,73529603
sw,-57.6367835998535,-86.6802291870117,46.47040596077379,42.37628087187156,73546270
sw,-59.4952850341796,-86.8714447021484,75.7613619157312,44.48339583914841,73562937
sw,-62.1814422607421,-86.8587646484375,102.07651355807202,43.01874974836023,73579604
sw,-64.5997924804687,-86.7418365478515,122.07074851518308,36.360826453505034,73596271
sw,-66.5923995971679,-86.6731643676757,133.64130901325396,23.361298823223773,73612938
sw,-68.4957656860351,-86.6897354125976,136.37542943514217,3.701398212961819,73629605
sw,-71.0325088500976,-86.8142700195312,131.56975003253848,-21.907322005575242,73646272
sw,-73.8540420532226,-86.9973678588867,121.87093763916182,-51.73805826683887,73662939
sw,-75.6931991577148,-86.7550201416015,110.6285142789202,-83.2961473997676,73679606
sw,-76.8673019409179,-85.3725128173828,101.07448185073252,-113.75763822672862,73696273
sw,-77.6372451782226,-83.0173110961914,95.49912000639104,-140.49560375281263,73712940
sw,-78.6109237670898,-80.1489868164062,94.64950808661168,-161.54817596715424,73729607
sw,-80.0693817138671,-77.0101776123046,97.55970466373493,-175.88790992887667,73746274
sw,-81.8288421630859,-74.0122451782226,101.89652921462009,-183.41735698345138,73762941
sw,-83.8558578491211,-71.121467590332,104.72443409164218,-184.72064861400014,73779608
sw,-85.6473388671875,-68.4725112915039,103.44725792203774,-180.69929378729728,73796275
sw,-86.6976165771484,-65.9537582397461,96.63391355286946,-172.26229000527533,73812942
sw,-86.3929367065429,-63.1872673034668,84.48205781882248,-160.19923832462013,73829609
sw,-85.3356628417968,-60.4954109191894,68.78522516787464,-145.25542710766217,73846276
sw,-84.8352508544921,-57.9212341308593,52.41087312495184,-128.30576987950087,73862943
sw,-84.881362915039,-56.0783958435058,38.44424761143716,-110.4607525167774,73879610
sw,-85.2525329589843,-54.8209228515625,29.270813527008603,-92.9746845988416,73896277
sw,-85.5332336425781,-54.1645812988281,25.90673103288939,-76.94776085891974,73912944
sw,-85.2700119018554,-53.8544731140136,27.80587598715401,-62.94986471097025,73929611
sw,-84.3200454711914,-53.3601264953613,33.18993774542602,-50.76570121879359,73946278
sw,-82.994873046875,-52.5419540405273,39.74102835899562,-39.4223957499848,73962945
sw,-81.9314498901367,-51.6197509765625,45.364063297422234,-27.52814171864593,73979612
sw,-81.2159805297851,-51.0215339660644,48.73430141696812,-13.795978294816853,73996279
sw,-80.6274719238281,-50.7888031005859,49.47889372310808,2.462657564690174,74012946
sw,-80.0355758666992,-51.0112190246582,48.01439676478646,21.068250668168886,74029613
sw,-79.419204711914,-52.1472206115722,45.18171734772165,41.00887578900405,74046280
sw,-78.786865234375,-53.7085800170898,41.84582450986027,60.72602536176182,74062947
sw,-78.1436996459961,-54.8818206787109,38.58155729954714,78.50575508659755,74079614
sw,-77.5350494384765,-55.9060821533203,35.49722059219745,92.8306327959187,74096281
sw,-77.0140228271484,-57.3549041748046,32.19267861375965,102.62450753855884,74112948
sw,-76.6379241943359,-59.2966232299804,27.82314314606773,107.40574834147466,74129615
sw,-76.3552017211914,-61.1216888427734,21.23880786386654,107.38782259466257,74146282
sw,-76.1903076171875,-62.894603729248,11.178736892507283,103.52567110849432,74162949
sw,-76.2273864746093,-64.7326736450195,-3.4989720510197504,97.45550614452227,74179616
sw,-76.6158828735351,-66.3937072753906,-23.57382144207312,91.26413313991894,74196283
sw,-77.3968200683593,-67.4473114013671,-49.23770483927665,87.06547443982123,74212950
sw,-78.5837173461914,-68.2521514892578,-79.92372715149925,86.44388081587857,74229617
sw,-80.3552932739257,-68.9469299316406,-114.22291367508998,89.9152503972817,74246284
sw,-82.707763671875,-69.862434387207,-149.91407772446644,96.61051442635903,74262951
sw,-85.1001586914062,-71.2351303100586,-184.11874419413596,104.35706942758705,74279618
sw,-86.4584579467773,-73.0500183105468,-213.58155927520247,110.21275295917451,74296285
sw,-85.482307434082,-75.316162109375,-235.07295959500823,111.33410868263347,74312952
sw,-82.5633926391601,-77.7388153076171,-245.90374587165883,105.90811753156557,74329619
sw,-78.1955413818359,-80.0068206787109,-244.50245128924038,93.8135645400186,74346286
sw,-72.8849868774414,-81.557502746582,-230.92621718878442,76.7433701672939,74362953
sw,-69.1114425659179,-82.1388320922851,-207.10025933650667,57.70653015479734,74379620
sw,-66.0262985229492,-81.990234375,-176.59353815022928,40.077456191017816,74396287
sw,-63.7361717224121,-81.7434844970703,-143.88054030350304,26.5607500273686,74412954
sw,-62.799819946289,-81.7794952392578,-113.2533936790456,18.477688632192674,74429621
sw,-62.3953208923339,-82.113899230957,-87.71886582790401,15.623166634466958,74446288
sw,-61.7477264404296,-82.6511611938476,-68.25393218182246,16.673099830637145,74462955
sw,-60.6835594177246,-83.3006896972656,-53.68214330711385,19.889655915847875,74479622
sw,-59.6560974121093,-83.9915618896484,-41.21516484628199,23.785235737072018,74496289
sw,-58.7831001281738,-84.5977096557617,-27.472219554228328,27.483074767259037,74512956
sw,-58.2163467407226,-85.1695785522461,-9.641833005899478,30.690323942085627,74529623
sw,-58.0648803710937,-85.6134490966796,13.570820952103654,33.383728510904135,74546290
sw,-57.9887046813964,-85.8878173828125,41.482563450216944,35.41794671234136,74562957
sw,-58.7069511413574,-86.0764923095703,71.58214560458474,36.26634734824071,74579624
sw,-61.6698188781738,-86.0651779174804,100.24082800156248,35.01071078092994,74596291
sw,-64.7996597290039,-85.8383483886718,123.75518637620813,30.565329994380594,74612958
sw,-67.4872436523437,-85.5968780517578,139.3742324815765,22.01798520560947,74629625
sw,-69.3873672485351,-85.5133209228515,145.97862374567035,8.936818441330555,74646292
sw,-71.6359710693359,-85.6745071411132,144.23928942182076,-8.472162316934114,74662959
sw,-74.3013839721679,-86.063735961914,136.28694956325054,-29.39869389104743,74679626
sw,-76.4393692016601,-86.3680572509765,125.05480407710246,-52.61882940274343,74696293
sw,-78.1665267944336,-85.954116821289,113.48881487759952,-76.7549388251229,74712960
sw,-79.504280090332,-84.8064956665039,103.81045487799754,-100.5025260456988,74729627
sw,-80.2898178100586,-83.2685928344726,97.00785222333622,-122.75016922847496,74746294
sw,-81.3840713500976,-81.2436904907226,92.70380187116695,-142.57845872034045,74762961
sw,-83.0952453613281,-78.8165893554687,89.46304006772178,-159.18244732120525,74779628
sw,-85.2522048950195,-76.1279373168945,85.45443207198907,-171.79097500176348,74796295
sw,-86.9962539672851,-73.2802505493164,79.23356587916582,-179.64934681598248,74812962
sw,-87.7897262573242,-70.2242813110351,70.34439540723163,-182.10118721829795,74829629
sw,-87.4585494995117,-66.8811416625976,59.507604099434175,-178.76155992664653,74846296
sw,-86.9774169921875,-63.4697265625,48.34197352635183,-169.7232076182413,74862963
sw,-86.5198059082031,-60.8440780639648,38.76309697094228,-155.6983282469679,74879630
sw,-86.1857681274414,-58.7183303833007,32.32298757054843,-137.999146128883,74896297
sw,-85.8630294799804,-56.9499244689941,29.743248498622616,-118.31629672551536,74912964
sw,-85.533576965332,-55.5791931152343,30.776983883977376,-98.34121757662851,74929631
sw,-85.1529312133789,-54.7223091125488,34.38783557470958,-79.35203397915616,74946298
sw,-84.5545043945312,-54.0756378173828,39.130261710933105,-61.90971447234728,74962965
sw,-83.7748413085937,-53.434585571289,43.57882029476625,-45.78354218962254,74979632
sw,-82.9520187377929,-52.713134765625,46.67443006196709,-30.147948804615744,74996299
sw,-82.1456756591796,-52.1682701110839,47.91018257948141,-13.989511100486421,75012966
sw,-81.3783416748046,-51.8613319396972,47.34293737170055,3.4236007625969114,75029633
sw,-80.6460647583007,-51.8445281982421,45.463984017894774,22.184492037215623,75046300
sw,-79.9836044311523,-52.6314582824707,42.9803790118685,41.63053347263848,75062967
sw,-79.3892288208007,-54.2333183288574,40.557467033677774,60.494343930013535,75079634
sw,-78.9084014892578,-55.8409156799316,38.57033644108443,77.24352777866555,75096301
sw,-78.5609970092773,-57.2452163696289,36.91495185392025,90.46841997120038,75112968
sw,-78.2607879638671,-58.7896041870117,34.930716584766785,99.19107533911829,75129635
sw,-77.8468170166015,-60.5614585876464,31.47130342345939,103.03731537880537,75146302
sw,-77.2567672729492,-62.2207069396972,25.122301969874982,102.28050102014103,75162969
sw,-76.6783294677734,-63.7656211853027,14.511710653592939,97.79207104768416,75179636
sw,-76.4317626953125,-65.1168518066406,-1.3808324222516177,90.925110674133,75196303
sw,-76.854133605957,-66.4495010375976,-23.008699717323807,83.33873208837188,75212970
sw,-77.9635391235351,-67.7615432739257,-50.17874674384015,76.75974079252772,75229637
sw,-79.5694808959961,-68.8614044189453,-82.0770401922755,72.68189914255105,75246304
sw,-81.5202941894531,-69.742805480957,-117.32325973999077,72.02916765148821,75262971
sw,-83.6256332397461,-70.5221481323242,-153.99211803487051,74.85550398262198,75279638
sw,-85.8381195068359,-71.4962310791015,-189.60842299081077,80.19481432878777,75296305
sw,-86.8133468627929,-72.7501525878906,-221.1978462149045,86.17078588401769,75312972
sw,-84.9043807983398,-74.1644668579101,-245.5056607494555,90.40728045714988,75329639
sw,-81.5139007568359,-75.75830078125,-259.45410190050006,90.66783242301402,75346306
sw,-76.8833923339843,-77.6308212280273,-260.80214689320957,85.54714100313207,75362973
sw,-70.407485961914,-79.7598495483398,-248.8335926153846,74.983327954906,75379640
sw,-66.6894760131836,-81.3535079956054,-224.79834774602438,60.38452289728194,75396307
sw,-64.1440353393554,-82.0648956298828,-191.8574437711154,44.277551311873545,75412974
sw,-61.8215942382812,-82.0703125,-154.4658951368779,29.568085079754752,75429641
sw,-60.3159675598144,-81.8049240112304,-117.37162036837951,18.675634484699845,75446308
sw,-59.5878601074218,-81.663703918457,-84.55877413135097,12.872870107028877,75462975
sw,-58.8830947875976,-81.8833770751953,-58.454043656737184,12.067278526891682,75479642
sw,-58.0737113952636,-82.4790115356445,-39.59146974482942,15.06200254396618,75496309
sw,-57.4108428955078,-83.2410049438476,-26.77018188609959,20.132514547151963,75512976
sw,-56.9887466430664,-84.0375747680664,-17.59728856859286,25.65296762191246,75529643
sw,-56.7151908874511,-84.7133560180664,-9.22649828439909,30.532400354203084,75546310
sw,-56.7088356018066,-85.1780166625976,0.9042771258997254,34.342329645636994,75562977
sw,-56.9489021301269,-85.5208435058593,14.488757838892788,37.164346289722616,75579644
sw,-57.1807174682617,-85.8851089477539,32.014838637293934,39.291490864531795,75596311
sw,-57.7307815551757,-86.379768371582,52.71486880402312,40.94182693854803,75612978
sw,-59.322208404541,-86.8401794433593,74.79694016533699,42.09061178455305,75629645
sw,-61.2883415222168,-87.0372009277343,95.895240155722,42.44109683435573,75646312
sw,-63.5298042297363,-87.0389938354492,113.62095145707065,41.48841862085976,75662979
sw,-65.6840057373046,-87.0332412719726,126.06947548251816,38.61770921165016,75679646
sw,-67.5358428955078,-87.0614242553711,132.17100186500375,33.204783434992855,75696313
sw,-69.6490478515625,-87.0375366210937,131.8431392563596,24.71744506276908,75712980
sw,-71.8158493041992,-86.943733215332,125.9662055393726,12.820060621530482,75729647
sw,-74.4094009399414,-86.9379119873046,116.21647184444534,-2.5327373904298693,75746314
sw,-76.5059280395507,-87.0463333129882,104.77154926767656,-21.042364932362066,75762981
sw,-77.7598190307617,-87.2486419677734,93.89494339022436,-42.077434250132356,75779648
sw,-78.5846710205078,-87.3292922973632,85.44979749082971,-64.75163255464513,75796315
sw,-79.6075134277343,-86.7877655029296,80.4620132510666,-88.04288657912005,75812982
sw,-80.8845825195312,-85.4182434082031,78.88323173919846,-110.91233524317977,75829649
sw,-82.2020034790039,-83.339859008789,79.65205198345313,-132.38497926479616,75846316
sw,-83.5905151367187,-80.844123840332,81.043441872868,-151.57416902276216,75862983
sw,-85.0899276733398,-78.1751937866211,81.19586562043555,-167.66029221735064,75879650
sw,-86.609390258789,-75.4685287475586,78.65656738146963,-179.85999230787647,75896317
sw,-87.9635620117187,-72.4612350463867,72.79046840990712,-187.43507270245016,75912984
sw,-88.3691329956054,-69.2500457763671,63.94148984465026,-189.77736430701893,75929651
sw,-87.971076965332,-65.4834442138671,53.30460973937253,-186.5620215746163,75946318
sw,-87.6471557617187,-62.3458976745605,42.5533115819093,-177.90437903801572,75962985
sw,-87.6277694702148,-59.7959098815918,33.35021148767091,-164.42468464989034,75979652
sw,-87.4986877441406,-57.7003059387207,26.91340177194698,-147.15413883675674,75996319
sw,-86.9736633300781,-55.9083518981933,23.78531702561009,-127.29531585785479,76012986
sw,-86.2433929443359,-54.4741706848144,23.85597596086835,-105.92913664409919,76029653
sw,-85.539680480957,-53.2825622558593,26.57600877788064,-83.78965452595097,76046320
sw,-84.9870986938476,-52.20894241333,31.224465358747526,-61.195468482676446,76062987
sw,-84.4589614868164,-51.3440361022949,37.10826422038048,-38.15593229344497,76079654
sw,-83.8138885498046,-50.9249839782714,43.64182906283602,-14.597874595478286,76096321
sw,-83.0415649414062,-50.9428176879882,50.32958183062935,9.383974720262964,76112988
sw,-82.1324691772461,-51.2493515014648,56.7068801114658,33.34892987647324,76129655
sw,-81.1154251098632,-52.0365409851074,62.2835443908332,56.467242365483386,76146322
sw,-79.9746170043945,-52.9648094177246,66.50441552446995,77.6298137678618,76162989
sw,-78.83154296875,-54.4859962463378,68.72115307192098,95.68571754743589,76179656
sw,-77.825698852539,-56.7905044555664,68.17058246263761,109.74196944826843,76196323
sw,-76.949104309082,-59.1014709472656,63.97190087903203,119.4257087658423,76212990
sw,-76.174201965332,-61.0076522827148,55.17182727354776,125.00214800425057,76229657
sw,-75.5040435791015,-62.836196899414,40.866177254816186,127.28480819051114,76246324
sw,-75.06494140625,-64.8693618774414,20.40181522005589,127.35629749988831,76262991
sw,-75.0620346069336,-66.7795639038086,-6.375103988402261,126.19236548241204,76279658
sw,-75.6158218383789,-67.8458251953125,-38.8897962541373,124.31535520611332,76296325
sw,-76.6678237915039,-68.8422088623046,-75.70243740790647,121.60012310384327,76312992
sw,-78.4081344604492,-70.3091354370117,-114.5233647006859,117.32710900867261,76329659
sw,-80.8368072509765,-72.2982788085937,-152.4058433251423,110.51104323363224,76346326
sw,-83.5990829467773,-74.7754745483398,-186.10085982235756,100.42112048678848,76362993
sw,-85.8496627807617,-76.9375839233398,-212.51953074299252,87.08884344523871,76379660
sw,-86.315444946289,-78.3188705444336,-229.2253404123766,71.5541335441707,76396327
sw,-84.1066513061523,-78.6954193115234,-234.87186297856724,55.68942704882857,76412994
sw,-79.4137802124023,-78.6331100463867,-229.4965563532395,41.64224065822266,76429661
sw,-75.2534790039062,-78.7462844848632,-214.5728618036906,31.137703240493742,76446328
sw,-72.9627685546875,-79.3066024780273,-192.74639527400362,24.95630657020314,76462995
sw,-70.9026794433593,-80.1447372436523,-167.27680827823238,22.801323888809954,76479662
sw,-68.8010101318359,-80.9699325561523,-141.34118674208847,23.564819343174943,76496329
sw,-66.7508010864257,-81.5147857666015,-117.42333085038527,25.82169158667704,76512996
sw,-64.9666748046875,-82.1015853881836,-96.9560886443782,28.320529107292852,76529663
sw,-63.5402107238769,-82.7545700073242,-80.25553445463069,30.298010251752626,76546330
sw,-62.4743461608886,-83.4144134521484,-66.68473437060966,31.554592918840395,76562997
sw,-61.6642532348632,-84.0071029663086,-54.95492459755855,32.328170422182424,76579664
sw,-61.0095596313476,-84.6123809814453,-43.49002769823562,33.059090718509765,76596331
sw,-60.5732192993164,-85.2017593383789,-30.804430196326148,34.15027525433337,76612998
sw,-60.1431922912597,-85.6699829101562,-15.850007864866047,35.798194431927314,76629665
sw,-59.8743820190429,-85.9146728515625,1.7220818376179485,37.92374171888992,76646332
sw,-59.911823272705,-86.020393371582,21.448035740222704,40.191864683828726,76662999
sw,-60.6222190856933,-86.1422805786132,42.133683514723764,42.089833003227746,76679666
sw,-62.1988372802734,-86.2995834350586,62.12766433983596,43.0325315046339,76696333
sw,-63.8259315490722,-86.3712921142578,79.70970917737752,42.46685077171931,76713000
sw,-65.4623336791992,-86.2675476074218,93.47111534053627,39.94978786085948,76729667
sw,-66.9692306518554,-86.0325164794921,102.57797247358273,35.180218375940335,76746334
sw,-68.4594268798828,-85.7909469604492,106.87475035056991,27.978881804662258,76763001
sw,-70.1546783447265,-85.6135787963867,106.85727036796959,18.233581381555634,76779668
sw,-72.0702819824218,-85.5301132202148,103.57114995955057,5.84575018338874,76796335
sw,-74.1698455810546,-85.4767608642578,98.46595729294894,-9.282690423880485,76813002
sw,-76.1183166503906,-85.4545135498046,93.19110415236652,-27.20141211224806,76829669
sw,-77.594856262207,-85.482437133789,89.30579631923028,-47.81261533798711,76846336
sw,-78.5765762329101,-85.5304260253906,87.9171774674638,-70.75707174348999,76863003
sw,-79.551025390625,-85.3544692993164,89.33628807536913,-95.32929341019722,76879670
sw,-80.8355026245117,-84.5891647338867,92.89318765524246,-120.4534615649438,76896337
sw,-82.424201965332,-82.9663467407226,97.03087232695725,-144.7301128349853,76913004
sw,-84.2162246704101,-80.5703735351562,99.70172568911491,-166.54599720668622,76929671
sw,-86.1409072875976,-77.722541809082,98.96854295220055,-184.23228724642073,76946338
sw,-88.0866394042968,-74.5723190307617,93.62338804104539,-196.2573199823343,76963005
sw,-88.9625930786132,-71.2381896972656,83.61547235672349,-201.4418773819454,76979672
sw,-87.8071517944336,-68.0303802490234,70.12964483760119,-199.17849399581357,76996339
sw,-87.2750930786132,-64.4615325927734,55.27000357457343,-189.6159542785882,77013006
sw,-87.1767959594726,-61.1653709411621,41.45004551535968,-173.74264394685017,77029673
sw,-86.9290313720703,-58.8138160705566,30.71287690498986,-153.29242948355972,77046340
sw,-86.3765792846679,-57.0327072143554,24.232636744367504,-130.4350412543426,77063007
sw,-85.7166900634765,-55.6981773376464,22.156381107587595,-107.30153251618866,77079674
sw,-85.0414123535156,-54.7547149658203,23.78611819426357,-85.48744106132852,77096341
sw,-84.3977279663086,-53.9326362609863,27.965320878424667,-65.70956781253277,77113008
sw,-83.7637634277343,-53.0362281799316,33.48587096354127,-47.742610795843994,77129675
sw,-83.1804809570312,-52.3028602600097,39.371397971781136,-30.65616874405856,77146342
sw,-82.5630493164062,-51.7607994079589,44.98005286839126,-13.262455369218099,77163009
sw,-81.8087844848632,-51.6171798706054,49.95425531219117,5.383594856644406,77179676
sw,-80.9594345092773,-51.7577056884765,54.09191433364201,25.596655623470273,77196343
sw,-80.004638671875,-52.1663017272949,57.213130532788135,46.90387162872859,77213010
sw,-78.9660263061523,-53.1559104919433,59.06354910502486,68.15958738497021,77229677
sw,-77.959114074707,-55.2314376831054,59.25857187880144,87.88498364805861,77246344
sw,-77.0608825683593,-57.7702865600585,57.25465898446084,104.70272818395388,77263011
sw,-76.3014984130859,-59.7185974121093,52.340297093101995,117.69304911734079,77279678
sw,-75.6516342163086,-61.4269104003906,43.657496061033875,126.53388155384452,77296345
sw,-75.1461181640625,-63.2393760681152,30.27602826331257,131.40077398519256,77313012
sw,-74.896614074707,-65.1736450195312,11.336104589131155,132.72224821496656,77329679
sw,-75.1752548217773,-67.1107406616211,-13.745425592830625,130.93456355855747,77346346
sw,-75.9857101440429,-68.9085617065429,-45.03275460208073,126.3427258043027,77363013
sw,-77.1533584594726,-70.1790771484375,-81.8366663305425,119.12178360406696,77379680
sw,-78.8837509155273,-71.7912826538086,-122.54374954838366,109.43470853107681,77396347
sw,-81.2778701782226,-73.6382751464843,-164.57240345198556,97.61108317255037,77413014
sw,-84.1902618408203,-75.5721893310546,-204.51291741140784,84.3089827794408,77429681
sw,-86.3246459960937,-77.0493545532226,-238.48174681699103,70.56848968175456,77446348
sw,-85.7182846069336,-77.7102890014648,-262.67644188516124,57.685223260398544,77463015
sw,-82.3591537475586,-77.961196899414,-274.0649681779807,46.90849919577696,77479682
sw,-76.039566040039,-78.2679748535156,-271.0771595805449,39.07419028833437,77496349
sw,-71.1354446411132,-78.8340148925781,-254.09703615236046,34.344099062370326,77513016
sw,-68.2641983032226,-79.8490600585937,-225.545156802896,32.18631892832078,77529683
sw,-65.6587219238281,-81.0846939086914,-189.4560983584523,31.61154064386992,77546350
sw,-63.1795310974121,-82.1854095458984,-150.6568424410354,31.553760020951156,77563017
sw,-61.3476524353027,-82.9009628295898,-113.79783445937308,31.22401754349398,77579684
sw,-60.1079063415527,-83.219009399414,-82.49455022748023,30.29848721343308,77596351
sw,-59.4641952514648,-83.4866638183593,-58.751135652387205,28.898948648005153,77613018
sw,-58.9066734313964,-83.8370361328125,-42.7464227051743,27.424984017579717,77629685
sw,-58.4325141906738,-84.353889465332,-32.994858737008265,26.3480557238861,77646352
sw,-57.8822402954101,-84.9431686401367,-26.833890035783927,26.058450309654017,77663019
sw,-57.3534355163574,-85.4063720703125,-21.127947046262026,26.792713244305045,77679686
sw,-56.9503555297851,-85.7088775634765,-13.033085019019527,28.611271633522843,77696353
sw,-56.7032012939453,-85.9403991699218,-0.6539840879264126,31.37955261424954,77713020
sw,-56.6102714538574,-86.1946105957031,16.54808193653306,34.73114578615034,77729687
sw,-57.5165863037109,-86.4557495117187,37.67781418779931,38.030328961846145,77746354
sw,-58.8087768554687,-86.6394348144531,60.660340927143096,40.37327929895104,77763021
sw,-60.1450271606445,-86.6920471191406,82.7501357610175,40.66051087823371,77779688
sw,-61.8598442077636,-86.6104278564453,101.16835179242307,37.74571842533665,77796355
sw,-63.5139923095703,-86.432014465332,113.73807851233751,30.635156731197227,77813022
sw,-65.6261520385742,-86.2381362915039,119.40852674831127,18.690674950459325,77829689
sw,-68.067024230957,-86.1476593017578,118.57446120076186,1.7845070939682384,77846356
sw,-70.8990478515625,-86.2356872558593,113.09709266501936,-19.635516543885625,77863023
sw,-73.3782882690429,-86.3796691894531,105.94591276328966,-44.58908733603021,77879690
sw,-74.5310897827148,-86.2475128173828,100.45350063880039,-71.70375298414871,77896357
sw,-75.0506744384765,-85.3771667480468,99.3215522668609,-99.4109630870491,77913024
sw,-75.760627746582,-83.7555313110351,103.67729443112208,-126.13635304494899,77929691
sw,-77.2145004272461,-81.600715637207,112.54333695695253,-150.4264080556782,77946358
sw,-79.3063125610351,-79.0676116943359,122.97636068583738,-170.98648858907072,77963025
sw,-81.8594665527343,-76.2350387573242,130.88697776245456,-186.65570540747743,77979692
sw,-84.4469604492187,-73.1766586303711,132.29620984529535,-196.38616109824068,77996359
sw,-86.4703063964843,-69.9823684692382,124.62753389097662,-199.30166004839984,78013026
sw,-87.2712097167968,-66.7315826416015,107.61998006464017,-194.87305620653294,78029693
sw,-85.7755737304687,-63.0795440673828,83.55687215630223,-183.17441516053825,78046360
sw,-85.0151672363281,-60.0984115600585,56.70080642343859,-165.10833599477618,78063027
sw,-85.6755065917968,-57.8243293762207,32.0784636276938,-142.45615986528594,78079694
sw,-86.7031326293945,-56.0338897705078,14.009295143256987,-117.65317482873688,78096361
sw,-87.2071914672851,-54.837116241455,4.904100827725314,-93.29914573535991,78113028
sw,-87.2718658447265,-54.2264900207519,4.76680296613821,-71.53581541642306,78129695
sw,-86.7177734375,-54.0320854187011,11.531102800238953,-53.49791415932143,78146362
sw,-85.5838546752929,-53.701488494873,22.010017825710445,-39.04238649963032,78163029
sw,-84.4252548217773,-53.1108779907226,33.01814576905097,-26.87734824776278,78179696
sw,-83.8997268676757,-52.3981246948242,42.23533270073137,-15.068693964262302,78196363
sw,-83.519775390625,-51.9031410217285,48.57408242335545,-1.753005206443751,78213030
sw,-82.8595504760742,-51.826488494873,52.063987717259,14.198894853879638,78229697
sw,-81.8427429199218,-52.1214485168457,53.44171301089062,32.801238949574184,78246364
sw,-80.8121337890625,-52.8972549438476,53.66999313787391,52.97475037391047,78263031
sw,-79.9679489135742,-54.6351890563964,53.53627894959364,72.93586975927808,78279698
sw,-79.3252410888671,-57.0110206604003,53.387185398171724,90.78383521024574,78296365
sw,-78.6414184570312,-58.9418487548828,53.0010673255273,105.0473740045072,78313032
sw,-77.8266067504882,-60.4485664367675,51.58986975773174,114.98697144907968,78329699
sw,-76.9936599731445,-62.2927131652832,47.921043127962285,120.57801202979141,78346366
sw,-76.2316513061523,-64.0357437133789,40.5392786318065,122.25482448252707,78363033
sw,-75.6357498168945,-65.4896469116211,28.049975151776497,120.58728244353486,78379700
sw,-75.4311752319336,-67.3138275146484,9.415795116463912,116.05325372141762,78396367
sw,-75.8260726928711,-68.8133163452148,-15.778875996185535,108.98987473302941,78413034
sw,-76.6532363891601,-70.0820083618164,-47.12853558140703,99.70677585868597,78429701
sw,-77.7295303344726,-71.6504516601562,-83.29656908516247,88.668860292156,78446368
sw,-79.3510589599609,-73.0812835693359,-122.02197022553645,76.6298076191499,78463035
sw,-81.7923583984375,-74.0905151367187,-160.27571067641142,64.62468072080848,78479702
sw,-84.7469635009765,-74.7846298217773,-194.58644414314617,53.79884768296109,78496369
sw,-86.7619094848632,-75.137710571289,-221.51538038114387,45.13317382854378,78513036
sw,-85.8405151367187,-75.4957199096679,-238.21356328350788,39.18233897693317,78529703
sw,-82.5075225830078,-76.148193359375,-242.96323872343595,35.94250429796281,78546370
sw,-77.2476501464843,-77.0689697265625,-235.58471365062485,34.90533810768684,78563037
sw,-73.0795974731445,-78.2221450805664,-217.57631588995235,35.26946683248406,78579704
sw,-70.8033218383789,-79.2306365966796,-191.8837689795845,36.21378221552149,78596371
sw,-68.8088989257812,-80.162612915039,-162.3078367794873,37.12206953729782,78613038
sw,-66.6995162963867,-80.8075180053711,-132.71339532848577,37.68494353254088,78629705
sw,-64.7909545898437,-81.2204132080078,-106.28394994862516,37.866963192665466,78646372
sw,-63.3479499816894,-81.6631546020507,-85.01404194368396,37.78419782930712,78663039
sw,-62.3209609985351,-82.2374725341796,-69.51003668206177,37.56879942559833,78679706
sw,-61.4190979003906,-82.9432296752929,-59.07366879771734,37.28954721001519,78696373
sw,-60.5062751770019,-83.6369934082031,-52.003595847655085,36.95392880501577,78713040
sw,-59.7084884643554,-84.2026901245117,-46.040615428465856,36.56387158686381,78729707
sw,-59.0217819213867,-84.6835250854492,-38.875604677107994,36.168155718716754,78746374
sw,-58.5181312561035,-85.0957946777343,-28.634307569229204,35.865515931356775,78763041
sw,-58.1049919128418,-85.4274826049804,-14.257567740083237,35.74948638124359,78779708
sw,-58.032844543457,-85.7167358398437,4.288727306579406,35.82110014942322,78796375
sw,-58.3116188049316,-85.9402542114257,26.01395297176376,35.909570349907405,78813042
sw,-59.3711891174316,-86.1122360229492,49.11593579939485,35.63340930614137,78829709
sw,-60.8700370788574,-86.2445373535156,71.36294484044005,34.4162971563858,78846376
sw,-62.2491912841796,-86.3197021484375,90.55939600322988,31.555176418677064,78863043
sw,-63.922752380371,-86.2967300415039,104.99587803011069,26.32799573629977,78879710
sw,-65.8634262084961,-86.1739273071289,113.80044832345047,18.123535957049896,78896377
sw,-68.0624923706054,-86.0150299072265,117.13391120442333,6.570774559434746,78913044
sw,-70.3811264038086,-85.8726577758789,116.18634860225903,-8.361505482261704,78929711
sw,-72.7457962036132,-85.7927627563476,112.94271878087201,-26.326962538859107,78946378
sw,-74.5770645141601,-85.7195739746093,109.7186316469118,-46.646855360005695,78963045
sw,-75.7627563476562,-85.3285675048828,108.53798036890674,-68.42993120078671,78979712
sw,-76.9552536010742,-84.4116668701171,110.51116609522606,-90.72171678391531,78996379
sw,-78.5708923339843,-83.0407485961914,115.42319565478876,-112.61662041202419,79013046
sw,-80.6114654541015,-81.2987289428711,121.7051538027549,-133.28164982999348,79029713
sw,-82.8241653442382,-79.2040405273437,126.8401287255291,-151.89031814135683,79046380
sw,-85.0031509399414,-76.8294296264648,128.1023672476304,-167.5224471605585,79063047
sw,-86.9533538818359,-74.1890335083007,123.41474155383469,-179.1175107527987,79079714
sw,-87.9965057373046,-71.0387802124023,112.06694987961296,-185.5563958279767,79096381
sw,-86.2030029296875,-67.5220947265625,95.0610719299859,-185.88879804417064,79113048
sw,-84.775276184082,-64.1354675292968,74.93641213847242,-179.64190047985437,79129715
sw,-84.7502822875976,-61.4483222961425,55.07921805476911,-167.08134920597112,79146382
sw,-85.2813415527343,-59.1373786926269,38.72515630457156,-149.29000827077388,79163049
sw,-85.4842987060546,-57.2977409362793,28.022757710032874,-127.99454258311832,79179716
sw,-84.9541473388671,-55.7872734069824,23.52562685887982,-105.17198060381659,79196383
sw,-83.9464416503906,-54.9409637451171,24.287770282043553,-82.55858842255687,79213050
sw,-82.8669967651367,-54.4387664794921,28.45622500650885,-61.22848896676044,79229717
sw,-81.8277359008789,-53.8387374877929,34.05256148606542,-41.396445827872284,79246384
sw,-81.1459503173828,-53.2158126831054,39.60755658171362,-22.526294989718625,79263051
sw,-80.6371078491211,-52.7779541015625,44.442261423854646,-3.7119575050312474,79279718
sw,-80.0050735473632,-52.7041244506835,48.577891216841905,15.811047081821277,79296385
sw,-79.2489547729492,-52.872947692871,52.4045633453411,36.21729359094891,79313052
sw,-78.4547424316406,-53.4212646484375,56.289454686375855,56.875161266974374,79329719
sw,-77.4762268066406,-54.3898658752441,60.266043749100014,76.44849564550083,79346386
sw,-76.3867263793945,-56.1076354980468,63.86767028843846,93.2910772687852,79363053
sw,-75.3593521118164,-59.208381652832,66.1030315529555,105.99501612608114,79379720
sw,-74.4684524536132,-61.6540145874023,65.54446513144994,113.87304974298698,79396387
sw,-73.6703796386718,-63.2695884704589,60.50626807101382,117.15961096108016,79413054
sw,-72.9027709960937,-64.853286743164,49.30386705559037,116.83706680067598,79429721
sw,-72.255859375,-65.8024139404296,30.579969950199597,114.18027923672219,79446388
sw,-71.9768447875976,-67.3274993896484,3.6560755235446782,110.24811327190449,79463055
sw,-72.389778137207,-68.5152969360351,-31.164064985483233,105.55312346937129,79479722
sw,-73.4355850219726,-69.6705169677734,-72.42278639679147,100.02949763527295,79496389
sw,-75.259536743164,-71.4127731323242,-117.53072529491448,93.27649110733557,79513056
sw,-77.9342422485351,-73.4390411376953,-163.00057233360684,84.9473215040123,79529723
sw,-81.2856216430664,-75.1210479736328,-204.86078613904152,75.10505592881309,79546390
sw,-84.8653869628906,-76.1553268432617,-239.1800609695464,64.38232905036583,79563057
sw,-87.3592147827148,-76.5810775756836,-262.618869820547,53.864508312033216,79579724
sw,-85.5345458984375,-76.7252426147461,-272.9324895963873,44.74493701166074,79596391
sw,-80.8527755737304,-77.1863632202148,-269.3603343741628,37.91346489088426,79613058
sw,-75.2734222412109,-77.8668365478515,-252.82708541690704,33.66802361005093,79629725
sw,-71.986343383789,-78.9008331298828,-225.86817262908102,31.667862038415667,79646392
sw,-69.5130004882812,-80.0233612060546,-192.23031054236878,31.125292138062566,79663059
sw,-67.0615997314453,-80.9506759643554,-156.20587810272409,31.13121155466783,79679726
sw,-64.8969192504882,-81.6799240112304,-121.86820950258884,30.97087474310859,79696393
sw,-63.3418426513671,-82.0421142578125,-92.39712823755026,30.31219281365289,79713060
sw,-62.4114418029785,-82.2733078002929,-69.622289173372,29.218072298897315,79729727
sw,-61.703197479248,-82.5900039672851,-53.83718472142156,28.016797326988055,79746394
sw,-61.0692405700683,-83.1194381713867,-43.89154708285764,27.122227901647342,79763061
sw,-60.4753913879394,-83.7277755737304,-37.540111626262046,26.895714655197178,79779728
sw,-59.8739318847656,-84.2027206420898,-31.98883069865508,27.58632240921005,79796395
sw,-59.3695411682128,-84.5119857788086,-24.538341513863536,29.32001280785536,79813062
sw,-58.9190979003906,-84.7328109741211,-13.195889565752003,32.081850891871525,79829729
sw,-58.6427841186523,-84.9846878051757,2.8761856142721354,35.66017821004328,79846396
sw,-58.7933387756347,-85.2586441040039,23.179590435849846,39.56932294652311,79863063
sw,-59.8819885253906,-85.474983215332,46.01188167034242,43.000041820756536,79879730
sw,-61.3543624877929,-85.6300506591796,68.87468816931244,44.84698449381188,79896397
sw,-62.9645233154296,-85.7566986083984,89.04640671879685,43.836900289361736,79913064
sw,-64.7409210205078,-85.8277282714843,104.17330713253557,38.74675350181635,79929731
sw,-66.4745407104492,-85.782958984375,112.75397178123919,28.669841554054802,79946398
sw,-68.3324661254882,-85.6677627563476,114.44343933421902,13.266221389162524,79963065
sw,-70.5650177001953,-85.6269989013671,110.14562161566835,-7.074310420657739,79979732
sw,-72.8393783569336,-85.7303390502929,101.87803459053528,-31.216688606491584,79996399
sw,-74.5094451904296,-85.8670120239257,92.40107973721034,-57.43725045260024,80013066
sw,-75.4213485717773,-85.5570220947265,84.6407186316161,-83.7244289218707,80029733
sw,-76.3570861816406,-84.4953689575195,81.00715731462213,-108.14323149934913,80046400
sw,-77.5317230224609,-82.8740158081054,82.7817047250211,-129.15710054365294,80063067
sw,-78.9967575073242,-80.7939758300781,89.75182467576192,-145.81632717280354,80079734
sw,-80.5610580444336,-78.3533325195312,100.20643810723071,-157.77292021550477,80096401
sw,-82.2289810180664,-75.7746963500976,111.30078164957578,-165.14303200504665,80113068
sw,-83.9184341430664,-72.9262619018554,119.71249838129073,-168.28491929019398,80129735
sw,-85.6491775512695,-70.1176147460937,122.45455068612641,-167.5802896327592,80146402
sw,-87.0858383178711,-67.6582946777343,117.67302453086184,-163.29878586154265,80163069
sw,-86.3387908935546,-65.1903457641601,105.22937366858271,-155.59388391863914,80179736
sw,-84.1414108276367,-62.7677917480468,86.86681881893169,-144.62832557777028,80196403
sw,-83.1018981933593,-60.3035430908203,65.83398710915588,-130.76650560607044,80213070
sw,-83.2407150268554,-58.0656661987304,46.010581701585565,-114.7226779990273,80229737
sw,-83.8766326904296,-56.4877738952636,30.799030647422875,-97.55214727469992,80246404
sw,-84.2781677246093,-55.6058387756347,22.18701642620792,-80.43769793922104,80263071
sw,-83.9590225219726,-55.1901016235351,20.338006047414975,-64.33393069483931,80279738
sw,-83.0141067504882,-54.8462295532226,23.835018649696885,-49.62812378468012,80296405
sw,-81.727180480957,-54.274314880371,30.41297320568618,-35.9951890060295,80313072
sw,-80.5427932739257,-53.5341606140136,37.82470716474205,-22.545106419261845,80329739
sw,-79.8653869628906,-52.9467315673828,44.48292463488918,-8.222942154393563,80346406
sw,-79.3568954467773,-52.71431350708,49.681313094155236,7.700223280013749,80363073
sw,-78.8160247802734,-52.8774986267089,53.41767293139494,25.249568291416228,80379740
sw,-78.2004776000976,-53.3918418884277,56.0032828159472,43.63584519484109,80396407
sw,-77.4501647949218,-54.3629417419433,57.68231468796623,61.45586496347701,80413074
sw,-76.4061203002929,-56.2414016723632,58.41498320677179,77.12758919936962,80429741
sw,-75.3021392822265,-58.3424797058105,57.8598103055519,89.39201935061651,80446408
sw,-74.2858810424804,-59.9763031005859,55.49084774612008,97.68490615022613,80463075
sw,-73.4225234985351,-61.5511589050293,50.74599774420026,102.23516191181125,80479742
sw,-72.7485427856445,-63.2742652893066,43.125937016595685,103.86767245930513,80496409
sw,-72.3151168823242,-64.3584289550781,32.22111586738892,103.61550766744412,80513076
sw,-72.1559600830078,-65.7533950805664,17.698429598934617,102.31593827600807,80529743
sw,-72.3251419067382,-67.3725280761718,-0.6964654367722695,100.35166968991807,80546410
sw,-72.7974700927734,-68.6844863891601,-23.07632630257589,97.62174935083212,80563077
sw,-73.429458618164,-69.9965133666992,-49.2817158332625,93.72742039461072,80579744
sw,-74.3741149902343,-71.5641555786132,-78.72211796210517,88.27922059170415,80596411
sw,-75.9512252807617,-73.1180801391601,-110.26137975693287,81.19497839322274,80613078
sw,-78.3109130859375,-74.4667434692382,-142.21764288996607,72.86575296314771,80629745
sw,-81.419937133789,-75.3843460083007,-172.5051551567931,64.11577552472232,80646412
sw,-84.6438751220703,-75.8579635620117,-198.88664943861536,55.965290069335964,80663079
sw,-87.571662902832,-76.1961059570312,-219.27024791261152,49.29339713081354,80679746
sw,-87.3202972412109,-76.7019424438476,-231.9935847367147,44.547115748395754,80696413
sw,-83.6358566284179,-77.4478378295898,-236.06775333200076,41.62177774181828,80713080
sw,-79.3000411987304,-78.4420013427734,-231.36401957123428,39.95515180772237,80729747
sw,-75.463752746582,-79.5017623901367,-218.70553937099214,38.77958799704079,80746414
sw,-72.3156204223632,-80.6419143676757,-199.8078031013089,37.415248655397235,80763081
sw,-69.2597045898437,-81.7155838012695,-177.03273356690562,35.486962524480745,80779748
sw,-66.5528182983398,-82.3779754638671,-152.9783909719558,32.99555304695519,80796415
sw,-64.6594085693359,-82.7811813354492,-129.9834330360761,30.243247114521342,80813082
sw,-63.2160377502441,-83.1586608886718,-109.65921218252929,27.673513340102158,80829749
sw,-62.008731842041,-83.6205902099609,-92.5705958769226,25.712608183966434,80846416
sw,-60.7766418457031,-84.1766128540039,-78.16484370521802,24.67842038304388,80863083
sw,-59.6145553588867,-84.6937866210937,-64.98841126318088,24.76540860152166,80879750
sw,-58.6599884033203,-85.1525726318359,-51.146929085057735,26.062402162035724,80896417
sw,-57.9275436401367,-85.5962905883789,-34.88813102009231,28.54814919344512,80913084
sw,-57.3655853271484,-86.0371170043945,-15.150717717131249,32.040013511581094,80929751
sw,-57.2002449035644,-86.4375610351562,8.068786018612382,36.11635061366557,80946418
sw,-57.5943412780761,-86.7587661743164,33.63176920722635,40.061671466754234,80963085
sw,-58.9068450927734,-87.0099105834961,59.48092446743767,42.88243623313945,80979752
sw,-60.729263305664,-87.1558685302734,83.10835803655054,43.415958820447,80996419
sw,-62.484088897705,-87.1608200073242,102.13483307631137,40.519924720923036,81013086
sw,-64.3658752441406,-87.0289611816406,114.845927928198,33.29956620364821,81029753
sw,-66.2760391235351,-86.8209152221679,120.56639277231828,21.313086603910506,81046420
sw,-68.4592971801757,-86.656021118164,119.81399513733605,4.697362403438238,81063087
sw,-70.6337509155273,-86.6708068847656,114.21859938109539,-15.825390492195725,81079754
sw,-72.9175033569336,-86.8514785766601,106.21112417476378,-39.067485721288065,81096421
sw,-74.7287292480468,-86.8856735229492,98.50507319357521,-63.5921234871865,81113088
sw,-75.8498458862304,-86.2207336425781,93.4403813637211,-87.96382066362771,81129755
sw,-76.5335235595703,-84.8483963012695,92.3354327148771,-110.95610346126645,81146422
sw,-77.5259552001953,-82.9842376708984,95.05473274401672,-131.65289208062026,81163089
sw,-78.9548950195312,-80.7867431640625,99.98436237108109,-149.42020506152352,81179756
sw,-81.0030441284179,-78.2880935668945,104.48752537677719,-163.77802286414916,81196423
sw,-83.2905731201171,-75.6343307495117,105.73073682176124,-174.24715854947908,81213090
sw,-85.413459777832,-72.722900390625,101.61643748797941,-180.26382070457538,81229757
sw,-87.2549057006836,-69.7292022705078,91.5048772656426,-181.23408625619925,81246424
sw,-87.7418975830078,-66.4806671142578,76.47630770778706,-176.74144606672806,81263091
sw,-87.3289260864257,-63.0324554443359,59.04203887051287,-166.83861278593895,81279758
sw,-87.1018676757812,-60.3609237670898,42.40331059077832,-152.2858177929523,81296425
sw,-87.1135101318359,-58.3862533569335,29.51524174649295,-134.58794917558956,81313092
sw,-87.1820068359375,-56.7754478454589,22.277538854041474,-115.7544599728269,81329759
sw,-87.1956481933593,-55.3773117065429,21.11362251561885,-97.82763594479017,81346426
sw,-86.9574737548828,-54.6963157653808,25.041209515038876,-82.33082148347134,81363093
sw,-86.2782669067382,-54.0460014343261,32.151081658512744,-69.83087986786371,81379760
sw,-85.3783950805664,-53.2021179199218,40.27498260261085,-59.7786394999623,81396427
sw,-84.5136642456054,-52.1580009460449,47.58959299498732,-50.698488553110245,81413094
sw,-83.6140747070312,-51.1189079284668,52.974177540589274,-40.67232721634599,81429761
sw,-82.6947021484375,-50.4363784790039,56.06720722955742,-27.95570571327827,81446428
sw,-81.8716735839843,-50.1508064270019,57.08388924317558,-11.525595141039084,81463095
sw,-81.1798934936523,-50.1709365844726,56.51752840326307,8.599436770832892,81479762
sw,-80.541877746582,-50.647045135498,54.849757064806404,31.33718784169232,81496429
sw,-79.7901458740234,-51.8558502197265,52.35789816499616,54.795547506747454,81513096
sw,-78.8669204711914,-53.2612953186035,49.05268497471173,76.71019284143955,81529763
sw,-77.9104614257812,-54.6157493591308,44.723569094165114,94.94195815904915,81546430
sw,-77.1307144165039,-56.1121788024902,39.03073299985147,107.91856094690357,81563097
sw,-76.598274230957,-58.1334266662597,31.57862189409651,114.94248902544686,81579764
sw,-76.2776489257812,-60.5166702270507,21.93603182038679,116.32204131084559,81596431
sw,-76.1730880737304,-62.5163688659668,9.61408274558315,113.29928427108078,81613098
sw,-76.4102935791015,-64.3131103515625,-5.949627862346029,107.76525268762451,81629765
sw,-77.0508422851562,-65.8398132324218,-25.34112596550294,101.79587276148487,81646432
sw,-77.9517440795898,-66.8155670166015,-49.012869083994964,97.10754149544245,81663099
sw,-78.9911804199218,-67.6850280761718,-77.02155880924266,94.58426455420064,81679766
sw,-80.3735275268554,-68.783332824707,-108.722470021896,94.03450714323921,81696433
sw,-82.2661437988281,-70.1073837280273,-142.53280042349263,94.28176817647974,81713100
sw,-84.4366226196289,-71.8017501831054,-175.88860205362025,93.58798668606612,81729767
sw,-85.9509811401367,-73.7460861206054,-205.4785437254345,90.28546035279926,81746434
sw,-85.422004699707,-75.6752471923828,-227.7593285949159,83.40004589696252,81763101
sw,-82.8707427978515,-77.1503219604492,-239.67149572216326,73.03409623929446,81779768
sw,-78.2008438110351,-77.9997482299804,-239.39567391953221,60.361958935427815,81796435
sw,-72.7218933105468,-78.2878723144531,-226.92648834073617,47.2456661835221,81813102
sw,-69.8025360107421,-78.4235076904296,-204.23315620084938,35.63393189337403,81829769
sw,-67.7161178588867,-78.875015258789,-174.88147897052858,26.988134424515845,81846436
sw,-65.7402725219726,-79.6779174804687,-143.20242161598273,21.945607746275375,81863103
sw,-64.216323852539,-80.3528060913086,-113.28633938314367,20.305294678032297,81879770
sw,-62.9586906433105,-80.8070449829101,-88.13034178689527,21.276185831591455,81896437
sw,-61.8127975463867,-81.2522811889648,-69.16146860378369,23.84107770134073,81913104
sw,-60.6445541381835,-81.778938293457,-56.194339987718,27.08541867510775,81929771
sw,-59.7067756652832,-82.3147430419921,-47.74716289250437,30.396449340218584,81946438
sw,-58.9222793579101,-82.8512573242187,-41.56953538822376,33.50697213085567,81963105
sw,-58.358543395996,-83.4099502563476,-35.22800150602668,36.412494451532716,81979772
sw,-57.9954452514648,-83.9634704589843,-26.63030949554442,39.21968545240835,81996439
sw,-57.713939666748,-84.4610519409179,-14.416997106802423,41.98656149424498,82013106
sw,-57.6184654235839,-84.8729476928711,1.8146282160144043,44.59751747683997,82029773
sw,-57.7078056335449,-85.18994140625,21.468915563470855,46.69375457706765,82046440
sw,-58.6640434265136,-85.4933319091796,43.090979094934326,47.66476359431025,82063107
sw,-60.0677795410156,-85.8455047607421,64.65754612343281,46.70189692737197,82079774
sw,-61.4634132385253,-86.2340774536132,83.95709892272117,42.9132710851074,82096441
sw,-63.032974243164,-86.5473098754882,98.98075127449833,35.49074979962237,82113108
sw,-64.7036361694336,-86.6641693115234,108.26156792794976,23.901694719482865,82129775
sw,-66.4499435424804,-86.6472473144531,111.13220879394329,8.058268958813962,82146442
sw,-68.3780364990234,-86.67333984375,107.88712586744944,-11.590321715133108,82163109
sw,-70.5266494750976,-86.7666854858398,99.82339477821276,-34.08187089506483,82179776
sw,-72.6323318481445,-86.6752777099609,89.11254690962804,-58.085353914217464,82196443
sw,-73.8991088867187,-85.9744033813476,78.46105375072361,-82.12823830856938,82213110
sw,-74.4433441162109,-84.5791015625,70.57529164430571,-104.8400979816556,82229777
sw,-75.0780029296875,-82.6458511352539,67.54156629615564,-125.13858847894075,82246444
sw,-76.139778137207,-80.4458084106445,70.30129775763987,-142.3040305313619,82263111
sw,-77.5437698364257,-78.0220108032226,78.38766098442812,-155.93153761608588,82279778
sw,-79.1184844970703,-75.4345626831054,89.99743881844576,-165.79905318999073,82296445
sw,-80.7103729248046,-72.5780181884765,102.36431370167035,-171.7243807967405,82313112
sw,-82.3039016723632,-69.591552734375,112.33646083518823,-173.48787755376821,82329779
sw,-83.8636169433593,-66.6488876342773,117.04848738662298,-170.86711108382647,82346446
sw,-85.2265243530273,-63.5962867736816,114.58097506194416,-163.77739126211182,82363113
sw,-86.116470336914,-61.1460723876953,104.48865289077656,-152.45939891565624,82379780
sw,-85.6512985229492,-59.0720405578613,88.05360168198483,-137.62560279369868,82396447
sw,-84.5028915405273,-57.0985374450683,68.12352129124113,-120.48403443969552,82413114
sw,-84.489501953125,-55.1052894592285,48.47905850104024,-102.59467070584459,82429781
sw,-85.3345260620117,-53.8923530578613,32.84878220772843,-85.5634152445892,82446448
sw,-85.9088287353515,-53.3107528686523,23.879029284637564,-70.63477403346347,82463115
sw,-85.6812133789062,-52.9457168579101,22.435815950475632,-58.30345168338595,82479782
sw,-84.8776473999023,-52.5005455017089,27.49127561130286,-48.10051013111365,82496449
sw,-83.8021087646484,-51.8634071350097,36.591680443650304,-38.67965025044951,82513116
sw,-82.6642837524414,-51.0480003356933,46.67318886856521,-28.223836426065237,82529783
sw,-81.6492004394531,-50.2402038574218,54.90336934843707,-15.056870742800315,82546450
sw,-80.7163848876953,-49.8785972595214,59.29107627569945,1.7514079565195302,82563117
sw,-79.7982635498046,-50.0586204528808,58.95280729691644,22.00428051012644,82579784
sw,-78.9637451171875,-51.048973083496,54.06331232154525,44.352790130330916,82596451
sw,-78.2811508178711,-52.7320175170898,45.59748411361474,66.61782474078389,82613118
sw,-77.7066650390625,-54.3390998840332,34.98143833475825,86.32713859465696,82629785
sw,-77.1756820678711,-55.7117614746093,23.737595755729963,101.28393202155378,82646452
sw,-76.794807434082,-57.4073982238769,13.164731601695173,110.01996059357637,82663119
sw,-76.6905059814453,-59.5508003234863,4.066242508552325,112.06597685317533,82679786
sw,-76.8738861083984,-61.5833702087402,-3.4583321223137475,108.03222222081394,82696453
sw,-77.329475402832,-63.4015464782714,-10.118906018501795,99.50780580571943,82713120
sw,-77.843391418457,-64.8595199584961,-17.377200402156934,88.78755134726765,82729787
sw,-78.3003005981445,-66.0637512207031,-27.17933228065614,78.45125364330251,82746454
sw,-78.7192306518554,-66.9222869873046,-41.49100345274309,70.85477244841667,82763121
sw,-79.3672790527343,-67.7546997070312,-61.72905282365915,67.62572007776785,82779788
sw,-80.548828125,-68.4464721679687,-88.24258029854234,69.27431135747025,82796455
sw,-82.3755340576171,-69.3167495727539,-119.99756790379887,75.02674122665984,82813122
sw,-84.5641937255859,-70.4011306762695,-154.55904816441566,82.9571846109857,82829789
sw,-86.2801666259765,-71.7939987182617,-188.37990450470934,90.42802154294371,82846456
sw,-85.9856567382812,-73.4711380004882,-217.34015644960087,94.75529103850144,82863123
sw,-83.4600143432617,-75.3191299438476,-237.4521494927893,93.93005859048309,82879790
sw,-79.7873764038086,-77.3167037963867,-245.63300411475697,87.18516588187443,82896457
sw,-74.3104095458984,-78.9857940673828,-240.41226903878018,75.22360362434453,82913124
sw,-69.9471893310546,-79.9796371459961,-222.39271355332596,60.019726000783415,82929791
sw,-66.9668807983398,-80.3542098999023,-194.2740556787089,44.24613612603094,82946458
sw,-64.2325210571289,-80.5670852661132,-160.34535748072352,30.51891130183888,82963125
sw,-62.6019821166992,-80.7864608764648,-125.5345162217833,20.724536166036017,82979792
sw,-61.9204940795898,-80.9044113159179,-94.27454350248514,15.649315563026267,82996459
sw,-61.2992897033691,-81.1287231445312,-69.5170596524222,14.997054493625312,83013126
sw,-60.425666809082,-81.6087112426757,-52.17180584678309,17.725997429256314,83029793
sw,-59.5371665954589,-82.3347930908203,-41.10658915075857,22.5304881140246,83046460
sw,-58.8387489318847,-83.1365890502929,-33.66426996649077,28.26740432045597,83063127
sw,-58.295482635498,-83.8681259155273,-26.51381247961085,34.17844121008637,83079794
sw,-57.9331855773925,-84.4578323364257,-16.594874061021432,39.860565334968896,83096461
sw,-57.6453475952148,-84.9426651000976,-1.9308390650835259,45.04663683458833,83113128
sw,-57.5084915161132,-85.4232406616211,17.863030895474083,49.33137703732634,83129795
sw,-57.6360473632812,-85.8919677734375,41.483969623408335,51.98604149536663,83146462
sw,-59.2200851440429,-86.186279296875,66.28237242264821,51.95078495631808,83163129
sw,-61.4320945739746,-86.2305374145507,88.95377230665017,48.0088795282128,83179796
sw,-63.5247001647949,-86.2016677856445,106.3894171216218,39.074494116416744,83196463
sw,-65.4898681640625,-86.2575988769531,116.44425473250699,24.493643638270772,83213130
sw,-67.160774230957,-86.3789672851562,118.42824455600946,4.266478886351966,83229797
sw,-69.2469024658203,-86.5666351318359,113.23643218952446,-20.869482535418012,83246464
sw,-71.5759735107421,-86.850357055664,103.1317526102307,-49.51716046929856,83263131
sw,-73.1166915893554,-86.78173828125,91.24436492655958,-79.84003640400178,83279798
sw,-74.1326370239257,-85.4923324584961,80.87802782496105,-109.86463599931152,83296465
sw,-74.8555221557617,-83.2373809814453,74.75479065328841,-137.7743414538623,83313132
sw,-75.7983703613281,-80.5532608032226,74.37279087760916,-162.10226055062716,83329799
sw,-77.141845703125,-77.681037902832,79.64896727516404,-181.77261139947572,83346466
sw,-78.7273483276367,-74.8464736938476,88.94522641889226,-196.01335732877808,83363133
sw,-80.3886795043945,-71.8069229125976,99.46587861334761,-204.22999874524064,83379800
sw,-82.006965637207,-68.2192077636718,107.92217888640222,-205.9485855696981,83396467
sw,-83.6191787719726,-64.194107055664,111.31583830812853,-200.88739048574885,83413134
sw,-85.3300323486328,-61.0331840515136,107.6847133984884,-189.1287529090774,83429801
sw,-86.7817993164062,-58.6373672485351,96.6524261032121,-171.29578799758696,83446468
sw,-86.6049499511718,-56.4061431884765,79.62510330449382,-148.63578838164497,83463135
sw,-85.9347076416015,-54.133071899414,59.51793884660508,-122.95696532023135,83479802
sw,-86.3367080688476,-52.2827110290527,40.01517762507199,-96.40926602567878,83496469
sw,-87.2630538940429,-51.2473754882812,24.556281914633992,-71.1275658533856,83513136
sw,-87.797004699707,-50.9423103332519,15.39824701536835,-48.79273957979713,83529803
sw,-87.6287612915039,-51.1264953613281,13.106039654638765,-30.224767476521524,83546470
sw,-87.0185012817382,-51.253620147705,16.638762338831164,-15.164418367587967,83563137
sw,-86.1489334106445,-51.1845512390136,23.93176474799628,-2.372821699945081,83579804
sw,-85.2889862060546,-50.9257202148437,32.68101753909341,9.931112856168197,83596471
sw,-84.5330276489257,-50.6668281555175,41.00633310304861,23.420706499699037,83613138
sw,-83.8234329223632,-50.6511192321777,47.78456357819231,39.030258819363354,83629805
sw,-83.1679458618164,-51.0962562561035,52.616227708554604,56.58249746319988,83646472
sw,-82.5575561523437,-52.7997093200683,55.533640902159995,74.81445534261432,83663139
sw,-81.8314361572265,-55.2533264160156,56.62855384505706,91.77413567983992,83679806
sw,-80.9548416137695,-56.998966217041,55.76645099447192,105.40995845518277,83696473
sw,-80.0268173217773,-58.1805953979492,52.48491235739107,114.12843437875672,83713140
sw,-79.075927734375,-59.5630683898925,46.081288874122734,117.17301415865035,83729807
sw,-78.2051925659179,-61.4327354431152,35.81892255741907,114.79880725481436,83746474
sw,-77.6189804077148,-63.569465637207,21.14865050850179,108.27487361359857,83763141
sw,-77.6009140014648,-65.7016220092773,1.8606584892422209,99.71346017835896,83779808
sw,-78.1753921508789,-66.5434341430664,-21.863136588935603,91.683659473289,83796475
sw,-79.1288375854492,-67.2941970825195,-49.464765247003065,86.60539621122983,83813142
sw,-80.3962478637695,-68.0220947265625,-80.03032276933247,86.04158610621403,83829809
sw,-81.948989868164,-68.8245010375976,-112.26685408616444,90.12455556242702,83846476
sw,-83.8275985717773,-70.0906829833984,-144.4409674591532,97.36914740986718,83863143
sw,-85.5586013793945,-71.8174819946289,-174.34022329026376,105.00885358205014,83879810
sw,-86.1709594726562,-73.9609832763671,-199.34823338826385,109.79419348733475,83896477
sw,-84.9813995361328,-76.2379302978515,-216.71557223894396,109.00613966728048,83913144
sw,-82.441421508789,-78.5818557739257,-224.05656242052748,101.3406410374964,83929811
sw,-78.4332046508789,-80.6703872680664,-220.00295985979648,87.34862126686171,83946478
sw,-72.8154144287109,-81.7232513427734,-204.81719823450257,69.26239844792822,83963145
sw,-69.7323379516601,-82.01318359375,-180.6798450291847,50.264784865904296,83979812
sw,-67.6771621704101,-81.9378890991211,-151.4168441198045,33.48227250183913,83996479
sw,-66.2819900512695,-82.1296005249023,-121.64982868192692,21.097856393485397,84013146
sw,-65.7545394897461,-82.5918273925781,-95.62521839123791,13.905616964465166,84029813
sw,-65.0592880249023,-83.1532440185546,-76.13295543972264,11.40400788592635,84046480
sw,-64.0466995239257,-83.685806274414,-63.88049380654748,12.283440581426797,84063147
sw,-62.6919860839843,-84.2672576904296,-57.49137198630062,15.035242831496912,84079814
sw,-61.3358421325683,-84.8851928710937,-54.06424485524904,18.42890619905095,84096481
sw,-60.3272094726562,-85.4558029174804,-50.06220836344227,21.721945024212726,84113148
sw,-59.7276344299316,-85.9504928588867,-42.25556277871465,24.60553316815353,84129815
sw,-59.3913307189941,-86.3307266235351,-28.49638760191166,26.991228227677624,84146482
sw,-58.9501953125,-86.6279220581054,-8.196307609641632,28.779953096019508,84163149
sw,-58.7722282409668,-86.8208541870117,17.54804143818504,29.72331681057388,84179816
sw,-59.1427726745605,-86.7961883544921,46.19319229848916,29.415676888380805,84196483
sw,-61.0851287841796,-86.6470184326171,74.31340817289635,27.38394947086626,84213150
sw,-63.3630027770996,-86.5425491333007,98.37674934506992,23.204899070119424,84229817
sw,-65.4363708496093,-86.5574188232421,115.54028826206098,16.58662275757278,84246484
sw,-67.4929046630859,-86.6513977050781,124.25721376680123,7.38756756136677,84263151
sw,-69.4146041870117,-86.7151489257812,124.5605247896925,-4.413460541009455,84279818
sw,-71.3741836547851,-86.6503524780273,117.99987067350385,-18.76010153788396,84296485
sw,-73.2882766723632,-86.3973922729492,107.29091439146572,-35.53875110342512,84313152
sw,-75.0962295532226,-85.8952102661132,95.76427407663688,-54.55856096625488,84329819
sw,-76.7626419067382,-85.0329284667968,86.6981696625532,-75.49476924536515,84346486
sw,-77.9771728515625,-83.703498840332,82.62334748278751,-97.8137946534197,84363153
sw,-78.8146133422851,-81.9881591796875,84.71655161852563,-120.70312610029826,84379820
sw,-79.8273239135742,-79.8965682983398,92.43079514630236,-143.02810599443708,84396487
sw,-81.2177658081054,-77.4199905395507,103.50608287155913,-163.33879250690538,84413154
sw,-82.8860549926757,-74.5204696655273,114.43324384222473,-179.9538668895059,84429821
sw,-84.8587875366211,-71.2286911010742,121.31593762333793,-191.14482286377032,84446488
sw,-86.7722702026367,-67.9023208618164,120.9367713320842,-195.42027036189177,84463155
sw,-87.1325607299804,-64.5017395019531,111.73357016378493,-191.86711424050466,84479822
sw,-85.0827941894531,-61.5369911193847,94.36966688392017,-180.45968955345356,84496489
sw,-83.6666793823242,-58.8503990173339,71.66582572954172,-162.22482807875969,84513156
sw,-83.384292602539,-56.4260597229003,47.85727185926596,-139.16828661950387,84529823
sw,-83.6050262451171,-54.5877532958984,27.394554607020257,-113.92673764622059,84546490
sw,-84.0884170532226,-53.5569305419921,13.702907035880811,-89.19549577544599,84563157
sw,-84.4815368652343,-53.0637664794921,8.336558460982925,-67.07288118589861,84579824
sw,-84.3957748413086,-52.8216171264648,10.792394407839568,-48.52550229504498,84596491
sw,-83.683479309082,-52.4891166687011,18.97168555318667,-33.17578208071829,84613158
sw,-82.4039001464843,-51.8436203002929,30.03321944309811,-19.521968159906283,84629825
sw,-81.2591094970703,-51.2013816833496,41.269449602909944,-5.54501808188895,84646492
sw,-80.6230316162109,-50.8520584106445,50.693477302999455,10.497284030935445,84663159
sw,-80.1108016967773,-50.801643371582,57.205944219908766,29.36781240927746,84679826
sw,-79.4836044311523,-51.2972221374511,60.416453188110985,50.486013340993004,84696493
sw,-78.6820983886718,-52.7207870483398,60.31768006075838,72.02226681513787,84713160
sw,-77.609390258789,-55.02193069458,57.00445773643177,91.402575930937,84729827
sw,-76.5982894897461,-57.1363105773925,50.53110238496078,106.03392533976769,84746494
sw,-75.9364395141601,-58.7970161437988,40.89101110497788,114.00687659711153,84763161
sw,-75.6402130126953,-60.5816612243652,28.049340118807365,114.5853242174086,84779828
sw,-75.5012817382812,-62.3961143493652,11.973353297779175,108.40496335046748,84796495
sw,-75.576789855957,-64.3053436279296,-7.350449745438449,97.38961461744556,84813162
sw,-76.1108856201171,-66.0957641601562,-29.891046131464645,84.41966322499022,84829829
sw,-77.0501708984375,-66.7518920898437,-55.51419848398333,72.7847824422762,84846496
sw,-78.3822250366211,-67.3173446655273,-83.88048078125243,65.48137085064639,84863163
sw,-80.2006454467773,-67.9956817626953,-114.31152806594133,64.48448428520287,84879830
sw,-82.3958206176757,-68.6860122680664,-145.6562270067444,70.18595243785956,84896497
sw,-84.622329711914,-69.7145538330078,-176.2034361757014,81.18704614365228,84913164
sw,-86.0207443237304,-71.1117477416992,-203.69528850327802,94.55072669607837,84929831
sw,-85.5403442382812,-72.8438262939453,-225.49403231778157,106.48722064017804,84946498
sw,-83.1543273925781,-74.9115600585937,-238.93769846741364,113.31568755732778,84963165
sw,-79.3882980346679,-77.4310989379882,-241.87008793278443,112.45200216209885,84979832
sw,-74.3803253173828,-80.2426452636718,-233.2454847644309,103.13933553939064,84996499
sw,-70.8842086791992,-82.6548461914062,-213.6220829915407,86.67927302806244,85013166
sw,-67.6358261108398,-83.8388442993164,-185.33291997283717,66.05127436081298,85029833
sw,-64.0836563110351,-83.8269500732421,-152.1958507135905,45.01673066054696,85046500
sw,-62.2073554992675,-83.2131423950195,-118.7667931643563,27.017974872431143,85063167
sw,-61.9337997436523,-82.8900527954101,-89.2962604503664,14.282906299683354,85079834
sw,-61.9293136596679,-83.0920104980468,-66.67683865080258,7.452785305963988,85096501
sw,-61.5140037536621,-83.6386337280273,-51.722146732548154,5.802910524871666,85113168
sw,-60.5191574096679,-84.299819946289,-43.03820876096512,7.862672780519794,85129835
sw,-59.3990020751953,-85.1058731079101,-37.53955136160439,12.10293591738962,85146502
sw,-58.4793167114257,-85.8006896972656,-31.426829878640916,17.395500607170952,85163169
sw,-57.9871253967285,-86.2332992553711,-21.302927513889543,23.110673605592233,85179836
sw,-57.7435417175293,-86.4948501586914,-5.105305799623071,28.906234800623952,85196503
sw,-57.6094551086425,-86.7555694580078,17.368952248216107,34.38892646688938,85213170
sw,-57.984016418457,-87.201171875,44.44072120340651,38.8549677065727,85229837
sw,-59.6512374877929,-87.6455764770507,73.0030287935674,41.24401056990165,85246504
sw,-62.0529747009277,-87.6959915161132,99.31609788474016,40.31856582346441,85263171
sw,-64.2764053344726,-87.4543228149414,119.9232113859455,34.97457049714782,85279838
sw,-66.2702255249023,-87.2946243286132,132.44699189560365,24.546672294634917,85296505
sw,-68.4994735717773,-87.349380493164,136.0880504030203,8.99844107711191,85313172
sw,-71.0360565185546,-87.5575180053711,131.75286216806992,-11.04930616532184,85329839
sw,-73.4632720947265,-87.7510986328125,121.82130263512217,-34.43874621426343,85346506
sw,-75.3152770996093,-87.5613708496093,109.60749797138479,-59.693941018203404,85363173
sw,-76.8743667602539,-86.5293197631836,98.60281291800725,-85.27432244694671,85379840
sw,-77.987564086914,-84.6984024047851,91.64304877215703,-109.79750871818892,85396507
sw,-78.8635711669921,-82.4554595947265,90.19466010367147,-132.17433298602992,85413174
sw,-80.0410842895507,-80.0329132080078,93.9635862981928,-151.6220322906132,85429841
sw,-81.591812133789,-77.4721527099609,100.96719466700485,-167.56383025198048,85446508
sw,-83.4683532714843,-74.7657470703125,108.08356496382828,-179.4741296882232,85463175
sw,-85.5295486450195,-71.7792816162109,111.94512001300154,-186.76259499687376,85479842
sw,-87.5202178955078,-68.4450302124023,109.92886245111184,-188.78274789133857,85496509
sw,-87.8318328857421,-64.8372955322265,100.9508592320447,-184.9958976797356,85513176
sw,-86.0508728027343,-61.651008605957,85.81231293593902,-175.24082093119534,85529843
sw,-85.1824874877929,-58.9770431518554,66.9691098762701,-159.9934301205121,85546510
sw,-85.040657043457,-56.5818405151367,47.787422498057495,-140.48399529846853,85563177
sw,-85.0216979980468,-54.5559043884277,31.542542639527934,-118.5811347244131,85579844
sw,-84.9691925048828,-53.2231826782226,20.520234169707784,-96.43393220453764,85596511
sw,-84.8234710693359,-52.5728034973144,15.525927874926063,-75.95862775900035,85613178
sw,-84.35986328125,-52.1930274963378,15.923527509569139,-58.33421562217235,85629845
sw,-83.6004943847656,-51.6794128417968,20.109300253775437,-43.69570763489733,85646512
sw,-82.7656784057617,-50.9674034118652,26.17747723872165,-31.15730799861865,85663179
sw,-82.0565109252929,-50.3376502990722,32.50696284813223,-19.17360903743832,85679846
sw,-81.3856887817382,-50.0613632202148,38.08550702930976,-6.114932688887101,85696513
sw,-80.7394485473632,-50.0352058410644,42.529873688114364,9.141305365428945,85713180
sw,-80.1641311645507,-50.1758041381835,45.88281432115495,26.794088082492152,85729847
sw,-79.5640411376953,-50.5916137695312,48.32277366164682,46.00182231982667,85746514
sw,-78.9073333740234,-51.8118782043457,49.909983146747464,65.09738717953805,85763181
sw,-78.2154846191406,-53.8145446777343,50.443436257535126,82.06766805742478,85779848
sw,-77.4705200195312,-55.8342933654785,49.449445554699636,95.14016956446463,85796515
sw,-76.6705093383789,-57.5650825500488,46.28104584918951,103.27701375469007,85813182
sw,-75.8622589111328,-59.2852363586425,40.2807962158646,106.41575829498548,85829849
sw,-75.1382141113281,-61.1008911132812,30.945911401514824,105.40337988635251,85846516
sw,-74.6777191162109,-62.4555511474609,18.037076659407063,101.6849757369066,85863183
sw,-74.728889465332,-63.7981948852539,1.5963213009594115,96.87740823803361,85879850
sw,-75.2901840209961,-65.2894821166992,-18.1173124401506,92.36441972767805,85896517
sw,-76.1670913696289,-66.6307067871093,-40.720652529276194,89.00919971162914,85913184
sw,-77.2431869506836,-67.8928833007812,-65.75514135973776,87.02331421985552,85929851
sw,-78.621597290039,-68.9391632080078,-92.6429570986535,85.98913420231294,85946518
sw,-80.3176193237304,-69.9817962646484,-120.55938651715692,85.01913327985064,85963185
sw,-82.4748840332031,-71.4504776000976,-148.28772022421236,83.031916558261,85979852
sw,-84.9065322875976,-73.2554092407226,-174.1490081047351,79.10248782316398,85996519
sw,-86.8712539672851,-75.0665512084961,-196.08515795341125,72.79815848934695,86013186
sw,-86.7493591308593,-76.2144775390625,-211.93144497626162,64.37709879850654,86029853
sw,-84.0466537475586,-76.8983764648437,-219.854548194204,54.75216594184834,86046520
sw,-79.2945785522461,-77.4563674926757,-218.85688446412857,45.216994013701246,86063187
sw,-74.4730834960937,-77.9186630249023,-209.1734589376055,37.04269246506041,86079854
sw,-72.0119171142578,-78.555679321289,-192.36884652315626,31.110456867329358,86096521
sw,-70.0597152709961,-79.2660827636718,-171.03732283286826,27.716235644398868,86113188
sw,-68.0085525512695,-80.0296783447265,-148.19132757793537,26.59411158866118,86129855
sw,-65.6951675415039,-80.712661743164,-126.56586525498817,27.110044053389885,86146522
sw,-63.7612724304199,-81.3213119506836,-108.06643219952878,28.522917506301333,86163189
sw,-62.2430763244628,-81.8854064941406,-93.47635721345529,30.21066154408824,86179856
sw,-61.0950851440429,-82.4094009399414,-82.4270590287706,31.799798184434056,86196523
sw,-59.9564743041992,-82.9827575683593,-73.58540117510113,33.18683866238758,86213190
sw,-58.8799591064453,-83.6463394165039,-65.00672197791987,34.47507711230816,86229857
sw,-57.976219177246,-84.2977600097656,-54.59750928270514,35.862997378461884,86246524
sw,-57.2633972167968,-84.885269165039,-40.61416637757584,37.51806475205927,86263191
sw,-56.7279090881347,-85.4021911621093,-22.106365983172793,39.46407807976251,86279858
sw,-56.4447364807128,-85.8803024291992,0.7906926395812849,41.50749102517831,86296525
sw,-56.6259880065918,-86.3831253051757,26.79421021811165,43.224831797421906,86313192
sw,-57.5109100341796,-86.9825439453125,53.67881731473529,44.022402841141535,86329859
sw,-59.3987083435058,-87.6737594604492,78.71808451847085,43.25795434747115,86346526
sw,-61.2507553100585,-88.2465438842773,99.25699236077996,40.3878048426348,86363193
sw,-63.2678794860839,-88.4663467407226,113.26437734191741,35.08535197353766,86379860
sw,-65.272964477539,-88.4358978271484,119.72767693897768,27.28220563547591,86396527
sw,-67.2536697387695,-88.43115234375,118.81621886065331,17.115157965286876,86413194
sw,-68.9597854614257,-88.5198516845703,111.8137732324351,4.807351948333465,86429861
sw,-70.6365127563476,-88.6228561401367,100.86956267804594,-9.45505862371667,86446528
sw,-72.4953231811523,-88.6531753540039,88.62873585717496,-25.58886794629579,86463195
sw,-74.0652847290039,-88.4557952880859,77.79127322287228,-43.5916852034784,86479862
sw,-75.0728225708007,-87.7621841430664,70.63932171358067,-63.44315366792152,86496529
sw,-75.7199783325195,-86.5652160644531,68.59018945161804,-84.96996434195916,86513196
sw,-76.6352386474609,-84.84326171875,71.86802709865121,-107.72103396524042,86529863
sw,-77.9586868286132,-82.6428909301757,79.40090139381556,-130.88836068393286,86546530
sw,-79.4598846435546,-79.9883193969726,89.00879969165753,-153.2931393222517,86563197
sw,-80.968391418457,-77.106704711914,97.86577415774411,-173.44439268084483,86579864
sw,-82.5753021240234,-74.0637130737304,103.14091744949852,-189.67224167215866,86596531
sw,-84.4176330566406,-70.6583709716796,102.67735456332376,-200.33592681951623,86613198
sw,-86.3499298095703,-67.0239105224609,95.5524629455006,-204.09532002502763,86629865
sw,-87.4242782592773,-63.0780334472656,82.36759675045597,-200.20413042610426,86646532
sw,-87.1099853515625,-59.9664916992187,65.1551366072294,-188.7438752188976,86663199
sw,-86.8071517944336,-57.1948547363281,46.8865939118579,-170.70147907007805,86679866
sw,-86.6922760009765,-54.8139533996582,30.70609026878427,-147.825684637312,86696533
sw,-86.5652160644531,-53.1406555175781,19.133787892105172,-122.27104609984163,86713200
sw,-86.434326171875,-51.9726333618164,13.504714814972672,-96.11901406730149,86729867
sw,-86.3096542358398,-51.2384948730468,13.806630702550079,-70.91915931781236,86746534
sw,-86.1289978027343,-50.6991004943847,18.913594628115256,-47.399102273828724,86763201
sw,-85.6785888671875,-50.3379325866699,27.07005496665305,-25.44332468707103,86779868
sw,-84.9987640380859,-50.0348320007324,36.422078825269,-4.351781074355806,86796535
sw,-84.2545166015625,-49.9580459594726,45.42212217416015,16.70947361883838,86813202
sw,-83.4607925415039,-50.2009925842285,53.0186455733955,38.224354467398456,86829869
sw,-82.6915817260742,-50.8679580688476,58.636843381275426,59.984381550743855,86846536
sw,-81.9617385864257,-51.7973594665527,62.02423574688837,81.01723213360334,86863203
sw,-81.1481170654296,-53.6479606628418,63.05778237076957,99.82139510433619,86879870
sw,-80.2895126342773,-56.4027061462402,61.59270337163933,114.82602783009992,86896537
sw,-79.4551239013671,-58.9542999267578,57.39548580398077,124.89730789764815,86913204
sw,-78.6808471679687,-60.9960479736328,50.163592841216776,129.68427557769243,86929871
sw,-77.9349365234375,-62.9703140258789,39.60427115410594,129.66882950149667,86946538
sw,-77.3068161010742,-64.8351058959961,25.529017690495067,125.92424908952552,86963205
sw,-77.0245742797851,-65.9944381713867,7.920610814483062,119.71358587115309,86979872
sw,-77.3453521728515,-67.69287109375,-13.051242415950068,112.10919662801507,86996539
sw,-78.2070922851562,-68.898193359375,-37.05456171603879,103.77825029631582,87013206
sw,-79.3187179565429,-69.987190246582,-63.61563307358543,94.9880954216258,87029873
sw,-80.6496658325195,-71.3505935668945,-92.08595576185618,85.78690572138245,87046540
sw,-82.2323913574218,-72.9519500732421,-121.54166749749362,76.2495011208394,87063207
sw,-84.1612854003906,-74.2736587524414,-150.6588125919677,66.6642248337935,87079874
sw,-85.8907241821289,-75.3445587158203,-177.64969726685902,57.572436383554106,87096541
sw,-86.2242584228515,-76.0172042846679,-200.34712218424752,49.64279705768882,87113208
sw,-84.5648422241211,-76.3842620849609,-216.48440360754364,43.440757715067676,87129875
sw,-81.3065185546875,-76.8524322509765,-224.14941925724244,39.20524344514333,87146542
sw,-75.9344100952148,-77.5443878173828,-222.3003494145993,36.743483449612256,87163209
sw,-72.0738220214843,-78.4984893798828,-211.15200312539858,35.4979489857031,87179876
sw,-69.651741027832,-79.4195938110351,-192.2428870143138,34.75349171180765,87196543
sw,-67.5302734375,-80.1060028076171,-168.1174171835094,33.88638834109173,87213210
sw,-65.3703308105468,-80.7511215209961,-141.74020757774417,32.54801830844595,87229877
sw,-63.2469177246093,-81.3338623046875,-115.86506157354957,30.722242979567575,87246544
sw,-61.5945091247558,-81.7823104858398,-92.54657893790316,28.66107110858634,87263211
sw,-60.4740982055664,-82.1875686645507,-72.87206910629953,26.751304797620357,87279878
sw,-59.6185035705566,-82.6730880737304,-56.90557457916584,25.379791661977897,87296545
sw,-59.0013618469238,-83.216323852539,-43.80889191359998,24.847445871255072,87313212
sw,-58.5512771606445,-83.6951599121093,-32.10762970167299,25.34343527176565,87329879
sw,-58.2655792236328,-84.071662902832,-20.068210198885392,26.95284137560212,87346546
sw,-58.1372375488281,-84.3926544189453,-6.1344139101598945,29.6572820485372,87363213
sw,-58.2002487182617,-84.7220382690429,10.651606799657866,33.304886308564,87379880
sw,-58.3818702697753,-85.0660018920898,30.336415628356434,37.55742955830625,87396547
sw,-58.742504119873,-85.4214096069336,51.94241554842951,41.844916073784916,87413214
sw,-60.0935974121093,-85.7394256591796,73.6156398957896,45.35929397935456,87429881
sw,-62.1709289550781,-85.9688110351562,93.0264921856848,47.10360001894316,87446548
sw,-64.2439346313476,-86.1009292602539,107.92757074598795,45.99362591137637,87463215
sw,-66.3834457397461,-86.1501541137695,116.71020573274632,40.99692135631833,87479882
sw,-68.1357040405273,-86.1238403320312,118.80508131485698,31.290671868095732,87496549
sw,-69.9991836547851,-86.0683670043945,114.83596516624037,16.41992140853651,87513216
sw,-72.3105697631836,-86.0996170043945,106.51039933864568,-3.5662999720436774,87529883
sw,-74.3133926391601,-86.267349243164,96.2773990263377,-28.031967163925977,87546550
sw,-75.491096496582,-86.5115356445312,86.80716129312657,-55.76017478239918,87563217
sw,-76.1470031738281,-86.5454406738281,80.38518750903762,-85.07326731682083,87579884
sw,-77.0679931640625,-85.7904357910156,78.3650895593322,-114.0592461960608,87596551
sw,-78.4398880004882,-83.989013671875,80.84272426258781,-140.8533115749125,87613218
sw,-80.1239547729492,-81.271499633789,86.65658121591284,-163.89251269318123,87629885
sw,-81.778205871582,-78.1556320190429,93.70712533250867,-182.06405813935524,87646552
sw,-83.3169326782226,-75.0102615356445,99.48984675134874,-194.70939904208942,87663219
sw,-84.7598571777343,-71.7651748657226,101.70056547516735,-201.51242667465397,87679886
sw,-86.2388610839843,-68.6809768676757,98.78674933442797,-202.3592941917394,87696553
sw,-87.2548446655273,-65.4894943237304,90.34390283913874,-197.2724775500042,87713220
sw,-86.8950576782226,-62.071979522705,77.26941708998355,-186.47359728987826,87729887
sw,-86.0498352050781,-58.966136932373,61.60651500941681,-170.53765367639483,87746554
sw,-85.6314315795898,-56.264907836914,46.072583985142025,-150.52127209375854,87763221
sw,-85.4657287597656,-54.217960357666,33.37197138452026,-127.93661629534714,87779888
sw,-85.4068832397461,-52.8735084533691,25.493937457264547,-104.51485987453842,87796555
sw,-85.2131652832031,-51.9628868103027,23.224670606076476,-81.81658082019703,87813222
sw,-84.746109008789,-51.3496971130371,26.029771728197165,-60.83576285266869,87829889
sw,-84.057502746582,-50.9108200073242,32.32376277369077,-41.7637338212422,87846556
sw,-83.1516418457031,-50.4452667236328,40.00431092795699,-24.023381908305673,87863223
sw,-82.1338119506836,-50.0205345153808,47.050939222122054,-6.579863628250324,87879890
sw,-81.1783065795898,-49.894302368164,51.99467759756668,11.574249091498983,87896557
sw,-80.349624633789,-50.0360031127929,54.14026832142247,30.930992117210234,87913224
sw,-79.6687698364257,-50.4909019470214,53.525646106088836,51.152621067472055,87929891
sw,-79.0337142944336,-51.6648139953613,50.69122403797096,71.04658110904654,87946558
sw,-78.3711395263671,-53.6166114807128,46.37476140683125,88.84125467422251,87963225
sw,-77.7291412353515,-55.6337509155273,41.23934219106609,102.66400026774873,87979892
sw,-77.1601257324218,-57.4421119689941,35.69751228183479,111.05472177180854,87996559
sw,-76.6644210815429,-59.3244743347168,29.84146614788046,113.35406304113306,88013226
sw,-76.1853256225586,-61.3156661987304,23.45145232459084,109.87338527091222,88029893
sw,-75.7787551879882,-63.0584030151367,16.042411854399944,101.83541722608807,88046560
sw,-75.6688079833984,-64.2774276733398,6.919844527965544,91.1304456891894,88063227
sw,-75.9341049194336,-65.5399780273437,-4.758335464016446,79.95750814416776,88079894
sw,-76.5403366088867,-66.8507690429687,-19.88930138512624,70.4227615447213,88096561
sw,-77.3115997314453,-67.769660949707,-39.265506154364154,64.15608525659465,88113228
sw,-78.212905883789,-68.4325561523437,-63.33066424077104,61.99577630837141,88129895
sw,-79.3669738769531,-68.9552612304687,-91.8844189538374,63.795229427806824,88146562
sw,-81.0150680541992,-69.7496185302734,-123.82224415857964,68.41706750295762,88163229
sw,-83.2636108398437,-70.9670791625976,-157.0195734596352,73.96604056482427,88179896
sw,-85.4241485595703,-72.6053314208984,-188.4445721911839,78.24891836042282,88196563
sw,-86.4055023193359,-74.3479385375976,-214.52821130742143,79.35669879287498,88213230
sw,-84.9003067016601,-75.8974075317382,-231.76020758016463,76.19432074345163,88229897
sw,-81.5461349487304,-77.202033996582,-237.42134944807654,68.78163462050534,88246564
sw,-76.1964950561523,-78.1796493530273,-230.29532493494273,58.222962603903476,88263231
sw,-71.7687149047851,-78.7685165405273,-211.1407033887288,46.35799958628913,88279898
sw,-69.3558883666992,-79.0833740234375,-182.71009416335443,35.21640081706766,88296565
sw,-67.4335098266601,-79.3564147949218,-149.23432428227758,26.462111168833715,88313232
sw,-65.8088302612304,-79.7798614501953,-115.50073393753782,21.007802075645003,88329899
sw,-64.7451400756836,-80.1698303222656,-85.81420481366186,18.905897238483487,88346566
sw,-63.9861755371093,-80.5118331909179,-63.14458299511832,19.513233681546822,88363233
sw,-63.1639900207519,-80.9408416748046,-48.658915696423946,21.83174231167692,88379900
sw,-62.2999610900878,-81.4744033813476,-41.69431902336613,24.884269981527122,88396567
sw,-61.5487480163574,-82.0400695800781,-40.10799220615967,27.997868934790354,88413234
sw,-60.8257789611816,-82.5897674560546,-40.87024377508414,30.919057716364794,88429901
sw,-60.1565284729003,-83.0857925415039,-40.748738808605935,33.75254532509814,88446568
sw,-59.5769615173339,-83.5695343017578,-36.95321377025606,36.772835645821246,88463235
sw,-58.9668807983398,-84.0666122436523,-27.644176743562255,40.188197762320655,88479902
sw,-58.5512390136718,-84.5637283325195,-12.238642965292264,43.93315146372798,88496569
sw,-58.5061302185058,-85.0211029052734,8.528620859952117,47.53991494373158,88513236
sw,-59.3100852966308,-85.4087600708007,32.79567159816533,50.11058835528478,88529903
sw,-60.6493263244628,-85.7714538574218,57.973804588935266,50.393752629725235,88546570
sw,-61.9718284606933,-86.0988693237304,81.26715962261258,46.96085384576837,88563237
sw,-63.5004196166992,-86.3367614746093,100.20163491082411,38.467952902618414,88579904
sw,-65.1515960693359,-86.4403686523437,113.07306213292568,23.967784663663764,88596571
sw,-67.3634490966796,-86.4350357055664,119.25737711436844,3.208462231631396,88613238
sw,-69.9689025878906,-86.451545715332,119.3371428666431,-23.165869402649033,88629905
sw,-72.5502395629882,-86.4898910522461,114.99031968665471,-53.591792261730824,88646572
sw,-74.3672637939453,-86.089241027832,108.60076673367524,-85.77927181767303,88663239
sw,-75.4258117675781,-84.6306762695312,102.62530012506694,-117.09067473503654,88679906
sw,-76.1964569091796,-82.2996978759765,98.87361538211137,-145.006582493997,88696573
sw,-77.283088684082,-79.4097442626953,97.94805839462418,-167.53962003446745,88713240
sw,-78.8680343627929,-76.2279739379882,99.07025977723895,-183.47339299702594,88729907
sw,-80.9485473632812,-73.2251205444336,100.38031415796021,-192.37379493443757,88746574
sw,-82.9036407470703,-70.3140106201171,99.60433067789988,-194.41489984367126,88763241
sw,-84.5479583740234,-67.405029296875,94.84891973064772,-190.1359281979878,88779908
sw,-85.8805389404296,-64.4057922363281,85.254743327794,-180.2595865628239,88796575
sw,-86.4756927490234,-61.3858947753906,71.31351042134833,-165.64502359521057,88813242
sw,-86.4955825805664,-58.8523330688476,54.77138286333289,-147.35256773987564,88829909
sw,-86.4374008178711,-56.7477684020996,38.162447935566796,-126.72058643563055,88846576
sw,-86.5192947387695,-55.0435333251953,24.118565755952684,-105.34203027740143,88863243
sw,-86.6651611328125,-53.7921104431152,14.670252210373107,-84.88145314020696,88879910
sw,-86.7886810302734,-53.1092414855957,10.76026470222024,-66.7590048450564,88896577
sw,-86.8250961303711,-52.7251548767089,12.117226359352003,-51.80489972353725,88913244
sw,-86.5802383422851,-52.3362960815429,17.498745993345985,-40.02358000428563,88929911
sw,-86.1013793945312,-51.8232192993164,25.17304177820365,-30.581922079836108,88946578
sw,-85.5831451416015,-51.3383407592773,33.43494774684252,-22.054942523758076,88963245
sw,-85.0593032836914,-50.9365615844726,40.97697177200811,-12.860870555323343,88979912
sw,-84.4331741333007,-50.7703819274902,47.030915967175005,-1.7438139639211134,88996579
sw,-83.6958770751953,-50.8718566894531,51.300353926076426,11.852528841346741,89013246
sw,-82.9210510253906,-51.1570091247558,53.771099269824525,27.633807693159373,89029913
sw,-82.1866912841796,-52.0262718200683,54.50337294350866,44.56245314622877,89046580
sw,-81.4451522827148,-53.5104293823242,53.489223534935554,61.17368476661385,89063247
sw,-80.6419525146484,-54.9070701599121,50.61900792449012,75.98346820849774,89079914
sw,-79.7684173583984,-56.1712455749511,45.75225085688002,87.85112747394791,89096581
sw,-78.919807434082,-57.7108993530273,38.84147554025799,96.19591543579153,89113248
sw,-78.2177047729492,-59.6271286010742,30.028972561341,101.03648555627528,89129915
sw,-77.7764587402343,-61.4645843505859,19.642616734694794,102.88109559608633,89146582
sw,-77.698616027832,-62.9920768737793,8.062027904415354,102.5236413305197,89163249
sw,-78.0005187988281,-64.4712829589843,-4.504835499625305,100.80814629984718,89179916
sw,-78.6157836914062,-66.130615234375,-18.232718525895294,98.4239574266534,89196583
sw,-79.4919509887695,-67.8237838745117,-33.75315994374037,95.77941382162012,89213250
sw,-80.4293212890625,-69.3985214233398,-52.00228607373633,92.97010786228836,89229917
sw,-81.4513931274414,-70.645278930664,-73.84035493310616,89.82650789480238,89246584
sw,-82.7153778076171,-71.7325057983398,-99.54805615412981,86.01526630900268,89263251
sw,-84.4707565307617,-73.1170043945312,-128.3822589920725,81.17623016153937,89279918
sw,-86.5947570800781,-74.6487274169921,-158.38173967166088,75.07861838964617,89296585
sw,-87.9453887939453,-76.1849670410156,-186.54431797001206,67.7600501323217,89313252
sw,-86.0171508789062,-77.2189407348632,-209.37938256737812,59.58991245822106,89329919
sw,-82.1582794189453,-77.8372802734375,-223.71306776810354,51.21017944443417,89346586
sw,-76.2672729492187,-78.2860412597656,-227.51655955608578,43.36221294822458,89363253
sw,-72.2233352661132,-78.7687606811523,-220.47550000295638,36.67207516990548,89379920
sw,-69.8628234863281,-79.5437240600586,-204.0748220098984,31.490034565188225,89396587
sw,-67.5541458129882,-80.3351287841796,-181.15950916087644,27.84528979408779,89413254
sw,-65.1611709594726,-80.9552383422851,-155.15853827854716,25.513132025927423,89429921
sw,-62.9105186462402,-81.4543151855468,-129.27526866141662,24.14369553254196,89446588
sw,-61.2030982971191,-81.9435119628906,-105.89278726671081,23.391787874211538,89463255
sw,-59.9393043518066,-82.4438705444336,-86.29852474588269,23.00605300018702,89479922
sw,-58.6701354980468,-82.9266815185546,-70.70911326929803,22.860994747682245,89496589
sw,-57.4651908874511,-83.3608856201171,-58.511573018473236,22.935527241793487,89513256
sw,-56.4920425415039,-83.7813644409179,-48.612305740426606,23.256206585089235,89529923
sw,-55.8294982910156,-84.2005920410156,-39.78628635055841,23.832005794017807,89546590
sw,-55.3945236206054,-84.6156997680664,-30.94620195510737,24.607522555427746,89563257
sw,-55.11372756958,-85.0123748779296,-21.298159655573233,25.45242807910238,89579924
sw,-54.977970123291,-85.4303512573242,-10.395020144941341,26.191156475424314,89596591
sw,-55.0865211486816,-85.9042816162109,1.878205082160034,26.663412105790265,89613258
sw,-55.3905944824218,-86.4689712524414,15.35130372805734,26.79524617827409,89629925
sw,-55.9678344726562,-87.0580215454101,29.62332725605649,26.653147967615418,89646592
sw,-56.6658477783203,-87.6223220825195,44.11346800642982,26.45268863043269,89663259
sw,-57.5072975158691,-88.1585693359375,58.110327519487825,26.502805882858507,89679926
sw,-58.6839065551757,-88.6230010986328,70.83071887701105,27.087616269336483,89696593
sw,-60.1906242370605,-88.9720687866211,81.49868660803689,28.314303969221307,89713260
sw,-61.814395904541,-89.2897567749023,89.44349268375522,29.977953179704368,89729927
sw,-63.337963104248,-89.5775680541992,94.20104939554172,31.50091134127661,89746594
sw,-64.7361602783203,-89.5364837646484,95.59999272150958,31.988017347087904,89763261
sw,-66.2476425170898,-89.0597610473632,93.8217619515747,30.401786581975475,89779928
sw,-67.988525390625,-88.4609985351562,89.42804992857609,25.816647687103384,89796595
sw,-69.9072265625,-87.9814224243164,83.33761323691395,17.677652624775554,89813262
sw,-71.2868118286132,-87.7713012695312,76.72200578973592,5.98197071861828,89829929
sw,-72.0062866210937,-87.8630218505859,70.8067026453482,-8.675343548883003,89846596
sw,-72.6325225830078,-88.1640014648437,66.61830783021948,-25.205902066431953,89863263
sw,-73.5844573974609,-88.4186019897461,64.77184722921905,-42.250662463828206,89879930
sw,-74.8880767822265,-88.2884521484375,65.39024288741125,-58.45602691719809,89896597
sw,-76.3070373535156,-87.61181640625,68.17943188182181,-72.72917493527783,89913264
sw,-77.7747116088867,-86.5232315063476,72.59559846700594,-84.410461995421,89929931
sw,-79.1706771850586,-85.0989151000976,77.9982625718978,-93.32618655494663,89946598
sw,-80.4263458251953,-83.5018844604492,83.70850584767808,-99.71562240123582,89963265
sw,-81.6042938232421,-81.7249526977539,88.9621286513011,-104.05692229919835,89979932
sw,-82.6769714355468,-79.7210388183593,92.81929021250599,-106.84391095936049,89996599
sw,-83.717903137207,-77.6546249389648,94.12853654528027,-108.38435519155784,90013266
sw,-84.8172607421875,-75.381591796875,91.62727562167765,-108.69199284971825,90029933
sw,-85.7472991943359,-72.9627151489257,84.19829841429943,-107.52196933563789,90046600
sw,-86.2277908325195,-70.4129409790039,71.21912189074129,-104.5502383213593,90063267
sw,-86.170295715332,-67.8644104003906,52.877119664111575,-99.63265590077961,90079934
sw,-85.9327850341796,-65.9412612915039,30.313355560071372,-93.02789474493851,90096601
sw,-85.7239608764648,-64.5160751342773,5.510601223406509,-85.46679512651218,90113268
