Label,Left_Hip_q,Right_Hip_q,Left_Hip_qd,Right_Hip_qd,SampleTimeFine
sw,-77.4364547729492,-72.8727951049804,120.617614746093,-214.065536499023,3515496506
sw,-79.0716400146484,-69.2532272338867,99.24924523321704,-201.1837568935983,3515513173
sw,-80.5412368774414,-65.9571228027343,112.89479211031977,-191.8901538735239,3515529840
sw,-82.1497268676757,-62.7868576049804,122.74728757847072,-180.19258662127308,3515546507
sw,-83.9505615234375,-60.1508827209472,125.82154158842759,-164.4527416459972,3515563174
sw,-85.3547668457031,-57.5651550292968,120.58063101912623,-144.08697860176366,3515579841
sw,-85.662612915039,-55.5039176940918,107.34982052659633,-119.7059055518597,3515596508
sw,-84.7435684204101,-54.162425994873,88.33653421414434,-92.94379245062896,3515613175
sw,-84.1363296508789,-53.313850402832,67.15903759658732,-66.02323243366617,3515629842
sw,-84.3406143188476,-52.9724578857421,47.93674615078695,-41.176400923034834,3515646509
sw,-84.7904205322265,-52.9850883483886,34.18504645953986,-20.08622192645254,3515663176
sw,-84.9953155517578,-53.2733306884765,27.878582798321723,-3.503771246623447,3515679843
sw,-84.8052978515625,-53.6103935241699,29.010649491620843,8.853733558181766,3515696510
sw,-84.1862182617187,-53.9074325561523,35.78683055595221,18.10080012300917,3515713177
sw,-82.9542160034179,-54.0146446228027,45.34296458920831,25.744344175319256,3515729844
sw,-81.2240753173828,-54.0148658752441,54.687339179023034,33.15262250953452,3515746511
sw,-79.9258117675781,-54.1607589721679,61.51136571780401,41.117059132463496,3515763178
sw,-79.2503967285156,-54.9658660888671,64.60755886841044,49.66498233736889,3515779845
sw,-78.802734375,-56.5631484985351,63.83052280089049,58.1821113999367,3515796512
sw,-78.1508102416992,-58.268814086914,59.73523150939592,65.76672117291362,3515813179
sw,-77.2923965454101,-59.6640396118164,53.12374097081163,71.63591418787284,3515829846
sw,-76.3568496704101,-60.6369171142578,44.69183722934143,75.40318761133,3515846513
sw,-75.6417465209961,-61.7481498718261,34.847793379017794,77.14381260025355,3515863180
sw,-75.2134170532226,-62.8244361877441,23.66984403942715,77.28745726683397,3515879847
sw,-75.0355834960937,-64.0042724609375,10.932641316107576,76.44495865425384,3515896514
sw,-75.095344543457,-65.1931762695312,-3.842099682904822,75.26352236719177,3515913181
sw,-75.5322952270507,-66.606086730957,-21.311094063806944,74.3450335178855,3515929848
sw,-76.43603515625,-68.1698760986328,-42.18256315401374,74.20274023334825,3515946515
sw,-77.7005081176757,-69.3580703735351,-67.00850207401359,75.20328686393358,3515963182
sw,-79.1984100341796,-70.0773544311523,-95.89704342501145,77.45744351407521,3515979849
sw,-80.8639984130859,-70.6528015136718,-128.19724304620723,80.67935101109049,3515996516
sw,-83.0746841430664,-71.6224594116211,-162.26228542436928,84.09900859440644,3516013183
sw,-85.9186477661132,-73.0291213989257,-195.41954308960078,86.53518679912703,3516029850
sw,-87.8292160034179,-74.6886901855468,-224.24021602908482,86.68228187843661,3516046517
sw,-85.460334777832,-76.5021667480468,-245.11203014250538,83.55263212174324,3516063184
sw,-81.4378051757812,-78.1263198852539,-255.00940124938936,76.90885114602668,3516079851
sw,-75.8603820800781,-79.5636444091796,-252.26291324282647,67.48522646895262,3516096518
sw,-70.9923629760742,-80.3976974487304,-237.08404169006906,56.862822962565836,3516113185
sw,-68.3601150512695,-80.8118133544921,-211.63913807375988,47.008978457756896,3516129852
sw,-65.8851165771484,-81.289436340332,-179.61085543697402,39.65236225892825,3516146519
sw,-63.6069641113281,-81.9068450927734,-145.38189582604625,35.75160047564441,3516163186
sw,-62.0407943725585,-82.5955200195312,-113.10742413255869,35.271391632780166,3516179853
sw,-60.8532791137695,-83.2992630004882,-85.93825331915004,37.3287655294358,3516196520
sw,-59.7164115905761,-84.0614852905273,-65.5552530068682,40.605216455334585,3516213187
sw,-58.6600761413574,-84.7887268066406,-52.0564220776181,43.826620837819455,3516229854
sw,-57.9297370910644,-85.4440460205078,-44.14828477299251,46.123236346370234,3516246521
sw,-57.2556762695312,-86.0806350708007,-39.5465082998761,47.16900773992116,3516263188
sw,-56.8648033142089,-86.5972824096679,-35.48658652840817,47.10555250940554,3516279855
sw,-56.5461845397949,-86.8434066772461,-29.267045457897574,46.32862869740917,3516296522
sw,-56.0948257446289,-86.7553253173828,-18.766257970568144,45.232537318249136,3516313189
sw,-55.7626495361328,-86.4432296752929,-2.871671654229699,43.98634265352326,3516329856
sw,-55.8324546813964,-86.1194992065429,18.253925937018636,42.38540671499939,3516346523
sw,-56.7585144042968,-85.8759765625,43.141832313683025,39.801843710245535,3516363190
sw,-57.8561897277832,-85.6893920898437,69.25626216917047,35.247576661889205,3516379857
sw,-59.2217292785644,-85.5495300292968,93.47375929379045,27.551677646268175,3516396524
sw,-60.9585494995117,-85.4569244384765,112.71969449366279,15.630222589680127,3516413191
sw,-63.2525329589843,-85.5228958129882,124.6455634233367,-1.2051465599844267,3516429858
sw,-66.0318298339843,-85.8193817138671,128.20907552535553,-22.980240502493746,3516446525
sw,-68.9896697998046,-86.4251098632812,124.00459134133338,-48.91815354257588,3516463192
sw,-71.3647232055664,-87.3249740600586,114.2108248372898,-77.48601034336463,3516479859
sw,-72.33544921875,-88.0298995971679,102.11058290351748,-106.63545096740853,3516496526
sw,-72.9650115966796,-86.3273620605468,91.28727247268836,-134.1750946374999,3516513193
sw,-73.8501586914062,-83.5707168579101,84.74287804346616,-158.15609159307945,3516529860
sw,-75.5039138793945,-80.7986297607421,84.21660128621484,-177.1420277860188,3516546527
sw,-77.4230041503906,-78.0171432495117,89.88026909976152,-190.29049532614303,3516563194
sw,-79.4851303100586,-74.8950729370117,100.41735674452335,-197.2686262461613,3516579861
sw,-81.2754898071289,-71.4160003662109,113.37124706888531,-198.098152581991,3516596528
sw,-82.6718521118164,-68.0070571899414,125.63414357529238,-193.0337675720576,3516613195
sw,-84.0752029418945,-64.7248001098632,134.0077108997641,-182.52955568226886,3516629862
sw,-85.4345169067382,-61.8436546325683,135.8171403130664,-167.2831644586982,3516646529
sw,-86.02783203125,-59.5913314819335,129.53948875704214,-148.30230826416476,3516663196
sw,-84.7957229614257,-57.6525840759277,115.31936081811735,-126.92666887033917,3516679863
sw,-82.6068649291992,-55.6397590637207,95.1615974076654,-104.75447852584351,3516696530
sw,-81.4373703002929,-54.1404838562011,72.60587177241739,-83.45282686777995,3516713197
sw,-81.5441818237304,-53.3428268432617,51.85157087302209,-64.46694506973111,3516729864
sw,-82.5104904174804,-53.14693069458,36.560735094816025,-48.689198215267965,3516746531
sw,-83.2124557495117,-52.9741287231445,28.774648796907847,-36.19453917202598,3516763198
sw,-83.0466995239257,-52.7977790832519,28.387901295413872,-26.163686787217852,3516779865
sw,-81.9119186401367,-52.4583854675293,33.39848051652855,-17.06985734544997,3516796532
sw,-80.00830078125,-51.8853874206543,40.80595865375466,-7.108167981967035,3516813199
sw,-78.1129837036132,-51.3128509521484,47.74700610122801,5.257019241326746,3516829866
sw,-77.0205917358398,-51.3168334960937,52.382668906110794,20.809973645950826,3516846533
sw,-76.6340026855468,-52.3391952514648,54.21109194199564,39.32762976323942,3516863200
sw,-76.4345321655273,-53.934642791748,53.773398701789404,59.61197507030333,3516879867
sw,-76.0998153686523,-55.4783134460449,51.98686915369547,79.7527695779081,3516896534
sw,-75.4965515136718,-56.7079963684082,49.45117938172261,97.49877985514286,3516913201
sw,-74.649299621582,-57.9310836791992,46.008945175981324,110.64375583642213,3516929868
sw,-73.8766555786132,-59.6823387145996,40.67791369843932,117.4074725752611,3516946535
sw,-73.364028930664,-61.8449401855468,31.913585190260882,116.82609924207783,3516963202
sw,-73.0640411376953,-64.184944152832,18.07161996039096,109.11721228174969,3516979869
sw,-72.9529495239257,-66.855239868164,-2.079477137992374,95.8942133903223,3516996536
sw,-73.0829772949218,-68.2074966430664,-28.927403259326564,80.06177538646234,3517013203
sw,-73.7129440307617,-68.749885559082,-61.771695947564304,65.29346452011195,3517029870
sw,-75.298957824707,-68.8347015380859,-98.83234697924259,55.16306862329439,3517046537
sw,-77.8409347534179,-69.0415649414062,-137.514123699179,52.18130857179015,3517063204
sw,-80.9563674926757,-69.6477279663086,-174.84671578349537,57.06840814015992,3517079871
sw,-84.2857437133789,-70.8229064941406,-207.95686846450963,68.5203663286809,3517096538
sw,-86.9002914428711,-72.5592727661132,-234.42671814728328,83.54532301792153,3517113205
sw,-86.1355819702148,-74.3770217895507,-252.46288051623006,98.25205754161549,3517129872
sw,-83.1020355224609,-76.1714553833007,-260.90659172602085,108.84817683012095,3517146539
sw,-78.9637069702148,-78.1323165893554,-259.1932231170179,112.57776800717615,3517163206
sw,-74.5136032104492,-80.4354858398437,-247.37021004246805,108.37107645408753,3517179873
sw,-71.0720596313476,-83.0799255371093,-226.20680888040715,97.05235607607607,3517196540
sw,-67.227310180664,-84.9136199951171,-197.3301899381765,81.04305127269464,3517213207
sw,-63.5751152038574,-85.2516632080078,-163.2599953127274,63.6203989268815,3517229874
sw,-61.1993904113769,-84.515625,-127.21554876722644,47.94496135343929,3517246541
sw,-60.0074958801269,-83.7250289916992,-92.64148512872998,36.193369760064606,3517263208
sw,-59.9008483886718,-83.5868072509765,-62.52694488679604,29.125422822288087,3517279875
sw,-59.9395904541015,-84.1033554077148,-38.72614364523242,26.23202030581452,3517296542
sw,-59.7021255493164,-84.8541030883789,-21.537370907724963,26.33149458455747,3517313209
sw,-59.3549041748046,-85.5304260253906,-9.716181421612962,28.27185048124629,3517329876
sw,-58.9559936523437,-86.02783203125,-0.9280115447553029,31.382077944821685,3517346543
sw,-58.8046493530273,-86.2825393676757,7.518164530855122,35.49106463353378,3517363210
sw,-58.8924942016601,-86.3734512329101,17.8933011216457,40.57450043526092,3517379877
sw,-59.3880157470703,-86.21240234375,31.44755755891607,46.258633487428646,3517396544
sw,-60.1874847412109,-85.8669662475586,48.11981275358575,51.43971282213285,3517413211
sw,-61.3096847534179,-85.3422164916992,66.59122905020848,54.194691778009236,3517429878
sw,-62.8435859680175,-84.6755676269531,84.63512504413445,52.03104047357365,3517446545
sw,-64.2981338500976,-84.0815887451171,99.6670684582994,42.411293880525896,3517463212
sw,-65.8566284179687,-83.7436370849609,109.38041290598008,23.418900150105586,3517479879
sw,-67.9479370117187,-83.7437057495117,112.34787214021351,-5.5963147545700025,3517496546
sw,-71.0450210571289,-84.136962890625,108.4616121597325,-43.55812431427757,3517513213
sw,-73.3988342285156,-84.9977874755859,99.07774090849983,-87.53996465709433,3517529880
sw,-74.3968505859375,-86.5274047851562,86.76862916000185,-133.08135422804654,3517546547
sw,-74.6554641723632,-87.2746658325195,74.70644691705584,-174.9497020170618,3517563214
sw,-75.0569229125976,-84.3014755249023,65.86423027350368,-208.2061217001618,3517579881
sw,-76.0780715942382,-79.7248611450195,62.31310539066198,-229.29167820147214,3517596548
sw,-77.6470718383789,-74.8990097045898,64.83547434807026,-236.78964100745716,3517613215
sw,-79.5690078735351,-70.6448898315429,72.90415007663242,-231.59445076441853,3517629882
sw,-81.167984008789,-67.3352127075195,84.92111081337458,-216.42128171248592,3517646549
sw,-82.2690887451171,-65.2051162719726,98.56471843714492,-194.84450016414917,3517663216
sw,-83.3373870849609,-63.3103218078613,111.15996697146171,-170.24219395254275,3517679883
sw,-84.7490539550781,-61.1363677978515,120.07777635716303,-145.0458381626129,3517696550
sw,-85.7621002197265,-58.4734497070312,123.19456953985468,-120.52680340883708,3517713217
sw,-85.7118911743164,-56.1426887512207,119.37861101692678,-97.08249970334323,3517729884
sw,-84.474868774414,-54.8022270202636,108.8718381790941,-74.76713637451076,3517746551
sw,-82.9382019042968,-53.896686553955,93.38899555431786,-53.75840843057255,3517763218
sw,-81.8509292602539,-53.3995666503906,75.8087703946649,-34.55817961080146,3517779885
sw,-81.3834991455078,-53.2405014038085,59.474422778286396,-17.895298466078366,3517796552
sw,-81.3146591186523,-53.507209777832,47.29289073959963,-4.433989386461736,3517813219
sw,-81.3188018798828,-54.1952056884765,40.93514213688847,5.5468550941162444,3517829886
sw,-81.0422134399414,-54.7387504577636,40.42856349337034,12.344648459784327,3517846553
sw,-80.153823852539,-54.7340011596679,44.28726241346519,16.799753649641698,3517863220
sw,-78.7561569213867,-54.402244567871,50.11191571713937,20.05038049000021,3517879887
sw,-77.2826232910156,-54.220344543457,55.408784179698486,23.19617109292328,3517896554
sw,-75.9444198608398,-54.6486511230468,58.31245152527801,27.034804059449804,3517913221
sw,-75.1622695922851,-55.6519165039062,57.97184186462358,31.978452092114743,3517929888
sw,-74.7014999389648,-56.9079055786132,54.52613010869115,38.132082503667085,3517946555
sw,-74.1610565185546,-57.9276885986328,48.76712710113592,45.412926405243795,3517963222
sw,-73.5563430786132,-58.40571975708,41.678065929845026,53.58632352766321,3517979889
sw,-72.9518051147461,-58.9071922302246,34.0288468499598,62.189194292657064,3517996556
sw,-72.5269927978515,-59.5196838378906,26.1298057225892,70.43313150741383,3518013223
sw,-72.2832107543945,-60.45698928833,17.762212176016888,77.23155936429471,3518029890
sw,-72.1667175292968,-61.7645263671875,8.25483205959726,81.44009162190402,3518046557
sw,-72.1481246948242,-63.5422210693359,-3.3376749006893545,82.27214448370943,3518063224
sw,-72.3729858398437,-65.8016815185546,-17.998252207883763,79.7290096110475,3518079891
sw,-72.8892745971679,-67.4558639526367,-36.49711540644998,74.8323541262587,3518096558
sw,-73.7880172729492,-68.5552825927734,-59.17297274284578,69.49892233225725,3518113225
sw,-75.2162857055664,-69.0221862792968,-85.78521673801345,66.03700901519629,3518129892
sw,-77.1723556518554,-69.495361328125,-115.45959989016853,66.41113080726807,3518146559
sw,-79.6969909667968,-70.3664779663086,-146.72623767857456,71.53344257565068,3518163226
sw,-82.7458572387695,-71.5742111206054,-177.62891466343703,80.84238953107601,3518179893
sw,-86.0239868164062,-73.089485168457,-205.87981832777297,92.32637518940597,3518196560
sw,-88.6423187255859,-74.7023162841796,-229.04819075679688,102.99967419809397,3518213227
sw,-86.2531509399414,-76.3431320190429,-244.79592651763187,109.7022720969074,3518229894
sw,-82.5534973144531,-78.385383605957,-251.18510581775726,110.00555485527585,3518246561
sw,-78.104263305664,-80.6786346435546,-247.05665241325715,102.96374656520224,3518263228
sw,-73.3773651123046,-82.7223052978515,-232.41175938792134,89.46314068497847,3518279895
sw,-69.6993789672851,-84.2128372192382,-208.6547385006366,72.01359239018566,3518296562
sw,-66.3201904296875,-84.9205932617187,-178.53914140711515,54.01013886656291,3518313229
sw,-63.7705039978027,-84.8232803344726,-145.7339504511604,38.71119607019196,3518329896
sw,-62.4268646240234,-84.5432815551757,-114.06739417754105,28.317325206813916,3518346563
sw,-61.7997703552246,-84.5149536132812,-86.6468755218075,23.495348080427757,3518363230
sw,-61.47212600708,-84.839126586914,-65.13164192247908,23.484624492919593,3518379897
sw,-60.7580184936523,-85.4161071777343,-49.40928012404461,26.660094571665756,3518396564
sw,-59.7062759399414,-86.1653900146484,-37.79375379842545,31.250830507304563,3518413231
sw,-58.7481384277343,-86.7455673217773,-27.672547578257433,35.89916345044239,3518429898
sw,-58.0897140502929,-87.2323303222656,-16.37381601803716,39.87279094919156,3518446565
sw,-58.0395545959472,-87.6220016479492,-1.973333497644881,42.925649494233845,3518463232
sw,-58.3563728332519,-87.7150115966796,16.17848293586762,44.951088202744785,3518479899
sw,-58.8429145812988,-87.3398666381836,37.311012578087066,45.62743933476912,3518496566
sw,-59.8179702758789,-86.6224060058593,59.459341686990776,44.21857662314007,3518513233
sw,-61.24068069458,-85.8718948364257,79.97729795505806,39.60103966411716,3518529900
sw,-63.1237754821777,-85.3268051147461,96.20988716131299,30.49838119013282,3518546567
sw,-65.0498580932617,-85.1033096313476,106.1724833842456,15.845720867965936,3518563234
sw,-67.0814819335937,-85.1130447387695,109.08044274266166,-4.816485623594829,3518579901
sw,-69.4340286254882,-85.3096923828125,105.59985585594917,-31.02704204802651,3518596568
sw,-71.2263107299804,-85.8017120361328,97.74895793121355,-61.27091972905096,3518613235
sw,-72.1974945068359,-86.6863708496093,88.46365460511385,-93.1066147590475,3518629902
sw,-73.0288467407226,-87.2471466064453,80.93486879607383,-123.56854638028584,3518646569
sw,-74.1815490722656,-85.8396682739257,77.89514285601008,-149.76424987725667,3518663236
sw,-75.8165740966796,-83.0703506469726,81.03413437962507,-169.49746070480347,3518679903
sw,-77.5967025756836,-79.8090667724609,90.6519371193127,-181.71428586389362,3518696570
sw,-79.5100326538086,-76.3375091552734,105.56767840929426,-186.61671534078098,3518713237
sw,-81.2477951049804,-72.957893371582,123.25330093241746,-185.40197976173863,3518729904
sw,-82.7434005737304,-70.1509323120117,140.17631840534386,-179.72417551991091,3518746571
sw,-84.1886367797851,-67.7562866210937,152.3690561445485,-171.08360165908272,3518763238
sw,-85.6890716552734,-65.3666458129882,156.23039722951282,-160.38195363283214,3518779905
sw,-85.8361358642578,-63.055248260498,149.47060310023917,-147.8122246714103,3518796572
sw,-83.4057846069336,-60.6815452575683,131.95789656208913,-133.10178952374918,3518813239
sw,-80.5916366577148,-58.205696105957,106.11626002746351,-115.96623033037041,3518829906
sw,-79.1255874633789,-56.3578186035156,76.57487792580486,-96.54078329932398,3518846573
sw,-79.5485763549804,-55.1749610900878,49.0241611608572,-75.57821457944696,3518863240
sw,-80.989517211914,-54.6665992736816,28.597240285737925,-54.32177667211821,3518879907
sw,-81.8460922241211,-54.7271156311035,18.368979475773973,-34.11985065486304,3518896574
sw,-81.7831726074218,-55.0357704162597,18.565002963961238,-15.970129466948887,3518913241
sw,-80.6031799316406,-55.2259178161621,26.772279773625982,-0.21134616887079627,3518929908
sw,-78.6076583862304,-55.1008834838867,38.999072763953215,13.492000731716397,3518946575
sw,-76.5655364990234,-55.0057868957519,51.08728115072573,25.867571640711855,3518963242
sw,-75.5656509399414,-55.1784973144531,59.90338111507466,37.593600164140604,3518979909
sw,-75.3560943603515,-55.6086769104003,63.9312689676747,48.908281691144104,3518996576
sw,-74.9779281616211,-56.55517578125,63.219391460781004,59.44894709227438,3519013243
sw,-74.1030120849609,-58.1352462768554,58.900185829102675,68.38421138443609,3519029910
sw,-72.9014205932617,-59.7898635864257,52.577281705057025,74.76402277076637,3519046577
sw,-71.8493576049804,-61.0502128601074,45.78483632994838,77.92159397447053,3519063244
sw,-71.2487487792968,-62.2533569335937,39.58714618256651,77.76030508253997,3519079911
sw,-71.0894470214843,-63.4601097106933,34.31594196849395,74.83593576854317,3519096578
sw,-71.0795059204101,-64.466064453125,29.454923061017077,70.24209163061906,3519113245
sw,-70.927131652832,-65.4339065551757,23.71470397778326,65.36882328329442,3519129912
sw,-70.4452819824218,-66.3677368164062,15.328523268095989,61.61657316071781,3519146579
sw,-69.8426132202148,-67.3756561279296,2.5251187642919057,60.12808702270846,3519163246
sw,-69.6638412475586,-68.4213562011718,-15.954019971641017,61.573059280375496,3519179913
sw,-70.2401351928711,-69.287841796875,-40.46376331054054,66.00055746130175,3519196580
sw,-71.5913543701171,-70.1427612304687,-70.31452041300244,72.77276053230284,3519213247
sw,-73.5495452880859,-71.1131515502929,-103.8985115821194,80.60806312421018,3519229914
sw,-76.0529022216796,-72.3635711669921,-138.9972619857817,87.77098145731564,3519246581
sw,-79.0768280029296,-74.0241317749023,-173.1383779928446,92.42154174427846,3519263248
sw,-82.5838623046875,-75.8534927368164,-203.8915141809036,93.06999471592299,3519279915
sw,-86.0952529907226,-77.2965621948242,-229.05902401246294,89.00627567465169,3519296582
sw,-89.2683181762695,-78.4350891113281,-246.79063664358452,80.54363311680638,3519313249
sw,-86.4166870117187,-79.4474792480468,-255.69863141517334,68.96618946427762,3519329916
sw,-82.0515670776367,-80.1140747070312,-255.03871652785028,56.181730170778415,3519346583
sw,-76.6273498535156,-80.4916763305664,-244.94234601228942,44.19727672331234,3519363250
sw,-72.2339172363281,-80.9388961791992,-226.58085403395398,34.60220896167768,3519379917
sw,-69.2206726074218,-81.6414031982421,-202.0991726200161,28.23406374501488,3519396584
sw,-66.8538284301757,-82.5107727050781,-174.23946005908348,25.119363377014285,3519413251
sw,-65.024658203125,-83.2536697387695,-145.74171024491778,24.664256367765514,3519429918
sw,-63.3192481994628,-83.7980270385742,-118.73797488769654,25.97775747592193,3519446585
sw,-61.6653518676757,-84.2850875854492,-94.36060916049964,28.18810459049394,3519463252
sw,-60.4025382995605,-84.8392333984375,-72.67803965392002,30.65601865734417,3519479919
sw,-59.4012603759765,-85.482177734375,-52.935386012979365,33.054453653670485,3519496586
sw,-58.6556243896484,-86.1288528442382,-33.982653941723164,35.331093036859386,3519513253
sw,-58.226016998291,-86.6052322387695,-14.742894688016445,37.585960050042175,3519529920
sw,-58.2498130798339,-86.7805252075195,5.407080140507865,39.89661089719328,3519546587
sw,-58.7126083374023,-86.6986770629882,26.42313761485863,42.1254610683771,3519563254
sw,-59.67138671875,-86.5061569213867,47.571090446297546,43.75333776895677,3519579921
sw,-60.9364204406738,-86.2729034423828,67.57093856099335,43.79277221569687,3519596588
sw,-62.0255546569824,-86.0302047729492,84.85881235710644,40.831705604456715,3519613255
sw,-63.5714607238769,-85.8616104125976,97.91551758814744,33.23560303247154,3519629922
sw,-65.4279403686523,-85.7613677978515,105.61652422724195,19.495159644554192,3519646589
sw,-67.3978576660156,-85.7357559204101,107.55181799256309,-1.342458005036304,3519663256
sw,-69.3889083862304,-85.8904876708984,104.2446288512554,-29.26486255830454,3519679923
sw,-71.3776779174804,-86.4164733886718,97.18858545653873,-63.03678972270556,3519696590
sw,-73.0241088867187,-87.3106613159179,88.64643725970302,-100.20630522769645,3519713257
sw,-74.2975082397461,-87.4107131958007,81.21355600968118,-137.42411413778626,3519729924
sw,-75.0517044067382,-85.0234680175781,77.2294056049271,-171.0255671045572,3519746591
sw,-76.1723175048828,-81.4780197143554,78.18859146316694,-197.72590081453336,3519763258
sw,-77.5894165039062,-77.6731262207031,84.3227199471776,-215.2278322777358,3519779925
sw,-79.3737411499023,-73.7500228881836,94.47687762241115,-222.56608803051424,3519796592
sw,-81.2023239135742,-70.101448059082,106.31379809603236,-220.10687503956302,3519813259
sw,-82.8235092163086,-66.8714828491211,116.79587188686814,-209.24042499082591,3519829926
sw,-84.38671875,-63.9766082763671,122.85200750530578,-191.90269223302005,3519846593
sw,-86.3346786499023,-61.3264999389648,122.11802627983526,-170.1026711882163,3519863260
sw,-87.7242813110351,-59.1034927368164,113.60921527903467,-145.6029335070923,3519879927
sw,-86.337776184082,-57.1221122741699,98.13805044855019,-119.81866971175639,3519896594
sw,-84.5824584960937,-55.2072982788085,78.2823327592507,-93.90098263887958,3519913261
sw,-84.0135192871093,-53.5796203613281,57.80739019252447,-68.8927666219987,3519929928
sw,-84.3826370239257,-52.5811462402343,40.65429774261717,-45.820379686973034,3519946595
sw,-84.8679809570312,-52.3268890380859,29.825418831343967,-25.62680497029279,3519963262
sw,-84.8740997314453,-52.6433639526367,26.584379977481436,-8.950924476145477,3519979929
sw,-84.2198867797851,-53.3394050598144,30.264094222679464,4.133295796096217,3519996596
sw,-82.9718322753906,-53.9438171386718,38.70518487764622,14.248062190255842,3520013263
sw,-81.4967041015625,-54.1123085021972,49.083578474537184,22.583543969656066,3520029930
sw,-80.307258605957,-53.9888687133789,58.767112341783225,30.506077219901467,3520046597
sw,-79.3371047973632,-53.8744239807128,65.90239161758919,39.047374504819565,3520063264
sw,-78.4379119873046,-54.1526718139648,69.60839648894611,48.50486975144961,3520079931
sw,-77.5148620605468,-55.2039070129394,69.83385542116463,58.34751094950141,3520096598
sw,-76.6302032470703,-56.9925079345703,67.03899021096912,67.47463217952638,3520113265
sw,-75.7254867553711,-58.8904113769531,61.86844176463684,74.6976719960286,3520129932
sw,-74.7188262939453,-60.1262779235839,54.92140537040596,79.21003391489029,3520146599
sw,-73.7150115966796,-60.9336471557617,46.64426129947182,80.84161742458562,3520163266
sw,-72.9496994018554,-61.914566040039,37.308930341046974,80.0337690941925,3520179933
sw,-72.5413055419921,-62.9814834594726,27.018703456337878,77.61767109523035,3520196600
sw,-72.4467391967773,-64.1632995605468,15.703242071006862,74.5431624064921,3520213267
sw,-72.4322052001953,-65.2992706298828,3.104352235990009,71.67145389151014,3520229934
sw,-72.5550537109375,-66.5401611328125,-11.216932714890902,69.66692833987621,3520246601
sw,-73.0546188354492,-67.7257385253906,-27.820559935454146,68.95931807854322,3520263268
sw,-73.9180679321289,-68.9048843383789,-47.26333871022864,69.72502447063881,3520279935
sw,-75.0932006835937,-69.7755050659179,-69.92152930093138,71.85368091777652,3520296602
sw,-76.5951232910156,-70.476692199707,-95.78838816561648,74.90770864972123,3520313269
sw,-78.5032501220703,-71.4344100952148,-124.28877997858248,78.12329316114268,3520329936
sw,-80.91796875,-72.6961288452148,-154.1628148002717,80.51028796487614,3520346603
sw,-83.9089889526367,-74.0940856933593,-183.46877698164204,81.06948507095034,3520363270
sw,-87.2189178466796,-75.5286178588867,-209.7374470656163,79.07725096102017,3520379937
sw,-88.67529296875,-76.8531494140625,-230.2799421160087,74.33515201843943,3520396604
sw,-85.0967941284179,-78.1253204345703,-242.61769493070972,67.28072960687341,3520413271
sw,-80.8021774291992,-79.1296920776367,-244.96770147034366,58.904499331354906,3520429938
sw,-75.7099533081054,-79.834602355957,-236.67702539114566,50.49156750013345,3520446605
sw,-72.1564788818359,-80.4744491577148,-218.4732679034674,43.273858988659725,3520463272
sw,-69.2742156982421,-81.3050689697265,-192.419949710127,38.11442461151329,3520479939
sw,-66.7084503173828,-82.3053207397461,-161.5564264746233,35.3299141655047,3520496606
sw,-64.8557586669921,-83.1881408691406,-129.3192187251009,34.694781464341546,3520513273
sw,-63.5845947265625,-83.8196868896484,-98.9138114514076,35.59517875785131,3520529940
sw,-62.5015525817871,-84.3560409545898,-72.80136671451116,37.254012058868724,3520546607
sw,-61.5507621765136,-84.8982315063476,-52.404349658283955,38.94740639839102,3520563274
sw,-60.8980407714843,-85.4909362792968,-38.05477843742653,40.16001272632388,3520579941
sw,-60.284423828125,-86.0958557128906,-29.13899518765717,40.656885947419866,3520596608
sw,-59.7458915710449,-86.5986633300781,-24.35554413244404,40.47188995869237,3520613275
sw,-59.3863296508789,-86.8889465332031,-22.003841535449084,39.82834462838072,3520629942
sw,-59.1649894714355,-86.9193038940429,-20.249309993529618,39.01878828143384,3520646609
sw,-59.0129661560058,-86.7441787719726,-17.34693924869977,38.27534556032806,3520663276
sw,-58.9967918395996,-86.4987640380859,-11.832543135106224,37.65949579167378,3520679943
sw,-59.0341873168945,-86.2802200317382,-2.697856487211265,36.99328248926167,3520696610
sw,-59.1359558105468,-86.0890426635742,10.449116791456374,35.846748202118164,3520713277
sw,-59.3886604309082,-85.8948745727539,27.26378875996946,33.58830710454694,3520729944
sw,-59.9527015686035,-85.6572494506836,46.63257259708192,29.493341350972738,3520746611
sw,-60.9992179870605,-85.3948287963867,66.77859326402329,22.891876351539192,3520763278
sw,-62.4361190795898,-85.1892013549804,85.52981810589733,13.32355667816886,3520779945
sw,-64.1566696166992,-85.1724090576171,100.72614312088838,0.6629807932287819,3520796612
sw,-66.1277694702148,-85.3874740600586,110.69066187176644,-14.816862049433555,3520813279
sw,-68.3412780761718,-85.7769165039062,114.65401464528703,-32.46283963383689,3520829946
sw,-70.8499679565429,-86.3769073486328,113.01014972974974,-51.34518433418364,3520846613
sw,-72.8523559570312,-87.1782531738281,107.30389422439471,-70.43132004053885,3520863280
sw,-74.2589874267578,-87.6852264404296,99.91233667640375,-88.79222184357131,3520879947
sw,-75.3721084594726,-86.6678085327148,93.47742991602163,-105.77905260555238,3520896614
sw,-76.4631195068359,-84.8800277709961,90.24112969460569,-121.0980987935876,3520913281
sw,-77.9012985229492,-82.986587524414,91.47509125193969,-134.73854713892285,3520929948
sw,-79.6423721313476,-80.9237976074218,97.1590013695121,-146.7713601491629,3520946615
sw,-81.4664993286132,-78.5419006347656,105.97105025713846,-157.10566576699426,3520963282
sw,-83.120376586914,-75.6766128540039,115.56654990104153,-165.316964934232,3520979949
sw,-84.5851058959961,-72.5456314086914,123.07587425529059,-170.629839433549,3520996616
sw,-86.0013427734375,-69.4519653320312,125.74521758079284,-172.0677099046675,3521013283
sw,-86.9065475463867,-66.5663681030273,121.6322601325988,-168.71510671040562,3521029950
sw,-85.5348587036132,-63.9307556152343,110.22106069642972,-160.00408956415845,3521046617
sw,-83.231201171875,-61.7153778076171,92.75835267559482,-145.93924683365634,3521063284
sw,-81.7925033569336,-59.6393890380859,72.11476280801448,-127.19995771120142,3521079951
sw,-81.2901840209961,-57.6876335144043,52.10530492870285,-105.0878009877508,3521096618
sw,-81.7116012573242,-56.2199668884277,36.433819163744175,-81.31535699168742,3521113285
sw,-82.2536163330078,-55.7088966369628,27.626364878796863,-57.6676414814858,3521129952
sw,-82.3913269042968,-55.7678146362304,26.35610211795029,-35.61614504836015,3521146619
sw,-81.7110824584961,-55.9359512329101,31.40263618505831,-16.010888404928707,3521163286
sw,-80.2859268188476,-56.0184516906738,40.21647226894838,1.0231945980455865,3521179953
sw,-78.6696472167968,-55.9030075073242,49.81710881092106,15.928986147443846,3521196620
sw,-77.4302978515625,-55.9229774475097,57.65716511083999,29.357565783688162,3521213287
sw,-76.6426620483398,-56.29150390625,62.16356786499732,41.76128063210839,3521229954
sw,-76.0081481933593,-56.9051856994628,62.85601669464185,53.11766931933171,3521246621
sw,-75.3339004516601,-58.0671005249023,60.13084454141688,62.90132706844904,3521263288
sw,-74.5741653442382,-59.803539276123,54.89418932560272,70.30760965584824,3521279955
sw,-73.7614822387695,-61.4372444152832,48.21127776490148,74.62019885992297,3521296622
sw,-72.9501800537109,-62.6591987609863,41.05426468817475,75.55662897872102,3521313289
sw,-72.2459411621093,-63.9344100952148,34.14633650644309,73.45005445101476,3521329956
sw,-71.66943359375,-64.9625167846679,27.858564015806603,69.21349828270668,3521346623
sw,-71.311050415039,-65.9227905273437,22.1249421491316,64.12837350508002,3521363290
sw,-71.2339096069336,-66.974609375,16.38034950403863,59.55186553630431,3521379957
sw,-71.4681396484375,-67.7748260498046,9.566358426526829,56.63667927660913,3521396624
sw,-71.7432250976562,-68.6210098266601,0.2637219616039774,56.12297598216908,3521413291
sw,-71.7770309448242,-69.6965179443359,-13.018885902788247,58.22342816141717,3521429958
sw,-71.8321380615234,-70.5230407714843,-31.438887682456603,62.59557506264373,3521446625
sw,-72.252326965332,-71.2470550537109,-55.411327079073956,68.3886501770751,3521463292
sw,-73.4141540527343,-72.1268234252929,-84.34648681586106,74.36362168529358,3521479959
sw,-75.50048828125,-73.3990402221679,-116.64190978916403,79.09819053877636,3521496626
sw,-78.3619079589843,-75.0347518920898,-149.93638650976422,81.27488288128889,3521513293
sw,-81.7727127075195,-76.6959915161132,-181.52701433937298,80.00176820633386,3521529960
sw,-85.4351654052734,-77.8636016845703,-208.79834350025746,75.06488366752805,3521546627
sw,-89.1100082397461,-78.7579803466796,-229.5415174673564,67.00915623909188,3521563294
sw,-87.2002639770507,-79.6272964477539,-242.1280753633127,57.00588454028748,3521579961
sw,-83.3220901489257,-80.3137588500976,-245.58909352246874,46.552132149660345,3521596628
sw,-79.0480117797851,-80.7621765136718,-239.67829205724735,37.10760572982027,3521613295
sw,-74.919563293457,-81.4054565429687,-224.95160494956755,29.783800576019225,3521629962
sw,-71.2566375732421,-82.3174514770507,-202.8162244750004,25.166359268865836,3521646629
sw,-68.4309616088867,-83.1138458251953,-175.457919025919,23.29415328989518,3521663296
sw,-66.3446731567382,-83.6771850585937,-145.58684804495843,23.762091086821865,3521679963
sw,-64.7765045166015,-84.1091766357421,-116.02823441812329,25.885352416014328,3521696630
sw,-63.6293449401855,-84.5738983154296,-89.26458985269177,28.870115619595136,3521713297
sw,-62.5997009277343,-85.1540222167968,-67.06163564709642,31.962098825450095,3521729964
sw,-61.8872261047363,-85.7712249755859,-50.27389494252194,34.56328590526902,3521746631
sw,-61.1885795593261,-86.3688659667968,-38.856205571290864,36.31038677557312,3521763298
sw,-60.463752746582,-86.9169540405273,-32.040099765148554,37.10641415697648,3521779965
sw,-59.8501968383789,-87.4113235473632,-28.593151874877293,37.10059115431192,3521796632
sw,-59.387840270996,-87.7582473754882,-27.073625180182233,36.62151496755771,3521813299
sw,-59.0191116333007,-87.8757019042968,-26.019018516627618,36.077650916526146,3521829966
sw,-58.7256813049316,-87.7706832885742,-24.052099690056437,35.84454211190273,3521846633
sw,-58.6099853515625,-87.5398712158203,-19.931622906106604,36.15994507525515,3521863300
sw,-58.6976509094238,-87.2318267822265,-12.599941209168223,37.04591263843369,3521879967
sw,-58.9293479919433,-86.8726959228515,-1.2779639655177428,38.26957208628089,3521896634
sw,-59.1041069030761,-86.4995498657226,14.37190050011098,39.34457034171632,3521913301
sw,-59.3227272033691,-86.0975646972656,34.04645729166108,39.568671185163986,3521929968
sw,-59.7915992736816,-85.5843505859375,56.65333390009786,38.09240145953988,3521946635
sw,-60.7362365722656,-85.0442199707031,80.32680679809025,34.01517165641133,3521963302
sw,-62.3890647888183,-84.762580871582,102.68871378165632,26.50408469606183,3521979969
sw,-64.8638687133789,-84.607666015625,121.34313221996747,14.926220431627133,3521996636
sw,-67.6920700073242,-84.49853515625,134.4771255739854,-1.0211513858164931,3522013303
sw,-70.9275512695312,-84.5436782836914,141.35694486560948,-21.206091398510758,3522029970
sw,-73.7990646362304,-85.0016632080078,142.51014649847252,-45.01262783555315,3522046637
sw,-75.8544158935546,-85.8597183227539,139.48569409256876,-71.36884027175576,3522063304
sw,-77.1760482788086,-86.6817092895507,134.25569711080817,-98.85091377437195,3522079971
sw,-78.493423461914,-86.879524230957,128.4895947065807,-125.8351511207193,3522096638
sw,-80.2522048950195,-85.7492294311523,123.00371055204225,-150.66124644196677,3522113305
sw,-82.4574127197265,-83.4091796875,117.61458909751438,-171.7829634966464,3522129972
sw,-84.8352508544921,-80.3096771240234,111.43663715132502,-187.89946743712431,3522146639
sw,-87.0064392089843,-76.8561630249023,103.46569624147503,-198.06482577121656,3522163306
sw,-88.9046096801757,-73.4155197143554,93.18029787490424,-201.76640178187367,3522179973
sw,-88.8424224853515,-70.2452774047851,80.90849284458214,-198.95982867095367,3522196640
sw,-87.6913223266601,-67.0135192871093,67.82233594432299,-190.05577401657996,3522213307
sw,-87.1638641357421,-64.0173797607421,55.578867770359395,-175.86199964883147,3522229974
sw,-86.8303451538086,-61.4010734558105,45.769019033671306,-157.48298555860492,3522246641
sw,-86.4360809326171,-59.2710151672363,39.41016817590218,-136.17566945089078,3522263308
sw,-85.8990783691406,-57.4558868408203,36.68751295005769,-113.1694326542837,3522279975
sw,-85.1884307861328,-56.2090225219726,37.026167448034926,-89.48273200185399,3522296642
sw,-84.0856018066406,-55.4230918884277,39.424364910837525,-65.79076856488116,3522313309
sw,-82.9274597167968,-54.7432212829589,42.87357941779546,-42.39880347266465,3522329976
sw,-82.0825958251953,-54.2349281311035,46.67622684844466,-19.34573552156697,3522346643
sw,-81.377944946289,-54.1489944458007,50.54193054910889,3.3884507134599198,3522363310
sw,-80.6243667602539,-54.477741241455,54.45596383545332,25.643738707622187,3522379977
sw,-79.7413024902343,-55.1328125,58.40753958774554,46.897533326307084,3522396644
sw,-78.7003173828125,-55.9345512390136,62.09958375204322,66.20811436331195,3522413311
sw,-77.667236328125,-57.1619033813476,64.73965859886823,82.31681137955465,3522429978
sw,-76.7858581542968,-59.1420631408691,64.97010217678987,93.89771677496688,3522446645
sw,-76.0340499877929,-61.0976943969726,60.96438532333742,99.89658585001584,3522463312
sw,-75.3655090332031,-62.7545700073242,50.697219816262056,99.86397807147961,3522479979
sw,-74.8117065429687,-64.1310729980468,32.369305958363825,94.18520599765016,3522496646
sw,-74.4420166015625,-65.5051498413086,4.921236961444748,84.14427972106363,3522513313
sw,-74.5042724609375,-66.987564086914,-31.48391329090917,71.80188453813089,3522529980
sw,-75.2589950561523,-68.1434326171875,-75.16280489467069,59.6932643377369,3522546647
sw,-77.0122909545898,-68.5581893920898,-122.93289956748983,50.372068695312564,3522563314
sw,-79.9664993286132,-68.8179779052734,-170.50500479418406,45.86760992669174,3522579981
sw,-83.7083587646484,-69.2076644897461,-213.17908653215298,47.18090425536187,3522596648
sw,-86.925910949707,-69.8994140625,-246.66501159644596,53.976060942097284,3522613315
sw,-85.4228591918945,-71.0397644042968,-267.8051877449043,64.58903901479576,3522629982
sw,-81.959732055664,-72.5672073364257,-275.0223835354272,76.38105418136904,3522646649
sw,-77.6471328735351,-74.0856704711914,-268.4267840996079,86.35534672637853,3522663316
sw,-73.2162017822265,-75.6028900146484,-249.62724398798636,91.88279924962787,3522679983
sw,-70.3349609375,-77.826057434082,-221.3521150602396,91.35963678418722,3522696650
sw,-67.5061721801757,-80.4415740966796,-186.99387673555125,84.63050010912212,3522713317
sw,-64.5960311889648,-82.2316131591796,-150.17050022760557,73.04012640943111,3522729984
sw,-62.1094779968261,-82.763671875,-114.35063514153337,59.0513337512104,3522746651
sw,-60.4507522583007,-82.2908020019531,-82.53114730634972,45.51049805250157,3522763318
sw,-59.811767578125,-81.74462890625,-56.930111143945915,34.808445756583346,3522779985
sw,-59.8422813415527,-81.9854583740234,-38.70070740882892,28.261067539691382,3522796652
sw,-59.8272743225097,-82.9586715698242,-27.74788532430243,25.93881775441928,3522813319
sw,-59.4347915649414,-84.0336990356445,-22.76223871695227,26.95073694627252,3522829986
sw,-58.7910041809082,-84.8485870361328,-21.529564609421215,29.980221146576568,3522846653
sw,-58.0257759094238,-85.4824752807617,-21.45950400781711,33.80067239173949,3522863320
sw,-57.3687896728515,-86.0088958740234,-20.177224934673674,37.58048638363289,3522879987
sw,-57.0251083374023,-86.4847564697265,-15.997106320008944,40.932786581139524,3522896654
sw,-56.9770431518554,-86.937141418457,-8.153142240004339,43.780983300689435,3522913321
sw,-57.1148681640625,-87.2799072265625,3.240779160282008,46.155447036689196,3522929988
sw,-57.5440025329589,-87.4032440185546,17.43655323085939,48.02093994935893,3522946655
sw,-58.2825164794921,-87.2960739135742,33.38851708464835,49.19086857818666,3522963322
sw,-59.3379173278808,-87.0279006958007,50.06128125145662,49.33944489627225,3522979989
sw,-60.4715118408203,-86.6337280273437,66.61947463887375,48.08933617993476,3522996656
sw,-61.7281494140625,-86.0887908935546,82.4631330850298,45.13319177938505,3523013323
sw,-63.1029167175293,-85.539680480957,97.13405524605739,40.342020411335426,3523029990
sw,-64.7327651977539,-85.093521118164,110.16906864626101,33.82095042792431,3523046657
sw,-66.4914474487304,-84.7485733032226,120.9950094020507,25.89109493231954,3523063324
sw,-68.5512466430664,-84.4873275756836,128.93759490441857,16.999178932346087,3523079991
sw,-71.1360244750976,-84.3433532714843,133.35934989127125,7.576902401434033,3523096658
sw,-74.039192199707,-84.4054260253906,133.87164385425882,-2.113764642051838,3523113325
sw,-76.6712341308593,-84.7177658081054,130.5156927183292,-12.103954867479048,3523129992
sw,-78.3704605102539,-85.0284652709961,123.81281487557528,-22.761762945696535,3523146659
sw,-79.5931777954101,-85.3021392822265,114.65556581621306,-34.72038517962699,3523163326
sw,-81.1398696899414,-85.5803985595703,104.10624615774357,-48.68791110882315,3523179993
sw,-83.0472030639648,-85.9061431884765,93.2132982545168,-65.18297035483148,3523196660
sw,-84.9823379516601,-86.0692672729492,82.91179628518108,-84.27701301778609,3523213327
sw,-86.5696640014648,-85.6760940551757,73.98514949149103,-105.42927461486074,3523229994
sw,-87.5333557128906,-84.4232482910156,67.0158496228136,-127.47208880569765,3523246661
sw,-88.2116241455078,-82.373062133789,62.285988772475065,-148.75709645177616,3523263328
sw,-88.8150177001953,-79.7329864501953,59.667685461164666,-167.42630097773522,3523279995
sw,-89.3113021850586,-76.728401184082,58.59582090096152,-181.73974483150332,3523296662
sw,-88.8666763305664,-73.4717712402343,58.19402279929819,-190.38014405610554,3523313329
sw,-87.4522476196289,-70.2219314575195,57.54146227600912,-192.66332305203284,3523329996
sw,-86.1493377685546,-67.1103820800781,55.97855216114955,-188.6061406330616,3523346663
sw,-85.2876892089843,-64.3361358642578,53.31557729575842,-178.83597404315444,3523363330
sw,-84.6597747802734,-62.1802520751953,49.85557636599653,-164.36684643063688,3523379997
sw,-83.920654296875,-60.4862632751464,46.239659554122944,-146.312524084091,3523396664
sw,-83.2736434936523,-58.6352500915527,43.20311474540698,-125.63679462336053,3523413331
sw,-82.5339202880859,-56.6730728149414,41.34890901241291,-103.02793398158313,3523429998
sw,-81.8204345703125,-55.3624801635742,41.008173824461785,-78.92410826600964,3523446665
sw,-81.1157608032226,-54.6126403808593,42.20250306175824,-53.64708228121271,3523463332
sw,-80.2844467163086,-54.1503868103027,44.68178407319535,-27.569849667108272,3523479999
sw,-79.4018096923828,-54.0509796142578,47.99442914545813,-1.2567102207174472,3523496666
sw,-78.5199890136718,-54.3718681335449,51.5507269115868,24.458144886601207,3523513333
sw,-77.5987396240234,-55.1882781982421,54.656870482391206,48.4693844208451,3523530000
sw,-76.7134017944336,-56.1954879760742,56.51935123153629,69.48282285580174,3523546667
sw,-75.8971099853515,-57.7173309326171,56.239241071731044,86.17642191415432,3523563334
sw,-75.0878677368164,-59.6840095520019,52.82663237986619,97.41862865554421,3523580001
sw,-74.3028182983398,-61.4650764465332,45.263209763036826,102.5039078699767,3523596668
sw,-73.7846755981445,-63.0815505981445,32.62645958337693,101.35426749148235,3523613335
sw,-73.7204284667968,-64.8419418334961,14.26850398106583,94.63954023892467,3523630002
sw,-73.9187850952148,-66.4929580688476,-9.977346864088641,83.78136687364228,3523646669
sw,-74.3191528320312,-67.7741775512695,-39.60784771300054,70.81633971101917,3523663336
sw,-75.0138397216796,-68.2329177856445,-73.34277265370568,58.111159840315224,3523680003
sw,-76.4802551269531,-68.6110305786132,-109.16998911370085,47.963294570099016,3523696670
sw,-79.0840759277343,-69.0048065185546,-144.58354684164695,42.17495218184617,3523713337
sw,-82.4376602172851,-69.4980087280273,-176.98083207996797,41.71838540891842,3523730004
sw,-85.8561782836914,-70.4601898193359,-204.0977062242968,46.58696118978811,3523746671
sw,-87.7615737915039,-71.820083618164,-224.32328671539022,55.85629266572303,3523763338
sw,-85.5936203002929,-73.3217544555664,-236.7877219713098,67.9023332833581,3523780005
sw,-82.3475265502929,-74.5994644165039,-241.2329451836499,80.68509516087998,3523796672
sw,-78.7444152832031,-75.7875900268554,-237.78519652407576,92.03012235609822,3523813339
sw,-74.7098922729492,-77.0024490356445,-226.78208124618226,99.90176028607047,3523830006
sw,-71.428840637207,-78.75244140625,-208.7520517967183,102.7041284803563,3523846673
sw,-68.382339477539,-81.1325531005859,-184.5435745812737,99.61881738855112,3523863340
sw,-65.3231201171875,-83.6430969238281,-155.51438383702833,90.89955801530826,3523880007
sw,-62.8249015808105,-85.2806777954101,-123.65053260260943,77.96376032146581,3523896674
sw,-61.0734367370605,-85.7279968261718,-91.49569374458679,63.13750054526494,3523913341
sw,-60.2905158996582,-85.4355850219726,-61.83416217567216,49.05493223605567,3523930008
sw,-60.2524604797363,-84.9367446899414,-37.176229753484314,37.91130896116526,3523946675
sw,-60.5577774047851,-84.9462280273437,-19.200194428274788,30.88242174870047,3523963342
sw,-60.6954193115234,-85.6066207885742,-8.351426045393616,27.95791566380409,3523980009
sw,-60.438980102539,-86.4455490112304,-3.75135626822648,28.223532942783223,3523996676
sw,-60.0193061828613,-86.9175186157226,-3.448049417042818,30.40408910708968,3524013343
sw,-59.6116790771484,-86.9144744873046,-4.909380102655864,33.38036265111392,3524030010
sw,-59.361701965332,-86.8356018066406,-5.586983196011316,36.459339204853265,3524046677
sw,-59.4418869018554,-86.8297271728515,-3.39208919326233,39.34237965429875,3524063344
sw,-59.865852355957,-86.7291183471679,3.000025053021639,41.8904049188484,3524080011
sw,-60.3304138183593,-86.2858581542968,14.014805020463864,43.85149879828702,3524096678
sw,-60.671287536621,-85.625747680664,29.16390453848896,44.68633608219736,3524113345
sw,-61.2207489013671,-85.0082550048828,47.11329280888241,43.548611693683206,3524130012
sw,-62.0460319519043,-84.5318069458007,65.83979757260772,39.408922043996185,3524146679
sw,-63.1228523254394,-84.2308883666992,82.9131396835185,31.27715047696547,3524163346
sw,-64.7117843627929,-84.0300827026367,95.92503087885684,18.468951061064658,3524180013
sw,-66.8003997802734,-83.919204711914,103.02422339681827,0.8546107966116191,3524196680
sw,-69.1866149902343,-83.9124374389648,103.43581516835043,-20.982194694003965,3524213347
sw,-71.6209182739257,-84.2307815551757,97.7897186019736,-45.74798161140496,3524230014
sw,-73.2032394409179,-85.1863555908203,88.10048406619596,-71.6464011690485,3524246681
sw,-73.9908447265625,-86.5304489135742,77.34470841168559,-96.76083970308764,3524263348
sw,-74.3288650512695,-86.9534835815429,68.73791025347495,-119.49907104616655,3524280015
sw,-75.1271438598632,-85.2813415527343,64.93928039174651,-138.92973647533557,3524296682
sw,-76.4058151245117,-83.1488571166992,67.4331369165737,-154.86136456559316,3524313349
sw,-78.1104965209961,-81.1011734008789,76.23939191152071,-167.6234983547377,3524330016
sw,-79.8998184204101,-78.7641983032226,89.96144737845509,-177.65528410581118,3524346683
sw,-81.3636474609375,-75.8863677978515,106.08267646992694,-185.10200934992946,3524363350
sw,-82.723388671875,-72.5121612548828,121.41526572423768,-189.60454814500926,3524380017
sw,-84.2793960571289,-68.8884201049804,132.65295457624373,-190.35583100598552,3524396684
sw,-85.9624557495117,-65.6260223388671,137.0065368704233,-186.36799281379132,3524413351
sw,-86.6253128051757,-62.6161499023437,132.85816431316246,-176.81903958023375,3524430018
sw,-84.9914779663086,-60.3938255310058,120.27877970414798,-161.35384424965594,3524446685
sw,-83.1480331420898,-58.3362426757812,101.194006614113,-140.2709910783982,3524463352
sw,-81.8806610107421,-56.1942520141601,79.03766994808286,-114.58043658781558,3524480019
sw,-81.5970458984375,-54.2297897338867,57.908943754518624,-85.93195609248063,3524496686
sw,-82.0157394409179,-53.2170906066894,41.469661016042,-56.4036938022618,3524513353
sw,-82.2942657470703,-53.288272857666,31.961631689017423,-28.151969970794166,3524530020
sw,-82.1601104736328,-53.9197463989257,29.70275353343471,-2.9848964557192588,3524546687
sw,-81.2062759399414,-54.7019348144531,33.23311957844554,18.00369496146797,3524563354
sw,-79.6451416015625,-55.225486755371,40.01407802981021,34.58926270746924,3524580021
sw,-78.1410369873046,-55.325870513916,47.36414672751137,47.289481101126476,3524596688
sw,-77.0232009887695,-55.6405181884765,53.2501720626888,57.016971797357655,3524613355
sw,-76.2615051269531,-56.5982971191406,56.661788420469406,64.6750164405015,3524630022
sw,-75.7627029418945,-58.1317749023437,57.51131129112401,70.8650141122371,3524646689
sw,-75.3020248413086,-59.7302017211914,56.20372723568268,75.7894175827261,3524663356
sw,-74.7901306152343,-61.1612586975097,53.12286148529785,79.32704591339544,3524680023
sw,-74.0816421508789,-62.390037536621,48.25905246537441,81.20140848662548,3524696690
sw,-73.2591857910156,-63.5322761535644,41.09915312290254,81.17268334247164,3524713357
sw,-72.5022048950195,-64.6994018554687,30.773553263747164,79.21912199707612,3524730024
sw,-72.029914855957,-65.920051574707,16.36133001750586,75.68752925913083,3524746691
sw,-72.0342941284179,-67.6028900146484,-2.778334039852603,71.37551599932765,3524763358
sw,-72.4607162475586,-69.20166015625,-26.756262555707593,67.48614720490461,3524780025
sw,-73.2996139526367,-70.2446365356445,-55.03886710862627,65.40344452986415,3524796692
sw,-74.7096328735351,-70.8835296630859,-86.47061050801904,66.29459123307699,3524813359
sw,-76.7319869995117,-71.3993530273437,-119.40009076271903,70.63811121669,3524830026
sw,-79.3555297851562,-72.1873168945312,-151.85994508507025,77.85812797724107,3524846693
sw,-82.2316589355468,-73.3877563476562,-181.74991817476467,86.25547986074739,3524863360
sw,-85.1009979248046,-75.1817474365234,-206.99050622557795,93.3405806844782,3524880027
sw,-87.2231521606445,-77.2562026977539,-225.6512184133247,96.51684149524442,3524896694
sw,-86.2123489379882,-79.419448852539,-236.095270084135,93.90453599525203,3524913361
sw,-83.1499786376953,-81.5601959228515,-237.19052103069126,85.00713226465422,3524930028
sw,-79.0410385131836,-83.0961303710937,-228.5920355953856,70.95183808841345,3524946695
sw,-74.1116256713867,-83.5707168579101,-211.01480396545742,54.18528181131718,3524963362
sw,-70.6691665649414,-83.3513565063476,-186.3403519428795,37.725360700920454,3524980029
sw,-68.5078659057617,-82.9899444580078,-157.41396443836,24.264136701192506,3524996696
sw,-67.0627822875976,-83.0053253173828,-127.5188397797864,15.4752183256177,3525013363
sw,-66.0591659545898,-83.5143051147461,-99.68808691195768,11.760129310521407,3525030030
sw,-65.0681686401367,-84.3694610595703,-76.11038494954524,12.444006268721214,3525046697
sw,-63.8995132446289,-85.0619201660156,-57.83507456274397,16.238121541897762,3525063364
sw,-62.6973609924316,-85.3866653442382,-44.830332428299265,21.72383064868325,3525080031
sw,-61.7514610290527,-85.6117095947265,-36.29348299493939,27.683371031726143,3525096698
sw,-61.1892013549804,-85.9521408081054,-31.03617595250554,33.235150559108945,3525113365
sw,-60.836326599121,-86.4150466918945,-27.790506458538307,37.835372067575285,3525130032
sw,-60.5216255187988,-86.7899017333984,-25.368702858133357,41.23409013322192,3525146699
sw,-60.3520240783691,-86.817153930664,-22.698368559677288,43.43415417840369,3525163366
sw,-60.1650962829589,-86.5652160644531,-18.80486513113476,44.647128701365396,3525180033
sw,-60.0607833862304,-86.2692337036132,-12.814900728496367,45.21563333066853,3525196700
sw,-60.0331230163574,-86.0024261474609,-4.0262311950509675,45.48540035283381,3525213367
sw,-60.1451568603515,-85.6865692138671,7.953321444565606,45.642058246468686,3525230034
sw,-60.3808937072753,-85.2739562988281,23.034435607234816,45.55271919044149,3525246701
sw,-60.8248901367187,-84.861343383789,40.50795849852117,44.66065888061537,3525263368
sw,-61.7318725585937,-84.5931777954101,59.01397462708354,41.97599380895364,3525280035
sw,-62.8638725280761,-84.3785552978515,76.67559585916696,36.19151584959316,3525296702
sw,-64.1646499633789,-84.1622619628906,91.41360904429582,25.930028597363638,3525313369
sw,-65.9012756347656,-83.9963912963867,101.40280557006069,10.094224524361545,3525330036
sw,-68.0068817138671,-83.9593124389648,105.57331896574016,-11.753787692039072,3525346703
sw,-70.6739349365234,-84.1806564331054,104.01292542964744,-39.09248434693737,3525363370
sw,-72.776382446289,-84.9465789794921,98.1113335643501,-70.3355349437425,3525380037
sw,-74.1566314697265,-86.3728561401367,90.3359407827444,-102.9953916021185,3525396704
sw,-74.8628540039062,-87.5777969360351,83.649179309084,-134.10691650547378,3525413371
sw,-75.7612380981445,-86.400276184082,80.72458238329268,-160.80651105865024,3525430038
sw,-77.0346755981445,-83.5373458862304,83.20831283585818,-180.89871188870387,3525446705
sw,-78.7436981201171,-80.1098022460937,91.25037095615154,-193.24144511371193,3525463372
sw,-80.6868362426757,-76.4686126708984,103.41864407231373,-197.8413146167401,3525480039
sw,-82.3944549560546,-73.0114517211914,116.98741569347575,-195.64513575400616,3525496706
sw,-83.9458236694336,-70.2562179565429,128.52148174813922,-188.1124355323025,3525513373
sw,-85.5454330444336,-67.8561782836914,134.65557073611993,-176.72746706445196,3525530040
sw,-86.8255386352539,-65.4635772705078,132.94640789011072,-162.62951113897577,3525546707
sw,-85.5905151367187,-63.2213172912597,122.61577866839832,-146.48748741480486,3525563374
sw,-83.1678695678711,-60.8570823669433,104.93991301788826,-128.6330570787438,3525580041
sw,-81.9023818969726,-58.4352416992187,83.0635176101383,-109.34646278161493,3525596708
sw,-81.819953918457,-56.6080589294433,61.18991943485258,-89.12082072829612,3525613375
sw,-82.4937133789062,-55.63720703125,43.37332103013041,-68.74911076654602,3525630042
sw,-82.9559783935546,-55.246971130371,32.35811811899115,-49.17825068236628,3525646709
sw,-82.686408996582,-55.2480201721191,28.92013916359872,-31.20633634479426,3525663376
sw,-81.6126937866211,-55.3022117614746,31.93877571599625,-15.189163930535134,3525680043
sw,-79.9609909057617,-55.2175979614257,39.09179292981684,-0.919856117110082,3525696710
sw,-78.4401473999023,-55.0835571289062,47.80392041644896,12.244506001836887,3525713377
sw,-77.3491744995117,-55.0687789916992,56.02503995650917,25.06021743782761,3525730044
sw,-76.6707305908203,-55.2694549560546,62.56526716194094,38.02277598731978,3525746711
sw,-76.1685333251953,-55.9490051269531,66.96418953327333,51.10311215970748,3525763378
sw,-75.3986206054687,-57.433536529541,69.07946774987664,63.6936562285433,3525780045
sw,-74.3077697753906,-59.1134910583496,68.65476092584271,74.75929670155155,3525796712
sw,-73.1034851074218,-60.3342857360839,65.06619029760378,83.1043600399405,3525813379
sw,-72.1261825561523,-61.2327919006347,57.319078257919735,87.65329469831809,3525830046
sw,-71.5285491943359,-62.3531990051269,44.255517733029336,87.69468963317163,3525846713
sw,-71.2056503295898,-63.7977600097656,24.880974832469384,83.09258706432216,3525863380
sw,-71.0350875854492,-65.3974380493164,-1.2870747325018623,74.46501167427684,3525880047
sw,-71.1527862548828,-67.1521377563476,-33.937287278121715,63.27333747751278,3525896714
sw,-71.9805755615234,-68.0595550537109,-71.83001107395069,51.724183958673486,3525913381
sw,-73.9456405639648,-68.6666717529296,-112.86551675108736,42.41773181287285,3525930048
sw,-76.9959030151367,-68.7928695678711,-154.34987456683342,37.78044166815343,3525946715
sw,-80.3726348876953,-69.0793228149414,-193.3761128366302,39.43508655224457,3525963382
sw,-83.9542541503906,-69.7384338378906,-227.1944351572709,47.715053453060484,3525980049
sw,-87.2810592651367,-70.9661865234375,-253.47231031045928,61.490290379276175,3525996716
sw,-86.7516479492187,-72.6023330688476,-270.42657154140295,78.3628019916064,3526013383
sw,-82.7873001098632,-74.3796691894531,-276.88575001688594,95.17035526348342,3526030050
sw,-78.1816482543945,-76.0284042358398,-272.3595521511098,108.66259955394135,3526046717
sw,-73.2488174438476,-78.0161514282226,-257.14738021319937,116.19771098751507,3526063384
sw,-69.6456069946289,-80.5528411865234,-232.44901296440756,116.32208515405353,3526080051
sw,-66.6277694702148,-83.3493194580078,-200.4014122864006,109.10859103401346,3526096718
sw,-63.528507232666,-85.5724258422851,-163.9762124252985,96.1454324891642,3526113385
sw,-60.590705871582,-86.4411392211914,-126.70444666549015,80.12815737746683,3526130052
sw,-58.7632598876953,-86.0891418457031,-92.22023757239062,64.135189217818,3526146719
sw,-58.4134941101074,-85.6141204833984,-63.65387352601617,50.81596632311903,3526163386
sw,-58.7747840881347,-85.8026885986328,-42.98705566416582,41.78718989748586,3526180053
sw,-58.7436447143554,-86.6663360595703,-30.572513482812212,37.44349502560788,3526196720
sw,-58.1304359436035,-87.4185104370117,-25.026237953926,37.18202449867256,3526213387
sw,-57.3487892150878,-87.4138870239257,-23.58079254763128,39.8487221489736,3526230054
sw,-56.6618766784668,-87.0693588256836,-22.805812497654948,44.15665861739801,3526246721
sw,-56.0200386047363,-86.8299179077148,-19.46782272455831,48.915794931834455,3526263388
sw,-55.6288948059082,-86.5606613159179,-11.277739761871441,53.0633779721297,3526280055
sw,-55.7471008300781,-86.0565338134765,2.6555539616781276,55.59284156539751,3526296722
sw,-56.253116607666,-85.2174606323242,21.736840073857955,55.4997695245101,3526313389
sw,-57.0656661987304,-84.2712860107421,44.12947166210037,51.81494500969576,3526330056
sw,-58.1962585449218,-83.5369262695312,67.23390846983284,43.72636036119107,3526346723
sw,-59.6325569152832,-82.9737091064453,88.2761127650877,30.744401946278145,3526363390
sw,-61.2817344665527,-82.6811752319336,104.89004866063917,12.84962324520378,3526380057
sw,-63.3842658996582,-82.8261947631836,115.59725208282335,-9.42789192650344,3526396724
sw,-65.8462600708007,-83.3804397583007,120.10055423571995,-35.02706078020293,3526413391
sw,-68.5555725097656,-84.3093185424804,119.32120176556609,-62.47612781050967,3526430058
sw,-70.5265197753906,-85.718521118164,115.14022429585192,-90.09402342259327,3526446725
sw,-71.6323165893554,-87.4484100341796,109.87782695272868,-116.23171313828654,3526463392
sw,-72.6770629882812,-88.0056076049804,105.64698664436665,-139.49840193855377,3526480059
sw,-74.3764419555664,-85.9353866577148,103.78955100307405,-158.91397072667544,3526496726
sw,-76.3820419311523,-83.2071380615234,104.58057202911053,-173.94491956559872,3526513393
sw,-78.4944839477539,-80.264289855957,107.2697778545298,-184.41986785084504,3526530060
sw,-80.5864791870117,-77.1746368408203,110.39388144291124,-190.36947228306326,3526546727
sw,-82.2683563232421,-73.8435668945312,112.22213306158244,-191.86914521783555,3526563394
sw,-83.6422042846679,-70.4147415161132,111.20991947713306,-188.9608590358684,3526580061
sw,-85.1348190307617,-67.222412109375,106.38692711103961,-181.69156283872252,3526596728
sw,-86.7463455200195,-64.1991271972656,97.63762128840273,-170.24809278327592,3526613395
sw,-87.2396926879882,-61.6054382324218,85.8195742252208,-155.11788542334918,3526630062
sw,-86.424560546875,-59.6153602600097,72.6454040236474,-137.1845124180389,3526646729
sw,-85.8825378417968,-57.6514625549316,60.29005941868646,-117.6874630482908,3526663396
sw,-85.7503814697265,-56.0813026428222,50.7976284078533,-98.02717820821796,3526680063
sw,-85.7533340454101,-55.1346206665039,45.48872362746052,-79.45701429435502,3526696730
sw,-85.3240432739257,-54.6920852661132,44.608929635526486,-62.75558142159599,3526713397
sw,-84.312255859375,-54.2893104553222,47.361147278265406,-48.002061432445984,3526730064
sw,-82.984130859375,-53.8327598571777,52.282393130198415,-34.56402791147718,3526746731
sw,-81.7422943115234,-53.2443008422851,57.77240486217561,-21.338800040898853,3526763398
sw,-80.6560287475586,-52.7760543823242,62.543150145665365,-7.185095185993249,3526780065
sw,-79.7130813598632,-52.5347137451171,65.8373635684049,8.607708297749994,3526796732
sw,-78.8920364379882,-52.6157608032226,67.39525875194677,25.99179149146991,3526813399
sw,-78.0564804077148,-53.5085105895996,67.25598775861619,44.100529508027506,3526830066
sw,-77.1237182617187,-55.1554260253906,65.52246493085475,61.470300204959905,3526846733
sw,-76.0878067016601,-56.9064712524414,62.194770528065305,76.4418385789743,3526863400
sw,-75.0315933227539,-58.0571022033691,57.11592949915689,87.57802577737823,3526880067
sw,-74.0803298950195,-59.1759185791015,50.010940171805224,93.96693975603267,3526896734
sw,-73.3161087036132,-60.5326423645019,40.564337528977106,95.37314673237572,3526913401
sw,-72.846206665039,-62.1272926330566,28.48330466819657,92.27692385554012,3526930068
sw,-72.7650909423828,-63.8210716247558,13.522965324340818,85.8449249353412,3526946735
sw,-72.9615325927734,-65.3567886352539,-4.512725787192241,77.82613553657595,3526963402
sw,-73.4053268432617,-66.7726364135742,-25.758555741319924,70.32823091640905,3526980069
sw,-74.1393203735351,-67.6790313720703,-50.23170377822534,65.44565449151241,3526996736
sw,-75.3637161254882,-68.3298416137695,-77.72390199088709,64.77688270356018,3527013403
sw,-77.1335906982421,-68.9457702636718,-107.66305905840595,68.94715483790819,3527030070
sw,-79.2843933105468,-69.7652435302734,-138.98254876269837,77.30136747746248,3527046737
sw,-81.7885971069336,-71.1113128662109,-170.0416961691057,87.91783216971137,3527063404
sw,-84.5064544677734,-73.0133056640625,-198.64255769799834,98.00802863389842,3527080071
sw,-86.8109512329101,-75.1708602905273,-222.18781399171323,104.6336121092342,3527096738
sw,-86.3864822387695,-77.3309249877929,-238.01211364249633,105.54176754740519,3527113405
sw,-83.2479400634765,-79.5250701904296,-243.87941519502098,99.85037401044247,3527130072
sw,-78.9021453857421,-81.3251571655273,-238.56526173629192,88.3388228097154,3527146739
sw,-73.3560791015625,-82.3006896972656,-222.35356433750073,73.21953327816131,3527163406
sw,-69.9809951782226,-82.5764617919921,-197.22772964888185,57.4501839084021,3527180073
sw,-68.0400772094726,-82.6888427734375,-166.5967685012299,43.832768224149305,3527196740
sw,-66.4217910766601,-83.1138458251953,-134.5799184613433,34.23934768469675,3527213407
sw,-65.0567321777343,-83.7710647583007,-105.0781354191657,29.23985244661902,3527230074
sw,-63.9923439025878,-84.5267868041992,-80.94841830683825,28.21350847408088,3527246741
sw,-62.9045600891113,-85.2222213745117,-63.522841160048614,29.817120547286873,3527263408
sw,-61.7732772827148,-85.8116149902343,-52.55274085860434,32.57073488304348,3527280075
sw,-60.788963317871,-86.3329696655273,-46.51024779167305,35.33524242696107,3527296742
sw,-59.9973716735839,-86.9185943603515,-43.09860691791506,37.553620166180664,3527313409
sw,-59.4082145690918,-87.4312057495117,-39.815413951135,39.23989341186712,3527330076
sw,-58.9835052490234,-87.6318969726562,-34.454587761122255,40.777287310855236,3527346743
sw,-58.4038619995117,-87.3996276855468,-25.485228981811314,42.614205916100126,3527363410
sw,-57.9834442138671,-86.9390640258789,-12.278716812827888,44.94032261424231,3527380077
sw,-57.9387130737304,-86.4948501586914,4.832639261594308,47.413115677919826,3527396744
sw,-58.5280494689941,-86.0914993286132,24.67009175734984,49.00176419081517,3527413411
sw,-59.570499420166,-85.7193374633789,45.47170849670394,48.01166934431604,3527430078
sw,-60.5758438110351,-85.3498306274414,65.24401391067117,42.33002141588838,3527446745
sw,-61.8151473999023,-84.9161987304687,82.12615131147679,29.88150344969428,3527463412
sw,-63.2610702514648,-84.5779800415039,94.70660674267687,9.213153546350137,3527480079
sw,-65.1125869750976,-84.5450134277343,102.259253050604,-19.937243129538594,3527496746
sw,-67.4077606201171,-84.9826126098632,104.87532726092628,-56.26626887231682,3527513413
sw,-69.3583908081054,-86.0427932739257,103.46021889977244,-96.87790689511735,3527530080
sw,-70.9281997680664,-87.6788940429687,99.56696385661579,-137.67703463492703,3527546747
sw,-72.2661514282226,-87.0942459106445,95.07592296678484,-174.13031764007374,3527563414
sw,-73.4753952026367,-83.5582885742187,91.78926909377883,-202.20966663050515,3527580081
sw,-75.0543670654296,-79.4029235839843,91.04722579208816,-219.24797080021037,3527596748
sw,-76.8569641113281,-75.1475448608398,93.46006308211363,-224.44300979722618,3527613415
sw,-78.7465667724609,-71.1483459472656,98.79727860452549,-218.85325618519042,3527630082
sw,-80.4099044799804,-68.0556640625,106.025775221943,-204.90328315837698,3527646749
sw,-81.7836990356445,-65.5780563354492,113.47608973721769,-185.59062591564597,3527663416
sw,-83.3699874877929,-63.4430389404296,119.13281251429572,-163.68764752905605,3527680083
sw,-85.0403823852539,-61.3987960815429,121.05040623988266,-141.2103237425435,3527696750
sw,-86.2251968383789,-58.8228683471679,117.85449198237167,-119.28432897512336,3527713417
sw,-86.2570724487304,-56.6222610473632,109.21293390442827,-98.34806777147683,3527730084
sw,-85.0160293579101,-55.475528717041,96.10312046986023,-78.49656306672779,3527746751
sw,-83.7399749755859,-54.6000671386718,80.71607041073555,-59.75946767745066,3527763418
sw,-83.20361328125,-54.0665092468261,65.9453021498221,-42.205874115615686,3527780085
sw,-83.2438430786132,-53.8399124145507,54.57865711897033,-25.89510072883979,3527796752
sw,-83.2584915161132,-53.8699569702148,48.464916809964,-10.769930919405379,3527813419
sw,-82.8614425659179,-54.19038772583,47.97143156897231,3.402086760919204,3527830086
sw,-81.8998184204101,-54.5864868164062,51.94232477791029,16.971958383335696,3527846753
sw,-80.3616180419921,-54.8524284362793,58.15689396063009,30.233034620843878,3527863420
sw,-78.781265258789,-54.9065818786621,64.08432130826618,43.192153051749166,3527880087
sw,-77.4796142578125,-55.1545639038085,67.63487583220876,55.40830428095171,3527896754
sw,-76.4528884887695,-56.1566772460937,67.65360287360123,66.01795809977365,3527913421
sw,-75.6654434204101,-57.9420127868652,64.04551421459418,73.98842249633759,3527930088
sw,-74.8301696777343,-59.9747428894043,57.574049159478996,78.51336978884292,3527946755
sw,-73.9727554321289,-61.3783226013183,49.464082135927015,79.36720777746073,3527963422
sw,-73.1636123657226,-62.3339195251464,40.948678142408205,77.04389359889764,3527980089
sw,-72.6026306152343,-63.327781677246,32.85958254595949,72.62380408667968,3527996756
sw,-72.4231262207031,-64.0148468017578,25.32535292319289,67.45724805868228,3528013423
sw,-72.5787277221679,-64.8318252563476,17.63273732584711,62.82774695570137,3528030090
sw,-72.8874435424804,-66.0054016113281,8.309720647300058,59.72719516609824,3528046757
sw,-72.910903930664,-67.2674026489257,-4.536093872081176,58.77749989978278,3528063424
sw,-72.6746139526367,-68.469367980957,-22.66493637144673,60.24088540648948,3528080091
sw,-72.7354125976562,-69.2166213989257,-47.08154127998314,64.03148334329433,3528096758
sw,-73.6023788452148,-69.8581771850586,-77.5515916147351,69.68615687254972,3528113425
sw,-75.4962158203125,-70.8915710449218,-112.44287314799796,76.33113370946236,3528130092
sw,-78.2671279907226,-72.3029479980468,-148.95567542341254,82.72733286569114,3528146759
sw,-81.6139755249023,-73.9762725830078,-183.65461361165572,87.4535628201756,3528163426
sw,-85.2303848266601,-75.5999526977539,-213.11291633499553,89.21213803863925,3528180093
sw,-87.9313354492187,-77.0560226440429,-234.47696407462337,87.16988240220121,3528196760
sw,-86.3596572875976,-78.5143585205078,-245.8392854195282,81.21996172849292,3528213427
sw,-82.8746490478515,-79.9737167358398,-246.41275332323306,72.07008679768087,3528230094
sw,-78.3428192138671,-81.169075012207,-236.56064495761615,61.11220196529455,3528246761
sw,-74.5894775390625,-82.0306091308593,-217.7276962572705,50.09328973546945,3528263428
sw,-71.4236679077148,-82.5522384643554,-192.26899551968935,40.675551909115555,3528280095
sw,-68.4149169921875,-82.890640258789,-163.14877364643468,34.0234927226546,3528296762
sw,-66.1319580078125,-83.2478866577148,-133.50880178406868,30.55415657516061,3528313429
sw,-64.965217590332,-83.7242736816406,-106.16458543068708,29.92591142222609,3528330096
sw,-64.084846496582,-84.3807830810546,-83.14035807096084,31.249227076577984,3528346763
sw,-63.1210784912109,-85.1369552612304,-65.37144946633697,33.42594410583725,3528363430
sw,-62.0491905212402,-85.8723220825195,-52.66297433433045,35.493295997456016,3528380097
sw,-60.8869972229003,-86.5288696289062,-43.90291619201645,36.868374873426156,3528396764
sw,-60.0475463867187,-87.0663528442382,-37.43439899721222,37.438702478759716,3528413431
sw,-59.6496620178222,-87.4213180541992,-31.454121717526448,37.499290354644735,3528430098
sw,-59.4442901611328,-87.5416259765625,-24.337752868467426,37.57647565524843,3528446765
sw,-59.3729362487793,-87.4516296386718,-14.862338485746202,38.196170757375086,3528463432
sw,-59.2453346252441,-87.1856155395507,-2.347090531495889,39.65196360211936,3528480099
sw,-59.5320930480957,-86.7830200195312,13.25942638770553,41.81618890293346,3528496766
sw,-60.1181182861328,-86.3625030517578,31.342429164078496,44.02542638464027,3528513433
sw,-60.6697006225585,-86.0313873291015,50.65781900941381,45.067191708898264,3528530100
sw,-61.486270904541,-85.7381439208984,69.47759090675659,43.29376919316169,3528546767
sw,-62.6315460205078,-85.3564071655273,85.86944852387009,36.87993048142354,3528563434
sw,-64.4708557128906,-84.9661178588867,98.101038172759,24.211127550462283,3528580101
sw,-66.883804321289,-84.717544555664,105.09662674358488,4.338159105226182,3528596768
sw,-69.3918838500976,-84.680435180664,106.80851274901283,-22.617234366215087,3528613435
sw,-71.3786087036132,-85.0347366333007,104.34515177121997,-55.24465058428363,3528630102
sw,-72.8003616333007,-86.0794906616211,99.75905353433555,-90.92657752089458,3528646769
sw,-73.8643569946289,-87.4547042846679,95.52528025093355,-126.24943479918497,3528663436
sw,-75.0745697021484,-86.8330612182617,93.86960034078392,-157.66181989116484,3528680103
sw,-76.7006072998046,-84.0050506591796,96.16127839856094,-182.1990993175357,3528696770
sw,-78.6491394042968,-80.4530944824218,102.5438033950166,-198.05637537740367,3528713437
sw,-80.6716079711914,-76.5864715576171,111.87615977088996,-204.8366437839918,3528730104
sw,-82.434829711914,-72.9877243041992,121.96576428586908,-203.410495960447,3528746771
sw,-83.9340209960937,-70.1374893188476,130.0339161296062,-195.45848964791307,3528763438
sw,-85.4587783813476,-67.7037200927734,133.35018268453135,-182.88106030992594,3528780105
sw,-86.833625793457,-65.423225402832,129.9515437015086,-167.30590176777048,3528796772
sw,-85.9144744873046,-63.0211944580078,119.29500626722478,-149.86695169589132,3528813439
sw,-83.6747283935546,-60.3304595947265,102.61712247131,-131.28757099415577,3528830106
sw,-82.2003936767578,-57.7674713134765,82.7817528668153,-112.14357522052117,3528846773
sw,-82.007583618164,-56.1410598754882,63.55221928718539,-93.09739735618396,3528863440
sw,-82.7175369262695,-55.1654739379882,48.4831394357378,-74.93240134126125,3528880107
sw,-83.1134796142578,-54.7555122375488,39.84531644693596,-58.353183298699136,3528896774
sw,-82.6041030883789,-54.5625228881835,38.02251831193029,-43.67000092518901,3528913441
sw,-81.2848587036132,-54.3750267028808,41.61171566012395,-30.564345921799987,3528930108
sw,-79.5545654296875,-53.9835815429687,48.13014501622155,-18.099652862176512,3528946775
sw,-77.9157409667968,-53.51953125,54.97130391737072,-5.0217290562220995,3528963442
sw,-76.6979675292968,-53.3015174865722,60.191686406632755,9.747585010913658,3528980109
sw,-76.0092697143554,-53.4055290222168,62.85372294590643,26.614735606796064,3528996776
sw,-75.461441040039,-53.8423881530761,62.892006165490656,45.01653542634874,3529013443
sw,-74.841323852539,-54.8019638061523,60.67533060022588,63.445640864926574,3529030110
sw,-74.0697174072265,-56.4831466674804,56.51977103687101,79.80501150721207,3529046777
sw,-73.1926116943359,-58.3044776916503,50.36187168795635,91.97938917621862,3529063444
sw,-72.3692398071289,-59.9039077758789,41.682973907669016,98.44113146891605,3529080111
sw,-71.7312393188476,-61.4337196350097,29.658138455278724,98.70950114286515,3529096778
sw,-71.4158325195312,-63.010929107666,13.432516721440496,93.54599517267702,3529113445
sw,-71.4191970825195,-64.5771102905273,-7.5869199536679774,84.85044621076787,3529130112
sw,-71.7902069091796,-65.9762573242187,-33.51204708295563,75.28519253282717,3529146779
sw,-72.8303833007812,-66.9986190795898,-63.872176665718456,67.69462433044139,3529163446
sw,-74.6273040771484,-67.7604751586914,-97.63019920057441,64.42449862566308,3529180113
sw,-77.158950805664,-68.3146667480468,-133.27584756878028,66.68730520531206,3529196780
sw,-80.0275650024414,-68.9959945678711,-168.93531530870686,74.14845432880519,3529213447
sw,-83.0402145385742,-70.041259765625,-202.45192724748838,84.89242922813382,3529230114
sw,-86.0226593017578,-71.6162948608398,-231.44427953157773,95.84703387147177,3529246781
sw,-87.42724609375,-73.7853240966796,-253.40811550080238,103.60414212222986,3529263448
sw,-84.8399581909179,-76.2347412109375,-265.95186196695624,105.4198483103372,3529280115
sw,-80.8258590698242,-78.6944274902343,-267.21194960548024,100.07278315120614,3529296782
sw,-75.1529312133789,-80.5974884033203,-256.38679356107923,88.26703395382374,3529313449
sw,-70.3498458862304,-81.6121292114257,-234.20563687181107,72.40679959081469,3529330116
sw,-67.1648025512695,-81.7773208618164,-203.09333101911312,55.80575283797481,3529346783
sw,-64.3690872192382,-81.6416625976562,-166.87054979987093,41.62895200028328,3529363450
sw,-62.5886459350585,-81.8722534179687,-130.01735384919692,31.979443867443745,3529380117
sw,-61.7754898071289,-82.5639114379882,-96.7166540538506,27.463042429395703,3529396784
sw,-61.2582054138183,-83.4006729125976,-69.98161652588497,27.33039717085734,3529413451
sw,-60.4980392456054,-84.1965103149414,-51.130472580638916,30.039116292741756,3529430118
sw,-59.3415794372558,-85.0101776123046,-39.73402278730859,33.93696298405478,3529446785
sw,-58.2724838256835,-85.7673797607421,-33.9857266936407,37.78847417248239,3529463452
sw,-57.5269470214843,-86.554458618164,-31.310344132932492,41.00115094646488,3529480119
sw,-57.2587623596191,-87.3166427612304,-28.995214739568024,43.56055615950113,3529496786
sw,-57.0044822692871,-87.9127807617187,-24.69504279091508,45.782170599060315,3529513453
sw,-56.822280883789,-88.035171508789,-16.762401877131293,48.00727905166501,3529530120
sw,-56.6790695190429,-87.568359375,-4.423154733795392,50.3340706889477,3529546787
sw,-56.7005310058593,-86.9599227905273,12.173518849752664,52.4290001432684,3529563454
sw,-57.2593307495117,-86.497200012207,32.020196465549894,53.43996730185569,3529580121
sw,-58.1280097961425,-86.1248092651367,53.43254372793257,52.032710764360075,3529596788
sw,-59.4386100769043,-85.6998519897461,74.33654888716711,46.5718017933075,3529613455
sw,-60.8173370361328,-85.2643051147461,92.62855568313587,35.44567095869969,3529630122
sw,-62.4875450134277,-84.9216766357421,106.55837961711542,17.48955529927994,3529646789
sw,-64.5756530761718,-84.8376846313476,115.07798691038174,-7.590130953424318,3529663456
sw,-67.0569915771484,-85.1156921386718,118.08933721793703,-38.91691347226372,3529680123
sw,-69.6448287963867,-85.8946380615234,116.51468449054492,-74.39025848744525,3529696790
sw,-71.5746002197265,-87.4098052978515,112.12383963796167,-110.94333747170162,3529713457
sw,-72.7976531982421,-88.2978515625,107.11256917960024,-145.08750060674427,3529730124
sw,-74.0384902954101,-85.4618377685546,103.52553476089194,-173.61147413221207,3529746791
sw,-75.7526168823242,-81.7996520996093,102.69870283993829,-194.22681223421978,3529763458
sw,-77.6396865844726,-78.3176193237304,104.89911213912816,-205.9529084483049,3529780125
sw,-79.5702514648437,-75.0020370483398,109.26151100029938,-209.128621596285,3529796792
sw,-81.2719268798828,-71.6422958374023,114.02055215456309,-205.08211107354362,3529813459
sw,-82.7128829956054,-68.7192916870117,116.97205903378507,-195.6133232170817,3529830126
sw,-84.3814468383789,-65.8461837768554,116.07131564973999,-182.49019390494928,3529846793
sw,-86.2920761108398,-63.0092620849609,110.05310804773193,-167.120606914539,3529863460
sw,-87.019287109375,-60.4762458801269,98.9157846692335,-150.46475901917776,3529880127
sw,-85.8187255859375,-58.091796875,84.08333264386238,-133.1428819945143,3529896794
sw,-85.0487213134765,-55.9702568054199,68.11227624032506,-115.61948891120504,3529913461
sw,-84.9306716918945,-54.3376998901367,53.97241448072466,-98.33654125089541,3529930128
sw,-85.0861434936523,-53.2207336425781,44.136564919352246,-81.72036356936137,3529946795
sw,-84.9706039428711,-52.477668762207,39.83443978599664,-66.06999860580223,3529963462
sw,-84.3009567260742,-51.8883209228515,40.76668257630731,-51.40636486973166,3529980129
sw,-83.1531829833984,-51.4019432067871,45.362453643744345,-37.38730091251663,3529996796
sw,-81.8617782592773,-50.99658203125,51.42365060159448,-23.362577779923996,3530013463
sw,-80.6176147460937,-50.7052154541015,56.86158562694074,-8.574243234152746,3530030130
sw,-79.6175765991211,-50.6019020080566,60.248906833985124,7.562459664960864,3530046797
sw,-78.8649826049804,-50.8383827209472,61.039665856729805,25.200937093331536,3530063464
sw,-78.1866683959961,-51.5384101867675,59.46749635260449,43.92306725192868,3530080131
sw,-77.4065399169921,-52.7711639404296,56.24108204325751,62.764032784363096,3530096798
sw,-76.5416717529296,-54.2735290527343,52.18551836838359,80.385707448709,3530113465
sw,-75.7075805664062,-55.8028030395507,47.94178155310222,95.3354700646801,3530130132
sw,-74.9903259277343,-57.2507057189941,43.77575773971972,106.31910932108354,3530146799
sw,-74.4221572875976,-58.8683357238769,39.501950427450474,112.44151043835639,3530163466
sw,-73.9452667236328,-60.8360328674316,34.50854269682939,113.3969316345031,3530180133
sw,-73.5503692626953,-63.0535049438476,27.868538295672348,109.5933264525404,3530196800
sw,-73.1700668334961,-65.01513671875,18.518237099672536,102.17485241085062,3530213467
sw,-72.9070892333984,-66.3805618286132,5.47197565953196,92.89642733719518,3530230134
sw,-72.9624710083007,-67.5698623657226,-11.971560526192478,83.83224944383701,3530246801
sw,-73.4779663085937,-68.7388687133789,-34.07671920539497,76.95803395138073,3530263468
sw,-74.5677719116211,-69.6941833496093,-60.596814633950856,73.69905957031663,3530280135
sw,-76.2541198730468,-70.3821487426757,-90.76951151727471,74.55939287581451,3530296802
sw,-78.4019775390625,-71.34765625,-123.34536485322789,78.94325453747844,3530313469
sw,-80.864990234375,-72.7192840576171,-156.61323734511893,85.24949094329241,3530330136
sw,-83.5804824829101,-74.5249633789062,-188.4195172679167,91.25502917920629,3530346803
sw,-86.3144302368164,-76.4373397827148,-216.22845802169633,94.70706624992631,3530363470
sw,-87.5391616821289,-78.3288803100586,-237.30586690689253,93.95378463575382,3530380137
sw,-85.0876998901367,-79.9368667602539,-249.09435844325583,88.40864634807883,3530396804
sw,-80.8616714477539,-81.1835708618164,-249.76901750133152,78.68860497449438,3530413471
sw,-74.7075958251953,-81.9204177856445,-238.83457686876307,66.37919116081116,3530430138
sw,-70.4825439453125,-82.2527618408203,-217.51509557319798,53.51808471095177,3530446805
sw,-68.2488021850586,-82.6262664794921,-188.69430360260435,41.99691178612999,3530463472
sw,-66.4276580810546,-83.3942642211914,-156.33759013673793,33.104590082966745,3530480139
sw,-64.828384399414,-84.211181640625,-124.57492674123665,27.3551266517312,3530496806
sw,-63.3979530334472,-84.7809143066406,-96.77414285902276,24.600622159207383,3530513473
sw,-62.0798645019531,-85.1424789428711,-74.89702423685446,24.310460770212604,3530530140
sw,-60.977554321289,-85.504165649414,-59.27193242040415,25.86176657321966,3530546807
sw,-60.0989646911621,-85.9430541992187,-48.75814013771126,28.730118009352918,3530563474
sw,-59.4204063415527,-86.4713668823242,-41.18799777460573,32.54431991304949,3530580141
sw,-58.9434127807617,-87.0094528198242,-33.95339179959683,37.0291957269053,3530596808
sw,-58.5702934265136,-87.365966796875,-24.6202673752819,41.88801969107786,3530613475
sw,-58.2796401977539,-87.330093383789,-11.47685802979947,46.67657770686708,3530630142
sw,-58.1968307495117,-86.9304428100586,6.068053209891559,50.70866378684593,3530646809
sw,-58.1495399475097,-86.4032135009765,27.316017067224774,53.02078058364596,3530663476
sw,-58.8484649658203,-85.93798828125,50.40036599903368,52.416150885143594,3530680143
sw,-60.2700767517089,-85.5056915283203,72.70946011652762,47.60068311467135,3530696810
sw,-61.8737564086914,-85.0967559814453,91.54038282721257,37.40837987837984,3530713477
sw,-64.0478820800781,-84.8084640502929,104.82541495287158,21.086644587168138,3530730144
sw,-66.4338150024414,-84.7384719848632,111.72498277893905,-1.420598602124119,3530746811
sw,-69.0347824096679,-84.9105377197265,112.89642148320881,-29.276519967543678,3530763478
sw,-70.6336898803711,-85.3897247314453,110.33090954359298,-60.7241794859824,3530780145
sw,-71.8476181030273,-86.4438400268554,106.78537638822024,-93.27825148665599,3530796812
sw,-73.0528793334961,-87.4910278320312,104.98004521882953,-124.12458729795235,3530813479
sw,-74.5739440917968,-86.3607864379882,106.81883992087714,-150.64140992019446,3530830146
sw,-76.6535720825195,-83.7365264892578,112.86904420041704,-170.8967088501752,3530846813
sw,-78.9090194702148,-80.5719146728515,122.22265396123208,-183.96771915819423,3530863480
sw,-81.2866134643554,-77.1295318603515,132.7269600803233,-189.98193193701155,3530880147
sw,-83.3880844116211,-73.7857131958007,141.48760198647506,-189.87272426768533,3530896814
sw,-85.0043258666992,-70.8910217285156,145.53272815600394,-184.94015670879617,3530913481
sw,-86.3345718383789,-68.5475311279296,142.54320448247836,-176.37865497091713,3530930148
sw,-86.6188125610351,-66.0780181884765,131.54158448059803,-164.95167844454073,3530946815
sw,-84.034683227539,-63.4554443359375,113.36924148560242,-150.93601270545744,3530963482
sw,-81.8558959960937,-60.6829605102539,90.72494282810703,-134.33246443412187,3530980149
sw,-81.5272521972656,-58.3403892517089,67.60202589086464,-115.20570404068387,3530996816
sw,-82.1660919189453,-56.9227905273437,48.19567551022044,-93.95642131016852,3531013483
sw,-82.8640899658203,-55.9841041564941,35.64483443868996,-71.382670476118,3531030150
sw,-82.9399795532226,-55.5686836242675,31.114636983106067,-48.516085895234454,3531046817
sw,-82.1801147460937,-55.5828590393066,33.59395442348713,-26.340756946597345,3531063484
sw,-80.535415649414,-55.6716766357421,40.45263086163245,-5.553580845398495,3531080151
sw,-78.6220169067382,-55.6230545043945,48.469919034165706,13.510873245583472,3531096818
sw,-77.3383102416992,-55.7942810058593,54.882493791010056,30.764241824931144,3531113485
sw,-76.7548904418945,-56.2583198547363,58.06674662303004,46.13576395002332,3531130152
sw,-76.3463439941406,-56.9411354064941,57.69850697514137,59.36977175013761,3531146819
sw,-75.7254638671875,-57.8866539001464,54.478171013494595,69.97246747424327,3531163486
sw,-74.8752899169921,-59.5506591796875,49.63967288441521,77.35231680217572,3531180153
sw,-73.9001922607421,-61.4390830993652,44.445007689106056,81.09660712287567,3531196820
sw,-73.0866622924804,-63.1034278869628,39.770798580168034,81.2512021332829,3531213487
sw,-72.6753997802734,-64.4109497070312,35.81581113873203,78.46223779851303,3531230154
sw,-72.6567611694336,-65.3255996704101,31.944828655012333,73.90651772206984,3531246821
sw,-72.6545944213867,-66.0615310668945,26.710979905640045,69.04225091935969,3531263488
sw,-72.3556060791015,-67.0583267211914,18.1056690936633,65.28717495847164,3531280155
sw,-71.8694152832031,-68.3103408813476,4.032399419223485,63.73429178993367,3531296822
sw,-71.6117858886718,-69.4762344360351,-17.096043700382648,64.96029066384855,3531313489
sw,-71.9656829833984,-70.2727813720703,-45.81607670410372,68.92390647552136,3531330156
sw,-73.183349609375,-70.9122924804687,-81.30776967453951,74.93840883686799,3531346823
sw,-75.4545440673828,-71.820930480957,-121.42053836452043,81.732227838738,3531363490
sw,-78.4604263305664,-73.0972290039062,-162.99991131544854,87.63874096092569,3531380157
sw,-81.9520645141601,-74.697639465332,-202.38725216228337,90.93589198487813,3531396824
sw,-85.5258712768554,-76.5232315063476,-235.9419316009442,90.28522291096546,3531413491
sw,-87.9147567749023,-78.2208557128906,-260.4902152212884,85.13977424581938,3531430158
sw,-85.8508377075195,-79.4647598266601,-273.6907060183743,75.9589564412542,3531446825
sw,-81.5349960327148,-80.4134750366211,-274.35275585088664,64.12001944619237,3531463492
sw,-75.3891983032226,-80.6205368041992,-262.7044628133814,51.5346151064515,3531480159
sw,-70.4329833984375,-80.5440063476562,-240.50702867486785,40.1064592329926,3531496826
sw,-67.613296508789,-80.9180374145507,-210.85873607763426,31.234779784303182,3531513493
sw,-65.4654388427734,-81.8466186523437,-177.62069663584288,25.540109304326858,3531530160
sw,-63.583625793457,-82.7554092407226,-144.59266290731586,22.879066495045993,3531546827
sw,-62.0599250793457,-83.3547134399414,-114.71674594445628,22.58658941226221,3531563494
sw,-60.5421676635742,-83.7842330932617,-89.57488578332622,23.808807827975052,3531580161
sw,-59.0018806457519,-84.2549514770507,-69.29963800513758,25.79504693272157,3531596828
sw,-57.8212547302246,-84.8140106201171,-52.84826048552108,28.075025961201334,3531613495
sw,-57.2478370666503,-85.423843383789,-38.48673089004038,30.507870512476284,3531630162
sw,-56.9471130371093,-85.9574127197265,-24.319160645155975,33.22340831503045,3531646829
sw,-56.849609375,-86.3211364746093,-8.750163296437801,36.484285945449884,3531663496
sw,-57.1048698425293,-86.495132446289,9.170611363824587,40.49643485002074,3531680163
sw,-57.5013465881347,-86.4891662597656,29.539787167526082,45.19880678897304,3531696830
sw,-58.0142211914062,-86.3390579223632,51.54354901924405,50.07314705262053,3531713497
sw,-59.1044692993164,-86.0962600708007,73.57504220176833,54.02517899664756,3531730164
sw,-60.6855278015136,-85.7919692993164,93.5361034252173,55.39248455298124,3531746831
sw,-62.6940956115722,-85.3933792114257,109.29261873322137,52.12372615033213,3531763498
sw,-64.8577728271484,-84.933609008789,119.19655887466617,42.1414434539779,3531780165
sw,-67.052001953125,-84.5546493530273,122.54675937348073,23.846256674040472,3531796832
sw,-69.3992691040039,-84.3330307006836,119.85773331003966,-3.3428797750533708,3531813499
sw,-71.8336029052734,-84.4243774414062,112.84225117955424,-38.5654793984558,3531830166
sw,-73.4791183471679,-85.091323852539,104.07878237818464,-79.3733569456653,3531846833
sw,-74.6810073852539,-86.3375091552734,96.42050112716446,-121.97085941541923,3531863500
sw,-75.6047134399414,-86.8196182250976,92.29178411255067,-161.84446525789525,3531880167
sw,-77.0325164794921,-84.3751068115234,93.07228564006293,-194.65072507524846,3531896834
sw,-78.8052368164062,-80.3733673095703,98.74738022057687,-217.12141794986042,3531913501
sw,-80.8176574707031,-76.0416412353515,107.90922849500086,-227.71177372861146,3531930168
sw,-82.7700805664062,-72.0092544555664,118.08003379736608,-226.7877651289559,3531946835
sw,-84.2320480346679,-68.6667938232421,126.26052819854573,-216.30390482025868,3531963502
sw,-85.3585205078125,-65.7655029296875,129.59733445659936,-199.1051010662576,3531980169
sw,-86.2919235229492,-63.5718002319335,126.07199718672241,-178.11794800144577,3531996836
sw,-85.5571517944336,-61.5086936950683,115.09221076905901,-155.71785568119435,3532013503
sw,-83.6101531982421,-59.0563774108886,97.81438365017145,-133.45599238503968,3532030170
sw,-81.9833755493164,-56.3487701416015,77.01615582096622,-112.14995792862956,3532046837
sw,-81.5634155273437,-54.4625434875488,56.443391967200405,-92.17434030042651,3532063504
sw,-82.1668701171875,-53.3889923095703,39.77160506853485,-73.72439298179151,3532080171
sw,-82.7542724609375,-52.9216690063476,29.535014009924357,-56.90194429013684,3532096838
sw,-82.6439056396484,-52.7844543457031,26.442943960315443,-41.628805972873074,3532113505
sw,-81.7809524536132,-52.6381378173828,29.354705977089893,-27.519956349820244,3532130172
sw,-80.3064498901367,-52.3003196716308,35.88868142870855,-13.870294335109024,3532146839
sw,-78.7199630737304,-51.9434585571289,43.36389364173249,0.1724362546933652,3532163506
sw,-77.6126708984375,-51.8994712829589,49.6622958283516,15.296406039801438,3532180173
sw,-77.084358215332,-52.2268829345703,53.69775442335643,31.709093090586755,3532196840
sw,-76.7594833374023,-52.8525657653808,55.40389813007748,48.956413244083365,3532213507
sw,-76.2165985107421,-53.9894714355468,55.37114936483933,65.95731302318954,3532230174
sw,-75.313850402832,-55.7900695800781,54.365726745807535,81.24191635361925,3532246841
sw,-74.2210235595703,-57.6431083679199,52.92916738399545,93.3034490183453,3532263508
sw,-73.2412185668945,-59.0615539550781,51.14777445120134,100.94417367231496,3532280175
sw,-72.5298156738281,-60.4600105285644,48.584428565639215,103.5257398370983,3532296842
sw,-72.0293884277343,-62.1486511230468,44.329344242970826,101.09907971334803,3532313509
sw,-71.5755996704101,-63.9132995605468,37.140557845055525,94.43502638094786,3532330176
sw,-71.130859375,-65.5776748657226,25.66527845661269,84.97184481567858,3532346843
sw,-70.8369903564453,-66.9769058227539,8.72712312260246,74.6619396691645,3532363510
sw,-70.8669509887695,-67.9749145507812,-14.366110687134256,65.68741182452116,3532380177
sw,-71.3939590454101,-68.7787857055664,-43.566944647282845,60.04923702021282,3532396844
sw,-72.6440124511718,-69.2475814819336,-77.956703440234,59.100748400996515,3532413511
sw,-74.636604309082,-69.8312911987304,-115.77488662033566,63.15341143760614,3532430178
sw,-77.3110656738281,-70.7723617553711,-154.59465733287269,71.29720274979998,3532446845
sw,-80.4514465332031,-72.1363983154296,-191.58866824891186,81.5334222689921,3532463512
sw,-83.9630432128906,-74.0136108398437,-223.82122933640906,91.22303261311606,3532480179
sw,-87.1766586303711,-76.0273132324218,-248.53069267476172,97.74315487155876,3532496846
sw,-87.1836013793945,-77.9224319458007,-263.4099667837372,99.16526061145893,3532513513
sw,-83.600341796875,-79.7256317138671,-266.9165733153857,94.75419292455636,3532530180
sw,-78.3760528564453,-81.4200210571289,-258.6118180828429,85.13955815211409,3532546847
sw,-73.0452270507812,-82.7889251708984,-239.44242661401927,72.10786482260394,3532563514
sw,-69.6738739013671,-83.5775527954101,-211.80074054475205,58.077399155834186,3532580181
sw,-66.9095458984375,-83.7792510986328,-179.22180348954902,45.421415424141294,3532596848
sw,-64.794448852539,-83.9955673217773,-145.7194153892454,35.863326762335326,3532613515
sw,-63.5229797363281,-84.4362030029296,-114.93989404282344,30.1422422865426,3532630182
sw,-62.602237701416,-85.1020736694336,-89.40539584457711,28.03339104429006,3532646849
sw,-61.5560226440429,-85.851448059082,-70.08466161607856,28.658200777161085,3532663516
sw,-60.3220062255859,-86.6084671020507,-56.40134688507307,30.914417659553248,3532680183
sw,-59.067455291748,-87.3052139282226,-46.63143417822307,33.847130681965176,3532696850
sw,-58.1514129638671,-87.9058532714843,-38.51771918960699,36.85204122031753,3532713517
sw,-57.6959609985351,-88.3189086914062,-29.8905739784421,39.69531374003669,3532730184
sw,-57.4805145263671,-88.3139114379882,-19.13461165803825,42.397462266864586,3532746851
sw,-57.5382804870605,-87.8573532104492,-5.436067701303993,45.04624641400763,3532763518
sw,-57.7270164489746,-87.2095031738281,11.172733512850174,47.59346315048892,3532780185
sw,-58.1059837341308,-86.5932006835937,29.91852080040733,49.67899415055463,3532796852
sw,-59.1442222595214,-86.0629959106445,49.48814725714955,50.523853387355224,3532813519
sw,-60.3370323181152,-85.5397644042968,68.28228922253572,48.9343000503618,3532830186
sw,-61.7927093505859,-84.9983749389648,84.68471279323806,43.44618848240123,3532846853
sw,-63.1622161865234,-84.493911743164,97.31616603303559,32.606102066434865,3532863520
sw,-64.8427505493164,-84.1672592163086,105.25342352735464,15.341915131616341,3532880187
sw,-66.8490600585937,-84.1502456665039,108.20168980833394,-8.662954829576536,3532896854
sw,-69.0234756469726,-84.4623565673828,106.59965935537686,-38.69609530649787,3532913521
sw,-70.8661880493164,-85.207763671875,101.61827677983392,-72.9402267143765,3532930188
sw,-72.4471893310546,-86.5914764404296,95.01385014893772,-108.6550054441593,3532946855
sw,-73.7867202758789,-88.0694351196289,88.83112761178154,-142.6115023051601,3532963522
sw,-74.9646224975586,-86.552131652832,85.00703437186509,-171.69177796291575,3532980189
sw,-76.315559387207,-83.192398071289,84.96583467750258,-193.49448077092373,3532996856
sw,-77.8245697021484,-79.2986755371093,89.298327544082,-206.76407314161037,3533013523
sw,-79.527961730957,-75.513801574707,97.5870542621142,-211.5078115505619,3533030190
sw,-81.1951141357421,-72.0012512207031,108.40293694674268,-208.77047845019305,3533046857
sw,-82.6558609008789,-69.0206604003906,119.48071476954597,-200.16256549936762,3533063524
sw,-83.9293670654296,-66.1450424194336,128.0808507476717,-187.329580935922,3533080191
sw,-85.3074798583984,-63.2550926208496,131.5346920256323,-171.562280080049,3533096858
sw,-85.7658538818359,-60.6946067810058,127.9132251953401,-153.66933036912522,3533113525
sw,-84.4551162719726,-58.3803100585937,116.66131599684593,-134.1060877768054,3533130192
sw,-82.4670867919921,-56.3407669067382,98.96047852697775,-113.2445314946198,3533146859
sw,-81.0913543701171,-54.6960220336914,77.60686956838984,-91.62766780334172,3533163526
sw,-80.7415237426757,-53.383445739746,56.349893142617674,-70.0794932666272,3533180193
sw,-81.1538925170898,-52.6617889404296,38.87095215017878,-49.61393687591692,3533196860
sw,-81.4195404052734,-52.5457954406738,27.76603112640924,-31.175315779207317,3533213527
sw,-81.2790374755859,-52.8982238769531,23.915902872141174,-15.322854365803257,3533230194
sw,-80.5690231323242,-53.2524108886718,26.459668581849122,-2.012405181484858,3533246861
sw,-79.3983001708984,-53.2854232788085,33.31967654381011,9.399343226667384,3533263528
sw,-78.1317062377929,-53.0116310119628,42.00315816178356,19.90207891222996,3533280195
sw,-77.0970153808593,-52.9410018920898,50.33511604702728,30.430962890170548,3533296862
sw,-76.3872299194336,-53.4150352478027,56.8705766424351,41.49694473738314,3533313529
sw,-75.7777481079101,-54.7117881774902,60.92001060536932,53.00492827033881,3533330196
sw,-75.0475540161132,-56.4202880859375,62.295061340676696,64.30603936952572,3533346863
sw,-74.1662445068359,-57.7591667175293,60.964782393321,74.410114676637,3533363530
sw,-73.2601623535156,-58.7244300842285,56.78993907388132,82.23776884600754,3533380197
sw,-72.4776000976562,-59.8818740844726,49.417175608341836,86.83701404466613,3533396864
sw,-71.909683227539,-61.2837371826171,38.32780847918423,87.56667201654447,3533413531
sw,-71.5818557739257,-62.8547401428222,22.98677310756161,84.27795671183158,3533430198
sw,-71.4514694213867,-64.424446105957,3.027514614219102,77.48489989612965,3533446865
sw,-71.6295623779296,-65.9855194091796,-21.58143171633303,68.4518870574857,3533463532
sw,-72.2846298217773,-67.0372619628906,-50.42882717161955,59.105541550138156,3533480199
sw,-73.6554946899414,-67.7545928955078,-82.63607276075479,51.72357647450356,3533496866
sw,-75.7935714721679,-68.1523666381836,-116.91342629939176,48.442849104704784,3533513533
sw,-78.4777679443359,-68.748664855957,-151.6633062362508,50.714259296155575,3533530200
sw,-81.4555130004882,-69.8254165649414,-185.07920106378384,58.86704041375986,3533546867
sw,-84.7066497802734,-71.2748794555664,-215.20567263802695,71.91199713661412,3533563534
sw,-87.4879150390625,-72.8484191894531,-239.9755066372212,87.63659404849122,3533580201
sw,-86.7444229125976,-74.3404464721679,-257.294159411914,102.97212878896619,3533596868
sw,-83.0503158569336,-75.7824325561523,-265.2559384069928,114.57362093844338,3533613535
sw,-78.2225799560546,-77.6143417358398,-262.52131932044,119.53195782620732,3533630202
sw,-72.4711456298828,-80.0426864624023,-248.77215295225852,116.09921289167194,3533646869
sw,-68.9590148925781,-83.1340408325195,-225.05777758194617,104.2445881610469,3533663536
sw,-66.2969741821289,-85.7191162109375,-193.83813394347234,85.81951606377318,3533680203
sw,-63.4805793762207,-86.6869049072265,-158.64497084334403,64.17340580602091,3533696870
sw,-61.2031745910644,-86.1252136230468,-123.43915168644978,43.25717039029268,3533713537
sw,-59.9601974487304,-85.088134765625,-91.83845620404536,26.503097602807845,3533730204
sw,-59.5415802001953,-84.552017211914,-66.40752376379784,15.917228894849432,3533746871
sw,-59.3637351989746,-84.7947769165039,-48.182531314863944,11.741963937171867,3533763538
sw,-58.6729583740234,-85.5605926513671,-36.559744474895695,12.770648986078083,3533780205
sw,-57.706802368164,-86.5315246582031,-29.58574129509773,17.090283719420366,3533796872
sw,-56.9518318176269,-87.3464965820312,-24.55897315066027,22.871103476548537,3533813539
sw,-56.4372596740722,-87.7987747192382,-18.751571786036813,28.87659697260686,3533830206
sw,-56.2641563415527,-88.1438598632812,-10.044610175022514,34.56407292715291,3533846873
sw,-56.4722633361816,-88.4621429443359,2.663703702088023,39.85287080213099,3533863540
sw,-56.8317413330078,-88.5886154174804,19.32172562991242,44.75324929983311,3533880207
sw,-57.314582824707,-88.1604843139648,38.83151760570139,49.04764386146031,3533896874
sw,-58.4503021240234,-87.3075408935546,59.33763314714057,52.13589127747208,3533913541
sw,-59.8742980957031,-86.432014465332,78.6283370005559,53.06051285885233,3533930208
sw,-61.4456939697265,-85.6336364746093,94.57927644412433,50.665659303776515,3533946875
sw,-63.0105361938476,-84.9890594482421,105.57156533410405,43.82620371565432,3533963542
sw,-64.7440643310546,-84.5197067260742,110.8250187905916,31.693267758004957,3533980209
sw,-67.0584182739257,-84.2674255371093,110.59649675030587,13.914117090896996,3533996876
sw,-69.6494369506836,-84.2411193847656,106.19316949687928,-9.212795473793166,3534013543
sw,-71.3505325317382,-84.6140213012695,99.75429742045715,-36.68639180137264,3534030210
sw,-72.4697570800781,-85.5885620117187,93.79698590251328,-66.88276279093886,3534046877
sw,-73.3897399902343,-86.995735168457,90.61011469739049,-97.76477617832028,3534063544
sw,-74.7039108276367,-88.0186080932617,91.66670239336717,-127.17964369690625,3534080211
sw,-76.4744796752929,-86.6010284423828,97.23832354062748,-153.1694458012015,3534096878
sw,-78.5033874511718,-83.7682266235351,106.31781789203717,-174.2122025413583,3534113545
sw,-80.6612091064453,-80.5174255371093,116.84195555961068,-189.33529996140055,3534130212
sw,-82.5234680175781,-77.1520385742187,126.12715423039245,-198.09042873579358,3534146879
sw,-84.0300827026367,-73.7994842529296,131.41977648451245,-200.43222335478387,3534163546
sw,-85.4639587402343,-70.6654434204101,130.48897103003196,-196.5803892235654,3534180213
sw,-86.7869186401367,-67.635498046875,122.19569630499124,-186.94767914572674,3534196880
sw,-85.8539581298828,-64.6476058959961,106.92341700067429,-172.1747161523694,3534213547
sw,-83.9551925659179,-62.1093559265136,86.6924068148143,-153.24077845689806,3534230214
sw,-83.072639465332,-59.7043838500976,64.79698236711874,-131.5544733719723,3534246881
sw,-83.1494598388671,-57.5722045898437,44.9665354831366,-108.91062672508556,3534263548
sw,-83.9406127929687,-56.5273399353027,30.29626993227832,-87.24735159628848,3534280215
sw,-84.4073181152343,-56.1254119873046,22.360999468584247,-68.23493971573082,3534296882
sw,-84.223892211914,-55.8626441955566,20.884411014691032,-52.83232526461772,3534313549
sw,-83.1765975952148,-55.4154815673828,24.09262250779243,-40.997818527399495,3534330216
sw,-81.6546096801757,-54.7258834838867,29.568869638570476,-31.697282532715036,3534346883
sw,-80.3583679199218,-54.007469177246,35.214361951349524,-23.23078345503264,3534363550
sw,-79.6062622070312,-53.47066116333,39.910067241587484,-13.765937027627931,3534380217
sw,-79.2389373779296,-53.3107452392578,43.650107366930925,-1.892401686108174,3534396884
sw,-78.9675598144531,-53.4923210144043,47.17073982387636,12.975939228529153,3534413551
sw,-78.5774383544921,-54.0621490478515,51.29962089259895,30.44834704770683,3534430218
sw,-77.9503097534179,-55.1764526367187,56.3197652598622,49.25688050317336,3534446885
sw,-77.0558547973632,-56.4396133422851,61.5831103955393,67.53962516179803,3534463552
sw,-75.9474258422851,-57.6246871948242,65.4783067623107,83.21269530899608,3534480219
sw,-74.7263488769531,-58.8282432556152,65.72522675905203,94.3549833295524,3534496886
sw,-73.6151123046875,-60.2435111999511,59.880266783623085,99.56891064812177,3534513553
sw,-72.7958602905273,-61.8246116638183,45.90484431996342,98.30220194631458,3534530220
sw,-72.3502655029296,-63.6707572937011,22.66321959475641,91.09690190301026,3534546887
sw,-72.375991821289,-65.6274261474609,-9.746851373694081,79.68783362456156,3534563554
sw,-73.0128402709961,-67.1544570922851,-49.884917611010245,66.84901046460365,3534580221
sw,-74.4358978271484,-67.950080871582,-95.09456675644667,55.925077955483324,3534596888
sw,-76.9661788940429,-68.3215408325195,-141.83988898922482,50.09040554703198,3534613555
sw,-80.3855514526367,-68.4777450561523,-186.18211515444213,51.50775657018066,3534630222
sw,-83.8797073364257,-69.1442337036132,-224.29356730924027,60.64251647233035,3534646889
sw,-86.6623458862304,-70.2742462158203,-252.90646936640604,75.97496487354024,3534663556
sw,-86.0162582397461,-71.9535064697265,-269.6378378897675,94.24011532561292,3534680223
sw,-82.7099685668945,-73.9708709716796,-273.1931726495216,111.1618102256684,3534696890
sw,-78.1163864135742,-75.8138809204101,-263.48512061626707,122.5027918232326,3534713557
sw,-73.5630111694336,-78.0394439697265,-241.68485230597437,125.16749354889302,3534730224
sw,-70.5182647705078,-81.3525772094726,-210.1791329044767,118.06875139667756,3534746891
sw,-67.8577499389648,-84.5907211303711,-172.38608385179734,102.49011389477822,3534763558
sw,-65.0619506835937,-86.1039428710937,-132.40553732450388,81.7627745619361,3534780225
sw,-62.7799987792968,-85.8048400878906,-94.51445540253906,60.274115450600775,3534796892
sw,-61.7832412719726,-84.5709381103515,-62.54222220785236,42.10813036600538,3534813559
sw,-62.0978660583496,-83.7269592285156,-39.20146364393803,29.836015639746677,3534830226
sw,-62.6634826660156,-83.8471221923828,-25.52508606383773,23.95066391481612,3534846893
sw,-62.5873718261718,-84.8450927734375,-20.613821959227273,23.14114324011837,3534863560
sw,-61.7592544555664,-85.9220581054687,-21.847068559025736,25.19997706524805,3534880227
sw,-60.7844924926757,-86.4340515136718,-25.54549345463258,28.084978214698058,3534896894
sw,-59.8842315673828,-86.362075805664,-27.890304811675875,30.654454994280616,3534913561
sw,-59.2854194641113,-86.5902709960937,-25.8131191789657,32.823490759230005,3534930228
sw,-59.0464477539062,-87.1393280029296,-17.610490070596157,35.195908406331725,3534946895
sw,-59.0355377197265,-87.6931915283203,-3.162193652100399,38.44762296916239,3534963562
sw,-59.3798828125,-87.865493774414,16.233068378759786,42.78378188787143,3534980229
sw,-60.200870513916,-87.1423416137695,38.297323164475216,47.68081324704794,3534996896
sw,-61.6097412109375,-86.0026245117187,60.340442928482815,51.9481350330637,3535013563
sw,-63.0172042846679,-84.9700546264648,79.81082218470205,54.006872454390944,3535030230
sw,-64.2329483032226,-84.2147750854492,94.72592286212135,52.239557544819824,3535046897
sw,-65.4949264526367,-83.7744598388671,103.94311056110685,45.30259190035489,3535063564
sw,-67.4876327514648,-83.5181121826171,107.28793173574927,32.35844452490147,3535080231
sw,-69.8341445922851,-83.3071594238281,105.56880176450582,13.22790427783148,3535096898
sw,-71.8790740966796,-83.2191009521484,100.47267833797201,-11.532176997065406,3535113565
sw,-73.4530639648437,-83.5412368774414,94.30461313157909,-40.637985238508,3535130232
sw,-74.8620681762695,-84.4490737915039,89.5557570135343,-72.19840941200528,3535146899
sw,-76.0521240234375,-85.8245849609375,88.35607641251438,-103.95254059004134,3535163566
sw,-77.3153915405273,-86.9646911621093,91.93876599269258,-133.59102707173034,3535180233
sw,-78.8542785644531,-86.3083267211914,100.26640053539859,-159.08728191528178,3535196900
sw,-80.631103515625,-83.8986358642578,111.93443234337971,-178.95300088713313,3535213567
sw,-82.6567153930664,-80.6642990112304,124.3970042920275,-192.35659591125628,3535230234
sw,-84.5514450073242,-77.1747131347656,134.4845669195609,-199.08955629142744,3535246901
sw,-86.2172088623046,-73.7948226928711,139.12347704255512,-199.41558385778777,3535263568
sw,-87.4620971679687,-70.8580551147461,136.1229571692735,-193.87634710106764,3535280235
sw,-85.8149795532226,-68.1667556762695,124.84980931285776,-183.14238860227152,3535296902
sw,-82.7483978271484,-65.381362915039,106.57403536776822,-167.9726698645703,3535313569
sw,-81.5386352539062,-62.6151580810546,84.29453242024282,-149.27878376814016,3535330236
sw,-81.05908203125,-60.0757637023925,62.00225568869897,-128.21018643446752,3535346903
sw,-81.4568939208984,-58.2792472839355,43.577843699603434,-106.14061310189098,3535363570
sw,-81.8799362182617,-57.4592323303222,31.71354820766444,-84.48262642453868,3535380237
sw,-81.9001083374023,-57.1760864257812,27.262098457433527,-64.37009838886236,3535396904
sw,-81.1911010742187,-56.8187408447265,29.23411863551928,-46.35561940139989,3535413571
sw,-79.7066955566406,-56.20552444458,35.39192604769571,-30.29319388893737,3535430238
sw,-78.0583267211914,-55.5200386047363,43.15497793283699,-15.492582058700973,3535446905
sw,-76.8392562866211,-55.144302368164,50.44012837953291,-1.0927543091279954,3535463572
sw,-76.1823501586914,-55.13081741333,56.1370415037183,13.505084352228806,3535480239
sw,-75.5918045043945,-55.4033508300781,60.11255394628287,28.324711216108728,3535496906
sw,-74.7193450927734,-55.9274711608886,62.839374345370885,42.74150556350865,3535513573
sw,-73.6817779541015,-57.101993560791,64.85769228422346,55.66771038225874,3535530240
sw,-72.767333984375,-59.0516777038574,66.2788717927409,65.91670812730229,3535546907
sw,-71.985237121582,-60.4700279235839,66.47537497871126,72.60054198000826,3535563574
sw,-71.2299575805664,-61.1688041687011,64.02942038176631,75.41296924325079,3535580241
sw,-70.3822708129882,-62.0313606262207,56.95515449365121,74.72283403159996,3535596908
sw,-69.4609985351562,-63.2631797790527,43.152537732957526,71.50322639248651,3535613575
sw,-68.7437973022461,-64.6309814453125,20.988173756285974,67.17219991426036,3535630242
sw,-68.5751266479492,-66.287124633789,-10.152354982250484,63.39075652463435,3535646909
sw,-69.1294631958007,-67.4588317871093,-49.50380482401957,61.80494954274205,3535663576
sw,-70.6170272827148,-68.3426895141601,-94.86541774598385,63.70582348912741,3535680243
sw,-73.2085571289062,-69.0266799926757,-142.86969430111697,69.63792718934499,3535696910
sw,-76.7258758544921,-69.8220138549804,-189.4942365717796,79.0733257303845,3535713577
sw,-80.7404632568359,-70.9842300415039,-230.66610331327092,90.31426065426685,3535730244
sw,-84.8696975708007,-72.5292510986328,-262.8013631628831,100.74746386964915,3535746911
sw,-87.9102554321289,-74.3829345703125,-283.1820459101062,107.45353225947218,3535763578
sw,-85.6231536865234,-76.4756774902343,-290.1673289546547,108.02853930410157,3535780245
sw,-81.6777954101562,-78.9950485229492,-283.3095312959481,101.36535255154716,3535796912
sw,-76.7986373901367,-81.4852600097656,-263.44794707510744,88.11258970464152,3535813579
sw,-71.969856262207,-83.0603942871093,-232.77681436463044,70.60148901961341,3535830246
sw,-68.3962631225586,-83.2986450195312,-194.78263465549443,52.20615012018958,3535846913
sw,-65.3765640258789,-82.8236770629882,-153.9108216826898,36.334933337106115,3535863580
sw,-63.8113021850585,-82.4967727661132,-114.90420119007716,25.430166667636705,3535880247
sw,-63.4553146362304,-82.6248550415039,-81.91975206584355,20.36196590975089,3535896914
sw,-63.3775978088378,-83.2673187255859,-57.678075126032745,20.417926193590322,3535913581
sw,-63.0030326843261,-84.2386398315429,-42.941106824437,23.819068208170005,3535930248
sw,-62.0137252807617,-85.161636352539,-36.511694178766625,28.484562656123963,3535946915
sw,-60.7315292358398,-85.7051315307617,-35.74658528365969,32.71634719459193,3535963582
sw,-59.6163101196289,-86.1815109252929,-37.37735701883352,35.5771966985517,3535980249
sw,-58.8916320800781,-86.6578979492187,-38.34440179213692,36.915535984822576,3535996916
sw,-58.3822860717773,-87.0735702514648,-36.39895154011296,37.1434854225253,3536013583
sw,-58.0453605651855,-87.3191299438476,-30.365756093740796,36.92902924795583,3536030250
sw,-58.0102577209472,-87.2034759521484,-20.098650140727248,36.92030910669257,3536046917
sw,-58.033836364746,-86.8654403686523,-6.242862742837227,37.54189010705938,3536063584
sw,-58.1923942565918,-86.5971145629882,10.06944985551,38.85370687641482,3536080251
sw,-58.6724395751953,-86.5077819824218,27.497772350753888,40.463456446307546,3536096918
sw,-59.4235763549804,-86.4741897583007,44.70181874880027,41.508768469038465,3536113585
sw,-60.3885231018066,-86.2855911254882,60.47571226329872,40.74008983359334,3536130252
sw,-61.5646896362304,-85.8767852783203,73.82597691040304,36.71870267167549,3536146919
sw,-62.8776206970214,-85.429458618164,84.02038739055286,28.103124532396514,3536163586
sw,-64.1232147216796,-85.1581878662109,90.63271619734941,13.956680857814986,3536180253
sw,-65.8429565429687,-85.2469635009765,93.59347229412164,-6.005443754579652,3536196920
sw,-68.1553421020507,-85.707649230957,93.22813587139731,-31.29263818247581,3536213587
sw,-69.9608764648437,-86.5786361694336,90.23587557020355,-60.66293259124657,3536230254
sw,-70.9513626098632,-87.7425918579101,85.56468467172871,-92.27937741003217,3536246921
sw,-71.7338104248046,-87.8445129394531,80.19368309574685,-123.95508452086915,3536263588
sw,-72.817886352539,-85.8593444824218,74.90950247183824,-153.4299534542314,3536280255
sw,-73.9973602294921,-83.1325607299804,70.19320019990253,-178.6259487520886,3536296922
sw,-75.3174133300781,-80.0390853881836,66.28119307978461,-197.84799124813387,3536313589
sw,-76.7106628417968,-76.4692306518554,63.363212006986124,-209.9232995715689,3536330256
sw,-78.1239166259765,-72.4857025146484,61.79967894740362,-214.28600824759647,3536346923
sw,-79.3891525268554,-68.7305603027343,62.22338827545746,-211.00895422779348,3536363590
sw,-80.4570083618164,-65.3185195922851,65.43845378328407,-200.77348695774836,3536380257
sw,-81.5249099731445,-62.5178489685058,72.11803173658659,-184.76986599655905,3536396924
sw,-82.7075805664062,-60.1775932312011,82.39375971137189,-164.5379999004687,3536413591
sw,-83.8519058227539,-57.828987121582,95.48940886170327,-141.774986099,3536430258
sw,-84.8577270507812,-55.602912902832,109.56138265292833,-118.13628261482283,3536446925
sw,-85.8879623413086,-54.1290969848632,121.86927913533017,-95.04479967589738,3536463592
sw,-86.7908782958984,-53.2567596435546,129.3150652051929,-73.51809902113408,3536480259
sw,-86.2473526000976,-52.679328918457,129.26542493992184,-54.040998295736806,3536496926
sw,-84.0105743408203,-52.1430587768554,120.43404725990091,-36.53064887446684,3536513593
sw,-81.3960723876953,-51.7063255310058,103.50756125388583,-20.43136657785049,3536530260
sw,-79.6922912597656,-51.5075492858886,81.22125642386388,-4.931433308563169,3536546927
sw,-79.2363815307617,-51.6805801391601,57.760845726809976,10.756847233158421,3536563594
sw,-79.8436737060546,-52.070514678955,37.63406318454347,27.136158563539308,3536580261
sw,-80.4491653442382,-52.7591972351074,24.39326261094068,44.25190789441029,3536596928
sw,-80.5485687255859,-53.9521141052246,19.66278264440239,61.64247561041928,3536613595
sw,-79.8919296264648,-55.2926177978515,22.785821182790606,78.40530728192262,3536630262
sw,-78.7172012329101,-56.7193946838378,31.1353821407559,93.34386867818948,3536646929
sw,-77.4654769897461,-58.2573738098144,40.883696084405024,105.15614859865688,3536663596
sw,-76.4539947509765,-60.0431365966796,47.91265665578945,112.64245339742257,3536680263
sw,-75.8934707641601,-61.9759063720703,48.59545082032427,114.92846324975228,3536696930
sw,-75.5753479003906,-63.7958793640136,40.32094285905606,111.6974387969805,3536713597
sw,-75.3096084594726,-65.6169281005859,21.770373609093706,103.39927164760068,3536730264
sw,-75.2861557006836,-67.4528350830078,-6.9792683504461746,91.36845209398098,3536746931
sw,-75.7972717285156,-69.0651702880859,-44.46827870743044,77.76169447405714,3536763598
sw,-76.8720932006836,-70.0064163208007,-87.98185756319644,65.24476531202119,3536780265
sw,-78.8943176269531,-70.215103149414,-133.82550865612174,56.43287161077487,3536796932
sw,-81.9342346191406,-70.4230270385742,-177.76524504293423,53.20378079514586,3536813599
sw,-85.4730377197265,-70.8641586303711,-215.59142378714253,56.101740636755444,3536830266
sw,-87.1932830810546,-71.7091903686523,-243.7036603057723,64.06698717190785,3536846933
sw,-84.670051574707,-73.204963684082,-259.59313296623884,74.63313354428645,3536863600
sw,-80.9777297973632,-74.9086151123046,-262.13293348046443,84.5691112138541,3536880267
sw,-76.260139465332,-76.5975723266601,-251.64953093489189,90.77983751102589,3536896934
sw,-72.6884689331054,-78.6944503784179,-229.79767610914823,91.1878974400853,3536913601
sw,-70.0533065795898,-81.1769104003906,-199.28570576386394,85.3204706581157,3536930268
sw,-67.3184509277343,-82.9801635742187,-163.51194415543972,74.40783574746125,3536946935
sw,-64.6001358032226,-83.5079193115234,-126.1723842328232,60.94484536912238,3536963602
sw,-62.5421714782714,-83.0706329345703,-90.86955412903806,47.85488953558237,3536980269
sw,-61.7880783081054,-82.619400024414,-60.715794992104804,37.5657647158419,3536996936
sw,-61.8448219299316,-82.7586822509765,-37.93453252308011,31.357447486843796,3537013603
sw,-61.8801612854003,-83.5759658813476,-23.52607912923356,29.2140679901209,3537030270
sw,-61.5456657409668,-84.6245803833007,-17.113047972440384,30.16534138024265,3537046937
sw,-60.9603614807128,-85.4283370971679,-17.05029392282176,32.882903916431914,3537063604
sw,-60.365737915039,-85.8606719970703,-20.78790739228894,36.226187430715456,3537080271
sw,-59.9251289367675,-86.1452255249023,-25.38517712357455,39.52421968610711,3537096938
sw,-59.6761131286621,-86.4510040283203,-28.045072868144562,42.55041848432053,3537113605
sw,-59.3152503967285,-86.6725769042968,-26.569273433216125,45.290930568545406,3537130272
sw,-58.7047653198242,-86.6922760009765,-19.679456760355567,47.66294326604787,3537146939
sw,-58.3534431457519,-86.4026184082031,-7.176844146269918,49.31214766256355,3537163606
sw,-58.553913116455,-85.9461441040039,10.077769356084838,49.55148000756827,3537180273
sw,-59.3016700744628,-85.5462265014648,30.36129838949957,47.439650686784454,3537196940
sw,-60.31392288208,-85.3142852783203,51.422829276722226,41.959201402981535,3537213607
sw,-61.3267250061035,-85.2243881225586,70.8832159802296,32.240313405410014,3537230274
sw,-62.3460235595703,-85.1960906982421,86.6280309038467,17.7781974229824,3537246941
sw,-64.0573196411132,-85.2076034545898,97.14683337164479,-1.4023295842364445,3537263608
sw,-66.2950668334961,-85.4053115844726,101.78556003325856,-24.676260311447262,3537280275
sw,-68.666015625,-86.0751953125,100.8640712612107,-50.87283381638501,3537296942
sw,-70.3158874511718,-87.5182495117187,95.597747323163,-78.45902398917764,3537313609
sw,-71.3377532958984,-88.9302825927734,87.79932937727284,-105.80881903255518,3537330276
sw,-71.9970245361328,-87.2014465332031,79.42976480314312,-131.46754481435937,3537346943
sw,-72.8841400146484,-84.7324829101562,72.15466685993341,-154.31018746695142,3537363610
sw,-74.0812683105468,-82.2472915649414,67.07228281013313,-173.54192269268435,3537380277
sw,-75.5372772216796,-79.4949264526367,64.69101508623352,-188.57590271079687,3537396944
sw,-77.1896896362304,-76.1857376098632,65.10342596859272,-198.89063082653414,3537413611
sw,-78.6375656127929,-72.455207824707,68.21109957853693,-203.96994784994422,3537430278
sw,-79.8307876586914,-68.6988449096679,73.85201318965404,-203.36506099917693,3537446945
sw,-80.9212112426757,-65.0634994506836,81.76229825448438,-196.83734182639736,3537463612
sw,-82.1429977416992,-62.0262184143066,91.41421121735742,-184.49466797434556,3537480279
sw,-83.5970001220703,-59.5869407653808,101.84890169941589,-166.84415911672727,3537496946
sw,-85.0286254882812,-57.4373016357421,111.63204792775457,-144.73488997924068,3537513613
sw,-86.2471466064453,-55.311294555664,119.01106234457629,-119.21926324247285,3537530280
sw,-87.0341033935546,-53.8605575561523,122.27567272557647,-91.3898258561912,3537546947
sw,-86.6091613769531,-53.0863990783691,120.2441860851123,-62.24545019892144,3537563614
sw,-84.7004318237304,-52.7238960266113,112.72821947938564,-32.625264918335226,3537580281
sw,-82.5699081420898,-52.6828727722168,100.78841361378434,-3.2316064764519354,3537596948
sw,-80.9852447509765,-52.9960403442382,86.61778275913208,25.262241743621267,3537613615
sw,-80.039192199707,-53.6955947875976,73.00148660888694,52.060662240070066,3537630282
sw,-79.7219772338867,-54.6371040344238,62.474493661596405,76.12447273717008,3537646949
sw,-79.6595993041992,-55.8793449401855,56.45234207198189,96.16074776572852,3537663616
sw,-79.3918685913086,-57.7904167175293,54.6604480019298,110.77537564176015,3537680283
sw,-78.6007614135742,-60.2185630798339,55.097854196321,118.77847849808438,3537696950
sw,-77.1612319946289,-62.5708389282226,54.57438532213806,119.56040505044606,3537713617
sw,-75.5282363891601,-64.5230560302734,49.64025247581416,113.41021470481056,3537730284
sw,-74.1908111572265,-66.0891647338867,37.5808209434362,101.659223596375,3537746951
sw,-73.6246261596679,-67.3070449829101,17.140152311489057,86.59089065865254,3537763618
sw,-74.0851058959961,-68.5929870605468,-11.235412595896218,71.12399346163396,3537780285
sw,-75.3012466430664,-69.326301574707,-45.642488308546405,58.318246853592804,3537796952
sw,-77.1139297485351,-69.6861495971679,-83.28606437952217,50.77823168790705,3537813619
sw,-79.3689575195312,-70.0818862915039,-121.11586577107178,50.065268499316716,3537830286
sw,-81.9377365112304,-70.6595382690429,-156.31903757413036,56.262661643894404,3537846953
sw,-84.7668151855468,-71.6195220947265,-186.5668577584257,67.84204829409336,3537863620
sw,-87.7027130126953,-73.0001602172851,-210.04071987183298,81.92036252014061,3537880287
sw,-87.9379730224609,-74.6719131469726,-225.35249802120484,94.88965109192097,3537896954
sw,-84.926773071289,-76.3588104248046,-231.49993126898286,103.28634869874426,3537913621
sw,-81.3744125366211,-78.3925399780273,-227.95604312607023,104.68258266831248,3537930288
sw,-76.9646606445312,-80.7522506713867,-214.89691604088958,98.35060656029734,3537946955
sw,-72.8247909545898,-82.7192916870117,-193.45937939618508,85.48182359665378,3537963622
sw,-70.2497253417968,-83.7403182983398,-165.85063027792873,68.84658478627094,3537980289
sw,-68.058609008789,-83.6203842163086,-135.1633125232277,51.96153123617339,3537996956
sw,-66.4063339233398,-83.1852264404296,-104.87768732856756,38.03557989687511,3538013623
sw,-65.7169342041015,-83.0340423583984,-78.18027883630644,29.082729047422024,3538030290
sw,-65.4234390258789,-83.3966064453125,-57.313799816734395,25.52627176409232,3538046957
sw,-64.8998336791992,-84.1961975097656,-43.16644636448009,26.391830375363604,3538063624
sw,-64.0132904052734,-84.943359375,-35.22191230809974,29.92549026162253,3538080291
sw,-63.0560760498046,-85.3301239013671,-31.858381981659036,34.32327237473216,3538096958
sw,-62.2834014892578,-85.5905609130859,-30.862420661461783,38.27984597108566,3538113625
sw,-61.7605781555175,-86.0084533691406,-29.97242640487322,41.21122712437363,3538130292
sw,-61.5994415283203,-86.4396514892578,-27.304408680103993,43.17472001621667,3538146959
sw,-61.4776573181152,-86.5818405151367,-21.601688654652307,44.610825430807886,3538163626
sw,-61.2740974426269,-86.2183532714843,-12.328014936017667,46.0397216185561,3538180293
sw,-61.1042327880859,-85.5398178100586,0.34789116526471153,47.7947780764063,3538196960
sw,-61.2768249511718,-84.9119186401367,15.642984866460734,49.824521869216284,3538213627
sw,-62.0284538269043,-84.4511947631836,32.314428515585185,51.57547528206163,3538230294
sw,-62.9653778076171,-84.0555191040039,48.86839061416615,51.97472424834342,3538246961
sw,-63.9081344604492,-83.6316375732421,63.79960549560771,49.536204201443006,3538263628
sw,-64.9110565185546,-83.2073669433593,75.83196119315653,42.60009802959035,3538280295
sw,-66.1785812377929,-82.8038558959961,84.13876342642182,29.681561515580118,3538296962
sw,-68.0811233520507,-82.4933166503906,88.52468036642894,9.865527344989971,3538313629
sw,-70.1226959228515,-82.4377899169921,89.53292461842882,-16.847696467621997,3538330296
sw,-71.5391693115234,-82.9384231567382,88.41805628765044,-49.35153024288923,3538346963
sw,-72.9743576049804,-84.0850753784179,86.93537460734622,-85.4773574839921,3538363630
sw,-74.3080749511718,-85.8182067871093,86.95552381200349,-122.29235835927382,3538380297
sw,-75.6605148315429,-87.1716690063476,89.98524858249122,-156.5898044619669,3538396964
sw,-77.1966857910156,-85.8256683349609,96.71770715862033,-185.44619654572085,3538413631
sw,-78.8931045532226,-82.5695648193359,106.73275494891462,-206.69705116793466,3538430298
sw,-80.7361373901367,-78.6355590820312,118.4337572839171,-219.20914292582518,3538446965
sw,-82.4672012329101,-74.5851364135742,129.26415936068048,-222.890240583098,3538463632
sw,-84.1043853759765,-71.1037063598632,136.20389020655625,-218.46016955797117,3538480299
sw,-85.7611312866211,-68.3976593017578,136.4937750923422,-207.08920883136645,3538496966
sw,-86.6192245483398,-65.6621398925781,128.45819557984106,-190.060787568296,3538513633
sw,-84.6897201538086,-63.0605354309082,112.19906930985712,-168.5982564858552,3538530300
sw,-82.6691284179687,-60.4252281188964,89.8770747096318,-143.89908695201618,3538546967
sw,-81.6297531127929,-57.443359375,65.36427200000459,-117.28750817465628,3538563634
sw,-81.9101257324218,-55.7540397644043,43.27273950418451,-90.30941322549808,3538580301
sw,-82.9106979370117,-55.2000579833984,27.64673453569437,-64.61719690832194,3538596968
sw,-83.6045684814453,-55.2336196899414,20.791386410407625,-41.62708318949939,3538613635
sw,-83.6548614501953,-55.5796203613281,22.682785560121786,-22.09773759189249,3538630302
sw,-82.8069686889648,-55.7823371887207,31.167386226854738,-5.8648194249629135,3538646969
sw,-81.1069412231445,-55.5927581787109,42.829821025411896,8.089106399755343,3538663636
sw,-79.1185226440429,-55.2767295837402,54.144803853919505,21.214785741489713,3538680303
sw,-77.7955856323242,-55.0440330505371,62.448848979584156,34.79259897236635,3538696970
sw,-77.3399276733398,-55.4612274169921,66.40041968978304,49.40817877569047,3538713637
sw,-77.0717163085937,-56.9815788269043,65.86838647212048,64.73074474231888,3538730304
sw,-76.4854049682617,-59.0703659057617,61.448511011368474,79.6631940554881,3538746971
sw,-75.5504684448242,-60.6937179565429,53.916768462848225,92.75730485959147,3538763638
sw,-74.5223617553711,-61.6854667663574,43.85410805998273,102.69742781538889,3538780305
sw,-73.7583541870117,-63.2519454956054,31.5094590463512,108.68850028692074,3538796972
sw,-73.4777526855468,-65.3294296264648,16.83433586010043,110.67527892291925,3538813639
sw,-73.6750259399414,-67.5872802734375,-0.4097746165225385,109.3779443573451,3538830306
sw,-74.3229217529296,-69.975341796875,-20.523855769351375,106.13457009381369,3538846973
sw,-75.1120376586914,-71.3848114013671,-43.72039384895417,102.54852271227685,3538863640
sw,-76.1342315673828,-72.2411193847656,-69.93304901534148,99.99611277090544,3538880307
sw,-77.5620574951171,-72.8347778320312,-98.60593715750029,99.13826414429741,3538896974
sw,-79.3674011230468,-73.8510284423828,-128.52889834485998,99.63394725602352,3538913641
sw,-81.7775115966796,-75.353530883789,-157.80394947153277,100.21545533719865,3538930308
sw,-84.6971054077148,-77.5664291381836,-184.0016384541123,99.15066180456843,3538946975
sw,-87.5968627929687,-79.889175415039,-204.5078495343819,94.94058784081021,3538963642
sw,-87.4665756225586,-81.6635131835937,-217.000082261334,86.97218511850596,3538980309
sw,-84.2408142089843,-82.8339614868164,-219.94893516057982,75.84141832674453,3538996976
sw,-79.5624771118164,-83.3689193725586,-213.0191722250012,63.19518983445626,3539013643
sw,-75.8680725097656,-83.5862274169921,-197.2443792245597,51.15491568274457,3539030310
sw,-73.674560546875,-83.9673995971679,-174.88718677893712,41.57615982383132,3539046977
sw,-71.5412368774414,-84.77685546875,-148.99207339555852,35.466220203794876,3539063644
sw,-69.7025985717773,-85.6508483886718,-122.75805171622181,32.78419580397686,3539080311
sw,-68.4058532714843,-86.1219711303711,-98.92668716574389,32.64541551741164,3539096978
sw,-67.1847152709961,-86.2447509765625,-79.35372272880538,33.77109796211717,3539113645
sw,-65.9350891113281,-86.3058319091796,-64.84080029654865,34.96126472457658,3539130312
sw,-64.7436065673828,-86.5450439453125,-55.20516155418584,35.42466655622195,3539146979
sw,-63.7833938598632,-86.8438415527343,-49.49894045593267,34.905491208501296,3539163646
sw,-63.0064048767089,-86.937141418457,-46.27433147588732,33.6341793478416,3539180313
sw,-62.4813690185546,-86.6621170043945,-43.82525119722601,32.166834791814345,3539196980
sw,-62.0830116271972,-86.135383605957,-40.393285415102916,31.16966846448324,3539213647
sw,-61.5712661743164,-85.5790710449218,-34.36640757143129,31.180260571066004,3539230314
sw,-61.0467414855957,-85.139533996582,-24.498313112959277,32.3667938653532,3539246981
sw,-60.7611846923828,-84.8791809082031,-10.140193600343531,34.32087642429546,3539263648
sw,-60.8612976074218,-84.7377243041992,8.56473246907814,35.944922745143884,3539280315
sw,-61.2926292419433,-84.5997467041015,30.591896732745944,35.504866303310884,3539296982
sw,-61.9020118713378,-84.3535766601562,54.10821900504313,30.893308645033418,3539313649
sw,-62.7826538085937,-83.9745559692382,76.73591779809254,20.08599458387722,3539330316
sw,-64.3200759887695,-83.5747146606445,95.99826787284942,1.695902431367777,3539346983
sw,-66.6120147705078,-83.586685180664,109.88480923555376,-24.53149540570325,3539363650
sw,-69.1686477661132,-84.2718734741211,117.40557923940382,-57.448023461090976,3539380317
sw,-71.7893753051757,-85.6391143798828,118.95143218312491,-94.56911616053124,3539396984
sw,-74.2735824584961,-87.6620941162109,116.28628453227276,-132.48487760858444,3539413651
sw,-76.1991806030273,-87.7646331787109,112.09097334475904,-167.51058708630083,3539430318
sw,-77.3579406738281,-84.4099884033203,109.13663095979066,-196.39011421881426,3539446985
sw,-78.2731628417968,-80.7064361572265,109.32995842420593,-216.84946890245527,3539463652
sw,-79.4042205810546,-76.894905090332,112.96914636077545,-227.8571728198143,3539480319
sw,-81.0726699829101,-72.9727706909179,118.51802218662603,-229.55984436529718,3539496986
sw,-83.1892013549804,-69.2904052734375,123.04083121708915,-222.9743541417644,3539513653
sw,-85.4646072387695,-66.0146560668945,123.20059347953922,-209.58491561322094,3539530320
sw,-88.0292053222656,-62.8802604675293,116.50315552528618,-190.99567446646702,3539546987
sw,-86.8459548950195,-60.3781700134277,102.34661812565584,-168.73443964050784,3539563654
sw,-84.5809478759765,-57.8407821655273,82.46154667974173,-144.2152935988383,3539580321
sw,-83.6486206054687,-55.3296241760253,60.51936719365452,-118.78211311998191,3539596988
sw,-84.5574188232421,-53.4344635009765,41.00483642516981,-93.7107935257023,3539613655
sw,-85.9261932373046,-52.6840705871582,27.769596159593878,-70.07676360789496,3539630322
sw,-86.5682983398437,-52.8227500915527,22.839948679981696,-48.49870900039179,3539646989
sw,-85.96337890625,-53.298225402832,25.938633008693255,-28.89820888677544,3539663656
sw,-84.263801574707,-53.3812675476074,34.84425356169194,-10.47548162292053,3539680323
sw,-82.2814865112304,-53.0112152099609,46.33569927588172,7.973806222841688,3539696990
sw,-80.8802032470703,-52.5709609985351,57.25418872214021,27.462222695896923,3539713657
sw,-80.0250778198242,-52.5260009765625,65.25624296760323,48.18243324750835,3539730324
sw,-79.4304809570312,-53.0786628723144,69.06621465036966,69.15865694520232,3539746991
sw,-78.7550735473632,-55.1235084533691,68.30681774335777,88.38115344129132,3539763658
sw,-77.9108810424804,-58.0498046875,63.141743822156165,103.40065700882587,3539780325
sw,-76.9778213500976,-60.3943786621093,53.9565375088943,112.13998547920757,3539796992
sw,-76.0465087890625,-61.8507041931152,41.18767157724092,113.59428378470226,3539813659
sw,-75.3859558105468,-63.3621826171875,25.282024080466016,108.18160028776725,3539830326
sw,-75.1115341186523,-64.896743774414,6.701001991353421,97.68947520419471,3539846993
sw,-75.3652877807617,-66.4907302856445,-14.10670851622061,84.90593667127935,3539863660
sw,-76.28515625,-67.6321792602539,-36.7785060100613,73.0611667884703,3539880327
sw,-77.6820526123046,-68.2775650024414,-61.10490749188393,65.18317708948615,3539896994
sw,-79.2966766357421,-69.1658706665039,-87.00681422067353,63.45915383639434,3539913661
sw,-81.0759735107421,-69.9701461791992,-114.36644430835275,68.71262616758374,3539930328
sw,-83.0388031005859,-70.9852752685546,-142.73062841000544,80.12315634299868,3539946995
sw,-85.3311691284179,-72.3759307861328,-170.99050016438207,95.29517439857848,3539963662
sw,-87.6640167236328,-74.2543411254882,-197.19093575752652,110.71580981307352,3539980329
sw,-87.3785552978515,-76.3265533447265,-218.60947033525844,122.54119754926013,3539996996
sw,-84.2383956909179,-78.5450668334961,-232.17064019077708,127.54535623371197,3540013663
sw,-80.4191589355468,-81.1174621582031,-235.1498442151026,123.98834233933265,3540030330
sw,-75.6032028198242,-83.863655090332,-225.99864609329958,112.13806035251875,3540046997
sw,-70.9461059570312,-85.6622085571289,-205.0265927282459,94.2373844019094,3540063664
sw,-67.8507461547851,-86.191421508789,-174.65571569007744,73.86493811727647,3540080331
sw,-65.6548156738281,-86.0159225463867,-139.07096641400935,54.86977568722824,3540096998
sw,-64.786392211914,-85.7666397094726,-103.3094553762076,40.26157291156052,3540113665
sw,-64.7187423706054,-85.9642486572265,-72.06501478903327,31.472926589604366,3540130332
sw,-64.5745086669921,-86.6929321289062,-48.60811645498867,28.23537888314836,3540146999
sw,-64.0099105834961,-87.1444625854492,-34.169794991229864,29.027093096490407,3540163666
sw,-63.052749633789,-86.9893569946289,-27.940770804461167,31.822048428056995,3540180333
sw,-61.8684349060058,-86.9732131958007,-27.593912310644374,34.805643628490316,3540197000
sw,-61.0201339721679,-87.1257400512695,-30.067263028051226,36.81747520582484,3540213667
sw,-60.6904869079589,-86.9601135253906,-32.31656414429373,37.45246857600269,3540230334
sw,-60.3764877319335,-86.3896255493164,-31.846466590815048,36.89329464414479,3540247001
sw,-60.1399002075195,-85.6579666137695,-26.977695438724393,35.60468189522993,3540263668
sw,-60.1556816101074,-85.0149307250976,-16.916100941608935,34.00628767506467,3540280335
sw,-60.1948471069335,-84.5149154663086,-1.7201346535514566,32.20265405316451,3540297002
sw,-60.3764686584472,-84.1469345092773,17.767733299736005,29.82078830340497,3540313669
sw,-60.9358940124511,-83.8941421508789,40.013806665155045,25.990054443078378,3540330336
sw,-61.8199272155761,-83.7296524047851,62.94141416209617,19.48032005921985,3540347003
sw,-62.9551124572753,-83.6657791137695,84.17964198879945,8.983140110290757,3540363670
sw,-64.4075164794921,-83.7060852050781,101.43769909145747,-6.519244984338315,3540380337
sw,-66.4500961303711,-83.9095077514648,112.98142508235861,-27.389123409561535,3540397004
sw,-68.8902435302734,-84.3960418701171,118.12065754194094,-53.08336137959405,3540413671
sw,-71.7565307617187,-85.3404464721679,117.55037490633302,-82.11503144133857,3540430338
sw,-74.4572601318359,-86.7311019897461,113.36422223431973,-112.26938816534819,3540447005
sw,-76.1444549560546,-87.2418899536132,108.61858689996524,-141.03084539396147,3540463672
sw,-77.3944702148437,-84.8877944946289,106.4776529341901,-166.0891487982722,3540480339
sw,-78.2106628417968,-81.6451110839843,109.16250519361427,-185.74801858902805,3540497006
sw,-79.2888259887695,-78.6257705688476,117.06291571652199,-199.09573856896415,3540513673
sw,-80.8251037597656,-75.6566314697265,128.3668680598342,-205.9095310492162,3540530340
sw,-82.8573837280273,-72.2136611938476,139.40902976060872,-206.39413384962253,3540547007
sw,-84.9273071289062,-68.7588958740234,145.69725989897066,-200.92131682076985,3540563674
sw,-86.6062774658203,-65.4296340942382,143.33684990384384,-189.90567040062643,3540580341
sw,-85.3874740600586,-62.4523124694824,130.40996998109512,-173.854234029261,3540597008
sw,-82.4951248168945,-60.0182456970214,107.82903333818795,-153.52633334432258,3540613675
sw,-80.1638717651367,-57.8154945373535,79.2993008585022,-130.0821090196725,3540630342
sw,-80.0580215454101,-55.8148193359375,50.306269886769925,-105.0982566754991,3540647009
sw,-81.6218719482421,-54.7295913696289,26.42432840348595,-80.38135967581043,3540663676
sw,-83.2660598754882,-54.4000854492187,11.566428972750076,-57.598381654073826,3540680343
sw,-84.1138763427734,-54.4033813476562,6.870632934163362,-37.8436099663072,3540697010
sw,-83.4374389648437,-54.5428848266601,10.6604547667499,-21.32493408219237,3540713677
sw,-81.3252029418945,-54.4300384521484,19.42966917845969,-7.332765699713179,3540730344
sw,-79.2390899658203,-54.0906944274902,29.346899502076905,5.454598063209718,3540747011
sw,-78.4097671508789,-53.9165534973144,37.59630135489606,18.425424052837695,3540763678
sw,-78.427505493164,-54.0481567382812,43.04390056261752,32.45866948725251,3540780345
sw,-78.4390716552734,-54.4025001525878,46.11003904377557,47.54702083173117,3540797012
sw,-78.0358657836914,-55.657844543457,48.091275526385694,62.76507083812937,3540813679
sw,-77.1835632324218,-57.6079483032226,50.32551043015408,76.58342527091447,3540830346
sw,-76.1957778930664,-59.5514373779296,53.51992145805628,87.38809350841194,3540847013
sw,-75.3436508178711,-61.1555061340332,57.38701099297164,93.99389374904347,3540863680
sw,-74.634048461914,-62.59912109375,60.59377479071228,95.97416434071863,3540880347
sw,-73.9061584472656,-64.0408782958984,60.972762800742316,93.73824111552143,3540897014
sw,-73.0159530639648,-65.1421203613281,55.938479057635,88.39949598311111,3540913681
sw,-72.0598831176757,-66.2057266235351,43.04377615973736,81.53049473431574,3540930348
sw,-71.3414001464843,-67.3447570800781,20.578492667167687,74.89003761211603,3540947015
sw,-71.2969665527343,-68.4325256347656,-11.920289152415718,70.16076291682234,3540963682
sw,-72.104248046875,-69.5000915527343,-53.37438336446234,68.69534497698108,3540980349
sw,-73.7620544433593,-70.3420867919921,-101.1641026743821,71.26215161351382,3540997016
sw,-76.2908172607421,-71.2438049316406,-151.42010042262447,77.81248855912179,3541013683
sw,-79.575942993164,-72.4374313354492,-199.5368106382858,87.33879468532572,3541030350
sw,-83.3424224853515,-73.8242492675781,-240.80131981491144,97.91820665830032,3541047017
sw,-86.6932296752929,-75.2943267822265,-271.033114441825,107.01095964528382,3541063684
sw,-86.0728530883789,-77.0395126342773,-287.15595622652637,112.00846152677948,3541080351
sw,-82.3257598876953,-79.1682968139648,-287.6514560696352,110.92382031570757,3541097018
sw,-76.7654190063476,-81.4677276611328,-272.85136634592817,103.02121169672185,3541113685
sw,-72.5647735595703,-83.3634567260742,-245.00609220402387,89.1371366662908,3541130352
sw,-69.2628021240234,-84.3199768066406,-208.05143465335223,71.51122054765843,3541147019
sw,-65.8310012817382,-84.2883529663086,-167.02994060684944,53.132195074441576,3541163686
sw,-63.5225982666015,-83.9495849609375,-127.21383337697769,36.839225175343664,3541180353
sw,-62.9431114196777,-83.8116073608398,-93.08481047593378,24.552826246947184,3541197020
sw,-62.854736328125,-84.1296463012695,-67.41246342382681,16.93999798204802,3541213687
sw,-62.6255683898925,-84.9595870971679,-50.70310030161243,13.582973376334728,3541230354
sw,-61.6902770996093,-85.8115234375,-41.2201499542464,13.47080188238652,3541247021
sw,-60.3014259338378,-86.3548736572265,-35.5970533950443,15.511426245476583,3541263688
sw,-59.2434921264648,-87.0277709960937,-29.849955089050113,18.816269514821382,3541280355
sw,-58.9588088989257,-87.8398818969726,-20.46904537793141,22.683709569373715,3541297022
sw,-58.8973083496093,-88.3612365722656,-5.2849273179045335,26.39002060021472,3541313689
sw,-58.9876670837402,-88.3424758911132,16.071032850527754,28.98506706175537,3541330356
sw,-59.2724914550781,-87.8433303833007,42.1564310073169,29.25229961730404,3541347023
sw,-61.0381774902343,-87.1991424560546,70.10554057544921,25.874972169568636,3541363690
sw,-62.7602806091308,-86.7990036010742,96.30301833821322,17.73503351068977,3541380357
sw,-64.7269744873046,-86.7874069213867,117.19212347561142,4.216591322453308,3541397024
sw,-66.5514984130859,-87.0646209716796,130.05559757728594,-14.599428745907677,3541413691
sw,-68.8670806884765,-87.6899642944336,133.63107079989507,-37.907312748220406,3541430358
sw,-72.0551147460937,-88.7251281738281,128.45460985937387,-64.31153861105703,3541447025
sw,-74.6391448974609,-88.9517135620117,116.84405624673096,-92.07331428015043,3541463692
sw,-76.1389465332031,-86.9365692138671,102.46512456872689,-119.38991844538074,3541480359
sw,-77.2880477905273,-84.2750854492187,89.51399239550682,-144.62469487012538,3541497026
sw,-77.882698059082,-81.5825881958007,81.69019640303848,-166.43030118809335,3541513693
sw,-78.5961151123046,-78.6945495605468,81.24332132231277,-183.7567044812088,3541530360
sw,-79.901008605957,-75.5257186889648,88.37960155676282,-195.788117123937,3541547027
sw,-81.6900253295898,-71.9269714355468,101.20305602163815,-201.88012251397407,3541563694
sw,-83.5978927612304,-68.3008499145507,116.19835495749203,-201.55369859773367,3541580361
sw,-85.3479843139648,-64.6395568847656,129.11459901386326,-194.55972478136013,3541597028
sw,-86.2726440429687,-61.6167373657226,136.02622968918752,-180.9864267704575,3541613695
sw,-85.6263275146484,-59.3100242614746,134.32779957967298,-161.36534100944192,3541630362
sw,-83.5051803588867,-57.286319732666,123.43556800276943,-136.73772314094643,3541647029
sw,-81.0161361694336,-55.2338523864746,105.00555699998915,-108.65302976762253,3541663696
sw,-79.5618743896484,-53.3757896423339,82.55424134361773,-79.06785985771022,3541680363
sw,-79.5954055786132,-52.5557441711425,60.51858739785805,-50.11069800274663,3541697030
sw,-80.4319534301757,-52.6566085815429,43.00329470887134,-23.711442298587016,3541713697
sw,-80.9860534667968,-53.3954887390136,32.63365493935418,-1.1769279512842206,3541730364
sw,-80.8054428100586,-54.3724746704101,29.932489442788604,17.123080232615578,3541747031
sw,-79.6582946777343,-54.9976539611816,33.430158687660104,31.786767142677782,3541763698
sw,-77.9160385131836,-55.0275077819824,40.39978507446422,44.05807333806287,3541780365
sw,-76.4039077758789,-54.9707717895507,47.858377717502265,55.25271149927112,3541797032
sw,-75.4952011108398,-55.4061241149902,53.415579990715685,66.17426238769355,3541813699
sw,-74.9533920288086,-56.7987174987793,55.694313608635085,76.7793050942769,3541830366
sw,-74.4722671508789,-58.775894165039,54.288593672621715,86.22483516324621,3541847033
sw,-73.9651260375976,-60.7912330627441,49.42192737625216,93.23937352683103,3541863700
sw,-73.4148254394531,-62.3132858276367,41.53738591753266,96.62219079445032,3541880367
sw,-72.8559112548828,-63.5215797424316,30.99483727784824,95.6670861217538,3541897034
sw,-72.4478683471679,-64.6104583740234,17.941340105222697,90.40298152929785,3541913701
sw,-72.2627563476562,-65.7209777832031,2.327742868833598,81.65191311233572,3541930368
sw,-72.4410629272461,-66.9828262329101,-15.997176832406955,70.95154759229462,3541947035
sw,-73.1448364257812,-68.1758346557617,-37.17616908903115,60.36955580057785,3541963702
sw,-74.2835617065429,-69.1529312133789,-61.24353523845361,52.20030139997114,3541980369
sw,-75.8558578491211,-69.6639556884765,-88.02915353624158,48.532590202005196,3541997036
sw,-77.8170394897461,-70.0161819458007,-117.0477110354449,50.728719389943535,3542013703
sw,-80.1197280883789,-70.4465637207031,-147.3696269994619,58.935538797717115,3542030370
sw,-82.9080429077148,-71.1923522949218,-177.50277304248874,71.80615489550391,3542047037
sw,-85.9884872436523,-72.4131927490234,-205.3447559665859,86.59774857246019,3542063704
sw,-88.2683334350586,-74.0702819824218,-228.27763093945012,99.71202180256746,3542080371
sw,-86.1035385131836,-76.0091247558593,-243.46252373125458,107.58992688000107,3542097038
sw,-82.4428024291992,-78.4831848144531,-248.34744206421013,107.72019628443093,3542113705
sw,-78.2571105957031,-81.419937133789,-241.32529366981615,99.43248676492095,3542130372
sw,-73.2511825561523,-83.4789886474609,-222.380173271256,84.16753755776891,3542147039
sw,-69.0146713256836,-84.0853042602539,-193.47809755022024,65.07219868721748,3542163706
sw,-65.986587524414,-84.0535736083984,-158.46175851894094,46.02746559337376,3542180373
sw,-64.4742584228515,-83.8636169433593,-122.34768480611572,30.470992207154634,3542197040
sw,-64.2842025756836,-83.8692092895507,-90.16679014113717,20.47175182260811,3542213707
sw,-64.2563781738281,-84.3079071044921,-65.71419085606087,16.38423984097691,3542230374
sw,-63.8018760681152,-85.0821914672851,-50.64643157835518,17.131831859838808,3542247041
sw,-62.7934417724609,-86.0064468383789,-44.23268228975684,20.90439772658916,3542263708
sw,-61.3594093322753,-86.750259399414,-43.80002987734082,25.9271654515353,3542280375
sw,-59.9157028198242,-87.3273162841796,-45.65294346994782,30.9943353867765,3542297042
sw,-58.9995040893554,-87.921142578125,-46.11574911334591,35.612827109530656,3542313709
sw,-58.4980850219726,-88.4105758666992,-42.38045425464442,39.78459918418052,3542330376
sw,-57.9292335510253,-88.5274047851562,-32.98537637532279,43.59060376710377,3542347043
sw,-57.7020454406738,-88.1540069580078,-17.907014003288065,46.78294849671294,3542363710
sw,-57.9366722106933,-87.5421829223632,1.6511286990430678,48.55125522098969,3542380377
sw,-58.3312721252441,-86.9478988647461,23.65453614895902,47.54360554427705,3542397044
sw,-59.195556640625,-86.4062118530273,45.70714220021728,42.131474321291925,3542413711
sw,-60.1703414916992,-85.8843460083007,65.50685758327826,30.8348126231013,3542430378
sw,-61.3555908203125,-85.5043792724609,81.22754244948412,12.778503334824991,3542447045
sw,-63.2600021362304,-85.5150299072265,91.78891719868398,-11.958217354966242,3542463712
sw,-65.4792709350586,-86.0050735473632,96.98412690446901,-42.208300827899386,3542480379
sw,-67.0034484863281,-86.9691390991211,97.44035155869601,-75.84547618836557,3542497046
sw,-68.1100463867187,-87.8575286865234,94.4152399141331,-110.14236073080652,3542513713
sw,-69.3734359741211,-86.6033325195312,89.48668334485151,-142.2553238240951,3542530380
sw,-70.6296157836914,-83.8325500488281,84.23902903852384,-169.6953778428517,3542547047
sw,-72.1790084838867,-80.6356124877929,80.03956718382584,-190.65587033721857,3542563714
sw,-73.7100372314453,-77.2668533325195,77.9345449398374,-204.12889385693722,3542580381
sw,-75.2776107788086,-73.7069244384765,78.6214323983091,-209.82823855951668,3542597048
sw,-76.7345886230468,-70.1275634765625,82.42291132915304,-208.00645714442265,3542613715
sw,-78.0842666625976,-66.8053436279296,89.21310288451556,-199.2747938395115,3542630382
sw,-79.4594192504882,-63.6883239746093,98.30721293638372,-184.5019405296053,3542647049
sw,-80.9930953979492,-60.8977470397949,108.38427168872497,-164.80139383986506,3542663716
sw,-82.4777603149414,-58.480857849121,117.53664889488103,-141.55220233863537,3542680383
sw,-83.8347091674804,-56.6142807006835,123.51762779723346,-116.36895249785701,3542697050
sw,-85.1733093261718,-55.3836402893066,124.19651788341878,-90.96200091295617,3542713717
sw,-86.2030029296875,-54.6870307922363,118.14403349629347,-66.89540100671934,3542730384
sw,-85.5781860351562,-54.2815971374511,105.18025241604946,-45.318467203879564,3542747051
sw,-83.8370971679687,-54.0293922424316,86.6638555284755,-26.77638186843742,3542763718
sw,-82.8463516235351,-53.7698554992675,65.33883447015076,-11.178886308705502,3542780385
sw,-83.0327224731445,-53.6793518066406,44.70788314247147,2.0599261301992007,3542797052
sw,-83.6361312866211,-53.8020591735839,28.1162328318651,13.766704217304172,3542813719
sw,-84.1884994506836,-54.126365661621,17.883605089549004,24.73248277125066,3542830386
sw,-84.1988372802734,-54.7234840393066,14.809905638740343,35.50137917933772,3542847053
sw,-83.430061340332,-55.5590858459472,18.200658936089116,46.27006517696609,3542863720
sw,-82.0466766357421,-56.4980773925781,26.31586315051059,56.89491625358371,3542880387
sw,-80.8753433227539,-57.5188751220703,36.97547116912512,66.97122566021817,3542897054
sw,-80.3051071166992,-58.723331451416,48.039061937018936,75.94306600966648,3542913721
sw,-79.9369049072265,-60.1595764160156,57.609161519616904,83.2160233679783,3542930388
sw,-79.2951965332031,-61.5086212158203,63.9968856840692,88.26285285911688,3542947055
sw,-78.2786102294921,-62.6581764221191,65.61646351416212,90.72493979577429,3542963722
sw,-77.1526565551757,-63.8925666809082,60.97509678739751,90.51760340458708,3542980389
sw,-76.2085342407226,-65.3505020141601,48.82400570502841,87.93843557132828,3542997056
sw,-75.5494995117187,-66.9768600463867,28.420550933525572,83.74905751127797,3543013723
sw,-75.3620529174804,-68.7140808105468,-0.21064941954578834,79.16532967588458,3543030390
sw,-75.8367691040039,-69.8667373657226,-36.12236017812646,75.68412763111988,3543047057
sw,-77.1935424804687,-70.6205444335937,-77.44735871241305,74.7241165296581,3543063724
sw,-79.3610229492187,-71.2209014892578,-121.5475899632767,77.15298094093795,3543080391
sw,-81.9783096313476,-72.0042419433593,-165.25359011050523,82.8646711960048,3543097058
sw,-84.7795639038086,-73.1414031982421,-205.133205904179,90.59994323626253,3543113725
sw,-86.5647583007812,-74.6529541015625,-237.76576541309376,98.14330706329528,3543130392
sw,-85.3685760498046,-76.5537643432617,-260.0504713038889,102.89597653655554,3543147059
sw,-82.1424789428711,-78.761848449707,-269.599978009619,102.66878705639098,3543163726
sw,-77.5432968139648,-81.1070938110351,-265.2226290286219,96.423872817884,3543180393
sw,-71.1681594848632,-82.6412582397461,-247.38158599453197,84.67352852626841,3543197060
sw,-67.1827926635742,-83.2737808227539,-218.40617634484576,69.35089506571434,3543213727
sw,-64.7720565795898,-83.5982894897461,-182.23443001623622,53.182482767570804,3543230394
sw,-62.8914794921875,-83.6828918457031,-143.64064321581841,38.82320161380185,3543247061
sw,-61.7728958129882,-83.8200073242187,-107.15514353909668,28.123135798477403,3543263728
sw,-61.2495040893554,-84.3026428222656,-76.04286751100699,21.805806433776436,3543280395
sw,-60.5843315124511,-84.9975128173828,-51.6818672070701,19.608384462901945,3543297062
sw,-59.7818260192871,-85.5840301513671,-33.51519596799371,20.710233749333305,3543313729
sw,-59.0036468505859,-86.0233535766601,-19.53910395505638,24.176941258200586,3543330396
sw,-58.5865135192871,-86.4345397949218,-7.123393895735753,29.200209328459508,3543347063
sw,-58.5997505187988,-86.7479095458984,6.111145256860091,35.06351617271013,3543363730
sw,-58.7761840820312,-86.8638763427734,21.602024608327117,40.91774214509746,3543380397
sw,-59.2944793701171,-86.7413635253906,39.49084610106502,45.53626926251304,3543397064
sw,-60.0010871887207,-86.4083862304687,58.64998615556667,47.212954968119845,3543413731
sw,-61.6635818481445,-86.0260543823242,77.04516653817836,43.89539013713441,3543430398
sw,-63.5907554626464,-85.7706222534179,92.31842237094493,33.554794273652426,3543447065
sw,-65.3704299926757,-85.698616027832,102.42917923414517,14.71517897239802,3543463732
sw,-67.3517761230468,-85.7899703979492,106.1857744298533,-12.990796900171652,3543480399
sw,-68.8959808349609,-86.120864868164,103.54470897864933,-48.402273976887074,3543497066
sw,-70.8612594604492,-86.8550186157226,95.63028052333227,-88.70919513743995,3543513733
sw,-72.2594375610351,-87.9471969604492,84.49952751129699,-129.74478787048218,3543530400
sw,-73.1313552856445,-86.8513565063476,72.72867840087756,-166.70085592774606,3543547067
sw,-73.7962112426757,-83.2195281982421,62.927672698761484,-195.12670363156246,3543563734
sw,-74.8214416503906,-78.8856124877929,57.29513606148988,-211.9359700885958,3543580401
sw,-76.0975570678711,-74.5026321411132,57.294800247600264,-216.09495290875256,3543597068
sw,-77.6111755371093,-70.6614151000976,63.47112318040604,-208.74730724723744,3543613735
sw,-79.1104583740234,-67.9839859008789,75.36685383376526,-192.7262595357639,3543630402
sw,-80.3193588256836,-65.8801040649414,91.5035683034298,-171.63813184011565,3543647069
sw,-81.4044494628906,-64.0270919799804,109.44191163998605,-148.86330183531607,3543663736
sw,-82.8426132202148,-62.2388305664062,126.00312411400976,-126.83046006692113,3543680403
sw,-84.6275405883789,-60.1917991638183,137.74024589031177,-106.77123863119904,3543697070
sw,-86.1841278076171,-57.9682884216308,141.6624534255033,-88.93499882891199,3543713737
sw,-86.2551956176757,-56.3822746276855,136.06958475864204,-73.05494545885082,3543730404
sw,-84.2452774047851,-55.4470443725585,121.22403502526147,-58.79345656819602,3543747071
sw,-81.9288558959961,-54.8812179565429,99.55513641931005,-45.969997011681386,3543763738
sw,-80.9957580566406,-54.5742263793945,75.20422353036084,-34.52832455103173,3543780405
sw,-81.4169387817382,-54.4630393981933,52.9626619037933,-24.33939563597853,3543797072
sw,-82.3226928710937,-54.5622825622558,36.93376906299935,-15.000507699493326,3543813739
sw,-82.5805358886718,-54.7195587158203,29.4091525991651,-5.772316989532095,3543830406
sw,-81.9693603515625,-54.741844177246,30.376679688611482,4.280262301953748,3543847073
sw,-80.5256042480468,-54.5044898986816,37.796632903763715,15.976369680922812,3543863740
sw,-78.8407821655273,-54.3040084838867,48.454249250491706,29.6580709524536,3543880407
sw,-77.589241027832,-54.5894012451171,58.998633805558335,44.941288734652346,3543897074
sw,-76.4420013427734,-55.6387290954589,66.78689407364219,60.70447848806983,3543913741
sw,-75.3209075927734,-57.3514862060546,70.31583547442234,75.33595928414896,3543930408
sw,-74.2795791625976,-59.0286178588867,69.22282068425096,87.14069994609751,3543947075
sw,-73.4122924804687,-60.3168601989746,63.97592285476531,94.74575407356579,3543963742
sw,-72.590705871582,-61.4821319580078,55.42295946492135,97.378715743174,3543980409
sw,-71.9326171875,-62.7751884460449,44.353151959315134,94.99095874502169,3543997076
sw,-71.495849609375,-64.1532440185546,31.180451375048268,88.27530272188295,3544013743
sw,-71.4065551757812,-65.8270645141601,15.809813771139213,78.62880265962508,3544030410
sw,-71.7349243164062,-67.5415420532226,-2.293323879584314,68.0499438652706,3544047077
sw,-72.037857055664,-68.8063201904296,-23.849052925502896,58.90376699557122,3544063744
sw,-72.4025344848632,-69.3093490600586,-49.3889516009155,53.502816238447004,3544080411
sw,-73.204849243164,-69.4933776855468,-78.87396355061901,53.546334225528,3544097078
sw,-74.8186950683593,-70.043342590332,-111.43753301277407,59.57750191017006,3544113745
sw,-77.4039154052734,-70.9973449707031,-145.3523019547706,70.67258674784546,3544130412
sw,-80.7648849487304,-72.4024963378906,-178.23057754580478,84.51914560115546,3544147079
sw,-84.5166015625,-74.0516738891601,-207.37505312005376,97.90210027326275,3544163746
sw,-88.1611251831054,-75.7569503784179,-230.15615678436407,107.4739824723518,3544180413
sw,-87.8688888549804,-77.7303161621093,-244.33019029073904,110.60055386945274,3544197080
sw,-84.5602264404296,-80.2894287109375,-248.29535927538564,106.05533624404565,3544213747
sw,-80.7128219604492,-82.7051849365234,-241.3397649135054,94.36617756616221,3544230414
sw,-76.219612121582,-84.3800582885742,-223.90725765616517,77.68826984469958,3544247081
sw,-71.6428756713867,-85.2730407714843,-197.800616903083,59.20468271470005,3544263748
sw,-68.2478942871093,-85.1794815063476,-166.14411356726322,42.22282803040455,3544280415
sw,-66.6361618041992,-84.8052215576171,-132.94900510118293,29.270581758965474,3544297082
sw,-66.2069320678711,-84.6487350463867,-102.29716803001115,21.512023666960598,3544313749
sw,-65.7160568237304,-84.9475479125976,-77.38195677240789,18.672585035288453,3544330416
sw,-65.1386032104492,-85.5504989624023,-59.76222706274764,19.446204586412453,3544347083
sw,-64.0171203613281,-86.0949020385742,-49.10817197973229,22.162186770640215,3544363750
sw,-62.6246604919433,-86.4415740966796,-43.49929421328784,25.411326670160534,3544380417
sw,-61.5398635864257,-86.8193130493164,-40.11337104970095,28.397616593719885,3544397084
sw,-61.0070037841796,-87.1948089599609,-36.0356222393902,30.943359650041252,3544413751
sw,-60.6477088928222,-87.4217681884765,-28.945905431681723,33.23699856238916,3544430418
sw,-60.363655090332,-87.3957138061523,-17.551895946883008,35.49409332522882,3544447085
sw,-60.2641258239746,-87.0727005004882,-1.7447870723099128,37.682719860553995,3544463752
sw,-60.6135940551757,-86.5434494018554,17.48483937357227,39.386621190752734,3544480419
sw,-61.6088600158691,-86.1001739501953,38.3116787805344,39.8055585843899,3544497086
sw,-62.5349731445312,-85.8799209594726,58.45438178125562,37.86068135918353,3544513753
sw,-63.3881912231445,-85.6892013549804,75.60291503141086,32.37800885643513,3544530420
sw,-64.5644760131836,-85.3612289428711,87.84292685816725,22.332052488470325,3544547087
sw,-66.5456161499023,-85.050308227539,94.03709822046773,7.117569722562455,3544563754
sw,-68.9204940795898,-85.0773773193359,94.1092251820348,-13.214189902152867,3544580421
sw,-70.8503036499023,-85.5277557373046,89.14641602596063,-37.83621753440954,3544597088
sw,-71.9708480834961,-86.544189453125,81.23923227970835,-65.20281106379691,3544613755
sw,-72.7428436279296,-87.7109909057617,73.0541860647725,-93.28415328185427,3544630422
sw,-73.3936538696289,-87.7342758178711,67.24454679646112,-119.9153862108791,3544647089
sw,-74.4580993652343,-85.8995513916015,65.87526404429384,-143.15958308965114,3544663756
sw,-75.9179458618164,-83.387939453125,70.016060814744,-161.5877879671109,3544680423
sw,-77.655532836914,-80.5961074829101,79.56522783256538,-174.4166823766868,3544697090
sw,-79.4014434814453,-77.5193634033203,93.27517322618432,-181.49426477721042,3544713757
sw,-80.8678283691406,-74.1234588623046,108.9193916861629,-183.164908041656,3544730424
sw,-82.2267608642578,-70.9353408813476,123.57621774575375,-180.0670726238613,3544747091
sw,-83.6078491210937,-68.1425170898437,134.0586469006642,-172.9236310599507,3544763758
sw,-85.2195968627929,-65.5680236816406,137.52260645409737,-162.38333571230987,3544780425
sw,-86.3964157104492,-63.4513092041015,132.2007793119721,-148.95962467230953,3544797092
sw,-84.7467803955078,-61.4912567138671,118.06691194008155,-133.0813240798413,3544813759
sw,-82.5948867797851,-59.1998748779296,97.13478517564253,-115.22060462826546,3544830426
sw,-81.6781463623046,-56.9869918823242,73.14544430215842,-96.0148448343987,3544847093
sw,-81.8541641235351,-55.7526893615722,50.62445796499695,-76.2819344137171,3544863760
sw,-82.8560333251953,-55.4361000061035,33.595192137173306,-56.87316894213348,3544880427
sw,-83.4691314697265,-55.4467086791992,24.434932845669426,-38.40928993430525,3544897094
sw,-83.3880844116211,-55.5024032592773,23.32720332728541,-21.04259465809112,3544913761
sw,-82.3667373657226,-55.4304428100585,28.502588828659025,-4.405258742499432,3544930428
sw,-80.6199493408203,-55.2375411987304,37.10875436407977,12.18125224246301,3544947095
sw,-78.8775863647461,-55.0185317993164,46.290148601478975,29.29915894628583,3544963762
sw,-77.8048934936523,-55.0574645996093,54.012899505295735,47.006064561056846,3544980429
sw,-77.2445907592773,-55.9336585998535,59.344453410784915,64.58887903272762,3544997096
sw,-76.9411239624023,-57.8040885925293,62.18330180243992,80.62732054664644,3545013763
sw,-76.5204086303711,-59.895206451416,62.680025649427485,93.35077315513765,3545030430
sw,-75.8260269165039,-61.5697021484375,60.68540704991038,101.14265672408655,3545047097
sw,-74.8138046264648,-62.8891525268554,55.486239159990006,103.00816064528941,3545063764
sw,-73.738166809082,-64.2576751708984,45.91281148764203,98.88190547786718,3545080431
sw,-73.0286483764648,-65.7323150634765,30.726519886653882,89.74190491144185,3545097098
sw,-72.7904434204101,-67.2725448608398,9.10024292898971,77.53959647712404,3545113765
sw,-73.063850402832,-68.8384628295898,-18.991800875553675,64.94468495916695,3545130432
sw,-73.7794952392578,-69.7001876831054,-52.58794636534048,54.89223502107085,3545147099
sw,-75.1842651367187,-70.0150070190429,-89.78588079935732,49.95933238691032,3545163766
sw,-77.2815628051757,-70.201789855957,-127.98658242187867,51.68774352577952,3545180433
sw,-79.9283905029296,-70.6270599365234,-164.26035843855288,60.053315783820985,3545197100
sw,-82.9381484985351,-71.5362091064453,-195.7435403608914,73.29710937750359,3545213767
sw,-85.558120727539,-73.1465759277343,-219.98266867872826,88.2467700413546,3545230434
sw,-86.0534515380859,-75.2675399780273,-235.17757571850672,101.09397198973633,3545247101
sw,-84.1122741699218,-77.4127044677734,-240.32457981171163,108.42133697023041,3545263768
sw,-80.8270111083984,-79.8883209228515,-235.29788748410687,108.16266696019451,3545280435
sw,-76.3588485717773,-82.2374725341796,-220.90065026782446,100.1774846541616,3545297102
sw,-73.1393432617187,-83.8498992919921,-198.86690711822192,86.23049029529504,3545313769
sw,-70.3339385986328,-84.2679367065429,-171.7483730346569,69.36650150317648,3545330436
sw,-67.4853210449218,-83.8504333496093,-142.62695374054448,52.90670026810594,3545347103
sw,-65.3757629394531,-83.4838333129882,-114.65431822286546,39.460750916848696,3545363770
sw,-64.5446701049804,-83.6259765625,-90.49381083381134,30.341802156416506,3545380437
sw,-64.0276412963867,-84.1352310180664,-71.79911325689432,25.564895209851077,3545397104
sw,-63.3697700500488,-84.820556640625,-58.89050302499364,24.31682347388246,3545413771
sw,-62.3428382873535,-85.5572357177734,-50.75368012436532,25.58175083729773,3545430438
sw,-61.0700454711914,-86.1539688110351,-45.37897581729775,28.597078419991977,3545447105
sw,-60.1114692687988,-86.6381530761718,-40.330708422579924,32.969012608066244,3545463772
sw,-59.7087135314941,-87.0112228393554,-33.364667194896185,38.4780195756125,3545480439
sw,-59.4594955444335,-87.0832901000976,-22.93021177377143,44.73755641788256,3545497106
sw,-59.2307167053222,-86.7335510253906,-8.467907131116439,50.89294613772625,3545513773
sw,-59.031623840332,-86.0698547363281,9.517700765194679,55.48990938436881,3545530440
sw,-59.4192581176757,-85.3361282348632,29.59659036522414,56.560938892698935,3545547107
sw,-60.719139099121,-84.7479019165039,49.73084160663164,51.9137686670385,3545563774
sw,-61.9561195373535,-84.3305130004882,67.70955580103752,39.567999829486574,3545580441
sw,-63.2042961120605,-84.0923309326171,81.60784311859307,18.259369258642245,3545597108
sw,-64.4360427856445,-84.0895462036132,90.17271461830187,-12.096089179803649,3545613775
sw,-66.3855285644531,-84.5262908935546,93.06591798460461,-50.106874227916585,3545630442
sw,-68.6205368041992,-85.6196594238281,90.92367242800249,-92.90115897897573,3545647109
sw,-69.8861618041992,-87.5143890380859,85.21259235536304,-136.47763814521699,3545663776
sw,-70.8930740356445,-87.6832885742187,77.89426624029143,-176.3753725672547,3545680443
sw,-71.5330657958984,-84.0688552856445,70.97532062695042,-208.50959278154858,3545697110
sw,-72.41064453125,-79.8683929443359,66.0806198653757,-229.94248248839133,3545713777
sw,-73.6205368041992,-75.4704666137695,64.18658811737606,-239.36370008026452,3545730444
sw,-75.1195297241211,-71.1376495361328,65.5745668861106,-237.15087563713587,3545747111
sw,-76.7485656738281,-67.5690841674804,69.95798286700708,-225.0261178979408,3545763778
sw,-78.0629196166992,-64.6804428100586,76.67053602227116,-205.46085675014828,3545780445
sw,-79.2230758666992,-62.1289024353027,84.8125921916357,-181.05533010669419,3545797112
sw,-80.6692352294921,-59.8969612121582,93.32105268291532,-154.09926200618747,3545813779
sw,-82.1752700805664,-57.2725868225097,100.99950547240839,-126.41116126663643,3545830446
sw,-83.4928970336914,-55.0911331176757,106.57561988081252,-99.40608847827369,3545847113
sw,-84.5021057128906,-53.7188186645507,108.8367139213345,-74.23543979931586,3545863780
sw,-85.432632446289,-52.9705123901367,106.85350551512826,-51.83848581352376,3545880447
sw,-85.9905395507812,-52.8183250427246,100.2529822526067,-32.842044226083466,3545897114
sw,-85.6266860961914,-53.0996131896972,89.45302125565524,-17.37507708514639,3545913781
sw,-84.6591873168945,-53.4510269165039,75.74366075689525,-4.946007921520754,3545930448
sw,-83.8451461791992,-53.6566467285156,61.12305021112936,5.484089891340809,3545947115
sw,-83.5558242797851,-53.4707489013671,47.881595689370066,15.199991591367302,3545963782
sw,-83.5395050048828,-53.264045715332,38.043631333321485,25.30176027201902,3545980449
sw,-83.4789886474609,-53.5925865173339,32.857243422443844,36.33131224367546,3545997116
sw,-83.125503540039,-54.5601768493652,32.51485048583904,48.12739640594145,3546013783
sw,-82.3317947387695,-55.8905487060546,36.18729212215229,59.96619079494492,3546030450
sw,-81.3090057373046,-57.3955001831054,42.317789195408295,70.90029736218581,3546047117
sw,-80.2578506469726,-58.788646697998,49.024360807707076,80.12279894962333,3546063784
sw,-79.2433624267578,-60.0275955200195,54.44596409342829,87.19978535020853,3546080451
sw,-78.4449005126953,-61.3910942077636,56.93304863376254,92.10932506776695,3546097118
sw,-77.9279861450195,-62.7498435974121,55.08346598990398,95.1303079376075,3546113785
sw,-77.4563293457031,-64.1016235351562,47.706970875467725,96.6815226431282,3546130452
sw,-76.9400634765625,-65.6259231567382,33.828402030245485,97.2002065362993,3546147119
sw,-76.617919921875,-67.4255447387695,12.802784886958667,97.08987494680208,3546163786
sw,-76.7520599365234,-69.2083740234375,-15.460224630902308,96.70034746464718,3546180453
sw,-77.3596420288086,-70.4665603637695,-50.23647481696669,96.27319863227441,3546197120
sw,-78.6053237915039,-71.1000137329101,-89.79926562320408,95.82112637724782,3546213787
sw,-80.4894027709961,-71.7475128173828,-131.39966218221747,94.99420591246584,3546230454
sw,-82.8593826293945,-72.9225311279296,-171.47085073183115,93.05578142026468,3546247121
sw,-85.355484008789,-74.7200622558593,-206.0579636527243,89.07483547284794,3546263788
sw,-86.1957473754882,-77.0461883544921,-231.4199482511494,82.32365913866722,3546280455
sw,-84.0967483520507,-79.0370025634765,-244.70351961677804,72.7153932424549,3546297122
sw,-80.4946136474609,-80.1542587280273,-244.5542126172291,61.03752283430292,3546313789
sw,-74.611213684082,-80.4756851196289,-231.50501026565374,48.811991787104866,3546330456
sw,-71.1727600097656,-80.4367218017578,-207.98399764313328,37.81308737453997,3546347123
sw,-69.2584228515625,-80.7231826782226,-177.85439989228865,29.472204592446968,3546363790
sw,-67.5117492675781,-81.4648208618164,-145.56604873767304,24.456526406243967,3546380457
sw,-66.0104064941406,-82.2420043945312,-115.1788334463609,22.59180276895365,3546397124
sw,-64.732177734375,-82.8285675048828,-89.58055011153903,23.10199686099774,3546413791
sw,-63.4332122802734,-83.2082061767578,-70.11594363349413,24.99694464929272,3546430458
sw,-62.0698852539062,-83.6574935913086,-56.65448390832312,27.421456497975374,3546447125
sw,-60.8697319030761,-84.2482376098632,-47.96728609680146,29.855355656288186,3546463792
sw,-60.0053100585937,-84.856575012207,-42.219628940449084,32.149961872850355,3546480459
sw,-59.696475982666,-85.3905334472656,-37.41675004272679,34.448583352172875,3546497126
sw,-59.5120124816894,-85.8047409057617,-31.729881053619863,37.053129154921514,3546513793
sw,-59.208152770996,-86.0378036499023,-23.717429149462433,40.27992073019572,3546530460
sw,-59.0148696899414,-86.0251235961914,-12.491480216172464,44.31931151251143,3546547127
sw,-58.7444915771484,-85.9128494262695,2.1473064525693557,49.09804772957504,3546563794
sw,-58.591194152832,-85.8595352172851,19.637147101012097,54.150650652412345,3546580461
sw,-59.2119483947753,-85.8559341430664,38.705669186918506,58.52930512621128,3546597128
sw,-60.6381072998046,-85.7673797607421,57.581111973087964,60.80166867113589,3546613795
sw,-62.0064849853515,-85.4354629516601,74.33694739726177,59.184896242093096,3546630462
sw,-63.3315086364746,-84.8866119384765,87.28272816014194,51.83562669231038,3546647129
sw,-64.7391128540039,-84.3100128173828,95.30156576451573,37.265797720319036,3546663796
sw,-66.5643539428711,-83.8414535522461,98.06630962697554,14.798115199400453,3546680463
sw,-68.8487777709961,-83.7015075683593,96.10262220545837,-15.066488222468541,3546697130
sw,-70.1985778808593,-84.2357788085937,90.68687116280333,-50.502717462787686,3546713797
sw,-71.1830825805664,-85.4616241455078,83.59073253970492,-88.52600725746842,3546730464
sw,-72.0764541625976,-87.1990051269531,76.73152883460405,-125.47147269811597,3546747131
sw,-73.1803665161132,-87.5544738769531,71.83063930016132,-157.6854401624979,3546763798
sw,-74.7149200439453,-84.6489562988281,70.17356860246615,-182.2469864297875,3546780465
sw,-76.4393920898437,-80.921760559082,72.49728179233193,-197.51230184072097,3546797132
sw,-78.081558227539,-77.6207275390625,78.9537388299342,-203.32319685697328,3546813799
sw,-79.4442672729492,-74.463508605957,89.07540923357925,-200.83276979728456,3546830466
sw,-80.7436065673828,-71.4113998413086,101.71830586238657,-192.03381020428208,3546847133
sw,-82.1259078979492,-68.6522216796875,115.04228211470041,-179.16820092160563,3546863800
sw,-83.6200408935546,-65.8608245849609,126.6413309180249,-164.20787919626778,3546880467
sw,-85.267822265625,-63.532615661621,133.9128749885235,-148.53703167437502,3546897134
sw,-86.6341934204101,-61.4907531738281,134.65556422864302,-132.87346159510017,3546913801
sw,-86.1197052001953,-59.474925994873,127.75226721965056,-117.38722981761236,3546930468
sw,-83.9733505249023,-57.6382789611816,113.69264259511162,-101.92717988969527,3546947135
sw,-82.0621719360351,-55.9714279174804,94.68099514639124,-86.25204658776603,3546963802
sw,-81.2126693725586,-54.7693519592285,74.19351395434258,-70.18054625252225,3546980469
sw,-81.2156600952148,-54.0740890502929,56.066256645268744,-53.62278324493572,3546997136
sw,-81.5176544189453,-53.8650436401367,43.41425487965591,-36.5208753570541,3547013803
sw,-81.4565658569336,-53.9293899536132,37.78167174393619,-18.780713388930547,3547030470
sw,-80.8388290405273,-53.9996070861816,38.83671983361495,-0.2866954779992218,3547047137
sw,-79.5364913940429,-54.0202407836914,44.69196769642878,18.957120705528528,3547063804
sw,-77.8349990844726,-54.0251693725585,52.67163537493841,38.60435164129535,3547080471
sw,-76.3450012207031,-54.1905059814453,60.18927874149675,57.787931624349994,3547097138
sw,-75.2423477172851,-55.0181465148925,65.40461222577184,75.1314690302395,3547113805
sw,-74.3528823852539,-57.0150070190429,67.47138867219243,89.02502955168754,3547130472
sw,-73.4269409179687,-59.3051795959472,66.37981182796132,98.10198228901012,3547147139
sw,-72.4632263183593,-61.0691108703613,62.54095310376738,101.72552938846624,3547163806
sw,-71.5887374877929,-62.6438941955566,56.310012234305,100.26385862630804,3547180473
sw,-71.0577392578125,-63.9618682861328,47.616242170998355,95.02816556148922,3547197140
sw,-70.8196334838867,-64.6748123168945,35.80612828646196,87.90600899024768,3547213807
sw,-70.6584930419921,-65.6206283569336,19.744202520193973,80.84684140314937,3547230474
sw,-70.5337295532226,-66.799690246582,-1.845786802583908,75.38787256978645,3547247141
sw,-70.6708831787109,-67.9585342407226,-29.88419168992393,72.35070866923023,3547263808
sw,-71.2334060668945,-68.9337768554687,-64.42902308700306,71.74468377841546,3547280475
sw,-72.6301116943359,-69.6088256835937,-104.3284892519865,72.84493579439358,3547297142
sw,-75.0462265014648,-70.3267517089843,-147.16221634229515,74.40060157708173,3547313809
sw,-78.4529571533203,-71.6061630249023,-189.5068961232198,74.94542278561515,3547330476
sw,-82.4694900512695,-73.3161392211914,-227.45356576353709,73.18028492992023,3547347143
sw,-86.3842086791992,-75.0047531127929,-257.23331891004136,68.35408698553509,3547363810
sw,-87.6853103637695,-76.0793914794921,-275.8079979967846,60.52027874529138,3547380477
sw,-84.4530639648437,-76.841438293457,-281.33783502429793,50.553064105697565,3547397144
sw,-79.5458984375,-77.3695526123046,-273.4927137066986,39.894928460347316,3547413811
sw,-73.7915649414062,-77.7855911254882,-253.57583585003084,30.12978396926172,3547430478
sw,-70.0254745483398,-78.3742599487304,-224.39181368142866,22.552271888522064,3547447145
sw,-67.3847503662109,-79.1114349365234,-189.79723746157276,17.886649617368946,3547463812
sw,-65.4098968505859,-79.7665710449218,-153.97657392315057,16.21961028603534,3547480479
sw,-63.9495239257812,-80.2910690307617,-120.63270054416915,17.114384726820155,3547497146
sw,-62.7100296020507,-80.7415695190429,-92.34835896033009,19.821277957467053,3547513813
sw,-61.345344543457,-81.2365798950195,-70.30525147376943,23.500545983945678,3547530480
sw,-59.8987655639648,-81.8475875854492,-54.39113730340828,27.40232682998073,3547547147
sw,-58.8938674926757,-82.4952316284179,-43.5767402272109,30.979880649041824,3547563814
sw,-58.2416191101074,-83.1206283569336,-36.37513207664751,33.93624412721883,3547580481
sw,-57.8693580627441,-83.6741790771484,-31.224259933710595,36.21851756149702,3547597148
sw,-57.6280403137207,-84.1682052612304,-26.721147418153773,37.977449996272355,3547613815
sw,-57.3278083801269,-84.6319503784179,-21.721493022486484,39.50418600106277,3547630482
sw,-56.9694938659668,-85.0815124511718,-15.358025828349314,41.147021933758516,3547647149
sw,-56.6201782226562,-85.5203170776367,-7.024849637891013,43.20686219997842,3547663816
sw,-56.8466987609863,-85.9268646240234,3.6462880720754214,45.81567436580011,3547680483
sw,-57.7939758300781,-86.3065795898437,16.797956983761058,48.815946309901314,3547697150
sw,-58.6099014282226,-86.6024093627929,32.317571063101234,51.673215836751005,3547713817
sw,-59.1979522705078,-86.6869049072265,49.743657110911286,53.45855021823403,3547730484
sw,-59.695930480957,-86.4317932128906,68.13708050747721,52.92755206833092,3547747151
sw,-60.434886932373,-85.8766479492187,86.02205932267582,48.69894678481362,3547763818
sw,-61.67329788208,-85.3845062255859,101.53402221819354,39.508279576048054,3547780485
sw,-63.49556350708,-85.1979217529296,112.8469461999692,24.491357727964925,3547797152
sw,-66.5953063964843,-85.1643829345703,118.80170286724504,3.4415586049113926,3547813819
sw,-70.5172805786132,-85.1728591918945,119.49212305958366,-23.01930254829375,3547830486
sw,-72.8807220458984,-85.521499633789,116.49086095965927,-53.415580252730834,3547847153
sw,-74.1343231201171,-86.1876144409179,112.49564494805337,-85.57644043927218,3547863820
sw,-74.6379623413086,-86.2306976318359,110.43754448655713,-116.96477598049536,3547880487
sw,-75.6700286865234,-85.0023651123046,112.37895599411154,-145.0951286152292,3547897154
sw,-77.2689361572265,-82.9204177856445,118.65925396507454,-167.9208833338682,3547913821
sw,-79.6101303100586,-80.1652908325195,127.64187505524173,-184.0908498707264,3547930488
sw,-82.158706665039,-76.7888717651367,136.15720661751155,-193.0355088867278,3547947155
sw,-84.1830825805664,-73.2050247192382,140.47609301930603,-194.8999625452661,3547963822
sw,-86.1661605834961,-69.9960632324218,137.49822281198564,-190.37127904579006,3547980489
sw,-87.3352355957031,-67.3226318359375,125.8062435255064,-180.4620274391934,3547997156
sw,-84.6426239013671,-64.9327926635742,106.2702715094155,-166.31918041915273,3548013823
sw,-83.0409774780273,-62.6245651245117,81.97159498188361,-149.1150043673271,3548030490
sw,-82.6276016235351,-60.2350273132324,57.39099485795122,-130.028645243942,3548047157
sw,-83.3707275390625,-57.9426879882812,37.082932745669964,-110.26083346000733,3548063824
sw,-84.3008193969726,-56.4392890930175,24.31140389619512,-90.98817581593082,3548080491
sw,-84.5891189575195,-55.8527870178222,20.17791134449529,-73.19883750568368,3548097158
sw,-83.9669418334961,-55.5986366271972,23.558402723789065,-57.44869497612024,3548113825
sw,-82.3057327270507,-55.2136497497558,31.796038360857338,-43.66977163552501,3548130492
sw,-80.5460586547851,-54.4865570068359,41.7770714013863,-31.173652099686453,3548147159
sw,-79.4002838134765,-53.7031517028808,50.91064102157604,-18.901387036369524,3548163826
sw,-78.8354263305664,-53.2410316467285,57.667952556610544,-5.837393084758216,3548180493
sw,-78.3536682128906,-53.2226905822753,61.6037731691758,8.58255229373914,3548197160
sw,-77.6276779174804,-53.5824279785156,63.01859896750924,24.23138893284227,3548213827
sw,-76.5958175659179,-54.2597579956054,62.51034620744119,40.2974161209111,3548230494
sw,-75.541015625,-55.4056205749511,60.60914485241222,55.51273320574354,3548247161
sw,-74.6884613037109,-56.9733543395996,57.57142078451829,68.50360739781473,3548263828
sw,-73.9514389038086,-58.303855895996,53.31800228877002,78.1375102438924,3548280495
sw,-73.1798095703125,-59.2690773010253,47.46841236076024,83.7687300774203,3548297162
sw,-72.3899765014648,-60.3623313903808,39.429347490165,85.34873977717122,3548313829
sw,-71.8090591430664,-61.7304382324218,28.508174990556487,83.42913891172924,3548330496
sw,-71.6795196533203,-63.3154563903808,14.032000519234645,79.10066453480967,3548347163
sw,-72.0373382568359,-65.068733215332,-4.534504243000306,73.8765740943294,3548363830
sw,-72.6029205322265,-66.4051666259765,-27.46537831524238,69.48634941803302,3548380497
sw,-73.2990646362304,-67.4361572265625,-54.63703874769994,67.54823162354353,3548397164
sw,-74.4287796020507,-67.957763671875,-85.39676185045674,69.1506315486761,3548413831
sw,-76.1426010131836,-68.5455017089843,-118.48446197770377,74.4581904157315,3548430498
sw,-78.6018829345703,-69.6285858154296,-152.0620683407729,82.50834741839077,3548447165
sw,-81.714729309082,-71.1377792358398,-183.87099354610987,91.33202098969308,3548463832
sw,-85.0654907226562,-73.059097290039,-211.4857814952869,98.41794292048885,3548480499
sw,-87.3949661254882,-74.8824691772461,-232.6003153639268,101.3989110447589,3548497166
sw,-85.9764938354492,-76.5811538696289,-245.295188626829,98.74337544914584,3548513833
sw,-82.6764373779296,-78.5763702392578,-248.27550674646255,90.22810486881488,3548530500
sw,-78.304573059082,-80.2762908935546,-241.09217614578122,77.03714535026657,3548547167
sw,-74.0032348632812,-81.3551864624023,-224.3330432626936,61.44667128299476,3548563834
sw,-70.6372833251953,-81.9037933349609,-199.71222030917895,46.1876498074175,3548580501
sw,-67.4095764160156,-82.0867156982421,-169.95770076224258,33.69494235502395,3548597168
sw,-64.9458236694336,-82.2255477905273,-138.44069432784568,25.499413113318735,3548613835
sw,-63.9499549865722,-82.4746475219726,-108.58878650249143,21.96040030257202,3548630502
sw,-63.2067642211914,-82.9577865600586,-83.22714021890395,22.391657203889878,3548647169
sw,-62.2524909973144,-83.6641387939453,-64.04406623315178,25.47870137362955,3548663836
sw,-61.2449684143066,-84.4954452514648,-51.3435477279517,29.792055348243306,3548680503
sw,-60.2188491821289,-85.2216415405273,-44.13687161161023,34.200281461560486,3548697170
sw,-59.3360137939453,-85.8406600952148,-40.501924005882316,38.06452434445446,3548713837
sw,-58.8010101318359,-86.4429550170898,-38.07195666835609,41.20685775302727,3548730504
sw,-58.4126815795898,-87.0521774291992,-34.524517275859594,43.732944740619274,3548747171
sw,-57.8754920959472,-87.5884094238281,-27.990426960266984,45.81825782176514,3548763838
sw,-57.3821563720703,-87.8387069702148,-17.344748936903272,47.53747905718223,3548780505
sw,-57.1841850280761,-87.6711502075195,-2.357533976415944,48.76264595939397,3548797172
sw,-57.5406341552734,-87.3240890502929,16.311402533782292,49.11666531491117,3548813839
sw,-58.435001373291,-87.0319900512695,37.267887122936855,47.96412914580104,3548830506
sw,-59.5667648315429,-86.7713546752929,58.64758398537162,44.44181433386063,3548847173
sw,-60.8353424072265,-86.4497909545898,78.42457765102932,37.55040783628428,3548863840
sw,-62.1396255493164,-86.009536743164,94.71091763048943,26.323762408619203,3548880507
sw,-63.6531906127929,-85.6861190795898,106.02861129069011,10.059434730775845,3548897174
sw,-65.5370559692382,-85.6845703125,111.55913261382102,-11.446315007999006,3548913841
sw,-67.7731399536132,-86.1506576538086,111.35932430046365,-37.73696189816649,3548930508
sw,-70.2729797363281,-87.1128311157226,106.48368402935013,-67.67074923135273,3548947175
sw,-72.4120712280273,-88.4057846069336,98.91471073288194,-99.54950304339798,3548963842
sw,-73.77734375,-87.7699813842773,91.2245932594476,-131.36137476668338,3548980509
sw,-74.65771484375,-84.9204406738281,85.98675703549799,-161.05472668402678,3548997176
sw,-75.6725387573242,-81.9389343261718,85.0810504808027,-186.75495864879733,3549013843
sw,-76.898452758789,-78.9765548706054,89.11504235713261,-206.87895549234892,3549030510
sw,-78.462646484375,-75.6047439575195,97.16501489371123,-220.172868433978,3549047177
sw,-80.2335433959961,-71.6669998168945,106.93715776579882,-225.74737083133732,3549063844
sw,-81.997444152832,-67.4856948852539,115.32046390905177,-223.16841729391072,3549080511
sw,-83.8767013549804,-63.2881240844726,119.19940549025361,-212.5916095270881,3549097178
sw,-86.0218200683593,-60.1133270263671,116.33121069573062,-194.86277393266082,3549113845
sw,-87.3336181640625,-57.8258361816406,106.06030609996883,-171.5002834725913,3549130512
sw,-86.3037719726562,-55.635440826416,89.64436920366957,-144.52865728493026,3549147179
sw,-84.9480972290039,-53.6791114807128,70.03324174207263,-116.1996242290089,3549163846
sw,-84.4778137207031,-51.9818038940429,51.09885970073478,-88.66598994807659,3549180513
sw,-84.8515167236328,-50.9664611816406,36.52799071069692,-63.66312904413945,3549197180
sw,-85.2587661743164,-50.6600036621093,28.758781132868354,-42.240965572490495,3549213847
sw,-85.2717971801757,-50.7359046936035,28.356651057473965,-24.600556962097205,3549230514
sw,-84.6005096435546,-50.7708206176757,34.05009760645399,-10.10327486048274,3549247181
sw,-83.2811050415039,-50.6274490356445,43.36284314820882,2.503793963207735,3549263848
sw,-81.7667465209961,-50.4128952026367,53.53526526639476,14.677743548002532,3549280515
sw,-80.5029525756836,-50.3523139953613,62.34577146400979,27.60604408347151,3549297182
sw,-79.5500259399414,-50.7586822509765,68.54292268382089,41.83431000792642,3549313849
sw,-78.748420715332,-52.0019798278808,71.80705059351443,57.12351367637474,3549330516
sw,-77.9759902954101,-53.7408905029296,72.36248821994425,72.56091155713925,3549347183
sw,-77.1361923217773,-55.4449729919433,70.47164505463239,86.8403878782538,3549363850
sw,-76.2856750488281,-56.7181930541992,66.0369522079288,98.58240082514268,3549380517
sw,-75.430549621582,-58.139060974121,58.44990105172064,106.60340798192442,3549397184
sw,-74.6370697021484,-59.8435363769531,46.71305307020993,110.12285382001878,3549413851
sw,-73.9555969238281,-61.8865547180175,29.7648403264074,108.9368823809686,3549430518
sw,-73.5108032226562,-63.9688072204589,6.879848401443355,103.55873824562896,3549447185
sw,-73.5421447753906,-65.8990097045898,-21.995060912708663,95.26406079465545,3549463852
sw,-74.2885360717773,-67.5330657958984,-56.077285915410656,85.95263239647039,3549480519
sw,-75.940444946289,-68.442024230957,-93.79937705527163,77.78371602735209,3549497186
sw,-78.4678573608398,-69.1441040039062,-133.0331606242429,72.64208173321376,3549513853
sw,-81.6354827880859,-69.8249282836914,-171.38008302906766,71.59127794678642,3549530520
sw,-84.7212600708007,-70.7684860229492,-206.40788100704032,74.51260561093352,3549547187
sw,-86.7393722534179,-72.1431427001953,-235.7714693840821,80.08379949129584,3549563854
sw,-86.0897369384765,-73.9583435058593,-257.26095547360524,86.13449148753703,3549580521
sw,-83.059455871582,-75.7319259643554,-268.90418825688937,90.27614617106255,3549597188
sw,-78.7197494506836,-77.4499282836914,-269.2390472184493,90.60320668896145,3549613855
sw,-72.3949127197265,-79.223518371582,-257.7416218201882,86.23926160493237,3549630522
sw,-68.0573272705078,-80.73583984375,-235.22877701241512,77.55832876992802,3549647189
sw,-65.4862518310546,-81.839973449707,-203.98548057104077,66.02049814094282,3549663856
sw,-62.8716659545898,-82.3810195922851,-167.47539557219352,53.689118718483876,3549680523
sw,-60.7962799072265,-82.6385726928711,-129.7019338379301,42.605523724131174,3549697190
sw,-59.6777687072753,-82.9190826416015,-94.43906264798466,34.24412777487253,3549713857
sw,-58.9531517028808,-83.4293518066406,-64.56839519896279,29.226987448953118,3549730524
sw,-58.3064079284668,-84.1918792724609,-41.68195524639173,27.356980992545854,3549747191
sw,-57.5767669677734,-85.013198852539,-26.00430422245297,27.892430842159094,3549763858
sw,-57.0014877319335,-85.705451965332,-16.588468785787505,29.903171917538366,3549780525
sw,-56.7470092773437,-86.159065246582,-11.673810054077576,32.554066305344236,3549797192
sw,-56.7755889892578,-86.5448150634765,-9.085608715914352,35.23850242964868,3549813859
sw,-56.9641799926757,-86.9612731933593,-6.6011516516239785,37.576627437106474,3549830526
sw,-57.0449752807617,-87.348274230957,-2.2650543756941244,39.347269015791426,3549847193
sw,-57.0655326843261,-87.5107650756836,5.336719711017415,40.41891655990133,3549863860
sw,-57.1351585388183,-87.3682022094726,16.851672319538338,40.70398826240274,3549880527
sw,-57.3726615905761,-87.1014633178711,32.02761048458275,40.12039514429766,3549897194
sw,-58.2071647644043,-86.9169540405273,49.73050228264833,38.53317861594295,3549913861
sw,-59.4846115112304,-86.8445892333984,68.14699631418087,35.67040058187788,3549930528
sw,-61.0143318176269,-86.8153762817382,85.14968472243682,31.044262855669363,3549947195
sw,-62.6329307556152,-86.768814086914,98.75044640065025,23.934338124930278,3549963862
sw,-64.2727127075195,-86.6238555908203,107.5445366842796,13.483304735897299,3549980529
sw,-66.2417755126953,-86.4473648071289,111.0545948627847,-1.0875556433349387,3549997196
sw,-68.8753814697265,-86.4543075561523,109.89776797878257,-20.196992168287114,3550013863
sw,-71.0800704956054,-86.8629379272461,105.7107533253992,-43.65549330270797,3550030530
sw,-72.5683288574218,-87.5559997558593,100.79812847762831,-70.54867299009547,3550047197
sw,-73.6604232788086,-87.7259216308593,97.54497268580685,-99.30193202741992,3550063864
sw,-74.9107437133789,-86.3140106201171,97.7372719333142,-127.90479751980442,3550080531
sw,-76.4567337036132,-83.9194259643554,101.99832160262467,-154.21798728045982,3550097198
sw,-78.2730484008789,-81.1171951293945,109.52620211261583,-176.27197588203603,3550113865
sw,-80.2198791503906,-77.9679183959961,118.22044872042316,-192.49224977768176,3550130532
sw,-82.05517578125,-74.4148712158203,125.17312177291498,-201.83104879141305,3550147199
sw,-83.7304000854492,-70.7844924926757,127.41561490079555,-203.82049103540257,3550163866
sw,-85.6879730224609,-67.4835510253906,122.76025287247799,-198.57394597402876,3550180533
sw,-87.2023544311523,-64.3972854614257,110.53337931818837,-186.75615383233227,3550197200
sw,-85.6728363037109,-61.7904472351074,91.96522961549695,-169.52831064069554,3550213867
sw,-84.5999298095703,-59.4860725402832,70.033655753006,-148.45858917782923,3550230534
sw,-84.1759719848632,-57.2110595703125,48.71382498149197,-125.37716977712485,3550247201
sw,-84.6660842895507,-55.4404907226562,31.83807220310261,-102.15676196166291,3550263868
sw,-85.2690658569336,-54.491340637207,21.980535220103338,-80.42376717002878,3550280535
sw,-85.5823440551757,-53.9616203308105,19.802192415703125,-61.25161795154509,3550297202
sw,-85.0348968505859,-53.5830993652343,24.091712842033168,-44.93495212732119,3550313869
sw,-83.5691375732421,-53.1273651123046,32.423021549697644,-30.95193639233583,3550330536
sw,-82.0403366088867,-52.5966758728027,42.0915363867175,-18.16792075874352,3550347203
sw,-81.0499038696289,-52.1782264709472,50.91829914016234,-5.236610840309104,3550363870
sw,-80.4693374633789,-52.0698356628418,57.64360445687585,8.931666346768854,3550380537
sw,-80.0069961547851,-52.2944450378418,61.87197696943506,24.79413967568411,3550397204
sw,-79.4200286865234,-52.890281677246,63.7343355229485,42.01202676066076,3550413871
sw,-78.5287780761718,-54.1059799194335,63.50404384944552,59.53500118764583,3550430538
sw,-77.4510879516601,-55.6815643310546,61.34091413114952,75.88118581256481,3550447205
sw,-76.4105148315429,-57.2224235534668,57.2136799158549,89.50369000646364,3550463872
sw,-75.4962921142578,-58.693748474121,50.949624108944924,99.13062251334863,3550480539
sw,-74.7531280517578,-60.3391075134277,42.32300490773628,104.00838679216126,3550497206
sw,-74.2370834350586,-62.0849723815918,31.11536933890034,104.03443154375444,3550513873
sw,-73.9817123413086,-63.868896484375,17.127727858921432,99.79665445061083,3550530540
sw,-74.0602264404296,-65.4337463378906,0.16597908063780287,92.53056854352491,3550547207
sw,-74.5614776611328,-67.018684387207,-19.958145898353493,83.98325098484683,3550563874
sw,-75.404556274414,-68.3004837036132,-43.370319189859416,76.16436272147747,3550580541
sw,-76.5105972290039,-69.4013137817382,-70.00292080901971,70.98376944854881,3550597208
sw,-77.9788742065429,-70.0226745605468,-99.40925304729711,69.81999310364021,3550613875
sw,-79.747329711914,-70.7767028808593,-130.58119518436598,73.1189570125391,3550630542
sw,-82.0923233032226,-71.8719635009765,-161.85195287116906,80.15992003241412,3550647209
sw,-85.149055480957,-73.3521728515625,-190.95472371364897,89.11054672470321,3550663876
sw,-87.5233001708984,-75.0615158081054,-215.2626457597516,97.41265627533743,3550680543
sw,-86.1350708007812,-76.6783599853515,-232.17761529068318,102.42412012568687,3550697210
sw,-82.7676849365234,-78.5460128784179,-239.59459568183337,102.14402852866091,3550713877
sw,-78.5383911132812,-80.8861846923828,-236.351599103952,95.80400686320397,3550730544
sw,-74.0554428100586,-83.0591812133789,-222.56786987202432,84.12691155324622,3550747211
sw,-71.0343170166015,-84.4853057861328,-199.76951842653506,69.13741051592442,3550763878
sw,-68.0945968627929,-84.9555053710937,-170.72716918766724,53.5555946198418,3550780545
sw,-65.4077377319336,-84.9005050659179,-139.00010882901253,39.974865467312,3550797212
sw,-64.0337982177734,-84.9038391113281,-108.27171305732739,30.13127868295752,3550813879
sw,-63.52730178833,-85.1138839721679,-81.63382034651956,24.53793650379853,3550830546
sw,-62.9811210632324,-85.6924285888671,-61.011248880289834,22.59250642120834,3550847213
sw,-62.1745223999023,-86.5033569335937,-46.89196083454344,23.058180536133786,3550863880
sw,-61.0049362182617,-87.2629089355468,-38.4292592881961,24.67430943359653,3550880547
sw,-59.9624557495117,-87.7609558105468,-33.84271892763155,26.63185751909793,3550897214
sw,-59.3152503967285,-88.162612915039,-30.943602220483232,28.743154205773237,3550913881
sw,-59.1573905944824,-88.5186614990234,-27.6079145674729,31.28702084877809,3550930548
sw,-59.0586509704589,-88.7144317626953,-22.102796673528818,34.64468916494055,3550947215
sw,-58.9388084411621,-88.528205871582,-13.269982110931595,38.9037942681653,3550963882
sw,-58.9336929321289,-87.899787902832,-0.619104725707172,43.58490542326297,3550980549
sw,-59.1407012939453,-87.0966033935546,15.628863385470288,47.5687511953218,3550997216
sw,-59.7280921936035,-86.3890304565429,34.548147163891876,49.22237088583687,3551013883
sw,-60.5419769287109,-85.8705215454101,54.59425850083333,46.6739873827298,3551030550
sw,-61.4248428344726,-85.452651977539,73.80326981104368,38.17307773642496,3551047217
sw,-62.609504699707,-85.1115646362304,90.12059908376689,22.47502652782074,3551063884
sw,-64.3959426879882,-84.9860076904296,101.83890714105836,-0.8109755658315995,3551080551
sw,-67.0071792602539,-85.1677474975586,108.06587742960058,-30.981111585308614,3551097218
sw,-69.7210845947265,-85.7817916870117,109.07701098327792,-66.1783517902329,3551113885
sw,-71.6678314208984,-86.9368209838867,106.38363687046308,-103.57277491745823,3551130552
sw,-73.1193771362304,-87.7430191040039,102.4112022011072,-139.78419640874552,3551147219
sw,-74.2047805786132,-85.7847213745117,99.83125727518484,-171.47093743032485,3551163886
sw,-75.3690719604492,-82.4921417236328,100.74576015164467,-195.935063373151,3551180553
sw,-76.8970947265625,-78.8379516601562,105.99416075304904,-211.5691131108062,3551197220
sw,-78.7698974609375,-74.9727630615234,114.8090794768731,-218.0147798595787,3551213887
sw,-80.8129501342773,-71.0800399780273,124.9242334211881,-216.00404803382045,3551230554
sw,-82.5411224365234,-67.853401184082,133.10754496761265,-206.96477211116755,3551247221
sw,-84.1320495605468,-65.0297622680664,135.99865214805652,-192.55179740728977,3551263888
sw,-85.6275329589843,-62.3763961791992,131.07142712073818,-174.28071932382966,3551280555
sw,-85.3796234130859,-60.0324516296386,117.49291045654232,-153.38244844953027,3551297222
sw,-83.4878997802734,-57.5976257324218,96.61302669078408,-130.88275911406794,3551313889
sw,-81.7628860473632,-55.2553482055664,71.84811140822269,-107.79541798368605,3551330556
sw,-81.5406112670898,-53.7693176269531,47.87446937495825,-85.2610902981441,3551347223
sw,-82.4934005737304,-52.9342422485351,29.31329621815889,-64.50002440966264,3551363890
sw,-83.4313507080078,-52.682762145996,19.34854962196887,-46.55929623125536,3551380557
sw,-83.6715774536132,-52.737735748291,18.809764810511314,-31.964801484089165,3551397224
sw,-83.0359878540039,-52.8391494750976,26.080984404686664,-20.461218538689703,3551413891
sw,-81.6492004394531,-52.5877494812011,37.83664339482323,-10.998569567116617,3551430558
sw,-79.9053497314453,-52.0448837280273,50.25260872377401,-2.014065830061348,3551447225
sw,-78.6089248657226,-51.704719543457,60.1806728669189,8.080621401229656,3551463892
sw,-77.8543624877929,-51.8069152832031,65.86635992593328,20.39070067460807,3551480559
sw,-77.2946624755859,-52.457275390625,67.05101949007134,35.192899702547585,3551497226
sw,-76.6532592773437,-53.6284980773925,64.57477373019626,51.85231698692441,3551513893
sw,-75.8959350585937,-54.9668617248535,59.75394479977322,68.9865403986606,3551530560
sw,-75.071418762207,-56.1947441101074,53.803267761359145,84.78675415971038,3551547227
sw,-74.2510681152343,-57.5327758789062,47.461489564553595,97.39736255041672,3551563894
sw,-73.5007019042968,-59.3023109436035,40.84871174491035,105.29044665128899,3551580561
sw,-72.9369888305664,-61.2009620666503,33.50107192597694,107.59974990267642,3551597228
sw,-72.6787490844726,-63.0960311889648,24.51008737587841,104.37386687943027,3551613895
sw,-72.6096954345703,-64.799690246582,12.718285862073516,96.6868845019921,3551630562
sw,-72.6681747436523,-66.4545211791992,-3.047263627190776,86.54246288321754,3551647229
sw,-72.9383468627929,-67.9860458374023,-23.714039864408996,76.54074477860608,3551663896
sw,-73.578125,-69.0100479125976,-49.703194877587656,69.33705420944054,3551680563
sw,-74.7948532104492,-69.6329727172851,-80.71706565511919,66.9900286540084,3551697230
sw,-76.7173461914062,-70.1270065307617,-115.62455852077696,70.3587747321109,3551713897
sw,-79.1873016357421,-70.9300918579101,-152.47004498832547,78.74020397843208,3551730564
sw,-82.0284118652343,-72.2005767822265,-188.6000398709685,89.90803885724141,3551747231
sw,-85.0438613891601,-74.0110244750976,-220.88707436272995,100.61049161954824,3551763898
sw,-86.7123489379882,-76.150146484375,-246.0411652868607,107.43060938046565,3551780565
sw,-85.1459426879882,-78.4738464355468,-261.02098776223687,107.76984002593552,3551797232
sw,-81.7063064575195,-81.0085754394531,-263.5552569800798,100.64049183087285,3551813899
sw,-76.2386474609375,-83.0754470825195,-252.72690564444238,86.98297728455947,3551830566
sw,-71.173225402832,-83.9059982299804,-229.46429609702147,69.3674012543525,3551847233
sw,-67.6435012817382,-83.8181991577148,-196.69972200140532,51.1663621720306,3551863900
sw,-64.9348526000976,-83.6509094238281,-158.99806335215018,35.50952658147051,3551880567
sw,-63.6928939819335,-83.9276580810546,-121.65107990754892,24.42679256852724,3551897234
sw,-63.2177505493164,-84.4157028198242,-89.47447797635185,18.484413071198652,3551913901
sw,-62.7839546203613,-85.1386947631836,-65.69233185265419,16.974031907094226,3551930568
sw,-62.1597442626953,-85.9921951293945,-51.26954162516177,18.474775068413283,3551947235
sw,-60.9651145935058,-86.7499618530273,-44.878976872388264,21.494290153241906,3551963902
sw,-59.6397514343261,-87.2897186279296,-43.456195376515616,24.930973379545854,3551980569
sw,-58.6707878112793,-87.7715606689453,-43.11052399496064,28.23297823600825,3551997236
sw,-58.0878372192382,-88.23486328125,-40.09894708850201,31.27889594415968,3552013903
sw,-57.5976486206054,-88.6524505615234,-31.62649883005481,34.10266346371496,3552030570
sw,-57.2041931152343,-88.7374725341796,-16.349242244427387,36.6042545699122,3552047237
sw,-57.4350357055664,-88.4039459228515,5.447580925876867,38.34786533375713,3552063904
sw,-57.8398666381835,-87.9859848022461,31.971192518928984,38.49348627181017,3552080571
sw,-58.8221168518066,-87.6610031127929,60.29573745318607,35.866768533307656,3552097238
sw,-60.1087112426757,-87.4402160644531,86.92928560796497,29.149956098589463,3552113905
sw,-61.9104881286621,-87.3134384155273,108.49690659149965,17.161964548352874,3552130572
sw,-63.9920005798339,-87.282356262207,122.4407559237116,-0.8210092522221331,3552147239
sw,-66.5175094604492,-87.4474868774414,127.61177392257886,-24.771757149861227,3552163906
sw,-69.4337081909179,-87.8887329101562,124.60967963543955,-53.725437370119415,3552180573
sw,-71.9267807006836,-88.3704605102539,115.74132743295566,-85.7746545479237,3552197240
sw,-73.3550567626953,-87.6685485839843,104.53766686409327,-118.28627698605702,3552213907
sw,-74.3552322387695,-85.2706756591796,94.89963075881839,-148.3174396318793,3552230574
sw,-75.2514190673828,-82.1461486816406,90.08770000607595,-173.1368076090407,3552247241
sw,-76.5886764526367,-78.8337631225586,91.84922091615624,-190.71041648546674,3552263908
sw,-78.3522491455078,-75.4609451293945,99.94024742259381,-200.01712794529453,3552280575
sw,-80.3421325683593,-71.780776977539,112.16723296610441,-201.1164296745531,3552297242
sw,-82.2764587402343,-68.3429412841796,124.92316206246913,-194.971579053686,3552313909
sw,-84.0439910888671,-65.2082595825195,134.0858558600484,-183.10135104693373,3552330576
sw,-86.0323715209961,-62.7888984680175,136.09081807073395,-167.178056451943,3552347243
sw,-88.0472564697265,-60.9326095581054,128.95112924015123,-148.7015414099053,3552363910
sw,-85.7057723999023,-58.9208106994628,112.95154942884781,-128.84827867940982,3552380577
sw,-83.6142654418945,-56.6556701660156,90.74005450369584,-108.51622463511305,3552397244
sw,-83.071174621582,-54.5887641906738,66.66760583403996,-88.48366185834084,3552413911
sw,-84.1094436645507,-53.2968521118164,45.508762538264655,-69.5323712809997,3552430578
sw,-85.1868057250976,-52.8327980041503,31.00543898774787,-52.4090680913135,3552447245
sw,-85.3481521606445,-52.857666015625,24.806659191423744,-37.613500871498616,3552463912
sw,-84.3654251098632,-53.009910583496,26.213239922334708,-25.134647883643375,3552480579
sw,-82.5341262817382,-52.9478645324707,32.75956800139275,-14.316138985470063,3552497246
sw,-80.9312896728515,-52.5934715270996,41.29578551075592,-3.977170072398294,3552513913
sw,-80.0162963867187,-52.2596473693847,49.07355350609612,7.2185797497398,3552530580
sw,-79.3666610717773,-52.2494735717773,54.43959361661259,20.284309808632813,3552547247
sw,-78.7586441040039,-52.5732650756835,56.99640231545421,35.51568446874147,3552563914
sw,-78.0863723754882,-53.4126853942871,57.3297144894708,52.33373449040033,3552580581
sw,-77.200942993164,-54.8858032226562,56.516198292895794,69.41285779283055,3552597248
sw,-76.2150802612304,-56.5624313354492,55.609387114148774,85.02920086622983,3552613915
sw,-75.2413558959961,-58.1443367004394,55.224078041831,97.49577378986524,3552630582
sw,-74.3804016113281,-59.6684303283691,55.26893094995813,105.54906503161692,3552647249
sw,-73.7256774902343,-61.2824440002441,54.84534013762543,108.60427492401836,3552663916
sw,-73.1407318115234,-62.9708747863769,52.32822867352145,106.86053577661556,3552680583
sw,-72.4666748046875,-64.7597122192382,45.64018002594214,101.27409006684698,3552697250
sw,-71.7383575439453,-66.2594375610351,32.6988318278053,93.41794873756982,3552713917
sw,-71.2320404052734,-67.7987518310546,11.959544054769282,85.23283612403142,3552730584
sw,-71.1550521850586,-68.9507293701171,-17.08030657875025,78.67430998455556,3552747251
sw,-71.6959762573242,-69.8116073608398,-53.565978368964885,75.28840179700626,3552763918
sw,-73.1548614501953,-70.4569702148437,-95.26902887990997,75.79651990155007,3552780585
sw,-75.6433639526367,-71.2317733764648,-138.89200706445607,79.81595326582749,3552797252
sw,-79.0067977905273,-72.3576278686523,-180.61306068517837,85.85018520097523,3552813919
sw,-82.6816864013671,-74.0552825927734,-216.71382656320736,91.62401868309652,3552830586
sw,-86.2336044311523,-76.0203628540039,-244.1222606984457,94.71553514610532,3552847253
sw,-87.5091171264648,-78.0256271362304,-260.76213305904747,93.30013552617501,3552863920
sw,-84.7921066284179,-79.9004592895507,-265.6991760594871,86.74475756917613,3552880587
sw,-80.4775238037109,-81.450569152832,-259.1483506418585,75.82191089057373,3552897254
sw,-75.5629272460937,-82.3828201293945,-242.4084388046516,62.44844685068963,3552913921
sw,-71.9849319458007,-82.7234649658203,-217.72901660986213,49.04090503330329,3552930588
sw,-68.7651672363281,-82.7813720703125,-188.0604124969668,37.740232455525266,3552947255
sw,-66.0806503295898,-83.1440200805664,-156.65260824067389,29.814222844902105,3552963922
sw,-64.4867858886718,-83.8540725708007,-126.54623645262008,25.455666103516673,3552980589
sw,-63.4521102905273,-84.611946105957,-100.07683739158533,23.99883878423893,3552997256
sw,-62.409740447998,-85.2950592041015,-78.53948041542908,24.387606187009922,3553013923
sw,-61.0178794860839,-85.9755249023437,-62.11507916356133,25.64948961617601,3553030590
sw,-59.5940895080566,-86.6051177978515,-50.05728568275267,27.185711572452007,3553047257
sw,-58.6283912658691,-87.1595840454101,-41.034200928981,28.81755407354772,3553063924
sw,-58.3734664916992,-87.6080474853515,-33.48042346276349,30.64795636480262,3553080591
sw,-58.319221496582,-87.8769912719726,-25.865113017519118,32.85046039048415,3553097258
sw,-58.2648048400878,-87.8680648803711,-16.87210746275352,35.48369705264373,3553113925
sw,-58.1631851196289,-87.5698165893554,-5.542556091034927,38.381399253883494,3553130592
sw,-57.9491691589355,-87.1793670654296,8.585609811201211,41.122959245588916,3553147259
sw,-58.0682868957519,-86.8552780151367,25.36348263158126,43.06778377731362,3553163926
sw,-58.9999809265136,-86.5598602294921,44.002235485314266,43.435198366210514,3553180593
sw,-60.2254257202148,-86.1505126953125,63.17429812784448,41.41551157246769,3553197260
sw,-61.7421798706054,-85.5706634521484,81.23693077064063,36.29605709574454,3553213927
sw,-63.1332359313964,-85.0336303710937,96.52660710490444,27.579068778788383,3553230594
sw,-64.6239395141601,-84.7370529174804,107.66750951114612,15.064746227139029,3553247261
sw,-66.503173828125,-84.8163223266601,113.85638388785473,-1.1191049572203604,3553263928
sw,-68.9158782958984,-85.2209091186523,115.09008717806093,-20.54072491866831,3553280595
sw,-71.4717788696289,-85.8144149780273,112.27577524427143,-42.5229690313756,3553297262
sw,-73.6235275268554,-86.6337280273437,107.13840120498205,-66.21309449749074,3553313929
sw,-75.1757049560546,-87.6054306030273,101.86748202423584,-90.64849646368138,3553330596
sw,-76.2553939819336,-87.7297134399414,98.54128903404228,-114.81363549705752,3553347263
sw,-77.4311904907226,-86.1506576538086,98.48612794197291,-137.6858643741594,3553363930
sw,-78.7863540649414,-83.7287445068359,101.79520864441422,-158.26578178472448,3553380597
sw,-80.4197158813476,-80.8840255737304,107.19949967492008,-175.59213503354894,3553397264
sw,-82.2717819213867,-77.7951202392578,112.36724039436791,-188.75479102248497,3553413931
sw,-84.0914077758789,-74.3887863159179,114.5663103621038,-196.93129639014276,3553430598
sw,-85.8223342895507,-70.9214859008789,111.5083115541699,-199.47001865734933,3553447265
sw,-87.3630752563476,-67.5299072265625,102.12915698119852,-196.02225484380693,3553463932
sw,-86.3279495239257,-64.0335083007812,87.05229942283864,-186.69420209254577,3553480599
sw,-85.154914855957,-61.1377906799316,68.54083950434539,-172.16049476663153,3553497266
sw,-84.78759765625,-58.7948303222656,49.89611308577147,-153.67111976218214,3553513933
sw,-84.7009201049804,-56.7682342529296,34.47938545536876,-132.90718031166395,3553530600
sw,-84.8378372192382,-55.1893692016601,24.713076607125892,-111.69428789352682,3553547267
sw,-84.9618453979492,-53.9526863098144,21.438309812383828,-91.64003702746935,3553563934
sw,-84.6874313354492,-53.054588317871,23.84585167618777,-73.79710461306912,3553580601
sw,-83.7396621704101,-52.3041305541992,29.950960096353413,-58.454116696898176,3553597268
sw,-82.4889526367187,-51.5701560974121,37.37430164263577,-45.12322855044223,3553613935
sw,-81.4307174682617,-50.9314155578613,44.10603000376881,-32.734798509140035,3553630602
sw,-80.6412353515625,-50.5055084228515,48.98817751283859,-19.984274009402125,3553647269
sw,-80.0525436401367,-50.3729858398437,51.80522978800102,-5.7302144494737535,3553663936
sw,-79.5079498291015,-50.413646697998,53.037778713990114,10.666943904807713,3553680603
sw,-78.9145278930664,-50.7725563049316,53.43590364847951,29.149730697835974,3553697270
sw,-78.2894210815429,-51.7639732360839,53.58584449624871,48.949367379312775,3553713937
sw,-77.6395111083984,-53.3232994079589,53.60087322314475,68.73629994213677,3553730604
sw,-76.894416809082,-54.8507347106933,53.00321856682978,86.8756740448368,3553747271
sw,-76.0519180297851,-56.2790069580078,50.802969760453664,101.71407175646804,3553763938
sw,-75.1899642944336,-57.8613395690918,45.73048340286304,111.84868086335696,3553780605
sw,-74.4427490234375,-59.7101898193359,36.54469139928276,116.37021886184898,3553797272
sw,-73.9587860107421,-61.718090057373,22.32707955051785,115.08510847245805,3553813939
sw,-73.8721313476562,-63.8287963867187,2.6849973991709115,108.69275650952152,3553830606
sw,-74.2618713378906,-65.901985168457,-22.174842635752903,98.84482002615604,3553847273
sw,-75.2435607910156,-67.7100372314453,-51.494275562805484,87.99055225042785,3553863940
sw,-76.7904968261718,-68.6831512451171,-84.08430664049081,78.94922943208405,3553880607
sw,-78.9691009521484,-69.4179306030273,-118.45188281855606,74.2480128198667,3553897274
sw,-81.5064620971679,-69.8774108886718,-152.87861474536228,75.38445712608693,3553913941
sw,-84.1204681396484,-70.6164779663086,-185.43745395248084,82.2570986010722,3553930608
sw,-86.5757217407226,-71.7511978149414,-213.98670778001554,93.00295061287511,3553947275
sw,-86.8825988769531,-73.4995193481445,-236.2217741324347,104.37220767790264,3553963942
sw,-84.1063232421875,-75.6908493041992,-249.86716314370457,112.5900252665201,3553980609
sw,-80.2509307861328,-78.0386886596679,-253.0422662539054,114.46905558789865,3553997276
sw,-75.0317153930664,-80.6544113159179,-244.7444333610421,108.4160069888737,3554013943
sw,-71.0165634155273,-83.3059310913086,-225.29873007870012,94.97156697492602,3554030610
sw,-67.8759765625,-84.8439865112304,-196.58150209486607,76.65534781536986,3554047277
sw,-64.691421508789,-85.0081329345703,-161.87494512356196,57.136230013494036,3554063944
sw,-62.4814529418945,-84.3956298828125,-125.33348063367343,40.031501863938225,3554080611
sw,-61.6847419738769,-84.0249252319336,-91.17765946905216,27.813981244173107,3554097278
sw,-61.5256690979003,-84.2160873413086,-62.82961215999115,21.255019863780245,3554113945
sw,-61.2782859802246,-84.9791412353515,-42.241101624692206,19.563960887825132,3554130612
sw,-60.5345726013183,-85.9223480224609,-29.615103729300444,21.055193947593203,3554147279
sw,-59.6040573120117,-86.59619140625,-23.582088346657713,23.967736133915302,3554163946
sw,-58.8529319763183,-86.9737930297851,-21.72415453604908,27.070148589491268,3554180613
sw,-58.4749908447265,-87.4286880493164,-21.23754188242619,29.863046677319595,3554197280
sw,-58.4061698913574,-87.9257659912109,-19.533790432789942,32.41669055462601,3554213947
sw,-58.286506652832,-88.344482421875,-14.66809636171273,35.02780299524066,3554230614
sw,-58.0782890319824,-88.204963684082,-5.575268371641726,37.892508644310354,3554247281
sw,-58.125690460205,-87.4638748168945,7.861625213660039,40.90401031239905,3554263948
sw,-58.475601196289,-86.6680450439453,24.88338723849002,43.578945906101026,3554280615
sw,-59.3636665344238,-86.165901184082,44.047223902888454,45.06585113910955,3554297282
sw,-60.5984916687011,-85.9128036499023,63.50975429096691,44.20444600603438,3554313949
sw,-62.0014114379882,-85.6202011108398,81.35352199376092,39.64547683968674,3554330616
sw,-63.23872756958,-85.2476272583007,95.90725382885665,30.05828876785518,3554347283
sw,-64.7982788085937,-84.9632415771484,106.02696398072744,14.42693838951819,3554363950
sw,-66.8712158203125,-84.9359283447265,111.32002779231999,-7.61706075240675,3554380617
sw,-69.2787094116211,-85.2384414672851,112.2821633831071,-35.52110960220395,3554397284
sw,-71.6204528808593,-85.9565963745117,110.28436515832016,-67.70159086950909,3554413951
sw,-73.6592941284179,-87.2605514526367,107.33634081408603,-101.66980283970196,3554430618
sw,-75.1988525390625,-88.2358627319336,105.60430476034928,-134.400467830661,3554447285
sw,-76.5111083984375,-86.3314208984375,106.76661729466153,-162.8689890578,3554463952
sw,-77.8180618286132,-83.1455688476562,111.39611776723645,-184.616288522825,3554480619
sw,-79.2889175415039,-79.4960861206054,118.6000788687777,-198.17690440574916,3554497286
sw,-81.1822280883789,-75.7497253417968,126.0966295012192,-203.2432949645296,3554513953
sw,-83.2389144897461,-72.2267913818359,130.7754040795132,-200.52789617430722,3554530620
sw,-85.2191467285156,-69.326545715332,129.6267554580974,-191.39427878797585,3554547287
sw,-86.9715957641601,-66.7001495361328,120.77994865920401,-177.4169478218538,3554563954
sw,-85.7640914916992,-64.1943969726562,104.30739544826149,-160.05058249295138,3554580621
sw,-84.0970153808593,-61.749698638916,82.46713137421374,-140.52044146675456,3554597288
sw,-83.2118759155273,-59.2049751281738,59.20723197267326,-119.91411382885745,3554613955
sw,-83.4598922729492,-57.1670608520507,39.03352519344901,-99.33614725560227,3554630622
sw,-84.1695861816406,-56.0653762817382,25.632778449756177,-79.95648181222957,3554647289
sw,-84.6620788574218,-55.4282035827636,20.779306431412873,-62.86224774032629,3554663956
sw,-84.5769271850586,-55.1630363464355,23.940713179258143,-48.760527151893136,3554680623
sw,-83.4810409545898,-54.9158287048339,32.69206835679489,-37.689298380945,3554697290
sw,-81.7036056518554,-54.3958396911621,43.70546463470309,-28.90927485709725,3554713957
sw,-80.2025909423828,-53.7778587341308,53.87115909470658,-21.067116820882987,3554730624
sw,-79.2256164550781,-53.2642135620117,61.11712090825688,-12.592328908712922,3554747291
sw,-78.6137084960937,-53.0204238891601,64.69450725911244,-2.1857193264229244,3554763958
sw,-78.0349807739257,-52.9672470092773,64.96038495039822,10.776195070977591,3554780625
sw,-77.3821334838867,-53.2325820922851,62.87624283109977,26.054934588174664,3554797292
sw,-76.5615234375,-54.2385368347168,59.48277729037896,42.62823018983654,3554813959
sw,-75.6462020874023,-55.6591758728027,55.53325633555945,58.98172102306469,3554830626
sw,-74.7769088745117,-57.1665992736816,51.34552521599101,73.49150071555786,3554847293
sw,-73.9194564819336,-58.2514610290527,46.834226984937416,84.75985729338841,3554863960
sw,-73.1048126220703,-59.3686485290527,41.63930924736414,91.81857046943102,3554880627
sw,-72.468017578125,-60.9247894287109,35.26914039804268,94.19959412172025,3554897294
sw,-72.0784683227539,-62.7234802246093,27.20679733095197,91.93099748496394,3554913961
sw,-71.9164581298828,-64.2648696899414,16.967072006369182,85.51328182848656,3554930628
sw,-71.9393157958984,-65.2716522216796,4.123741104982897,75.8909796133531,3554947295
sw,-72.1911010742187,-66.4365921020507,-11.66044977351543,64.40210480749317,3554963962
sw,-72.6716384887695,-67.4792404174804,-30.57830113492049,52.68102774771885,3554980629
sw,-73.4412994384765,-68.2918853759765,-52.5981249775287,42.49774343151181,3554997296
sw,-74.5940551757812,-68.7149200439453,-77.38263208040797,35.53188425549967,3555013963
sw,-76.2296142578125,-69.0468063354492,-104.2385406995609,33.107650622406815,3555030630
sw,-78.4210586547851,-69.6304092407226,-132.11824167572604,35.94724342676029,3555047297
sw,-81.2084045410156,-70.6135330200195,-159.6715873662957,44.008649230036404,3555063964
sw,-84.2923049926757,-71.8752136230468,-185.32506471296745,56.4447755599168,3555080631
sw,-87.3546981811523,-73.2031478881836,-207.36460560737905,71.67700980842692,3555097298
sw,-87.9356918334961,-74.4968643188476,-224.02325290612094,87.55614197322512,3555113965
sw,-84.8373031616211,-75.8354873657226,-233.60994385728918,101.60147295041504,3555130632
sw,-81.1952972412109,-77.3990249633789,-234.7277416523745,111.33724282420468,3555147299
sw,-76.800308227539,-79.5404510498046,-226.59259192740134,114.7387371844238,3555163966
sw,-72.9129486083984,-82.2962265014648,-209.38518815568762,110.73587989534101,3555180633
sw,-69.8016281127929,-85.2702255249023,-184.49736724766467,99.62595960418614,3555197300
sw,-66.8859252929687,-87.3541030883789,-154.52628373647337,83.18964147668476,3555213967
sw,-64.6367492675781,-87.8493270874023,-122.9380403089171,64.35991920086492,3555230634
sw,-63.2310371398925,-87.3062286376953,-93.43216355106865,46.47614576620234,3555247301
sw,-62.6415557861328,-86.6834106445312,-69.145655361057,32.37624899146766,3555263968
sw,-62.6318664550781,-86.6675720214843,-51.91181642803491,23.690063967004715,3555280635
sw,-62.3401908874511,-87.2049484252929,-41.806925435999545,20.602924929822585,3555297302
sw,-61.5171508789062,-87.8490524291992,-37.15029876133709,22.1142330290969,3555313969
sw,-60.4905052185058,-88.1414337158203,-34.97764651411811,26.580658177908052,3555330636
sw,-59.6135902404785,-88.0850067138671,-31.84428665561806,32.24676969771629,3555347303
sw,-58.9659576416015,-88.0204849243164,-24.713223949751306,37.551225649464094,3555363970
sw,-58.7348937988281,-87.9137191772461,-11.684035824993886,41.17160691262494,3555380637
sw,-58.896556854248,-87.5993118286132,7.599305330988364,41.921393995359885,3555397304
sw,-59.532241821289,-87.0982894897461,31.914432210345282,38.66508284308976,3555413971
sw,-60.5041389465332,-86.5205307006836,58.76278971777623,30.368307504688975,3555430638
sw,-61.8853378295898,-85.9911270141601,84.91708982343981,16.29772613175354,3555447305
sw,-63.6487846374511,-85.7263946533203,107.1015577296675,-3.7088182928163933,3555463972
sw,-65.680923461914,-85.9536361694336,122.68663860760176,-29.026949457782013,3555480639
sw,-68.2400970458984,-86.7715377807617,130.2755688340282,-58.196125454581455,3555497306
sw,-71.1471710205078,-88.1375427246093,130.05637081202684,-89.08549671855074,3555513973
sw,-73.6399002075195,-88.4920806884765,123.80620767388601,-119.24442838347203,3555530640
sw,-75.3231735229492,-86.2181930541992,114.49270289986626,-146.33864475361463,3555547307
sw,-76.7536087036132,-83.1285018920898,105.52818225414855,-168.54221737907838,3555563974
sw,-77.7302780151367,-79.898941040039,99.86193207169973,-184.77254178760552,3555580641
sw,-78.890869140625,-76.6881027221679,99.174868052769,-194.7131991279843,3555597308
sw,-80.3209228515625,-73.3191528320312,103.42270430771792,-198.64643331026693,3555613975
sw,-82.0664520263671,-69.7757873535156,110.86480206671257,-197.1820453599623,3555630642
sw,-83.8906097412109,-66.4691925048828,118.56639399646521,-190.996027326767,3555647309
sw,-85.5973587036132,-63.2097053527832,123.22920232402369,-180.67236275814835,3555663976
sw,-86.0248718261718,-60.6046638488769,122.12631855088175,-166.6886509331066,3555680643
sw,-85.1599349975586,-58.4585990905761,113.8993746432149,-149.5249006462961,3555697310
sw,-83.2335205078125,-56.2870292663574,99.0066398678353,-129.8266262872153,3555713977
sw,-81.5750350952148,-54.1273727416992,79.6774053840288,-108.52868922311593,3555730644
sw,-81.0149765014648,-52.5808067321777,59.339457033144896,-86.84974022901712,3555747311
sw,-81.3544158935546,-51.918212890625,41.652347425120496,-66.10869327874089,3555763978
sw,-81.8331680297851,-51.7447166442871,29.453180099400708,-47.39765633527482,3555780645
sw,-81.8611297607421,-51.785171508789,23.995682859262395,-31.238050114242,3555797312
sw,-81.2676086425781,-51.8264999389648,24.758333686258137,-17.387684695684484,3555813979
sw,-80.1794128417968,-51.6522712707519,29.850900570540723,-4.917488450313646,3555830646
sw,-78.9430999755859,-51.3660011291503,36.79631577478425,7.443223904248327,3555847313
sw,-77.9855270385742,-51.2586593627929,43.33976038019098,20.820334491019995,3555863980
sw,-77.3432083129882,-51.6198616027832,47.986874122433385,35.75996249563265,3555880647
sw,-76.8819885253906,-52.7096519470214,50.14543445172915,52.00840262461549,3555897314
sw,-76.4592514038086,-54.2852439880371,49.932851983479416,68.56597566130972,3555913981
sw,-75.9081039428711,-55.8479080200195,47.822893089675276,83.95615110546314,3555930648
sw,-75.1934585571289,-57.2569770812988,44.308017427401445,96.58710168931538,3555947315
sw,-74.4462127685546,-58.6700820922851,39.680435079301574,105.09677062208047,3555963982
sw,-73.8061065673828,-60.3856086730957,33.94622503844093,108.63004331507555,3555980649
sw,-73.3742218017578,-62.460880279541,26.83187929800575,107.03745330906705,3555997316
sw,-73.1671371459961,-64.5066146850586,17.836140445255285,100.97939536705023,3556013983
sw,-73.1559524536132,-66.1136322021484,6.30452003085081,91.89305951063791,3556030650
sw,-73.3437576293945,-67.1948928833007,-8.47008949046883,81.77972589078642,3556047317
sw,-73.7978897094726,-68.133316040039,-27.110111088541473,72.81806685028765,3556063984
sw,-74.5460968017578,-69.0067062377929,-49.98211267278692,66.878621096003,3556080651
sw,-75.7555313110351,-69.5768203735351,-77.01614426221413,65.06318534123956,3556097318
sw,-77.4562911987304,-70.3201828002929,-107.55456143422201,67.40021019543236,3556113985
sw,-79.6479339599609,-71.3222198486328,-140.26959006815898,72.79756332532959,3556130652
sw,-82.370491027832,-72.7795333862304,-173.17787578214472,79.29367690152446,3556147319
sw,-85.4498138427734,-74.446418762207,-203.76637250858442,84.56293076733927,3556163986
sw,-87.5570449829101,-76.0363540649414,-229.23375110164235,86.54343512982993,3556180653
sw,-85.8801116943359,-77.5331802368164,-246.8445924813776,84.00321549407656,3556197320
sw,-82.1800384521484,-79.0205078125,-254.37854154998485,76.87155649304493,3556213987
sw,-77.0191268920898,-80.212776184082,-250.61587859807278,66.23310026407306,3556230654
sw,-72.3808059692382,-80.9823608398437,-235.73717951224475,53.98784853347317,3556247321
sw,-69.0130767822265,-81.3724670410156,-211.4745763937462,42.28911697574853,3556263988
sw,-65.9724044799804,-81.6855850219726,-180.89554774786384,32.94915227000625,3556280655
sw,-63.692943572998,-82.1521530151367,-147.82821898895864,27.01233569711118,3556297322
sw,-62.3066444396972,-82.7521896362304,-116.07713085098933,24.623259745141382,3556313989
sw,-61.3319931030273,-83.4149856567382,-88.65392438420145,25.19160694343266,3556330656
sw,-60.307861328125,-84.1054916381836,-67.23433243336633,27.741714202563134,3556347323
sw,-59.2522277832031,-84.8111801147461,-51.968530533175915,31.285442689843997,3556363990
sw,-58.3489265441894,-85.4895935058593,-41.65311897763342,35.082687426543394,3556380657
sw,-57.6543159484863,-86.0988693237304,-34.16990974294529,38.72631022464295,3556397324
sw,-57.3555107116699,-86.6148223876953,-27.050688066389597,42.06665088417177,3556413991
sw,-57.2075653076171,-86.9842910766601,-18.041004149300548,45.043397044787746,3556430658
sw,-57.0352630615234,-87.0942459106445,-5.57538911553802,47.50701815523376,3556447325
sw,-56.8808784484863,-86.91162109375,10.896489583330357,49.09505688937063,3556463992
sw,-57.0374717712402,-86.6032791137695,30.786169861883337,49.19770273382254,3556480659
sw,-57.9851646423339,-86.3454284667968,52.48683186477946,47.017501168324046,3556497326
sw,-59.4822807312011,-86.1217193603515,73.73561282565302,41.70585591012505,3556513993
sw,-61.1449127197265,-85.9247970581054,92.14504635228342,32.54370302757999,3556530660
sw,-63.020824432373,-85.7763137817382,105.77161175964605,19.124852763915904,3556547327
sw,-65.0776062011718,-85.7206726074218,113.57540053704496,1.4993724870133562,3556563994
sw,-67.4921493530273,-85.8543319702148,115.6568527444784,-19.758752068105327,3556580661
sw,-69.4607620239257,-86.2762222290039,113.21386243715868,-43.58227787738821,3556597328
sw,-70.9264984130859,-87.0318527221679,108.2316853157474,-68.5429376638707,3556613995
sw,-72.2909469604492,-87.4347152709961,102.99134280830046,-93.06209057013929,3556630662
sw,-73.7150421142578,-86.5790939331054,99.53648540411018,-115.64914604890757,3556647329
sw,-75.5478515625,-84.7770843505859,99.2406574470677,-135.10373257472546,3556663996
sw,-77.5380706787109,-82.4249572753906,102.55964496220066,-150.6301267156635,3556680663
sw,-79.5478591918945,-79.6696395874023,108.97473480039667,-161.84524992610926,3556697330
sw,-81.3076019287109,-76.5783462524414,117.08602553610517,-168.69572041143357,3556713997
sw,-82.8092575073242,-73.4662170410156,124.82418308925006,-171.3216659043206,3556730664
sw,-84.1249771118164,-70.6491165161132,129.78799340646867,-169.9164949797847,3556747331
sw,-85.5711898803711,-67.9814071655273,129.7277971700602,-164.63667988908625,3556763998
sw,-86.4454269409179,-65.3066482543945,123.14006684147812,-155.6059557372077,3556780665
sw,-85.2431335449218,-62.9718399047851,109.82965682938723,-143.02185356533812,3556797332
sw,-83.4660110473632,-60.8436393737793,91.20910589104042,-127.31654873509765,3556813999
sw,-82.0037002563476,-58.8250923156738,70.12885721461306,-109.28032541462282,3556830666
sw,-81.6460037231445,-57.1479949951171,50.195673561018786,-90.0548852039143,3556847333
sw,-82.0604400634765,-56.3442459106445,34.767376072721355,-70.95247203929289,3556864000
sw,-82.4626159667968,-56.0702171325683,25.98380371790329,-53.13949833814224,3556880667
sw,-82.4832611083984,-55.9594459533691,24.205943736992936,-37.304729462188234,3556897334
sw,-81.8144836425781,-55.818115234375,28.07136599978647,-23.464817488586455,3556914001
sw,-80.4870834350586,-55.4734420776367,35.112933030056624,-11.013749668445863,3556930668
sw,-78.9628143310546,-55.0784454345703,42.659322478881215,0.9855330106687792,3556947335
sw,-77.8058242797851,-54.9754943847656,48.64823382517413,13.38165088452115,3556964002
sw,-77.1409835815429,-55.263744354248,52.06631149669781,26.55853543842991,3556980669
sw,-76.7460708618164,-55.9239692687988,52.926969450079454,40.24894123365328,3556997336
sw,-76.3417510986328,-56.9606819152832,51.90054701660025,53.59771284176087,3557014003
sw,-75.7853317260742,-58.3013343811035,49.82324048247461,65.43314827570603,3557030670
sw,-75.0634231567382,-59.8028488159179,47.2978163749927,74.6327469472465,3557047337
sw,-74.248420715332,-61.3235282897949,44.49740434902978,80.4505646560173,3557064004
sw,-73.3754425048828,-62.6668968200683,41.165629437232504,82.70668278881958,3557080671
sw,-72.6251602172851,-63.9752349853515,36.73134433377206,81.80478609567409,3557097338
sw,-72.1763687133789,-65.2488555908203,30.445828080608226,78.60962913618093,3557114005
sw,-72.046157836914,-66.2903747558593,21.490202096683838,74.25298563578968,3557130672
sw,-72.0791854858398,-67.3902893066406,9.05606622376027,69.93378354532418,3557147339
sw,-72.2350463867187,-68.4979629516601,-7.563611651591638,66.74713625211426,3557164006
sw,-72.6164321899414,-69.6638641357421,-28.84218179012517,65.54128133694395,3557180673
sw,-73.3924865722656,-70.6686019897461,-54.850083253616795,66.78347849111965,3557197340
sw,-74.7308044433593,-71.3678665161132,-85.08952960067097,70.4287127697863,3557214007
sw,-76.680923461914,-72.1049041748046,-118.38671782647468,75.82436690724617,3557230674
sw,-79.2418670654296,-73.1651077270507,-152.88177833953426,81.7234457971438,3557247341
sw,-82.3022689819336,-74.6057052612304,-186.13257187572842,86.47933406857626,3557264008
sw,-85.6129608154296,-76.4073104858398,-215.3313152996111,88.43291659421118,3557280675
sw,-88.3295364379882,-78.2349853515625,-237.62879017658165,86.39859925120611,3557297342
sw,-86.5332717895507,-79.5627670288086,-250.55798851855405,80.0714587806059,3557314009
sw,-82.4065322875976,-80.5357284545898,-252.52341384379525,70.17641712868645,3557330676
sw,-76.5709533691406,-81.2524871826171,-243.2587053526799,58.27670142325738,3557347343
sw,-72.1993331909179,-81.6390914916992,-224.0821855093669,46.30536468587025,3557364010
sw,-69.7297973632812,-82.0391311645507,-197.77589508169845,36.002991723984515,3557380677
sw,-67.4928588867187,-82.765869140625,-168.03675928649318,28.476972627004255,3557397344
sw,-65.5065460205078,-83.6265869140625,-138.6447237539845,24.029714192975334,3557414011
sw,-64.0265808105468,-84.3551025390625,-112.62383240791372,22.273889446597146,3557430678
sw,-62.6458549499511,-84.837417602539,-91.65573109933845,22.432987632083186,3557447345
sw,-61.1574516296386,-85.2303085327148,-75.8805638917664,23.673821140671183,3557464012
sw,-59.8615531921386,-85.6695327758789,-64.07768144173367,25.34526886594329,3557480679
sw,-58.9760665893554,-86.191421508789,-54.119196810047754,27.070175060471225,3557497346
sw,-58.3598747253418,-86.7331390380859,-43.55394884085104,28.707619348990114,3557514013
sw,-57.9603042602539,-87.161865234375,-30.197076644026424,30.2402471695912,3557530680
sw,-57.6969718933105,-87.3687973022461,-12.636828347671994,31.642829078066477,3557547347
sw,-57.6647109985351,-87.3747482299804,9.407402784429632,32.76997789151556,3557564014
sw,-57.7887840270996,-87.2757415771484,34.93845419884817,33.282234753869204,3557580681
sw,-58.6546936035156,-87.130989074707,61.801906063112526,32.61979862566447,3557597348
sw,-60.3199768066406,-86.9676513671875,87.09235574182509,30.02999075516838,3557614015
sw,-62.1834564208984,-86.8249130249023,107.79214934168589,24.652187668177472,3557630682
sw,-64.3106155395507,-86.7714767456054,121.50909591425379,15.658548606091365,3557647349
sw,-66.7531585693359,-86.7977142333984,127.12891751049358,2.438525077041678,3557664016
sw,-69.7913818359375,-86.8867416381836,125.19509860670337,-15.201206099243409,3557680683
sw,-72.4840469360351,-87.0247421264648,117.87232311265474,-36.86964348638641,3557697350
sw,-73.8165283203125,-87.2790451049804,108.44364823478766,-61.51868714448068,3557714017
sw,-74.6527404785156,-87.2631225585937,100.4379620270625,-87.51680756968933,3557730684
sw,-75.401008605957,-86.2918167114257,96.64059775836826,-112.88023724494333,3557747351
sw,-76.6893768310546,-84.3742294311523,98.31602012748625,-135.61206257508084,3557764018
sw,-78.5840988159179,-81.7874221801757,104.90181548613972,-154.05014777183197,3557780685
sw,-80.9571914672851,-78.7273178100586,114.2466114871441,-167.11508723547308,3557797352
sw,-83.3683624267578,-75.396011352539,123.2663377938384,-174.38573327269447,3557814019
sw,-85.2810897827148,-72.3313980102539,128.7834094168274,-175.99698194256194,3557830686
sw,-86.5462265014648,-69.6889419555664,128.32062481136091,-172.42717493587946,3557847353
sw,-86.8934860229492,-67.1745300292968,120.69700667830533,-164.29044675427474,3557864020
sw,-85.3805236816406,-64.4432830810546,106.33993854610088,-152.24128753389942,3557880687
sw,-83.6828536987304,-61.9571800231933,87.25283294253516,-137.02445275336666,3557897354
sw,-82.562255859375,-59.8464546203613,66.59881674366402,-119.60028814784127,3557914021
sw,-82.2197952270507,-58.0287017822265,47.93901354452911,-101.21265448806302,3557930688
sw,-82.6260528564453,-56.8728103637695,34.29906334963712,-83.28951944861579,3557947355
sw,-83.118896484375,-56.4063377380371,27.352348878194682,-67.1617547355454,3557964022
sw,-83.1216888427734,-56.0908279418945,27.013071921789816,-53.69752304594099,3557980689
sw,-82.3661651611328,-55.6672210693359,31.597113327988694,-43.014892315249334,3557997356
sw,-81.0266647338867,-55.070514678955,38.48756314071812,-34.41582638268044,3558014023
sw,-79.5364913940429,-54.4302940368652,45.04190917430216,-26.58984890788243,3558030690
sw,-78.3288269042968,-53.8725662231445,49.396214373943664,-18.01880830780357,3558047357
sw,-77.5222549438476,-53.5801773071289,50.89051725307982,-7.436192049457714,3558064024
sw,-77.0174255371093,-53.5728111267089,50.01438990488695,5.813773969594333,3558080691
sw,-76.6142044067382,-54.0175247192382,47.9623866751324,21.618409314322705,3558097358
sw,-76.1902465820312,-54.9232177734375,46.01327478111925,39.157995452899165,3558114025
sw,-75.7019500732421,-56.0338134765625,44.96835509690558,57.12834780829838,3558130692
sw,-75.0812606811523,-57.2204055786132,44.819383600448155,74.02813153530857,3558147359
sw,-74.2500839233398,-58.4673347473144,44.711166264872794,88.42418490606171,3558164026
sw,-73.3975067138671,-59.966136932373,43.16332146092076,99.15122736154085,3558180693
sw,-72.6775817871093,-61.6247596740722,38.44945042059633,105.44681162803595,3558197360
sw,-72.1000518798828,-63.2453994750976,29.01022747649317,107.0423284574074,3558214027
sw,-71.697151184082,-64.9056777954101,13.792962505765763,104.22362090466825,3558230694
sw,-71.6341018676757,-66.6661987304687,-7.551830108019549,97.85340547083703,3558247361
sw,-72.2916793823242,-68.5611877441406,-34.63933723283402,89.32449819364372,3558264028
sw,-73.7031097412109,-70.0496139526367,-66.45751372689533,80.39959635178946,3558280695
sw,-75.7647171020507,-70.9041290283203,-101.5418992258824,72.9099000370003,3558297362
sw,-78.0562133789062,-71.2210464477539,-138.1317385550681,68.3449933517647,3558314029
sw,-80.6139755249023,-71.9074096679687,-174.24964520084964,67.44751468968234,3558330696
sw,-83.8162307739257,-73.0692977905273,-207.71132106621963,69.96932164015827,3558347363
sw,-87.0200729370117,-74.5269775390625,-236.13380032195275,74.70514282874058,3558364030
sw,-87.3002090454101,-75.8204269409179,-257.0333082096963,79.81136287154935,3558380697
sw,-83.7850494384765,-77.0415725708007,-268.077768954948,83.30926268863962,3558397364
sw,-79.3713989257812,-78.5777511596679,-267.4960811292985,83.62028345671217,3558414031
sw,-74.0782623291015,-80.5561065673828,-254.56313263232354,79.98782008438967,3558430698
sw,-70.2270050048828,-82.5734252929687,-230.00496668726706,72.67493784722728,3558447365
sw,-67.1063690185546,-83.9357681274414,-196.14901767706712,62.8765776092445,3558464032
sw,-64.0565872192382,-84.617446899414,-156.70709129464913,52.36002956121926,3558480699
sw,-61.8208770751953,-84.9053039550781,-116.19379136590585,42.944216276693666,3558497366
sw,-61.2187728881835,-85.0377349853515,-79.09428788892788,36.000026753057604,3558514033
sw,-61.1564903259277,-85.293228149414,-48.97560238645196,32.14709740731009,3558530700
sw,-61.0424270629882,-85.8532485961914,-27.775281403578163,31.23156845380875,3558547367
sw,-60.7913055419921,-86.6366424560546,-15.472973092332962,32.54541709897937,3558564034
sw,-60.4983329772949,-87.3045578002929,-10.239089367676026,35.1573433436934,3558580701
sw,-60.0805358886718,-87.6872634887695,-9.003385852805328,38.206154795198806,3558597368
sw,-59.8024253845214,-87.8419723510742,-8.268241026448965,41.05598100954108,3558614035
sw,-59.5739479064941,-87.751708984375,-4.947910894380089,43.29360662329874,3558630702
sw,-59.3087882995605,-87.3682022094726,2.961941196197222,44.618907784561664,3558647369
sw,-59.3677368164062,-86.7422561645507,16.019502627901943,44.7102371980229,3558664036
sw,-59.9999732971191,-86.034194946289,33.3344064394036,43.13358479809365,3558680703
sw,-61.3580703735351,-85.44775390625,52.899570331186425,39.32691279326301,3558697370
sw,-62.7425155639648,-85.0805969238281,72.14947180776217,32.65614381492996,3558714037
sw,-64.0859069824218,-84.8613815307617,88.5915652018918,22.52204435016486,3558730704
sw,-65.5155181884765,-84.7714920043945,100.36632877606951,8.49416208632391,3558747371
sw,-67.592300415039,-84.8266448974609,106.63727474744557,-9.553400302404748,3558764038
sw,-70.2764282226562,-85.116455078125,107.75336241287523,-31.335392368195993,3558780705
sw,-72.1828460693359,-85.7247924804687,105.14660750575976,-56.11309123993379,3558797372
sw,-73.5457534790039,-86.6097335815429,100.95838317012513,-82.74204799339176,3558814039
sw,-74.6818923950195,-87.1682815551757,97.45981818862352,-109.8080756535654,3558830706
sw,-76.0648727416992,-86.2185134887695,96.41847836631653,-135.813358173484,3558847373
sw,-77.7114105224609,-84.0732192993164,98.59965130227793,-159.35108237346086,3558864040
sw,-79.4546585083007,-81.1916809082031,103.54463614383067,-179.2145627621866,3558880707
sw,-81.2467575073242,-78.0030822753906,109.67419352996416,-194.42432750034297,3558897374
sw,-82.92529296875,-74.5995941162109,114.67948221654899,-204.20286646571722,3558914041
sw,-84.4242706298828,-71.0330657958984,116.11233051597065,-207.95583260297127,3558930708
sw,-85.9862442016601,-67.6748123168945,112.05892133348583,-205.31483724423316,3558947375
sw,-87.0497817993164,-64.249885559082,101.75166703513244,-196.25982678347685,3558964042
sw,-86.2230148315429,-61.1748237609863,85.94347651090973,-181.282281009097,3558980709
sw,-85.0578384399414,-58.6610870361328,66.87660137120781,-161.50158137232157,3558997376
sw,-84.3437576293945,-56.2770195007324,47.77342900505853,-138.63659655368676,3559014043
sw,-84.5328063964843,-54.4770698547363,31.955051574278432,-114.77622585519114,3559030710
sw,-85.0839462280273,-53.4557456970214,21.87417729169827,-91.971708535689,3559047377
sw,-85.4696655273437,-52.8350524902343,18.423901169415316,-71.75767079375555,3559064044
sw,-85.2869033813476,-52.3109054565429,20.794280710081686,-54.761744293530434,3559080711
sw,-84.3591690063476,-51.8001403808593,26.92458226808139,-40.553777782463726,3559097378
sw,-82.9799652099609,-51.1834449768066,34.34622133541589,-27.809258597974154,3559114045
sw,-81.765510559082,-50.6547393798828,41.055713794368955,-14.748734857350803,3559130712
sw,-80.9891052246093,-50.5011749267578,46.072353852434574,0.28224610686349866,3559147379
sw,-80.5642471313476,-50.6583518981933,49.50200089410386,18.269743809614965,3559164046
sw,-80.2306442260742,-51.0369110107421,52.15068591289465,39.17923142899363,3559180713
sw,-79.7359542846679,-52.181053161621,54.900061409876685,61.88235357723755,3559197380
sw,-79.0041809082031,-53.8396835327148,58.108326595027435,84.3674612473275,3559214047
sw,-78.083740234375,-55.624900817871,61.24208329208585,104.1651750111428,3559230714
sw,-77.052375793457,-57.4717788696289,62.830868276810996,118.87773208564275,3559247381
sw,-76.0173873901367,-59.4961395263671,60.72604480113525,126.69955830676591,3559264048
sw,-75.0868453979492,-61.7480850219726,52.5728846425942,126.84121429101496,3559280715
sw,-74.4143142700195,-63.9529800415039,36.372849410892506,119.78975271854861,3559297382
sw,-74.0462341308593,-66.0162963867187,11.010417243643653,107.34357396679727,3559314049
sw,-74.1799774169921,-67.8864364624023,-23.366672175496625,92.36842625801484,3559330716
sw,-75.011604309082,-68.7577514648437,-65.19730621635107,78.26266172064058,3559347383
sw,-76.7891006469726,-69.3274536132812,-111.62700144962228,68.20280779808877,3559364050
sw,-79.6936340332031,-69.7090377807617,-158.8771374157066,64.33856971221543,3559380717
sw,-83.1889724731445,-70.165298461914,-202.77699303003655,67.17008373881484,3559397384
sw,-86.1989364624023,-71.0464706420898,-239.33145591330452,75.32704330336963,3559414051
sw,-86.2752227783203,-72.4989395141601,-265.2098426712886,85.86873237001203,3559430718
sw,-83.3672714233398,-74.3818130493164,-278.10403350929306,95.06386174092823,3559447385
sw,-79.4442672729492,-76.312026977539,-276.9718074032103,99.44569312265287,3559464052
sw,-74.279052734375,-78.4677352905273,-262.1979510046968,96.83149237992073,3559480719
sw,-70.1016616821289,-80.8884048461914,-235.65853514686447,86.98268838688969,3559497386
sw,-66.9583282470703,-82.6883697509765,-200.6140203465126,71.67147551743143,3559514053
sw,-63.8201599121093,-83.2782745361328,-161.35242261260439,54.101657238761774,3559530720
sw,-61.4233169555664,-82.68310546875,-122.56880517928474,37.868634870983875,3559547387
sw,-60.3430709838867,-81.9580688476562,-88.56112871315959,25.84397037420373,3559564054
sw,-60.3152618408203,-81.7067260742187,-62.407027480049734,19.414231308781964,3559580721
sw,-60.2057075500488,-82.1474685668945,-45.339894046126545,18.338155002299892,3559597388
sw,-59.5026817321777,-83.2600326538086,-36.52994368548617,21.190710077449722,3559614055
sw,-58.5292320251464,-84.4432830810546,-33.36661598726609,26.105641180156365,3559630722
sw,-57.5538864135742,-85.2514572143554,-32.16738821573679,31.445915886876477,3559647389
sw,-56.850284576416,-85.6267318725586,-29.097501391365345,36.143536771386835,3559664056
sw,-56.5749816894531,-85.8770675659179,-21.046710590601645,39.66468688308562,3559680723
sw,-56.4899635314941,-86.1659545898437,-6.268527776898451,41.74325175256399,3559697390
sw,-56.4925003051757,-86.5072250366211,15.314151502966341,42.09772143531243,3559714057
sw,-57.063850402832,-86.7267913818359,42.150134031860716,40.29559973585629,3559730724
sw,-58.5268478393554,-86.7168197631836,71.40769178376665,35.81190885115745,3559747391
sw,-60.3113479614257,-86.5674362182617,99.55143320227216,28.218183372866307,3559764058
sw,-62.2510223388671,-86.5290908813476,123.04116941779108,17.38482640599832,3559780725
sw,-64.3168411254882,-86.7237396240234,139.03392418118995,3.5910109509678003,3559797392
sw,-66.7979202270507,-87.1454925537109,145.97835329296248,-12.510031673652271,3559814059
sw,-69.9646072387695,-87.7123641967773,143.9994657925715,-30.05766229631787,3559830726
sw,-73.2467651367187,-88.0431518554687,134.96903058619807,-48.21720614209581,3559847393
sw,-75.38134765625,-87.5010375976562,122.17172207220062,-66.38741476273933,3559864060
sw,-76.9071960449218,-86.1974945068359,109.55666666779102,-84.29449263936931,3559880727
sw,-77.8970336914062,-84.73046875,100.71253100142225,-101.92526912855294,3559897394
sw,-78.6734542846679,-83.1244812011718,97.85194865244264,-119.31754294847235,3559914061
sw,-79.7286529541015,-81.3041000366211,101.143545188365,-136.2909355873806,3559930728
sw,-81.454475402832,-79.1052932739257,108.64260822058895,-152.23531255032336,3559947395
sw,-83.7546463012695,-76.277473449707,116.87578322718899,-166.0571604775281,3559964062
sw,-85.9635696411132,-73.0220031738281,121.91203194135716,-176.32361870313107,3559980729
sw,-87.6325607299804,-69.6414413452148,120.58835628020238,-181.56754549945836,3559997396
sw,-86.7529754638671,-66.293701171875,111.50679304945378,-180.6587076472036,3560014063
sw,-84.3439712524414,-63.1783638000488,95.4844554860884,-173.125468094025,3560030730
sw,-83.5926208496093,-60.5640678405761,75.30331567117355,-159.3271963658061,3560047397
sw,-82.8967361450195,-58.289566040039,54.84029713795806,-140.41896508586294,3560064064
sw,-83.0216979980468,-56.4513854980468,37.88750658041844,-118.10647323530723,3560080731
sw,-83.4661865234375,-55.160903930664,27.086399275130002,-94.25002281435415,3560097398
sw,-83.6816177368164,-54.4380416870117,23.33352668707875,-70.42825028838625,3560114065
sw,-83.0650024414062,-54.1881141662597,25.807812429360382,-47.59931118387459,3560130732
sw,-81.6474151611328,-53.7987823486328,32.52235559632709,-25.982209387587464,3560147399
sw,-80.3028030395507,-53.5402030944824,41.119943028693555,-5.213867465928936,3560164066
sw,-79.3435897827148,-53.4303932189941,49.581887627302585,15.26667832180464,3560180733
sw,-78.621337890625,-53.5356140136718,56.61700625506233,35.752086413542585,3560197400
sw,-77.8936233520507,-54.1322326660156,61.67722439759281,55.903832070926626,3560214067
sw,-77.0295028686523,-55.0277633666992,64.70388035289315,74.64259370226236,3560230734
sw,-76.0503463745117,-56.8098030090332,65.77411027210329,90.34753157275938,3560247401
sw,-75.1257400512695,-59.2543907165527,64.79373283690992,101.30299403177105,3560264068
sw,-74.4084243774414,-61.3458633422851,61.32301603136561,106.23525844681168,3560280735
sw,-73.7604293823242,-62.9450035095214,54.5686353072472,104.75101746239724,3560297402
sw,-73.0145492553711,-64.4341888427734,43.53741833591404,97.54163238512618,3560314069
sw,-72.285903930664,-65.7900390625,27.311288581232294,86.31836477963154,3560330736
sw,-71.8787155151367,-66.9112548828125,5.363794470834778,73.5282808141242,3560347403
sw,-72.0555419921875,-68.1968841552734,-22.184743070561364,61.93040481209426,3560364070
sw,-72.9132919311523,-68.9478225708007,-54.46084082281388,54.10242094020677,3560380737
sw,-74.5318603515625,-69.4990310668945,-89.91144769486714,51.939041921429116,3560397404
sw,-76.9515304565429,-70.0724258422851,-126.51731869315417,56.216716680360385,3560414071
sw,-79.8384475708007,-70.7625885009765,-162.05473004790983,66.3247833978655,3560430738
sw,-82.8407592773437,-71.8295669555664,-194.3094939418458,80.26734451594385,3560447405
sw,-85.7920684814453,-73.2952423095703,-221.1943834200403,94.99648549444144,3560464072
sw,-87.3346481323242,-75.1029663085937,-240.79786855225174,107.04930553890284,3560480739
sw,-85.3401565551757,-77.0322113037109,-251.4550999557639,113.3605289796682,3560497406
sw,-81.8491973876953,-79.2322616577148,-251.93785313553505,112.04754881160216,3560514073
sw,-77.3850860595703,-81.6422729492187,-241.78983042905898,102.94003159219983,3560530740
sw,-72.1752777099609,-83.5218048095703,-221.71050376264978,87.66424541539384,3560547407
sw,-68.8054809570312,-84.573501586914,-193.78433630969016,69.2044709483786,3560564074
sw,-66.1738891601562,-84.6545257568359,-161.34944697194683,51.04312082913529,3560580741
sw,-64.152359008789,-84.3259124755859,-128.43267423075807,36.16483011789785,3560597408
sw,-63.31978225708,-84.1930923461914,-98.87863146420442,26.28982109114617,3560614075
sw,-62.99072265625,-84.4440612792968,-75.45232485332576,21.607743647840508,3560630742
sw,-62.3523063659668,-85.105712890625,-59.22293514844089,21.05559501525869,3560647409
sw,-61.202766418457,-85.9477920532226,-49.4341594190825,22.95121393557665,3560664076
sw,-59.8828430175781,-86.6646347045898,-43.880105001025775,25.67831174958346,3560680743
sw,-58.7360687255859,-87.1301040649414,-39.62037621163845,28.157337058292768,3560697410
sw,-58.0927352905273,-87.5243301391601,-33.77359416274079,29.978337168666908,3560714077
sw,-57.9196166992187,-87.8453216552734,-24.160005630947275,31.228882895684333,3560730744
sw,-57.9066658020019,-87.9607772827148,-9.677440011364336,32.151842235322555,3560747411
sw,-58.0778503417968,-87.7291946411132,9.590636178102262,32.79114981908163,3560764078
sw,-58.539695739746,-87.2310485839843,32.477048675943514,32.747233054865625,3560780745
sw,-59.4010543823242,-86.7518844604492,56.98183177406563,31.103725299167877,3560797412
sw,-60.8398551940918,-86.4916152954101,80.62843597724614,26.53375061062237,3560814079
sw,-62.4966278076171,-86.4181060791015,100.88827519945482,17.558620715868248,3560830746
sw,-64.1598205566406,-86.454360961914,115.62902752976132,2.908189393174641,3560847413
sw,-66.1637802124023,-86.6364059448242,123.5313562367212,-18.089769587108293,3560864080
sw,-68.8324356079101,-87.0900115966796,124.4079393337526,-45.18411005972641,3560880747
sw,-71.4385452270507,-87.8925247192382,119.34390944821179,-77.03762567582517,3560897414
sw,-73.6217422485351,-88.4048080444336,110.57262735290195,-111.30198366786439,3560914081
sw,-75.265869140625,-86.8452072143554,101.03875995154559,-144.9472345197822,3560930748
sw,-76.5679855346679,-83.7829666137695,93.69647487030583,-174.78460513088564,3560947415
sw,-77.4306869506836,-80.1079483032226,90.70907674707874,-198.05029360538938,3560964082
sw,-78.3584365844726,-76.0945281982421,92.79372964063697,-212.88585942116944,3560980749
sw,-79.7936935424804,-72.0813674926757,98.94352403783662,-218.57861130128185,3560997416
sw,-81.6939086914062,-68.3983917236328,106.65376364104615,-215.50941696696256,3561014083
sw,-83.6015625,-65.1397857666015,112.61801369698235,-204.8632466880638,3561030750
sw,-85.6766357421875,-62.2458381652832,113.70508001627088,-188.24089145840313,3561047417
sw,-87.0885238647461,-59.8824272155761,107.93437118811342,-167.3282675489308,3561064084
sw,-86.593147277832,-57.542724609375,95.15519177938583,-143.723710994463,3561080751
sw,-85.0541458129882,-55.0770111083984,77.20285363506383,-118.92191816939594,3561097418
sw,-84.2552642822265,-53.0707283020019,57.44348072759946,-94.3573255203561,3561114085
sw,-84.4656906127929,-51.9344635009765,39.81297164222903,-71.37425863236982,3561130752
sw,-85.1071166992187,-51.5098457336425,27.652610340268975,-51.046398426641105,3561147419
sw,-85.4137573242187,-51.802318572998,22.75267352107953,-33.89038936665075,3561164086
sw,-85.1869659423828,-52.1014060974121,24.95285510190395,-19.63124992811751,3561180753
sw,-84.3136978149414,-52.0125694274902,32.417862817666965,-7.1996931001755575,3561197420
sw,-82.9433670043945,-51.6609268188476,42.42033988335992,4.95320200795868,3561214087
sw,-81.6273193359375,-51.3142318725585,52.27134018666726,18.301380037044105,3561230754
sw,-80.7114715576171,-51.2970809936523,60.030080087030605,33.66315663363338,3561247421
sw,-80.0821762084961,-51.8796348571777,64.78146374902592,50.83887985717684,3561264088
sw,-79.4356613159179,-53.3456001281738,66.49013140756037,68.61889847312317,3561280755
sw,-78.5825119018554,-55.3986511230468,65.60472055472958,85.14947055137765,3561297422
sw,-77.5221939086914,-57.3479690551757,62.628801053564146,98.49491140702182,3561314089
sw,-76.4025650024414,-58.8832664489746,57.81006084671698,107.17645263684452,3561330756
sw,-75.5193786621093,-60.4233360290527,50.99653581614234,110.52235164512,3561347423
sw,-74.9784317016601,-62.163818359375,41.636948755235686,108.77849704588822,3561364090
sw,-74.7276535034179,-63.9079437255859,28.886678179865747,103.02174647776056,3561380757
sw,-74.6267395019531,-65.6269378662109,11.798552209207312,94.94401431026121,3561397424
sw,-74.7613754272461,-67.0373001098632,-10.412343754556217,86.5521469721209,3561414091
sw,-75.1882019042968,-68.2777023315429,-38.060146755153994,79.80471739582134,3561430758
sw,-75.9489822387695,-69.3343887329101,-70.70346160516767,76.21217010965668,3561447425
sw,-77.4382247924804,-70.0905380249023,-106.97552781278675,76.4597196845312,3561464092
sw,-79.8039321899414,-70.7984390258789,-144.60518613227237,80.15234754997232,3561480759
sw,-82.786865234375,-71.7537384033203,-180.64889534911742,85.79906937528754,3561497426
sw,-85.7646942138671,-73.2384719848632,-211.88496079950866,91.11831449672341,3561514093
sw,-86.8323287963867,-75.1488952636718,-235.27839559394695,93.64487233398039,3561530760
sw,-84.7344894409179,-77.2367324829101,-248.4298547843086,91.48269980725412,3561547427
sw,-81.2079086303711,-79.2144241333007,-249.95568148305725,83.94776966393358,3561564094
sw,-76.1903762817382,-80.848159790039,-239.76400746249612,71.84741201683696,3561580761
sw,-72.5203781127929,-81.84375,-219.17412943603,57.26394893857226,3561597428
sw,-69.5634841918945,-81.9561157226562,-190.80847824863665,42.905985301055324,3561614095
sw,-66.712287902832,-81.7986297607421,-158.21945713801722,31.272991609062256,3561630762
sw,-64.594497680664,-81.8848724365234,-125.2954379412813,23.955265072667306,3561647429
sw,-63.5971755981445,-82.2515716552734,-95.5701539343927,21.316720131569088,3561664096
sw,-62.9959068298339,-82.848762512207,-71.5998481778178,22.623136503778976,3561680763
sw,-62.2281112670898,-83.5081100463867,-54.564760060466554,26.48875996177296,3561697430
sw,-61.13130569458,-84.2748489379882,-44.19090620256768,31.414056253702945,3561714097
sw,-60.0541305541992,-84.9912490844726,-38.98364484887214,36.20393079170622,3561730764
sw,-59.3813095092773,-85.5957107543945,-36.66516549275,40.15297647711268,3561747431
sw,-59.0424995422363,-86.1221771240234,-34.6729886691965,43.00215336682207,3561764098
sw,-58.8758430480957,-86.5253753662109,-30.615987861143225,44.757100825061045,3561780765
sw,-58.4612617492675,-86.7416000366211,-22.648999891963765,45.483852979038524,3561797432
sw,-57.9649963378906,-86.7043762207031,-9.758602602221632,45.166866883170506,3561814099
sw,-57.8156585693359,-86.4906692504882,8.061015750651553,43.657101920647094,3561830766
sw,-58.4899101257324,-86.3673019409179,29.783731393875463,40.690667697881636,3561847433
sw,-59.7505073547363,-86.4354248046875,53.505981447802405,35.94180302811815,3561864100
sw,-60.9420280456543,-86.5057601928711,76.76013741996019,29.083665894580417,3561880767
sw,-62.2932319641113,-86.4244003295898,96.92793180544548,19.84664381812162,3561897434
sw,-63.7824325561523,-86.3003845214843,111.69281000522086,8.069746103923697,3561914101
sw,-65.9611740112304,-86.3799896240234,119.48459982126458,-6.263533735674855,3561930768
sw,-68.5582733154296,-86.7735366821289,119.8610662600651,-23.014210276874437,3561947435
sw,-71.0602340698242,-87.2969512939453,113.73358581192278,-41.899609790952695,3561964102
sw,-73.0908889770507,-87.6280136108398,103.32237106799253,-62.510293800486714,3561980769
sw,-74.5874481201171,-87.3504104614257,91.76968249827378,-84.31053645671311,3561997436
sw,-75.548095703125,-86.2450103759765,82.44942966343032,-106.61499637558597,3562014103
sw,-76.3363647460937,-84.5508728027343,78.13659437875131,-128.55651720313156,3562030770
sw,-77.362075805664,-82.4220809936523,80.27288152486832,-149.07499414202655,3562047437
sw,-78.7722854614257,-79.8531723022461,88.5480022221589,-166.95698045295222,3562064104
sw,-80.5658950805664,-76.7425384521484,100.91992586807736,-180.94073883918728,3562080771
sw,-82.3329696655273,-73.1671371459961,114.07091552435816,-189.8766182286057,3562097438
sw,-83.9879684448242,-69.6399383544921,124.19145332333122,-192.90760668242993,3562114105
sw,-85.7851791381836,-66.4145050048828,127.92226250360598,-189.62358871162243,3562130772
sw,-87.0200119018554,-63.5208435058593,123.25035984262377,-180.15291591079833,3562147439
sw,-85.7289657592773,-61.1434288024902,110.13266464249176,-165.17779746867248,3562164106
sw,-83.8491287231445,-58.948802947998,90.63337346989121,-145.87719058423545,3562180773
sw,-82.620864868164,-56.5246505737304,68.45849357018649,-123.80054502215665,3562197440
sw,-82.6536712646484,-54.5177764892578,47.96384355244783,-100.66440877609203,3562214107
sw,-83.3499298095703,-53.5992622375488,32.93204947523517,-78.06679478565627,3562230774
sw,-83.8433685302734,-53.3260154724121,25.541452839216557,-57.15574356690301,3562247441
sw,-83.6694030761718,-53.1732177734375,25.89678161527344,-38.35543922138894,3562264108
sw,-82.6889038085937,-53.019905090332,32.26381404282621,-21.28747669385799,3562280775
sw,-81.1071090698242,-52.7185859680175,41.85677148106227,-4.975524341575101,3562297442
sw,-79.5709228515625,-52.3010063171386,51.81725427220527,11.699744861676656,3562314109
sw,-78.4786529541015,-52.2633552551269,59.99513549636083,29.45461177380905,3562330776
sw,-77.7775497436523,-52.6495056152343,65.28821127041488,48.183512333291134,3562347443
sw,-77.1571960449218,-53.6088905334472,67.52318692401595,66.84472405682888,3562364110
sw,-76.3783416748046,-55.7469940185546,67.04529070593276,83.70339107353658,3562380777
sw,-75.4157333374023,-58.0307922363281,64.25109260724071,96.83519999692871,3562397444
sw,-74.4282150268554,-59.6201972961425,59.25035917505723,104.69489319219828,3562414111
sw,-73.5810470581054,-61.0684623718261,51.73760940689432,106.55762603761274,3562430778
sw,-72.9246826171875,-62.7980995178222,41.05963979178419,102.73248335621709,3562447445
sw,-72.5007553100586,-64.539321899414,26.41587196069198,94.54691982758867,3562464112
sw,-72.3500671386718,-66.1267700195312,7.119075536204279,84.14061348230878,3562480779
sw,-72.5194015502929,-67.5213775634765,-17.147739959867224,74.09548757403199,3562497446
sw,-73.0473098754882,-68.3167572021484,-46.13265069306545,66.92444883957188,3562514113
sw,-74.2705993652343,-68.8435974121093,-78.91752581862141,64.4823993110279,3562530780
sw,-76.254524230957,-69.2561874389648,-113.94437608279983,67.43284028832618,3562547447
sw,-78.695686340332,-69.9608306884765,-149.1552453796129,74.95063799680031,3562564114
sw,-81.5017623901367,-71.122817993164,-182.2050924057562,84.81719944603743,3562580781
sw,-84.5840911865234,-72.9386978149414,-210.69777556824369,93.95348177012491,3562597448
sw,-86.8428497314453,-75.0789260864257,-232.41313322265268,99.27383348558473,3562614115
sw,-85.939338684082,-77.1592864990234,-245.52452740925276,98.60197198945183,3562630782
sw,-82.8909072875976,-79.2296371459961,-248.82633766656042,91.33945653498196,3562647449
sw,-78.1936340332031,-80.9759674072265,-241.9755794992716,78.64482774334947,3562664116
sw,-73.6268997192382,-81.9129333496093,-225.69621941958084,63.046275618082575,3562680783
sw,-70.4500732421875,-81.9453125,-201.83687449384902,47.61838532380099,3562697450
sw,-67.5124969482421,-81.7177200317382,-173.17695068535573,35.02909680377341,3562714117
sw,-65.2004776000976,-81.9751281738281,-142.9655140070333,26.8199905808017,3562730784
sw,-63.9043922424316,-82.646011352539,-114.2979962797763,23.17121824073953,3562747451
sw,-62.98681640625,-83.4799880981445,-89.51358518191897,23.169440332294023,3562764118
sw,-61.9374885559082,-84.2403030395507,-69.7957263612915,25.37684475567587,3562780785
sw,-60.6980476379394,-84.937744140625,-55.084060067463895,28.413091172779627,3562797452
sw,-59.578498840332,-85.554328918457,-44.28905651755018,31.33091501012172,3562814119
sw,-58.7759590148925,-86.1727523803711,-35.69695737645903,33.71523276564121,3562830786
sw,-58.554931640625,-86.7694091796875,-27.41721974952764,35.566517960060594,3562847453
sw,-58.4779167175293,-87.2507781982421,-17.765276426613383,37.085599197008726,3562864120
sw,-58.4139862060546,-87.5223541259765,-5.54377460384144,38.46148033257659,3562880787
sw,-58.4998931884765,-87.4617919921875,9.771254930641923,39.71451816835164,3562897454
sw,-58.6581306457519,-87.1717376708984,27.935564025158925,40.604164962003296,3562914121
sw,-59.3834953308105,-86.9630050659179,47.95165293575149,40.59359246802818,3562930788
sw,-60.6527481079101,-86.9328002929687,68.2151789782648,38.870052952529385,3562947455
sw,-62.2627487182617,-86.9186630249023,86.78566432574782,34.432267889696796,3562964122
sw,-63.876968383789,-86.7948455810546,101.73470636958136,26.254724539574948,3562980789
sw,-65.5767135620117,-86.5602035522461,111.50502424115548,13.514846771757275,3562997456
sw,-67.5600280761718,-86.4337768554687,115.22097058709699,-4.167214145202459,3563014123
sw,-69.7987594604492,-86.6191635131836,112.90470323622172,-26.55129749540434,3563030790
sw,-72.013557434082,-87.2259674072265,105.5533696786808,-52.73057688537267,3563047457
sw,-73.7091674804687,-88.120491027832,95.03263635917278,-81.24196638203685,3563064124
sw,-74.9099578857421,-87.725227355957,83.76908275202369,-110.30073470680027,3563080791
sw,-75.8683700561523,-85.5708389282226,74.28505927099607,-138.077841092994,3563097458
sw,-76.8783721923828,-82.9925537109375,68.68301898127437,-162.92727496298937,3563114125
sw,-78.0449066162109,-80.3177719116211,68.20943046540852,-183.50675362550527,3563130792
sw,-79.3854141235351,-77.2894210815429,72.99755046569278,-198.79899163108115,3563147459
sw,-80.8327331542968,-73.7115631103515,82.02895284343525,-208.09024244909205,3563164126
sw,-82.2002410888671,-69.9645919799804,93.30423585214108,-210.96477058311524,3563180793
sw,-83.5251007080078,-66.0249633789062,104.19298066898457,-207.33357048505326,3563197460
sw,-85.0222473144531,-62.5168991088867,111.92937785738786,-197.470962013789,3563214127
sw,-86.8177719116211,-59.8648071289062,114.20238449031395,-182.0194462611338,3563230794
sw,-87.4112472534179,-57.572021484375,109.74038356411496,-161.9461691416272,3563247461
sw,-86.1721420288086,-55.2113304138183,98.73229077160262,-138.46602652227998,3563264128
sw,-84.5204925537109,-53.0759048461914,82.91340760993643,-112.95290414799197,3563280795
sw,-83.4930191040039,-51.4545021057128,65.21620510733442,-86.83686774378836,3563297462
sw,-83.408821105957,-50.4225845336914,49.03458327168883,-61.463612133219804,3563314129
sw,-83.6803131103515,-50.0115318298339,37.31457835832256,-37.907101047680875,3563330796
sw,-83.6287155151367,-50.1166877746582,31.780121482403377,-16.774528271422117,3563347463
sw,-83.0429534912109,-50.5608825683593,32.56410978410191,1.9118793066820126,3563364130
sw,-81.9763717651367,-50.9501190185546,38.34733833944765,18.668554550766583,3563380797
sw,-80.7351760864257,-50.9958305358886,46.897463949430694,34.30788567275119,3563397464
sw,-79.5693588256836,-51.0936737060546,55.760568361986536,49.5631136749957,3563414131
sw,-78.5302352905273,-51.6304130554199,62.85026642857366,64.72806568202543,3563430798
sw,-77.5615768432617,-53.1041221618652,66.78057981262256,79.46971943739037,3563447465
sw,-76.6140823364257,-55.1820373535156,66.92344777537139,92.89049903735194,3563464132
sw,-75.7000656127929,-57.1082420349121,63.26907265651401,103.79311194020457,3563480799
sw,-74.8225479125976,-58.6147842407226,56.19851630025391,111.01978151088765,3563497466
sw,-74.0654144287109,-60.0097198486328,46.25638472963553,113.74951776016164,3563514133
sw,-73.4815292358398,-61.6329231262207,33.96968801174557,111.70901466537155,3563530800
sw,-73.1469116210937,-63.4091491699218,19.725474815376437,105.3053806658971,3563547467
sw,-73.1249465942382,-65.3833618164062,3.70653442913593,95.67747449818674,3563564134
sw,-73.4752044677734,-67.1304550170898,-14.113381815736394,84.61756413697026,3563580801
sw,-74.0654144287109,-67.9886322021484,-33.9092339015179,74.30437858134489,3563597468
sw,-74.9973068237304,-68.6989974975586,-55.879537814688376,66.84887003427355,3563614135
sw,-76.200210571289,-69.1745529174804,-80.07483398726289,63.7558261452081,3563630802
sw,-77.7184753417968,-69.9620132446289,-106.21971893618384,65.47873290782233,3563647469
sw,-79.750747680664,-71.089973449707,-133.57943754574268,71.2394843353584,3563664136
sw,-82.341812133789,-72.7562789916992,-160.91414594980444,79.1970461740545,3563680803
sw,-85.2468032836914,-74.668830871582,-186.5403152926525,86.92245578926291,3563697470
sw,-87.541389465332,-76.2667541503906,-208.4934999053727,92.03081256738483,3563714137
sw,-86.5848846435546,-77.7777633666992,-224.77409671056787,92.77931412181425,3563730804
sw,-83.3292617797851,-79.3579711914062,-233.65579982996607,88.46981481066376,3563747471
sw,-79.0379180908203,-80.8863296508789,-234.0245887152292,79.5639289661766,3563764138
sw,-74.6826400756836,-82.2570419311523,-225.68006537570622,67.49532649041208,3563780805
sw,-71.1207580566406,-83.1188430786132,-209.49220828079225,54.23844937726937,3563797472
sw,-67.7497253417968,-83.3587570190429,-187.31179100135415,41.76407230970884,3563814139
sw,-65.102912902832,-83.4691925048828,-161.60445455818643,31.55718967409436,3563830806
sw,-63.4860229492187,-83.7619094848632,-134.88776047687503,24.354562443893887,3563847473
sw,-62.2624206542968,-84.2842025756836,-109.14250087523823,20.167287724751397,3563864140
sw,-61.1571464538574,-84.9118041992187,-85.39886169969435,18.529184160228613,3563880807
sw,-59.9626274108886,-85.5999908447265,-63.64408114946429,18.824007394217713,3563897474
sw,-58.9228553771972,-86.3157119750976,-43.07686731954648,20.538619583245833,3563914141
sw,-58.2919273376464,-86.9702987670898,-22.6009345664159,23.355037157407725,3563930808
sw,-58.0973854064941,-87.4894714355468,-1.3702188240510345,27.082207621578803,3563947475
sw,-58.1611709594726,-87.8774490356445,20.799815154274967,31.491094017989084,3563964142
sw,-58.6758193969726,-88.1135330200195,43.27490559598714,36.13687071300772,3563980809
sw,-60.089012145996,-88.1423797607421,64.7265534883093,40.23930585637381,3563997476
sw,-61.9171600341796,-87.8953247070312,83.47659536084232,42.664271075797075,3564014143
sw,-63.5592956542968,-87.5197525024414,97.93715860721923,42.01914350431304,3564030810
sw,-65.4383544921875,-87.2149124145507,107.00816646327758,36.85042986036726,3564047477
sw,-67.1679153442382,-87.0474624633789,110.33473309788374,25.915276386009413,3564064144
sw,-68.8251724243164,-87.0010147094726,108.39177073155444,8.484830995273787,3564080811
sw,-70.8147506713867,-87.1237030029296,102.41320087319112,-15.37949203324823,3564097478
sw,-72.6344985961914,-87.5600891113281,94.1996665762427,-44.65262936532663,3564114145
sw,-74.1268768310546,-88.4126739501953,85.83352765773493,-77.35208827385078,3564130812
sw,-75.2463150024414,-88.6644058227539,79.33024622831827,-110.76867011897453,3564147479
sw,-76.2455673217773,-86.5200271606445,76.27503819374952,-141.90065911910915,3564164146
sw,-77.524055480957,-83.4168243408203,77.51678052522381,-167.99206656176653,3564180813
sw,-79.09228515625,-79.9111404418945,82.98894046591417,-187.02174437854868,3564197480
sw,-80.6971130371093,-76.2999572753906,91.69364955519663,-197.9935554917847,3564214147
sw,-82.2611465454101,-72.8052444458007,101.8453779514741,-200.9457093136451,3564230814
sw,-83.7420425415039,-69.7441482543945,111.15269346783228,-196.70456795374218,3564247481
sw,-85.0888137817382,-66.9436111450195,117.21844115862626,-186.50713107532957,3564264148
sw,-86.3591690063476,-64.2947921752929,118.0307872632954,-171.65822658585378,3564280815
sw,-86.7217712402343,-61.6818199157714,112.47507363857048,-153.34797100267684,3564297482
sw,-85.3323898315429,-58.9480857849121,100.73089931704942,-132.6510039248994,3564314149
sw,-83.667854309082,-56.8731536865234,84.38263036300091,-110.62126153779207,3564330816
sw,-82.836669921875,-55.4764404296875,66.1236382150003,-88.35027465973802,3564347483
sw,-82.8319091796875,-54.4871215820312,49.084706246745874,-66.89806200652234,3564364150
sw,-83.1383056640625,-53.9577522277832,35.99689257655934,-47.10040501358136,3564380817
sw,-83.0600280761718,-53.8240165710449,28.49831376257148,-29.342915052447008,3564397484
sw,-82.4701690673828,-53.9099044799804,26.839878989622417,-13.42711581027989,3564414151
sw,-81.568977355957,-54.0397758483886,30.059872272473914,1.3717843961955005,3564430818
sw,-80.5553970336914,-54.0697364807128,36.48763322178421,16.02865103980846,3564447485
sw,-79.5151138305664,-54.07320022583,44.31711562586556,31.343186155540266,3564464152
sw,-78.5926895141601,-54.2096328735351,52.010757204526975,47.518039430686024,3564480819
sw,-77.8902893066406,-55.0348663330078,58.41951767162557,63.91837213981267,3564497486
sw,-77.287124633789,-56.8414726257324,62.658641363257544,79.13267765277938,3564514153
sw,-76.6058502197265,-58.8197174072265,63.88709663929616,91.33071970641922,3564530820
sw,-75.7693252563476,-60.3031005859375,61.16080984716599,98.79215124589743,3564547487
sw,-74.7900085449218,-61.7600669860839,53.46744602665485,100.42972734339668,3564564154
sw,-73.879035949707,-63.5964851379394,39.94293351733107,96.16511671739043,3564580821
sw,-73.2891769409179,-65.2720336914062,20.17326236415284,87.07923290632432,3564597488
sw,-73.1978302001953,-66.8131332397461,-5.556712371943609,75.30283490368865,3564614155
sw,-73.6548614501953,-67.6644821166992,-36.18060649229651,63.64333529688505,3564630822
sw,-74.8940124511718,-68.3633575439453,-69.97464750081257,54.993348768949176,3564647489
sw,-76.9460525512695,-68.8249130249023,-104.84447655874853,51.63865973955399,3564664156
sw,-79.4748458862304,-69.2708892822265,-138.66718145693787,54.64379767564115,3564680823
sw,-82.1863174438476,-70.0918426513671,-169.56400440897767,63.50332851540637,3564697490
sw,-84.9861679077148,-71.3796234130859,-196.0173840226025,76.1886303294165,3564714157
sw,-86.9816970825195,-73.1153869628906,-216.82516285054905,89.60606378907806,3564730824
sw,-86.127685546875,-74.8989334106445,-230.9691885182399,100.35498528448305,3564747491
sw,-83.3698425292968,-76.7804794311523,-237.52519030116548,105.5839251025678,3564764158
sw,-79.8184661865234,-78.9449157714843,-235.72850264516416,103.71749011641715,3564780825
sw,-75.5583801269531,-81.2542343139648,-225.2312026649435,94.85771353968637,3564797492
sw,-71.7778854370117,-83.1056213378906,-206.46789129114188,80.73556429407245,3564814159
sw,-68.1367492675781,-84.0250549316406,-180.94859991835983,64.2008019552538,3564830826
sw,-64.7919387817382,-83.8789749145507,-151.27878765962484,48.38840283851127,3564847493
sw,-62.997329711914,-83.5391693115234,-120.79086978398153,35.840087755172995,3564864160
sw,-62.5212516784668,-83.6780471801757,-92.83270131820241,27.900966438389883,3564880827
sw,-62.2739715576171,-84.3186569213867,-69.93003565057943,24.595985686521292,3564897494
sw,-61.7009162902832,-85.1373596191406,-53.13238022381801,24.965008209742983,3564914161
sw,-60.8124542236328,-85.9180297851562,-41.79796639732749,27.632079710198795,3564930828
sw,-59.8772850036621,-86.6866683959961,-33.893199505593955,31.321441260704027,3564947495
sw,-59.1044425964355,-87.3050689697265,-26.678668250758726,35.125380787300536,3564964162
sw,-58.6030731201171,-87.765510559082,-17.532647262106224,38.49492411935123,3564980829
sw,-58.2907409667968,-88.0660934448242,-4.6581902513510975,41.05911431559719,3564997496
sw,-58.2629356384277,-88.1758728027343,12.50189616754856,42.42447014965908,3565014163
sw,-58.9827423095703,-88.0044326782226,33.20822801274053,42.06881068207582,3565030830
sw,-60.496898651123,-87.5480804443359,55.686655272990116,39.36630014883954,3565047497
sw,-62.0182266235351,-87.0256652832031,77.59077755500071,33.709890489920326,3565064164
sw,-63.3835296630859,-86.6536788940429,96.5193091181019,24.661561558436468,3565080831
sw,-64.9173049926757,-86.4902191162109,110.47489201883964,12.064232387805781,3565097498
sw,-66.9924926757812,-86.6074295043945,118.21437472044157,-3.921419240488613,3565114165
sw,-69.2925491333007,-87.0420989990234,119.48099932905363,-22.855710137033604,3565130832
sw,-71.4591369628906,-87.6824417114257,115.10175549342449,-44.10606934496459,3565147499
sw,-73.5666122436523,-88.1244506835937,106.9074793947288,-66.93902272815765,3565164166
sw,-75.3152770996093,-87.7115859985351,97.43572501991194,-90.5814976196758,3565180833
sw,-76.7239227294921,-86.221565246582,89.42520746462935,-114.23467950332613,3565197500
sw,-77.6990814208984,-84.0120544433593,85.18765442006335,-137.04767557410807,3565214167
sw,-78.5935516357421,-81.4496994018554,86.0115965856477,-158.07541356639302,3565230834
sw,-79.7913055419921,-78.6473693847656,91.77546834041337,-176.25229056260594,3565247501
sw,-81.4931716918945,-75.2992248535156,100.90360824339679,-190.4124038254912,3565264168
sw,-83.2478561401367,-71.581298828125,110.70125016880705,-199.3778524312433,3565280835
sw,-84.6758651733398,-67.8572006225586,117.99684125680862,-202.11581384258227,3565297502
sw,-85.7630310058593,-64.5273056030273,119.94379875031099,-197.93832991585992,3565314169
sw,-85.7743225097656,-61.5909576416015,114.79732015160613,-186.6991811706123,3565330836
sw,-84.2114181518554,-59.076675415039,102.46962929031608,-168.9373432242948,3565347503
sw,-82.2763748168945,-56.7104568481445,84.68160609430956,-145.92164539704896,3565364170
sw,-81.0513076782226,-54.3978385925293,64.60207013740902,-119.55947727466557,3565380837
sw,-81.0028762817382,-52.8735580444335,46.01670326267754,-92.14772290860334,3565397504
sw,-81.6175155639648,-52.2403182983398,32.25715400876949,-65.98083773527875,3565414171
sw,-82.1509170532226,-52.1311531066894,25.254820347822626,-42.89301413293685,3565430838
sw,-82.1383819580078,-52.1619300842285,25.07167521979662,-23.870775948488845,3565447505
sw,-81.3213500976562,-52.1836051940918,30.079208798350912,-8.88162479559842,3565464172
sw,-79.8522033691406,-52.0033950805664,37.68317288770192,3.000326041435109,3565480839
sw,-78.3089370727539,-51.8369750976562,45.26519841351794,13.203918452929674,3565497506
sw,-77.2858352661132,-51.9233474731445,50.94898563121052,23.14273818072999,3565514173
sw,-76.8865661621093,-52.2713203430175,53.92422555576143,33.75273118818457,3565530840
sw,-76.6671142578125,-52.8225326538085,54.29797278490113,45.24008357246455,3565547507
sw,-76.2764739990234,-54.0865898132324,52.657458262247154,57.10599603588623,3565564174
sw,-75.6548309326171,-55.7931404113769,49.61281264743076,68.40592685232802,3565580841
sw,-74.7993011474609,-57.4564132690429,45.52352966646928,78.11415197097152,3565597508
sw,-73.8883819580078,-58.8619270324707,40.46532145466615,85.43927720874524,3565614175
sw,-73.0980682373046,-60.2084579467773,34.359319730823216,89.98647765861793,3565630842
sw,-72.5213012695312,-61.6454582214355,27.12667142794984,91.75612379617729,3565647509
sw,-72.2037277221679,-63.2523460388183,18.756781392423164,91.0455832768083,3565664176
sw,-72.1990127563476,-64.642593383789,9.253407493699793,88.34055449734376,3565680843
sw,-72.4774932861328,-65.9835586547851,-1.4969226948344956,84.250612269921,3565697510
sw,-73.0517654418945,-67.3950653076171,-13.84120394290425,79.4938929369638,3565714177
sw,-73.7270965576171,-68.8955383300781,-28.367950214752824,74.89428692969618,3565730844
sw,-74.3112869262695,-70.1833190917968,-45.760650029095295,71.33365161092823,3565747511
sw,-74.9954528808593,-71.0824737548828,-66.5254617173347,69.61255329136104,3565764178
sw,-76.1063613891601,-71.7028503417968,-90.69113189576294,70.22333523842578,3565780845
sw,-77.8986206054687,-72.5268402099609,-117.6038316388955,73.11153595429286,3565797512
sw,-80.4546585083007,-73.7715606689453,-145.90103915971005,77.54817555213997,3565814179
sw,-83.4838943481445,-75.3855056762695,-173.66760445582517,82.21194677336887,3565830846
sw,-86.4044723510742,-76.9942932128906,-198.70507596244346,85.49102208464043,3565847513
sw,-87.5994720458984,-78.3519973754882,-218.82688955801308,85.9143978439398,3565864180
sw,-85.1923370361328,-79.6714706420898,-232.12896718473445,82.57089173470298,3565880847
sw,-81.5679473876953,-81.240119934082,-237.2339389393027,75.38442382504722,3565897514
sw,-76.8486709594726,-82.7192153930664,-233.51594094255168,65.16141131525612,3565914181
sw,-73.0743637084961,-83.7640762329101,-221.27207659246585,53.386825790337014,3565930848
sw,-69.6965103149414,-84.198974609375,-201.7623747406748,41.818870232249786,3565947515
sw,-66.4251022338867,-84.3004074096679,-177.0484699797666,32.011070622016575,3565964182
sw,-64.2297439575195,-84.4975814819336,-149.62907179863197,24.934454626824035,3565980849
sw,-62.7687339782714,-84.941780090332,-121.95526068822345,20.836295846426527,3565997516
sw,-61.4484405517578,-85.5626220703125,-95.964759742088,19.3604045333118,3566014183
sw,-60.26318359375,-86.2268600463867,-72.77515512538456,19.83172846979105,3566030850
sw,-59.2113533020019,-86.8845443725586,-52.61689426380299,21.54925538910937,3566047517
sw,-58.425048828125,-87.4194946289062,-34.994594430268464,23.96221289898697,3566064184
sw,-57.9945907592773,-87.8021545410156,-18.989770586488532,26.691832766198917,3566080851
sw,-57.9527206420898,-88.1016311645507,-3.5951419653311354,29.445142726166488,3566097518
sw,-58.2617454528808,-88.3532485961914,12.002912825066659,31.90551297010402,3566114185
sw,-58.7799797058105,-88.4931182861328,28.2314277482346,33.66979584083803,3566130852
sw,-59.5041389465332,-88.3231048583984,45.03031384055545,34.25562665005117,3566147519
sw,-60.6108207702636,-87.9596252441406,61.83560254127203,33.1572006596454,3566164186
sw,-61.7843360900878,-87.638687133789,77.64270289486772,29.90838757337381,3566180853
sw,-63.191593170166,-87.5021362304687,91.1525759166477,24.123734865843367,3566197520
sw,-64.7278976440429,-87.4985275268554,101.00173367237592,15.516311634457306,3566214187
sw,-66.502326965332,-87.5406723022461,106.06127720467991,3.9138592783649475,3566230854
sw,-68.5856628417968,-87.6434936523437,105.75972967282291,-10.70407580422256,3566247521
sw,-70.6640319824218,-87.8800277709961,100.34667443211566,-28.145028955196388,3566264188
sw,-72.8792495727539,-88.217544555664,90.98982153142029,-47.94198609980865,3566280855
sw,-74.4440231323242,-88.3751449584961,79.61494042825407,-69.33007709886058,3566297522
sw,-75.2705001831054,-87.5682067871093,68.47342857375182,-91.29347899672331,3566314189
sw,-75.3543243408203,-85.7923889160156,59.54141562608693,-112.68584208188183,3566330856
sw,-75.5118637084961,-83.5199584960937,53.96134169555998,-132.39059694269332,3566347523
sw,-76.1505050659179,-81.0594787597656,51.75859576847154,-149.46338976631338,3566364190
sw,-77.3780059814453,-78.1888809204101,51.96557236762771,-163.20437663714532,3566380857
sw,-78.9921417236328,-74.9940643310546,53.104265688442204,-173.14155521999487,3566397524
sw,-80.3575744628906,-71.7805862426757,53.81604655438553,-178.94877805888768,3566414191
sw,-81.1995773315429,-68.74560546875,53.37473802983489,-180.35383215138225,3566430858
sw,-81.5996627807617,-66.0353164672851,51.89800207411545,-177.10209279164127,3566447525
sw,-81.8974685668945,-63.2401428222656,50.224476287755756,-169.02226330698406,3566464192
sw,-82.2959747314453,-60.4066085815429,49.55794425727408,-156.18917388029448,3566480859
sw,-82.7172927856445,-57.7426528930664,51.03399265485691,-139.1114956340539,3566497526
sw,-83.1735534667968,-55.8742485046386,55.34314651497876,-118.83192718251733,3566514193
sw,-83.725112915039,-54.6653823852539,62.493542737091055,-96.85197601228279,3566530860
sw,-84.3176651000976,-53.6831703186035,71.75282469661855,-74.87594012271626,3566547527
sw,-84.717170715332,-52.9997367858886,81.77568781409444,-54.456096165159266,3566564194
sw,-84.6022491455078,-52.5513572692871,90.88704538854819,-36.661325897565284,3566580861
sw,-83.9062271118164,-52.3146171569824,97.45160735933688,-21.874794104156834,3566597528
sw,-82.8545227050781,-52.1792564392089,100.23694298926242,-9.777382122671172,3566614195
sw,-81.6078948974609,-52.0639038085937,98.68322329319254,0.48286385544789134,3566630862
sw,-80.2008209228515,-52.0655632019043,93.02273369381061,9.987167446880752,3566647529
sw,-78.8981018066406,-52.2516822814941,84.2276516995866,19.698945393320756,3566664196
sw,-77.837043762207,-52.5801467895507,73.79537648516725,30.17668689150773,3566680863
sw,-76.9874649047851,-53.172752380371,63.4104698737505,41.429484352517164,3566697530
sw,-76.3368835449218,-54.2253456115722,54.55431560857862,52.948361389976284,3566714197
sw,-75.8374481201171,-55.5220108032226,48.15828319552389,63.885173483372185,3566730864
sw,-75.3105239868164,-56.8306083679199,44.39572964136391,73.30185524177669,3566747531
sw,-74.5745010375976,-58.1541366577148,42.67191285688668,80.3988693885757,3566764198
sw,-73.6528930664062,-59.5586509704589,41.80630991757511,84.65906029391269,3566780865
sw,-72.7309875488281,-61.0269813537597,40.33511545292782,85.89289161723782,3566797532
sw,-72.0372772216796,-62.5663146972656,36.825892345585764,84.21277670322476,3566814199
sw,-71.5898818969726,-63.7348098754882,30.110405993127127,79.97973998639397,3566830866
sw,-71.3938217163086,-64.8151245117187,19.395396074122587,73.75780473732385,3566847533
sw,-71.4866104125976,-65.7936782836914,4.271554214556069,66.29184953774288,3566864200
sw,-71.8225402832031,-67.0415878295898,-15.323851438418812,58.50007085134692,3566880867
sw,-72.3709564208984,-68.1497497558593,-39.13768343532566,51.44781650338759,3566897534
sw,-73.3308486938476,-68.8544464111328,-66.60213983507515,46.25953082335387,3566914201
sw,-74.7748260498046,-69.314826965332,-96.81926660061453,43.947160531580906,3566930868
sw,-76.7943572998046,-69.8510589599609,-128.56082948320002,45.18364281454684,3566947535
sw,-79.4350280761718,-70.7776489257812,-160.30909121796057,50.095757760154996,3566964202
sw,-82.5493850708007,-72.1054763793945,-190.34043598211161,58.15423832807084,3566980869
sw,-85.5104446411132,-73.3223800659179,-216.83378376775283,68.1981295422604,3566997536
sw,-86.8990325927734,-74.4085159301757,-237.98692813488623,78.58254063728988,3567014203
sw,-84.6794052124023,-75.6157989501953,-252.14500398693292,87.42129224064129,3567030870
sw,-80.9123458862304,-77.050048828125,-257.9631881074671,92.90428671621811,3567047537
sw,-76.1445159912109,-78.7373962402343,-254.6146677128085,93.66618901788021,3567064204
sw,-72.3101730346679,-80.733039855957,-242.01446198836854,89.14475180797048,3567080871
sw,-68.8736190795898,-82.801155090332,-220.99011676461365,79.8154638247914,3567097538
sw,-65.0564880371093,-84.3696746826171,-193.32081718759468,67.17566074726273,3567114205
sw,-61.8318176269531,-85.0178756713867,-161.58557239349764,53.41524262202515,3567130872
sw,-59.7355499267578,-85.0032730102539,-128.79628630152092,40.84238183006338,3567147539
sw,-58.6026496887207,-84.9194030761718,-97.85067314311648,31.26257507576655,3567164206
sw,-58.1505508422851,-85.1184997558593,-70.92636203898022,25.550420032488578,3567180873
sw,-57.8213081359863,-85.6441421508789,-49.007961718285735,23.56778270006121,3567197540
sw,-57.2799530029296,-86.3939132690429,-31.729662944834086,24.418272370127394,3567214207
sw,-56.683048248291,-87.2983245849609,-17.61035298132817,26.884352979850046,3567230874
sw,-56.2541236877441,-88.1592102050781,-4.608009570090217,29.843345041233462,3567247541
sw,-56.1458206176757,-88.7478942871093,9.195592292968549,32.50830717017106,3567264208
sw,-56.2736167907714,-89.0395812988281,24.999529282420223,34.44312383661783,3567280875
sw,-57.0071334838867,-89.0887222290039,42.94449120784896,35.401020053025015,3567297542
sw,-58.3786506652832,-88.8944778442382,62.09674756518401,35.094859648292726,3567314209
sw,-59.7850494384765,-88.5317993164062,80.72033170648409,33.01562225128903,3567330876
sw,-61.4546356201171,-88.1764068603515,96.73349653972285,28.38248280709768,3567347543
sw,-63.1020355224609,-87.841064453125,108.22526695802665,20.2536595046445,3567364210
sw,-65.0368576049804,-87.5654678344726,113.92334161434745,7.770020103098386,3567380877
sw,-67.4625625610351,-87.4885330200195,113.5252629796049,-9.544321498482716,3567397544
sw,-70.0081329345703,-87.7074813842773,107.81462401546396,-31.527620218108503,3567414211
sw,-71.7964172363281,-88.220947265625,98.5021811721766,-57.269822064644615,3567430878
sw,-72.7781829833984,-88.2892532348632,87.79379952380916,-85.19758548153573,3567447545
sw,-73.1749420166015,-86.5997543334961,77.79653126418532,-113.33342527625673,3567464212
sw,-73.7195205688476,-84.1304473876953,69.97350188118911,-139.6377418190952,3567480879
sw,-74.7904663085937,-81.4527969360351,64.86657036019443,-162.31436757564953,3567497546
sw,-76.198974609375,-78.4459762573242,62.193078368018185,-179.99143243501325,3567514213
sw,-77.7798843383789,-75.1440658569336,61.246101745822266,-191.76047989118783,3567530880
sw,-79.2101135253906,-71.7232055664062,61.38908133047287,-197.12364316751695,3567547547
sw,-80.3015823364257,-68.5613327026367,62.40928217411953,-195.92611232902487,3567564214
sw,-81.0913314819336,-65.3526763916015,64.58185205311364,-188.33331908354887,3567580881
sw,-81.8114700317382,-62.4267883300781,68.43906257625748,-174.86540938249897,3567597548
sw,-82.5575103759765,-59.7150726318359,74.36381374361196,-156.4498893914607,3567614215
sw,-83.2428665161132,-57.3786354064941,82.18554679428821,-134.42303262832402,3567630882
sw,-83.8626251220703,-55.6962547302246,90.94610336459021,-110.42097682958253,3567647549
sw,-84.4767532348632,-54.4778099060058,98.94539628769556,-86.15072797425859,3567664216
sw,-84.9870300292968,-53.7045707702636,104.09323818131242,-63.09423494431303,3567680883
sw,-84.8809051513671,-53.297508239746,104.49462700546323,-42.24169589477061,3567697550
sw,-83.6383514404296,-53.0658683776855,99.09634041800304,-23.95144187137666,3567714217
sw,-81.9061660766601,-52.9280433654785,88.15944241032678,-7.99212512609313,3567730884
sw,-80.6807174682617,-52.7783546447753,73.34420096465139,6.245175531197639,3567747551
sw,-80.146987915039,-52.8298377990722,57.323889735126926,19.44516892569231,3567764218
sw,-80.2665100097656,-53.1642875671386,43.040344181125526,32.09419495918861,3567780885
sw,-80.5093460083007,-54.0094604492187,32.87683807696523,44.335091188524416,3567797552
sw,-80.3467330932617,-55.4441986083984,28.056602190728203,55.985579506362136,3567814219
sw,-79.6230163574218,-56.8961906433105,28.456290324137928,66.67017025795701,3567830886
sw,-78.5429382324218,-58.1427917480468,32.823416020219796,75.96440563098365,3567847553
sw,-77.5597381591796,-59.3173103332519,39.22035222876073,83.46690792941568,3567864220
sw,-76.8387374877929,-60.6048774719238,45.4694735152825,88.7866177563254,3567880887
sw,-76.220344543457,-62.020092010498,49.44951846448558,91.50639999743109,3567897554
sw,-75.757698059082,-63.5026741027832,49.22614602325858,91.20879481597461,3567914221
sw,-75.2743377685546,-64.9274215698242,43.10496680518454,87.61340649336361,3567930888
sw,-74.8958892822265,-66.3414916992187,29.72171861830619,80.80441957890201,3567947555
sw,-74.5935897827148,-67.8445053100586,8.232898331378452,71.45921439614824,3567964222
sw,-74.5552673339843,-69.4020690917968,-21.419180330580964,60.95541495671022,3567980889
sw,-75.0661468505859,-70.1781005859375,-58.268156596124804,51.251739312713326,3567997556
sw,-76.4878921508789,-70.6465759277343,-100.23429268632165,44.51113305618301,3568014223
sw,-78.8110427856445,-70.8132400512695,-144.26152756552912,42.54313325684006,3568030890
sw,-81.5975112915039,-71.1987380981445,-186.67293570462283,46.239638221061455,3568047557
sw,-84.168098449707,-72.0277557373046,-223.65852425970314,55.21033460933144,3568064224
sw,-85.1148910522461,-73.5529251098632,-251.78109286318997,67.76508736228239,3568080891
sw,-83.4877166748046,-75.3654708862304,-268.41390889759657,81.26541496580793,3568097558
sw,-79.6585617065429,-76.9492416381836,-272.0722152168024,92.73992880774672,3568114225
sw,-74.5991973876953,-78.5517425537109,-262.62241581301,99.58875762379573,3568130892
sw,-71.1108093261718,-80.7729110717773,-241.3405006189672,100.20020405459621,3568147559
sw,-68.1402587890625,-83.1069869995117,-210.78576472404495,94.33536264473271,3568164226
sw,-64.8071517944336,-84.9715728759765,-174.48717601063854,83.17745756989902,3568180893
sw,-61.835765838623,-85.8621292114257,-136.47892411851967,69.00741050786972,3568197560
sw,-60.056541442871,-85.8335037231445,-100.7315331191277,54.576308118195605,3568214227
sw,-59.4058647155761,-85.5764083862304,-70.52925833082604,42.36915758137016,3568230894
sw,-59.3546028137207,-85.7040023803711,-47.88762722785278,34.015053165189286,3568247561
sw,-59.1970100402832,-86.3165054321289,-33.16482529967589,30.038368154319148,3568264228
sw,-58.7709846496582,-87.1264953613281,-25.021943936179277,29.98605642474447,3568280895
sw,-58.2183074951171,-87.8818817138671,-20.79403239653157,32.80168654556873,3568297562
sw,-57.6052627563476,-88.3376388549804,-17.191162324305626,37.240858712177904,3568314229
sw,-57.112735748291,-88.3743057250976,-11.134934831018462,42.16019539181121,3568330896
sw,-56.7923622131347,-88.1216430664062,-0.5000394877778478,46.61601807331419,3568347563
sw,-56.7996444702148,-87.7172393798828,15.426737955345244,49.80985992431867,3568364230
sw,-57.5858192443847,-87.1706314086914,35.863596236496114,50.97274649338603,3568380897
sw,-59.0155410766601,-86.4862060546875,58.80891678081251,49.28252356233493,3568397564
sw,-60.5108680725097,-85.7473907470703,81.56323671237246,43.874229421655336,3568414231
sw,-62.1020889282226,-85.0989151000976,101.34478170872248,33.954223223870635,3568430898
sw,-63.5287361145019,-84.7021026611328,115.8656201990133,18.984507622772952,3568447565
sw,-65.6629943847656,-84.7328872680664,123.78756758329598,-1.1214382243583008,3568464232
sw,-68.4735717773437,-85.1417541503906,125.00931922048862,-25.852361770983727,3568480899
sw,-71.2472076416015,-85.8293228149414,120.72857424582078,-54.05039922691953,3568497566
sw,-73.1953659057617,-86.9103546142578,113.21420381924416,-83.98891548017747,3568514233
sw,-74.5922393798828,-88.4272918701171,105.27299173210267,-113.58354361572746,3568530900
sw,-75.6639022827148,-88.1571884155273,99.50966892945974,-140.70986111590392,3568547567
sw,-76.8685607910156,-85.4019012451171,97.59130298908525,-163.55853557789777,3568564234
sw,-78.346565246582,-82.2138214111328,99.75739408913422,-180.92625208935846,3568580901
sw,-80.1449584960937,-78.842414855957,104.74156610751176,-192.34518560046143,3568597568
sw,-82.1442718505859,-75.407844543457,110.13252268165547,-198.00476976809426,3568614235
sw,-84.0569076538086,-72.1202621459961,113.06799449565237,-198.49898115761272,3568630902
sw,-85.8254241943359,-69.2536697387695,111.07093150106546,-194.5063811675945,3568647569
sw,-87.4355545043945,-66.4286041259765,102.80876896877017,-186.54457912766824,3568664236
sw,-87.2101364135742,-63.2282218933105,88.56854011053937,-174.91064416868457,3568680903
sw,-85.9232101440429,-60.2139587402343,70.2886273585298,-159.8242069746183,3568697570
sw,-85.4688415527343,-57.4216690063476,51.09194988007962,-141.67383613250328,3568714237
sw,-85.3501281738281,-55.3087463378906,34.43018568469103,-121.20218977103325,3568730904
sw,-85.5749969482421,-53.9452018737793,23.114087960926827,-99.49868949139325,3568747571
sw,-85.7091064453125,-53.1592140197753,18.570444789402504,-77.78076291085162,3568764238
sw,-85.5637664794921,-52.5801277160644,20.579163690104938,-57.06542767185189,3568780905
sw,-84.8909378051757,-52.1673889160156,27.546217402887685,-37.892083360437724,3568797572
sw,-83.7860260009765,-51.7257347106933,37.15912916992407,-20.228362301645458,3568814239
sw,-82.6628646850586,-51.4441757202148,47.144955636491844,-3.5991270732921348,3568830906
sw,-81.7018508911132,-51.345775604248,55.851749545472984,12.622501343651816,3568847573
sw,-80.8729476928711,-51.5843467712402,62.485345732583184,28.885884083050545,3568864240
sw,-80.0359497070312,-52.2042388916015,66.98817301782019,45.22153186941738,3568880907
sw,-79.1299819946289,-53.467185974121,69.67253369990185,61.16323721155775,3568897574
sw,-78.1774139404296,-55.0820426940918,70.77682063668651,75.83424259599552,3568914241
sw,-77.2520217895507,-56.5114669799804,70.10279842670099,88.13710367489587,3568930908
sw,-76.3751373291015,-57.8010559082031,66.84332628655721,96.97126431390272,3568947575
sw,-75.554702758789,-59.2636337280273,59.64847403565265,101.43321964557225,3568964242
sw,-74.7048416137695,-60.9545707702636,46.91560801600083,100.99594042810372,3568980909
sw,-73.9378814697265,-62.5944480895996,27.229888576034607,95.67511661425658,3568997576
sw,-73.5989761352539,-64.1203155517578,-0.16509647339396055,86.16254350349747,3569014243
sw,-73.9358825683593,-65.6456756591796,-35.003286090836696,73.87139035744858,3569030910
sw,-75.1587753295898,-66.8600769042968,-75.84671774981035,60.82770471730467,3569047577
sw,-77.2116928100586,-67.6380386352539,-120.1898538298695,49.37143905251064,3569064244
sw,-80.037612915039,-67.882095336914,-164.7759053031922,41.694078304324236,3569080911
sw,-83.1595458984375,-68.0082626342773,-206.02673450438826,39.3178617187421,3569097578
sw,-85.9371185302734,-68.5000534057617,-240.47910460198915,42.675814944296086,3569114245
sw,-85.6917037963867,-69.462532043457,-265.1582296178376,50.94310823121856,3569130912
sw,-82.9343338012695,-70.8284301757812,-277.8790478704472,62.19048605645445,3569147579
sw,-78.7163772583007,-72.2072372436523,-277.5035517695878,73.81888036413973,3569164246
sw,-72.8936614990234,-73.3993988037109,-264.16117270807837,83.15072385562867,3569180913
sw,-68.7121047973632,-74.918472290039,-239.36861412033397,88.02942922944095,3569197580
sw,-66.0051116943359,-76.8727569580078,-205.94133158215763,87.29680707950735,3569214247
sw,-63.5140190124511,-78.7973709106445,-167.64151109794557,81.04458790771585,3569230914
sw,-61.1285552978515,-80.1121292114257,-128.62416274470306,70.56595482929028,3569247581
sw,-59.3408126831054,-80.6471176147461,-92.81733807224725,57.99340238883322,3569264248
sw,-58.4149284362793,-80.5707321166992,-63.35831432378251,45.711573104764035,3569280915
sw,-57.9572982788085,-80.4549942016601,-42.15968595583444,35.7352377938565,3569297582
sw,-57.8505973815918,-80.7253875732421,-29.657536456991597,29.270971672039135,3569314249
sw,-57.5533599853515,-81.3661651611328,-24.79110076301437,26.600338755918138,3569330916
sw,-56.9405937194824,-82.1413803100586,-25.239512652884148,27.272244763874475,3569347583
sw,-56.3274917602539,-82.9070129394531,-27.884714016868408,30.460376240779922,3569364250
sw,-55.8039512634277,-83.5128479003906,-29.408685956550933,35.297489217113956,3569380917
sw,-55.3271903991699,-84.0327758789062,-26.90345430378587,41.04957353098353,3569397584
sw,-55.0146942138671,-84.6244735717773,-18.383451457928498,47.09587929599817,3569414251
sw,-54.8838882446289,-85.3154220581054,-3.123591889441284,52.77740977010835,3569430918
sw,-55.1255645751953,-86.0231552124023,18.218897180498303,57.22569207899303,3569447585
sw,-55.8493995666503,-86.5654983520507,43.71224195802829,59.27551404335895,3569464252
sw,-56.9940071105957,-86.8087387084961,70.47435442135742,57.51821082720206,3569480919
sw,-58.5147972106933,-86.8207244873046,95.173378713278,50.49602971275874,3569497586
sw,-60.3427124023437,-86.7597961425781,114.63906917171164,36.99544051831876,3569514253
sw,-62.3479804992675,-86.768440246582,126.4974141960122,16.37360710204798,3569530920
sw,-64.8211212158203,-86.9345245361328,129.71933348730306,-11.158219010821098,3569547587
sw,-67.9112548828125,-87.3051376342773,124.95342345051758,-44.372883110036184,3569564254
sw,-70.5123977661132,-87.8088455200195,114.5101199664822,-81.05568997145147,3569580921
sw,-71.8814849853515,-87.3403091430664,101.91650910894192,-118.25844893637225,3569597588
sw,-72.6421508789062,-84.9160842895507,91.08817476917318,-152.75257419042862,3569614255
sw,-73.339729309082,-81.6106796264648,85.32470712450085,-181.57907689100213,3569630922
sw,-74.6698989868164,-78.1768493652343,86.43189369548546,-202.54391235718768,3569647589
sw,-76.3625259399414,-74.7285385131836,94.2364909970536,-214.5209513019721,3569664256
sw,-78.3351745605468,-71.0552062988281,106.61426758184514,-217.49957538929698,3569680923
sw,-80.1998977661132,-67.3827667236328,119.99289006696333,-212.4047602900173,3569697590
sw,-81.7581253051757,-63.8355903625488,130.19437675274057,-200.77683843712953,3569714257
sw,-83.5126342773437,-61.0474395751953,133.45005504383892,-184.41277138334948,3569730924
sw,-85.5023803710937,-58.7193336486816,127.40241266298699,-165.0572373819614,3569747591
sw,-85.8815383911132,-56.5518722534179,111.86452884943498,-144.20531051850068,3569764258
sw,-84.2711486816406,-54.3131561279296,89.07261506748235,-123.03859556701076,3569780925
sw,-83.677619934082,-52.44091796875,63.234350522022886,-102.46415041226281,3569797592
sw,-84.1089096069336,-50.8502960205078,39.40253320715833,-83.18127708091446,3569814259
sw,-84.9953918457031,-49.7833023071289,22.01291604160634,-65.69627898826151,3569830926
sw,-85.3894348144531,-49.3474769592285,13.626431626568003,-50.250881092442846,3569847593
sw,-85.3095703125,-49.2314491271972,14.355081170810926,-36.70306152704252,3569864260
sw,-84.7438735961914,-49.0455169677734,22.145313584573184,-24.454437436940232,3569880927
sw,-83.4773712158203,-48.7484741210937,33.71939408298674,-12.516646958461315,3569897594
sw,-82.0586395263671,-48.4627532958984,45.733031607718665,0.2551943656734922,3569914261
sw,-80.9823455810546,-48.3861961364746,55.693327179015874,14.823752588988466,3569930928
sw,-80.3025588989257,-48.7124404907226,62.36247384917514,31.647005373576675,3569947595
sw,-79.7455291748046,-49.6292533874511,65.63365495074746,50.48830999866763,3569964262
sw,-79.013931274414,-51.1902999877929,66.07369035768654,70.41183042933126,3569980929
sw,-78.0107040405273,-52.9062843322753,64.39751422218083,89.93624975878954,3569997596
sw,-76.9461364746093,-54.4160575866699,61.07476442676053,107.27361133960348,3570014263
sw,-76.0165176391601,-55.9799118041992,56.14275058205398,120.59215773244314,3570030930
sw,-75.3143234252929,-57.994571685791,49.198734464161824,128.28841925967353,3570047597
sw,-74.8072204589843,-60.2381286621093,39.50875655644344,129.2809549111293,3570064264
sw,-74.454360961914,-62.4285926818847,26.184199076692963,123.31407195322569,3570080931
sw,-74.2626495361328,-64.4576721191406,8.399333678610054,111.20414963964562,3570097598
sw,-74.345718383789,-66.6804962158203,-14.37430322883644,94.92060692856396,3570114265
sw,-74.8573837280273,-68.104248046875,-42.15527640600972,77.40105280804362,3570130932
sw,-75.9513854980468,-68.9212417602539,-74.31032489053801,62.06324478353783,3570147599
sw,-77.8438491821289,-69.3156661987304,-109.5209267463059,52.08166331414963,3570164266
sw,-80.2772521972656,-69.5797882080078,-145.86420385752191,49.60580836079287,3570180933
sw,-82.8169555664062,-70.1727066040039,-180.9803968953862,55.155648534687195,3570197600
sw,-85.1552810668945,-71.3000717163086,-212.28654359842503,67.39802947246667,3570214267
sw,-85.8131484985351,-72.9464569091796,-237.2113392272957,83.39380957151756,3570230934
sw,-83.8350296020507,-74.7889709472656,-253.4533968189168,99.26016522320771,3570247601
sw,-80.428352355957,-76.629035949707,-259.2765819809214,111.07716023412097,3570264268
sw,-75.2807464599609,-78.5526351928711,-253.83151293360453,115.81538585034822,3570280935
sw,-71.2721405029296,-81.1416854858398,-237.43854143088822,112.06414674808416,3570297602
sw,-68.3148956298828,-84.1457290649414,-211.7266238089608,100.37325422265297,3570314269
sw,-64.8712081909179,-86.1621170043945,-179.53738798268776,83.08573319248511,3570330936
sw,-61.749584197998,-86.3462371826171,-144.5652212086149,63.66165505878686,3570347603
sw,-59.8764724731445,-85.3262634277343,-110.76751998604158,45.67748764792769,3570364270
sw,-59.1679420471191,-84.6112594604492,-81.63384031284191,31.851546186033804,3570380937
sw,-59.120677947998,-84.9287414550781,-59.46803255867988,23.465244642099062,3570397604
sw,-58.7016868591308,-86.0271453857421,-44.88997608263432,20.364339975083144,3570414271
sw,-57.8294639587402,-87.1832504272461,-36.73705303427609,21.43233379512891,3570430938
sw,-57.0346946716308,-88.0476608276367,-32.41857300755425,25.220029270967814,3570447605
sw,-56.2192726135253,-88.4858703613281,-28.61419970520915,30.414935668516517,3570464272
sw,-55.6841049194335,-88.6932907104492,-22.102440406115715,36.00530853019055,3570480939
sw,-55.4211959838867,-88.7965011596679,-10.498328067350617,41.193325747140506,3570497606
sw,-55.6322479248046,-88.7075958251953,7.254048781493065,45.219439456423736,3570514273
sw,-56.2007942199707,-88.1845779418945,30.6986741242241,47.25016098723837,3570530940
sw,-57.2083358764648,-87.3906021118164,57.98458870641508,46.40233335846394,3570547607
sw,-58.4612960815429,-86.5763473510742,86.23007768525947,41.889257541087105,3570564274
sw,-60.304573059082,-85.8877258300781,112.06507288645824,33.216277328452215,3570580941
sw,-62.4161949157714,-85.4125137329101,132.2756616975589,20.33738966057501,3570597608
sw,-64.8317489624023,-85.2717971801757,144.4609253417594,3.704044544845095,3570614275
sw,-67.7180709838867,-85.5791549682617,147.58918119193297,-15.82076547939741,3570630942
sw,-70.8551559448242,-86.3801498413086,142.32005412721008,-37.15956077888063,3570647609
sw,-73.6050186157226,-87.5413055419921,130.96491286434477,-59.26082567076879,3570664276
sw,-75.4303665161132,-88.6105499267578,117.01975621307989,-81.29440018884797,3570680943
sw,-76.5422286987304,-88.2411956787109,104.33014502433252,-102.72927769026909,3570697610
sw,-77.2002258300781,-86.7523727416992,96.09696521449779,-123.2711141869097,3570714277
sw,-78.3485641479492,-84.7180252075195,94.02431443822954,-142.69747150898715,3570730944
sw,-79.9605407714843,-82.2919998168945,97.8825242950995,-160.6691330737914,3570747611
sw,-81.8525238037109,-79.3589630126953,105.61687016870506,-176.59760884797936,3570764278
sw,-83.6846008300781,-75.9072189331054,113.95078786216797,-189.6178393375146,3570780945
sw,-85.2421035766601,-72.2705612182617,119.29623774383828,-198.67242050881723,3570797612
sw,-86.513557434082,-68.7859268188476,118.72905941678836,-202.68129061546142,3570814279
sw,-86.4955215454101,-65.4649658203125,110.79345839519706,-200.75877728710356,3570830946
sw,-84.5775527954101,-62.1577606201171,95.93422951517537,-192.439489687991,3570847613
sw,-83.1343612670898,-59.049819946289,76.41798278522887,-177.86775155624085,3570864280
sw,-82.2107696533203,-56.2707138061523,55.72400033957813,-157.88987690315386,3570880947
sw,-82.2575988769531,-54.0722503662109,37.56063075743463,-133.98812055763582,3570897614
sw,-82.7121200561523,-52.6517868041992,24.823535650053724,-108.03408111983073,3570914281
sw,-83.0325851440429,-51.6870803833007,18.858007375639072,-81.91106477488914,3570930948
sw,-82.8125915527343,-51.0549354553222,19.273768470570705,-57.120323397023796,3570947615
sw,-81.8735809326171,-50.5937156677246,24.334256474691053,-34.50383350178052,3570964282
sw,-80.599494934082,-50.3142433166503,31.713512814706775,-14.17453761281275,3570980949
sw,-79.4929275512695,-50.2543449401855,39.29223086076999,4.332742687318259,3570997616
sw,-78.7240447998046,-50.4871940612793,45.698625699515105,21.751785021459437,3571014283
sw,-78.1992950439453,-50.9666175842285,50.452315625615164,38.72336377766325,3571030950
sw,-77.6650009155273,-51.6771011352539,53.74797800941893,55.493842687842154,3571047617
sw,-76.9647521972656,-52.6500587463378,56.0345277736712,71.76017637750896,3571064284
sw,-76.2158813476562,-54.24995803833,57.57289330148217,86.69990331475256,3571080951
sw,-75.5183715820312,-56.2753067016601,58.1147419913652,99.16553016565153,3571097618
sw,-74.7923965454101,-58.1984977722168,56.780406929178454,107.96995904457495,3571114285
sw,-74.0014724731445,-59.7808151245117,52.1557928161971,112.17064662942109,3571130952
sw,-73.2626113891601,-61.4392395019531,42.57941448341506,111.2885313100716,3571147619
sw,-72.6476135253906,-63.1568756103515,26.548157395234856,105.44854411699278,3571164286
sw,-72.3300704956054,-64.8741226196289,3.1385605397211203,95.45494582506477,3571180953
sw,-72.5519332885742,-66.5010375976562,-27.66800101653325,82.79621954546639,3571197620
sw,-73.5512542724609,-67.8587875366211,-64.84338766305193,69.53794238673655,3571214287
sw,-75.3662109375,-68.6819534301757,-106.38642281018409,58.05430040522487,3571230954
sw,-77.9906158447265,-69.349609375,-149.57721657853506,50.59328566985895,3571247621
sw,-81.2064132690429,-69.7566299438476,-191.32448595929563,48.75104000429998,3571264288
sw,-84.3348999023437,-70.3856811523437,-228.50607984012169,53.003252076067454,3571280955
sw,-86.0753936767578,-71.3911590576171,-258.239690873039,62.4601647597949,3571297622
sw,-84.6260070800781,-72.8298950195312,-278.0879329672774,74.95699824444343,3571314289
sw,-81.1821823120117,-74.484504699707,-286.255751095153,87.48593416510549,3571330956
sw,-76.1857528686523,-75.8766098022461,-281.83208119973676,96.87089260538363,3571347623
sw,-70.5443725585937,-77.3813323974609,-265.05251453467423,100.5237369618847,3571364290
sw,-67.0151443481445,-79.6652069091796,-237.46973370159327,97.10225962159824,3571380957
sw,-64.0521774291992,-82.274299621582,-201.89867547496956,86.89494108633555,3571397624
sw,-61.1084480285644,-83.9271392822265,-162.0822407142871,71.7871899172616,3571414291
sw,-58.9147338867187,-84.2383651733398,-122.13451181193719,54.756531307930935,3571430958
sw,-57.5851135253906,-83.6394958496093,-85.88127777239545,39.015162894523186,3571447625
sw,-57.0946578979492,-83.0052108764648,-56.22693496912183,27.095983549171894,3571464292
sw,-56.9497680664062,-83.0507659912109,-34.67247916167094,20.23536577795822,3571480959
sw,-56.7566375732421,-83.7758407592773,-21.097779939502473,18.27457499530865,3571497626
sw,-56.3793563842773,-84.7341842651367,-13.875892983847748,20.04957176537003,3571514293
sw,-56.0934944152832,-85.6239547729492,-10.303159837003104,24.021930712196138,3571530960
sw,-55.8621559143066,-86.2407913208007,-7.241260246901364,28.842462703456576,3571547627
sw,-55.6949653625488,-86.5469131469726,-1.8171764305319456,33.63849461077056,3571564294
sw,-55.7154502868652,-86.7911834716796,7.972801565500391,37.98728992575917,3571580961
sw,-55.9846458435058,-87.0993728637695,22.872718173826012,41.681100373430255,3571597628
sw,-56.608299255371,-87.3960876464843,42.25542669871449,44.448699743462214,3571614295
sw,-57.77730178833,-87.4527053833007,64.29805739143147,45.77288701729819,3571630962
sw,-59.265209197998,-87.1847839355468,86.3980262057611,44.86830834551691,3571647629
sw,-61.0232620239257,-86.783935546875,105.73898889240252,40.80568850423293,3571664296
sw,-63.2142944335937,-86.4711380004882,119.89047222146576,32.721333577486746,3571680963
sw,-65.5740509033203,-86.37939453125,127.32025772679522,20.04176041337873,3571697630
sw,-67.9288101196289,-86.4544219970703,127.71277820400782,2.667340601144341,3571714297
sw,-70.429084777832,-86.6768112182617,122.01987287103297,-18.923474597084166,3571730964
sw,-72.1286697387695,-87.1514663696289,112.22554530392355,-43.67457188746752,3571747631
sw,-73.3140716552734,-87.9140014648437,100.88101301537283,-70.06828042418242,3571764298
sw,-74.3354339599609,-88.0958709716796,90.53930040270703,-96.34396679084665,3571780965
sw,-75.7297439575195,-86.5844268798828,83.25072522811892,-120.7726754564602,3571797632
sw,-77.4933319091796,-84.2764587402343,80.24139714137212,-141.91540971490454,3571814299
sw,-79.2425994873046,-81.6804428100586,81.8025243523579,-158.7937444886841,3571830966
sw,-80.7991409301757,-78.771614074707,87.33226585697624,-170.93367574356188,3571847633
sw,-82.0718917846679,-75.6051788330078,95.4529248444309,-178.28980009281227,3571864300
sw,-83.1652221679687,-72.4959869384765,104.17663327563042,-181.09406861944066,3571880967
sw,-84.3134231567382,-69.5656051635742,111.15798206191711,-179.69046481300703,3571897634
sw,-85.5671234130859,-66.661018371582,114.0876206872593,-174.41496904361836,3571914301
sw,-86.5386962890625,-64.1186218261718,111.21936458478123,-165.56094197293012,3571930968
sw,-86.0267486572265,-61.7635231018066,101.91339756006991,-153.43548875492937,3571947635
sw,-84.4902801513671,-59.2741928100585,86.9898965831066,-138.47164294414316,3571964302
sw,-83.3032073974609,-57.0296287536621,68.69276116769362,-121.32982729174334,3571980969
sw,-82.7828063964843,-55.2518043518066,50.187535365659116,-102.91553349629369,3571997636
sw,-82.9870910644531,-54.0906372070312,34.714093741921964,-84.2692010210894,3572014303
sw,-83.2723541259765,-53.3038444519043,24.683780059225178,-66.34443766442847,3572030970
sw,-83.2213516235351,-52.7950553894043,21.05687178939503,-49.75442488973978,3572047637
sw,-82.7694473266601,-52.4035835266113,23.225672625916438,-34.59666732662152,3572064304
sw,-81.8612899780273,-52.0402450561523,29.413228828747513,-20.44379847154338,3572080971
sw,-80.6770858764648,-51.6836585998535,37.38716347477867,-6.522907808712974,3572097638
sw,-79.5726623535156,-51.4868850708007,45.183641619619124,7.971951635699296,3572114305
sw,-78.6950759887695,-51.6805572509765,51.57457774385936,23.54477520496131,3572130972
sw,-78.0189666748046,-52.1931648254394,56.15410339966753,40.15837834785592,3572147639
sw,-77.3609848022461,-53.3591918945312,59.088139327606186,57.16560383450998,3572164306
sw,-76.5502853393554,-54.8616676330566,60.6875065332531,73.4140401168522,3572180973
sw,-75.5539093017578,-56.2098960876464,60.9932547068345,87.46716940329864,3572197640
sw,-74.5891189575195,-57.4392013549804,59.515317851756805,97.8689266765904,3572214307
sw,-73.8415756225586,-58.9565696716308,55.18702432029852,103.40682157904182,3572230974
sw,-73.2966995239257,-60.6975440979003,46.53141272702294,103.36374584082307,3572247641
sw,-72.8476257324218,-62.4364738464355,31.995115659232635,97.75005870592948,3572264308
sw,-72.4606094360351,-64.0320510864257,10.378872761322873,87.47325652494042,3572280975
sw,-72.3719177246093,-65.681411743164,-18.733361914733383,74.3676751906056,3572297642
sw,-72.8941497802734,-66.7184448242187,-54.66431782594806,61.00823967555072,3572314309
sw,-74.3300018310546,-67.3987121582031,-95.55717616415897,50.28316340762673,3572330976
sw,-76.8368377685546,-67.7817459106445,-138.55843610745583,44.786360483657404,3572347643
sw,-80.0750045776367,-68.1422576904296,-180.22565038457796,46.17534647157981,3572364310
sw,-83.4931716918945,-68.897964477539,-217.04063064254967,54.68174058472627,3572380977
sw,-86.3080062866211,-70.0691528320312,-245.88998788095492,68.93339469468074,3572397644
sw,-86.0361251831054,-71.6640548706054,-264.4205953960483,86.1589530765783,3572414311
sw,-82.8948059082031,-73.3430557250976,-271.25272944767977,102.73777788859832,3572430978
sw,-78.353530883789,-74.9069061279296,-266.08493039625193,114.97544548562745,3572447645
sw,-73.6236343383789,-76.8110809326171,-249.72230168272813,119.94398773395572,3572464312
sw,-70.5410919189453,-79.6121368408203,-224.0242253132168,116.20813455617261,3572480979
sw,-67.6396255493164,-82.705078125,-191.7471092050354,104.24495809104666,3572497646
sw,-64.4310226440429,-84.5261154174804,-156.27103785430523,86.38019928416203,3572514313
sw,-61.6687469482421,-84.6509704589843,-121.21528901384895,66.17191555270895,3572530980
sw,-60.0688514709472,-83.8275985717773,-89.94887522650059,47.38680974676506,3572547647
sw,-59.7002792358398,-83.0772323608398,-65.0262045681684,32.936391629144566,3572564314
sw,-59.8094177246093,-83.1840744018554,-47.65454989002865,24.20262177462984,3572580981
sw,-59.6850357055664,-84.0163421630859,-37.379049715833304,21.00314523603771,3572597648
sw,-58.9897766113281,-85.0082550048828,-32.16177432869706,22.12026305397103,3572614315
sw,-58.1443977355957,-85.8645935058593,-28.904561858693736,26.05174876327365,3572630982
sw,-57.3293418884277,-86.4400405883789,-24.287478944118345,31.58950746251363,3572647649
sw,-56.6403465270996,-86.8778305053711,-15.667619373243971,37.99261217722257,3572664316
sw,-56.2951164245605,-87.3563995361328,-1.7646359616329796,44.7687452247747,3572680983
sw,-56.4477500915527,-87.7496185302734,17.058605449942537,51.269278385635225,3572697650
sw,-57.3925170898437,-87.8219223022461,38.97526469035831,56.36057495724458,3572714317
sw,-58.7182884216308,-87.2759552001953,61.24798484480857,58.36200874036011,3572730984
sw,-60.4188346862793,-86.2018203735351,80.96946157248534,55.2976101822744,3572747651
sw,-62.3190078735351,-85.1776123046875,95.77024337777905,45.367158387301984,3572764318
sw,-63.9167251586914,-84.6099090576171,104.31393167261098,27.462561495693432,3572780985
sw,-65.5860443115234,-84.5808715820312,106.48788337742886,1.557209665256988,3572797652
sw,-67.8074645996093,-84.9890594482421,103.29162227412314,-31.14243303266411,3572814319
sw,-69.4313049316406,-85.8092727661132,96.49179642040397,-68.3157787819867,3572830986
sw,-70.4523849487304,-87.2889938354492,88.14811559232325,-106.88615459041623,3572847653
sw,-71.2719345092773,-88.0028610229492,80.13615596889794,-143.53773295999423,3572864320
sw,-72.2920303344726,-85.4707794189453,73.79899487188406,-175.27108537882373,3572880987
sw,-73.7197570800781,-82.0947113037109,69.82238916964026,-199.85735594727515,3572897654
sw,-75.2605285644531,-78.502082824707,68.33805274114168,-216.07668093173072,3572914321
sw,-76.7884674072265,-74.7986297607421,69.15841085803947,-223.7020258419792,3572930988
sw,-78.1387786865234,-71.1184158325195,71.99716716714802,-223.28224423788873,3572947655
sw,-79.2602920532226,-67.6712265014648,76.56240665473443,-215.8407373533006,3572964322
sw,-80.2918167114257,-64.2870178222656,82.4982622644952,-202.61090013548804,3572980989
sw,-81.4203262329101,-61.1535339355468,89.24256731368139,-184.88013687699438,3572997656
sw,-82.7079315185546,-58.3001174926757,95.91357242674717,-163.93924989942937,3573014323
sw,-83.8793563842773,-56.0009574890136,101.32304905681741,-141.0749088798072,3573030990
sw,-84.7614974975586,-54.1783752441406,104.15427849618413,-117.53228445064023,3573047657
sw,-85.3315048217773,-52.7623710632324,103.27387100537695,-94.41333051906679,3573064324
sw,-85.2104187011718,-51.7885131835937,98.0892825599731,-72.5326836788435,3573080991
sw,-84.3875198364257,-51.0886688232421,88.83058231614726,-52.29178883395668,3573097658
sw,-83.4439315795898,-50.6616020202636,76.63774704011128,-33.635486709083025,3573114325
sw,-82.6489715576171,-50.4483795166015,63.38589122364479,-16.127678442364683,3573130992
sw,-82.0593795776367,-50.3611717224121,51.27204269913932,0.8615279403998012,3573147659
sw,-81.8029861450195,-50.4706687927246,42.2803799159385,17.9082745248884,3573164326
sw,-81.7587890625,-50.8156242370605,37.69295725751166,35.30467968759507,3573180993
sw,-81.4947891235351,-51.6416549682617,37.796743933046194,52.920934356005155,3573197660
sw,-80.7257919311523,-53.019287109375,41.86336305769374,70.20043108502051,3573214327
sw,-79.6602020263671,-54.5628051757812,48.37695707105134,86.27592545358874,3573230994
sw,-78.5508117675781,-56.1791610717773,55.40178960579211,100.15208384690078,3573247661
sw,-77.4013137817382,-57.8004417419433,60.951637599509034,110.8919509655749,3573264328
sw,-76.3899536132812,-59.6416625976562,63.256194503973205,117.77130586820134,3573280995
sw,-75.6117248535156,-61.4518814086914,60.890327824080664,120.39880967267439,3573297662
sw,-74.9612350463867,-63.314338684082,52.80040251038987,118.81266539670554,3573314329
sw,-74.4447326660156,-65.2378616333007,38.2975926815421,113.54919369643838,3573330996
sw,-74.1853713989257,-67.0088958740234,17.081322395777487,105.65145098701991,3573347663
sw,-74.3602447509765,-68.7859497070312,-10.682339749262656,96.57187250513356,3573364330
sw,-74.9442138671875,-70.0573654174804,-44.24859361829608,87.93994664602553,3573380997
sw,-76.1199188232421,-70.9928359985351,-82.20085859476856,81.21443178631465,3573397664
sw,-78.0284423828125,-71.7114715576171,-122.43553905593224,77.30092611376028,3573414331
sw,-80.6019668579101,-72.5318603515625,-162.2650076411733,76.2603457207439,3573430998
sw,-83.5865631103515,-73.6542358398437,-198.64614367581697,77.23469947043854,3573447665
sw,-86.3627777099609,-75.0727081298828,-228.5095011443063,78.66051180396774,3573464332
sw,-86.3587951660156,-76.8380508422851,-249.14619597627333,78.73852706622276,3573480999
sw,-83.4135208129882,-78.5526504516601,-258.6062182371538,76.01848471289657,3573497666
sw,-79.0207061767578,-80.0589294433593,-256.0571212647651,69.89159637712818,3573514333
sw,-73.7551727294921,-81.1681365966796,-242.03007333348708,60.80095994172807,3573531000
sw,-70.5213775634765,-82.0130615234375,-218.45568023467072,50.08419464629409,3573547667
sw,-67.6159591674804,-82.4336166381836,-188.41166172080136,39.511329169755236,3573564334
sw,-64.847183227539,-82.6686706542968,-155.59152450723136,30.70588506091677,3573581001
sw,-63.1401138305664,-82.9761352539062,-123.61237719859133,24.677147110041567,3573597668
sw,-62.1938400268554,-83.3769760131836,-95.34278434704733,21.62817627559246,3573614335
sw,-61.1983261108398,-83.8871459960937,-72.4254734939127,21.07391061065655,3573631002
sw,-60.1214218139648,-84.5393676757812,-55.10966566412753,22.175189512315463,3573647669
sw,-59.1392745971679,-85.3034744262695,-42.41241098868677,24.12451669867363,3573664336
sw,-58.408145904541,-86.0080108642578,-32.52893065950543,26.425748352826353,3573681003
sw,-58.0768890380859,-86.5534896850586,-23.354693749653254,28.97506903402489,3573697670
sw,-58.0422668457031,-86.9696578979492,-12.989177090842109,31.939365076220344,3573714337
sw,-58.143440246582,-87.2738037109375,-0.1387328138160201,35.50364766050648,3573731004
sw,-58.2513084411621,-87.4607849121093,15.62120433916949,39.596147073969256,3573747671
sw,-58.3433265686035,-87.487678527832,33.75062299783801,43.69310262090084,3573764338
sw,-58.9786911010742,-87.3781127929687,52.84383693712213,46.769026955543474,3573781005
sw,-60.596263885498,-87.2471466064453,70.93223704961737,47.41269767877114,3573797672
sw,-62.3381271362304,-87.1103210449218,85.94454695470563,44.08783422688204,3573814339
sw,-64.0712432861328,-86.8166046142578,96.21165998571061,35.483356885098246,3573831006
sw,-65.6832504272461,-86.3834533691406,100.87646711575088,20.870864446228673,3573847673
sw,-67.3990631103515,-86.2959365844726,100.10344133140299,0.37209318296262045,3573864340
sw,-69.5111465454101,-86.5840225219726,95.04892989338929,-24.951126141645123,3573881007
sw,-71.0166549682617,-87.3227081298828,87.61084954058873,-53.229758437337196,3573897674
sw,-71.9445343017578,-88.3871154785156,80.01766187077719,-82.12236545770621,3573914341
sw,-72.7730484008789,-87.9387283325195,74.35383055957185,-109.26409544117774,3573931008
sw,-73.784553527832,-85.9892196655273,72.14426255875871,-132.70278708259156,3573947675
sw,-75.2815780639648,-83.5185012817382,74.10228168218602,-151.20119389319902,3573964342
sw,-77.0488739013671,-80.6775512695312,80.0756568301718,-164.33220195212934,3573981009
sw,-78.8433685302734,-77.5789718627929,89.143275694027,-172.36017062399554,3573997676
sw,-80.4626541137695,-74.5537185668945,99.77875400730738,-175.96170281252725,3574014343
sw,-81.8978271484375,-71.7676773071289,110.02928341275566,-175.8823563110074,3574031010
sw,-83.2218780517578,-69.1760101318359,117.72674776416098,-172.6473899963075,3574047677
sw,-84.6128616333007,-66.4008331298828,120.7925433077149,-166.43252033819496,3574064344
sw,-86.1163253784179,-63.6035614013671,117.67061598610269,-157.1429479715832,3574081011
sw,-86.7758483886718,-60.9894981384277,107.82429238947523,-144.6587923560304,3574097678
sw,-85.3805999755859,-58.7044372558593,92.11527823692417,-129.12707807504316,3574114345
sw,-83.9967803955078,-56.8474349975585,72.83567351222779,-111.1595190605391,3574131012
sw,-83.6601181030273,-55.2356986999511,53.25520454064168,-91.83985739656343,3574147679
sw,-84.0507049560546,-54.1816864013671,36.76130830506646,-72.52482617960926,3574164346
sw,-84.5628890991211,-53.612937927246,25.893645699202768,-54.50188267365607,3574181013
sw,-84.7492065429687,-53.3528671264648,21.662343484647167,-38.621855707646866,3574197680
sw,-84.3458099365234,-53.1874542236328,23.4252659256791,-25.0424041326158,3574214347
sw,-83.3014831542968,-52.9217338562011,29.344803206492752,-13.18819215780988,3574231014
sw,-81.8842391967773,-52.5825462341308,37.188759786619144,-1.9578325962723122,3574247681
sw,-80.6732177734375,-52.2844429016113,45.11120872816719,9.887947790783,3574264348
sw,-79.7842025756836,-52.3371696472168,52.0981822998717,23.294206727855244,3574281015
sw,-79.2070541381836,-53.0438194274902,57.94842202737357,38.5838244318113,3574297682
sw,-78.7892608642578,-54.2309265136718,62.87961686214794,55.32605555784116,3574314349
sw,-78.1682205200195,-55.5740852355957,67.00008318284243,72.40648748979287,3574331016
sw,-77.1513214111328,-56.7775077819824,69.90643218831607,88.2387708294338,3574347683
sw,-75.7955780029296,-58.1325607299804,70.57014671137127,101.04984701378969,3574364350
sw,-74.4091644287109,-59.7045555114746,67.52545437645941,109.20094226367998,3574381017
sw,-73.3143157958984,-61.6198234558105,59.24769563441753,111.52820311368478,3574397684
sw,-72.628433227539,-63.6593322753906,44.56635167441729,107.66867544829095,3574414351
sw,-72.3086929321289,-65.5203399658203,22.987618651071678,98.29433226578084,3574431018
sw,-72.3062362670898,-67.3240585327148,-5.134863300102799,85.15230479783484,3574447685
sw,-72.7708587646484,-68.4809799194336,-38.59040524930373,70.8360890165635,3574464352
sw,-73.932144165039,-69.1477813720703,-75.44646778199771,58.29031334610414,3574481019
sw,-75.9219894409179,-69.4874649047851,-113.29897247761427,50.151670864739415,3574497686
sw,-78.5282974243164,-69.9214248657226,-149.59003283702373,48.10725521258837,3574514353
sw,-81.4606628417968,-70.7017211914062,-181.9257975920122,52.46775847777187,3574531020
sw,-84.6777420043945,-72.020881652832,-208.32441270192072,62.08985028471493,3574547687
sw,-87.2990493774414,-73.6521453857421,-227.34986593329822,74.66338690353777,3574564354
sw,-86.2849044799804,-75.1934967041015,-238.13331251225628,87.26227104351969,3574581021
sw,-83.1958312988281,-76.5935134887695,-240.32814047032716,96.99784296554954,3574597688
sw,-79.4585189819336,-78.1948318481445,-234.06585970178938,101.62332250965768,3574614355
sw,-75.354995727539,-80.1815567016601,-219.96151955382797,99.98151297926695,3574631022
sw,-72.2825393676757,-82.4183273315429,-199.1657328996655,92.22171643413563,3574647689
sw,-69.4182205200195,-84.3002014160156,-173.40786403417138,79.73049202162805,3574664356
sw,-66.3151779174804,-85.2662124633789,-144.95329722405904,64.76067138938953,3574681023
sw,-63.9572105407714,-85.3121566772461,-116.41085716013508,49.83175667723817,3574697690
sw,-62.7696914672851,-85.1697311401367,-90.36756545232278,37.08261449082309,3574714357
sw,-62.3016471862793,-85.2617874145507,-68.89998242788641,27.806183852367166,3574731024
sw,-62.0018615722656,-85.6940689086914,-53.09826338201861,22.32813602346877,3574747691
sw,-61.4247245788574,-86.2996368408203,-42.783371027850954,20.231357007697063,3574764358
sw,-60.6288032531738,-86.9878616333007,-36.54959804833996,20.77044805390851,3574781025
sw,-59.86568069458,-87.6776275634765,-32.14105059688366,23.255745177359177,3574797692
sw,-59.2339897155761,-88.1544342041015,-27.04491010982082,27.23728371216901,3574814359
sw,-58.7582931518554,-88.392463684082,-19.120336171001707,32.439536283986314,3574831026
sw,-58.4874420166015,-88.4872894287109,-7.093550058154975,38.5182056764983,3574847693
sw,-58.5425491333007,-88.4079971313476,9.189369126350632,44.78044157644041,3574864360
sw,-59.2198524475097,-87.9872512817382,28.78316421426909,50.01269888095589,3574881027
sw,-60.3864936828613,-87.2596893310546,49.897552172333754,52.5081302385484,3574897694
sw,-61.6039886474609,-86.4361343383789,70.29642220741188,50.307526231577306,3574914361
sw,-62.8445968627929,-85.7403945922851,87.74245446545733,41.596723591710635,3574931028
sw,-64.2337799072265,-85.3211517333984,100.41221657897351,25.159913487371128,3574947695
sw,-66.1967697143554,-85.1830978393554,107.23933765921726,0.7755926563074209,3574964362
sw,-68.6590805053711,-85.3547668457031,108.14942585697108,-30.5487023167865,3574981029
sw,-70.9253997802734,-85.926773071289,104.12884586149238,-66.582759445903,3574997696
sw,-72.5078735351562,-87.1255416870117,97.06247167339286,-104.15940695807062,3575014363
sw,-73.6837158203125,-87.765510559082,89.32618644298147,-139.71057902752466,3575031030
sw,-74.4829406738281,-85.4730377197265,83.2188631556705,-169.9388039177268,3575047697
sw,-75.4864120483398,-82.1230697631836,80.4024748137551,-192.43961165238412,3575064364
sw,-76.8629684448242,-78.3928985595703,81.52575717388382,-206.0833748160251,3575081031
sw,-78.6498794555664,-74.6602401733398,86.12905492297858,-211.04031857684512,3575097698
sw,-80.4013442993164,-71.3166961669921,92.81659544858071,-208.46337298746374,3575114365
sw,-81.8484725952148,-68.5850601196289,99.60558606579855,-199.9736326741931,3575131032
sw,-83.0555953979492,-65.7744216918945,104.35293033161169,-187.1631747103799,3575147699
sw,-84.2629089355468,-62.772777557373,105.19588518108769,-171.3004580519527,3575164366
sw,-85.175666809082,-59.8167839050293,100.9668891942788,-153.30184757784207,3575181033
sw,-85.4850769042968,-57.4411392211914,91.52299225974467,-133.88756887073131,3575197700
sw,-84.9596252441406,-55.862190246582,77.89060634396444,-113.7628263391069,3575214367
sw,-84.3490295410156,-54.4465751647949,62.12469238834616,-93.69417705469391,3575231034
sw,-84.1178359985351,-53.327709197998,46.855977439447585,-74.44494920357141,3575247701
sw,-84.1150360107421,-52.5098648071289,34.62869788637975,-56.617307559530964,3575264368
sw,-84.0905075073242,-52.0479469299316,27.24124584657972,-40.48425957333006,3575281035
sw,-83.9299545288086,-51.9477577209472,25.320029418430387,-25.891414902390096,3575297702
sw,-83.5591430664062,-51.9026985168457,28.265591122257895,-12.285007882542844,3575314369
sw,-82.986587524414,-51.8612365722656,34.558665970429175,1.115930697854355,3575331036
sw,-82.1834487915039,-51.8392753601074,42.27983854324669,15.039417644409175,3575347703
sw,-81.2743835449218,-51.8727493286132,49.637203219535735,29.86318111689376,3575364370
sw,-80.3215942382812,-52.3345642089843,55.325352272298716,45.415952978455394,3575381037
sw,-79.4388198852539,-53.6412277221679,58.63027520098393,60.963161125307714,3575397704
sw,-78.6482543945312,-55.4175453186035,59.302803673603165,75.38179957914807,3575414371
sw,-77.8565444946289,-57.0567626953125,57.30380887996968,87.44076211080662,3575431038
sw,-77.0746612548828,-58.3638648986816,52.550750084952696,96.0666709571624,3575447705
sw,-76.4474945068359,-59.8370628356933,44.767099208184426,100.51630355216204,3575464372
sw,-76.0024185180664,-61.4242134094238,33.47698831094428,100.45633593126615,3575481039
sw,-75.6915969848632,-62.8667564392089,18.128315434867286,96.00187965437583,3575497706
sw,-75.5729217529296,-64.2993774414062,-1.7108264015717412,87.7547362292922,3575514373
sw,-75.9118347167968,-65.9729080200195,-26.150132940929566,76.83178515711245,3575531040
sw,-76.7186737060546,-67.3224945068359,-54.8271446475831,64.8270444334962,3575547707
sw,-78.1295089721679,-68.2295379638671,-86.84031119591891,53.64283698453605,3575564374
sw,-80.2556762695312,-68.5137329101562,-120.7635567997592,45.170680181567015,3575581041
sw,-82.6475296020507,-68.7003021240234,-154.7184792899698,40.8842867777996,3575597708
sw,-85.0425567626953,-69.2285995483398,-186.48168752442862,41.47663544813409,3575614375
sw,-86.5474777221679,-70.2144927978515,-213.63040284573395,46.678696464250514,3575631042
sw,-85.4925003051757,-71.7024993896484,-233.7592874463311,55.327017622105615,3575647709
sw,-82.487434387207,-73.1234970092773,-244.80216625052876,65.64283689755028,3575664376
sw,-78.128791809082,-74.3856658935546,-245.4407190628523,75.6116786792895,3575681043
sw,-72.1683197021484,-75.464485168457,-235.49165542841982,83.34844477072035,3575697710
sw,-68.8812255859375,-76.7436218261718,-216.0965541285748,87.3849344833178,3575714377
sw,-66.9403991699218,-78.3774795532226,-189.5758815588466,86.87322772833255,3575731044
sw,-64.8581008911132,-80.252685546875,-158.96477056136501,81.71469493405267,3575747711
sw,-62.7803268432617,-82.0225524902343,-127.41401498266734,72.59869399004488,3575764378
sw,-60.8195152282714,-83.2343597412109,-97.6762424502957,60.90725592192588,3575781045
sw,-59.18701171875,-83.7657775878906,-71.78977232484533,48.456935704370416,3575797712
sw,-58.3095321655273,-83.8911895751953,-50.93784268925049,37.11365024282034,3575814379
sw,-58.1053962707519,-84.0109710693359,-35.4083040542258,28.38967068054034,3575831046
sw,-58.0289268493652,-84.3442077636718,-24.61695349862366,23.15733530503068,3575847713
sw,-57.9543113708496,-84.9477844238281,-17.21948416126288,21.567147753155485,3575864380
sw,-57.7373847961425,-85.7127532958984,-11.35525714093674,23.16599204217781,3575881047
sw,-57.4396018981933,-86.4254913330078,-5.0240108214601005,27.129371801240776,3575897714
sw,-57.248794555664,-87.0612182617187,3.47188553534847,32.49239483586574,3575914381
sw,-57.3032875061035,-87.6641006469726,15.133664008552461,38.2940585891703,3575931048
sw,-57.765281677246,-88.2530288696289,30.031920778723418,43.61262071967001,3575947715
sw,-58.6967697143554,-88.881103515625,47.29409713411155,47.52993334379979,3575964382
sw,-59.9141960144043,-89.4181900024414,65.30752617870715,49.09297991510082,3575981049
sw,-61.2525825500488,-89.1642074584961,82.07579816822188,47.334125133457455,3575997716
sw,-62.8051071166992,-88.5203781127929,95.64159402717966,41.37758039082282,3576014383
sw,-64.5730972290039,-88.0171279907226,104.49289644911032,30.617059774476612,3576031050
sw,-66.5169601440429,-87.7370452880859,107.88291210767257,14.915783294062345,3576047717
sw,-68.6808853149414,-87.6678771972656,106.00264111091515,-5.236986377340068,3576064384
sw,-70.8545150756836,-87.8649444580078,99.95296223805377,-28.67837922508648,3576081051
sw,-72.519416809082,-88.5897216796875,91.48978831146974,-53.680398982530285,3576097718
sw,-73.3019332885742,-90.0,82.57766235337665,-78.22084025182781,3576114385
sw,-73.7766571044921,-87.914566040039,74.87311293491899,-100.36276257760045,3576131052
sw,-74.6344223022461,-85.5068664550781,69.32009218264828,-118.6308755925002,3576147719
sw,-75.909927368164,-83.12060546875,66.01782073948027,-132.25426566554026,3576164386
sw,-77.3835983276367,-80.9490280151367,64.4063614949757,-141.18851283411746,3576181053
sw,-78.8928604125976,-78.818115234375,63.6685830137135,-145.9222757821535,3576197720
sw,-80.0611877441406,-76.5677108764648,63.156125566817074,-147.1652405705472,3576214387
sw,-81.0077209472656,-74.0360412597656,62.65732758247116,-145.55513490883865,3576231054
sw,-81.8177719116211,-71.5423126220703,62.41733131761175,-141.49337229566086,3576247721
sw,-82.4974212646484,-69.1086883544921,62.93713753257988,-135.14587840415086,3576264388
sw,-83.1038589477539,-66.6487655639648,64.66435546681802,-126.57117737626936,3576281055
sw,-83.7109146118164,-64.5882110595703,67.71574128104805,-115.89397667388364,3576297722
sw,-84.3344192504882,-62.9363975524902,71.74109819124395,-103.43885317084035,3576314389
sw,-84.8038635253906,-61.5212440490722,75.97086525724629,-89.76839434531945,3576331056
sw,-84.963508605957,-60.3026428222656,79.41690660887922,-75.61575783005732,3576347723
sw,-84.711799621582,-59.3993949890136,81.14589490905708,-61.74127765719632,3576364390
sw,-84.1605148315429,-58.7636680603027,80.53110712624932,-48.7633849504779,3576381057
sw,-83.4532394409179,-58.3081855773925,77.40884589238848,-37.01680812875495,3576397724
sw,-82.6634521484375,-57.933494567871,72.1066501829695,-26.48151574542511,3576414391
sw,-81.7911148071289,-57.6525688171386,65.35366330719171,-16.806662557344374,3576431058
sw,-80.9309158325195,-57.4619789123535,58.112334837871465,-7.427449119732136,3576447725
sw,-80.23583984375,-57.3769721984863,51.37824023776013,2.254167917045071,3576464392
sw,-79.6552963256836,-57.4490356445312,45.98731808843621,12.673544080692668,3576481059
sw,-79.0718688964843,-57.8097648620605,42.458806768825106,23.94678572994601,3576497726
sw,-78.4689331054687,-58.414005279541,40.89387751925852,35.79705051594335,3576514393
sw,-77.8872451782226,-59.3691864013671,40.94331115171541,47.58048832128844,3576531060
sw,-77.2854614257812,-60.4086532592773,41.84993800161668,58.396241286693915,3576547727
sw,-76.6019668579101,-61.4640464782714,42.562020852321425,67.24351316758677,3576564394
sw,-75.8761596679687,-62.4330253601074,41.901800370396685,73.18995347357317,3576581061
sw,-75.2064208984375,-63.6264915466308,38.76006436514177,75.53316179331412,3576597728
sw,-74.6598815917968,-65.1889343261718,32.27796399895627,73.94871776419038,3576614395
sw,-74.2497406005859,-66.586067199707,21.977738149623878,68.60803180450911,3576631062
sw,-74.0855331420898,-67.5548706054687,7.816024832690053,60.2285372055901,3576647729
sw,-74.2607803344726,-68.6276168823242,-9.847213031682356,50.01428275317046,3576664396
sw,-74.7709808349609,-69.3701019287109,-30.350248271710804,39.4688816647647,3576681063
sw,-75.6417160034179,-69.6942062377929,-52.87017391165917,30.103721012995845,3576697730
sw,-77.0113449096679,-69.8337936401367,-76.56062532627931,23.106559817032082,3576714397
sw,-78.812873840332,-69.7536697387695,-100.6437131596594,19.06728678863123,3576731064
sw,-80.9522857666015,-69.8665161132812,-124.422660268366,17.86193932392017,3576747731
sw,-83.3987655639648,-70.3563079833984,-147.20346521418935,18.755762179304174,3576764398
sw,-86.1693725585937,-71.182876586914,-168.14898028383004,20.704340590952775,3576781065
sw,-88.6325531005859,-72.0291519165039,-186.12992581452488,22.74341384003927,3576797732
sw,-87.2304153442382,-72.7100067138671,-199.66624274807472,24.31271365525297,3576814399
sw,-83.968635559082,-73.1790771484375,-207.0453965335934,25.38758571875739,3576831066
sw,-80.1222915649414,-73.4605178833007,-206.64661606632723,26.381319424921877,3576847733
sw,-75.8348770141601,-73.6875,-197.4019249579681,27.883131761995884,3576864400
sw,-72.5505294799804,-74.0152359008789,-179.23235215411609,30.360540388209607,3576881067
sw,-70.0875167846679,-74.6483840942382,-153.27386895519868,33.95395822873032,3576897734
sw,-68.2085266113281,-75.5176162719726,-121.78121921858475,38.43318521660693,3576914401
sw,-66.8610534667968,-76.4761581420898,-87.72886655503476,43.30415722412565,3576931068
sw,-66.2098388671875,-77.4408493041992,-54.23967579545349,47.99189754085784,3576947735
sw,-66.0103073120117,-78.3787155151367,-24.01542755691275,52.00927635148717,3576964402
sw,-66.0232696533203,-79.234260559082,1.0785252855152714,55.050022031595944,3576981069
sw,-66.1978759765625,-80.0149536132812,20.184428113140065,56.9951957280388,3576997736
sw,-66.4287414550781,-80.8118362426757,33.3684944397785,57.866376980867926,3577014403
sw,-66.690315246582,-81.7403717041015,41.34605237951368,57.77585231050829,3577031070
sw,-66.9834442138671,-82.8447570800781,45.12660299711794,56.90884021394313,3577047737
sw,-67.3625869750976,-83.9687042236328,45.69805689359112,55.53688068245686,3577064404
sw,-67.8628616333007,-84.9794082641601,43.83847878222983,54.02897715293218,3577081071
sw,-68.4765167236328,-85.8564147949218,40.085899475315635,52.82010774889669,3577097738
sw,-69.0865020751953,-86.6588287353515,34.833344389898436,52.319883246119176,3577114405
sw,-69.5319061279296,-87.4194946289062,28.471775721786273,52.78149206786178,3577131072
sw,-69.811408996582,-88.1118698120117,21.49595552384295,54.17956577482957,3577147739
sw,-69.9524307250976,-88.6904525756836,14.5182163416219,56.150852351644396,3577164406
sw,-69.8355178833007,-88.7615661621093,8.185962066018227,58.03297125876939,3577181073
sw,-69.7100448608398,-88.0630569458007,3.046010144850588,59.00296762063875,3577197740
sw,-69.7937927246093,-87.0937118530273,-0.5777404406634343,58.2821907116318,3577214407
sw,-70.0077590942382,-86.1493911743164,-2.6367045020611397,55.350397313321416,3577231074
sw,-70.2086791992187,-85.235481262207,-3.320148609789258,50.107383239082644,3577247741
sw,-70.3359069824218,-84.401123046875,-2.9504905558147154,42.93347714230525,3577264408
sw,-70.4254531860351,-83.769546508789,-1.860319024220203,34.62466076225355,3577281075
sw,-70.4888153076171,-83.3225402832031,-0.301832698262504,26.209067134994505,3577297742
sw,-70.6195678710937,-82.9661712646484,1.578704819227112,18.68491203103744,3577314409
sw,-70.8382492065429,-82.6423034667968,3.698910073763913,12.746862787908656,3577331076
sw,-71.0210494995117,-82.4699325561523,5.961086641750475,8.577648425441343,3577347743
sw,-71.2921524047851,-82.391845703125,8.188119837161407,5.769982136515072,3577364410
sw,-71.7194747924804,-82.2668533325195,10.121112514939268,3.413903703289998,3577381077
sw,-72.2491989135742,-81.9525756835937,11.489289320801838,0.34087560817934015,3577397744
sw,-72.5948410034179,-81.4329681396484,12.115704393802766,-4.535846415311581,3577414411
sw,-72.7051467895507,-81.0333480834961,11.99688751079409,-11.888766294418128,3577431078
sw,-72.8038177490234,-80.9947280883789,11.3095626165984,-21.76533445141755,3577447745
sw,-73.073616027832,-81.2603683471679,10.340687928161845,-33.57148868595707,3577464412
sw,-73.4204025268554,-81.6493682861328,9.37676545424508,-46.24525040913101,3577481079
sw,-73.7900466918945,-81.9605636596679,8.602251573995918,-58.54375719075401,3577497746
sw,-74.1321792602539,-82.0030441284179,8.045298930933441,-69.33698785014836,3577514413
sw,-74.4399719238281,-81.7144012451171,7.5852875824519215,-77.82225931771272,3577531080
sw,-74.670181274414,-81.1095199584961,7.013031058428797,-83.62477969288308,3577547747
sw,-74.8667984008789,-80.2200241088867,6.118245634558483,-86.79892124461914,3577564414
sw,-75.0514144897461,-79.0910949707031,4.7727701144853025,-87.76834257512458,3577581081
sw,-75.2078552246093,-77.8673400878906,2.981974962330803,-87.23709746581382,3577597748
sw,-75.3063049316406,-76.6641235351562,0.888645775247545,-86.0846381927541,3577614415
